part,family,hypothesis,outcome,sample,estimator,term,estimate,se,ci_low,ci_high,p,n_units,n_obs,exploratory,notes,aggregation,n_never,n_treated,n_late_recoded,n_unbalanced,year_min,year_max,years_model_min,years_model_max,n_clusters,k_post,est_method,n_cohorts,n_units_rel,cband_low,cband_high,k_periods,df
h1,H1,H1,"log(naissances+0,5 / 1 000 f. 15-49)",primaire : municipios avec covariables,cs,-8,0.007252517139678632,0.02338836350336908,-0.03858783298425581,0.05309286726361307,0.7564918825289513,907,24489,False,"spécification primaire (A4) ; municipios censurés à gauche exclus ; covariables : share_cab, log_pop, share_edu_sup, pretrend_1014 (doublement robuste) ; contrôle = not_yet_treated ; fenêtre 1998-2024 ; 842 traitées, 65 jamais traitées sur la fenêtre ; 25 unités incomplètes exclues ; bandes simultanées sup-t (bootstrap multiplicateur Rademacher, 999 tirages, valeur critique 2.69)",event,65,842,0,25,1998,2024,1998.0,2024.0,907.0,5.0,dr,8.0,842.0,-0.055682136869669094,0.07018717114902635,,
h1,H1,H1,"log(naissances+0,5 / 1 000 f. 15-49)",primaire : municipios avec covariables,cs,-7,0.022206314258605874,0.021480401115634293,-0.019894498301511337,0.06430712681872308,0.30123237994348184,907,24489,False,"spécification primaire (A4) ; municipios censurés à gauche exclus ; covariables : share_cab, log_pop, share_edu_sup, pretrend_1014 (doublement robuste) ; contrôle = not_yet_treated ; fenêtre 1998-2024 ; 842 traitées, 65 jamais traitées sur la fenêtre ; 25 unités incomplètes exclues ; bandes simultanées sup-t (bootstrap multiplicateur Rademacher, 999 tirages, valeur critique 2.69)",event,65,842,0,25,1998,2024,1998.0,2024.0,907.0,5.0,dr,8.0,842.0,-0.03559429295359673,0.08000692147080848,,
h1,H1,H1,"log(naissances+0,5 / 1 000 f. 15-49)",primaire : municipios avec covariables,cs,-6,0.011717170112312991,0.01786271388650279,-0.02329310577137597,0.046727445996001954,0.5118518672847103,907,24489,False,"spécification primaire (A4) ; municipios censurés à gauche exclus ; covariables : share_cab, log_pop, share_edu_sup, pretrend_1014 (doublement robuste) ; contrôle = not_yet_treated ; fenêtre 1998-2024 ; 842 traitées, 65 jamais traitées sur la fenêtre ; 25 unités incomplètes exclues ; bandes simultanées sup-t (bootstrap multiplicateur Rademacher, 999 tirages, valeur critique 2.69)",event,65,842,0,25,1998,2024,1998.0,2024.0,907.0,5.0,dr,8.0,842.0,-0.03634877165197873,0.05978311187660471,,
h1,H1,H1,"log(naissances+0,5 / 1 000 f. 15-49)",primaire : municipios avec covariables,cs,-5,0.026586354336209404,0.019608142283082487,-0.011844898342369261,0.06501760701478806,0.17513627469119253,907,24489,False,"spécification primaire (A4) ; municipios censurés à gauche exclus ; covariables : share_cab, log_pop, share_edu_sup, pretrend_1014 (doublement robuste) ; contrôle = not_yet_treated ; fenêtre 1998-2024 ; 842 traitées, 65 jamais traitées sur la fenêtre ; 25 unités incomplètes exclues ; bandes simultanées sup-t (bootstrap multiplicateur Rademacher, 999 tirages, valeur critique 2.69)",event,65,842,0,25,1998,2024,1998.0,2024.0,907.0,5.0,dr,8.0,842.0,-0.02617627910644665,0.07934898777886545,,
h1,H1,H1,"log(naissances+0,5 / 1 000 f. 15-49)",primaire : municipios avec covariables,cs,-4,0.019088154117208198,0.01870328972874394,-0.01756962014354785,0.05574592837796424,0.30745471878010144,907,24489,False,"spécification primaire (A4) ; municipios censurés à gauche exclus ; covariables : share_cab, log_pop, share_edu_sup, pretrend_1014 (doublement robuste) ; contrôle = not_yet_treated ; fenêtre 1998-2024 ; 842 traitées, 65 jamais traitées sur la fenêtre ; 25 unités incomplètes exclues ; bandes simultanées sup-t (bootstrap multiplicateur Rademacher, 999 tirages, valeur critique 2.69)",event,65,842,0,25,1998,2024,1998.0,2024.0,907.0,5.0,dr,8.0,842.0,-0.03123965388635428,0.06941596212077067,,
h1,H1,H1,"log(naissances+0,5 / 1 000 f. 15-49)",primaire : municipios avec covariables,cs,-3,0.022379743513843923,0.020782726830672418,-0.01835365257480828,0.06311313960249612,0.2815502048785955,907,24489,False,"spécification primaire (A4) ; municipios censurés à gauche exclus ; covariables : share_cab, log_pop, share_edu_sup, pretrend_1014 (doublement robuste) ; contrôle = not_yet_treated ; fenêtre 1998-2024 ; 842 traitées, 65 jamais traitées sur la fenêtre ; 25 unités incomplètes exclues ; bandes simultanées sup-t (bootstrap multiplicateur Rademacher, 999 tirages, valeur critique 2.69)",event,65,842,0,25,1998,2024,1998.0,2024.0,907.0,5.0,dr,8.0,842.0,-0.033543524579314726,0.07830301160700258,,
h1,H1,H1,"log(naissances+0,5 / 1 000 f. 15-49)",primaire : municipios avec covariables,cs,-2,-0.010056957960608813,0.011475129953729358,-0.03254779938783513,0.012433883466617505,0.3808053219221714,907,24489,False,"spécification primaire (A4) ; municipios censurés à gauche exclus ; covariables : share_cab, log_pop, share_edu_sup, pretrend_1014 (doublement robuste) ; contrôle = not_yet_treated ; fenêtre 1998-2024 ; 842 traitées, 65 jamais traitées sur la fenêtre ; 25 unités incomplètes exclues ; bandes simultanées sup-t (bootstrap multiplicateur Rademacher, 999 tirages, valeur critique 2.69)",event,65,842,0,25,1998,2024,1998.0,2024.0,907.0,5.0,dr,8.0,842.0,-0.04093484872223604,0.02082093280101841,,
h1,H1,H1,"log(naissances+0,5 / 1 000 f. 15-49)",primaire : municipios avec covariables,cs,0,-0.008257646771679924,0.012817913455126166,-0.03338029550067857,0.01686500195731873,0.5194282024797576,907,24489,False,"spécification primaire (A4) ; municipios censurés à gauche exclus ; covariables : share_cab, log_pop, share_edu_sup, pretrend_1014 (doublement robuste) ; contrôle = not_yet_treated ; fenêtre 1998-2024 ; 842 traitées, 65 jamais traitées sur la fenêtre ; 25 unités incomplètes exclues ; bandes simultanées sup-t (bootstrap multiplicateur Rademacher, 999 tirages, valeur critique 2.69)",event,65,842,0,25,1998,2024,1998.0,2024.0,907.0,5.0,dr,8.0,842.0,-0.04274877088576874,0.026233477342408898,,
h1,H1,H1,"log(naissances+0,5 / 1 000 f. 15-49)",primaire : municipios avec covariables,cs,1,-0.02601624070104236,0.017242721558952075,-0.059811353952040756,0.007778872549956038,0.1313436384880242,907,24489,False,"spécification primaire (A4) ; municipios censurés à gauche exclus ; covariables : share_cab, log_pop, share_edu_sup, pretrend_1014 (doublement robuste) ; contrôle = not_yet_treated ; fenêtre 1998-2024 ; 842 traitées, 65 jamais traitées sur la fenêtre ; 25 unités incomplètes exclues ; bandes simultanées sup-t (bootstrap multiplicateur Rademacher, 999 tirages, valeur critique 2.69)",event,65,842,0,25,1998,2024,1998.0,2024.0,907.0,5.0,dr,8.0,842.0,-0.0724138740940693,0.020381392691984572,,
h1,H1,H1,"log(naissances+0,5 / 1 000 f. 15-49)",primaire : municipios avec covariables,cs,2,-0.0026853952491303276,0.020609439060626768,-0.0430791535495318,0.03770836305127114,0.8963296428455383,907,24489,False,"spécification primaire (A4) ; municipios censurés à gauche exclus ; covariables : share_cab, log_pop, share_edu_sup, pretrend_1014 (doublement robuste) ; contrôle = not_yet_treated ; fenêtre 1998-2024 ; 842 traitées, 65 jamais traitées sur la fenêtre ; 25 unités incomplètes exclues ; bandes simultanées sup-t (bootstrap multiplicateur Rademacher, 999 tirages, valeur critique 2.69)",event,65,842,0,25,1998,2024,1998.0,2024.0,907.0,5.0,dr,7.0,797.0,-0.05814237138260127,0.05277158088434061,,
h1,H1,H1,"log(naissances+0,5 / 1 000 f. 15-49)",primaire : municipios avec covariables,cs,3,-0.009922150279558492,0.03651999726427778,-0.08150002963304424,0.06165572907392726,0.7858597125227663,907,24489,False,"spécification primaire (A4) ; municipios censurés à gauche exclus ; covariables : share_cab, log_pop, share_edu_sup, pretrend_1014 (doublement robuste) ; contrôle = not_yet_treated ; fenêtre 1998-2024 ; 842 traitées, 65 jamais traitées sur la fenêtre ; 25 unités incomplètes exclues ; bandes simultanées sup-t (bootstrap multiplicateur Rademacher, 999 tirages, valeur critique 2.69)",event,65,842,0,25,1998,2024,1998.0,2024.0,907.0,5.0,dr,6.0,754.0,-0.1081921037082611,0.08834780314914412,,
h1,H1,H1,"log(naissances+0,5 / 1 000 f. 15-49)",primaire : municipios avec covariables,cs,4,0.01714654969707771,0.052311258697178106,-0.08538163333534905,0.11967473272950448,0.7430785116148508,907,24489,False,"spécification primaire (A4) ; municipios censurés à gauche exclus ; covariables : share_cab, log_pop, share_edu_sup, pretrend_1014 (doublement robuste) ; contrôle = not_yet_treated ; fenêtre 1998-2024 ; 842 traitées, 65 jamais traitées sur la fenêtre ; 25 unités incomplètes exclues ; bandes simultanées sup-t (bootstrap multiplicateur Rademacher, 999 tirages, valeur critique 2.69)",event,65,842,0,25,1998,2024,1998.0,2024.0,907.0,5.0,dr,5.0,534.0,-0.12361537092324049,0.1579084703173959,,
h1,H1,H1,"log(naissances+0,5 / 1 000 f. 15-49)",primaire : municipios avec covariables,cs,5,-0.043082717453668845,0.11462055537061294,-0.2677348778680493,0.1815694429607116,0.7070116678696947,907,24489,False,"spécification primaire (A4) ; municipios censurés à gauche exclus ; covariables : share_cab, log_pop, share_edu_sup, pretrend_1014 (doublement robuste) ; contrôle = not_yet_treated ; fenêtre 1998-2024 ; 842 traitées, 65 jamais traitées sur la fenêtre ; 25 unités incomplètes exclues ; bandes simultanées sup-t (bootstrap multiplicateur Rademacher, 999 tirages, valeur critique 2.69)",event,65,842,0,25,1998,2024,1998.0,2024.0,907.0,5.0,dr,4.0,367.0,-0.3515098117037515,0.26534437679641376,,
h1,H1,H1,"log(naissances+0,5 / 1 000 f. 15-49)",primaire : municipios avec covariables,cs,6,-0.017308116122487973,0.11806157857636962,-0.24870455809011804,0.2140883258451421,0.8834458234214644,907,24489,False,"spécification primaire (A4) ; municipios censurés à gauche exclus ; covariables : share_cab, log_pop, share_edu_sup, pretrend_1014 (doublement robuste) ; contrôle = not_yet_treated ; fenêtre 1998-2024 ; 842 traitées, 65 jamais traitées sur la fenêtre ; 25 unités incomplètes exclues ; bandes simultanées sup-t (bootstrap multiplicateur Rademacher, 999 tirages, valeur critique 2.69)",event,65,842,0,25,1998,2024,1998.0,2024.0,907.0,5.0,dr,3.0,277.0,-0.3349944988585409,0.300378266613565,,
h1,H1,H1,"log(naissances+0,5 / 1 000 f. 15-49)",primaire : municipios avec covariables,cs,7,-0.10383273130584754,0.13635365978254926,-0.3710809936398717,0.16341553102817663,0.44636102127834465,907,24489,False,"spécification primaire (A4) ; municipios censurés à gauche exclus ; covariables : share_cab, log_pop, share_edu_sup, pretrend_1014 (doublement robuste) ; contrôle = not_yet_treated ; fenêtre 1998-2024 ; 842 traitées, 65 jamais traitées sur la fenêtre ; 25 unités incomplètes exclues ; bandes simultanées sup-t (bootstrap multiplicateur Rademacher, 999 tirages, valeur critique 2.69)",event,65,842,0,25,1998,2024,1998.0,2024.0,907.0,5.0,dr,2.0,173.0,-0.47074042025496565,0.2630749576432706,,
h1,H1,H1,"log(naissances+0,5 / 1 000 f. 15-49)",primaire : municipios avec covariables,cs,8,-0.08109086761274177,0.15796001982907729,-0.39068681747496603,0.22850508224948252,0.6076972543370949,907,24489,False,"spécification primaire (A4) ; municipios censurés à gauche exclus ; covariables : share_cab, log_pop, share_edu_sup, pretrend_1014 (doublement robuste) ; contrôle = not_yet_treated ; fenêtre 1998-2024 ; 842 traitées, 65 jamais traitées sur la fenêtre ; 25 unités incomplètes exclues ; bandes simultanées sup-t (bootstrap multiplicateur Rademacher, 999 tirages, valeur critique 2.69)",event,65,842,0,25,1998,2024,1998.0,2024.0,907.0,5.0,dr,1.0,93.0,-0.5061381007729698,0.34395636554748626,,
h1,H1,H1,"log(naissances+0,5 / 1 000 f. 15-49)",primaire : municipios avec covariables,cs,"ATT[1,5]",-0.012911990797264461,0.03971523362576877,-0.09075241834136537,0.06492843674683645,0.7450945585673681,907,24489,False,"spécification primaire (A4) ; municipios censurés à gauche exclus ; covariables : share_cab, log_pop, share_edu_sup, pretrend_1014 (doublement robuste) ; contrôle = not_yet_treated ; fenêtre 1998-2024 ; 842 traitées, 65 jamais traitées sur la fenêtre ; 25 unités incomplètes exclues ; bandes simultanées sup-t (bootstrap multiplicateur Rademacher, 999 tirages, valeur critique 2.69) ; écart-type avec covariance complète des coefficients (fonctions d'influence)",post_avg,65,842,0,25,1998,2024,1998.0,2024.0,907.0,5.0,dr,,,,,5.0,
h1,H1,H1,"log(naissances+0,5 / 1 000 f. 15-49)",primaire : municipios avec covariables,cs,ATT,-0.01612184990670204,0.03302739892800898,-0.08085436230863643,0.048610662495232354,0.6254537811225644,907,24489,False,"spécification primaire (A4) ; municipios censurés à gauche exclus ; covariables : share_cab, log_pop, share_edu_sup, pretrend_1014 (doublement robuste) ; contrôle = not_yet_treated ; fenêtre 1998-2024 ; 842 traitées, 65 jamais traitées sur la fenêtre ; 25 unités incomplètes exclues ; bandes simultanées sup-t (bootstrap multiplicateur Rademacher, 999 tirages, valeur critique 2.69) ; moyenne de tous les ATT(g,t) post",simple,65,842,0,25,1998,2024,1998.0,2024.0,907.0,5.0,dr,,,,,,
h1,H1,H1,"log(naissances+0,5 / 1 000 f. 15-49)",primaire : municipios avec covariables,cs,Wald pré (-8..-2),9.439954363018071,,,,0.22259259996771796,907,24489,False,"H5c : test de Wald joint de nullité des coefficients pré avec covariance des fonctions d'influence, df = 7 ; fenêtre 1998-2024 ; 842 traitées, 65 jamais traitées sur la fenêtre ; 25 unités incomplètes exclues",pre_test,65,842,0,25,1998,2024,1998.0,2024.0,907.0,5.0,dr,,,,,,7.0
h1,H1,H1,"log(naissances+0,5 / 1 000 f. 15-49)",primaire : municipios avec covariables,cs,"ATT[1,5]",-0.012911990797264461,0.04188372796593925,-0.09500258979629861,0.06917860820176969,0.7578679181534591,907,24489,False,"écart-type par bootstrap par grappes stratifié par cohorte (50 tirages, grappe = unit) ; quantiles [-0.0712, +0.0750] ; fenêtre 1998-2024 ; 842 traitées, 65 jamais traitées sur la fenêtre ; 25 unités incomplètes exclues",post_avg_boot,65,842,0,25,1998,2024,1998.0,2024.0,907.0,5.0,dr,,,,,,
h1,H1,H1,"log(naissances+0,5 / 1 000 f. 15-49)",primaire : municipios avec covariables ; agrégation à composition constante (cohortes 2016-2019 observées jusqu'à +5),cs,"ATT[1,5]",-0.028992098726331194,0.052050316409664274,-0.13100884427318735,0.07302464682052495,0.577526477705565,907,24489,False,"spécification primaire (A4) ; municipios censurés à gauche exclus ; covariables : share_cab, log_pop, share_edu_sup, pretrend_1014 (doublement robuste) ; contrôle = not_yet_treated ; fenêtre 1998-2024 ; 842 traitées, 65 jamais traitées sur la fenêtre ; 25 unités incomplètes exclues ; bandes simultanées sup-t (bootstrap multiplicateur Rademacher, 999 tirages, valeur critique 2.69) ; même estimation, agrégat +1..+5 restreint aux cohortes [2016, 2017, 2018, 2019] (g + 5 ≤ 2024), poids fixes = tailles de cohortes ; par période : +1: -0.0132, +2: -0.0121, +3: -0.0453, +4: -0.0312, +5: -0.0431",post_avg_balanced,65,842,0,25,1998,2024,1998.0,2024.0,907.0,5.0,dr,,,,,5.0,
h1,H1,H1,"log(naissances+0,5 / 1 000 f. 15-49)","municipios avec covariables, comparaisons",sunab,-8,0.07157412157807111,0.04946222587061496,-0.025370059723519536,0.16851830287966174,0.14788400948905248,907,24489,False,"comparaisons de la spécification primaire ; fenêtre 1998-2024 ; 842 traitées, 65 jamais traitées sur la fenêtre ; 25 unités incomplètes exclues ; covariables invariantes dans le temps absorbées par les effets fixes unité : share_cab, log_pop, share_edu_sup, pretrend_1014 ; cellules −8 et +8 bornées",event,65,842,0,25,1998,2024,,,,,,,,,,,
h1,H1,H1,"log(naissances+0,5 / 1 000 f. 15-49)","municipios avec covariables, comparaisons",sunab,-7,0.031541711199494116,0.04170325597701088,-0.05019516855350195,0.11327859095249018,0.4494472317908116,907,24489,False,"comparaisons de la spécification primaire ; fenêtre 1998-2024 ; 842 traitées, 65 jamais traitées sur la fenêtre ; 25 unités incomplètes exclues ; covariables invariantes dans le temps absorbées par les effets fixes unité : share_cab, log_pop, share_edu_sup, pretrend_1014 ; cellules −8 et +8 bornées",event,65,842,0,25,1998,2024,,,,,,,,,,,
h1,H1,H1,"log(naissances+0,5 / 1 000 f. 15-49)","municipios avec covariables, comparaisons",sunab,-6,0.015314050895170184,0.03683808399187221,-0.05688726698836086,0.08751536877870122,0.6776204150673095,907,24489,False,"comparaisons de la spécification primaire ; fenêtre 1998-2024 ; 842 traitées, 65 jamais traitées sur la fenêtre ; 25 unités incomplètes exclues ; covariables invariantes dans le temps absorbées par les effets fixes unité : share_cab, log_pop, share_edu_sup, pretrend_1014 ; cellules −8 et +8 bornées",event,65,842,0,25,1998,2024,,,,,,,,,,,
h1,H1,H1,"log(naissances+0,5 / 1 000 f. 15-49)","municipios avec covariables, comparaisons",sunab,-5,0.01971734340910998,0.03003635985659104,-0.039152840136493124,0.07858752695471308,0.5115351642512687,907,24489,False,"comparaisons de la spécification primaire ; fenêtre 1998-2024 ; 842 traitées, 65 jamais traitées sur la fenêtre ; 25 unités incomplètes exclues ; covariables invariantes dans le temps absorbées par les effets fixes unité : share_cab, log_pop, share_edu_sup, pretrend_1014 ; cellules −8 et +8 bornées",event,65,842,0,25,1998,2024,,,,,,,,,,,
h1,H1,H1,"log(naissances+0,5 / 1 000 f. 15-49)","municipios avec covariables, comparaisons",sunab,-4,0.011133745840075033,0.023828098908409406,-0.03556846984046558,0.05783596152061564,0.6403190244035951,907,24489,False,"comparaisons de la spécification primaire ; fenêtre 1998-2024 ; 842 traitées, 65 jamais traitées sur la fenêtre ; 25 unités incomplètes exclues ; covariables invariantes dans le temps absorbées par les effets fixes unité : share_cab, log_pop, share_edu_sup, pretrend_1014 ; cellules −8 et +8 bornées",event,65,842,0,25,1998,2024,,,,,,,,,,,
h1,H1,H1,"log(naissances+0,5 / 1 000 f. 15-49)","municipios avec covariables, comparaisons",sunab,-3,0.005755948298876987,0.017176694694016642,-0.027909754674835873,0.03942165127258985,0.7375479881647451,907,24489,False,"comparaisons de la spécification primaire ; fenêtre 1998-2024 ; 842 traitées, 65 jamais traitées sur la fenêtre ; 25 unités incomplètes exclues ; covariables invariantes dans le temps absorbées par les effets fixes unité : share_cab, log_pop, share_edu_sup, pretrend_1014 ; cellules −8 et +8 bornées",event,65,842,0,25,1998,2024,,,,,,,,,,,
h1,H1,H1,"log(naissances+0,5 / 1 000 f. 15-49)","municipios avec covariables, comparaisons",sunab,-2,-0.018314287211193953,0.010580034633287824,-0.039050774047624526,0.0024221996252366193,0.08344759626930673,907,24489,False,"comparaisons de la spécification primaire ; fenêtre 1998-2024 ; 842 traitées, 65 jamais traitées sur la fenêtre ; 25 unités incomplètes exclues ; covariables invariantes dans le temps absorbées par les effets fixes unité : share_cab, log_pop, share_edu_sup, pretrend_1014 ; cellules −8 et +8 bornées",event,65,842,0,25,1998,2024,,,,,,,,,,,
h1,H1,H1,"log(naissances+0,5 / 1 000 f. 15-49)","municipios avec covariables, comparaisons",sunab,0,-0.0018767244521355666,0.010850067248907453,-0.02314246548983176,0.01938901658556063,0.8626758548449212,907,24489,False,"comparaisons de la spécification primaire ; fenêtre 1998-2024 ; 842 traitées, 65 jamais traitées sur la fenêtre ; 25 unités incomplètes exclues ; covariables invariantes dans le temps absorbées par les effets fixes unité : share_cab, log_pop, share_edu_sup, pretrend_1014 ; cellules −8 et +8 bornées",event,65,842,0,25,1998,2024,,,,,,,,,,,
h1,H1,H1,"log(naissances+0,5 / 1 000 f. 15-49)","municipios avec covariables, comparaisons",sunab,1,-0.02827054588890487,0.01376526470831523,-0.05524996895486298,-0.0012911228229467685,0.03999895541244396,907,24489,False,"comparaisons de la spécification primaire ; fenêtre 1998-2024 ; 842 traitées, 65 jamais traitées sur la fenêtre ; 25 unités incomplètes exclues ; covariables invariantes dans le temps absorbées par les effets fixes unité : share_cab, log_pop, share_edu_sup, pretrend_1014 ; cellules −8 et +8 bornées",event,65,842,0,25,1998,2024,,,,,,,,,,,
h1,H1,H1,"log(naissances+0,5 / 1 000 f. 15-49)","municipios avec covariables, comparaisons",sunab,2,-0.012597533295095806,0.018124669126352973,-0.048121232014452675,0.022926165424261066,0.4870245893288536,907,24489,False,"comparaisons de la spécification primaire ; fenêtre 1998-2024 ; 842 traitées, 65 jamais traitées sur la fenêtre ; 25 unités incomplètes exclues ; covariables invariantes dans le temps absorbées par les effets fixes unité : share_cab, log_pop, share_edu_sup, pretrend_1014 ; cellules −8 et +8 bornées",event,65,842,0,25,1998,2024,,,,,,,,,,,
h1,H1,H1,"log(naissances+0,5 / 1 000 f. 15-49)","municipios avec covariables, comparaisons",sunab,3,-0.02081338587781849,0.02140595471525921,-0.06276828617442189,0.021141514418784906,0.330892585472227,907,24489,False,"comparaisons de la spécification primaire ; fenêtre 1998-2024 ; 842 traitées, 65 jamais traitées sur la fenêtre ; 25 unités incomplètes exclues ; covariables invariantes dans le temps absorbées par les effets fixes unité : share_cab, log_pop, share_edu_sup, pretrend_1014 ; cellules −8 et +8 bornées",event,65,842,0,25,1998,2024,,,,,,,,,,,
h1,H1,H1,"log(naissances+0,5 / 1 000 f. 15-49)","municipios avec covariables, comparaisons",sunab,4,-0.022584116171936043,0.02673763248327271,-0.0749889128710188,0.029820680527146717,0.39830263048540115,907,24489,False,"comparaisons de la spécification primaire ; fenêtre 1998-2024 ; 842 traitées, 65 jamais traitées sur la fenêtre ; 25 unités incomplètes exclues ; covariables invariantes dans le temps absorbées par les effets fixes unité : share_cab, log_pop, share_edu_sup, pretrend_1014 ; cellules −8 et +8 bornées",event,65,842,0,25,1998,2024,,,,,,,,,,,
h1,H1,H1,"log(naissances+0,5 / 1 000 f. 15-49)","municipios avec covariables, comparaisons",sunab,5,-0.03938309156404422,0.03258077766068531,-0.10324024236729458,0.024474059239206133,0.22674620786901856,907,24489,False,"comparaisons de la spécification primaire ; fenêtre 1998-2024 ; 842 traitées, 65 jamais traitées sur la fenêtre ; 25 unités incomplètes exclues ; covariables invariantes dans le temps absorbées par les effets fixes unité : share_cab, log_pop, share_edu_sup, pretrend_1014 ; cellules −8 et +8 bornées",event,65,842,0,25,1998,2024,,,,,,,,,,,
h1,H1,H1,"log(naissances+0,5 / 1 000 f. 15-49)","municipios avec covariables, comparaisons",sunab,6,-0.027186545289126663,0.037497628319022244,-0.10068054630007947,0.04630745572182615,0.468439518649189,907,24489,False,"comparaisons de la spécification primaire ; fenêtre 1998-2024 ; 842 traitées, 65 jamais traitées sur la fenêtre ; 25 unités incomplètes exclues ; covariables invariantes dans le temps absorbées par les effets fixes unité : share_cab, log_pop, share_edu_sup, pretrend_1014 ; cellules −8 et +8 bornées",event,65,842,0,25,1998,2024,,,,,,,,,,,
h1,H1,H1,"log(naissances+0,5 / 1 000 f. 15-49)","municipios avec covariables, comparaisons",sunab,7,-0.01798964038256899,0.04202336525696741,-0.10035392279539691,0.06437464203025893,0.6685880579239838,907,24489,False,"comparaisons de la spécification primaire ; fenêtre 1998-2024 ; 842 traitées, 65 jamais traitées sur la fenêtre ; 25 unités incomplètes exclues ; covariables invariantes dans le temps absorbées par les effets fixes unité : share_cab, log_pop, share_edu_sup, pretrend_1014 ; cellules −8 et +8 bornées",event,65,842,0,25,1998,2024,,,,,,,,,,,
h1,H1,H1,"log(naissances+0,5 / 1 000 f. 15-49)","municipios avec covariables, comparaisons",sunab,8,-0.03825027755532216,0.05579233571937237,-0.1476012461786596,0.0711006910680153,0.49297609726632274,907,24489,False,"comparaisons de la spécification primaire ; fenêtre 1998-2024 ; 842 traitées, 65 jamais traitées sur la fenêtre ; 25 unités incomplètes exclues ; covariables invariantes dans le temps absorbées par les effets fixes unité : share_cab, log_pop, share_edu_sup, pretrend_1014 ; cellules −8 et +8 bornées",event,65,842,0,25,1998,2024,,,,,,,,,,,
h1,H1,H1,"log(naissances+0,5 / 1 000 f. 15-49)","municipios avec covariables, comparaisons",sunab,"ATT[1,5]",-0.024729734559559888,0.020701211652903256,-0.06530336383559115,0.01584389471647138,0.2322420818804779,907,24489,False,"comparaisons de la spécification primaire ; fenêtre 1998-2024 ; 842 traitées, 65 jamais traitées sur la fenêtre ; 25 unités incomplètes exclues ; covariables invariantes dans le temps absorbées par les effets fixes unité : share_cab, log_pop, share_edu_sup, pretrend_1014 ; écart-type avec covariance complète (w'Vw)",post_avg,65,842,0,25,1998,2024,,,,,,,,,,,
h1,H1,H1,"log(naissances+0,5 / 1 000 f. 15-49)","municipios avec covariables, comparaisons",sunab,Wald pré (-8..−2),18.108771632110454,,,,0.011488767003076742,907,24489,False,"test de Wald joint, covariance groupée, df = 7 ; fenêtre 1998-2024 ; 842 traitées, 65 jamais traitées sur la fenêtre ; 25 unités incomplètes exclues",pre_test,65,842,0,25,1998,2024,,,,,,,,,,,7.0
h1,H1,H1,"log(naissances+0,5 / 1 000 f. 15-49)","municipios avec covariables, comparaisons",did2s,-8,0.004210266120037183,0.0015107234226995733,0.001249302620944939,0.007171229619129428,0.005321152673541294,907,24489,False,"comparaisons de la spécification primaire ; fenêtre 1998-2024 ; 842 traitées, 65 jamais traitées sur la fenêtre ; 25 unités incomplètes exclues ; covariables invariantes dans le temps absorbées par les effets fixes unité : share_cab, log_pop, share_edu_sup, pretrend_1014 ; cellules −8 et +8 bornées",event,65,842,0,25,1998,2024,,,,,,,,,,,
h1,H1,H1,"log(naissances+0,5 / 1 000 f. 15-49)","municipios avec covariables, comparaisons",did2s,-7,0.002431003269834089,0.006132937935963218,-0.009589334204073235,0.014451340743741412,0.6918211904993945,907,24489,False,"comparaisons de la spécification primaire ; fenêtre 1998-2024 ; 842 traitées, 65 jamais traitées sur la fenêtre ; 25 unités incomplètes exclues ; covariables invariantes dans le temps absorbées par les effets fixes unité : share_cab, log_pop, share_edu_sup, pretrend_1014 ; cellules −8 et +8 bornées",event,65,842,0,25,1998,2024,,,,,,,,,,,
h1,H1,H1,"log(naissances+0,5 / 1 000 f. 15-49)","municipios avec covariables, comparaisons",did2s,-6,-0.002761788124344961,0.005414035041107551,-0.013373101815953591,0.00784952556726367,0.6099699085413688,907,24489,False,"comparaisons de la spécification primaire ; fenêtre 1998-2024 ; 842 traitées, 65 jamais traitées sur la fenêtre ; 25 unités incomplètes exclues ; covariables invariantes dans le temps absorbées par les effets fixes unité : share_cab, log_pop, share_edu_sup, pretrend_1014 ; cellules −8 et +8 bornées",event,65,842,0,25,1998,2024,,,,,,,,,,,
h1,H1,H1,"log(naissances+0,5 / 1 000 f. 15-49)","municipios avec covariables, comparaisons",did2s,-5,0.005489897691477115,0.005846333992868165,-0.005968706376136738,0.01694850175909097,0.34771405246621256,907,24489,False,"comparaisons de la spécification primaire ; fenêtre 1998-2024 ; 842 traitées, 65 jamais traitées sur la fenêtre ; 25 unités incomplètes exclues ; covariables invariantes dans le temps absorbées par les effets fixes unité : share_cab, log_pop, share_edu_sup, pretrend_1014 ; cellules −8 et +8 bornées",event,65,842,0,25,1998,2024,,,,,,,,,,,
h1,H1,H1,"log(naissances+0,5 / 1 000 f. 15-49)","municipios avec covariables, comparaisons",did2s,-4,-0.00039903728942764036,0.0056135141192619475,-0.01140132278988814,0.010603248211032857,0.9433300157433041,907,24489,False,"comparaisons de la spécification primaire ; fenêtre 1998-2024 ; 842 traitées, 65 jamais traitées sur la fenêtre ; 25 unités incomplètes exclues ; covariables invariantes dans le temps absorbées par les effets fixes unité : share_cab, log_pop, share_edu_sup, pretrend_1014 ; cellules −8 et +8 bornées",event,65,842,0,25,1998,2024,,,,,,,,,,,
h1,H1,H1,"log(naissances+0,5 / 1 000 f. 15-49)","municipios avec covariables, comparaisons",did2s,-3,-0.005677698320188241,0.005841632527812132,-0.017127087685617694,0.005771691045241214,0.331081931647198,907,24489,False,"comparaisons de la spécification primaire ; fenêtre 1998-2024 ; 842 traitées, 65 jamais traitées sur la fenêtre ; 25 unités incomplètes exclues ; covariables invariantes dans le temps absorbées par les effets fixes unité : share_cab, log_pop, share_edu_sup, pretrend_1014 ; cellules −8 et +8 bornées",event,65,842,0,25,1998,2024,,,,,,,,,,,
h1,H1,H1,"log(naissances+0,5 / 1 000 f. 15-49)","municipios avec covariables, comparaisons",did2s,-2,-0.030510345453334982,0.007002645316504482,-0.044235278070191855,-0.01678541283647811,1.3187276436350918e-05,907,24489,False,"comparaisons de la spécification primaire ; fenêtre 1998-2024 ; 842 traitées, 65 jamais traitées sur la fenêtre ; 25 unités incomplètes exclues ; covariables invariantes dans le temps absorbées par les effets fixes unité : share_cab, log_pop, share_edu_sup, pretrend_1014 ; cellules −8 et +8 bornées",event,65,842,0,25,1998,2024,,,,,,,,,,,
h1,H1,H1,"log(naissances+0,5 / 1 000 f. 15-49)","municipios avec covariables, comparaisons",did2s,0,-0.05347218026998242,0.01705455175219067,-0.08689848747675061,-0.020045873063214238,0.0017164261671500506,907,24489,False,"comparaisons de la spécification primaire ; fenêtre 1998-2024 ; 842 traitées, 65 jamais traitées sur la fenêtre ; 25 unités incomplètes exclues ; covariables invariantes dans le temps absorbées par les effets fixes unité : share_cab, log_pop, share_edu_sup, pretrend_1014 ; cellules −8 et +8 bornées",event,65,842,0,25,1998,2024,,,,,,,,,,,
h1,H1,H1,"log(naissances+0,5 / 1 000 f. 15-49)","municipios avec covariables, comparaisons",did2s,1,-0.08375984576857698,0.022993404294922134,-0.12882609006859297,-0.038693601468561004,0.00026971242042240703,907,24489,False,"comparaisons de la spécification primaire ; fenêtre 1998-2024 ; 842 traitées, 65 jamais traitées sur la fenêtre ; 25 unités incomplètes exclues ; covariables invariantes dans le temps absorbées par les effets fixes unité : share_cab, log_pop, share_edu_sup, pretrend_1014 ; cellules −8 et +8 bornées",event,65,842,0,25,1998,2024,,,,,,,,,,,
h1,H1,H1,"log(naissances+0,5 / 1 000 f. 15-49)","municipios avec covariables, comparaisons",did2s,2,-0.0741565054454885,0.02757062149928919,-0.128193930615481,-0.020119080275495985,0.00715177957176822,907,24489,False,"comparaisons de la spécification primaire ; fenêtre 1998-2024 ; 842 traitées, 65 jamais traitées sur la fenêtre ; 25 unités incomplètes exclues ; covariables invariantes dans le temps absorbées par les effets fixes unité : share_cab, log_pop, share_edu_sup, pretrend_1014 ; cellules −8 et +8 bornées",event,65,842,0,25,1998,2024,,,,,,,,,,,
h1,H1,H1,"log(naissances+0,5 / 1 000 f. 15-49)","municipios avec covariables, comparaisons",did2s,3,-0.09529647884670296,0.03286682901768418,-0.1597142800073999,-0.03087867768600601,0.0037379069936417405,907,24489,False,"comparaisons de la spécification primaire ; fenêtre 1998-2024 ; 842 traitées, 65 jamais traitées sur la fenêtre ; 25 unités incomplètes exclues ; covariables invariantes dans le temps absorbées par les effets fixes unité : share_cab, log_pop, share_edu_sup, pretrend_1014 ; cellules −8 et +8 bornées",event,65,842,0,25,1998,2024,,,,,,,,,,,
h1,H1,H1,"log(naissances+0,5 / 1 000 f. 15-49)","municipios avec covariables, comparaisons",did2s,4,-0.14221267622817152,0.03580810663612041,-0.21239527558953725,-0.0720300768668058,7.141496320013274e-05,907,24489,False,"comparaisons de la spécification primaire ; fenêtre 1998-2024 ; 842 traitées, 65 jamais traitées sur la fenêtre ; 25 unités incomplètes exclues ; covariables invariantes dans le temps absorbées par les effets fixes unité : share_cab, log_pop, share_edu_sup, pretrend_1014 ; cellules −8 et +8 bornées",event,65,842,0,25,1998,2024,,,,,,,,,,,
h1,H1,H1,"log(naissances+0,5 / 1 000 f. 15-49)","municipios avec covariables, comparaisons",did2s,5,-0.12820774531308607,0.039187341134208846,-0.2050135225860204,-0.051401968040151735,0.0010691721385620479,907,24489,False,"comparaisons de la spécification primaire ; fenêtre 1998-2024 ; 842 traitées, 65 jamais traitées sur la fenêtre ; 25 unités incomplètes exclues ; covariables invariantes dans le temps absorbées par les effets fixes unité : share_cab, log_pop, share_edu_sup, pretrend_1014 ; cellules −8 et +8 bornées",event,65,842,0,25,1998,2024,,,,,,,,,,,
h1,H1,H1,"log(naissances+0,5 / 1 000 f. 15-49)","municipios avec covariables, comparaisons",did2s,6,-0.11153074733817694,0.04285175938553029,-0.19551865240799254,-0.02754284226836133,0.009248987079626365,907,24489,False,"comparaisons de la spécification primaire ; fenêtre 1998-2024 ; 842 traitées, 65 jamais traitées sur la fenêtre ; 25 unités incomplètes exclues ; covariables invariantes dans le temps absorbées par les effets fixes unité : share_cab, log_pop, share_edu_sup, pretrend_1014 ; cellules −8 et +8 bornées",event,65,842,0,25,1998,2024,,,,,,,,,,,
h1,H1,H1,"log(naissances+0,5 / 1 000 f. 15-49)","municipios avec covariables, comparaisons",did2s,7,-0.10808814276016508,0.04764037863854777,-0.20146156910157004,-0.014714716418760126,0.02327838174907776,907,24489,False,"comparaisons de la spécification primaire ; fenêtre 1998-2024 ; 842 traitées, 65 jamais traitées sur la fenêtre ; 25 unités incomplètes exclues ; covariables invariantes dans le temps absorbées par les effets fixes unité : share_cab, log_pop, share_edu_sup, pretrend_1014 ; cellules −8 et +8 bornées",event,65,842,0,25,1998,2024,,,,,,,,,,,
h1,H1,H1,"log(naissances+0,5 / 1 000 f. 15-49)","municipios avec covariables, comparaisons",did2s,8,-0.1271415141893477,0.05546795044280384,-0.23585669935349574,-0.018426329025199625,0.02189631140847981,907,24489,False,"comparaisons de la spécification primaire ; fenêtre 1998-2024 ; 842 traitées, 65 jamais traitées sur la fenêtre ; 25 unités incomplètes exclues ; covariables invariantes dans le temps absorbées par les effets fixes unité : share_cab, log_pop, share_edu_sup, pretrend_1014 ; cellules −8 et +8 bornées",event,65,842,0,25,1998,2024,,,,,,,,,,,
h1,H1,H1,"log(naissances+0,5 / 1 000 f. 15-49)","municipios avec covariables, comparaisons",did2s,"ATT[1,5]",-0.10472665032040522,0.030519394124366935,-0.16454356363414774,-0.04490973700666269,0.000600300309972901,907,24489,False,"comparaisons de la spécification primaire ; fenêtre 1998-2024 ; 842 traitées, 65 jamais traitées sur la fenêtre ; 25 unités incomplètes exclues ; covariables invariantes dans le temps absorbées par les effets fixes unité : share_cab, log_pop, share_edu_sup, pretrend_1014 ; écart-type avec covariance complète (w'Vw)",post_avg,65,842,0,25,1998,2024,,,,,,,,,,,
h1,H1,H1,"log(naissances+0,5 / 1 000 f. 15-49)","municipios avec covariables, comparaisons",did2s,Wald pré (-8..−2),22.56498537389662,,,,0.002028705216949736,907,24489,False,"test de Wald joint, covariance groupée, df = 7 ; fenêtre 1998-2024 ; 842 traitées, 65 jamais traitées sur la fenêtre ; 25 unités incomplètes exclues",pre_test,65,842,0,25,1998,2024,,,,,,,,,,,7.0
h1,H1,H1,"log(naissances+0,5 / 1 000 f. 15-49)","municipios avec covariables, comparaisons",twfe,-8,0.09368463551373674,0.03334055658810748,0.02833834537652645,0.159030925650947,0.004955225148734396,907,24489,False,"comparaisons de la spécification primaire ; fenêtre 1998-2024 ; 842 traitées, 65 jamais traitées sur la fenêtre ; 25 unités incomplètes exclues ; covariables invariantes dans le temps absorbées par les effets fixes unité : share_cab, log_pop, share_edu_sup, pretrend_1014 ; cellules −8 et +8 bornées",event,65,842,0,25,1998,2024,,,,,,,,,,,
h1,H1,H1,"log(naissances+0,5 / 1 000 f. 15-49)","municipios avec covariables, comparaisons",twfe,-7,0.06954838125323504,0.02472137400277355,0.021095378559454085,0.11800138394701598,0.004903748468774275,907,24489,False,"comparaisons de la spécification primaire ; fenêtre 1998-2024 ; 842 traitées, 65 jamais traitées sur la fenêtre ; 25 unités incomplètes exclues ; covariables invariantes dans le temps absorbées par les effets fixes unité : share_cab, log_pop, share_edu_sup, pretrend_1014 ; cellules −8 et +8 bornées",event,65,842,0,25,1998,2024,,,,,,,,,,,
h1,H1,H1,"log(naissances+0,5 / 1 000 f. 15-49)","municipios avec covariables, comparaisons",twfe,-6,0.05553278578398044,0.0211954555741048,0.013990456222816292,0.09707511534514458,0.008792134696142933,907,24489,False,"comparaisons de la spécification primaire ; fenêtre 1998-2024 ; 842 traitées, 65 jamais traitées sur la fenêtre ; 25 unités incomplètes exclues ; covariables invariantes dans le temps absorbées par les effets fixes unité : share_cab, log_pop, share_edu_sup, pretrend_1014 ; cellules −8 et +8 bornées",event,65,842,0,25,1998,2024,,,,,,,,,,,
h1,H1,H1,"log(naissances+0,5 / 1 000 f. 15-49)","municipios avec covariables, comparaisons",twfe,-5,0.05544417591198194,0.017974263001735553,0.02021526777992945,0.09067308404403443,0.0020379694263875066,907,24489,False,"comparaisons de la spécification primaire ; fenêtre 1998-2024 ; 842 traitées, 65 jamais traitées sur la fenêtre ; 25 unités incomplètes exclues ; covariables invariantes dans le temps absorbées par les effets fixes unité : share_cab, log_pop, share_edu_sup, pretrend_1014 ; cellules −8 et +8 bornées",event,65,842,0,25,1998,2024,,,,,,,,,,,
h1,H1,H1,"log(naissances+0,5 / 1 000 f. 15-49)","municipios avec covariables, comparaisons",twfe,-4,0.03938855463604994,0.014649443264377778,0.010676173444306613,0.06810093582779327,0.007172210298252788,907,24489,False,"comparaisons de la spécification primaire ; fenêtre 1998-2024 ; 842 traitées, 65 jamais traitées sur la fenêtre ; 25 unités incomplètes exclues ; covariables invariantes dans le temps absorbées par les effets fixes unité : share_cab, log_pop, share_edu_sup, pretrend_1014 ; cellules −8 et +8 bornées",event,65,842,0,25,1998,2024,,,,,,,,,,,
h1,H1,H1,"log(naissances+0,5 / 1 000 f. 15-49)","municipios avec covariables, comparaisons",twfe,-3,0.028378613308600326,0.010813265397167475,0.007185002574878873,0.04957222404232178,0.008679518736710424,907,24489,False,"comparaisons de la spécification primaire ; fenêtre 1998-2024 ; 842 traitées, 65 jamais traitées sur la fenêtre ; 25 unités incomplètes exclues ; covariables invariantes dans le temps absorbées par les effets fixes unité : share_cab, log_pop, share_edu_sup, pretrend_1014 ; cellules −8 et +8 bornées",event,65,842,0,25,1998,2024,,,,,,,,,,,
h1,H1,H1,"log(naissances+0,5 / 1 000 f. 15-49)","municipios avec covariables, comparaisons",twfe,-2,-0.0050188640260483966,0.008232311051702393,-0.021153897196916144,0.01111616914481935,0.5420908178892975,907,24489,False,"comparaisons de la spécification primaire ; fenêtre 1998-2024 ; 842 traitées, 65 jamais traitées sur la fenêtre ; 25 unités incomplètes exclues ; covariables invariantes dans le temps absorbées par les effets fixes unité : share_cab, log_pop, share_edu_sup, pretrend_1014 ; cellules −8 et +8 bornées",event,65,842,0,25,1998,2024,,,,,,,,,,,
h1,H1,H1,"log(naissances+0,5 / 1 000 f. 15-49)","municipios avec covariables, comparaisons",twfe,0,-0.019204196346413942,0.009591066325622446,-0.03800234091796885,-0.0004060517748590356,0.04525242847159064,907,24489,False,"comparaisons de la spécification primaire ; fenêtre 1998-2024 ; 842 traitées, 65 jamais traitées sur la fenêtre ; 25 unités incomplètes exclues ; covariables invariantes dans le temps absorbées par les effets fixes unité : share_cab, log_pop, share_edu_sup, pretrend_1014 ; cellules −8 et +8 bornées",event,65,842,0,25,1998,2024,,,,,,,,,,,
h1,H1,H1,"log(naissances+0,5 / 1 000 f. 15-49)","municipios avec covariables, comparaisons",twfe,1,-0.057297322469560076,0.012973199631383396,-0.08272432651131983,-0.03187031842780032,1.0026949375517586e-05,907,24489,False,"comparaisons de la spécification primaire ; fenêtre 1998-2024 ; 842 traitées, 65 jamais traitées sur la fenêtre ; 25 unités incomplètes exclues ; covariables invariantes dans le temps absorbées par les effets fixes unité : share_cab, log_pop, share_edu_sup, pretrend_1014 ; cellules −8 et +8 bornées",event,65,842,0,25,1998,2024,,,,,,,,,,,
h1,H1,H1,"log(naissances+0,5 / 1 000 f. 15-49)","municipios avec covariables, comparaisons",twfe,2,-0.06442492770687606,0.017368019202375143,-0.09846561982633142,-0.030384235587420705,0.00020775111920664154,907,24489,False,"comparaisons de la spécification primaire ; fenêtre 1998-2024 ; 842 traitées, 65 jamais traitées sur la fenêtre ; 25 unités incomplètes exclues ; covariables invariantes dans le temps absorbées par les effets fixes unité : share_cab, log_pop, share_edu_sup, pretrend_1014 ; cellules −8 et +8 bornées",event,65,842,0,25,1998,2024,,,,,,,,,,,
h1,H1,H1,"log(naissances+0,5 / 1 000 f. 15-49)","municipios avec covariables, comparaisons",twfe,3,-0.09894684860117486,0.022313422326570805,-0.14268035273308557,-0.055213344469264146,9.232505627196971e-06,907,24489,False,"comparaisons de la spécification primaire ; fenêtre 1998-2024 ; 842 traitées, 65 jamais traitées sur la fenêtre ; 25 unités incomplètes exclues ; covariables invariantes dans le temps absorbées par les effets fixes unité : share_cab, log_pop, share_edu_sup, pretrend_1014 ; cellules −8 et +8 bornées",event,65,842,0,25,1998,2024,,,,,,,,,,,
h1,H1,H1,"log(naissances+0,5 / 1 000 f. 15-49)","municipios avec covariables, comparaisons",twfe,4,-0.13700840557774968,0.027853618706326758,-0.19160049508126126,-0.0824163160742381,8.704403805707321e-07,907,24489,False,"comparaisons de la spécification primaire ; fenêtre 1998-2024 ; 842 traitées, 65 jamais traitées sur la fenêtre ; 25 unités incomplètes exclues ; covariables invariantes dans le temps absorbées par les effets fixes unité : share_cab, log_pop, share_edu_sup, pretrend_1014 ; cellules −8 et +8 bornées",event,65,842,0,25,1998,2024,,,,,,,,,,,
h1,H1,H1,"log(naissances+0,5 / 1 000 f. 15-49)","municipios avec covariables, comparaisons",twfe,5,-0.13410906180818272,0.03136809593634931,-0.19558940010702458,-0.07262872350934085,1.9085164937015496e-05,907,24489,False,"comparaisons de la spécification primaire ; fenêtre 1998-2024 ; 842 traitées, 65 jamais traitées sur la fenêtre ; 25 unités incomplètes exclues ; covariables invariantes dans le temps absorbées par les effets fixes unité : share_cab, log_pop, share_edu_sup, pretrend_1014 ; cellules −8 et +8 bornées",event,65,842,0,25,1998,2024,,,,,,,,,,,
h1,H1,H1,"log(naissances+0,5 / 1 000 f. 15-49)","municipios avec covariables, comparaisons",twfe,6,-0.13740151136505652,0.03454849110902952,-0.20511530965895663,-0.06968771307115638,6.977180631799301e-05,907,24489,False,"comparaisons de la spécification primaire ; fenêtre 1998-2024 ; 842 traitées, 65 jamais traitées sur la fenêtre ; 25 unités incomplètes exclues ; covariables invariantes dans le temps absorbées par les effets fixes unité : share_cab, log_pop, share_edu_sup, pretrend_1014 ; cellules −8 et +8 bornées",event,65,842,0,25,1998,2024,,,,,,,,,,,
h1,H1,H1,"log(naissances+0,5 / 1 000 f. 15-49)","municipios avec covariables, comparaisons",twfe,7,-0.1585169635708597,0.03897272205291572,-0.23490209517406443,-0.08213183196765497,4.7544189404446016e-05,907,24489,False,"comparaisons de la spécification primaire ; fenêtre 1998-2024 ; 842 traitées, 65 jamais traitées sur la fenêtre ; 25 unités incomplètes exclues ; covariables invariantes dans le temps absorbées par les effets fixes unité : share_cab, log_pop, share_edu_sup, pretrend_1014 ; cellules −8 et +8 bornées",event,65,842,0,25,1998,2024,,,,,,,,,,,
h1,H1,H1,"log(naissances+0,5 / 1 000 f. 15-49)","municipios avec covariables, comparaisons",twfe,8,-0.18566726471627884,0.0452656052005696,-0.2743862206478042,-0.09694830878475345,4.100736359970468e-05,907,24489,False,"comparaisons de la spécification primaire ; fenêtre 1998-2024 ; 842 traitées, 65 jamais traitées sur la fenêtre ; 25 unités incomplètes exclues ; covariables invariantes dans le temps absorbées par les effets fixes unité : share_cab, log_pop, share_edu_sup, pretrend_1014 ; cellules −8 et +8 bornées",event,65,842,0,25,1998,2024,,,,,,,,,,,
h1,H1,H1,"log(naissances+0,5 / 1 000 f. 15-49)","municipios avec covariables, comparaisons",twfe,"ATT[1,5]",-0.09835731323270869,0.021190272874798154,-0.13988948488988912,-0.056825141575528273,3.4567878109400957e-06,907,24489,False,"comparaisons de la spécification primaire ; fenêtre 1998-2024 ; 842 traitées, 65 jamais traitées sur la fenêtre ; 25 unités incomplètes exclues ; covariables invariantes dans le temps absorbées par les effets fixes unité : share_cab, log_pop, share_edu_sup, pretrend_1014 ; écart-type avec covariance complète (w'Vw)",post_avg,65,842,0,25,1998,2024,,,,,,,,,,,
h1,H1,H1,"log(naissances+0,5 / 1 000 f. 15-49)","municipios avec covariables, comparaisons",twfe,Wald pré (-8..−2),21.63591892858545,,,,0.0029345863370359927,907,24489,False,"test de Wald joint, covariance groupée, df = 7 ; fenêtre 1998-2024 ; 842 traitées, 65 jamais traitées sur la fenêtre ; 25 unités incomplètes exclues",pre_test,65,842,0,25,1998,2024,,,,,,,,,,,7.0
h1,H1,H1,"log(naissances+0,5 / 1 000 f. 15-49)","municipios avec covariables, comparaisons",twfe,ATT,-0.07077700596196299,0.017529503699489583,-0.1051342018798242,-0.03641981004410177,5.400237929860304e-05,907,24489,False,"comparaisons de la spécification primaire ; fenêtre 1998-2024 ; 842 traitées, 65 jamais traitées sur la fenêtre ; 25 unités incomplètes exclues ; covariables invariantes dans le temps absorbées par les effets fixes unité : share_cab, log_pop, share_edu_sup, pretrend_1014",static,65,842,0,25,1998,2024,,,,,,,,,,,
h1,H1,H1,"log(naissances+0,5 / 1 000 f. 15-49)","municipios avec covariables, comparaisons",twfe_poisson,ATT (log du taux contrefactuel),-0.026574269033483516,0.02020950242212717,-0.06618416592632775,0.013035627859360726,0.18853030230716306,907,24489,False,"comparaisons de la spécification primaire ; fenêtre 1998-2024 ; 842 traitées, 65 jamais traitées sur la fenêtre ; 25 unités incomplètes exclues ; covariables invariantes dans le temps absorbées par les effets fixes unité : share_cab, log_pop, share_edu_sup, pretrend_1014 ; Poisson à effets fixes, offset = log(women)",static,65,842,0,25,1998,2024,,,,,,,,,,,
h1,H1,H1,"log(naissances+0,5 / 1 000 f. 15-49)","municipios avec covariables, comparaisons",twfe_poisson,ATT en % du taux contrefactuel,-2.622428023168788,1.967952276726633,-6.404152353415416,1.3120962364505662,0.18853030230716306,907,24489,False,"comparaisons de la spécification primaire ; fenêtre 1998-2024 ; 842 traitées, 65 jamais traitées sur la fenêtre ; 25 unités incomplètes exclues ; covariables invariantes dans le temps absorbées par les effets fixes unité : share_cab, log_pop, share_edu_sup, pretrend_1014 ; Poisson à effets fixes, offset = log(women)",static,65,842,0,25,1998,2024,,,,,,,,,,,
h1,H1,H1,"log(naissances+0,5 / 1 000 f. 15-49)","tous municipios, sans covariables",cs,-8,0.003322691058260884,0.01571528699637312,-0.027478705461341076,0.034124087577862845,0.8325513555618814,907,24489,False," ; contrôle = not_yet_treated ; fenêtre 1998-2024 ; 842 traitées, 65 jamais traitées sur la fenêtre ; 25 unités incomplètes exclues ; bandes simultanées sup-t (bootstrap multiplicateur Rademacher, 999 tirages, valeur critique 2.78)",event,65,842,0,25,1998,2024,1998.0,2024.0,907.0,5.0,reg,8.0,842.0,-0.040371590941774435,0.047016973058296205,,
h1,H1,H1,"log(naissances+0,5 / 1 000 f. 15-49)","tous municipios, sans covariables",cs,-7,0.011930519860173398,0.014838365296121743,-0.017152141709674232,0.04101318143002103,0.4213785202751821,907,24489,False," ; contrôle = not_yet_treated ; fenêtre 1998-2024 ; 842 traitées, 65 jamais traitées sur la fenêtre ; 25 unités incomplètes exclues ; bandes simultanées sup-t (bootstrap multiplicateur Rademacher, 999 tirages, valeur critique 2.78)",event,65,842,0,25,1998,2024,1998.0,2024.0,907.0,5.0,reg,8.0,842.0,-0.0293255970543896,0.053186636774736396,,
h1,H1,H1,"log(naissances+0,5 / 1 000 f. 15-49)","tous municipios, sans covariables",cs,-6,0.005417941015709056,0.014302965518176593,-0.022615356272035335,0.03345123830345345,0.7048375464189672,907,24489,False," ; contrôle = not_yet_treated ; fenêtre 1998-2024 ; 842 traitées, 65 jamais traitées sur la fenêtre ; 25 unités incomplètes exclues ; bandes simultanées sup-t (bootstrap multiplicateur Rademacher, 999 tirages, valeur critique 2.78)",event,65,842,0,25,1998,2024,1998.0,2024.0,907.0,5.0,reg,8.0,842.0,-0.03434956745755149,0.045185449488969597,,
h1,H1,H1,"log(naissances+0,5 / 1 000 f. 15-49)","tous municipios, sans covariables",cs,-5,0.016550835949759504,0.01314813793474925,-0.009219040866113873,0.04232071276563288,0.2081036817602292,907,24489,False," ; contrôle = not_yet_treated ; fenêtre 1998-2024 ; 842 traitées, 65 jamais traitées sur la fenêtre ; 25 unités incomplètes exclues ; bandes simultanées sup-t (bootstrap multiplicateur Rademacher, 999 tirages, valeur critique 2.78)",event,65,842,0,25,1998,2024,1998.0,2024.0,907.0,5.0,reg,8.0,842.0,-0.0200058267970858,0.053107498696604805,,
h1,H1,H1,"log(naissances+0,5 / 1 000 f. 15-49)","tous municipios, sans covariables",cs,-4,-0.0006393893070292266,0.011429907201739118,-0.023041595769072887,0.021762817155014436,0.9553895845292508,907,24489,False," ; contrôle = not_yet_treated ; fenêtre 1998-2024 ; 842 traitées, 65 jamais traitées sur la fenêtre ; 25 unités incomplètes exclues ; bandes simultanées sup-t (bootstrap multiplicateur Rademacher, 999 tirages, valeur critique 2.78)",event,65,842,0,25,1998,2024,1998.0,2024.0,907.0,5.0,reg,8.0,842.0,-0.03241873820611605,0.0311399595920576,,
h1,H1,H1,"log(naissances+0,5 / 1 000 f. 15-49)","tous municipios, sans covariables",cs,-3,-0.006549536545505932,0.009912830547653337,-0.025978327403754935,0.012879254312743069,0.5087963505631239,907,24489,False," ; contrôle = not_yet_treated ; fenêtre 1998-2024 ; 842 traitées, 65 jamais traitées sur la fenêtre ; 25 unités incomplètes exclues ; bandes simultanées sup-t (bootstrap multiplicateur Rademacher, 999 tirages, valeur critique 2.78)",event,65,842,0,25,1998,2024,1998.0,2024.0,907.0,5.0,reg,8.0,842.0,-0.03411085397277856,0.021011780881766695,,
h1,H1,H1,"log(naissances+0,5 / 1 000 f. 15-49)","tous municipios, sans covariables",cs,-2,-0.027558684974709632,0.009948025879531686,-0.04705645741586413,-0.008060912533555134,0.005601040687455519,907,24489,False," ; contrôle = not_yet_treated ; fenêtre 1998-2024 ; 842 traitées, 65 jamais traitées sur la fenêtre ; 25 unités incomplètes exclues ; bandes simultanées sup-t (bootstrap multiplicateur Rademacher, 999 tirages, valeur critique 2.78)",event,65,842,0,25,1998,2024,1998.0,2024.0,907.0,5.0,reg,8.0,842.0,-0.05521785837855669,0.00010048842913742279,,
h1,H1,H1,"log(naissances+0,5 / 1 000 f. 15-49)","tous municipios, sans covariables",cs,0,-0.01386046413957526,0.009926620849846765,-0.0333162834934593,0.005595355214308782,0.16262649516875416,907,24489,False," ; contrôle = not_yet_treated ; fenêtre 1998-2024 ; 842 traitées, 65 jamais traitées sur la fenêtre ; 25 unités incomplètes exclues ; bandes simultanées sup-t (bootstrap multiplicateur Rademacher, 999 tirages, valeur critique 2.78)",event,65,842,0,25,1998,2024,1998.0,2024.0,907.0,5.0,reg,8.0,842.0,-0.041460123682588085,0.013739195403437567,,
h1,H1,H1,"log(naissances+0,5 / 1 000 f. 15-49)","tous municipios, sans covariables",cs,1,-0.032711786611677986,0.012524942727024584,-0.05726022326507306,-0.008163349958282912,0.00900849915331657,907,24489,False," ; contrôle = not_yet_treated ; fenêtre 1998-2024 ; 842 traitées, 65 jamais traitées sur la fenêtre ; 25 unités incomplètes exclues ; bandes simultanées sup-t (bootstrap multiplicateur Rademacher, 999 tirages, valeur critique 2.78)",event,65,842,0,25,1998,2024,1998.0,2024.0,907.0,5.0,reg,8.0,842.0,-0.06753573730855077,0.0021121640851947954,,
h1,H1,H1,"log(naissances+0,5 / 1 000 f. 15-49)","tous municipios, sans covariables",cs,2,-0.01459035364115312,0.016447066135241405,-0.046826010917574656,0.017645303635268412,0.3750197853738294,907,24489,False," ; contrôle = not_yet_treated ; fenêtre 1998-2024 ; 842 traitées, 65 jamais traitées sur la fenêtre ; 25 unités incomplètes exclues ; bandes simultanées sup-t (bootstrap multiplicateur Rademacher, 999 tirages, valeur critique 2.78)",event,65,842,0,25,1998,2024,1998.0,2024.0,907.0,5.0,reg,7.0,797.0,-0.060319250985014686,0.03113854370270844,,
h1,H1,H1,"log(naissances+0,5 / 1 000 f. 15-49)","tous municipios, sans covariables",cs,3,-0.022225458284243133,0.019571221277582297,-0.06058434712176842,0.016133430553282153,0.25611589205269714,907,24489,False," ; contrôle = not_yet_treated ; fenêtre 1998-2024 ; 842 traitées, 65 jamais traitées sur la fenêtre ; 25 unités incomplètes exclues ; bandes simultanées sup-t (bootstrap multiplicateur Rademacher, 999 tirages, valeur critique 2.78)",event,65,842,0,25,1998,2024,1998.0,2024.0,907.0,5.0,reg,6.0,754.0,-0.07664065679669343,0.03218974022820718,,
h1,H1,H1,"log(naissances+0,5 / 1 000 f. 15-49)","tous municipios, sans covariables",cs,4,-0.035612323098238655,0.02216861631714007,-0.07906201266692017,0.007837366470442857,0.10817953516913895,907,24489,False," ; contrôle = not_yet_treated ; fenêtre 1998-2024 ; 842 traitées, 65 jamais traitées sur la fenêtre ; 25 unités incomplètes exclues ; bandes simultanées sup-t (bootstrap multiplicateur Rademacher, 999 tirages, valeur critique 2.78)",event,65,842,0,25,1998,2024,1998.0,2024.0,907.0,5.0,reg,5.0,534.0,-0.09724923581483443,0.026024589618357116,,
h1,H1,H1,"log(naissances+0,5 / 1 000 f. 15-49)","tous municipios, sans covariables",cs,5,-0.06190589376552576,0.028025229352529955,-0.11683433395495925,-0.006977453576092266,0.027179202627249707,907,24489,False," ; contrôle = not_yet_treated ; fenêtre 1998-2024 ; 842 traitées, 65 jamais traitées sur la fenêtre ; 25 unités incomplètes exclues ; bandes simultanées sup-t (bootstrap multiplicateur Rademacher, 999 tirages, valeur critique 2.78)",event,65,842,0,25,1998,2024,1998.0,2024.0,907.0,5.0,reg,4.0,367.0,-0.13982634629863694,0.016014558767585424,,
h1,H1,H1,"log(naissances+0,5 / 1 000 f. 15-49)","tous municipios, sans covariables",cs,6,-0.034314231722541215,0.03298374775971111,-0.09896118940672868,0.030332725961646247,0.29818309901175677,907,24489,False," ; contrôle = not_yet_treated ; fenêtre 1998-2024 ; 842 traitées, 65 jamais traitées sur la fenêtre ; 25 unités incomplètes exclues ; bandes simultanées sup-t (bootstrap multiplicateur Rademacher, 999 tirages, valeur critique 2.78)",event,65,842,0,25,1998,2024,1998.0,2024.0,907.0,5.0,reg,3.0,277.0,-0.12602119045409096,0.05739272700900854,,
h1,H1,H1,"log(naissances+0,5 / 1 000 f. 15-49)","tous municipios, sans covariables",cs,7,-0.012317327662463178,0.037901713608528995,-0.08660332128753165,0.0619686659626053,0.7451956339598853,907,24489,False," ; contrôle = not_yet_treated ; fenêtre 1998-2024 ; 842 traitées, 65 jamais traitées sur la fenêtre ; 25 unités incomplètes exclues ; bandes simultanées sup-t (bootstrap multiplicateur Rademacher, 999 tirages, valeur critique 2.78)",event,65,842,0,25,1998,2024,1998.0,2024.0,907.0,5.0,reg,2.0,173.0,-0.11769804155447453,0.09306338622954816,,
h1,H1,H1,"log(naissances+0,5 / 1 000 f. 15-49)","tous municipios, sans covariables",cs,8,-0.027698556043724454,0.04588009269022055,-0.11762188532391614,0.06222477323646723,0.5460323297120389,907,24489,False," ; contrôle = not_yet_treated ; fenêtre 1998-2024 ; 842 traitées, 65 jamais traitées sur la fenêtre ; 25 unités incomplètes exclues ; bandes simultanées sup-t (bootstrap multiplicateur Rademacher, 999 tirages, valeur critique 2.78)",event,65,842,0,25,1998,2024,1998.0,2024.0,907.0,5.0,reg,1.0,93.0,-0.15526210029569473,0.09986498820824583,,
h1,H1,H1,"log(naissances+0,5 / 1 000 f. 15-49)","tous municipios, sans covariables",cs,"ATT[1,5]",-0.033409163080167725,0.016788623345194667,-0.06631426018675764,-0.0005040659735778136,0.04659223059446134,907,24489,False," ; contrôle = not_yet_treated ; fenêtre 1998-2024 ; 842 traitées, 65 jamais traitées sur la fenêtre ; 25 unités incomplètes exclues ; bandes simultanées sup-t (bootstrap multiplicateur Rademacher, 999 tirages, valeur critique 2.78) ; écart-type avec covariance complète des coefficients (fonctions d'influence)",post_avg,65,842,0,25,1998,2024,1998.0,2024.0,907.0,5.0,reg,,,,,5.0,
h1,H1,H1,"log(naissances+0,5 / 1 000 f. 15-49)","tous municipios, sans covariables",cs,ATT,-0.026404935170356348,0.014768657474776964,-0.05535097192092746,0.002541101580214762,0.07379156960598518,907,24489,False," ; contrôle = not_yet_treated ; fenêtre 1998-2024 ; 842 traitées, 65 jamais traitées sur la fenêtre ; 25 unités incomplètes exclues ; bandes simultanées sup-t (bootstrap multiplicateur Rademacher, 999 tirages, valeur critique 2.78) ; moyenne de tous les ATT(g,t) post",simple,65,842,0,25,1998,2024,1998.0,2024.0,907.0,5.0,reg,,,,,,
h1,H1,H1,"log(naissances+0,5 / 1 000 f. 15-49)","tous municipios, sans covariables",cs,Wald pré (-8..-2),14.27335157509848,,,,0.04652771368185116,907,24489,False,"H5c : test de Wald joint de nullité des coefficients pré avec covariance des fonctions d'influence, df = 7 ; fenêtre 1998-2024 ; 842 traitées, 65 jamais traitées sur la fenêtre ; 25 unités incomplètes exclues",pre_test,65,842,0,25,1998,2024,1998.0,2024.0,907.0,5.0,reg,,,,,,7.0
h1,H1,H1,"log(naissances+0,5 / 1 000 f. 15-49)","tous municipios, sans covariables",sunab,-8,0.07157412157807111,0.04946222587061496,-0.025370059723519536,0.16851830287966174,0.14788400948905248,907,24489,False," ; fenêtre 1998-2024 ; 842 traitées, 65 jamais traitées sur la fenêtre ; 25 unités incomplètes exclues ; cellules −8 et +8 bornées",event,65,842,0,25,1998,2024,,,,,,,,,,,
h1,H1,H1,"log(naissances+0,5 / 1 000 f. 15-49)","tous municipios, sans covariables",sunab,-7,0.031541711199494116,0.04170325597701088,-0.05019516855350195,0.11327859095249018,0.4494472317908116,907,24489,False," ; fenêtre 1998-2024 ; 842 traitées, 65 jamais traitées sur la fenêtre ; 25 unités incomplètes exclues ; cellules −8 et +8 bornées",event,65,842,0,25,1998,2024,,,,,,,,,,,
h1,H1,H1,"log(naissances+0,5 / 1 000 f. 15-49)","tous municipios, sans covariables",sunab,-6,0.015314050895170184,0.03683808399187221,-0.05688726698836086,0.08751536877870122,0.6776204150673095,907,24489,False," ; fenêtre 1998-2024 ; 842 traitées, 65 jamais traitées sur la fenêtre ; 25 unités incomplètes exclues ; cellules −8 et +8 bornées",event,65,842,0,25,1998,2024,,,,,,,,,,,
h1,H1,H1,"log(naissances+0,5 / 1 000 f. 15-49)","tous municipios, sans covariables",sunab,-5,0.01971734340910998,0.03003635985659104,-0.039152840136493124,0.07858752695471308,0.5115351642512687,907,24489,False," ; fenêtre 1998-2024 ; 842 traitées, 65 jamais traitées sur la fenêtre ; 25 unités incomplètes exclues ; cellules −8 et +8 bornées",event,65,842,0,25,1998,2024,,,,,,,,,,,
h1,H1,H1,"log(naissances+0,5 / 1 000 f. 15-49)","tous municipios, sans covariables",sunab,-4,0.011133745840075033,0.023828098908409406,-0.03556846984046558,0.05783596152061564,0.6403190244035951,907,24489,False," ; fenêtre 1998-2024 ; 842 traitées, 65 jamais traitées sur la fenêtre ; 25 unités incomplètes exclues ; cellules −8 et +8 bornées",event,65,842,0,25,1998,2024,,,,,,,,,,,
h1,H1,H1,"log(naissances+0,5 / 1 000 f. 15-49)","tous municipios, sans covariables",sunab,-3,0.005755948298876987,0.017176694694016642,-0.027909754674835873,0.03942165127258985,0.7375479881647451,907,24489,False," ; fenêtre 1998-2024 ; 842 traitées, 65 jamais traitées sur la fenêtre ; 25 unités incomplètes exclues ; cellules −8 et +8 bornées",event,65,842,0,25,1998,2024,,,,,,,,,,,
h1,H1,H1,"log(naissances+0,5 / 1 000 f. 15-49)","tous municipios, sans covariables",sunab,-2,-0.018314287211193953,0.010580034633287824,-0.039050774047624526,0.0024221996252366193,0.08344759626930673,907,24489,False," ; fenêtre 1998-2024 ; 842 traitées, 65 jamais traitées sur la fenêtre ; 25 unités incomplètes exclues ; cellules −8 et +8 bornées",event,65,842,0,25,1998,2024,,,,,,,,,,,
h1,H1,H1,"log(naissances+0,5 / 1 000 f. 15-49)","tous municipios, sans covariables",sunab,0,-0.0018767244521355666,0.010850067248907453,-0.02314246548983176,0.01938901658556063,0.8626758548449212,907,24489,False," ; fenêtre 1998-2024 ; 842 traitées, 65 jamais traitées sur la fenêtre ; 25 unités incomplètes exclues ; cellules −8 et +8 bornées",event,65,842,0,25,1998,2024,,,,,,,,,,,
h1,H1,H1,"log(naissances+0,5 / 1 000 f. 15-49)","tous municipios, sans covariables",sunab,1,-0.02827054588890487,0.01376526470831523,-0.05524996895486298,-0.0012911228229467685,0.03999895541244396,907,24489,False," ; fenêtre 1998-2024 ; 842 traitées, 65 jamais traitées sur la fenêtre ; 25 unités incomplètes exclues ; cellules −8 et +8 bornées",event,65,842,0,25,1998,2024,,,,,,,,,,,
h1,H1,H1,"log(naissances+0,5 / 1 000 f. 15-49)","tous municipios, sans covariables",sunab,2,-0.012597533295095806,0.018124669126352973,-0.048121232014452675,0.022926165424261066,0.4870245893288536,907,24489,False," ; fenêtre 1998-2024 ; 842 traitées, 65 jamais traitées sur la fenêtre ; 25 unités incomplètes exclues ; cellules −8 et +8 bornées",event,65,842,0,25,1998,2024,,,,,,,,,,,
h1,H1,H1,"log(naissances+0,5 / 1 000 f. 15-49)","tous municipios, sans covariables",sunab,3,-0.02081338587781849,0.02140595471525921,-0.06276828617442189,0.021141514418784906,0.330892585472227,907,24489,False," ; fenêtre 1998-2024 ; 842 traitées, 65 jamais traitées sur la fenêtre ; 25 unités incomplètes exclues ; cellules −8 et +8 bornées",event,65,842,0,25,1998,2024,,,,,,,,,,,
h1,H1,H1,"log(naissances+0,5 / 1 000 f. 15-49)","tous municipios, sans covariables",sunab,4,-0.022584116171936043,0.02673763248327271,-0.0749889128710188,0.029820680527146717,0.39830263048540115,907,24489,False," ; fenêtre 1998-2024 ; 842 traitées, 65 jamais traitées sur la fenêtre ; 25 unités incomplètes exclues ; cellules −8 et +8 bornées",event,65,842,0,25,1998,2024,,,,,,,,,,,
h1,H1,H1,"log(naissances+0,5 / 1 000 f. 15-49)","tous municipios, sans covariables",sunab,5,-0.03938309156404422,0.03258077766068531,-0.10324024236729458,0.024474059239206133,0.22674620786901856,907,24489,False," ; fenêtre 1998-2024 ; 842 traitées, 65 jamais traitées sur la fenêtre ; 25 unités incomplètes exclues ; cellules −8 et +8 bornées",event,65,842,0,25,1998,2024,,,,,,,,,,,
h1,H1,H1,"log(naissances+0,5 / 1 000 f. 15-49)","tous municipios, sans covariables",sunab,6,-0.027186545289126663,0.037497628319022244,-0.10068054630007947,0.04630745572182615,0.468439518649189,907,24489,False," ; fenêtre 1998-2024 ; 842 traitées, 65 jamais traitées sur la fenêtre ; 25 unités incomplètes exclues ; cellules −8 et +8 bornées",event,65,842,0,25,1998,2024,,,,,,,,,,,
h1,H1,H1,"log(naissances+0,5 / 1 000 f. 15-49)","tous municipios, sans covariables",sunab,7,-0.01798964038256899,0.04202336525696741,-0.10035392279539691,0.06437464203025893,0.6685880579239838,907,24489,False," ; fenêtre 1998-2024 ; 842 traitées, 65 jamais traitées sur la fenêtre ; 25 unités incomplètes exclues ; cellules −8 et +8 bornées",event,65,842,0,25,1998,2024,,,,,,,,,,,
h1,H1,H1,"log(naissances+0,5 / 1 000 f. 15-49)","tous municipios, sans covariables",sunab,8,-0.03825027755532216,0.05579233571937237,-0.1476012461786596,0.0711006910680153,0.49297609726632274,907,24489,False," ; fenêtre 1998-2024 ; 842 traitées, 65 jamais traitées sur la fenêtre ; 25 unités incomplètes exclues ; cellules −8 et +8 bornées",event,65,842,0,25,1998,2024,,,,,,,,,,,
h1,H1,H1,"log(naissances+0,5 / 1 000 f. 15-49)","tous municipios, sans covariables",sunab,"ATT[1,5]",-0.024729734559559888,0.020701211652903256,-0.06530336383559115,0.01584389471647138,0.2322420818804779,907,24489,False," ; fenêtre 1998-2024 ; 842 traitées, 65 jamais traitées sur la fenêtre ; 25 unités incomplètes exclues ; écart-type avec covariance complète (w'Vw)",post_avg,65,842,0,25,1998,2024,,,,,,,,,,,
h1,H1,H1,"log(naissances+0,5 / 1 000 f. 15-49)","tous municipios, sans covariables",sunab,Wald pré (-8..−2),18.108771632110454,,,,0.011488767003076742,907,24489,False,"test de Wald joint, covariance groupée, df = 7 ; fenêtre 1998-2024 ; 842 traitées, 65 jamais traitées sur la fenêtre ; 25 unités incomplètes exclues",pre_test,65,842,0,25,1998,2024,,,,,,,,,,,7.0
h1,H1,H1,"log(naissances+0,5 / 1 000 f. 15-49)","tous municipios, sans covariables",did2s,-8,0.004210266120037183,0.0015107234226995733,0.001249302620944939,0.007171229619129428,0.005321152673541294,907,24489,False," ; fenêtre 1998-2024 ; 842 traitées, 65 jamais traitées sur la fenêtre ; 25 unités incomplètes exclues ; cellules −8 et +8 bornées",event,65,842,0,25,1998,2024,,,,,,,,,,,
h1,H1,H1,"log(naissances+0,5 / 1 000 f. 15-49)","tous municipios, sans covariables",did2s,-7,0.002431003269834089,0.006132937935963218,-0.009589334204073235,0.014451340743741412,0.6918211904993945,907,24489,False," ; fenêtre 1998-2024 ; 842 traitées, 65 jamais traitées sur la fenêtre ; 25 unités incomplètes exclues ; cellules −8 et +8 bornées",event,65,842,0,25,1998,2024,,,,,,,,,,,
h1,H1,H1,"log(naissances+0,5 / 1 000 f. 15-49)","tous municipios, sans covariables",did2s,-6,-0.002761788124344961,0.005414035041107551,-0.013373101815953591,0.00784952556726367,0.6099699085413688,907,24489,False," ; fenêtre 1998-2024 ; 842 traitées, 65 jamais traitées sur la fenêtre ; 25 unités incomplètes exclues ; cellules −8 et +8 bornées",event,65,842,0,25,1998,2024,,,,,,,,,,,
h1,H1,H1,"log(naissances+0,5 / 1 000 f. 15-49)","tous municipios, sans covariables",did2s,-5,0.005489897691477115,0.005846333992868165,-0.005968706376136738,0.01694850175909097,0.34771405246621256,907,24489,False," ; fenêtre 1998-2024 ; 842 traitées, 65 jamais traitées sur la fenêtre ; 25 unités incomplètes exclues ; cellules −8 et +8 bornées",event,65,842,0,25,1998,2024,,,,,,,,,,,
h1,H1,H1,"log(naissances+0,5 / 1 000 f. 15-49)","tous municipios, sans covariables",did2s,-4,-0.00039903728942764036,0.0056135141192619475,-0.01140132278988814,0.010603248211032857,0.9433300157433041,907,24489,False," ; fenêtre 1998-2024 ; 842 traitées, 65 jamais traitées sur la fenêtre ; 25 unités incomplètes exclues ; cellules −8 et +8 bornées",event,65,842,0,25,1998,2024,,,,,,,,,,,
h1,H1,H1,"log(naissances+0,5 / 1 000 f. 15-49)","tous municipios, sans covariables",did2s,-3,-0.005677698320188241,0.005841632527812132,-0.017127087685617694,0.005771691045241214,0.331081931647198,907,24489,False," ; fenêtre 1998-2024 ; 842 traitées, 65 jamais traitées sur la fenêtre ; 25 unités incomplètes exclues ; cellules −8 et +8 bornées",event,65,842,0,25,1998,2024,,,,,,,,,,,
h1,H1,H1,"log(naissances+0,5 / 1 000 f. 15-49)","tous municipios, sans covariables",did2s,-2,-0.030510345453334982,0.007002645316504482,-0.044235278070191855,-0.01678541283647811,1.3187276436350918e-05,907,24489,False," ; fenêtre 1998-2024 ; 842 traitées, 65 jamais traitées sur la fenêtre ; 25 unités incomplètes exclues ; cellules −8 et +8 bornées",event,65,842,0,25,1998,2024,,,,,,,,,,,
h1,H1,H1,"log(naissances+0,5 / 1 000 f. 15-49)","tous municipios, sans covariables",did2s,0,-0.05347218026998242,0.01705455175219067,-0.08689848747675061,-0.020045873063214238,0.0017164261671500506,907,24489,False," ; fenêtre 1998-2024 ; 842 traitées, 65 jamais traitées sur la fenêtre ; 25 unités incomplètes exclues ; cellules −8 et +8 bornées",event,65,842,0,25,1998,2024,,,,,,,,,,,
h1,H1,H1,"log(naissances+0,5 / 1 000 f. 15-49)","tous municipios, sans covariables",did2s,1,-0.08375984576857698,0.022993404294922134,-0.12882609006859297,-0.038693601468561004,0.00026971242042240703,907,24489,False," ; fenêtre 1998-2024 ; 842 traitées, 65 jamais traitées sur la fenêtre ; 25 unités incomplètes exclues ; cellules −8 et +8 bornées",event,65,842,0,25,1998,2024,,,,,,,,,,,
h1,H1,H1,"log(naissances+0,5 / 1 000 f. 15-49)","tous municipios, sans covariables",did2s,2,-0.0741565054454885,0.02757062149928919,-0.128193930615481,-0.020119080275495985,0.00715177957176822,907,24489,False," ; fenêtre 1998-2024 ; 842 traitées, 65 jamais traitées sur la fenêtre ; 25 unités incomplètes exclues ; cellules −8 et +8 bornées",event,65,842,0,25,1998,2024,,,,,,,,,,,
h1,H1,H1,"log(naissances+0,5 / 1 000 f. 15-49)","tous municipios, sans covariables",did2s,3,-0.09529647884670296,0.03286682901768418,-0.1597142800073999,-0.03087867768600601,0.0037379069936417405,907,24489,False," ; fenêtre 1998-2024 ; 842 traitées, 65 jamais traitées sur la fenêtre ; 25 unités incomplètes exclues ; cellules −8 et +8 bornées",event,65,842,0,25,1998,2024,,,,,,,,,,,
h1,H1,H1,"log(naissances+0,5 / 1 000 f. 15-49)","tous municipios, sans covariables",did2s,4,-0.14221267622817152,0.03580810663612041,-0.21239527558953725,-0.0720300768668058,7.141496320013274e-05,907,24489,False," ; fenêtre 1998-2024 ; 842 traitées, 65 jamais traitées sur la fenêtre ; 25 unités incomplètes exclues ; cellules −8 et +8 bornées",event,65,842,0,25,1998,2024,,,,,,,,,,,
h1,H1,H1,"log(naissances+0,5 / 1 000 f. 15-49)","tous municipios, sans covariables",did2s,5,-0.12820774531308607,0.039187341134208846,-0.2050135225860204,-0.051401968040151735,0.0010691721385620479,907,24489,False," ; fenêtre 1998-2024 ; 842 traitées, 65 jamais traitées sur la fenêtre ; 25 unités incomplètes exclues ; cellules −8 et +8 bornées",event,65,842,0,25,1998,2024,,,,,,,,,,,
h1,H1,H1,"log(naissances+0,5 / 1 000 f. 15-49)","tous municipios, sans covariables",did2s,6,-0.11153074733817694,0.04285175938553029,-0.19551865240799254,-0.02754284226836133,0.009248987079626365,907,24489,False," ; fenêtre 1998-2024 ; 842 traitées, 65 jamais traitées sur la fenêtre ; 25 unités incomplètes exclues ; cellules −8 et +8 bornées",event,65,842,0,25,1998,2024,,,,,,,,,,,
h1,H1,H1,"log(naissances+0,5 / 1 000 f. 15-49)","tous municipios, sans covariables",did2s,7,-0.10808814276016508,0.04764037863854777,-0.20146156910157004,-0.014714716418760126,0.02327838174907776,907,24489,False," ; fenêtre 1998-2024 ; 842 traitées, 65 jamais traitées sur la fenêtre ; 25 unités incomplètes exclues ; cellules −8 et +8 bornées",event,65,842,0,25,1998,2024,,,,,,,,,,,
h1,H1,H1,"log(naissances+0,5 / 1 000 f. 15-49)","tous municipios, sans covariables",did2s,8,-0.1271415141893477,0.05546795044280384,-0.23585669935349574,-0.018426329025199625,0.02189631140847981,907,24489,False," ; fenêtre 1998-2024 ; 842 traitées, 65 jamais traitées sur la fenêtre ; 25 unités incomplètes exclues ; cellules −8 et +8 bornées",event,65,842,0,25,1998,2024,,,,,,,,,,,
h1,H1,H1,"log(naissances+0,5 / 1 000 f. 15-49)","tous municipios, sans covariables",did2s,"ATT[1,5]",-0.10472665032040522,0.030519394124366935,-0.16454356363414774,-0.04490973700666269,0.000600300309972901,907,24489,False," ; fenêtre 1998-2024 ; 842 traitées, 65 jamais traitées sur la fenêtre ; 25 unités incomplètes exclues ; écart-type avec covariance complète (w'Vw)",post_avg,65,842,0,25,1998,2024,,,,,,,,,,,
h1,H1,H1,"log(naissances+0,5 / 1 000 f. 15-49)","tous municipios, sans covariables",did2s,Wald pré (-8..−2),22.56498537389662,,,,0.002028705216949736,907,24489,False,"test de Wald joint, covariance groupée, df = 7 ; fenêtre 1998-2024 ; 842 traitées, 65 jamais traitées sur la fenêtre ; 25 unités incomplètes exclues",pre_test,65,842,0,25,1998,2024,,,,,,,,,,,7.0
h1,H1,H1,"log(naissances+0,5 / 1 000 f. 15-49)","tous municipios, sans covariables",twfe,-8,0.09368463551373674,0.03334055658810748,0.02833834537652645,0.159030925650947,0.004955225148734396,907,24489,False," ; fenêtre 1998-2024 ; 842 traitées, 65 jamais traitées sur la fenêtre ; 25 unités incomplètes exclues ; cellules −8 et +8 bornées",event,65,842,0,25,1998,2024,,,,,,,,,,,
h1,H1,H1,"log(naissances+0,5 / 1 000 f. 15-49)","tous municipios, sans covariables",twfe,-7,0.06954838125323504,0.02472137400277355,0.021095378559454085,0.11800138394701598,0.004903748468774275,907,24489,False," ; fenêtre 1998-2024 ; 842 traitées, 65 jamais traitées sur la fenêtre ; 25 unités incomplètes exclues ; cellules −8 et +8 bornées",event,65,842,0,25,1998,2024,,,,,,,,,,,
h1,H1,H1,"log(naissances+0,5 / 1 000 f. 15-49)","tous municipios, sans covariables",twfe,-6,0.05553278578398044,0.0211954555741048,0.013990456222816292,0.09707511534514458,0.008792134696142933,907,24489,False," ; fenêtre 1998-2024 ; 842 traitées, 65 jamais traitées sur la fenêtre ; 25 unités incomplètes exclues ; cellules −8 et +8 bornées",event,65,842,0,25,1998,2024,,,,,,,,,,,
h1,H1,H1,"log(naissances+0,5 / 1 000 f. 15-49)","tous municipios, sans covariables",twfe,-5,0.05544417591198194,0.017974263001735553,0.02021526777992945,0.09067308404403443,0.0020379694263875066,907,24489,False," ; fenêtre 1998-2024 ; 842 traitées, 65 jamais traitées sur la fenêtre ; 25 unités incomplètes exclues ; cellules −8 et +8 bornées",event,65,842,0,25,1998,2024,,,,,,,,,,,
h1,H1,H1,"log(naissances+0,5 / 1 000 f. 15-49)","tous municipios, sans covariables",twfe,-4,0.03938855463604994,0.014649443264377778,0.010676173444306613,0.06810093582779327,0.007172210298252788,907,24489,False," ; fenêtre 1998-2024 ; 842 traitées, 65 jamais traitées sur la fenêtre ; 25 unités incomplètes exclues ; cellules −8 et +8 bornées",event,65,842,0,25,1998,2024,,,,,,,,,,,
h1,H1,H1,"log(naissances+0,5 / 1 000 f. 15-49)","tous municipios, sans covariables",twfe,-3,0.028378613308600326,0.010813265397167475,0.007185002574878873,0.04957222404232178,0.008679518736710424,907,24489,False," ; fenêtre 1998-2024 ; 842 traitées, 65 jamais traitées sur la fenêtre ; 25 unités incomplètes exclues ; cellules −8 et +8 bornées",event,65,842,0,25,1998,2024,,,,,,,,,,,
h1,H1,H1,"log(naissances+0,5 / 1 000 f. 15-49)","tous municipios, sans covariables",twfe,-2,-0.0050188640260483966,0.008232311051702393,-0.021153897196916144,0.01111616914481935,0.5420908178892975,907,24489,False," ; fenêtre 1998-2024 ; 842 traitées, 65 jamais traitées sur la fenêtre ; 25 unités incomplètes exclues ; cellules −8 et +8 bornées",event,65,842,0,25,1998,2024,,,,,,,,,,,
h1,H1,H1,"log(naissances+0,5 / 1 000 f. 15-49)","tous municipios, sans covariables",twfe,0,-0.019204196346413942,0.009591066325622446,-0.03800234091796885,-0.0004060517748590356,0.04525242847159064,907,24489,False," ; fenêtre 1998-2024 ; 842 traitées, 65 jamais traitées sur la fenêtre ; 25 unités incomplètes exclues ; cellules −8 et +8 bornées",event,65,842,0,25,1998,2024,,,,,,,,,,,
h1,H1,H1,"log(naissances+0,5 / 1 000 f. 15-49)","tous municipios, sans covariables",twfe,1,-0.057297322469560076,0.012973199631383396,-0.08272432651131983,-0.03187031842780032,1.0026949375517586e-05,907,24489,False," ; fenêtre 1998-2024 ; 842 traitées, 65 jamais traitées sur la fenêtre ; 25 unités incomplètes exclues ; cellules −8 et +8 bornées",event,65,842,0,25,1998,2024,,,,,,,,,,,
h1,H1,H1,"log(naissances+0,5 / 1 000 f. 15-49)","tous municipios, sans covariables",twfe,2,-0.06442492770687606,0.017368019202375143,-0.09846561982633142,-0.030384235587420705,0.00020775111920664154,907,24489,False," ; fenêtre 1998-2024 ; 842 traitées, 65 jamais traitées sur la fenêtre ; 25 unités incomplètes exclues ; cellules −8 et +8 bornées",event,65,842,0,25,1998,2024,,,,,,,,,,,
h1,H1,H1,"log(naissances+0,5 / 1 000 f. 15-49)","tous municipios, sans covariables",twfe,3,-0.09894684860117486,0.022313422326570805,-0.14268035273308557,-0.055213344469264146,9.232505627196971e-06,907,24489,False," ; fenêtre 1998-2024 ; 842 traitées, 65 jamais traitées sur la fenêtre ; 25 unités incomplètes exclues ; cellules −8 et +8 bornées",event,65,842,0,25,1998,2024,,,,,,,,,,,
h1,H1,H1,"log(naissances+0,5 / 1 000 f. 15-49)","tous municipios, sans covariables",twfe,4,-0.13700840557774968,0.027853618706326758,-0.19160049508126126,-0.0824163160742381,8.704403805707321e-07,907,24489,False," ; fenêtre 1998-2024 ; 842 traitées, 65 jamais traitées sur la fenêtre ; 25 unités incomplètes exclues ; cellules −8 et +8 bornées",event,65,842,0,25,1998,2024,,,,,,,,,,,
h1,H1,H1,"log(naissances+0,5 / 1 000 f. 15-49)","tous municipios, sans covariables",twfe,5,-0.13410906180818272,0.03136809593634931,-0.19558940010702458,-0.07262872350934085,1.9085164937015496e-05,907,24489,False," ; fenêtre 1998-2024 ; 842 traitées, 65 jamais traitées sur la fenêtre ; 25 unités incomplètes exclues ; cellules −8 et +8 bornées",event,65,842,0,25,1998,2024,,,,,,,,,,,
h1,H1,H1,"log(naissances+0,5 / 1 000 f. 15-49)","tous municipios, sans covariables",twfe,6,-0.13740151136505652,0.03454849110902952,-0.20511530965895663,-0.06968771307115638,6.977180631799301e-05,907,24489,False," ; fenêtre 1998-2024 ; 842 traitées, 65 jamais traitées sur la fenêtre ; 25 unités incomplètes exclues ; cellules −8 et +8 bornées",event,65,842,0,25,1998,2024,,,,,,,,,,,
h1,H1,H1,"log(naissances+0,5 / 1 000 f. 15-49)","tous municipios, sans covariables",twfe,7,-0.1585169635708597,0.03897272205291572,-0.23490209517406443,-0.08213183196765497,4.7544189404446016e-05,907,24489,False," ; fenêtre 1998-2024 ; 842 traitées, 65 jamais traitées sur la fenêtre ; 25 unités incomplètes exclues ; cellules −8 et +8 bornées",event,65,842,0,25,1998,2024,,,,,,,,,,,
h1,H1,H1,"log(naissances+0,5 / 1 000 f. 15-49)","tous municipios, sans covariables",twfe,8,-0.18566726471627884,0.0452656052005696,-0.2743862206478042,-0.09694830878475345,4.100736359970468e-05,907,24489,False," ; fenêtre 1998-2024 ; 842 traitées, 65 jamais traitées sur la fenêtre ; 25 unités incomplètes exclues ; cellules −8 et +8 bornées",event,65,842,0,25,1998,2024,,,,,,,,,,,
h1,H1,H1,"log(naissances+0,5 / 1 000 f. 15-49)","tous municipios, sans covariables",twfe,"ATT[1,5]",-0.09835731323270869,0.021190272874798154,-0.13988948488988912,-0.056825141575528273,3.4567878109400957e-06,907,24489,False," ; fenêtre 1998-2024 ; 842 traitées, 65 jamais traitées sur la fenêtre ; 25 unités incomplètes exclues ; écart-type avec covariance complète (w'Vw)",post_avg,65,842,0,25,1998,2024,,,,,,,,,,,
h1,H1,H1,"log(naissances+0,5 / 1 000 f. 15-49)","tous municipios, sans covariables",twfe,Wald pré (-8..−2),21.63591892858545,,,,0.0029345863370359927,907,24489,False,"test de Wald joint, covariance groupée, df = 7 ; fenêtre 1998-2024 ; 842 traitées, 65 jamais traitées sur la fenêtre ; 25 unités incomplètes exclues",pre_test,65,842,0,25,1998,2024,,,,,,,,,,,7.0
h1,H1,H1,"log(naissances+0,5 / 1 000 f. 15-49)","tous municipios, sans covariables",twfe,ATT,-0.07077700596196299,0.017529503699489583,-0.1051342018798242,-0.03641981004410177,5.400237929860304e-05,907,24489,False," ; fenêtre 1998-2024 ; 842 traitées, 65 jamais traitées sur la fenêtre ; 25 unités incomplètes exclues",static,65,842,0,25,1998,2024,,,,,,,,,,,
h1,H1,H1,"log(naissances+0,5 / 1 000 f. 15-49)","tous municipios, sans covariables",twfe_poisson,ATT (log du taux contrefactuel),-0.026574269033483516,0.02020950242212717,-0.06618416592632775,0.013035627859360726,0.18853030230716306,907,24489,False," ; fenêtre 1998-2024 ; 842 traitées, 65 jamais traitées sur la fenêtre ; 25 unités incomplètes exclues ; Poisson à effets fixes, offset = log(women)",static,65,842,0,25,1998,2024,,,,,,,,,,,
h1,H1,H1,"log(naissances+0,5 / 1 000 f. 15-49)","tous municipios, sans covariables",twfe_poisson,ATT en % du taux contrefactuel,-2.622428023168788,1.967952276726633,-6.404152353415416,1.3120962364505662,0.18853030230716306,907,24489,False," ; fenêtre 1998-2024 ; 842 traitées, 65 jamais traitées sur la fenêtre ; 25 unités incomplètes exclues ; Poisson à effets fixes, offset = log(women)",static,65,842,0,25,1998,2024,,,,,,,,,,,
h1,H1,H1,"log(naissances+0,5 / 1 000 f. 15-49)","covariables, contrôle = jamais traités",cs,-8,0.01049428096747711,0.04804055478861977,-0.08366347621554088,0.10465203815049509,0.8270814020035283,907,24489,False," ; covariables : share_cab, log_pop, share_edu_sup, pretrend_1014 (doublement robuste) ; contrôle = never_treated ; fenêtre 1998-2024 ; 842 traitées, 65 jamais traitées sur la fenêtre ; 25 unités incomplètes exclues",event,65,842,0,25,1998,2024,1998.0,2024.0,907.0,5.0,dr,8.0,842.0,,,,
h1,H1,H1,"log(naissances+0,5 / 1 000 f. 15-49)","covariables, contrôle = jamais traités",cs,-7,0.014644205886432608,0.04832212488334359,-0.08006541854136759,0.10935383031423279,0.7618488251722849,907,24489,False," ; covariables : share_cab, log_pop, share_edu_sup, pretrend_1014 (doublement robuste) ; contrôle = never_treated ; fenêtre 1998-2024 ; 842 traitées, 65 jamais traitées sur la fenêtre ; 25 unités incomplètes exclues",event,65,842,0,25,1998,2024,1998.0,2024.0,907.0,5.0,dr,8.0,842.0,,,,
h1,H1,H1,"log(naissances+0,5 / 1 000 f. 15-49)","covariables, contrôle = jamais traités",cs,-6,0.003342555702733712,0.04016284504128229,-0.07537517409484268,0.08206028550031011,0.9336725766762874,907,24489,False," ; covariables : share_cab, log_pop, share_edu_sup, pretrend_1014 (doublement robuste) ; contrôle = never_treated ; fenêtre 1998-2024 ; 842 traitées, 65 jamais traitées sur la fenêtre ; 25 unités incomplètes exclues",event,65,842,0,25,1998,2024,1998.0,2024.0,907.0,5.0,dr,8.0,842.0,,,,
h1,H1,H1,"log(naissances+0,5 / 1 000 f. 15-49)","covariables, contrôle = jamais traités",cs,-5,0.009458226842451605,0.047767333819788704,-0.08416402708183635,0.10308048076673956,0.8430402359904955,907,24489,False," ; covariables : share_cab, log_pop, share_edu_sup, pretrend_1014 (doublement robuste) ; contrôle = never_treated ; fenêtre 1998-2024 ; 842 traitées, 65 jamais traitées sur la fenêtre ; 25 unités incomplètes exclues",event,65,842,0,25,1998,2024,1998.0,2024.0,907.0,5.0,dr,8.0,842.0,,,,
h1,H1,H1,"log(naissances+0,5 / 1 000 f. 15-49)","covariables, contrôle = jamais traités",cs,-4,0.014703357739487746,0.03919828519250805,-0.062123869493557735,0.09153058497253323,0.7075845609604694,907,24489,False," ; covariables : share_cab, log_pop, share_edu_sup, pretrend_1014 (doublement robuste) ; contrôle = never_treated ; fenêtre 1998-2024 ; 842 traitées, 65 jamais traitées sur la fenêtre ; 25 unités incomplètes exclues",event,65,842,0,25,1998,2024,1998.0,2024.0,907.0,5.0,dr,8.0,842.0,,,,
h1,H1,H1,"log(naissances+0,5 / 1 000 f. 15-49)","covariables, contrôle = jamais traités",cs,-3,0.0358063672054143,0.03173242931185897,-0.026388051387792405,0.09800078579862101,0.2591577595205279,907,24489,False," ; covariables : share_cab, log_pop, share_edu_sup, pretrend_1014 (doublement robuste) ; contrôle = never_treated ; fenêtre 1998-2024 ; 842 traitées, 65 jamais traitées sur la fenêtre ; 25 unités incomplètes exclues",event,65,842,0,25,1998,2024,1998.0,2024.0,907.0,5.0,dr,8.0,842.0,,,,
h1,H1,H1,"log(naissances+0,5 / 1 000 f. 15-49)","covariables, contrôle = jamais traités",cs,-2,-0.011676227432722185,0.018253396558749243,-0.04745222728339807,0.024099772417953694,0.5223844109577891,907,24489,False," ; covariables : share_cab, log_pop, share_edu_sup, pretrend_1014 (doublement robuste) ; contrôle = never_treated ; fenêtre 1998-2024 ; 842 traitées, 65 jamais traitées sur la fenêtre ; 25 unités incomplètes exclues",event,65,842,0,25,1998,2024,1998.0,2024.0,907.0,5.0,dr,8.0,842.0,,,,
h1,H1,H1,"log(naissances+0,5 / 1 000 f. 15-49)","covariables, contrôle = jamais traités",cs,0,-0.009082437502811824,0.016269840287096493,-0.04097073849973976,0.022805863494116112,0.576682110550204,907,24489,False," ; covariables : share_cab, log_pop, share_edu_sup, pretrend_1014 (doublement robuste) ; contrôle = never_treated ; fenêtre 1998-2024 ; 842 traitées, 65 jamais traitées sur la fenêtre ; 25 unités incomplètes exclues",event,65,842,0,25,1998,2024,1998.0,2024.0,907.0,5.0,dr,8.0,842.0,,,,
h1,H1,H1,"log(naissances+0,5 / 1 000 f. 15-49)","covariables, contrôle = jamais traités",cs,1,-0.027324827548746718,0.030144440799302407,-0.08640684584947923,0.0317571907519858,0.3646907119845355,907,24489,False," ; covariables : share_cab, log_pop, share_edu_sup, pretrend_1014 (doublement robuste) ; contrôle = never_treated ; fenêtre 1998-2024 ; 842 traitées, 65 jamais traitées sur la fenêtre ; 25 unités incomplètes exclues",event,65,842,0,25,1998,2024,1998.0,2024.0,907.0,5.0,dr,8.0,842.0,,,,
h1,H1,H1,"log(naissances+0,5 / 1 000 f. 15-49)","covariables, contrôle = jamais traités",cs,2,0.002933282496787439,0.03464396964431807,-0.06496765028757488,0.07083421528114976,0.9325242611747456,907,24489,False," ; covariables : share_cab, log_pop, share_edu_sup, pretrend_1014 (doublement robuste) ; contrôle = never_treated ; fenêtre 1998-2024 ; 842 traitées, 65 jamais traitées sur la fenêtre ; 25 unités incomplètes exclues",event,65,842,0,25,1998,2024,1998.0,2024.0,907.0,5.0,dr,7.0,797.0,,,,
h1,H1,H1,"log(naissances+0,5 / 1 000 f. 15-49)","covariables, contrôle = jamais traités",cs,3,-0.009015998078608228,0.054118046684985974,-0.115085420494838,0.09705342433762154,0.8676857896904798,907,24489,False," ; covariables : share_cab, log_pop, share_edu_sup, pretrend_1014 (doublement robuste) ; contrôle = never_treated ; fenêtre 1998-2024 ; 842 traitées, 65 jamais traitées sur la fenêtre ; 25 unités incomplètes exclues",event,65,842,0,25,1998,2024,1998.0,2024.0,907.0,5.0,dr,6.0,754.0,,,,
h1,H1,H1,"log(naissances+0,5 / 1 000 f. 15-49)","covariables, contrôle = jamais traités",cs,4,0.01209257315006591,0.06079589735446261,-0.10706519607247475,0.13125034237260658,0.8423375061704134,907,24489,False," ; covariables : share_cab, log_pop, share_edu_sup, pretrend_1014 (doublement robuste) ; contrôle = never_treated ; fenêtre 1998-2024 ; 842 traitées, 65 jamais traitées sur la fenêtre ; 25 unités incomplètes exclues",event,65,842,0,25,1998,2024,1998.0,2024.0,907.0,5.0,dr,5.0,534.0,,,,
h1,H1,H1,"log(naissances+0,5 / 1 000 f. 15-49)","covariables, contrôle = jamais traités",cs,5,-0.05946028379127962,0.11079143739927048,-0.27660751088927377,0.1576869433067145,0.5914840890382584,907,24489,False," ; covariables : share_cab, log_pop, share_edu_sup, pretrend_1014 (doublement robuste) ; contrôle = never_treated ; fenêtre 1998-2024 ; 842 traitées, 65 jamais traitées sur la fenêtre ; 25 unités incomplètes exclues",event,65,842,0,25,1998,2024,1998.0,2024.0,907.0,5.0,dr,4.0,367.0,,,,
h1,H1,H1,"log(naissances+0,5 / 1 000 f. 15-49)","covariables, contrôle = jamais traités",cs,6,-0.04476705532107798,0.1142819990809535,-0.2687556576009864,0.17922154695883044,0.695261808957482,907,24489,False," ; covariables : share_cab, log_pop, share_edu_sup, pretrend_1014 (doublement robuste) ; contrôle = never_treated ; fenêtre 1998-2024 ; 842 traitées, 65 jamais traitées sur la fenêtre ; 25 unités incomplètes exclues",event,65,842,0,25,1998,2024,1998.0,2024.0,907.0,5.0,dr,3.0,277.0,,,,
h1,H1,H1,"log(naissances+0,5 / 1 000 f. 15-49)","covariables, contrôle = jamais traités",cs,7,-0.10383273130584754,0.13635365978254926,-0.3710809936398717,0.16341553102817663,0.44636102127834465,907,24489,False," ; covariables : share_cab, log_pop, share_edu_sup, pretrend_1014 (doublement robuste) ; contrôle = never_treated ; fenêtre 1998-2024 ; 842 traitées, 65 jamais traitées sur la fenêtre ; 25 unités incomplètes exclues",event,65,842,0,25,1998,2024,1998.0,2024.0,907.0,5.0,dr,2.0,173.0,,,,
h1,H1,H1,"log(naissances+0,5 / 1 000 f. 15-49)","covariables, contrôle = jamais traités",cs,8,-0.08109086761274177,0.15796001982907729,-0.39068681747496603,0.22850508224948252,0.6076972543370949,907,24489,False," ; covariables : share_cab, log_pop, share_edu_sup, pretrend_1014 (doublement robuste) ; contrôle = never_treated ; fenêtre 1998-2024 ; 842 traitées, 65 jamais traitées sur la fenêtre ; 25 unités incomplètes exclues",event,65,842,0,25,1998,2024,1998.0,2024.0,907.0,5.0,dr,1.0,93.0,,,,
h1,H1,H1,"log(naissances+0,5 / 1 000 f. 15-49)","covariables, contrôle = jamais traités",cs,"ATT[1,5]",-0.016155050754356245,0.054866586675271084,-0.1236915845925328,0.0913814830838203,0.7684198535339773,907,24489,False," ; covariables : share_cab, log_pop, share_edu_sup, pretrend_1014 (doublement robuste) ; contrôle = never_treated ; fenêtre 1998-2024 ; 842 traitées, 65 jamais traitées sur la fenêtre ; 25 unités incomplètes exclues ; écart-type avec covariance complète des coefficients (fonctions d'influence)",post_avg,65,842,0,25,1998,2024,1998.0,2024.0,907.0,5.0,dr,,,,,5.0,
h1,H1,H1,"log(naissances+0,5 / 1 000 f. 15-49)","covariables, contrôle = jamais traités",cs,ATT,-0.018889641203642428,0.0485277284849531,-0.11400224128568898,0.07622295887840413,0.6970878221650416,907,24489,False," ; covariables : share_cab, log_pop, share_edu_sup, pretrend_1014 (doublement robuste) ; contrôle = never_treated ; fenêtre 1998-2024 ; 842 traitées, 65 jamais traitées sur la fenêtre ; 25 unités incomplètes exclues ; moyenne de tous les ATT(g,t) post",simple,65,842,0,25,1998,2024,1998.0,2024.0,907.0,5.0,dr,,,,,,
h1,H1,H1,"log(naissances+0,5 / 1 000 f. 15-49)","covariables, contrôle = jamais traités",cs,Wald pré (-8..-2),10.952129104323596,,,,0.14072079997796952,907,24489,False,"H5c : test de Wald joint de nullité des coefficients pré avec covariance des fonctions d'influence, df = 7 ; fenêtre 1998-2024 ; 842 traitées, 65 jamais traitées sur la fenêtre ; 25 unités incomplètes exclues",pre_test,65,842,0,25,1998,2024,1998.0,2024.0,907.0,5.0,dr,,,,,,7.0
h1,H1,H1,naissances / 1 000 f. 15-49 (taux brut),municipios avec covariables,cs,-8,-0.4429250287005983,0.9176249761868521,-2.241436933341253,1.3555868759400564,0.6293184735268148,907,24489,False," ; covariables : share_cab, log_pop, share_edu_sup, pretrend_1014 (doublement robuste) ; contrôle = not_yet_treated ; fenêtre 1998-2024 ; 842 traitées, 65 jamais traitées sur la fenêtre ; 25 unités incomplètes exclues",event,65,842,0,25,1998,2024,1998.0,2024.0,907.0,5.0,dr,8.0,842.0,,,,
h1,H1,H1,naissances / 1 000 f. 15-49 (taux brut),municipios avec covariables,cs,-7,0.459713865340831,0.8222064655764294,-1.1517811950449424,2.071208925726604,0.5760783435059345,907,24489,False," ; covariables : share_cab, log_pop, share_edu_sup, pretrend_1014 (doublement robuste) ; contrôle = not_yet_treated ; fenêtre 1998-2024 ; 842 traitées, 65 jamais traitées sur la fenêtre ; 25 unités incomplètes exclues",event,65,842,0,25,1998,2024,1998.0,2024.0,907.0,5.0,dr,8.0,842.0,,,,
h1,H1,H1,naissances / 1 000 f. 15-49 (taux brut),municipios avec covariables,cs,-6,-0.2952810595123243,0.7006661067242249,-1.6685613938797028,1.0779992748550542,0.6734418019211053,907,24489,False," ; covariables : share_cab, log_pop, share_edu_sup, pretrend_1014 (doublement robuste) ; contrôle = not_yet_treated ; fenêtre 1998-2024 ; 842 traitées, 65 jamais traitées sur la fenêtre ; 25 unités incomplètes exclues",event,65,842,0,25,1998,2024,1998.0,2024.0,907.0,5.0,dr,8.0,842.0,,,,
h1,H1,H1,naissances / 1 000 f. 15-49 (taux brut),municipios avec covariables,cs,-5,0.5439429725044279,0.7305173312374234,-0.8878446868032389,1.9757306318120946,0.45651376026554136,907,24489,False," ; covariables : share_cab, log_pop, share_edu_sup, pretrend_1014 (doublement robuste) ; contrôle = not_yet_treated ; fenêtre 1998-2024 ; 842 traitées, 65 jamais traitées sur la fenêtre ; 25 unités incomplètes exclues",event,65,842,0,25,1998,2024,1998.0,2024.0,907.0,5.0,dr,8.0,842.0,,,,
h1,H1,H1,naissances / 1 000 f. 15-49 (taux brut),municipios avec covariables,cs,-4,0.3284908901876001,0.7202475792962238,-1.0831684251851554,1.7401502055603555,0.6483320779133278,907,24489,False," ; covariables : share_cab, log_pop, share_edu_sup, pretrend_1014 (doublement robuste) ; contrôle = not_yet_treated ; fenêtre 1998-2024 ; 842 traitées, 65 jamais traitées sur la fenêtre ; 25 unités incomplètes exclues",event,65,842,0,25,1998,2024,1998.0,2024.0,907.0,5.0,dr,8.0,842.0,,,,
h1,H1,H1,naissances / 1 000 f. 15-49 (taux brut),municipios avec covariables,cs,-3,0.7694480425171626,0.7180819482716354,-0.637966714043597,2.176862799077922,0.2839301298190027,907,24489,False," ; covariables : share_cab, log_pop, share_edu_sup, pretrend_1014 (doublement robuste) ; contrôle = not_yet_treated ; fenêtre 1998-2024 ; 842 traitées, 65 jamais traitées sur la fenêtre ; 25 unités incomplètes exclues",event,65,842,0,25,1998,2024,1998.0,2024.0,907.0,5.0,dr,8.0,842.0,,,,
h1,H1,H1,naissances / 1 000 f. 15-49 (taux brut),municipios avec covariables,cs,-2,-0.5349271879106419,0.48087963340835777,-1.4774339502898473,0.4075795744685635,0.2659691684579456,907,24489,False," ; covariables : share_cab, log_pop, share_edu_sup, pretrend_1014 (doublement robuste) ; contrôle = not_yet_treated ; fenêtre 1998-2024 ; 842 traitées, 65 jamais traitées sur la fenêtre ; 25 unités incomplètes exclues",event,65,842,0,25,1998,2024,1998.0,2024.0,907.0,5.0,dr,8.0,842.0,,,,
h1,H1,H1,naissances / 1 000 f. 15-49 (taux brut),municipios avec covariables,cs,0,-0.40611851429379975,0.5129894911823295,-1.4115594414586932,0.5993224128710937,0.428552978461898,907,24489,False," ; covariables : share_cab, log_pop, share_edu_sup, pretrend_1014 (doublement robuste) ; contrôle = not_yet_treated ; fenêtre 1998-2024 ; 842 traitées, 65 jamais traitées sur la fenêtre ; 25 unités incomplètes exclues",event,65,842,0,25,1998,2024,1998.0,2024.0,907.0,5.0,dr,8.0,842.0,,,,
h1,H1,H1,naissances / 1 000 f. 15-49 (taux brut),municipios avec covariables,cs,1,-1.3986961212064601,0.8376073399246754,-3.0403763406452224,0.24298409823230216,0.09494490923736798,907,24489,False," ; covariables : share_cab, log_pop, share_edu_sup, pretrend_1014 (doublement robuste) ; contrôle = not_yet_treated ; fenêtre 1998-2024 ; 842 traitées, 65 jamais traitées sur la fenêtre ; 25 unités incomplètes exclues",event,65,842,0,25,1998,2024,1998.0,2024.0,907.0,5.0,dr,8.0,842.0,,,,
h1,H1,H1,naissances / 1 000 f. 15-49 (taux brut),municipios avec covariables,cs,2,-0.3611281033715681,0.8636010680906222,-2.0537550938395106,1.3314988870963744,0.6758261765776501,907,24489,False," ; covariables : share_cab, log_pop, share_edu_sup, pretrend_1014 (doublement robuste) ; contrôle = not_yet_treated ; fenêtre 1998-2024 ; 842 traitées, 65 jamais traitées sur la fenêtre ; 25 unités incomplètes exclues",event,65,842,0,25,1998,2024,1998.0,2024.0,907.0,5.0,dr,7.0,797.0,,,,
h1,H1,H1,naissances / 1 000 f. 15-49 (taux brut),municipios avec covariables,cs,3,-0.29113462679085544,1.3078679151661188,-2.854508637051935,2.2722393834702244,0.823844914829123,907,24489,False," ; covariables : share_cab, log_pop, share_edu_sup, pretrend_1014 (doublement robuste) ; contrôle = not_yet_treated ; fenêtre 1998-2024 ; 842 traitées, 65 jamais traitées sur la fenêtre ; 25 unités incomplètes exclues",event,65,842,0,25,1998,2024,1998.0,2024.0,907.0,5.0,dr,6.0,754.0,,,,
h1,H1,H1,naissances / 1 000 f. 15-49 (taux brut),municipios avec covariables,cs,4,0.20581201433574137,1.796364524190677,-3.3149977561834163,3.726621784854899,0.9087848428793243,907,24489,False," ; covariables : share_cab, log_pop, share_edu_sup, pretrend_1014 (doublement robuste) ; contrôle = not_yet_treated ; fenêtre 1998-2024 ; 842 traitées, 65 jamais traitées sur la fenêtre ; 25 unités incomplètes exclues",event,65,842,0,25,1998,2024,1998.0,2024.0,907.0,5.0,dr,5.0,534.0,,,,
h1,H1,H1,naissances / 1 000 f. 15-49 (taux brut),municipios avec covariables,cs,5,-2.466481288391876,4.022220035215561,-10.349887695309803,5.416925118526052,0.539734906187312,907,24489,False," ; covariables : share_cab, log_pop, share_edu_sup, pretrend_1014 (doublement robuste) ; contrôle = not_yet_treated ; fenêtre 1998-2024 ; 842 traitées, 65 jamais traitées sur la fenêtre ; 25 unités incomplètes exclues",event,65,842,0,25,1998,2024,1998.0,2024.0,907.0,5.0,dr,4.0,367.0,,,,
h1,H1,H1,naissances / 1 000 f. 15-49 (taux brut),municipios avec covariables,cs,6,-0.4214938207387072,4.206277658502618,-8.665646540379306,7.822658898901892,0.920180865408085,907,24489,False," ; covariables : share_cab, log_pop, share_edu_sup, pretrend_1014 (doublement robuste) ; contrôle = not_yet_treated ; fenêtre 1998-2024 ; 842 traitées, 65 jamais traitées sur la fenêtre ; 25 unités incomplètes exclues",event,65,842,0,25,1998,2024,1998.0,2024.0,907.0,5.0,dr,3.0,277.0,,,,
h1,H1,H1,naissances / 1 000 f. 15-49 (taux brut),municipios avec covariables,cs,7,-2.909986539260008,4.616000231063162,-11.957180744772373,6.137207666252357,0.5284244095914252,907,24489,False," ; covariables : share_cab, log_pop, share_edu_sup, pretrend_1014 (doublement robuste) ; contrôle = not_yet_treated ; fenêtre 1998-2024 ; 842 traitées, 65 jamais traitées sur la fenêtre ; 25 unités incomplètes exclues",event,65,842,0,25,1998,2024,1998.0,2024.0,907.0,5.0,dr,2.0,173.0,,,,
h1,H1,H1,naissances / 1 000 f. 15-49 (taux brut),municipios avec covariables,cs,8,-2.4815257589243185,5.439554921301624,-13.142857496603108,8.179805978754471,0.6482460591677645,907,24489,False," ; covariables : share_cab, log_pop, share_edu_sup, pretrend_1014 (doublement robuste) ; contrôle = not_yet_treated ; fenêtre 1998-2024 ; 842 traitées, 65 jamais traitées sur la fenêtre ; 25 unités incomplètes exclues",event,65,842,0,25,1998,2024,1998.0,2024.0,907.0,5.0,dr,1.0,93.0,,,,
h1,H1,H1,naissances / 1 000 f. 15-49 (taux brut),municipios avec covariables,cs,"ATT[1,5]",-0.8623256250850038,1.4217280711395568,-3.648861440328135,1.9242101901581272,0.5441605802963361,907,24489,False," ; covariables : share_cab, log_pop, share_edu_sup, pretrend_1014 (doublement robuste) ; contrôle = not_yet_treated ; fenêtre 1998-2024 ; 842 traitées, 65 jamais traitées sur la fenêtre ; 25 unités incomplètes exclues ; écart-type avec covariance complète des coefficients (fonctions d'influence)",post_avg,65,842,0,25,1998,2024,1998.0,2024.0,907.0,5.0,dr,,,,,5.0,
h1,H1,H1,naissances / 1 000 f. 15-49 (taux brut),municipios avec covariables,cs,ATT,-0.7850495624021713,1.192379502049548,-3.122070442323089,1.5519713175187464,0.5102881941042686,907,24489,False," ; covariables : share_cab, log_pop, share_edu_sup, pretrend_1014 (doublement robuste) ; contrôle = not_yet_treated ; fenêtre 1998-2024 ; 842 traitées, 65 jamais traitées sur la fenêtre ; 25 unités incomplètes exclues ; moyenne de tous les ATT(g,t) post",simple,65,842,0,25,1998,2024,1998.0,2024.0,907.0,5.0,dr,,,,,,
h1,H1,H1,naissances / 1 000 f. 15-49 (taux brut),municipios avec covariables,cs,Wald pré (-8..-2),10.22690087347376,,,,0.17607570539961157,907,24489,False,"H5c : test de Wald joint de nullité des coefficients pré avec covariance des fonctions d'influence, df = 7 ; fenêtre 1998-2024 ; 842 traitées, 65 jamais traitées sur la fenêtre ; 25 unités incomplètes exclues",pre_test,65,842,0,25,1998,2024,1998.0,2024.0,907.0,5.0,dr,,,,,,7.0
h1,H1,H1,asinh(taux),municipios avec covariables,cs,-8,0.0030558977570036084,0.0251868738291608,-0.046309467831306,0.05242126334531322,0.903430465406635,907,24489,False," ; covariables : share_cab, log_pop, share_edu_sup, pretrend_1014 (doublement robuste) ; contrôle = not_yet_treated ; fenêtre 1998-2024 ; 842 traitées, 65 jamais traitées sur la fenêtre ; 25 unités incomplètes exclues",event,65,842,0,25,1998,2024,1998.0,2024.0,907.0,5.0,dr,8.0,842.0,,,,
h1,H1,H1,asinh(taux),municipios avec covariables,cs,-7,0.0223152239155395,0.022365676629263437,-0.02152069676768603,0.06615114459876503,0.3184034190623273,907,24489,False," ; covariables : share_cab, log_pop, share_edu_sup, pretrend_1014 (doublement robuste) ; contrôle = not_yet_treated ; fenêtre 1998-2024 ; 842 traitées, 65 jamais traitées sur la fenêtre ; 25 unités incomplètes exclues",event,65,842,0,25,1998,2024,1998.0,2024.0,907.0,5.0,dr,8.0,842.0,,,,
h1,H1,H1,asinh(taux),municipios avec covariables,cs,-6,0.01473712386158892,0.019232506661275153,-0.02295789652693706,0.0524321442501149,0.4435208928606792,907,24489,False," ; covariables : share_cab, log_pop, share_edu_sup, pretrend_1014 (doublement robuste) ; contrôle = not_yet_treated ; fenêtre 1998-2024 ; 842 traitées, 65 jamais traitées sur la fenêtre ; 25 unités incomplètes exclues",event,65,842,0,25,1998,2024,1998.0,2024.0,907.0,5.0,dr,8.0,842.0,,,,
h1,H1,H1,asinh(taux),municipios avec covariables,cs,-5,0.028147704752896276,0.020619918748714113,-0.012266593358725604,0.06856200286451816,0.17222994857124252,907,24489,False," ; covariables : share_cab, log_pop, share_edu_sup, pretrend_1014 (doublement robuste) ; contrôle = not_yet_treated ; fenêtre 1998-2024 ; 842 traitées, 65 jamais traitées sur la fenêtre ; 25 unités incomplètes exclues",event,65,842,0,25,1998,2024,1998.0,2024.0,907.0,5.0,dr,8.0,842.0,,,,
h1,H1,H1,asinh(taux),municipios avec covariables,cs,-4,0.021925424190230563,0.01943136324210168,-0.016159347934804186,0.060010196315265316,0.2591711470565865,907,24489,False," ; covariables : share_cab, log_pop, share_edu_sup, pretrend_1014 (doublement robuste) ; contrôle = not_yet_treated ; fenêtre 1998-2024 ; 842 traitées, 65 jamais traitées sur la fenêtre ; 25 unités incomplètes exclues",event,65,842,0,25,1998,2024,1998.0,2024.0,907.0,5.0,dr,8.0,842.0,,,,
h1,H1,H1,asinh(taux),municipios avec covariables,cs,-3,0.023050858262334495,0.021272785762312868,-0.018643035682635166,0.06474475220730416,0.27854912182705127,907,24489,False," ; covariables : share_cab, log_pop, share_edu_sup, pretrend_1014 (doublement robuste) ; contrôle = not_yet_treated ; fenêtre 1998-2024 ; 842 traitées, 65 jamais traitées sur la fenêtre ; 25 unités incomplètes exclues",event,65,842,0,25,1998,2024,1998.0,2024.0,907.0,5.0,dr,8.0,842.0,,,,
h1,H1,H1,asinh(taux),municipios avec covariables,cs,-2,-0.01010816258940696,0.011644343402172476,-0.03293065628128161,0.012714331102467695,0.38535331407042384,907,24489,False," ; covariables : share_cab, log_pop, share_edu_sup, pretrend_1014 (doublement robuste) ; contrôle = not_yet_treated ; fenêtre 1998-2024 ; 842 traitées, 65 jamais traitées sur la fenêtre ; 25 unités incomplètes exclues",event,65,842,0,25,1998,2024,1998.0,2024.0,907.0,5.0,dr,8.0,842.0,,,,
h1,H1,H1,asinh(taux),municipios avec covariables,cs,0,-0.006425628499929178,0.013332412940347413,-0.03255667769002587,0.019705420690167515,0.6298376249133911,907,24489,False," ; covariables : share_cab, log_pop, share_edu_sup, pretrend_1014 (doublement robuste) ; contrôle = not_yet_treated ; fenêtre 1998-2024 ; 842 traitées, 65 jamais traitées sur la fenêtre ; 25 unités incomplètes exclues",event,65,842,0,25,1998,2024,1998.0,2024.0,907.0,5.0,dr,8.0,842.0,,,,
h1,H1,H1,asinh(taux),municipios avec covariables,cs,1,-0.02421760227972187,0.017895580723906776,-0.05929229598100838,0.010857091421564644,0.1759685017097261,907,24489,False," ; covariables : share_cab, log_pop, share_edu_sup, pretrend_1014 (doublement robuste) ; contrôle = not_yet_treated ; fenêtre 1998-2024 ; 842 traitées, 65 jamais traitées sur la fenêtre ; 25 unités incomplètes exclues",event,65,842,0,25,1998,2024,1998.0,2024.0,907.0,5.0,dr,8.0,842.0,,,,
h1,H1,H1,asinh(taux),municipios avec covariables,cs,2,-0.0029688799138719167,0.021852782344747794,-0.045799546271570346,0.039861786443826513,0.8919333719151583,907,24489,False," ; covariables : share_cab, log_pop, share_edu_sup, pretrend_1014 (doublement robuste) ; contrôle = not_yet_treated ; fenêtre 1998-2024 ; 842 traitées, 65 jamais traitées sur la fenêtre ; 25 unités incomplètes exclues",event,65,842,0,25,1998,2024,1998.0,2024.0,907.0,5.0,dr,7.0,797.0,,,,
h1,H1,H1,asinh(taux),municipios avec covariables,cs,3,-0.009374410753744256,0.037971218139867674,-0.08379663075699889,0.06504780924951037,0.8049995374139688,907,24489,False," ; covariables : share_cab, log_pop, share_edu_sup, pretrend_1014 (doublement robuste) ; contrôle = not_yet_treated ; fenêtre 1998-2024 ; 842 traitées, 65 jamais traitées sur la fenêtre ; 25 unités incomplètes exclues",event,65,842,0,25,1998,2024,1998.0,2024.0,907.0,5.0,dr,6.0,754.0,,,,
h1,H1,H1,asinh(taux),municipios avec covariables,cs,4,0.022128151356010036,0.054807269880498236,-0.08529212370073337,0.12954842641275344,0.6864003766320844,907,24489,False," ; covariables : share_cab, log_pop, share_edu_sup, pretrend_1014 (doublement robuste) ; contrôle = not_yet_treated ; fenêtre 1998-2024 ; 842 traitées, 65 jamais traitées sur la fenêtre ; 25 unités incomplètes exclues",event,65,842,0,25,1998,2024,1998.0,2024.0,907.0,5.0,dr,5.0,534.0,,,,
h1,H1,H1,asinh(taux),municipios avec covariables,cs,5,-0.03020513459928042,0.1232359231347587,-0.2717431055449539,0.21133283634639308,0.8063789411078084,907,24489,False," ; covariables : share_cab, log_pop, share_edu_sup, pretrend_1014 (doublement robuste) ; contrôle = not_yet_treated ; fenêtre 1998-2024 ; 842 traitées, 65 jamais traitées sur la fenêtre ; 25 unités incomplètes exclues",event,65,842,0,25,1998,2024,1998.0,2024.0,907.0,5.0,dr,4.0,367.0,,,,
h1,H1,H1,asinh(taux),municipios avec covariables,cs,6,-0.011731079030890452,0.12311404337411416,-0.2530301700352563,0.22956801197347537,0.9240874411889686,907,24489,False," ; covariables : share_cab, log_pop, share_edu_sup, pretrend_1014 (doublement robuste) ; contrôle = not_yet_treated ; fenêtre 1998-2024 ; 842 traitées, 65 jamais traitées sur la fenêtre ; 25 unités incomplètes exclues",event,65,842,0,25,1998,2024,1998.0,2024.0,907.0,5.0,dr,3.0,277.0,,,,
h1,H1,H1,asinh(taux),municipios avec covariables,cs,7,-0.10435932170739434,0.14005290367139783,-0.3788579688335916,0.17013932541880292,0.4561857906911384,907,24489,False," ; covariables : share_cab, log_pop, share_edu_sup, pretrend_1014 (doublement robuste) ; contrôle = not_yet_treated ; fenêtre 1998-2024 ; 842 traitées, 65 jamais traitées sur la fenêtre ; 25 unités incomplètes exclues",event,65,842,0,25,1998,2024,1998.0,2024.0,907.0,5.0,dr,2.0,173.0,,,,
h1,H1,H1,asinh(taux),municipios avec covariables,cs,8,-0.07799307701344767,0.16093519868648465,-0.39342027028375537,0.23743411625686006,0.6279430098582945,907,24489,False," ; covariables : share_cab, log_pop, share_edu_sup, pretrend_1014 (doublement robuste) ; contrôle = not_yet_treated ; fenêtre 1998-2024 ; 842 traitées, 65 jamais traitées sur la fenêtre ; 25 unités incomplètes exclues",event,65,842,0,25,1998,2024,1998.0,2024.0,907.0,5.0,dr,1.0,93.0,,,,
h1,H1,H1,asinh(taux),municipios avec covariables,cs,"ATT[1,5]",-0.008927575238121686,0.0419827140578547,-0.09121218276476031,0.07335703228851695,0.8316008775845464,907,24489,False," ; covariables : share_cab, log_pop, share_edu_sup, pretrend_1014 (doublement robuste) ; contrôle = not_yet_treated ; fenêtre 1998-2024 ; 842 traitées, 65 jamais traitées sur la fenêtre ; 25 unités incomplètes exclues ; écart-type avec covariance complète des coefficients (fonctions d'influence)",post_avg,65,842,0,25,1998,2024,1998.0,2024.0,907.0,5.0,dr,,,,,5.0,
h1,H1,H1,asinh(taux),municipios avec covariables,cs,ATT,-0.013477662449061404,0.034442548018787246,-0.08098381610167579,0.05402849120355299,0.6955692027998597,907,24489,False," ; covariables : share_cab, log_pop, share_edu_sup, pretrend_1014 (doublement robuste) ; contrôle = not_yet_treated ; fenêtre 1998-2024 ; 842 traitées, 65 jamais traitées sur la fenêtre ; 25 unités incomplètes exclues ; moyenne de tous les ATT(g,t) post",simple,65,842,0,25,1998,2024,1998.0,2024.0,907.0,5.0,dr,,,,,,
h1,H1,H1,asinh(taux),municipios avec covariables,cs,Wald pré (-8..-2),10.176914200348552,,,,0.17876762618779135,907,24489,False,"H5c : test de Wald joint de nullité des coefficients pré avec covariance des fonctions d'influence, df = 7 ; fenêtre 1998-2024 ; 842 traitées, 65 jamais traitées sur la fenêtre ; 25 unités incomplètes exclues",pre_test,65,842,0,25,1998,2024,1998.0,2024.0,907.0,5.0,dr,,,,,,7.0
h1,H1,H1,"log(naissances+0,5 / 1 000 f. 15-49)","municipios avec covariables, référence −2 (anticipation = 1)",cs,-8,0.01730947510028743,0.019665822396037095,-0.021234828522306466,0.055853778722881324,0.37876148830531575,907,24489,True,"complément A2 : année −1 partiellement exposée ; covariables : share_cab, log_pop, share_edu_sup, pretrend_1014 (doublement robuste) ; contrôle = not_yet_treated ; fenêtre 1998-2024 ; 842 traitées, 65 jamais traitées sur la fenêtre ; 25 unités incomplètes exclues ; référence −2",event,65,842,0,25,1998,2024,1998.0,2024.0,907.0,5.0,dr,8.0,842.0,,,,
h1,H1,H1,"log(naissances+0,5 / 1 000 f. 15-49)","municipios avec covariables, référence −2 (anticipation = 1)",cs,-7,0.032263272219214684,0.01775716341563634,-0.0025401285430247944,0.06706667298145416,0.0692299945316156,907,24489,True,"complément A2 : année −1 partiellement exposée ; covariables : share_cab, log_pop, share_edu_sup, pretrend_1014 (doublement robuste) ; contrôle = not_yet_treated ; fenêtre 1998-2024 ; 842 traitées, 65 jamais traitées sur la fenêtre ; 25 unités incomplètes exclues ; référence −2",event,65,842,0,25,1998,2024,1998.0,2024.0,907.0,5.0,dr,8.0,842.0,,,,
h1,H1,H1,"log(naissances+0,5 / 1 000 f. 15-49)","municipios avec covariables, référence −2 (anticipation = 1)",cs,-6,0.021774128072921808,0.014611635633193948,-0.006864151523360437,0.05041240766920405,0.1361740193136163,907,24489,True,"complément A2 : année −1 partiellement exposée ; covariables : share_cab, log_pop, share_edu_sup, pretrend_1014 (doublement robuste) ; contrôle = not_yet_treated ; fenêtre 1998-2024 ; 842 traitées, 65 jamais traitées sur la fenêtre ; 25 unités incomplètes exclues ; référence −2",event,65,842,0,25,1998,2024,1998.0,2024.0,907.0,5.0,dr,8.0,842.0,,,,
h1,H1,H1,"log(naissances+0,5 / 1 000 f. 15-49)","municipios avec covariables, référence −2 (anticipation = 1)",cs,-5,0.03664331229681821,0.01613261862627809,0.005023960812993118,0.0682626637806433,0.023123965320941967,907,24489,True,"complément A2 : année −1 partiellement exposée ; covariables : share_cab, log_pop, share_edu_sup, pretrend_1014 (doublement robuste) ; contrôle = not_yet_treated ; fenêtre 1998-2024 ; 842 traitées, 65 jamais traitées sur la fenêtre ; 25 unités incomplètes exclues ; référence −2",event,65,842,0,25,1998,2024,1998.0,2024.0,907.0,5.0,dr,8.0,842.0,,,,
h1,H1,H1,"log(naissances+0,5 / 1 000 f. 15-49)","municipios avec covariables, référence −2 (anticipation = 1)",cs,-4,0.029145112077816997,0.014597419264513427,0.0005346960521395161,0.05775552810349448,0.045869362085968375,907,24489,True,"complément A2 : année −1 partiellement exposée ; covariables : share_cab, log_pop, share_edu_sup, pretrend_1014 (doublement robuste) ; contrôle = not_yet_treated ; fenêtre 1998-2024 ; 842 traitées, 65 jamais traitées sur la fenêtre ; 25 unités incomplètes exclues ; référence −2",event,65,842,0,25,1998,2024,1998.0,2024.0,907.0,5.0,dr,8.0,842.0,,,,
h1,H1,H1,"log(naissances+0,5 / 1 000 f. 15-49)","municipios avec covariables, référence −2 (anticipation = 1)",cs,-3,0.03243670147445274,0.017445148909035875,-0.0017551620921957903,0.06662856504110126,0.0629770256263593,907,24489,True,"complément A2 : année −1 partiellement exposée ; covariables : share_cab, log_pop, share_edu_sup, pretrend_1014 (doublement robuste) ; contrôle = not_yet_treated ; fenêtre 1998-2024 ; 842 traitées, 65 jamais traitées sur la fenêtre ; 25 unités incomplètes exclues ; référence −2",event,65,842,0,25,1998,2024,1998.0,2024.0,907.0,5.0,dr,8.0,842.0,,,,
h1,H1,H1,"log(naissances+0,5 / 1 000 f. 15-49)","municipios avec covariables, référence −2 (anticipation = 1)",cs,-1,0.010056957960608813,0.011475129953729358,-0.012433883466617505,0.03254779938783513,0.3808053219221714,907,24489,True,"complément A2 : année −1 partiellement exposée ; covariables : share_cab, log_pop, share_edu_sup, pretrend_1014 (doublement robuste) ; contrôle = not_yet_treated ; fenêtre 1998-2024 ; 842 traitées, 65 jamais traitées sur la fenêtre ; 25 unités incomplètes exclues ; référence −2",event,65,842,0,25,1998,2024,1998.0,2024.0,907.0,5.0,dr,8.0,842.0,,,,
h1,H1,H1,"log(naissances+0,5 / 1 000 f. 15-49)","municipios avec covariables, référence −2 (anticipation = 1)",cs,0,-0.017534011454037695,0.020179337050521513,-0.057084785304954574,0.022016762396879188,0.3848968013937325,907,24489,True,"complément A2 : année −1 partiellement exposée ; covariables : share_cab, log_pop, share_edu_sup, pretrend_1014 (doublement robuste) ; contrôle = not_yet_treated ; fenêtre 1998-2024 ; 842 traitées, 65 jamais traitées sur la fenêtre ; 25 unités incomplètes exclues ; référence −2",event,65,842,0,25,1998,2024,1998.0,2024.0,907.0,5.0,dr,8.0,842.0,,,,
h1,H1,H1,"log(naissances+0,5 / 1 000 f. 15-49)","municipios avec covariables, référence −2 (anticipation = 1)",cs,1,-0.02146032551790391,0.02598660979128653,-0.07239314478912144,0.029472493753313622,0.4089048224245043,907,24489,True,"complément A2 : année −1 partiellement exposée ; covariables : share_cab, log_pop, share_edu_sup, pretrend_1014 (doublement robuste) ; contrôle = not_yet_treated ; fenêtre 1998-2024 ; 842 traitées, 65 jamais traitées sur la fenêtre ; 25 unités incomplètes exclues ; référence −2",event,65,842,0,25,1998,2024,1998.0,2024.0,907.0,5.0,dr,8.0,842.0,,,,
h1,H1,H1,"log(naissances+0,5 / 1 000 f. 15-49)","municipios avec covariables, référence −2 (anticipation = 1)",cs,2,-8.972558351391267e-06,0.0377793481837768,-0.0740551343579526,0.07403718924124983,0.9998105031966843,907,24489,True,"complément A2 : année −1 partiellement exposée ; covariables : share_cab, log_pop, share_edu_sup, pretrend_1014 (doublement robuste) ; contrôle = not_yet_treated ; fenêtre 1998-2024 ; 842 traitées, 65 jamais traitées sur la fenêtre ; 25 unités incomplètes exclues ; référence −2",event,65,842,0,25,1998,2024,1998.0,2024.0,907.0,5.0,dr,7.0,797.0,,,,
h1,H1,H1,"log(naissances+0,5 / 1 000 f. 15-49)","municipios avec covariables, référence −2 (anticipation = 1)",cs,3,-0.007353877502393225,0.053160499191463255,-0.11154654131783186,0.09683878631304542,0.8899768569756528,907,24489,True,"complément A2 : année −1 partiellement exposée ; covariables : share_cab, log_pop, share_edu_sup, pretrend_1014 (doublement robuste) ; contrôle = not_yet_treated ; fenêtre 1998-2024 ; 842 traitées, 65 jamais traitées sur la fenêtre ; 25 unités incomplètes exclues ; référence −2",event,65,842,0,25,1998,2024,1998.0,2024.0,907.0,5.0,dr,6.0,754.0,,,,
h1,H1,H1,"log(naissances+0,5 / 1 000 f. 15-49)","municipios avec covariables, référence −2 (anticipation = 1)",cs,4,0.0016326183695800581,0.07549678239730133,-0.14633835607778806,0.14960359281694818,0.9827470863194228,907,24489,True,"complément A2 : année −1 partiellement exposée ; covariables : share_cab, log_pop, share_edu_sup, pretrend_1014 (doublement robuste) ; contrôle = not_yet_treated ; fenêtre 1998-2024 ; 842 traitées, 65 jamais traitées sur la fenêtre ; 25 unités incomplètes exclues ; référence −2",event,65,842,0,25,1998,2024,1998.0,2024.0,907.0,5.0,dr,5.0,534.0,,,,
h1,H1,H1,"log(naissances+0,5 / 1 000 f. 15-49)","municipios avec covariables, référence −2 (anticipation = 1)",cs,5,-0.001873561504036651,0.093948966370108,-0.18601015197421306,0.18226302896613977,0.9840893755803896,907,24489,True,"complément A2 : année −1 partiellement exposée ; covariables : share_cab, log_pop, share_edu_sup, pretrend_1014 (doublement robuste) ; contrôle = not_yet_treated ; fenêtre 1998-2024 ; 842 traitées, 65 jamais traitées sur la fenêtre ; 25 unités incomplètes exclues ; référence −2",event,65,842,0,25,1998,2024,1998.0,2024.0,907.0,5.0,dr,4.0,367.0,,,,
h1,H1,H1,"log(naissances+0,5 / 1 000 f. 15-49)","municipios avec covariables, référence −2 (anticipation = 1)",cs,6,0.025434165026059156,0.11469271785637916,-0.19935943126145794,0.25022776131357627,0.8245013445681343,907,24489,True,"complément A2 : année −1 partiellement exposée ; covariables : share_cab, log_pop, share_edu_sup, pretrend_1014 (doublement robuste) ; contrôle = not_yet_treated ; fenêtre 1998-2024 ; 842 traitées, 65 jamais traitées sur la fenêtre ; 25 unités incomplètes exclues ; référence −2",event,65,842,0,25,1998,2024,1998.0,2024.0,907.0,5.0,dr,3.0,277.0,,,,
h1,H1,H1,"log(naissances+0,5 / 1 000 f. 15-49)","municipios avec covariables, référence −2 (anticipation = 1)",cs,7,-0.01936255818223135,0.1382570261941182,-0.2903413501323139,0.25161623376785114,0.8886224188441935,907,24489,True,"complément A2 : année −1 partiellement exposée ; covariables : share_cab, log_pop, share_edu_sup, pretrend_1014 (doublement robuste) ; contrôle = not_yet_treated ; fenêtre 1998-2024 ; 842 traitées, 65 jamais traitées sur la fenêtre ; 25 unités incomplètes exclues ; référence −2",event,65,842,0,25,1998,2024,1998.0,2024.0,907.0,5.0,dr,2.0,173.0,,,,
h1,H1,H1,"log(naissances+0,5 / 1 000 f. 15-49)","municipios avec covariables, référence −2 (anticipation = 1)",cs,8,0.1416127852386244,0.15083706946437106,-0.15402243844510924,0.43724800892235804,0.3478097973089558,907,24489,True,"complément A2 : année −1 partiellement exposée ; covariables : share_cab, log_pop, share_edu_sup, pretrend_1014 (doublement robuste) ; contrôle = not_yet_treated ; fenêtre 1998-2024 ; 842 traitées, 65 jamais traitées sur la fenêtre ; 25 unités incomplètes exclues ; référence −2",event,65,842,0,25,1998,2024,1998.0,2024.0,907.0,5.0,dr,1.0,93.0,,,,
h1,H1,H1,"log(naissances+0,5 / 1 000 f. 15-49)","municipios avec covariables, référence −2 (anticipation = 1)",cs,"ATT[1,5]",-0.0058128237426210245,0.0522525712144367,-0.10822598142253131,0.09660033393728926,0.9114222737319199,907,24489,True,"complément A2 : année −1 partiellement exposée ; covariables : share_cab, log_pop, share_edu_sup, pretrend_1014 (doublement robuste) ; contrôle = not_yet_treated ; fenêtre 1998-2024 ; 842 traitées, 65 jamais traitées sur la fenêtre ; 25 unités incomplètes exclues ; référence −2 ; écart-type avec covariance complète des coefficients (fonctions d'influence)",post_avg,65,842,0,25,1998,2024,1998.0,2024.0,907.0,5.0,dr,,,,,5.0,
h1,H1,H1,"log(naissances+0,5 / 1 000 f. 15-49)","municipios avec covariables, référence −2 (anticipation = 1)",cs,ATT,-0.004559832268631471,0.04580751905157628,-0.09434091983085335,0.08522125529359043,0.9207068987752008,907,24489,True,"complément A2 : année −1 partiellement exposée ; covariables : share_cab, log_pop, share_edu_sup, pretrend_1014 (doublement robuste) ; contrôle = not_yet_treated ; fenêtre 1998-2024 ; 842 traitées, 65 jamais traitées sur la fenêtre ; 25 unités incomplètes exclues ; référence −2 ; moyenne de tous les ATT(g,t) post",simple,65,842,0,25,1998,2024,1998.0,2024.0,907.0,5.0,dr,,,,,,
h1,H1,H1,"log(naissances+0,5 / 1 000 f. 15-49)","municipios avec covariables, référence −2 (anticipation = 1)",cs,Wald pré (-8..-3),8.950035354314672,,,,0.17640760856042897,907,24489,True,"H5c : test de Wald joint de nullité des coefficients pré avec covariance des fonctions d'influence, df = 6 ; fenêtre 1998-2024 ; 842 traitées, 65 jamais traitées sur la fenêtre ; 25 unités incomplètes exclues",pre_test,65,842,0,25,1998,2024,1998.0,2024.0,907.0,5.0,dr,,,,,,6.0
h1,H1,H1,"log(naissances+0,5 / 1 000 f. 15-49)","municipios avec covariables, régression de résultat seule (est_method = reg)",cs,-8,-0.03280063168866702,0.016279900795268382,-0.06470865091927804,-0.0008926124580560107,0.043926332986562434,907,24489,True,"complément A2 ; covariables : share_cab, log_pop, share_edu_sup, pretrend_1014 (régression de résultat seule) ; contrôle = not_yet_treated ; fenêtre 1998-2024 ; 842 traitées, 65 jamais traitées sur la fenêtre ; 25 unités incomplètes exclues",event,65,842,0,25,1998,2024,1998.0,2024.0,907.0,5.0,reg,8.0,842.0,,,,
h1,H1,H1,"log(naissances+0,5 / 1 000 f. 15-49)","municipios avec covariables, régression de résultat seule (est_method = reg)",cs,-7,-0.019714158762561034,0.014171748279274476,-0.04749027498790649,0.008061957462784423,0.16419853379233162,907,24489,True,"complément A2 ; covariables : share_cab, log_pop, share_edu_sup, pretrend_1014 (régression de résultat seule) ; contrôle = not_yet_treated ; fenêtre 1998-2024 ; 842 traitées, 65 jamais traitées sur la fenêtre ; 25 unités incomplètes exclues",event,65,842,0,25,1998,2024,1998.0,2024.0,907.0,5.0,reg,8.0,842.0,,,,
h1,H1,H1,"log(naissances+0,5 / 1 000 f. 15-49)","municipios avec covariables, régression de résultat seule (est_method = reg)",cs,-6,-0.018787891545694324,0.01347102178899216,-0.045190609087073286,0.007614825995684638,0.16310951715989497,907,24489,True,"complément A2 ; covariables : share_cab, log_pop, share_edu_sup, pretrend_1014 (régression de résultat seule) ; contrôle = not_yet_treated ; fenêtre 1998-2024 ; 842 traitées, 65 jamais traitées sur la fenêtre ; 25 unités incomplètes exclues",event,65,842,0,25,1998,2024,1998.0,2024.0,907.0,5.0,reg,8.0,842.0,,,,
h1,H1,H1,"log(naissances+0,5 / 1 000 f. 15-49)","municipios avec covariables, régression de résultat seule (est_method = reg)",cs,-5,-0.013890590613976846,0.01297832288399046,-0.039327636046330154,0.011546454818376461,0.2844880517266901,907,24489,True,"complément A2 ; covariables : share_cab, log_pop, share_edu_sup, pretrend_1014 (régression de résultat seule) ; contrôle = not_yet_treated ; fenêtre 1998-2024 ; 842 traitées, 65 jamais traitées sur la fenêtre ; 25 unités incomplètes exclues",event,65,842,0,25,1998,2024,1998.0,2024.0,907.0,5.0,reg,8.0,842.0,,,,
h1,H1,H1,"log(naissances+0,5 / 1 000 f. 15-49)","municipios avec covariables, régression de résultat seule (est_method = reg)",cs,-4,-0.02292078996450394,0.013083245358003807,-0.04856347966709225,0.0027218997380843678,0.07978768649360593,907,24489,True,"complément A2 ; covariables : share_cab, log_pop, share_edu_sup, pretrend_1014 (régression de résultat seule) ; contrôle = not_yet_treated ; fenêtre 1998-2024 ; 842 traitées, 65 jamais traitées sur la fenêtre ; 25 unités incomplètes exclues",event,65,842,0,25,1998,2024,1998.0,2024.0,907.0,5.0,reg,8.0,842.0,,,,
h1,H1,H1,"log(naissances+0,5 / 1 000 f. 15-49)","municipios avec covariables, régression de résultat seule (est_method = reg)",cs,-3,-0.013379975006369414,0.011046533780434681,-0.03503078337002648,0.008270833357287649,0.22580442753810526,907,24489,True,"complément A2 ; covariables : share_cab, log_pop, share_edu_sup, pretrend_1014 (régression de résultat seule) ; contrôle = not_yet_treated ; fenêtre 1998-2024 ; 842 traitées, 65 jamais traitées sur la fenêtre ; 25 unités incomplètes exclues",event,65,842,0,25,1998,2024,1998.0,2024.0,907.0,5.0,reg,8.0,842.0,,,,
h1,H1,H1,"log(naissances+0,5 / 1 000 f. 15-49)","municipios avec covariables, régression de résultat seule (est_method = reg)",cs,-2,-0.023117554082731865,0.010414793560788982,-0.04353017436829794,-0.002704933797165795,0.026440203183466904,907,24489,True,"complément A2 ; covariables : share_cab, log_pop, share_edu_sup, pretrend_1014 (régression de résultat seule) ; contrôle = not_yet_treated ; fenêtre 1998-2024 ; 842 traitées, 65 jamais traitées sur la fenêtre ; 25 unités incomplètes exclues",event,65,842,0,25,1998,2024,1998.0,2024.0,907.0,5.0,reg,8.0,842.0,,,,
h1,H1,H1,"log(naissances+0,5 / 1 000 f. 15-49)","municipios avec covariables, régression de résultat seule (est_method = reg)",cs,0,0.005106172684707238,0.01023039866900733,-0.014945040254033634,0.02515738562344811,0.6176964943122749,907,24489,True,"complément A2 ; covariables : share_cab, log_pop, share_edu_sup, pretrend_1014 (régression de résultat seule) ; contrôle = not_yet_treated ; fenêtre 1998-2024 ; 842 traitées, 65 jamais traitées sur la fenêtre ; 25 unités incomplètes exclues",event,65,842,0,25,1998,2024,1998.0,2024.0,907.0,5.0,reg,8.0,842.0,,,,
h1,H1,H1,"log(naissances+0,5 / 1 000 f. 15-49)","municipios avec covariables, régression de résultat seule (est_method = reg)",cs,1,0.0029381714038992472,0.013561451879044615,-0.02364178585710124,0.029518128664899734,0.8284763550218079,907,24489,True,"complément A2 ; covariables : share_cab, log_pop, share_edu_sup, pretrend_1014 (régression de résultat seule) ; contrôle = not_yet_treated ; fenêtre 1998-2024 ; 842 traitées, 65 jamais traitées sur la fenêtre ; 25 unités incomplètes exclues",event,65,842,0,25,1998,2024,1998.0,2024.0,907.0,5.0,reg,8.0,842.0,,,,
h1,H1,H1,"log(naissances+0,5 / 1 000 f. 15-49)","municipios avec covariables, régression de résultat seule (est_method = reg)",cs,2,0.024558694717999485,0.01714174735627247,-0.00903851273237924,0.05815590216837821,0.15194837167065997,907,24489,True,"complément A2 ; covariables : share_cab, log_pop, share_edu_sup, pretrend_1014 (régression de résultat seule) ; contrôle = not_yet_treated ; fenêtre 1998-2024 ; 842 traitées, 65 jamais traitées sur la fenêtre ; 25 unités incomplètes exclues",event,65,842,0,25,1998,2024,1998.0,2024.0,907.0,5.0,reg,7.0,797.0,,,,
h1,H1,H1,"log(naissances+0,5 / 1 000 f. 15-49)","municipios avec covariables, régression de résultat seule (est_method = reg)",cs,3,0.03801062256010656,0.023122975866121106,-0.007309577352879668,0.08333082247309279,0.10020791695378709,907,24489,True,"complément A2 ; covariables : share_cab, log_pop, share_edu_sup, pretrend_1014 (régression de résultat seule) ; contrôle = not_yet_treated ; fenêtre 1998-2024 ; 842 traitées, 65 jamais traitées sur la fenêtre ; 25 unités incomplètes exclues",event,65,842,0,25,1998,2024,1998.0,2024.0,907.0,5.0,reg,6.0,754.0,,,,
h1,H1,H1,"log(naissances+0,5 / 1 000 f. 15-49)","municipios avec covariables, régression de résultat seule (est_method = reg)",cs,4,0.08241476899129349,0.03334199314103869,0.017065663262076147,0.14776387472051083,0.013443436019455109,907,24489,True,"complément A2 ; covariables : share_cab, log_pop, share_edu_sup, pretrend_1014 (régression de résultat seule) ; contrôle = not_yet_treated ; fenêtre 1998-2024 ; 842 traitées, 65 jamais traitées sur la fenêtre ; 25 unités incomplètes exclues",event,65,842,0,25,1998,2024,1998.0,2024.0,907.0,5.0,reg,5.0,534.0,,,,
h1,H1,H1,"log(naissances+0,5 / 1 000 f. 15-49)","municipios avec covariables, régression de résultat seule (est_method = reg)",cs,5,0.09974326464942314,0.05522198471571484,-0.008489836548199292,0.20797636584704557,0.070883384320791,907,24489,True,"complément A2 ; covariables : share_cab, log_pop, share_edu_sup, pretrend_1014 (régression de résultat seule) ; contrôle = not_yet_treated ; fenêtre 1998-2024 ; 842 traitées, 65 jamais traitées sur la fenêtre ; 25 unités incomplètes exclues",event,65,842,0,25,1998,2024,1998.0,2024.0,907.0,5.0,reg,4.0,367.0,,,,
h1,H1,H1,"log(naissances+0,5 / 1 000 f. 15-49)","municipios avec covariables, régression de résultat seule (est_method = reg)",cs,6,0.11412836811523983,0.07176382683410629,-0.026526147872377587,0.2547828841028572,0.1117598075596821,907,24489,True,"complément A2 ; covariables : share_cab, log_pop, share_edu_sup, pretrend_1014 (régression de résultat seule) ; contrôle = not_yet_treated ; fenêtre 1998-2024 ; 842 traitées, 65 jamais traitées sur la fenêtre ; 25 unités incomplètes exclues",event,65,842,0,25,1998,2024,1998.0,2024.0,907.0,5.0,reg,3.0,277.0,,,,
h1,H1,H1,"log(naissances+0,5 / 1 000 f. 15-49)","municipios avec covariables, régression de résultat seule (est_method = reg)",cs,7,0.025426258925060924,0.08265299104116015,-0.1365706267301247,0.18742314458024656,0.7583664743844133,907,24489,True,"complément A2 ; covariables : share_cab, log_pop, share_edu_sup, pretrend_1014 (régression de résultat seule) ; contrôle = not_yet_treated ; fenêtre 1998-2024 ; 842 traitées, 65 jamais traitées sur la fenêtre ; 25 unités incomplètes exclues",event,65,842,0,25,1998,2024,1998.0,2024.0,907.0,5.0,reg,2.0,173.0,,,,
h1,H1,H1,"log(naissances+0,5 / 1 000 f. 15-49)","municipios avec covariables, régression de résultat seule (est_method = reg)",cs,8,0.07510770956062834,0.11013142272773616,-0.14074591255189048,0.2909613316731472,0.49524997893207956,907,24489,True,"complément A2 ; covariables : share_cab, log_pop, share_edu_sup, pretrend_1014 (régression de résultat seule) ; contrôle = not_yet_treated ; fenêtre 1998-2024 ; 842 traitées, 65 jamais traitées sur la fenêtre ; 25 unités incomplètes exclues",event,65,842,0,25,1998,2024,1998.0,2024.0,907.0,5.0,reg,1.0,93.0,,,,
h1,H1,H1,"log(naissances+0,5 / 1 000 f. 15-49)","municipios avec covariables, régression de résultat seule (est_method = reg)",cs,"ATT[1,5]",0.04953310446454439,0.023056175333714856,0.004343831189222512,0.09472237773986628,0.03168468712698062,907,24489,True,"complément A2 ; covariables : share_cab, log_pop, share_edu_sup, pretrend_1014 (régression de résultat seule) ; contrôle = not_yet_treated ; fenêtre 1998-2024 ; 842 traitées, 65 jamais traitées sur la fenêtre ; 25 unités incomplètes exclues ; écart-type avec covariance complète des coefficients (fonctions d'influence)",post_avg,65,842,0,25,1998,2024,1998.0,2024.0,907.0,5.0,reg,,,,,5.0,
h1,H1,H1,"log(naissances+0,5 / 1 000 f. 15-49)","municipios avec covariables, régression de résultat seule (est_method = reg)",cs,ATT,0.038174654700140406,0.020197135893145365,-0.001411004241285728,0.07776031364156655,0.0587442683558154,907,24489,True,"complément A2 ; covariables : share_cab, log_pop, share_edu_sup, pretrend_1014 (régression de résultat seule) ; contrôle = not_yet_treated ; fenêtre 1998-2024 ; 842 traitées, 65 jamais traitées sur la fenêtre ; 25 unités incomplètes exclues ; moyenne de tous les ATT(g,t) post",simple,65,842,0,25,1998,2024,1998.0,2024.0,907.0,5.0,reg,,,,,,
h1,H1,H1,"log(naissances+0,5 / 1 000 f. 15-49)","municipios avec covariables, régression de résultat seule (est_method = reg)",cs,Wald pré (-8..-2),7.235213787682546,,,,0.4048073895389791,907,24489,True,"H5c : test de Wald joint de nullité des coefficients pré avec covariance des fonctions d'influence, df = 7 ; fenêtre 1998-2024 ; 842 traitées, 65 jamais traitées sur la fenêtre ; 25 unités incomplètes exclues",pre_test,65,842,0,25,1998,2024,1998.0,2024.0,907.0,5.0,reg,,,,,,7.0
