part,family,hypothesis,outcome,sample,estimator,term,estimate,se,ci_low,ci_high,p,n_units,n_obs,exploratory,notes,aggregation,n_never,n_treated,n_late_recoded,n_unbalanced,year_min,year_max,years_model_min,years_model_max,n_clusters,k_post,est_method,n_cohorts,n_units_rel,cband_low,cband_high,k_periods,df,p_holm
h2,H2,H2b,"log(naissances+0,5 / 1 000 f. 25-39)","municipios avec covariables, bascule 4G ≥ 50 %",cs,-8,0.0027400035871584126,0.02284364974154942,-0.04203272718172617,0.04751273435604299,0.9045259533604311,907,24489,False,"test primaire du papier (Colombie) ; covariables : share_cab, log_pop, share_edu_sup, pretrend_1014 (doublement robuste) ; contrôle = not_yet_treated ; fenêtre 1998-2024 ; 842 traitées, 65 jamais traitées sur la fenêtre ; 25 unités incomplètes exclues ; bandes simultanées sup-t (bootstrap multiplicateur Rademacher, 999 tirages, valeur critique 2.74)",event,65.0,842.0,0.0,25.0,1998.0,2024.0,1998.0,2024.0,907.0,5.0,dr,8.0,842.0,-0.05974091077700338,0.0652209179513202,,,
h2,H2,H2b,"log(naissances+0,5 / 1 000 f. 25-39)","municipios avec covariables, bascule 4G ≥ 50 %",cs,-7,0.013813712274720391,0.018657024922393406,-0.022753384631836883,0.050380809181277665,0.4590556599358808,907,24489,False,"test primaire du papier (Colombie) ; covariables : share_cab, log_pop, share_edu_sup, pretrend_1014 (doublement robuste) ; contrôle = not_yet_treated ; fenêtre 1998-2024 ; 842 traitées, 65 jamais traitées sur la fenêtre ; 25 unités incomplètes exclues ; bandes simultanées sup-t (bootstrap multiplicateur Rademacher, 999 tirages, valeur critique 2.74)",event,65.0,842.0,0.0,25.0,1998.0,2024.0,1998.0,2024.0,907.0,5.0,dr,8.0,842.0,-0.03721613582988585,0.06484356037932663,,,
h2,H2,H2b,"log(naissances+0,5 / 1 000 f. 25-39)","municipios avec covariables, bascule 4G ≥ 50 %",cs,-6,-0.0002994957474521838,0.018134597536703705,-0.035842653793520224,0.03524366229861586,0.9868234092320033,907,24489,False,"test primaire du papier (Colombie) ; covariables : share_cab, log_pop, share_edu_sup, pretrend_1014 (doublement robuste) ; contrôle = not_yet_treated ; fenêtre 1998-2024 ; 842 traitées, 65 jamais traitées sur la fenêtre ; 25 unités incomplètes exclues ; bandes simultanées sup-t (bootstrap multiplicateur Rademacher, 999 tirages, valeur critique 2.74)",event,65.0,842.0,0.0,25.0,1998.0,2024.0,1998.0,2024.0,907.0,5.0,dr,8.0,842.0,-0.049900424169079735,0.04930143267417536,,,
h2,H2,H2b,"log(naissances+0,5 / 1 000 f. 25-39)","municipios avec covariables, bascule 4G ≥ 50 %",cs,-5,0.009001097478017481,0.01720366487218558,-0.024717466073563135,0.042719661029598094,0.600829418300841,907,24489,False,"test primaire du papier (Colombie) ; covariables : share_cab, log_pop, share_edu_sup, pretrend_1014 (doublement robuste) ; contrôle = not_yet_treated ; fenêtre 1998-2024 ; 842 traitées, 65 jamais traitées sur la fenêtre ; 25 unités incomplètes exclues ; bandes simultanées sup-t (bootstrap multiplicateur Rademacher, 999 tirages, valeur critique 2.74)",event,65.0,842.0,0.0,25.0,1998.0,2024.0,1998.0,2024.0,907.0,5.0,dr,8.0,842.0,-0.03805358615573089,0.056055781111765846,,,
h2,H2,H2b,"log(naissances+0,5 / 1 000 f. 25-39)","municipios avec covariables, bascule 4G ≥ 50 %",cs,-4,0.015298485318645767,0.021852372315780844,-0.027531377397044827,0.05812834803433636,0.4838751588628425,907,24489,False,"test primaire du papier (Colombie) ; covariables : share_cab, log_pop, share_edu_sup, pretrend_1014 (doublement robuste) ; contrôle = not_yet_treated ; fenêtre 1998-2024 ; 842 traitées, 65 jamais traitées sur la fenêtre ; 25 unités incomplètes exclues ; bandes simultanées sup-t (bootstrap multiplicateur Rademacher, 999 tirages, valeur critique 2.74)",event,65.0,842.0,0.0,25.0,1998.0,2024.0,1998.0,2024.0,907.0,5.0,dr,8.0,842.0,-0.0444711320044867,0.07506810264177824,,,
h2,H2,H2b,"log(naissances+0,5 / 1 000 f. 25-39)","municipios avec covariables, bascule 4G ≥ 50 %",cs,-3,0.028322506821451342,0.023138211136523812,-0.01702755367281892,0.07367256731572161,0.22093044022794128,907,24489,False,"test primaire du papier (Colombie) ; covariables : share_cab, log_pop, share_edu_sup, pretrend_1014 (doublement robuste) ; contrôle = not_yet_treated ; fenêtre 1998-2024 ; 842 traitées, 65 jamais traitées sur la fenêtre ; 25 unités incomplètes exclues ; bandes simultanées sup-t (bootstrap multiplicateur Rademacher, 999 tirages, valeur critique 2.74)",event,65.0,842.0,0.0,25.0,1998.0,2024.0,1998.0,2024.0,907.0,5.0,dr,8.0,842.0,-0.03496407850609017,0.09160909214899285,,,
h2,H2,H2b,"log(naissances+0,5 / 1 000 f. 25-39)","municipios avec covariables, bascule 4G ≥ 50 %",cs,-2,-0.005282076643599599,0.02075926500036152,-0.04596948838983105,0.03540533510263185,0.7991523306522423,907,24489,False,"test primaire du papier (Colombie) ; covariables : share_cab, log_pop, share_edu_sup, pretrend_1014 (doublement robuste) ; contrôle = not_yet_treated ; fenêtre 1998-2024 ; 842 traitées, 65 jamais traitées sur la fenêtre ; 25 unités incomplètes exclues ; bandes simultanées sup-t (bootstrap multiplicateur Rademacher, 999 tirages, valeur critique 2.74)",event,65.0,842.0,0.0,25.0,1998.0,2024.0,1998.0,2024.0,907.0,5.0,dr,8.0,842.0,-0.062061876431518836,0.051497723144319635,,,
h2,H2,H2b,"log(naissances+0,5 / 1 000 f. 25-39)","municipios avec covariables, bascule 4G ≥ 50 %",cs,0,-0.019104340480762066,0.016467946919227407,-0.051380923341765125,0.013172242380240992,0.24601117783840465,907,24489,False,"test primaire du papier (Colombie) ; covariables : share_cab, log_pop, share_edu_sup, pretrend_1014 (doublement robuste) ; contrôle = not_yet_treated ; fenêtre 1998-2024 ; 842 traitées, 65 jamais traitées sur la fenêtre ; 25 unités incomplètes exclues ; bandes simultanées sup-t (bootstrap multiplicateur Rademacher, 999 tirages, valeur critique 2.74)",event,65.0,842.0,0.0,25.0,1998.0,2024.0,1998.0,2024.0,907.0,5.0,dr,8.0,842.0,-0.06414672174886235,0.025938040787338218,,,
h2,H2,H2b,"log(naissances+0,5 / 1 000 f. 25-39)","municipios avec covariables, bascule 4G ≥ 50 %",cs,1,-0.05574934382289082,0.02496813041798867,-0.10468598020344762,-0.006812707442334018,0.025560809271175284,907,24489,False,"test primaire du papier (Colombie) ; covariables : share_cab, log_pop, share_edu_sup, pretrend_1014 (doublement robuste) ; contrôle = not_yet_treated ; fenêtre 1998-2024 ; 842 traitées, 65 jamais traitées sur la fenêtre ; 25 unités incomplètes exclues ; bandes simultanées sup-t (bootstrap multiplicateur Rademacher, 999 tirages, valeur critique 2.74)",event,65.0,842.0,0.0,25.0,1998.0,2024.0,1998.0,2024.0,907.0,5.0,dr,8.0,842.0,-0.12404104134625517,0.012542353700473532,,,
h2,H2,H2b,"log(naissances+0,5 / 1 000 f. 25-39)","municipios avec covariables, bascule 4G ≥ 50 %",cs,2,-0.016976334861034528,0.02340101154797357,-0.06284147469686863,0.028888804974799568,0.4681741468142656,907,24489,False,"test primaire du papier (Colombie) ; covariables : share_cab, log_pop, share_edu_sup, pretrend_1014 (doublement robuste) ; contrôle = not_yet_treated ; fenêtre 1998-2024 ; 842 traitées, 65 jamais traitées sur la fenêtre ; 25 unités incomplètes exclues ; bandes simultanées sup-t (bootstrap multiplicateur Rademacher, 999 tirages, valeur critique 2.74)",event,65.0,842.0,0.0,25.0,1998.0,2024.0,1998.0,2024.0,907.0,5.0,dr,7.0,797.0,-0.08098171995080462,0.04702905022873556,,,
h2,H2,H2b,"log(naissances+0,5 / 1 000 f. 25-39)","municipios avec covariables, bascule 4G ≥ 50 %",cs,3,0.009147173697039025,0.03872438726415797,-0.06675123066409216,0.0850455780581702,0.8132679933331881,907,24489,False,"test primaire du papier (Colombie) ; covariables : share_cab, log_pop, share_edu_sup, pretrend_1014 (doublement robuste) ; contrôle = not_yet_treated ; fenêtre 1998-2024 ; 842 traitées, 65 jamais traitées sur la fenêtre ; 25 unités incomplètes exclues ; bandes simultanées sup-t (bootstrap multiplicateur Rademacher, 999 tirages, valeur critique 2.74)",event,65.0,842.0,0.0,25.0,1998.0,2024.0,1998.0,2024.0,907.0,5.0,dr,6.0,754.0,-0.09677001343508959,0.11506436082916766,,,
h2,H2,H2b,"log(naissances+0,5 / 1 000 f. 25-39)","municipios avec covariables, bascule 4G ≥ 50 %",cs,4,0.01563927786127275,0.05442286927055215,-0.0910275858443411,0.12230614156688661,0.773832153598249,907,24489,False,"test primaire du papier (Colombie) ; covariables : share_cab, log_pop, share_edu_sup, pretrend_1014 (doublement robuste) ; contrôle = not_yet_treated ; fenêtre 1998-2024 ; 842 traitées, 65 jamais traitées sur la fenêtre ; 25 unités incomplètes exclues ; bandes simultanées sup-t (bootstrap multiplicateur Rademacher, 999 tirages, valeur critique 2.74)",event,65.0,842.0,0.0,25.0,1998.0,2024.0,1998.0,2024.0,907.0,5.0,dr,5.0,534.0,-0.13321568501974637,0.16449424074229188,,,
h2,H2,H2b,"log(naissances+0,5 / 1 000 f. 25-39)","municipios avec covariables, bascule 4G ≥ 50 %",cs,5,-0.02148978226548583,0.09920465832711044,-0.21592733968522387,0.1729477751542522,0.8285039545669641,907,24489,False,"test primaire du papier (Colombie) ; covariables : share_cab, log_pop, share_edu_sup, pretrend_1014 (doublement robuste) ; contrôle = not_yet_treated ; fenêtre 1998-2024 ; 842 traitées, 65 jamais traitées sur la fenêtre ; 25 unités incomplètes exclues ; bandes simultanées sup-t (bootstrap multiplicateur Rademacher, 999 tirages, valeur critique 2.74)",event,65.0,842.0,0.0,25.0,1998.0,2024.0,1998.0,2024.0,907.0,5.0,dr,4.0,367.0,-0.29282986283886697,0.24985029830789532,,,
h2,H2,H2b,"log(naissances+0,5 / 1 000 f. 25-39)","municipios avec covariables, bascule 4G ≥ 50 %",cs,6,-0.0021023681337811774,0.10592312601116259,-0.20970788024555764,0.2055031439779953,0.984164582299746,907,24489,False,"test primaire du papier (Colombie) ; covariables : share_cab, log_pop, share_edu_sup, pretrend_1014 (doublement robuste) ; contrôle = not_yet_treated ; fenêtre 1998-2024 ; 842 traitées, 65 jamais traitées sur la fenêtre ; 25 unités incomplètes exclues ; bandes simultanées sup-t (bootstrap multiplicateur Rademacher, 999 tirages, valeur critique 2.74)",event,65.0,842.0,0.0,25.0,1998.0,2024.0,1998.0,2024.0,907.0,5.0,dr,3.0,277.0,-0.2918184967018983,0.28761376043433595,,,
h2,H2,H2b,"log(naissances+0,5 / 1 000 f. 25-39)","municipios avec covariables, bascule 4G ≥ 50 %",cs,7,-0.07249546115056578,0.11487174766351207,-0.29763994941222255,0.15264902711109102,0.5279757034794982,907,24489,False,"test primaire du papier (Colombie) ; covariables : share_cab, log_pop, share_edu_sup, pretrend_1014 (doublement robuste) ; contrôle = not_yet_treated ; fenêtre 1998-2024 ; 842 traitées, 65 jamais traitées sur la fenêtre ; 25 unités incomplètes exclues ; bandes simultanées sup-t (bootstrap multiplicateur Rademacher, 999 tirages, valeur critique 2.74)",event,65.0,842.0,0.0,25.0,1998.0,2024.0,1998.0,2024.0,907.0,5.0,dr,2.0,173.0,-0.386687453666149,0.24169653136501745,,,
h2,H2,H2b,"log(naissances+0,5 / 1 000 f. 25-39)","municipios avec covariables, bascule 4G ≥ 50 %",cs,8,-0.031046707065826448,0.11745283750794513,-0.2612500384634341,0.19915662433178122,0.7915230310965689,907,24489,False,"test primaire du papier (Colombie) ; covariables : share_cab, log_pop, share_edu_sup, pretrend_1014 (doublement robuste) ; contrôle = not_yet_treated ; fenêtre 1998-2024 ; 842 traitées, 65 jamais traitées sur la fenêtre ; 25 unités incomplètes exclues ; bandes simultanées sup-t (bootstrap multiplicateur Rademacher, 999 tirages, valeur critique 2.74)",event,65.0,842.0,0.0,25.0,1998.0,2024.0,1998.0,2024.0,907.0,5.0,dr,1.0,93.0,-0.35229837942070014,0.2902049652890472,,,
h2,H2,H2b,"log(naissances+0,5 / 1 000 f. 25-39)","municipios avec covariables, bascule 4G ≥ 50 %",cs,"ATT[1,5]",-0.013885801878219882,0.039098919193910654,-0.0905182753327266,0.06274667157628686,0.722480655163855,907,24489,False,"test primaire du papier (Colombie) ; covariables : share_cab, log_pop, share_edu_sup, pretrend_1014 (doublement robuste) ; contrôle = not_yet_treated ; fenêtre 1998-2024 ; 842 traitées, 65 jamais traitées sur la fenêtre ; 25 unités incomplètes exclues ; bandes simultanées sup-t (bootstrap multiplicateur Rademacher, 999 tirages, valeur critique 2.74) ; écart-type avec covariance complète des coefficients (fonctions d'influence)",post_avg,65.0,842.0,0.0,25.0,1998.0,2024.0,1998.0,2024.0,907.0,5.0,dr,,,,,5.0,,
h2,H2,H2b,"log(naissances+0,5 / 1 000 f. 25-39)","municipios avec covariables, bascule 4G ≥ 50 %",cs,ATT,-0.018210464270804354,0.029011873106991073,-0.07507269068455302,0.03865176214294431,0.530207000465506,907,24489,False,"test primaire du papier (Colombie) ; covariables : share_cab, log_pop, share_edu_sup, pretrend_1014 (doublement robuste) ; contrôle = not_yet_treated ; fenêtre 1998-2024 ; 842 traitées, 65 jamais traitées sur la fenêtre ; 25 unités incomplètes exclues ; bandes simultanées sup-t (bootstrap multiplicateur Rademacher, 999 tirages, valeur critique 2.74) ; moyenne de tous les ATT(g,t) post",simple,65.0,842.0,0.0,25.0,1998.0,2024.0,1998.0,2024.0,907.0,5.0,dr,,,,,,,
h2,H2,H2b,"log(naissances+0,5 / 1 000 f. 25-39)","municipios avec covariables, bascule 4G ≥ 50 %",cs,Wald pré (-8..-2),6.022703623417835,,,,0.5371008788840947,907,24489,False,"H5c : test de Wald joint de nullité des coefficients pré avec covariance des fonctions d'influence, df = 7 ; fenêtre 1998-2024 ; 842 traitées, 65 jamais traitées sur la fenêtre ; 25 unités incomplètes exclues",pre_test,65.0,842.0,0.0,25.0,1998.0,2024.0,1998.0,2024.0,907.0,5.0,dr,,,,,,7.0,
h2,H2,H2b,"log(naissances+0,5 / 1 000 f. 25-39)","municipios avec covariables, bascule 4G ≥ 50 %",cs,"ATT[1,5]",-0.013885801878219882,0.04621205468530684,-0.10445976542745261,0.07668816167101286,0.7638109888550138,907,24489,False,"écart-type par bootstrap par grappes stratifié par cohorte (50 tirages, grappe = unit) ; quantiles [-0.0767, +0.0772] ; fenêtre 1998-2024 ; 842 traitées, 65 jamais traitées sur la fenêtre ; 25 unités incomplètes exclues",post_avg_boot,65.0,842.0,0.0,25.0,1998.0,2024.0,1998.0,2024.0,907.0,5.0,dr,,,,,,,
h2,H2,H2b,"log(naissances+0,5 / 1 000 f. 25-39)","municipios avec covariables, bascule 4G ≥ 50 % ; agrégation à composition constante (cohortes 2016-2019 observées jusqu'à +5)",cs,"ATT[1,5]",-0.03826961205243333,0.052157297031389736,-0.1404960357649151,0.06395681166004843,0.4631105231801046,907,24489,False,"test primaire du papier (Colombie) ; covariables : share_cab, log_pop, share_edu_sup, pretrend_1014 (doublement robuste) ; contrôle = not_yet_treated ; fenêtre 1998-2024 ; 842 traitées, 65 jamais traitées sur la fenêtre ; 25 unités incomplètes exclues ; bandes simultanées sup-t (bootstrap multiplicateur Rademacher, 999 tirages, valeur critique 2.74) ; même estimation, agrégat +1..+5 restreint aux cohortes [2016, 2017, 2018, 2019] (g + 5 ≤ 2024), poids fixes = tailles de cohortes ; par période : +1: -0.0368, +2: -0.0281, +3: -0.0662, +4: -0.0387, +5: -0.0215",post_avg_balanced,65.0,842.0,0.0,25.0,1998.0,2024.0,1998.0,2024.0,907.0,5.0,dr,,,,,5.0,,
h2,H2,H2b,"log(naissances+0,5 / 1 000 f. 25-39)","municipios avec covariables, bascule 4G ≥ 50 %",sunab,-8,0.05453704841248486,0.04745973312003586,-0.03848231921866819,0.14755641604363792,0.250505461024637,907,24489,False,"test primaire du papier (Colombie) ; fenêtre 1998-2024 ; 842 traitées, 65 jamais traitées sur la fenêtre ; 25 unités incomplètes exclues ; covariables invariantes dans le temps absorbées par les effets fixes unité : share_cab, log_pop, share_edu_sup, pretrend_1014 ; cellules −8 et +8 bornées",event,65.0,842.0,0.0,25.0,1998.0,2024.0,,,,,,,,,,,,
h2,H2,H2b,"log(naissances+0,5 / 1 000 f. 25-39)","municipios avec covariables, bascule 4G ≥ 50 %",sunab,-7,0.028882196507648988,0.04227852533815521,-0.05398219047459933,0.11174658348989731,0.49451771366335695,907,24489,False,"test primaire du papier (Colombie) ; fenêtre 1998-2024 ; 842 traitées, 65 jamais traitées sur la fenêtre ; 25 unités incomplètes exclues ; covariables invariantes dans le temps absorbées par les effets fixes unité : share_cab, log_pop, share_edu_sup, pretrend_1014 ; cellules −8 et +8 bornées",event,65.0,842.0,0.0,25.0,1998.0,2024.0,,,,,,,,,,,,
h2,H2,H2b,"log(naissances+0,5 / 1 000 f. 25-39)","municipios avec covariables, bascule 4G ≥ 50 %",sunab,-6,0.009005599528299706,0.03607655915400802,-0.06170315709968482,0.07971435615628422,0.8028776109290414,907,24489,False,"test primaire du papier (Colombie) ; fenêtre 1998-2024 ; 842 traitées, 65 jamais traitées sur la fenêtre ; 25 unités incomplètes exclues ; covariables invariantes dans le temps absorbées par les effets fixes unité : share_cab, log_pop, share_edu_sup, pretrend_1014 ; cellules −8 et +8 bornées",event,65.0,842.0,0.0,25.0,1998.0,2024.0,,,,,,,,,,,,
h2,H2,H2b,"log(naissances+0,5 / 1 000 f. 25-39)","municipios avec covariables, bascule 4G ≥ 50 %",sunab,-5,0.010965980856968895,0.027838841001162927,-0.043597144876647426,0.06552910659058521,0.6936479380362621,907,24489,False,"test primaire du papier (Colombie) ; fenêtre 1998-2024 ; 842 traitées, 65 jamais traitées sur la fenêtre ; 25 unités incomplètes exclues ; covariables invariantes dans le temps absorbées par les effets fixes unité : share_cab, log_pop, share_edu_sup, pretrend_1014 ; cellules −8 et +8 bornées",event,65.0,842.0,0.0,25.0,1998.0,2024.0,,,,,,,,,,,,
h2,H2,H2b,"log(naissances+0,5 / 1 000 f. 25-39)","municipios avec covariables, bascule 4G ≥ 50 %",sunab,-4,0.005850011845235243,0.02287749329158746,-0.038989051062832875,0.050689074753303365,0.7981745017121805,907,24489,False,"test primaire du papier (Colombie) ; fenêtre 1998-2024 ; 842 traitées, 65 jamais traitées sur la fenêtre ; 25 unités incomplètes exclues ; covariables invariantes dans le temps absorbées par les effets fixes unité : share_cab, log_pop, share_edu_sup, pretrend_1014 ; cellules −8 et +8 bornées",event,65.0,842.0,0.0,25.0,1998.0,2024.0,,,,,,,,,,,,
h2,H2,H2b,"log(naissances+0,5 / 1 000 f. 25-39)","municipios avec covariables, bascule 4G ≥ 50 %",sunab,-3,0.008968360507414381,0.01783976620258854,-0.025996938742274038,0.043933659757102804,0.6151629892130555,907,24489,False,"test primaire du papier (Colombie) ; fenêtre 1998-2024 ; 842 traitées, 65 jamais traitées sur la fenêtre ; 25 unités incomplètes exclues ; covariables invariantes dans le temps absorbées par les effets fixes unité : share_cab, log_pop, share_edu_sup, pretrend_1014 ; cellules −8 et +8 bornées",event,65.0,842.0,0.0,25.0,1998.0,2024.0,,,,,,,,,,,,
h2,H2,H2b,"log(naissances+0,5 / 1 000 f. 25-39)","municipios avec covariables, bascule 4G ≥ 50 %",sunab,-2,-0.01544434605332846,0.013684371596334394,-0.04226522153320676,0.011376529426549837,0.25906154451936014,907,24489,False,"test primaire du papier (Colombie) ; fenêtre 1998-2024 ; 842 traitées, 65 jamais traitées sur la fenêtre ; 25 unités incomplètes exclues ; covariables invariantes dans le temps absorbées par les effets fixes unité : share_cab, log_pop, share_edu_sup, pretrend_1014 ; cellules −8 et +8 bornées",event,65.0,842.0,0.0,25.0,1998.0,2024.0,,,,,,,,,,,,
h2,H2,H2b,"log(naissances+0,5 / 1 000 f. 25-39)","municipios avec covariables, bascule 4G ≥ 50 %",sunab,0,-0.010379507290747825,0.014556287315297374,-0.03890930617734791,0.018150291595852262,0.47580858506870305,907,24489,False,"test primaire du papier (Colombie) ; fenêtre 1998-2024 ; 842 traitées, 65 jamais traitées sur la fenêtre ; 25 unités incomplètes exclues ; covariables invariantes dans le temps absorbées par les effets fixes unité : share_cab, log_pop, share_edu_sup, pretrend_1014 ; cellules −8 et +8 bornées",event,65.0,842.0,0.0,25.0,1998.0,2024.0,,,,,,,,,,,,
h2,H2,H2b,"log(naissances+0,5 / 1 000 f. 25-39)","municipios avec covariables, bascule 4G ≥ 50 %",sunab,1,-0.03174438006762216,0.016633606613833788,-0.06434564996374362,0.0008568898284993035,0.05633328524375478,907,24489,False,"test primaire du papier (Colombie) ; fenêtre 1998-2024 ; 842 traitées, 65 jamais traitées sur la fenêtre ; 25 unités incomplètes exclues ; covariables invariantes dans le temps absorbées par les effets fixes unité : share_cab, log_pop, share_edu_sup, pretrend_1014 ; cellules −8 et +8 bornées",event,65.0,842.0,0.0,25.0,1998.0,2024.0,,,,,,,,,,,,
h2,H2,H2b,"log(naissances+0,5 / 1 000 f. 25-39)","municipios avec covariables, bascule 4G ≥ 50 %",sunab,2,-0.009222784702729962,0.020930270091602914,-0.05024536026896753,0.03179979086350761,0.6594712014351416,907,24489,False,"test primaire du papier (Colombie) ; fenêtre 1998-2024 ; 842 traitées, 65 jamais traitées sur la fenêtre ; 25 unités incomplètes exclues ; covariables invariantes dans le temps absorbées par les effets fixes unité : share_cab, log_pop, share_edu_sup, pretrend_1014 ; cellules −8 et +8 bornées",event,65.0,842.0,0.0,25.0,1998.0,2024.0,,,,,,,,,,,,
h2,H2,H2b,"log(naissances+0,5 / 1 000 f. 25-39)","municipios avec covariables, bascule 4G ≥ 50 %",sunab,3,-0.024990308365165147,0.023373902490586688,-0.07080231542486612,0.020821698694535828,0.28500014714075594,907,24489,False,"test primaire du papier (Colombie) ; fenêtre 1998-2024 ; 842 traitées, 65 jamais traitées sur la fenêtre ; 25 unités incomplètes exclues ; covariables invariantes dans le temps absorbées par les effets fixes unité : share_cab, log_pop, share_edu_sup, pretrend_1014 ; cellules −8 et +8 bornées",event,65.0,842.0,0.0,25.0,1998.0,2024.0,,,,,,,,,,,,
h2,H2,H2b,"log(naissances+0,5 / 1 000 f. 25-39)","municipios avec covariables, bascule 4G ≥ 50 %",sunab,4,-0.03151883301792269,0.028957861658730558,-0.08827519893832789,0.025237532902482512,0.2764018543591126,907,24489,False,"test primaire du papier (Colombie) ; fenêtre 1998-2024 ; 842 traitées, 65 jamais traitées sur la fenêtre ; 25 unités incomplètes exclues ; covariables invariantes dans le temps absorbées par les effets fixes unité : share_cab, log_pop, share_edu_sup, pretrend_1014 ; cellules −8 et +8 bornées",event,65.0,842.0,0.0,25.0,1998.0,2024.0,,,,,,,,,,,,
h2,H2,H2b,"log(naissances+0,5 / 1 000 f. 25-39)","municipios avec covariables, bascule 4G ≥ 50 %",sunab,5,-0.05180135860892472,0.0348645287879215,-0.12013457937121076,0.016531862153361318,0.13733474903477835,907,24489,False,"test primaire du papier (Colombie) ; fenêtre 1998-2024 ; 842 traitées, 65 jamais traitées sur la fenêtre ; 25 unités incomplètes exclues ; covariables invariantes dans le temps absorbées par les effets fixes unité : share_cab, log_pop, share_edu_sup, pretrend_1014 ; cellules −8 et +8 bornées",event,65.0,842.0,0.0,25.0,1998.0,2024.0,,,,,,,,,,,,
h2,H2,H2b,"log(naissances+0,5 / 1 000 f. 25-39)","municipios avec covariables, bascule 4G ≥ 50 %",sunab,6,-0.04226770599106899,0.03748513561848635,-0.1157372217589018,0.031201809776763817,0.2594948937081204,907,24489,False,"test primaire du papier (Colombie) ; fenêtre 1998-2024 ; 842 traitées, 65 jamais traitées sur la fenêtre ; 25 unités incomplètes exclues ; covariables invariantes dans le temps absorbées par les effets fixes unité : share_cab, log_pop, share_edu_sup, pretrend_1014 ; cellules −8 et +8 bornées",event,65.0,842.0,0.0,25.0,1998.0,2024.0,,,,,,,,,,,,
h2,H2,H2b,"log(naissances+0,5 / 1 000 f. 25-39)","municipios avec covariables, bascule 4G ≥ 50 %",sunab,7,-0.014851758763085001,0.03931185304628071,-0.0919015748993264,0.062198057373156396,0.705584074388188,907,24489,False,"test primaire du papier (Colombie) ; fenêtre 1998-2024 ; 842 traitées, 65 jamais traitées sur la fenêtre ; 25 unités incomplètes exclues ; covariables invariantes dans le temps absorbées par les effets fixes unité : share_cab, log_pop, share_edu_sup, pretrend_1014 ; cellules −8 et +8 bornées",event,65.0,842.0,0.0,25.0,1998.0,2024.0,,,,,,,,,,,,
h2,H2,H2b,"log(naissances+0,5 / 1 000 f. 25-39)","municipios avec covariables, bascule 4G ≥ 50 %",sunab,8,-0.03370010935676894,0.05240002260322243,-0.13640226644816966,0.06900204773463178,0.520138724234174,907,24489,False,"test primaire du papier (Colombie) ; fenêtre 1998-2024 ; 842 traitées, 65 jamais traitées sur la fenêtre ; 25 unités incomplètes exclues ; covariables invariantes dans le temps absorbées par les effets fixes unité : share_cab, log_pop, share_edu_sup, pretrend_1014 ; cellules −8 et +8 bornées",event,65.0,842.0,0.0,25.0,1998.0,2024.0,,,,,,,,,,,,
h2,H2,H2b,"log(naissances+0,5 / 1 000 f. 25-39)","municipios avec covariables, bascule 4G ≥ 50 %",sunab,"ATT[1,5]",-0.029855532952472938,0.022412254891796962,-0.07378274535272664,0.014071679447780754,0.18282486441912704,907,24489,False,"test primaire du papier (Colombie) ; fenêtre 1998-2024 ; 842 traitées, 65 jamais traitées sur la fenêtre ; 25 unités incomplètes exclues ; covariables invariantes dans le temps absorbées par les effets fixes unité : share_cab, log_pop, share_edu_sup, pretrend_1014 ; écart-type avec covariance complète (w'Vw)",post_avg,65.0,842.0,0.0,25.0,1998.0,2024.0,,,,,,,,,,,,
h2,H2,H2b,"log(naissances+0,5 / 1 000 f. 25-39)","municipios avec covariables, bascule 4G ≥ 50 %",sunab,Wald pré (-8..−2),10.025900144773468,,,,0.18711047500922326,907,24489,False,"test de Wald joint, covariance groupée, df = 7 ; fenêtre 1998-2024 ; 842 traitées, 65 jamais traitées sur la fenêtre ; 25 unités incomplètes exclues",pre_test,65.0,842.0,0.0,25.0,1998.0,2024.0,,,,,,,,,,,7.0,
h2,H2,H2b,"log(naissances+0,5 / 1 000 f. 25-39)","municipios avec covariables, bascule 4G ≥ 50 %",did2s,-8,0.0037262684280198652,0.001446667161365644,0.0008908528941264085,0.006561683961913322,0.01000198399885346,907,24489,False,"test primaire du papier (Colombie) ; fenêtre 1998-2024 ; 842 traitées, 65 jamais traitées sur la fenêtre ; 25 unités incomplètes exclues ; covariables invariantes dans le temps absorbées par les effets fixes unité : share_cab, log_pop, share_edu_sup, pretrend_1014 ; cellules −8 et +8 bornées",event,65.0,842.0,0.0,25.0,1998.0,2024.0,,,,,,,,,,,,
h2,H2,H2b,"log(naissances+0,5 / 1 000 f. 25-39)","municipios avec covariables, bascule 4G ≥ 50 %",did2s,-7,0.003824528619498379,0.007122262257803846,-0.010134848894246089,0.017783906133242846,0.5912798548458829,907,24489,False,"test primaire du papier (Colombie) ; fenêtre 1998-2024 ; 842 traitées, 65 jamais traitées sur la fenêtre ; 25 unités incomplètes exclues ; covariables invariantes dans le temps absorbées par les effets fixes unité : share_cab, log_pop, share_edu_sup, pretrend_1014 ; cellules −8 et +8 bornées",event,65.0,842.0,0.0,25.0,1998.0,2024.0,,,,,,,,,,,,
h2,H2,H2b,"log(naissances+0,5 / 1 000 f. 25-39)","municipios avec covariables, bascule 4G ≥ 50 %",did2s,-6,-0.003982149716019991,0.006647391295966137,-0.017010797247258652,0.009046497815218673,0.5491365371940231,907,24489,False,"test primaire du papier (Colombie) ; fenêtre 1998-2024 ; 842 traitées, 65 jamais traitées sur la fenêtre ; 25 unités incomplètes exclues ; covariables invariantes dans le temps absorbées par les effets fixes unité : share_cab, log_pop, share_edu_sup, pretrend_1014 ; cellules −8 et +8 bornées",event,65.0,842.0,0.0,25.0,1998.0,2024.0,,,,,,,,,,,,
h2,H2,H2b,"log(naissances+0,5 / 1 000 f. 25-39)","municipios avec covariables, bascule 4G ≥ 50 %",did2s,-5,0.004467592862093357,0.007272798479357096,-0.009786830224264222,0.018722015948450937,0.5390250281274052,907,24489,False,"test primaire du papier (Colombie) ; fenêtre 1998-2024 ; 842 traitées, 65 jamais traitées sur la fenêtre ; 25 unités incomplètes exclues ; covariables invariantes dans le temps absorbées par les effets fixes unité : share_cab, log_pop, share_edu_sup, pretrend_1014 ; cellules −8 et +8 bornées",event,65.0,842.0,0.0,25.0,1998.0,2024.0,,,,,,,,,,,,
h2,H2,H2b,"log(naissances+0,5 / 1 000 f. 25-39)","municipios avec covariables, bascule 4G ≥ 50 %",did2s,-4,-0.004945406983824178,0.007751245303675432,-0.02013756861436326,0.010246754646714904,0.5234642339636608,907,24489,False,"test primaire du papier (Colombie) ; fenêtre 1998-2024 ; 842 traitées, 65 jamais traitées sur la fenêtre ; 25 unités incomplètes exclues ; covariables invariantes dans le temps absorbées par les effets fixes unité : share_cab, log_pop, share_edu_sup, pretrend_1014 ; cellules −8 et +8 bornées",event,65.0,842.0,0.0,25.0,1998.0,2024.0,,,,,,,,,,,,
h2,H2,H2b,"log(naissances+0,5 / 1 000 f. 25-39)","municipios avec covariables, bascule 4G ≥ 50 %",did2s,-3,-0.0023029566647532066,0.007627258558315558,-0.017252108739826598,0.012646195410320183,0.7626995798727335,907,24489,False,"test primaire du papier (Colombie) ; fenêtre 1998-2024 ; 842 traitées, 65 jamais traitées sur la fenêtre ; 25 unités incomplètes exclues ; covariables invariantes dans le temps absorbées par les effets fixes unité : share_cab, log_pop, share_edu_sup, pretrend_1014 ; cellules −8 et +8 bornées",event,65.0,842.0,0.0,25.0,1998.0,2024.0,,,,,,,,,,,,
h2,H2,H2b,"log(naissances+0,5 / 1 000 f. 25-39)","municipios avec covariables, bascule 4G ≥ 50 %",did2s,-2,-0.028496929945008524,0.008481554882372918,-0.0451204720473593,-0.011873387842657748,0.0007797888523001234,907,24489,False,"test primaire du papier (Colombie) ; fenêtre 1998-2024 ; 842 traitées, 65 jamais traitées sur la fenêtre ; 25 unités incomplètes exclues ; covariables invariantes dans le temps absorbées par les effets fixes unité : share_cab, log_pop, share_edu_sup, pretrend_1014 ; cellules −8 et +8 bornées",event,65.0,842.0,0.0,25.0,1998.0,2024.0,,,,,,,,,,,,
h2,H2,H2b,"log(naissances+0,5 / 1 000 f. 25-39)","municipios avec covariables, bascule 4G ≥ 50 %",did2s,0,-0.051360739605920316,0.017113307185488633,-0.08490220534584855,-0.01781927386599208,0.002689033179524863,907,24489,False,"test primaire du papier (Colombie) ; fenêtre 1998-2024 ; 842 traitées, 65 jamais traitées sur la fenêtre ; 25 unités incomplètes exclues ; covariables invariantes dans le temps absorbées par les effets fixes unité : share_cab, log_pop, share_edu_sup, pretrend_1014 ; cellules −8 et +8 bornées",event,65.0,842.0,0.0,25.0,1998.0,2024.0,,,,,,,,,,,,
h2,H2,H2b,"log(naissances+0,5 / 1 000 f. 25-39)","municipios avec covariables, bascule 4G ≥ 50 %",did2s,1,-0.07735020061691478,0.02251468937208419,-0.12147818090930651,-0.03322222032452304,0.0005913659450603523,907,24489,False,"test primaire du papier (Colombie) ; fenêtre 1998-2024 ; 842 traitées, 65 jamais traitées sur la fenêtre ; 25 unités incomplètes exclues ; covariables invariantes dans le temps absorbées par les effets fixes unité : share_cab, log_pop, share_edu_sup, pretrend_1014 ; cellules −8 et +8 bornées",event,65.0,842.0,0.0,25.0,1998.0,2024.0,,,,,,,,,,,,
h2,H2,H2b,"log(naissances+0,5 / 1 000 f. 25-39)","municipios avec covariables, bascule 4G ≥ 50 %",did2s,2,-0.05777406485327522,0.027401791455640184,-0.11148058921820736,-0.004067540488343083,0.03499600152919953,907,24489,False,"test primaire du papier (Colombie) ; fenêtre 1998-2024 ; 842 traitées, 65 jamais traitées sur la fenêtre ; 25 unités incomplètes exclues ; covariables invariantes dans le temps absorbées par les effets fixes unité : share_cab, log_pop, share_edu_sup, pretrend_1014 ; cellules −8 et +8 bornées",event,65.0,842.0,0.0,25.0,1998.0,2024.0,,,,,,,,,,,,
h2,H2,H2b,"log(naissances+0,5 / 1 000 f. 25-39)","municipios avec covariables, bascule 4G ≥ 50 %",did2s,3,-0.08405980482570076,0.030285505316279646,-0.1434183044992052,-0.024701305152196318,0.005510355363819347,907,24489,False,"test primaire du papier (Colombie) ; fenêtre 1998-2024 ; 842 traitées, 65 jamais traitées sur la fenêtre ; 25 unités incomplètes exclues ; covariables invariantes dans le temps absorbées par les effets fixes unité : share_cab, log_pop, share_edu_sup, pretrend_1014 ; cellules −8 et +8 bornées",event,65.0,842.0,0.0,25.0,1998.0,2024.0,,,,,,,,,,,,
h2,H2,H2b,"log(naissances+0,5 / 1 000 f. 25-39)","municipios avec covariables, bascule 4G ≥ 50 %",did2s,4,-0.1290865961046674,0.03317773947237296,-0.19411377055897133,-0.06405942165036348,9.993105294719795e-05,907,24489,False,"test primaire du papier (Colombie) ; fenêtre 1998-2024 ; 842 traitées, 65 jamais traitées sur la fenêtre ; 25 unités incomplètes exclues ; covariables invariantes dans le temps absorbées par les effets fixes unité : share_cab, log_pop, share_edu_sup, pretrend_1014 ; cellules −8 et +8 bornées",event,65.0,842.0,0.0,25.0,1998.0,2024.0,,,,,,,,,,,,
h2,H2,H2b,"log(naissances+0,5 / 1 000 f. 25-39)","municipios avec covariables, bascule 4G ≥ 50 %",did2s,5,-0.12261277644082581,0.037430222765216146,-0.1959746649939607,-0.04925088788769093,0.001053745805979944,907,24489,False,"test primaire du papier (Colombie) ; fenêtre 1998-2024 ; 842 traitées, 65 jamais traitées sur la fenêtre ; 25 unités incomplètes exclues ; covariables invariantes dans le temps absorbées par les effets fixes unité : share_cab, log_pop, share_edu_sup, pretrend_1014 ; cellules −8 et +8 bornées",event,65.0,842.0,0.0,25.0,1998.0,2024.0,,,,,,,,,,,,
h2,H2,H2b,"log(naissances+0,5 / 1 000 f. 25-39)","municipios avec covariables, bascule 4G ≥ 50 %",did2s,6,-0.10331027484496492,0.04021888320409751,-0.18213783742341894,-0.024482712266510914,0.010208057110466866,907,24489,False,"test primaire du papier (Colombie) ; fenêtre 1998-2024 ; 842 traitées, 65 jamais traitées sur la fenêtre ; 25 unités incomplètes exclues ; covariables invariantes dans le temps absorbées par les effets fixes unité : share_cab, log_pop, share_edu_sup, pretrend_1014 ; cellules −8 et +8 bornées",event,65.0,842.0,0.0,25.0,1998.0,2024.0,,,,,,,,,,,,
h2,H2,H2b,"log(naissances+0,5 / 1 000 f. 25-39)","municipios avec covariables, bascule 4G ≥ 50 %",did2s,7,-0.09609797635315999,0.045966376520756996,-0.18619041883365126,-0.006005533872668722,0.03656262885955685,907,24489,False,"test primaire du papier (Colombie) ; fenêtre 1998-2024 ; 842 traitées, 65 jamais traitées sur la fenêtre ; 25 unités incomplètes exclues ; covariables invariantes dans le temps absorbées par les effets fixes unité : share_cab, log_pop, share_edu_sup, pretrend_1014 ; cellules −8 et +8 bornées",event,65.0,842.0,0.0,25.0,1998.0,2024.0,,,,,,,,,,,,
h2,H2,H2b,"log(naissances+0,5 / 1 000 f. 25-39)","municipios avec covariables, bascule 4G ≥ 50 %",did2s,8,-0.11738158090923198,0.05223971842600044,-0.2197695475867063,-0.014993614231757671,0.024641331743979235,907,24489,False,"test primaire du papier (Colombie) ; fenêtre 1998-2024 ; 842 traitées, 65 jamais traitées sur la fenêtre ; 25 unités incomplètes exclues ; covariables invariantes dans le temps absorbées par les effets fixes unité : share_cab, log_pop, share_edu_sup, pretrend_1014 ; cellules −8 et +8 bornées",event,65.0,842.0,0.0,25.0,1998.0,2024.0,,,,,,,,,,,,
h2,H2,H2b,"log(naissances+0,5 / 1 000 f. 25-39)","municipios avec covariables, bascule 4G ≥ 50 %",did2s,"ATT[1,5]",-0.0941766885682768,0.028537804711084448,-0.1501097579998398,-0.03824361913671379,0.0009666149528032688,907,24489,False,"test primaire du papier (Colombie) ; fenêtre 1998-2024 ; 842 traitées, 65 jamais traitées sur la fenêtre ; 25 unités incomplètes exclues ; covariables invariantes dans le temps absorbées par les effets fixes unité : share_cab, log_pop, share_edu_sup, pretrend_1014 ; écart-type avec covariance complète (w'Vw)",post_avg,65.0,842.0,0.0,25.0,1998.0,2024.0,,,,,,,,,,,,
h2,H2,H2b,"log(naissances+0,5 / 1 000 f. 25-39)","municipios avec covariables, bascule 4G ≥ 50 %",did2s,Wald pré (-8..−2),15.643109217258608,,,,0.028584660215075764,907,24489,False,"test de Wald joint, covariance groupée, df = 7 ; fenêtre 1998-2024 ; 842 traitées, 65 jamais traitées sur la fenêtre ; 25 unités incomplètes exclues",pre_test,65.0,842.0,0.0,25.0,1998.0,2024.0,,,,,,,,,,,7.0,
h2,H2,H2b,"log(naissances+0,5 / 1 000 f. 25-39)","municipios avec covariables, bascule 4G ≥ 50 %",twfe,-8,0.07719872516063522,0.03152605327027667,0.015408796176201764,0.13898865414506867,0.014336171721663425,907,24489,False,"test primaire du papier (Colombie) ; fenêtre 1998-2024 ; 842 traitées, 65 jamais traitées sur la fenêtre ; 25 unités incomplètes exclues ; covariables invariantes dans le temps absorbées par les effets fixes unité : share_cab, log_pop, share_edu_sup, pretrend_1014 ; cellules −8 et +8 bornées",event,65.0,842.0,0.0,25.0,1998.0,2024.0,,,,,,,,,,,,
h2,H2,H2b,"log(naissances+0,5 / 1 000 f. 25-39)","municipios avec covariables, bascule 4G ≥ 50 %",twfe,-7,0.057450092103366886,0.02437120239212518,0.009683413154865116,0.10521677105186866,0.018408659922656515,907,24489,False,"test primaire du papier (Colombie) ; fenêtre 1998-2024 ; 842 traitées, 65 jamais traitées sur la fenêtre ; 25 unités incomplètes exclues ; covariables invariantes dans le temps absorbées par les effets fixes unité : share_cab, log_pop, share_edu_sup, pretrend_1014 ; cellules −8 et +8 bornées",event,65.0,842.0,0.0,25.0,1998.0,2024.0,,,,,,,,,,,,
h2,H2,H2b,"log(naissances+0,5 / 1 000 f. 25-39)","municipios avec covariables, bascule 4G ≥ 50 %",twfe,-6,0.041812170702693933,0.021036919674482818,0.0005805657950455345,0.08304377561034233,0.04686021269552742,907,24489,False,"test primaire du papier (Colombie) ; fenêtre 1998-2024 ; 842 traitées, 65 jamais traitées sur la fenêtre ; 25 unités incomplètes exclues ; covariables invariantes dans le temps absorbées par les effets fixes unité : share_cab, log_pop, share_edu_sup, pretrend_1014 ; cellules −8 et +8 bornées",event,65.0,842.0,0.0,25.0,1998.0,2024.0,,,,,,,,,,,,
h2,H2,H2b,"log(naissances+0,5 / 1 000 f. 25-39)","municipios avec covariables, bascule 4G ≥ 50 %",twfe,-5,0.042885495292063654,0.018377329477631623,0.006866591383879385,0.07890439920024792,0.019616222508912727,907,24489,False,"test primaire du papier (Colombie) ; fenêtre 1998-2024 ; 842 traitées, 65 jamais traitées sur la fenêtre ; 25 unités incomplètes exclues ; covariables invariantes dans le temps absorbées par les effets fixes unité : share_cab, log_pop, share_edu_sup, pretrend_1014 ; cellules −8 et +8 bornées",event,65.0,842.0,0.0,25.0,1998.0,2024.0,,,,,,,,,,,,
h2,H2,H2b,"log(naissances+0,5 / 1 000 f. 25-39)","municipios avec covariables, bascule 4G ≥ 50 %",twfe,-4,0.024597252432592035,0.01611846261611423,-0.0069943537811471106,0.05618885864633118,0.12700247175894352,907,24489,False,"test primaire du papier (Colombie) ; fenêtre 1998-2024 ; 842 traitées, 65 jamais traitées sur la fenêtre ; 25 unités incomplètes exclues ; covariables invariantes dans le temps absorbées par les effets fixes unité : share_cab, log_pop, share_edu_sup, pretrend_1014 ; cellules −8 et +8 bornées",event,65.0,842.0,0.0,25.0,1998.0,2024.0,,,,,,,,,,,,
h2,H2,H2b,"log(naissances+0,5 / 1 000 f. 25-39)","municipios avec covariables, bascule 4G ≥ 50 %",twfe,-3,0.022305626441074186,0.012524268043944123,-0.0022414878577822032,0.04685274073993058,0.0749136891966242,907,24489,False,"test primaire du papier (Colombie) ; fenêtre 1998-2024 ; 842 traitées, 65 jamais traitées sur la fenêtre ; 25 unités incomplètes exclues ; covariables invariantes dans le temps absorbées par les effets fixes unité : share_cab, log_pop, share_edu_sup, pretrend_1014 ; cellules −8 et +8 bornées",event,65.0,842.0,0.0,25.0,1998.0,2024.0,,,,,,,,,,,,
h2,H2,H2b,"log(naissances+0,5 / 1 000 f. 25-39)","municipios avec covariables, bascule 4G ≥ 50 %",twfe,-2,-0.009868604193846478,0.011479521259176898,-0.032368052421595093,0.012630844033902135,0.3899707768801134,907,24489,False,"test primaire du papier (Colombie) ; fenêtre 1998-2024 ; 842 traitées, 65 jamais traitées sur la fenêtre ; 25 unités incomplètes exclues ; covariables invariantes dans le temps absorbées par les effets fixes unité : share_cab, log_pop, share_edu_sup, pretrend_1014 ; cellules −8 et +8 bornées",event,65.0,842.0,0.0,25.0,1998.0,2024.0,,,,,,,,,,,,
h2,H2,H2b,"log(naissances+0,5 / 1 000 f. 25-39)","municipios avec covariables, bascule 4G ≥ 50 %",twfe,0,-0.024120220311424013,0.011751038868480676,-0.04715183327457645,-0.0010886073482715766,0.04011107425451023,907,24489,False,"test primaire du papier (Colombie) ; fenêtre 1998-2024 ; 842 traitées, 65 jamais traitées sur la fenêtre ; 25 unités incomplètes exclues ; covariables invariantes dans le temps absorbées par les effets fixes unité : share_cab, log_pop, share_edu_sup, pretrend_1014 ; cellules −8 et +8 bornées",event,65.0,842.0,0.0,25.0,1998.0,2024.0,,,,,,,,,,,,
h2,H2,H2b,"log(naissances+0,5 / 1 000 f. 25-39)","municipios avec covariables, bascule 4G ≥ 50 %",twfe,1,-0.05859310628983549,0.014874209140356556,-0.08774602050345082,-0.029440192076220163,8.17395199056358e-05,907,24489,False,"test primaire du papier (Colombie) ; fenêtre 1998-2024 ; 842 traitées, 65 jamais traitées sur la fenêtre ; 25 unités incomplètes exclues ; covariables invariantes dans le temps absorbées par les effets fixes unité : share_cab, log_pop, share_edu_sup, pretrend_1014 ; cellules −8 et +8 bornées",event,65.0,842.0,0.0,25.0,1998.0,2024.0,,,,,,,,,,,,
h2,H2,H2b,"log(naissances+0,5 / 1 000 f. 25-39)","municipios avec covariables, bascule 4G ≥ 50 %",twfe,2,-0.05757502118089886,0.018395916333487004,-0.0936303546571455,-0.021519687704652214,0.0017494211475654097,907,24489,False,"test primaire du papier (Colombie) ; fenêtre 1998-2024 ; 842 traitées, 65 jamais traitées sur la fenêtre ; 25 unités incomplètes exclues ; covariables invariantes dans le temps absorbées par les effets fixes unité : share_cab, log_pop, share_edu_sup, pretrend_1014 ; cellules −8 et +8 bornées",event,65.0,842.0,0.0,25.0,1998.0,2024.0,,,,,,,,,,,,
h2,H2,H2b,"log(naissances+0,5 / 1 000 f. 25-39)","municipios avec covariables, bascule 4G ≥ 50 %",twfe,3,-0.09066266536449169,0.022357494489933166,-0.1344825493493134,-0.04684278137966998,5.010528959690558e-05,907,24489,False,"test primaire du papier (Colombie) ; fenêtre 1998-2024 ; 842 traitées, 65 jamais traitées sur la fenêtre ; 25 unités incomplètes exclues ; covariables invariantes dans le temps absorbées par les effets fixes unité : share_cab, log_pop, share_edu_sup, pretrend_1014 ; cellules −8 et +8 bornées",event,65.0,842.0,0.0,25.0,1998.0,2024.0,,,,,,,,,,,,
h2,H2,H2b,"log(naissances+0,5 / 1 000 f. 25-39)","municipios avec covariables, bascule 4G ≥ 50 %",twfe,4,-0.1271532142117884,0.02758555348773438,-0.18121990554135106,-0.07308652288222575,4.038070887545066e-06,907,24489,False,"test primaire du papier (Colombie) ; fenêtre 1998-2024 ; 842 traitées, 65 jamais traitées sur la fenêtre ; 25 unités incomplètes exclues ; covariables invariantes dans le temps absorbées par les effets fixes unité : share_cab, log_pop, share_edu_sup, pretrend_1014 ; cellules −8 et +8 bornées",event,65.0,842.0,0.0,25.0,1998.0,2024.0,,,,,,,,,,,,
h2,H2,H2b,"log(naissances+0,5 / 1 000 f. 25-39)","municipios avec covariables, bascule 4G ≥ 50 %",twfe,5,-0.13176397457724306,0.03099883858777215,-0.19252058177184694,-0.07100736738263919,2.131890626102523e-05,907,24489,False,"test primaire du papier (Colombie) ; fenêtre 1998-2024 ; 842 traitées, 65 jamais traitées sur la fenêtre ; 25 unités incomplètes exclues ; covariables invariantes dans le temps absorbées par les effets fixes unité : share_cab, log_pop, share_edu_sup, pretrend_1014 ; cellules −8 et +8 bornées",event,65.0,842.0,0.0,25.0,1998.0,2024.0,,,,,,,,,,,,
h2,H2,H2b,"log(naissances+0,5 / 1 000 f. 25-39)","municipios avec covariables, bascule 4G ≥ 50 %",twfe,6,-0.1332652202581491,0.03411596230249613,-0.2001312776689677,-0.06639916284733051,9.374245646515373e-05,907,24489,False,"test primaire du papier (Colombie) ; fenêtre 1998-2024 ; 842 traitées, 65 jamais traitées sur la fenêtre ; 25 unités incomplètes exclues ; covariables invariantes dans le temps absorbées par les effets fixes unité : share_cab, log_pop, share_edu_sup, pretrend_1014 ; cellules −8 et +8 bornées",event,65.0,842.0,0.0,25.0,1998.0,2024.0,,,,,,,,,,,,
h2,H2,H2b,"log(naissances+0,5 / 1 000 f. 25-39)","municipios avec covariables, bascule 4G ≥ 50 %",twfe,7,-0.14960655913254087,0.03806900393242159,-0.22422043576740086,-0.07499268249768086,8.498880440955293e-05,907,24489,False,"test primaire du papier (Colombie) ; fenêtre 1998-2024 ; 842 traitées, 65 jamais traitées sur la fenêtre ; 25 unités incomplètes exclues ; covariables invariantes dans le temps absorbées par les effets fixes unité : share_cab, log_pop, share_edu_sup, pretrend_1014 ; cellules −8 et +8 bornées",event,65.0,842.0,0.0,25.0,1998.0,2024.0,,,,,,,,,,,,
h2,H2,H2b,"log(naissances+0,5 / 1 000 f. 25-39)","municipios avec covariables, bascule 4G ≥ 50 %",twfe,8,-0.1658657106433211,0.04752963688809915,-0.2590220871422618,-0.07270933414438034,0.00048350456566639,907,24489,False,"test primaire du papier (Colombie) ; fenêtre 1998-2024 ; 842 traitées, 65 jamais traitées sur la fenêtre ; 25 unités incomplètes exclues ; covariables invariantes dans le temps absorbées par les effets fixes unité : share_cab, log_pop, share_edu_sup, pretrend_1014 ; cellules −8 et +8 bornées",event,65.0,842.0,0.0,25.0,1998.0,2024.0,,,,,,,,,,,,
h2,H2,H2b,"log(naissances+0,5 / 1 000 f. 25-39)","municipios avec covariables, bascule 4G ≥ 50 %",twfe,"ATT[1,5]",-0.09314959632485151,0.021162460769298223,-0.13462725725691782,-0.05167193539278518,1.0743424735618162e-05,907,24489,False,"test primaire du papier (Colombie) ; fenêtre 1998-2024 ; 842 traitées, 65 jamais traitées sur la fenêtre ; 25 unités incomplètes exclues ; covariables invariantes dans le temps absorbées par les effets fixes unité : share_cab, log_pop, share_edu_sup, pretrend_1014 ; écart-type avec covariance complète (w'Vw)",post_avg,65.0,842.0,0.0,25.0,1998.0,2024.0,,,,,,,,,,,,
h2,H2,H2b,"log(naissances+0,5 / 1 000 f. 25-39)","municipios avec covariables, bascule 4G ≥ 50 %",twfe,Wald pré (-8..−2),13.495503917116878,,,,0.06091721724401926,907,24489,False,"test de Wald joint, covariance groupée, df = 7 ; fenêtre 1998-2024 ; 842 traitées, 65 jamais traitées sur la fenêtre ; 25 unités incomplètes exclues",pre_test,65.0,842.0,0.0,25.0,1998.0,2024.0,,,,,,,,,,,7.0,
h2,H2,H2b,"log(naissances+0,5 / 1 000 f. 25-39)","municipios avec covariables, bascule 4G ≥ 50 %",twfe,ATT,-0.06446479397869566,0.016909502111943947,-0.09760680911460978,-0.03132277884278154,0.0001376565908899265,907,24489,False,"test primaire du papier (Colombie) ; fenêtre 1998-2024 ; 842 traitées, 65 jamais traitées sur la fenêtre ; 25 unités incomplètes exclues ; covariables invariantes dans le temps absorbées par les effets fixes unité : share_cab, log_pop, share_edu_sup, pretrend_1014",static,65.0,842.0,0.0,25.0,1998.0,2024.0,,,,,,,,,,,,
h2,H2,H2b,"log(naissances+0,5 / 1 000 f. 25-39)","municipios avec covariables, bascule 4G ≥ 50 %",twfe_poisson,ATT (log du taux contrefactuel),-0.02342172334942429,0.02073789923529852,-0.06406725896563012,0.017223812266781536,0.2587222207642099,907,24489,False,"test primaire du papier (Colombie) ; fenêtre 1998-2024 ; 842 traitées, 65 jamais traitées sur la fenêtre ; 25 unités incomplètes exclues ; covariables invariantes dans le temps absorbées par les effets fixes unité : share_cab, log_pop, share_edu_sup, pretrend_1014 ; Poisson à effets fixes, offset = log(women)",static,65.0,842.0,0.0,25.0,1998.0,2024.0,,,,,,,,,,,,
h2,H2,H2b,"log(naissances+0,5 / 1 000 f. 25-39)","municipios avec covariables, bascule 4G ≥ 50 %",twfe_poisson,ATT en % du taux contrefactuel,-2.314956374351018,2.025782591504449,-6.205808789439427,1.737299772894052,0.2587222207642099,907,24489,False,"test primaire du papier (Colombie) ; fenêtre 1998-2024 ; 842 traitées, 65 jamais traitées sur la fenêtre ; 25 unités incomplètes exclues ; covariables invariantes dans le temps absorbées par les effets fixes unité : share_cab, log_pop, share_edu_sup, pretrend_1014 ; Poisson à effets fixes, offset = log(women)",static,65.0,842.0,0.0,25.0,1998.0,2024.0,,,,,,,,,,,,
h2,H2,H2b,"log(naissances+0,5 / 1 000 f. 25-39)","municipios, sans covariables",cs,-8,-0.00881408399643041,0.01784048104289906,-0.04378078430738215,0.02615261631452133,0.621271092408854,907,24489,False," ; contrôle = not_yet_treated ; fenêtre 1998-2024 ; 842 traitées, 65 jamais traitées sur la fenêtre ; 25 unités incomplètes exclues",event,65.0,842.0,0.0,25.0,1998.0,2024.0,1998.0,2024.0,907.0,5.0,reg,8.0,842.0,,,,,
h2,H2,H2b,"log(naissances+0,5 / 1 000 f. 25-39)","municipios, sans covariables",cs,-7,0.01174107703650678,0.016919266689587643,-0.021420076319913224,0.04490223039292678,0.48771534800119576,907,24489,False," ; contrôle = not_yet_treated ; fenêtre 1998-2024 ; 842 traitées, 65 jamais traitées sur la fenêtre ; 25 unités incomplètes exclues",event,65.0,842.0,0.0,25.0,1998.0,2024.0,1998.0,2024.0,907.0,5.0,reg,8.0,842.0,,,,,
h2,H2,H2b,"log(naissances+0,5 / 1 000 f. 25-39)","municipios, sans covariables",cs,-6,-0.007472018380598109,0.015462281646745244,-0.03777753352703346,0.022833496765837246,0.6289241706790538,907,24489,False," ; contrôle = not_yet_treated ; fenêtre 1998-2024 ; 842 traitées, 65 jamais traitées sur la fenêtre ; 25 unités incomplètes exclues",event,65.0,842.0,0.0,25.0,1998.0,2024.0,1998.0,2024.0,907.0,5.0,reg,8.0,842.0,,,,,
h2,H2,H2b,"log(naissances+0,5 / 1 000 f. 25-39)","municipios, sans covariables",cs,-5,0.009004556241181403,0.01513188607547037,-0.020653395484903664,0.038662507967266474,0.5517955857081007,907,24489,False," ; contrôle = not_yet_treated ; fenêtre 1998-2024 ; 842 traitées, 65 jamais traitées sur la fenêtre ; 25 unités incomplètes exclues",event,65.0,842.0,0.0,25.0,1998.0,2024.0,1998.0,2024.0,907.0,5.0,reg,8.0,842.0,,,,,
h2,H2,H2b,"log(naissances+0,5 / 1 000 f. 25-39)","municipios, sans covariables",cs,-4,-0.008457468233780593,0.015571740821478872,-0.038977519420471334,0.02206258295291015,0.587040800628245,907,24489,False," ; contrôle = not_yet_treated ; fenêtre 1998-2024 ; 842 traitées, 65 jamais traitées sur la fenêtre ; 25 unités incomplètes exclues",event,65.0,842.0,0.0,25.0,1998.0,2024.0,1998.0,2024.0,907.0,5.0,reg,8.0,842.0,,,,,
h2,H2,H2b,"log(naissances+0,5 / 1 000 f. 25-39)","municipios, sans covariables",cs,-3,-0.005900637438525571,0.013768686897981247,-0.032886767872977334,0.021085492995926193,0.668247214741147,907,24489,False," ; contrôle = not_yet_treated ; fenêtre 1998-2024 ; 842 traitées, 65 jamais traitées sur la fenêtre ; 25 unités incomplètes exclues",event,65.0,842.0,0.0,25.0,1998.0,2024.0,1998.0,2024.0,907.0,5.0,reg,8.0,842.0,,,,,
h2,H2,H2b,"log(naissances+0,5 / 1 000 f. 25-39)","municipios, sans covariables",cs,-2,-0.03740163245581882,0.015536964002791687,-0.0678535223303858,-0.006949742581251833,0.01607238124442709,907,24489,False," ; contrôle = not_yet_treated ; fenêtre 1998-2024 ; 842 traitées, 65 jamais traitées sur la fenêtre ; 25 unités incomplètes exclues",event,65.0,842.0,0.0,25.0,1998.0,2024.0,1998.0,2024.0,907.0,5.0,reg,8.0,842.0,,,,,
h2,H2,H2b,"log(naissances+0,5 / 1 000 f. 25-39)","municipios, sans covariables",cs,0,-0.024006923955061488,0.01350491053928357,-0.05047606222649268,0.0024622143163697055,0.07546233313316761,907,24489,False," ; contrôle = not_yet_treated ; fenêtre 1998-2024 ; 842 traitées, 65 jamais traitées sur la fenêtre ; 25 unités incomplètes exclues",event,65.0,842.0,0.0,25.0,1998.0,2024.0,1998.0,2024.0,907.0,5.0,reg,8.0,842.0,,,,,
h2,H2,H2b,"log(naissances+0,5 / 1 000 f. 25-39)","municipios, sans covariables",cs,1,-0.036403787791775874,0.015971553069321357,-0.06770745658481589,-0.005100118998735859,0.022649881939815392,907,24489,False," ; contrôle = not_yet_treated ; fenêtre 1998-2024 ; 842 traitées, 65 jamais traitées sur la fenêtre ; 25 unités incomplètes exclues",event,65.0,842.0,0.0,25.0,1998.0,2024.0,1998.0,2024.0,907.0,5.0,reg,8.0,842.0,,,,,
h2,H2,H2b,"log(naissances+0,5 / 1 000 f. 25-39)","municipios, sans covariables",cs,2,-0.009565916212655888,0.019095342141754554,-0.04699209908296475,0.027860266657652975,0.6164024582707055,907,24489,False," ; contrôle = not_yet_treated ; fenêtre 1998-2024 ; 842 traitées, 65 jamais traitées sur la fenêtre ; 25 unités incomplètes exclues",event,65.0,842.0,0.0,25.0,1998.0,2024.0,1998.0,2024.0,907.0,5.0,reg,7.0,797.0,,,,,
h2,H2,H2b,"log(naissances+0,5 / 1 000 f. 25-39)","municipios, sans covariables",cs,3,-0.025948062552988815,0.022289599377267346,-0.06963487456225922,0.0177387494562816,0.24437003778105393,907,24489,False," ; contrôle = not_yet_treated ; fenêtre 1998-2024 ; 842 traitées, 65 jamais traitées sur la fenêtre ; 25 unités incomplètes exclues",event,65.0,842.0,0.0,25.0,1998.0,2024.0,1998.0,2024.0,907.0,5.0,reg,6.0,754.0,,,,,
h2,H2,H2b,"log(naissances+0,5 / 1 000 f. 25-39)","municipios, sans covariables",cs,4,-0.04485130608153669,0.026451118190154697,-0.09669454508505218,0.006991932921978812,0.08995599742912416,907,24489,False," ; contrôle = not_yet_treated ; fenêtre 1998-2024 ; 842 traitées, 65 jamais traitées sur la fenêtre ; 25 unités incomplètes exclues",event,65.0,842.0,0.0,25.0,1998.0,2024.0,1998.0,2024.0,907.0,5.0,reg,5.0,534.0,,,,,
h2,H2,H2b,"log(naissances+0,5 / 1 000 f. 25-39)","municipios, sans covariables",cs,5,-0.07298016169289306,0.03242268037257292,-0.1365274475053897,-0.009432875880396444,0.024391968582279842,907,24489,False," ; contrôle = not_yet_treated ; fenêtre 1998-2024 ; 842 traitées, 65 jamais traitées sur la fenêtre ; 25 unités incomplètes exclues",event,65.0,842.0,0.0,25.0,1998.0,2024.0,1998.0,2024.0,907.0,5.0,reg,4.0,367.0,,,,,
h2,H2,H2b,"log(naissances+0,5 / 1 000 f. 25-39)","municipios, sans covariables",cs,6,-0.04764590020634397,0.0351611807756439,-0.11656054818050812,0.021268747767820194,0.1753949026433247,907,24489,False," ; contrôle = not_yet_treated ; fenêtre 1998-2024 ; 842 traitées, 65 jamais traitées sur la fenêtre ; 25 unités incomplètes exclues",event,65.0,842.0,0.0,25.0,1998.0,2024.0,1998.0,2024.0,907.0,5.0,reg,3.0,277.0,,,,,
h2,H2,H2b,"log(naissances+0,5 / 1 000 f. 25-39)","municipios, sans covariables",cs,7,0.0003307637357072234,0.03626264901243566,-0.07074272231268362,0.07140424978409808,0.9927223292916258,907,24489,False," ; contrôle = not_yet_treated ; fenêtre 1998-2024 ; 842 traitées, 65 jamais traitées sur la fenêtre ; 25 unités incomplètes exclues",event,65.0,842.0,0.0,25.0,1998.0,2024.0,1998.0,2024.0,907.0,5.0,reg,2.0,173.0,,,,,
h2,H2,H2b,"log(naissances+0,5 / 1 000 f. 25-39)","municipios, sans covariables",cs,8,-0.0054573524504127335,0.04413147769828023,-0.09195345932357459,0.08103875442274912,0.9015835164725754,907,24489,False," ; contrôle = not_yet_treated ; fenêtre 1998-2024 ; 842 traitées, 65 jamais traitées sur la fenêtre ; 25 unités incomplètes exclues",event,65.0,842.0,0.0,25.0,1998.0,2024.0,1998.0,2024.0,907.0,5.0,reg,1.0,93.0,,,,,
h2,H2,H2b,"log(naissances+0,5 / 1 000 f. 25-39)","municipios, sans covariables",cs,"ATT[1,5]",-0.03794984686637007,0.019826376444759774,-0.0768088306420325,0.0009091369092923685,0.055606221576118754,907,24489,False," ; contrôle = not_yet_treated ; fenêtre 1998-2024 ; 842 traitées, 65 jamais traitées sur la fenêtre ; 25 unités incomplètes exclues ; écart-type avec covariance complète des coefficients (fonctions d'influence)",post_avg,65.0,842.0,0.0,25.0,1998.0,2024.0,1998.0,2024.0,907.0,5.0,reg,,,,,5.0,,
h2,H2,H2b,"log(naissances+0,5 / 1 000 f. 25-39)","municipios, sans covariables",cs,ATT,-0.030441811599674712,0.017147985006745307,-0.06405124462032835,0.0031676214209789277,0.07585804921428257,907,24489,False," ; contrôle = not_yet_treated ; fenêtre 1998-2024 ; 842 traitées, 65 jamais traitées sur la fenêtre ; 25 unités incomplètes exclues ; moyenne de tous les ATT(g,t) post",simple,65.0,842.0,0.0,25.0,1998.0,2024.0,1998.0,2024.0,907.0,5.0,reg,,,,,,,
h2,H2,H2b,"log(naissances+0,5 / 1 000 f. 25-39)","municipios, sans covariables",cs,Wald pré (-8..-2),11.8783169107728,,,,0.10463216416316433,907,24489,False,"H5c : test de Wald joint de nullité des coefficients pré avec covariance des fonctions d'influence, df = 7 ; fenêtre 1998-2024 ; 842 traitées, 65 jamais traitées sur la fenêtre ; 25 unités incomplètes exclues",pre_test,65.0,842.0,0.0,25.0,1998.0,2024.0,1998.0,2024.0,907.0,5.0,reg,,,,,,7.0,
h2,H2,H2b,"log(naissances+0,5 / 1 000 f. 25-39)","municipios, sans covariables",twfe,-8,0.07719872516063522,0.03152605327027667,0.015408796176201764,0.13898865414506867,0.014336171721663425,907,24489,False," ; fenêtre 1998-2024 ; 842 traitées, 65 jamais traitées sur la fenêtre ; 25 unités incomplètes exclues ; cellules −8 et +8 bornées",event,65.0,842.0,0.0,25.0,1998.0,2024.0,,,,,,,,,,,,
h2,H2,H2b,"log(naissances+0,5 / 1 000 f. 25-39)","municipios, sans covariables",twfe,-7,0.057450092103366886,0.02437120239212518,0.009683413154865116,0.10521677105186866,0.018408659922656515,907,24489,False," ; fenêtre 1998-2024 ; 842 traitées, 65 jamais traitées sur la fenêtre ; 25 unités incomplètes exclues ; cellules −8 et +8 bornées",event,65.0,842.0,0.0,25.0,1998.0,2024.0,,,,,,,,,,,,
h2,H2,H2b,"log(naissances+0,5 / 1 000 f. 25-39)","municipios, sans covariables",twfe,-6,0.041812170702693933,0.021036919674482818,0.0005805657950455345,0.08304377561034233,0.04686021269552742,907,24489,False," ; fenêtre 1998-2024 ; 842 traitées, 65 jamais traitées sur la fenêtre ; 25 unités incomplètes exclues ; cellules −8 et +8 bornées",event,65.0,842.0,0.0,25.0,1998.0,2024.0,,,,,,,,,,,,
h2,H2,H2b,"log(naissances+0,5 / 1 000 f. 25-39)","municipios, sans covariables",twfe,-5,0.042885495292063654,0.018377329477631623,0.006866591383879385,0.07890439920024792,0.019616222508912727,907,24489,False," ; fenêtre 1998-2024 ; 842 traitées, 65 jamais traitées sur la fenêtre ; 25 unités incomplètes exclues ; cellules −8 et +8 bornées",event,65.0,842.0,0.0,25.0,1998.0,2024.0,,,,,,,,,,,,
h2,H2,H2b,"log(naissances+0,5 / 1 000 f. 25-39)","municipios, sans covariables",twfe,-4,0.024597252432592035,0.01611846261611423,-0.0069943537811471106,0.05618885864633118,0.12700247175894352,907,24489,False," ; fenêtre 1998-2024 ; 842 traitées, 65 jamais traitées sur la fenêtre ; 25 unités incomplètes exclues ; cellules −8 et +8 bornées",event,65.0,842.0,0.0,25.0,1998.0,2024.0,,,,,,,,,,,,
h2,H2,H2b,"log(naissances+0,5 / 1 000 f. 25-39)","municipios, sans covariables",twfe,-3,0.022305626441074186,0.012524268043944123,-0.0022414878577822032,0.04685274073993058,0.0749136891966242,907,24489,False," ; fenêtre 1998-2024 ; 842 traitées, 65 jamais traitées sur la fenêtre ; 25 unités incomplètes exclues ; cellules −8 et +8 bornées",event,65.0,842.0,0.0,25.0,1998.0,2024.0,,,,,,,,,,,,
h2,H2,H2b,"log(naissances+0,5 / 1 000 f. 25-39)","municipios, sans covariables",twfe,-2,-0.009868604193846478,0.011479521259176898,-0.032368052421595093,0.012630844033902135,0.3899707768801134,907,24489,False," ; fenêtre 1998-2024 ; 842 traitées, 65 jamais traitées sur la fenêtre ; 25 unités incomplètes exclues ; cellules −8 et +8 bornées",event,65.0,842.0,0.0,25.0,1998.0,2024.0,,,,,,,,,,,,
h2,H2,H2b,"log(naissances+0,5 / 1 000 f. 25-39)","municipios, sans covariables",twfe,0,-0.024120220311424013,0.011751038868480676,-0.04715183327457645,-0.0010886073482715766,0.04011107425451023,907,24489,False," ; fenêtre 1998-2024 ; 842 traitées, 65 jamais traitées sur la fenêtre ; 25 unités incomplètes exclues ; cellules −8 et +8 bornées",event,65.0,842.0,0.0,25.0,1998.0,2024.0,,,,,,,,,,,,
h2,H2,H2b,"log(naissances+0,5 / 1 000 f. 25-39)","municipios, sans covariables",twfe,1,-0.05859310628983549,0.014874209140356556,-0.08774602050345082,-0.029440192076220163,8.17395199056358e-05,907,24489,False," ; fenêtre 1998-2024 ; 842 traitées, 65 jamais traitées sur la fenêtre ; 25 unités incomplètes exclues ; cellules −8 et +8 bornées",event,65.0,842.0,0.0,25.0,1998.0,2024.0,,,,,,,,,,,,
h2,H2,H2b,"log(naissances+0,5 / 1 000 f. 25-39)","municipios, sans covariables",twfe,2,-0.05757502118089886,0.018395916333487004,-0.0936303546571455,-0.021519687704652214,0.0017494211475654097,907,24489,False," ; fenêtre 1998-2024 ; 842 traitées, 65 jamais traitées sur la fenêtre ; 25 unités incomplètes exclues ; cellules −8 et +8 bornées",event,65.0,842.0,0.0,25.0,1998.0,2024.0,,,,,,,,,,,,
h2,H2,H2b,"log(naissances+0,5 / 1 000 f. 25-39)","municipios, sans covariables",twfe,3,-0.09066266536449169,0.022357494489933166,-0.1344825493493134,-0.04684278137966998,5.010528959690558e-05,907,24489,False," ; fenêtre 1998-2024 ; 842 traitées, 65 jamais traitées sur la fenêtre ; 25 unités incomplètes exclues ; cellules −8 et +8 bornées",event,65.0,842.0,0.0,25.0,1998.0,2024.0,,,,,,,,,,,,
h2,H2,H2b,"log(naissances+0,5 / 1 000 f. 25-39)","municipios, sans covariables",twfe,4,-0.1271532142117884,0.02758555348773438,-0.18121990554135106,-0.07308652288222575,4.038070887545066e-06,907,24489,False," ; fenêtre 1998-2024 ; 842 traitées, 65 jamais traitées sur la fenêtre ; 25 unités incomplètes exclues ; cellules −8 et +8 bornées",event,65.0,842.0,0.0,25.0,1998.0,2024.0,,,,,,,,,,,,
h2,H2,H2b,"log(naissances+0,5 / 1 000 f. 25-39)","municipios, sans covariables",twfe,5,-0.13176397457724306,0.03099883858777215,-0.19252058177184694,-0.07100736738263919,2.131890626102523e-05,907,24489,False," ; fenêtre 1998-2024 ; 842 traitées, 65 jamais traitées sur la fenêtre ; 25 unités incomplètes exclues ; cellules −8 et +8 bornées",event,65.0,842.0,0.0,25.0,1998.0,2024.0,,,,,,,,,,,,
h2,H2,H2b,"log(naissances+0,5 / 1 000 f. 25-39)","municipios, sans covariables",twfe,6,-0.1332652202581491,0.03411596230249613,-0.2001312776689677,-0.06639916284733051,9.374245646515373e-05,907,24489,False," ; fenêtre 1998-2024 ; 842 traitées, 65 jamais traitées sur la fenêtre ; 25 unités incomplètes exclues ; cellules −8 et +8 bornées",event,65.0,842.0,0.0,25.0,1998.0,2024.0,,,,,,,,,,,,
h2,H2,H2b,"log(naissances+0,5 / 1 000 f. 25-39)","municipios, sans covariables",twfe,7,-0.14960655913254087,0.03806900393242159,-0.22422043576740086,-0.07499268249768086,8.498880440955293e-05,907,24489,False," ; fenêtre 1998-2024 ; 842 traitées, 65 jamais traitées sur la fenêtre ; 25 unités incomplètes exclues ; cellules −8 et +8 bornées",event,65.0,842.0,0.0,25.0,1998.0,2024.0,,,,,,,,,,,,
h2,H2,H2b,"log(naissances+0,5 / 1 000 f. 25-39)","municipios, sans covariables",twfe,8,-0.1658657106433211,0.04752963688809915,-0.2590220871422618,-0.07270933414438034,0.00048350456566639,907,24489,False," ; fenêtre 1998-2024 ; 842 traitées, 65 jamais traitées sur la fenêtre ; 25 unités incomplètes exclues ; cellules −8 et +8 bornées",event,65.0,842.0,0.0,25.0,1998.0,2024.0,,,,,,,,,,,,
h2,H2,H2b,"log(naissances+0,5 / 1 000 f. 25-39)","municipios, sans covariables",twfe,"ATT[1,5]",-0.09314959632485151,0.021162460769298223,-0.13462725725691782,-0.05167193539278518,1.0743424735618162e-05,907,24489,False," ; fenêtre 1998-2024 ; 842 traitées, 65 jamais traitées sur la fenêtre ; 25 unités incomplètes exclues ; écart-type avec covariance complète (w'Vw)",post_avg,65.0,842.0,0.0,25.0,1998.0,2024.0,,,,,,,,,,,,
h2,H2,H2b,"log(naissances+0,5 / 1 000 f. 25-39)","municipios, sans covariables",twfe,Wald pré (-8..−2),13.495503917116878,,,,0.06091721724401926,907,24489,False,"test de Wald joint, covariance groupée, df = 7 ; fenêtre 1998-2024 ; 842 traitées, 65 jamais traitées sur la fenêtre ; 25 unités incomplètes exclues",pre_test,65.0,842.0,0.0,25.0,1998.0,2024.0,,,,,,,,,,,7.0,
h2,H2,H2b,"log(naissances+0,5 / 1 000 f. 25-39)","municipios, sans covariables",twfe,ATT,-0.06446479397869566,0.016909502111943947,-0.09760680911460978,-0.03132277884278154,0.0001376565908899265,907,24489,False," ; fenêtre 1998-2024 ; 842 traitées, 65 jamais traitées sur la fenêtre ; 25 unités incomplètes exclues",static,65.0,842.0,0.0,25.0,1998.0,2024.0,,,,,,,,,,,,
h2,H2,H2b,naissances / 1 000 f. 25-39 (taux brut),"municipios avec covariables, bascule 4G ≥ 50 %",cs,-8,-0.7469005064258628,1.0689152224354972,-2.841935844926058,1.3481348320743325,0.48471062279912025,907,24489,False," ; covariables : share_cab, log_pop, share_edu_sup, pretrend_1014 (doublement robuste) ; contrôle = not_yet_treated ; fenêtre 1998-2024 ; 842 traitées, 65 jamais traitées sur la fenêtre ; 25 unités incomplètes exclues",event,65.0,842.0,0.0,25.0,1998.0,2024.0,1998.0,2024.0,907.0,5.0,dr,8.0,842.0,,,,,
h2,H2,H2b,naissances / 1 000 f. 25-39 (taux brut),"municipios avec covariables, bascule 4G ≥ 50 %",cs,-7,0.447915086878638,0.9464478476508462,-1.4070886077624727,2.3029187815197485,0.6360283151632855,907,24489,False," ; covariables : share_cab, log_pop, share_edu_sup, pretrend_1014 (doublement robuste) ; contrôle = not_yet_treated ; fenêtre 1998-2024 ; 842 traitées, 65 jamais traitées sur la fenêtre ; 25 unités incomplètes exclues",event,65.0,842.0,0.0,25.0,1998.0,2024.0,1998.0,2024.0,907.0,5.0,dr,8.0,842.0,,,,,
h2,H2,H2b,naissances / 1 000 f. 25-39 (taux brut),"municipios avec covariables, bascule 4G ≥ 50 %",cs,-6,-0.564769645367732,0.9194735845327346,-2.3669047557878367,1.2373654650523729,0.5390623560802863,907,24489,False," ; covariables : share_cab, log_pop, share_edu_sup, pretrend_1014 (doublement robuste) ; contrôle = not_yet_treated ; fenêtre 1998-2024 ; 842 traitées, 65 jamais traitées sur la fenêtre ; 25 unités incomplètes exclues",event,65.0,842.0,0.0,25.0,1998.0,2024.0,1998.0,2024.0,907.0,5.0,dr,8.0,842.0,,,,,
h2,H2,H2b,naissances / 1 000 f. 25-39 (taux brut),"municipios avec covariables, bascule 4G ≥ 50 %",cs,-5,0.12674213730158318,0.8790344813134054,-1.5961337872415386,1.849618061844705,0.8853556874188913,907,24489,False," ; covariables : share_cab, log_pop, share_edu_sup, pretrend_1014 (doublement robuste) ; contrôle = not_yet_treated ; fenêtre 1998-2024 ; 842 traitées, 65 jamais traitées sur la fenêtre ; 25 unités incomplètes exclues",event,65.0,842.0,0.0,25.0,1998.0,2024.0,1998.0,2024.0,907.0,5.0,dr,8.0,842.0,,,,,
h2,H2,H2b,naissances / 1 000 f. 25-39 (taux brut),"municipios avec covariables, bascule 4G ≥ 50 %",cs,-4,0.9737833779288025,1.0625558250250875,-1.1087877706836125,3.0563545265412175,0.35942890171003383,907,24489,False," ; covariables : share_cab, log_pop, share_edu_sup, pretrend_1014 (doublement robuste) ; contrôle = not_yet_treated ; fenêtre 1998-2024 ; 842 traitées, 65 jamais traitées sur la fenêtre ; 25 unités incomplètes exclues",event,65.0,842.0,0.0,25.0,1998.0,2024.0,1998.0,2024.0,907.0,5.0,dr,8.0,842.0,,,,,
h2,H2,H2b,naissances / 1 000 f. 25-39 (taux brut),"municipios avec covariables, bascule 4G ≥ 50 %",cs,-3,1.6176108504986977,1.154897998468764,-0.645947632317474,3.8811693333148694,0.16131799219360143,907,24489,False," ; covariables : share_cab, log_pop, share_edu_sup, pretrend_1014 (doublement robuste) ; contrôle = not_yet_treated ; fenêtre 1998-2024 ; 842 traitées, 65 jamais traitées sur la fenêtre ; 25 unités incomplètes exclues",event,65.0,842.0,0.0,25.0,1998.0,2024.0,1998.0,2024.0,907.0,5.0,dr,8.0,842.0,,,,,
h2,H2,H2b,naissances / 1 000 f. 25-39 (taux brut),"municipios avec covariables, bascule 4G ≥ 50 %",cs,-2,-0.08692014159415994,0.9266717748571079,-1.903163445803901,1.7293231626155814,0.9252694640416265,907,24489,False," ; covariables : share_cab, log_pop, share_edu_sup, pretrend_1014 (doublement robuste) ; contrôle = not_yet_treated ; fenêtre 1998-2024 ; 842 traitées, 65 jamais traitées sur la fenêtre ; 25 unités incomplètes exclues",event,65.0,842.0,0.0,25.0,1998.0,2024.0,1998.0,2024.0,907.0,5.0,dr,8.0,842.0,,,,,
h2,H2,H2b,naissances / 1 000 f. 25-39 (taux brut),"municipios avec covariables, bascule 4G ≥ 50 %",cs,0,-0.5451298077476276,0.9747989548845842,-2.455700651488698,1.3654410359934424,0.5760096698659902,907,24489,False," ; covariables : share_cab, log_pop, share_edu_sup, pretrend_1014 (doublement robuste) ; contrôle = not_yet_treated ; fenêtre 1998-2024 ; 842 traitées, 65 jamais traitées sur la fenêtre ; 25 unités incomplètes exclues",event,65.0,842.0,0.0,25.0,1998.0,2024.0,1998.0,2024.0,907.0,5.0,dr,8.0,842.0,,,,,
h2,H2,H2b,naissances / 1 000 f. 25-39 (taux brut),"municipios avec covariables, bascule 4G ≥ 50 %",cs,1,-2.341278631392627,1.5963945924647467,-5.470154537738027,0.7875972749527738,0.14248382210892338,907,24489,False," ; covariables : share_cab, log_pop, share_edu_sup, pretrend_1014 (doublement robuste) ; contrôle = not_yet_treated ; fenêtre 1998-2024 ; 842 traitées, 65 jamais traitées sur la fenêtre ; 25 unités incomplètes exclues",event,65.0,842.0,0.0,25.0,1998.0,2024.0,1998.0,2024.0,907.0,5.0,dr,8.0,842.0,,,,,
h2,H2,H2b,naissances / 1 000 f. 25-39 (taux brut),"municipios avec covariables, bascule 4G ≥ 50 %",cs,2,-0.7326852064351134,1.342356715612615,-3.363656023441315,1.898285610571088,0.5851896412620374,907,24489,False," ; covariables : share_cab, log_pop, share_edu_sup, pretrend_1014 (doublement robuste) ; contrôle = not_yet_treated ; fenêtre 1998-2024 ; 842 traitées, 65 jamais traitées sur la fenêtre ; 25 unités incomplètes exclues",event,65.0,842.0,0.0,25.0,1998.0,2024.0,1998.0,2024.0,907.0,5.0,dr,7.0,797.0,,,,,
h2,H2,H2b,naissances / 1 000 f. 25-39 (taux brut),"municipios avec covariables, bascule 4G ≥ 50 %",cs,3,-0.0017421683793548415,1.939191109482683,-3.8024869021056826,3.7990025653469726,0.9992831809828238,907,24489,False," ; covariables : share_cab, log_pop, share_edu_sup, pretrend_1014 (doublement robuste) ; contrôle = not_yet_treated ; fenêtre 1998-2024 ; 842 traitées, 65 jamais traitées sur la fenêtre ; 25 unités incomplètes exclues",event,65.0,842.0,0.0,25.0,1998.0,2024.0,1998.0,2024.0,907.0,5.0,dr,6.0,754.0,,,,,
h2,H2,H2b,naissances / 1 000 f. 25-39 (taux brut),"municipios avec covariables, bascule 4G ≥ 50 %",cs,4,0.10888087472683106,2.6074047349194855,-5.001538498834567,5.21930024828823,0.9666913516086695,907,24489,False," ; covariables : share_cab, log_pop, share_edu_sup, pretrend_1014 (doublement robuste) ; contrôle = not_yet_treated ; fenêtre 1998-2024 ; 842 traitées, 65 jamais traitées sur la fenêtre ; 25 unités incomplètes exclues",event,65.0,842.0,0.0,25.0,1998.0,2024.0,1998.0,2024.0,907.0,5.0,dr,5.0,534.0,,,,,
h2,H2,H2b,naissances / 1 000 f. 25-39 (taux brut),"municipios avec covariables, bascule 4G ≥ 50 %",cs,5,-2.2027284889825114,4.9037742564877425,-11.813949420013168,7.408492442048145,0.6532942872327769,907,24489,False," ; covariables : share_cab, log_pop, share_edu_sup, pretrend_1014 (doublement robuste) ; contrôle = not_yet_treated ; fenêtre 1998-2024 ; 842 traitées, 65 jamais traitées sur la fenêtre ; 25 unités incomplètes exclues",event,65.0,842.0,0.0,25.0,1998.0,2024.0,1998.0,2024.0,907.0,5.0,dr,4.0,367.0,,,,,
h2,H2,H2b,naissances / 1 000 f. 25-39 (taux brut),"municipios avec covariables, bascule 4G ≥ 50 %",cs,6,-0.3010237490332536,5.44194966971635,-10.967049107356942,10.365001609290434,0.9558871750390626,907,24489,False," ; covariables : share_cab, log_pop, share_edu_sup, pretrend_1014 (doublement robuste) ; contrôle = not_yet_treated ; fenêtre 1998-2024 ; 842 traitées, 65 jamais traitées sur la fenêtre ; 25 unités incomplètes exclues",event,65.0,842.0,0.0,25.0,1998.0,2024.0,1998.0,2024.0,907.0,5.0,dr,3.0,277.0,,,,,
h2,H2,H2b,naissances / 1 000 f. 25-39 (taux brut),"municipios avec covariables, bascule 4G ≥ 50 %",cs,7,-2.5931259967434417,5.334813386085826,-13.049168097713835,7.862916104226951,0.626913116881425,907,24489,False," ; covariables : share_cab, log_pop, share_edu_sup, pretrend_1014 (doublement robuste) ; contrôle = not_yet_treated ; fenêtre 1998-2024 ; 842 traitées, 65 jamais traitées sur la fenêtre ; 25 unités incomplètes exclues",event,65.0,842.0,0.0,25.0,1998.0,2024.0,1998.0,2024.0,907.0,5.0,dr,2.0,173.0,,,,,
h2,H2,H2b,naissances / 1 000 f. 25-39 (taux brut),"municipios avec covariables, bascule 4G ≥ 50 %",cs,8,-0.8657875248088795,5.721635188141907,-12.079986426244075,10.348411376626315,0.8797247148468413,907,24489,False," ; covariables : share_cab, log_pop, share_edu_sup, pretrend_1014 (doublement robuste) ; contrôle = not_yet_treated ; fenêtre 1998-2024 ; 842 traitées, 65 jamais traitées sur la fenêtre ; 25 unités incomplètes exclues",event,65.0,842.0,0.0,25.0,1998.0,2024.0,1998.0,2024.0,907.0,5.0,dr,1.0,93.0,,,,,
h2,H2,H2b,naissances / 1 000 f. 25-39 (taux brut),"municipios avec covariables, bascule 4G ≥ 50 %",cs,"ATT[1,5]",-1.0339107240925551,2.0157984115696137,-4.984803010862047,2.916981562676937,0.6080185947771832,907,24489,False," ; covariables : share_cab, log_pop, share_edu_sup, pretrend_1014 (doublement robuste) ; contrôle = not_yet_treated ; fenêtre 1998-2024 ; 842 traitées, 65 jamais traitées sur la fenêtre ; 25 unités incomplètes exclues ; écart-type avec covariance complète des coefficients (fonctions d'influence)",post_avg,65.0,842.0,0.0,25.0,1998.0,2024.0,1998.0,2024.0,907.0,5.0,dr,,,,,5.0,,
h2,H2,H2b,naissances / 1 000 f. 25-39 (taux brut),"municipios avec covariables, bascule 4G ≥ 50 %",cs,ATT,-0.9357536213552935,1.594292521812138,-4.060509544928623,2.1890023022180354,0.5572441858268254,907,24489,False," ; covariables : share_cab, log_pop, share_edu_sup, pretrend_1014 (doublement robuste) ; contrôle = not_yet_treated ; fenêtre 1998-2024 ; 842 traitées, 65 jamais traitées sur la fenêtre ; 25 unités incomplètes exclues ; moyenne de tous les ATT(g,t) post",simple,65.0,842.0,0.0,25.0,1998.0,2024.0,1998.0,2024.0,907.0,5.0,dr,,,,,,,
h2,H2,H2b,naissances / 1 000 f. 25-39 (taux brut),"municipios avec covariables, bascule 4G ≥ 50 %",cs,Wald pré (-8..-2),7.910272506822675,,,,0.3405725041908538,907,24489,False,"H5c : test de Wald joint de nullité des coefficients pré avec covariance des fonctions d'influence, df = 7 ; fenêtre 1998-2024 ; 842 traitées, 65 jamais traitées sur la fenêtre ; 25 unités incomplètes exclues",pre_test,65.0,842.0,0.0,25.0,1998.0,2024.0,1998.0,2024.0,907.0,5.0,dr,,,,,,7.0,
h2,H2,H2b,asinh(naissances / 1 000 f. 25-39),"municipios avec covariables, bascule 4G ≥ 50 %",cs,-8,-0.0008788808805904455,0.027064956725026144,-0.05392522130477682,0.052167459543595925,0.9740948316128433,907,24489,False," ; covariables : share_cab, log_pop, share_edu_sup, pretrend_1014 (doublement robuste) ; contrôle = not_yet_treated ; fenêtre 1998-2024 ; 842 traitées, 65 jamais traitées sur la fenêtre ; 25 unités incomplètes exclues",event,65.0,842.0,0.0,25.0,1998.0,2024.0,1998.0,2024.0,907.0,5.0,dr,8.0,842.0,,,,,
h2,H2,H2b,asinh(naissances / 1 000 f. 25-39),"municipios avec covariables, bascule 4G ≥ 50 %",cs,-7,0.014118048244468197,0.022088709934404527,-0.02917502769191678,0.057411124180853174,0.5227239039946914,907,24489,False," ; covariables : share_cab, log_pop, share_edu_sup, pretrend_1014 (doublement robuste) ; contrôle = not_yet_treated ; fenêtre 1998-2024 ; 842 traitées, 65 jamais traitées sur la fenêtre ; 25 unités incomplètes exclues",event,65.0,842.0,0.0,25.0,1998.0,2024.0,1998.0,2024.0,907.0,5.0,dr,8.0,842.0,,,,,
h2,H2,H2b,asinh(naissances / 1 000 f. 25-39),"municipios avec covariables, bascule 4G ≥ 50 %",cs,-6,0.009982906187401434,0.021154098627096083,-0.031478365247115093,0.05144417762191796,0.6369884822109158,907,24489,False," ; covariables : share_cab, log_pop, share_edu_sup, pretrend_1014 (doublement robuste) ; contrôle = not_yet_treated ; fenêtre 1998-2024 ; 842 traitées, 65 jamais traitées sur la fenêtre ; 25 unités incomplètes exclues",event,65.0,842.0,0.0,25.0,1998.0,2024.0,1998.0,2024.0,907.0,5.0,dr,8.0,842.0,,,,,
h2,H2,H2b,asinh(naissances / 1 000 f. 25-39),"municipios avec covariables, bascule 4G ≥ 50 %",cs,-5,0.014116755832965414,0.019710112283386115,-0.024514354373711897,0.052747866039642724,0.4738561665707487,907,24489,False," ; covariables : share_cab, log_pop, share_edu_sup, pretrend_1014 (doublement robuste) ; contrôle = not_yet_treated ; fenêtre 1998-2024 ; 842 traitées, 65 jamais traitées sur la fenêtre ; 25 unités incomplètes exclues",event,65.0,842.0,0.0,25.0,1998.0,2024.0,1998.0,2024.0,907.0,5.0,dr,8.0,842.0,,,,,
h2,H2,H2b,asinh(naissances / 1 000 f. 25-39),"municipios avec covariables, bascule 4G ≥ 50 %",cs,-4,0.011510100153760697,0.0251568469998782,-0.03779641393058508,0.060816614238106484,0.64728763217587,907,24489,False," ; covariables : share_cab, log_pop, share_edu_sup, pretrend_1014 (doublement robuste) ; contrôle = not_yet_treated ; fenêtre 1998-2024 ; 842 traitées, 65 jamais traitées sur la fenêtre ; 25 unités incomplètes exclues",event,65.0,842.0,0.0,25.0,1998.0,2024.0,1998.0,2024.0,907.0,5.0,dr,8.0,842.0,,,,,
h2,H2,H2b,asinh(naissances / 1 000 f. 25-39),"municipios avec covariables, bascule 4G ≥ 50 %",cs,-3,0.03218766863637231,0.024614371713935036,-0.0160556134250218,0.08043095069776643,0.1909825998816076,907,24489,False," ; covariables : share_cab, log_pop, share_edu_sup, pretrend_1014 (doublement robuste) ; contrôle = not_yet_treated ; fenêtre 1998-2024 ; 842 traitées, 65 jamais traitées sur la fenêtre ; 25 unités incomplètes exclues",event,65.0,842.0,0.0,25.0,1998.0,2024.0,1998.0,2024.0,907.0,5.0,dr,8.0,842.0,,,,,
h2,H2,H2b,asinh(naissances / 1 000 f. 25-39),"municipios avec covariables, bascule 4G ≥ 50 %",cs,-2,-0.008415147122636872,0.0236891311406146,-0.05484499098328773,0.03801469673801399,0.7224154870768719,907,24489,False," ; covariables : share_cab, log_pop, share_edu_sup, pretrend_1014 (doublement robuste) ; contrôle = not_yet_treated ; fenêtre 1998-2024 ; 842 traitées, 65 jamais traitées sur la fenêtre ; 25 unités incomplètes exclues",event,65.0,842.0,0.0,25.0,1998.0,2024.0,1998.0,2024.0,907.0,5.0,dr,8.0,842.0,,,,,
h2,H2,H2b,asinh(naissances / 1 000 f. 25-39),"municipios avec covariables, bascule 4G ≥ 50 %",cs,0,-0.01657188672406484,0.017730514381659002,-0.051323056339485945,0.018179282891356268,0.34996691547816006,907,24489,False," ; covariables : share_cab, log_pop, share_edu_sup, pretrend_1014 (doublement robuste) ; contrôle = not_yet_treated ; fenêtre 1998-2024 ; 842 traitées, 65 jamais traitées sur la fenêtre ; 25 unités incomplètes exclues",event,65.0,842.0,0.0,25.0,1998.0,2024.0,1998.0,2024.0,907.0,5.0,dr,8.0,842.0,,,,,
h2,H2,H2b,asinh(naissances / 1 000 f. 25-39),"municipios avec covariables, bascule 4G ≥ 50 %",cs,1,-0.051758882760454115,0.026933028215045188,-0.10454664805654379,0.0010288825356355516,0.05463565299193095,907,24489,False," ; covariables : share_cab, log_pop, share_edu_sup, pretrend_1014 (doublement robuste) ; contrôle = not_yet_treated ; fenêtre 1998-2024 ; 842 traitées, 65 jamais traitées sur la fenêtre ; 25 unités incomplètes exclues",event,65.0,842.0,0.0,25.0,1998.0,2024.0,1998.0,2024.0,907.0,5.0,dr,8.0,842.0,,,,,
h2,H2,H2b,asinh(naissances / 1 000 f. 25-39),"municipios avec covariables, bascule 4G ≥ 50 %",cs,2,-0.013317062836686688,0.025348786876009378,-0.06299977216544665,0.03636564649207328,0.599337775887447,907,24489,False," ; covariables : share_cab, log_pop, share_edu_sup, pretrend_1014 (doublement robuste) ; contrôle = not_yet_treated ; fenêtre 1998-2024 ; 842 traitées, 65 jamais traitées sur la fenêtre ; 25 unités incomplètes exclues",event,65.0,842.0,0.0,25.0,1998.0,2024.0,1998.0,2024.0,907.0,5.0,dr,7.0,797.0,,,,,
h2,H2,H2b,asinh(naissances / 1 000 f. 25-39),"municipios avec covariables, bascule 4G ≥ 50 %",cs,3,0.014067763162274895,0.04188021461101104,-0.06801594914011488,0.09615147546466468,0.7369426924138727,907,24489,False," ; covariables : share_cab, log_pop, share_edu_sup, pretrend_1014 (doublement robuste) ; contrôle = not_yet_treated ; fenêtre 1998-2024 ; 842 traitées, 65 jamais traitées sur la fenêtre ; 25 unités incomplètes exclues",event,65.0,842.0,0.0,25.0,1998.0,2024.0,1998.0,2024.0,907.0,5.0,dr,6.0,754.0,,,,,
h2,H2,H2b,asinh(naissances / 1 000 f. 25-39),"municipios avec covariables, bascule 4G ≥ 50 %",cs,4,0.018017381884271585,0.06040754519204046,-0.10037923108660342,0.1364139948551466,0.7655018574094713,907,24489,False," ; covariables : share_cab, log_pop, share_edu_sup, pretrend_1014 (doublement robuste) ; contrôle = not_yet_treated ; fenêtre 1998-2024 ; 842 traitées, 65 jamais traitées sur la fenêtre ; 25 unités incomplètes exclues",event,65.0,842.0,0.0,25.0,1998.0,2024.0,1998.0,2024.0,907.0,5.0,dr,5.0,534.0,,,,,
h2,H2,H2b,asinh(naissances / 1 000 f. 25-39),"municipios avec covariables, bascule 4G ≥ 50 %",cs,5,0.012649926936402243,0.120455987658091,-0.22343947059565736,0.24873932446846184,0.916362316095794,907,24489,False," ; covariables : share_cab, log_pop, share_edu_sup, pretrend_1014 (doublement robuste) ; contrôle = not_yet_treated ; fenêtre 1998-2024 ; 842 traitées, 65 jamais traitées sur la fenêtre ; 25 unités incomplètes exclues",event,65.0,842.0,0.0,25.0,1998.0,2024.0,1998.0,2024.0,907.0,5.0,dr,4.0,367.0,,,,,
h2,H2,H2b,asinh(naissances / 1 000 f. 25-39),"municipios avec covariables, bascule 4G ≥ 50 %",cs,6,0.02152611354619334,0.1250183041792678,-0.22350526005344484,0.26655748714583155,0.863293116008332,907,24489,False," ; covariables : share_cab, log_pop, share_edu_sup, pretrend_1014 (doublement robuste) ; contrôle = not_yet_treated ; fenêtre 1998-2024 ; 842 traitées, 65 jamais traitées sur la fenêtre ; 25 unités incomplètes exclues",event,65.0,842.0,0.0,25.0,1998.0,2024.0,1998.0,2024.0,907.0,5.0,dr,3.0,277.0,,,,,
h2,H2,H2b,asinh(naissances / 1 000 f. 25-39),"municipios avec covariables, bascule 4G ≥ 50 %",cs,7,-0.08224019439104599,0.12362440895138785,-0.32453958354581725,0.16005919476372527,0.5058954865265297,907,24489,False," ; covariables : share_cab, log_pop, share_edu_sup, pretrend_1014 (doublement robuste) ; contrôle = not_yet_treated ; fenêtre 1998-2024 ; 842 traitées, 65 jamais traitées sur la fenêtre ; 25 unités incomplètes exclues",event,65.0,842.0,0.0,25.0,1998.0,2024.0,1998.0,2024.0,907.0,5.0,dr,2.0,173.0,,,,,
h2,H2,H2b,asinh(naissances / 1 000 f. 25-39),"municipios avec covariables, bascule 4G ≥ 50 %",cs,8,-0.03266692052097268,0.12142788387875997,-0.27066119964225405,0.2053273586003087,0.7879118128925124,907,24489,False," ; covariables : share_cab, log_pop, share_edu_sup, pretrend_1014 (doublement robuste) ; contrôle = not_yet_treated ; fenêtre 1998-2024 ; 842 traitées, 65 jamais traitées sur la fenêtre ; 25 unités incomplètes exclues",event,65.0,842.0,0.0,25.0,1998.0,2024.0,1998.0,2024.0,907.0,5.0,dr,1.0,93.0,,,,,
h2,H2,H2b,asinh(naissances / 1 000 f. 25-39),"municipios avec covariables, bascule 4G ≥ 50 %",cs,"ATT[1,5]",-0.004068174722838417,0.044492211430563366,-0.09127130671928393,0.08313495727360709,0.9271464277273016,907,24489,False," ; covariables : share_cab, log_pop, share_edu_sup, pretrend_1014 (doublement robuste) ; contrôle = not_yet_treated ; fenêtre 1998-2024 ; 842 traitées, 65 jamais traitées sur la fenêtre ; 25 unités incomplètes exclues ; écart-type avec covariance complète des coefficients (fonctions d'influence)",post_avg,65.0,842.0,0.0,25.0,1998.0,2024.0,1998.0,2024.0,907.0,5.0,dr,,,,,5.0,,
h2,H2,H2b,asinh(naissances / 1 000 f. 25-39),"municipios avec covariables, bascule 4G ≥ 50 %",cs,ATT,-0.011664918195425129,0.032492228126478805,-0.07534851510078294,0.05201867870993268,0.7195902934962479,907,24489,False," ; covariables : share_cab, log_pop, share_edu_sup, pretrend_1014 (doublement robuste) ; contrôle = not_yet_treated ; fenêtre 1998-2024 ; 842 traitées, 65 jamais traitées sur la fenêtre ; 25 unités incomplètes exclues ; moyenne de tous les ATT(g,t) post",simple,65.0,842.0,0.0,25.0,1998.0,2024.0,1998.0,2024.0,907.0,5.0,dr,,,,,,,
h2,H2,H2b,asinh(naissances / 1 000 f. 25-39),"municipios avec covariables, bascule 4G ≥ 50 %",cs,Wald pré (-8..-2),6.5667111897742805,,,,0.47534152581139555,907,24489,False,"H5c : test de Wald joint de nullité des coefficients pré avec covariance des fonctions d'influence, df = 7 ; fenêtre 1998-2024 ; 842 traitées, 65 jamais traitées sur la fenêtre ; 25 unités incomplètes exclues",pre_test,65.0,842.0,0.0,25.0,1998.0,2024.0,1998.0,2024.0,907.0,5.0,dr,,,,,,7.0,
h2,H2,H2b,"log(naissances+0,5 / 1 000 f. 25-39)","municipios avec covariables, bascule 4G ≥ 50 %, référence −2 (anticipation = 1)",cs,-8,0.008022080230758023,0.016566297696871228,-0.024447266612278425,0.040491427073794474,0.6282148567284904,907,24489,True," ; covariables : share_cab, log_pop, share_edu_sup, pretrend_1014 (doublement robuste) ; contrôle = not_yet_treated ; fenêtre 1998-2024 ; 842 traitées, 65 jamais traitées sur la fenêtre ; 25 unités incomplètes exclues ; référence −2",event,65.0,842.0,0.0,25.0,1998.0,2024.0,1998.0,2024.0,907.0,5.0,dr,8.0,842.0,,,,,
h2,H2,H2b,"log(naissances+0,5 / 1 000 f. 25-39)","municipios avec covariables, bascule 4G ≥ 50 %, référence −2 (anticipation = 1)",cs,-7,0.019095788918319978,0.016882172200497723,-0.013992660575458872,0.05218423841209883,0.2580039318808166,907,24489,True," ; covariables : share_cab, log_pop, share_edu_sup, pretrend_1014 (doublement robuste) ; contrôle = not_yet_treated ; fenêtre 1998-2024 ; 842 traitées, 65 jamais traitées sur la fenêtre ; 25 unités incomplètes exclues ; référence −2",event,65.0,842.0,0.0,25.0,1998.0,2024.0,1998.0,2024.0,907.0,5.0,dr,8.0,842.0,,,,,
h2,H2,H2b,"log(naissances+0,5 / 1 000 f. 25-39)","municipios avec covariables, bascule 4G ≥ 50 %, référence −2 (anticipation = 1)",cs,-6,0.0049825808961474205,0.01700176525644584,-0.02834026668009082,0.03830542847238566,0.7694743316940097,907,24489,True," ; covariables : share_cab, log_pop, share_edu_sup, pretrend_1014 (doublement robuste) ; contrôle = not_yet_treated ; fenêtre 1998-2024 ; 842 traitées, 65 jamais traitées sur la fenêtre ; 25 unités incomplètes exclues ; référence −2",event,65.0,842.0,0.0,25.0,1998.0,2024.0,1998.0,2024.0,907.0,5.0,dr,8.0,842.0,,,,,
h2,H2,H2b,"log(naissances+0,5 / 1 000 f. 25-39)","municipios avec covariables, bascule 4G ≥ 50 %, référence −2 (anticipation = 1)",cs,-5,0.01428317412161709,0.017133656043866085,-0.01929817464785746,0.04786452289109164,0.4044880530555527,907,24489,True," ; covariables : share_cab, log_pop, share_edu_sup, pretrend_1014 (doublement robuste) ; contrôle = not_yet_treated ; fenêtre 1998-2024 ; 842 traitées, 65 jamais traitées sur la fenêtre ; 25 unités incomplètes exclues ; référence −2",event,65.0,842.0,0.0,25.0,1998.0,2024.0,1998.0,2024.0,907.0,5.0,dr,8.0,842.0,,,,,
h2,H2,H2b,"log(naissances+0,5 / 1 000 f. 25-39)","municipios avec covariables, bascule 4G ≥ 50 %, référence −2 (anticipation = 1)",cs,-4,0.020580561962245357,0.015502912873433462,-0.00980458892514659,0.0509657128496373,0.18433384855869883,907,24489,True," ; covariables : share_cab, log_pop, share_edu_sup, pretrend_1014 (doublement robuste) ; contrôle = not_yet_treated ; fenêtre 1998-2024 ; 842 traitées, 65 jamais traitées sur la fenêtre ; 25 unités incomplètes exclues ; référence −2",event,65.0,842.0,0.0,25.0,1998.0,2024.0,1998.0,2024.0,907.0,5.0,dr,8.0,842.0,,,,,
h2,H2,H2b,"log(naissances+0,5 / 1 000 f. 25-39)","municipios avec covariables, bascule 4G ≥ 50 %, référence −2 (anticipation = 1)",cs,-3,0.033604583465050936,0.016677518879291545,0.0009172471101527024,0.06629191981994917,0.04390852608885227,907,24489,True," ; covariables : share_cab, log_pop, share_edu_sup, pretrend_1014 (doublement robuste) ; contrôle = not_yet_treated ; fenêtre 1998-2024 ; 842 traitées, 65 jamais traitées sur la fenêtre ; 25 unités incomplètes exclues ; référence −2",event,65.0,842.0,0.0,25.0,1998.0,2024.0,1998.0,2024.0,907.0,5.0,dr,8.0,842.0,,,,,
h2,H2,H2b,"log(naissances+0,5 / 1 000 f. 25-39)","municipios avec covariables, bascule 4G ≥ 50 %, référence −2 (anticipation = 1)",cs,-1,0.005282076643599599,0.02075926500036152,-0.03540533510263185,0.04596948838983105,0.7991523306522423,907,24489,True," ; covariables : share_cab, log_pop, share_edu_sup, pretrend_1014 (doublement robuste) ; contrôle = not_yet_treated ; fenêtre 1998-2024 ; 842 traitées, 65 jamais traitées sur la fenêtre ; 25 unités incomplètes exclues ; référence −2",event,65.0,842.0,0.0,25.0,1998.0,2024.0,1998.0,2024.0,907.0,5.0,dr,8.0,842.0,,,,,
h2,H2,H2b,"log(naissances+0,5 / 1 000 f. 25-39)","municipios avec covariables, bascule 4G ≥ 50 %, référence −2 (anticipation = 1)",cs,0,-0.06255345185443552,0.03363223982196849,-0.12847143062490757,0.003364526916036517,0.06289610324593348,907,24489,True," ; covariables : share_cab, log_pop, share_edu_sup, pretrend_1014 (doublement robuste) ; contrôle = not_yet_treated ; fenêtre 1998-2024 ; 842 traitées, 65 jamais traitées sur la fenêtre ; 25 unités incomplètes exclues ; référence −2",event,65.0,842.0,0.0,25.0,1998.0,2024.0,1998.0,2024.0,907.0,5.0,dr,8.0,842.0,,,,,
h2,H2,H2b,"log(naissances+0,5 / 1 000 f. 25-39)","municipios avec covariables, bascule 4G ≥ 50 %, référence −2 (anticipation = 1)",cs,1,-0.06223511809523627,0.03883402678763586,-0.13834841197366626,0.01387817578319371,0.1090246619350208,907,24489,True," ; covariables : share_cab, log_pop, share_edu_sup, pretrend_1014 (doublement robuste) ; contrôle = not_yet_treated ; fenêtre 1998-2024 ; 842 traitées, 65 jamais traitées sur la fenêtre ; 25 unités incomplètes exclues ; référence −2",event,65.0,842.0,0.0,25.0,1998.0,2024.0,1998.0,2024.0,907.0,5.0,dr,8.0,842.0,,,,,
h2,H2,H2b,"log(naissances+0,5 / 1 000 f. 25-39)","municipios avec covariables, bascule 4G ≥ 50 %, référence −2 (anticipation = 1)",cs,2,-0.015444778867680352,0.048682500542894906,-0.110860726609106,0.0799711688737453,0.7510499302326163,907,24489,True," ; covariables : share_cab, log_pop, share_edu_sup, pretrend_1014 (doublement robuste) ; contrôle = not_yet_treated ; fenêtre 1998-2024 ; 842 traitées, 65 jamais traitées sur la fenêtre ; 25 unités incomplètes exclues ; référence −2",event,65.0,842.0,0.0,25.0,1998.0,2024.0,1998.0,2024.0,907.0,5.0,dr,7.0,797.0,,,,,
h2,H2,H2b,"log(naissances+0,5 / 1 000 f. 25-39)","municipios avec covariables, bascule 4G ≥ 50 %, référence −2 (anticipation = 1)",cs,3,0.017580075213679925,0.05241281784484854,-0.08514716009048147,0.12030731051784131,0.737311623803087,907,24489,True," ; covariables : share_cab, log_pop, share_edu_sup, pretrend_1014 (doublement robuste) ; contrôle = not_yet_treated ; fenêtre 1998-2024 ; 842 traitées, 65 jamais traitées sur la fenêtre ; 25 unités incomplètes exclues ; référence −2",event,65.0,842.0,0.0,25.0,1998.0,2024.0,1998.0,2024.0,907.0,5.0,dr,6.0,754.0,,,,,
h2,H2,H2b,"log(naissances+0,5 / 1 000 f. 25-39)","municipios avec covariables, bascule 4G ≥ 50 %, référence −2 (anticipation = 1)",cs,4,-0.022528238054281512,0.07761138017316972,-0.17464374798414017,0.12958727187557717,0.7716098580292982,907,24489,True," ; covariables : share_cab, log_pop, share_edu_sup, pretrend_1014 (doublement robuste) ; contrôle = not_yet_treated ; fenêtre 1998-2024 ; 842 traitées, 65 jamais traitées sur la fenêtre ; 25 unités incomplètes exclues ; référence −2",event,65.0,842.0,0.0,25.0,1998.0,2024.0,1998.0,2024.0,907.0,5.0,dr,5.0,534.0,,,,,
h2,H2,H2b,"log(naissances+0,5 / 1 000 f. 25-39)","municipios avec covariables, bascule 4G ≥ 50 %, référence −2 (anticipation = 1)",cs,5,0.059746918636834276,0.08201223123593387,-0.10099410087736697,0.2204879381510355,0.4663000462801703,907,24489,True," ; covariables : share_cab, log_pop, share_edu_sup, pretrend_1014 (doublement robuste) ; contrôle = not_yet_treated ; fenêtre 1998-2024 ; 842 traitées, 65 jamais traitées sur la fenêtre ; 25 unités incomplètes exclues ; référence −2",event,65.0,842.0,0.0,25.0,1998.0,2024.0,1998.0,2024.0,907.0,5.0,dr,4.0,367.0,,,,,
h2,H2,H2b,"log(naissances+0,5 / 1 000 f. 25-39)","municipios avec covariables, bascule 4G ≥ 50 %, référence −2 (anticipation = 1)",cs,6,0.08965021997497839,0.11061292768987992,-0.12714713452171955,0.3064475744716763,0.41766095665187586,907,24489,True," ; covariables : share_cab, log_pop, share_edu_sup, pretrend_1014 (doublement robuste) ; contrôle = not_yet_treated ; fenêtre 1998-2024 ; 842 traitées, 65 jamais traitées sur la fenêtre ; 25 unités incomplètes exclues ; référence −2",event,65.0,842.0,0.0,25.0,1998.0,2024.0,1998.0,2024.0,907.0,5.0,dr,3.0,277.0,,,,,
h2,H2,H2b,"log(naissances+0,5 / 1 000 f. 25-39)","municipios avec covariables, bascule 4G ≥ 50 %, référence −2 (anticipation = 1)",cs,7,0.12411142129037181,0.13170847353361662,-0.13403244329426364,0.38225528587500723,0.34602924930881396,907,24489,True," ; covariables : share_cab, log_pop, share_edu_sup, pretrend_1014 (doublement robuste) ; contrôle = not_yet_treated ; fenêtre 1998-2024 ; 842 traitées, 65 jamais traitées sur la fenêtre ; 25 unités incomplètes exclues ; référence −2",event,65.0,842.0,0.0,25.0,1998.0,2024.0,1998.0,2024.0,907.0,5.0,dr,2.0,173.0,,,,,
h2,H2,H2b,"log(naissances+0,5 / 1 000 f. 25-39)","municipios avec covariables, bascule 4G ≥ 50 %, référence −2 (anticipation = 1)",cs,8,0.3215545598629386,0.14110365858799304,0.0449964709436364,0.5981126487822408,0.0226757780625213,907,24489,True," ; covariables : share_cab, log_pop, share_edu_sup, pretrend_1014 (doublement robuste) ; contrôle = not_yet_treated ; fenêtre 1998-2024 ; 842 traitées, 65 jamais traitées sur la fenêtre ; 25 unités incomplètes exclues ; référence −2",event,65.0,842.0,0.0,25.0,1998.0,2024.0,1998.0,2024.0,907.0,5.0,dr,1.0,93.0,,,,,
h2,H2,H2b,"log(naissances+0,5 / 1 000 f. 25-39)","municipios avec covariables, bascule 4G ≥ 50 %, référence −2 (anticipation = 1)",cs,"ATT[1,5]",-0.004576228233336787,0.05274114607149921,-0.10794697503684139,0.09879451857016783,0.9308561580090164,907,24489,True," ; covariables : share_cab, log_pop, share_edu_sup, pretrend_1014 (doublement robuste) ; contrôle = not_yet_treated ; fenêtre 1998-2024 ; 842 traitées, 65 jamais traitées sur la fenêtre ; 25 unités incomplètes exclues ; référence −2 ; écart-type avec covariance complète des coefficients (fonctions d'influence)",post_avg,65.0,842.0,0.0,25.0,1998.0,2024.0,1998.0,2024.0,907.0,5.0,dr,,,,,5.0,,
h2,H2,H2b,"log(naissances+0,5 / 1 000 f. 25-39)","municipios avec covariables, bascule 4G ≥ 50 %, référence −2 (anticipation = 1)",cs,ATT,-0.003851268869793061,0.04554727128917086,-0.09312228019064318,0.08541974245105706,0.9326148379967574,907,24489,True," ; covariables : share_cab, log_pop, share_edu_sup, pretrend_1014 (doublement robuste) ; contrôle = not_yet_treated ; fenêtre 1998-2024 ; 842 traitées, 65 jamais traitées sur la fenêtre ; 25 unités incomplètes exclues ; référence −2 ; moyenne de tous les ATT(g,t) post",simple,65.0,842.0,0.0,25.0,1998.0,2024.0,1998.0,2024.0,907.0,5.0,dr,,,,,,,
h2,H2,H2b,"log(naissances+0,5 / 1 000 f. 25-39)","municipios avec covariables, bascule 4G ≥ 50 %, référence −2 (anticipation = 1)",cs,Wald pré (-8..-3),5.8402038651565436,,,,0.44132671292515635,907,24489,True,"H5c : test de Wald joint de nullité des coefficients pré avec covariance des fonctions d'influence, df = 6 ; fenêtre 1998-2024 ; 842 traitées, 65 jamais traitées sur la fenêtre ; 25 unités incomplètes exclues",pre_test,65.0,842.0,0.0,25.0,1998.0,2024.0,1998.0,2024.0,907.0,5.0,dr,,,,,,6.0,
h2,H2,H2a,"log(naissances+0,5 / 1 000 f. 15-19)","municipios avec covariables, bascule 4G ≥ 50 %",cs,-8,-0.005126268224800105,0.04003147674978862,-0.08358652090233834,0.07333398445273814,0.8981047068455826,907,24489,False," ; covariables : share_cab, log_pop, share_edu_sup, pretrend_1014 (doublement robuste) ; contrôle = not_yet_treated ; fenêtre 1998-2024 ; 842 traitées, 65 jamais traitées sur la fenêtre ; 25 unités incomplètes exclues",event,65.0,842.0,0.0,25.0,1998.0,2024.0,1998.0,2024.0,907.0,5.0,dr,8.0,842.0,,,,,
h2,H2,H2a,"log(naissances+0,5 / 1 000 f. 15-19)","municipios avec covariables, bascule 4G ≥ 50 %",cs,-7,0.0003168529085910386,0.04005489864746119,-0.07818930584483501,0.07882301166201709,0.9936884272402899,907,24489,False," ; covariables : share_cab, log_pop, share_edu_sup, pretrend_1014 (doublement robuste) ; contrôle = not_yet_treated ; fenêtre 1998-2024 ; 842 traitées, 65 jamais traitées sur la fenêtre ; 25 unités incomplètes exclues",event,65.0,842.0,0.0,25.0,1998.0,2024.0,1998.0,2024.0,907.0,5.0,dr,8.0,842.0,,,,,
h2,H2,H2a,"log(naissances+0,5 / 1 000 f. 15-19)","municipios avec covariables, bascule 4G ≥ 50 %",cs,-6,0.013418248412241159,0.029430584690174445,-0.044264637624456656,0.07110113444893898,0.6484412459025748,907,24489,False," ; covariables : share_cab, log_pop, share_edu_sup, pretrend_1014 (doublement robuste) ; contrôle = not_yet_treated ; fenêtre 1998-2024 ; 842 traitées, 65 jamais traitées sur la fenêtre ; 25 unités incomplètes exclues",event,65.0,842.0,0.0,25.0,1998.0,2024.0,1998.0,2024.0,907.0,5.0,dr,8.0,842.0,,,,,
h2,H2,H2a,"log(naissances+0,5 / 1 000 f. 15-19)","municipios avec covariables, bascule 4G ≥ 50 %",cs,-5,0.026745413497933815,0.03469487538657503,-0.041255292707858424,0.09474611970372605,0.4407810022365749,907,24489,False," ; covariables : share_cab, log_pop, share_edu_sup, pretrend_1014 (doublement robuste) ; contrôle = not_yet_treated ; fenêtre 1998-2024 ; 842 traitées, 65 jamais traitées sur la fenêtre ; 25 unités incomplètes exclues",event,65.0,842.0,0.0,25.0,1998.0,2024.0,1998.0,2024.0,907.0,5.0,dr,8.0,842.0,,,,,
h2,H2,H2a,"log(naissances+0,5 / 1 000 f. 15-19)","municipios avec covariables, bascule 4G ≥ 50 %",cs,-4,0.016581314133249887,0.03134750255824596,-0.04485866188618941,0.07802129015268919,0.596838970217538,907,24489,False," ; covariables : share_cab, log_pop, share_edu_sup, pretrend_1014 (doublement robuste) ; contrôle = not_yet_treated ; fenêtre 1998-2024 ; 842 traitées, 65 jamais traitées sur la fenêtre ; 25 unités incomplètes exclues",event,65.0,842.0,0.0,25.0,1998.0,2024.0,1998.0,2024.0,907.0,5.0,dr,8.0,842.0,,,,,
h2,H2,H2a,"log(naissances+0,5 / 1 000 f. 15-19)","municipios avec covariables, bascule 4G ≥ 50 %",cs,-3,0.006388826015496562,0.038717564455653886,-0.0694962058866932,0.08227385791768632,0.8689352836014039,907,24489,False," ; covariables : share_cab, log_pop, share_edu_sup, pretrend_1014 (doublement robuste) ; contrôle = not_yet_treated ; fenêtre 1998-2024 ; 842 traitées, 65 jamais traitées sur la fenêtre ; 25 unités incomplètes exclues",event,65.0,842.0,0.0,25.0,1998.0,2024.0,1998.0,2024.0,907.0,5.0,dr,8.0,842.0,,,,,
h2,H2,H2a,"log(naissances+0,5 / 1 000 f. 15-19)","municipios avec covariables, bascule 4G ≥ 50 %",cs,-2,-0.06258157454449227,0.019734511595687166,-0.1012605065245272,-0.02390264256445735,0.001518240540449439,907,24489,False," ; covariables : share_cab, log_pop, share_edu_sup, pretrend_1014 (doublement robuste) ; contrôle = not_yet_treated ; fenêtre 1998-2024 ; 842 traitées, 65 jamais traitées sur la fenêtre ; 25 unités incomplètes exclues",event,65.0,842.0,0.0,25.0,1998.0,2024.0,1998.0,2024.0,907.0,5.0,dr,8.0,842.0,,,,,
h2,H2,H2a,"log(naissances+0,5 / 1 000 f. 15-19)","municipios avec covariables, bascule 4G ≥ 50 %",cs,0,-0.02626097354510368,0.02241117161102685,-0.0701860627540628,0.017664115663855447,0.24128519952828809,907,24489,False," ; covariables : share_cab, log_pop, share_edu_sup, pretrend_1014 (doublement robuste) ; contrôle = not_yet_treated ; fenêtre 1998-2024 ; 842 traitées, 65 jamais traitées sur la fenêtre ; 25 unités incomplètes exclues",event,65.0,842.0,0.0,25.0,1998.0,2024.0,1998.0,2024.0,907.0,5.0,dr,8.0,842.0,,,,,
h2,H2,H2a,"log(naissances+0,5 / 1 000 f. 15-19)","municipios avec covariables, bascule 4G ≥ 50 %",cs,1,0.0010842091384062717,0.02919502488720052,-0.05613698816825731,0.058305406445069846,0.9703759481730987,907,24489,False," ; covariables : share_cab, log_pop, share_edu_sup, pretrend_1014 (doublement robuste) ; contrôle = not_yet_treated ; fenêtre 1998-2024 ; 842 traitées, 65 jamais traitées sur la fenêtre ; 25 unités incomplètes exclues",event,65.0,842.0,0.0,25.0,1998.0,2024.0,1998.0,2024.0,907.0,5.0,dr,8.0,842.0,,,,,
h2,H2,H2a,"log(naissances+0,5 / 1 000 f. 15-19)","municipios avec covariables, bascule 4G ≥ 50 %",cs,2,0.015681621066049464,0.037849529012341405,-0.058502092629943575,0.0898653347620425,0.6786435565813732,907,24489,False," ; covariables : share_cab, log_pop, share_edu_sup, pretrend_1014 (doublement robuste) ; contrôle = not_yet_treated ; fenêtre 1998-2024 ; 842 traitées, 65 jamais traitées sur la fenêtre ; 25 unités incomplètes exclues",event,65.0,842.0,0.0,25.0,1998.0,2024.0,1998.0,2024.0,907.0,5.0,dr,7.0,797.0,,,,,
h2,H2,H2a,"log(naissances+0,5 / 1 000 f. 15-19)","municipios avec covariables, bascule 4G ≥ 50 %",cs,3,-0.06107599880753151,0.06086174024279481,-0.1803628177198414,0.058210820104778356,0.31560983208835924,907,24489,False," ; covariables : share_cab, log_pop, share_edu_sup, pretrend_1014 (doublement robuste) ; contrôle = not_yet_treated ; fenêtre 1998-2024 ; 842 traitées, 65 jamais traitées sur la fenêtre ; 25 unités incomplètes exclues",event,65.0,842.0,0.0,25.0,1998.0,2024.0,1998.0,2024.0,907.0,5.0,dr,6.0,754.0,,,,,
h2,H2,H2a,"log(naissances+0,5 / 1 000 f. 15-19)","municipios avec covariables, bascule 4G ≥ 50 %",cs,4,-0.036878730930051215,0.0723763973927962,-0.1787338631506904,0.10497640129058798,0.6103731736180888,907,24489,False," ; covariables : share_cab, log_pop, share_edu_sup, pretrend_1014 (doublement robuste) ; contrôle = not_yet_treated ; fenêtre 1998-2024 ; 842 traitées, 65 jamais traitées sur la fenêtre ; 25 unités incomplètes exclues",event,65.0,842.0,0.0,25.0,1998.0,2024.0,1998.0,2024.0,907.0,5.0,dr,5.0,534.0,,,,,
h2,H2,H2a,"log(naissances+0,5 / 1 000 f. 15-19)","municipios avec covariables, bascule 4G ≥ 50 %",cs,5,-0.1594965726032387,0.16125019134685714,-0.475541140143271,0.15654799493679353,0.32260205688797217,907,24489,False," ; covariables : share_cab, log_pop, share_edu_sup, pretrend_1014 (doublement robuste) ; contrôle = not_yet_treated ; fenêtre 1998-2024 ; 842 traitées, 65 jamais traitées sur la fenêtre ; 25 unités incomplètes exclues",event,65.0,842.0,0.0,25.0,1998.0,2024.0,1998.0,2024.0,907.0,5.0,dr,4.0,367.0,,,,,
h2,H2,H2a,"log(naissances+0,5 / 1 000 f. 15-19)","municipios avec covariables, bascule 4G ≥ 50 %",cs,6,-0.11257672407107056,0.1678249337805081,-0.44150754998868597,0.21635410184654486,0.5023488643410472,907,24489,False," ; covariables : share_cab, log_pop, share_edu_sup, pretrend_1014 (doublement robuste) ; contrôle = not_yet_treated ; fenêtre 1998-2024 ; 842 traitées, 65 jamais traitées sur la fenêtre ; 25 unités incomplètes exclues",event,65.0,842.0,0.0,25.0,1998.0,2024.0,1998.0,2024.0,907.0,5.0,dr,3.0,277.0,,,,,
h2,H2,H2a,"log(naissances+0,5 / 1 000 f. 15-19)","municipios avec covariables, bascule 4G ≥ 50 %",cs,7,-0.1716692321763859,0.20977076630854447,-0.5828123791505013,0.23947391479772945,0.41314831362084403,907,24489,False," ; covariables : share_cab, log_pop, share_edu_sup, pretrend_1014 (doublement robuste) ; contrôle = not_yet_treated ; fenêtre 1998-2024 ; 842 traitées, 65 jamais traitées sur la fenêtre ; 25 unités incomplètes exclues",event,65.0,842.0,0.0,25.0,1998.0,2024.0,1998.0,2024.0,907.0,5.0,dr,2.0,173.0,,,,,
h2,H2,H2a,"log(naissances+0,5 / 1 000 f. 15-19)","municipios avec covariables, bascule 4G ≥ 50 %",cs,8,-0.1417797878763255,0.28640551922117374,-0.7031242905233203,0.41956471477066926,0.6205778013119747,907,24489,False," ; covariables : share_cab, log_pop, share_edu_sup, pretrend_1014 (doublement robuste) ; contrôle = not_yet_treated ; fenêtre 1998-2024 ; 842 traitées, 65 jamais traitées sur la fenêtre ; 25 unités incomplètes exclues",event,65.0,842.0,0.0,25.0,1998.0,2024.0,1998.0,2024.0,907.0,5.0,dr,1.0,93.0,,,,,
h2,H2,H2a,"log(naissances+0,5 / 1 000 f. 15-19)","municipios avec covariables, bascule 4G ≥ 50 %",cs,"ATT[1,5]",-0.04813709442727315,0.05604036645610059,-0.15797419436165686,0.06170000550711055,0.390356074628491,907,24489,False," ; covariables : share_cab, log_pop, share_edu_sup, pretrend_1014 (doublement robuste) ; contrôle = not_yet_treated ; fenêtre 1998-2024 ; 842 traitées, 65 jamais traitées sur la fenêtre ; 25 unités incomplètes exclues ; écart-type avec covariance complète des coefficients (fonctions d'influence)",post_avg,65.0,842.0,0.0,25.0,1998.0,2024.0,1998.0,2024.0,907.0,5.0,dr,,,,,5.0,,
h2,H2,H2a,"log(naissances+0,5 / 1 000 f. 15-19)","municipios avec covariables, bascule 4G ≥ 50 %",cs,ATT,-0.044250570893441324,0.048951862681307745,-0.14019445872495484,0.05169331693807218,0.36601612333705613,907,24489,False," ; covariables : share_cab, log_pop, share_edu_sup, pretrend_1014 (doublement robuste) ; contrôle = not_yet_treated ; fenêtre 1998-2024 ; 842 traitées, 65 jamais traitées sur la fenêtre ; 25 unités incomplètes exclues ; moyenne de tous les ATT(g,t) post",simple,65.0,842.0,0.0,25.0,1998.0,2024.0,1998.0,2024.0,907.0,5.0,dr,,,,,,,
h2,H2,H2a,"log(naissances+0,5 / 1 000 f. 15-19)","municipios avec covariables, bascule 4G ≥ 50 %",cs,Wald pré (-8..-2),18.791919325727417,,,,0.008864776336321465,907,24489,False,"H5c : test de Wald joint de nullité des coefficients pré avec covariance des fonctions d'influence, df = 7 ; fenêtre 1998-2024 ; 842 traitées, 65 jamais traitées sur la fenêtre ; 25 unités incomplètes exclues",pre_test,65.0,842.0,0.0,25.0,1998.0,2024.0,1998.0,2024.0,907.0,5.0,dr,,,,,,7.0,
h2,H2,H2a,"log(naissances+0,5 / 1 000 f. 15-19)","municipios avec covariables, bascule 4G ≥ 50 %",sunab,-8,0.06136094072855779,0.04994388978989049,-0.03652728450746529,0.15924916596458089,0.21922273381714652,907,24489,False," ; fenêtre 1998-2024 ; 842 traitées, 65 jamais traitées sur la fenêtre ; 25 unités incomplètes exclues ; covariables invariantes dans le temps absorbées par les effets fixes unité : share_cab, log_pop, share_edu_sup, pretrend_1014 ; cellules −8 et +8 bornées",event,65.0,842.0,0.0,25.0,1998.0,2024.0,,,,,,,,,,,,
h2,H2,H2a,"log(naissances+0,5 / 1 000 f. 15-19)","municipios avec covariables, bascule 4G ≥ 50 %",sunab,-7,0.023871147261886994,0.04302794994304456,-0.06046208495507262,0.1082043794788466,0.5790435398480946,907,24489,False," ; fenêtre 1998-2024 ; 842 traitées, 65 jamais traitées sur la fenêtre ; 25 unités incomplètes exclues ; covariables invariantes dans le temps absorbées par les effets fixes unité : share_cab, log_pop, share_edu_sup, pretrend_1014 ; cellules −8 et +8 bornées",event,65.0,842.0,0.0,25.0,1998.0,2024.0,,,,,,,,,,,,
h2,H2,H2a,"log(naissances+0,5 / 1 000 f. 15-19)","municipios avec covariables, bascule 4G ≥ 50 %",sunab,-6,0.02295569332771563,0.03922559205073383,-0.053925054363983316,0.09983644101941458,0.5583982157703322,907,24489,False," ; fenêtre 1998-2024 ; 842 traitées, 65 jamais traitées sur la fenêtre ; 25 unités incomplètes exclues ; covariables invariantes dans le temps absorbées par les effets fixes unité : share_cab, log_pop, share_edu_sup, pretrend_1014 ; cellules −8 et +8 bornées",event,65.0,842.0,0.0,25.0,1998.0,2024.0,,,,,,,,,,,,
h2,H2,H2a,"log(naissances+0,5 / 1 000 f. 15-19)","municipios avec covariables, bascule 4G ≥ 50 %",sunab,-5,0.012705087853320009,0.0349023435502014,-0.05570224848111858,0.0811124241877586,0.7158444277935774,907,24489,False," ; fenêtre 1998-2024 ; 842 traitées, 65 jamais traitées sur la fenêtre ; 25 unités incomplètes exclues ; covariables invariantes dans le temps absorbées par les effets fixes unité : share_cab, log_pop, share_edu_sup, pretrend_1014 ; cellules −8 et +8 bornées",event,65.0,842.0,0.0,25.0,1998.0,2024.0,,,,,,,,,,,,
h2,H2,H2a,"log(naissances+0,5 / 1 000 f. 15-19)","municipios avec covariables, bascule 4G ≥ 50 %",sunab,-4,0.014573166173488441,0.02988748582194978,-0.04400522962598462,0.0731515619729615,0.6258325298035978,907,24489,False," ; fenêtre 1998-2024 ; 842 traitées, 65 jamais traitées sur la fenêtre ; 25 unités incomplètes exclues ; covariables invariantes dans le temps absorbées par les effets fixes unité : share_cab, log_pop, share_edu_sup, pretrend_1014 ; cellules −8 et +8 bornées",event,65.0,842.0,0.0,25.0,1998.0,2024.0,,,,,,,,,,,,
h2,H2,H2a,"log(naissances+0,5 / 1 000 f. 15-19)","municipios avec covariables, bascule 4G ≥ 50 %",sunab,-3,-0.011459117388071103,0.024366939683609264,-0.05921744158140508,0.03629920680526288,0.6381598806192865,907,24489,False," ; fenêtre 1998-2024 ; 842 traitées, 65 jamais traitées sur la fenêtre ; 25 unités incomplètes exclues ; covariables invariantes dans le temps absorbées par les effets fixes unité : share_cab, log_pop, share_edu_sup, pretrend_1014 ; cellules −8 et +8 bornées",event,65.0,842.0,0.0,25.0,1998.0,2024.0,,,,,,,,,,,,
h2,H2,H2a,"log(naissances+0,5 / 1 000 f. 15-19)","municipios avec covariables, bascule 4G ≥ 50 %",sunab,-2,-0.03847584931934409,0.01817229325175882,-0.07409288960929164,-0.0028588090293965376,0.03423601535590941,907,24489,False," ; fenêtre 1998-2024 ; 842 traitées, 65 jamais traitées sur la fenêtre ; 25 unités incomplètes exclues ; covariables invariantes dans le temps absorbées par les effets fixes unité : share_cab, log_pop, share_edu_sup, pretrend_1014 ; cellules −8 et +8 bornées",event,65.0,842.0,0.0,25.0,1998.0,2024.0,,,,,,,,,,,,
h2,H2,H2a,"log(naissances+0,5 / 1 000 f. 15-19)","municipios avec covariables, bascule 4G ≥ 50 %",sunab,0,-0.006551985256258958,0.01946169660803269,-0.04469620968604837,0.03159223917353045,0.7363728143615735,907,24489,False," ; fenêtre 1998-2024 ; 842 traitées, 65 jamais traitées sur la fenêtre ; 25 unités incomplètes exclues ; covariables invariantes dans le temps absorbées par les effets fixes unité : share_cab, log_pop, share_edu_sup, pretrend_1014 ; cellules −8 et +8 bornées",event,65.0,842.0,0.0,25.0,1998.0,2024.0,,,,,,,,,,,,
h2,H2,H2a,"log(naissances+0,5 / 1 000 f. 15-19)","municipios avec covariables, bascule 4G ≥ 50 %",sunab,1,-0.018412750101105668,0.021652481068851655,-0.06085083317199025,0.02402533296977891,0.3951160786190412,907,24489,False," ; fenêtre 1998-2024 ; 842 traitées, 65 jamais traitées sur la fenêtre ; 25 unités incomplètes exclues ; covariables invariantes dans le temps absorbées par les effets fixes unité : share_cab, log_pop, share_edu_sup, pretrend_1014 ; cellules −8 et +8 bornées",event,65.0,842.0,0.0,25.0,1998.0,2024.0,,,,,,,,,,,,
h2,H2,H2a,"log(naissances+0,5 / 1 000 f. 15-19)","municipios avec covariables, bascule 4G ≥ 50 %",sunab,2,-0.019524121898145175,0.02677870594687628,-0.07200942110661124,0.032961177310320895,0.4659458076660956,907,24489,False," ; fenêtre 1998-2024 ; 842 traitées, 65 jamais traitées sur la fenêtre ; 25 unités incomplètes exclues ; covariables invariantes dans le temps absorbées par les effets fixes unité : share_cab, log_pop, share_edu_sup, pretrend_1014 ; cellules −8 et +8 bornées",event,65.0,842.0,0.0,25.0,1998.0,2024.0,,,,,,,,,,,,
h2,H2,H2a,"log(naissances+0,5 / 1 000 f. 15-19)","municipios avec covariables, bascule 4G ≥ 50 %",sunab,3,-0.015840813559549367,0.03350248220918512,-0.08150447208224612,0.04982284496314738,0.6363379851767971,907,24489,False," ; fenêtre 1998-2024 ; 842 traitées, 65 jamais traitées sur la fenêtre ; 25 unités incomplètes exclues ; covariables invariantes dans le temps absorbées par les effets fixes unité : share_cab, log_pop, share_edu_sup, pretrend_1014 ; cellules −8 et +8 bornées",event,65.0,842.0,0.0,25.0,1998.0,2024.0,,,,,,,,,,,,
h2,H2,H2a,"log(naissances+0,5 / 1 000 f. 15-19)","municipios avec covariables, bascule 4G ≥ 50 %",sunab,4,-0.01975274517898014,0.03779035390678624,-0.0938204777993037,0.05431498744134343,0.6011880627145905,907,24489,False," ; fenêtre 1998-2024 ; 842 traitées, 65 jamais traitées sur la fenêtre ; 25 unités incomplètes exclues ; covariables invariantes dans le temps absorbées par les effets fixes unité : share_cab, log_pop, share_edu_sup, pretrend_1014 ; cellules −8 et +8 bornées",event,65.0,842.0,0.0,25.0,1998.0,2024.0,,,,,,,,,,,,
h2,H2,H2a,"log(naissances+0,5 / 1 000 f. 15-19)","municipios avec covariables, bascule 4G ≥ 50 %",sunab,5,-0.038837087851017346,0.043311510476074865,-0.12372608850015333,0.04605191279811864,0.36988325492413876,907,24489,False," ; fenêtre 1998-2024 ; 842 traitées, 65 jamais traitées sur la fenêtre ; 25 unités incomplètes exclues ; covariables invariantes dans le temps absorbées par les effets fixes unité : share_cab, log_pop, share_edu_sup, pretrend_1014 ; cellules −8 et +8 bornées",event,65.0,842.0,0.0,25.0,1998.0,2024.0,,,,,,,,,,,,
h2,H2,H2a,"log(naissances+0,5 / 1 000 f. 15-19)","municipios avec covariables, bascule 4G ≥ 50 %",sunab,6,-0.03162002210377404,0.050702100134093174,-0.1309943123071401,0.06775426809959202,0.5328619055179009,907,24489,False," ; fenêtre 1998-2024 ; 842 traitées, 65 jamais traitées sur la fenêtre ; 25 unités incomplètes exclues ; covariables invariantes dans le temps absorbées par les effets fixes unité : share_cab, log_pop, share_edu_sup, pretrend_1014 ; cellules −8 et +8 bornées",event,65.0,842.0,0.0,25.0,1998.0,2024.0,,,,,,,,,,,,
h2,H2,H2a,"log(naissances+0,5 / 1 000 f. 15-19)","municipios avec covariables, bascule 4G ≥ 50 %",sunab,7,-0.034446368727723914,0.059224053342474374,-0.1505233802974527,0.08163064284200487,0.5608172668223128,907,24489,False," ; fenêtre 1998-2024 ; 842 traitées, 65 jamais traitées sur la fenêtre ; 25 unités incomplètes exclues ; covariables invariantes dans le temps absorbées par les effets fixes unité : share_cab, log_pop, share_edu_sup, pretrend_1014 ; cellules −8 et +8 bornées",event,65.0,842.0,0.0,25.0,1998.0,2024.0,,,,,,,,,,,,
h2,H2,H2a,"log(naissances+0,5 / 1 000 f. 15-19)","municipios avec covariables, bascule 4G ≥ 50 %",sunab,8,-0.0588215266178919,0.09514988936290775,-0.24531188290216188,0.12766882966637805,0.5364444451154706,907,24489,False," ; fenêtre 1998-2024 ; 842 traitées, 65 jamais traitées sur la fenêtre ; 25 unités incomplètes exclues ; covariables invariantes dans le temps absorbées par les effets fixes unité : share_cab, log_pop, share_edu_sup, pretrend_1014 ; cellules −8 et +8 bornées",event,65.0,842.0,0.0,25.0,1998.0,2024.0,,,,,,,,,,,,
h2,H2,H2a,"log(naissances+0,5 / 1 000 f. 15-19)","municipios avec covariables, bascule 4G ≥ 50 %",sunab,"ATT[1,5]",-0.022473503717759538,0.027440371603187425,-0.07625564378240252,0.03130863634688344,0.4127897533147483,907,24489,False," ; fenêtre 1998-2024 ; 842 traitées, 65 jamais traitées sur la fenêtre ; 25 unités incomplètes exclues ; covariables invariantes dans le temps absorbées par les effets fixes unité : share_cab, log_pop, share_edu_sup, pretrend_1014 ; écart-type avec covariance complète (w'Vw)",post_avg,65.0,842.0,0.0,25.0,1998.0,2024.0,,,,,,,,,,,,
h2,H2,H2a,"log(naissances+0,5 / 1 000 f. 15-19)","municipios avec covariables, bascule 4G ≥ 50 %",sunab,Wald pré (-8..−2),12.215816279079931,,,,0.09368129579525578,907,24489,False,"test de Wald joint, covariance groupée, df = 7 ; fenêtre 1998-2024 ; 842 traitées, 65 jamais traitées sur la fenêtre ; 25 unités incomplètes exclues",pre_test,65.0,842.0,0.0,25.0,1998.0,2024.0,,,,,,,,,,,7.0,
h2,H2,H2a,"log(naissances+0,5 / 1 000 f. 15-19)","municipios avec covariables, bascule 4G ≥ 50 %",did2s,-8,0.0033748982671470873,0.0016308691956544391,0.00017845338016857963,0.0065713431541255946,0.038509857019932786,907,24489,False," ; fenêtre 1998-2024 ; 842 traitées, 65 jamais traitées sur la fenêtre ; 25 unités incomplètes exclues ; covariables invariantes dans le temps absorbées par les effets fixes unité : share_cab, log_pop, share_edu_sup, pretrend_1014 ; cellules −8 et +8 bornées",event,65.0,842.0,0.0,25.0,1998.0,2024.0,,,,,,,,,,,,
h2,H2,H2a,"log(naissances+0,5 / 1 000 f. 15-19)","municipios avec covariables, bascule 4G ≥ 50 %",did2s,-7,0.0034405102481052997,0.009340124974892087,-0.014865798313786269,0.02174681880999687,0.7126062709312173,907,24489,False," ; fenêtre 1998-2024 ; 842 traitées, 65 jamais traitées sur la fenêtre ; 25 unités incomplètes exclues ; covariables invariantes dans le temps absorbées par les effets fixes unité : share_cab, log_pop, share_edu_sup, pretrend_1014 ; cellules −8 et +8 bornées",event,65.0,842.0,0.0,25.0,1998.0,2024.0,,,,,,,,,,,,
h2,H2,H2a,"log(naissances+0,5 / 1 000 f. 15-19)","municipios avec covariables, bascule 4G ≥ 50 %",did2s,-6,0.004599985070401912,0.009249400687663126,-0.013528507155997824,0.022728477296801646,0.6189578363612952,907,24489,False," ; fenêtre 1998-2024 ; 842 traitées, 65 jamais traitées sur la fenêtre ; 25 unités incomplètes exclues ; covariables invariantes dans le temps absorbées par les effets fixes unité : share_cab, log_pop, share_edu_sup, pretrend_1014 ; cellules −8 et +8 bornées",event,65.0,842.0,0.0,25.0,1998.0,2024.0,,,,,,,,,,,,
h2,H2,H2a,"log(naissances+0,5 / 1 000 f. 15-19)","municipios avec covariables, bascule 4G ≥ 50 %",did2s,-5,0.0016469468736059853,0.009153247164302223,-0.01629308791001975,0.01958698165723172,0.857207256093366,907,24489,False," ; fenêtre 1998-2024 ; 842 traitées, 65 jamais traitées sur la fenêtre ; 25 unités incomplètes exclues ; covariables invariantes dans le temps absorbées par les effets fixes unité : share_cab, log_pop, share_edu_sup, pretrend_1014 ; cellules −8 et +8 bornées",event,65.0,842.0,0.0,25.0,1998.0,2024.0,,,,,,,,,,,,
h2,H2,H2a,"log(naissances+0,5 / 1 000 f. 15-19)","municipios avec covariables, bascule 4G ≥ 50 %",did2s,-4,0.008895399059780363,0.008753653135854666,-0.008261445819650888,0.026052243939211614,0.30953759690655613,907,24489,False," ; fenêtre 1998-2024 ; 842 traitées, 65 jamais traitées sur la fenêtre ; 25 unités incomplètes exclues ; covariables invariantes dans le temps absorbées par les effets fixes unité : share_cab, log_pop, share_edu_sup, pretrend_1014 ; cellules −8 et +8 bornées",event,65.0,842.0,0.0,25.0,1998.0,2024.0,,,,,,,,,,,,
h2,H2,H2a,"log(naissances+0,5 / 1 000 f. 15-19)","municipios avec covariables, bascule 4G ≥ 50 %",did2s,-3,-0.010044803541327526,0.010009000998231968,-0.029662085019087632,0.00957247793643258,0.3155825285965841,907,24489,False," ; fenêtre 1998-2024 ; 842 traitées, 65 jamais traitées sur la fenêtre ; 25 unités incomplètes exclues ; covariables invariantes dans le temps absorbées par les effets fixes unité : share_cab, log_pop, share_edu_sup, pretrend_1014 ; cellules −8 et +8 bornées",event,65.0,842.0,0.0,25.0,1998.0,2024.0,,,,,,,,,,,,
h2,H2,H2a,"log(naissances+0,5 / 1 000 f. 15-19)","municipios avec covariables, bascule 4G ≥ 50 %",did2s,-2,-0.03945329226283063,0.01028305412161733,-0.059607707992276764,-0.019298876533384503,0.00012468391497753997,907,24489,False," ; fenêtre 1998-2024 ; 842 traitées, 65 jamais traitées sur la fenêtre ; 25 unités incomplètes exclues ; covariables invariantes dans le temps absorbées par les effets fixes unité : share_cab, log_pop, share_edu_sup, pretrend_1014 ; cellules −8 et +8 bornées",event,65.0,842.0,0.0,25.0,1998.0,2024.0,,,,,,,,,,,,
h2,H2,H2a,"log(naissances+0,5 / 1 000 f. 15-19)","municipios avec covariables, bascule 4G ≥ 50 %",did2s,0,-0.053960973009906696,0.019875289182165863,-0.09291582398927034,-0.015006122030543058,0.006628017194016492,907,24489,False," ; fenêtre 1998-2024 ; 842 traitées, 65 jamais traitées sur la fenêtre ; 25 unités incomplètes exclues ; covariables invariantes dans le temps absorbées par les effets fixes unité : share_cab, log_pop, share_edu_sup, pretrend_1014 ; cellules −8 et +8 bornées",event,65.0,842.0,0.0,25.0,1998.0,2024.0,,,,,,,,,,,,
h2,H2,H2a,"log(naissances+0,5 / 1 000 f. 15-19)","municipios avec covariables, bascule 4G ≥ 50 %",did2s,1,-0.07240804943987471,0.025386666096634456,-0.12216500067682227,-0.022651098202927142,0.004341669539998397,907,24489,False," ; fenêtre 1998-2024 ; 842 traitées, 65 jamais traitées sur la fenêtre ; 25 unités incomplètes exclues ; covariables invariantes dans le temps absorbées par les effets fixes unité : share_cab, log_pop, share_edu_sup, pretrend_1014 ; cellules −8 et +8 bornées",event,65.0,842.0,0.0,25.0,1998.0,2024.0,,,,,,,,,,,,
h2,H2,H2a,"log(naissances+0,5 / 1 000 f. 15-19)","municipios avec covariables, bascule 4G ≥ 50 %",did2s,2,-0.07426119053289788,0.030745836338422615,-0.13452192243076905,-0.014000458635026712,0.015721170300785157,907,24489,False," ; fenêtre 1998-2024 ; 842 traitées, 65 jamais traitées sur la fenêtre ; 25 unités incomplètes exclues ; covariables invariantes dans le temps absorbées par les effets fixes unité : share_cab, log_pop, share_edu_sup, pretrend_1014 ; cellules −8 et +8 bornées",event,65.0,842.0,0.0,25.0,1998.0,2024.0,,,,,,,,,,,,
h2,H2,H2a,"log(naissances+0,5 / 1 000 f. 15-19)","municipios avec covariables, bascule 4G ≥ 50 %",did2s,3,-0.09232383549448245,0.039608461625252014,-0.1699549937630132,-0.014692677225951689,0.01975800439987935,907,24489,False," ; fenêtre 1998-2024 ; 842 traitées, 65 jamais traitées sur la fenêtre ; 25 unités incomplètes exclues ; covariables invariantes dans le temps absorbées par les effets fixes unité : share_cab, log_pop, share_edu_sup, pretrend_1014 ; cellules −8 et +8 bornées",event,65.0,842.0,0.0,25.0,1998.0,2024.0,,,,,,,,,,,,
h2,H2,H2a,"log(naissances+0,5 / 1 000 f. 15-19)","municipios avec covariables, bascule 4G ≥ 50 %",did2s,4,-0.1299936734574838,0.04228658802339925,-0.2128738630124291,-0.047113483902538486,0.002111307268007372,907,24489,False," ; fenêtre 1998-2024 ; 842 traitées, 65 jamais traitées sur la fenêtre ; 25 unités incomplètes exclues ; covariables invariantes dans le temps absorbées par les effets fixes unité : share_cab, log_pop, share_edu_sup, pretrend_1014 ; cellules −8 et +8 bornées",event,65.0,842.0,0.0,25.0,1998.0,2024.0,,,,,,,,,,,,
h2,H2,H2a,"log(naissances+0,5 / 1 000 f. 15-19)","municipios avec covariables, bascule 4G ≥ 50 %",did2s,5,-0.12126431537500759,0.046464823463786754,-0.21233369591204126,-0.030194934837973905,0.00905927827834644,907,24489,False," ; fenêtre 1998-2024 ; 842 traitées, 65 jamais traitées sur la fenêtre ; 25 unités incomplètes exclues ; covariables invariantes dans le temps absorbées par les effets fixes unité : share_cab, log_pop, share_edu_sup, pretrend_1014 ; cellules −8 et +8 bornées",event,65.0,842.0,0.0,25.0,1998.0,2024.0,,,,,,,,,,,,
h2,H2,H2a,"log(naissances+0,5 / 1 000 f. 15-19)","municipios avec covariables, bascule 4G ≥ 50 %",did2s,6,-0.09658757065403448,0.05347671462522742,-0.2014000053310066,0.008224864022937636,0.07089315307724255,907,24489,False," ; fenêtre 1998-2024 ; 842 traitées, 65 jamais traitées sur la fenêtre ; 25 unités incomplètes exclues ; covariables invariantes dans le temps absorbées par les effets fixes unité : share_cab, log_pop, share_edu_sup, pretrend_1014 ; cellules −8 et +8 bornées",event,65.0,842.0,0.0,25.0,1998.0,2024.0,,,,,,,,,,,,
h2,H2,H2a,"log(naissances+0,5 / 1 000 f. 15-19)","municipios avec covariables, bascule 4G ≥ 50 %",did2s,7,-0.08882936997050082,0.06368392453149092,-0.21364756844638988,0.03598882850538822,0.16306179816787447,907,24489,False," ; fenêtre 1998-2024 ; 842 traitées, 65 jamais traitées sur la fenêtre ; 25 unités incomplètes exclues ; covariables invariantes dans le temps absorbées par les effets fixes unité : share_cab, log_pop, share_edu_sup, pretrend_1014 ; cellules −8 et +8 bornées",event,65.0,842.0,0.0,25.0,1998.0,2024.0,,,,,,,,,,,,
h2,H2,H2a,"log(naissances+0,5 / 1 000 f. 15-19)","municipios avec covariables, bascule 4G ≥ 50 %",did2s,8,-0.10258577990842109,0.0866494143519146,-0.2724155113196618,0.0672439515028196,0.23644562203358843,907,24489,False," ; fenêtre 1998-2024 ; 842 traitées, 65 jamais traitées sur la fenêtre ; 25 unités incomplètes exclues ; covariables invariantes dans le temps absorbées par les effets fixes unité : share_cab, log_pop, share_edu_sup, pretrend_1014 ; cellules −8 et +8 bornées",event,65.0,842.0,0.0,25.0,1998.0,2024.0,,,,,,,,,,,,
h2,H2,H2a,"log(naissances+0,5 / 1 000 f. 15-19)","municipios avec covariables, bascule 4G ≥ 50 %",did2s,"ATT[1,5]",-0.09805021285994929,0.033475602767452844,-0.16366118864492624,-0.03243923707497236,0.0034004878965483076,907,24489,False," ; fenêtre 1998-2024 ; 842 traitées, 65 jamais traitées sur la fenêtre ; 25 unités incomplètes exclues ; covariables invariantes dans le temps absorbées par les effets fixes unité : share_cab, log_pop, share_edu_sup, pretrend_1014 ; écart-type avec covariance complète (w'Vw)",post_avg,65.0,842.0,0.0,25.0,1998.0,2024.0,,,,,,,,,,,,
h2,H2,H2a,"log(naissances+0,5 / 1 000 f. 15-19)","municipios avec covariables, bascule 4G ≥ 50 %",did2s,Wald pré (-8..−2),19.973935473464945,,,,0.005626257827399481,907,24489,False,"test de Wald joint, covariance groupée, df = 7 ; fenêtre 1998-2024 ; 842 traitées, 65 jamais traitées sur la fenêtre ; 25 unités incomplètes exclues",pre_test,65.0,842.0,0.0,25.0,1998.0,2024.0,,,,,,,,,,,7.0,
h2,H2,H2a,"log(naissances+0,5 / 1 000 f. 15-19)","municipios avec covariables, bascule 4G ≥ 50 %",twfe,-8,0.0730098392315863,0.03545035267257297,0.0035284247541000346,0.14249125370907256,0.03944680259873645,907,24489,False," ; fenêtre 1998-2024 ; 842 traitées, 65 jamais traitées sur la fenêtre ; 25 unités incomplètes exclues ; covariables invariantes dans le temps absorbées par les effets fixes unité : share_cab, log_pop, share_edu_sup, pretrend_1014 ; cellules −8 et +8 bornées",event,65.0,842.0,0.0,25.0,1998.0,2024.0,,,,,,,,,,,,
h2,H2,H2a,"log(naissances+0,5 / 1 000 f. 15-19)","municipios avec covariables, bascule 4G ≥ 50 %",twfe,-7,0.055346592159338036,0.028255362956571578,-3.290160564943523e-05,0.1107260859243255,0.05013626667569887,907,24489,False," ; fenêtre 1998-2024 ; 842 traitées, 65 jamais traitées sur la fenêtre ; 25 unités incomplètes exclues ; covariables invariantes dans le temps absorbées par les effets fixes unité : share_cab, log_pop, share_edu_sup, pretrend_1014 ; cellules −8 et +8 bornées",event,65.0,842.0,0.0,25.0,1998.0,2024.0,,,,,,,,,,,,
h2,H2,H2a,"log(naissances+0,5 / 1 000 f. 15-19)","municipios avec covariables, bascule 4G ≥ 50 %",twfe,-6,0.04920789411742685,0.024977421503259,0.0002530475443629082,0.09816274069049079,0.048827479726070655,907,24489,False," ; fenêtre 1998-2024 ; 842 traitées, 65 jamais traitées sur la fenêtre ; 25 unités incomplètes exclues ; covariables invariantes dans le temps absorbées par les effets fixes unité : share_cab, log_pop, share_edu_sup, pretrend_1014 ; cellules −8 et +8 bornées",event,65.0,842.0,0.0,25.0,1998.0,2024.0,,,,,,,,,,,,
h2,H2,H2a,"log(naissances+0,5 / 1 000 f. 15-19)","municipios avec covariables, bascule 4G ≥ 50 %",twfe,-5,0.03952331608833266,0.02181627361728835,-0.00323579447842387,0.0822824266550892,0.07004125786450309,907,24489,False," ; fenêtre 1998-2024 ; 842 traitées, 65 jamais traitées sur la fenêtre ; 25 unités incomplètes exclues ; covariables invariantes dans le temps absorbées par les effets fixes unité : share_cab, log_pop, share_edu_sup, pretrend_1014 ; cellules −8 et +8 bornées",event,65.0,842.0,0.0,25.0,1998.0,2024.0,,,,,,,,,,,,
h2,H2,H2a,"log(naissances+0,5 / 1 000 f. 15-19)","municipios avec covariables, bascule 4G ≥ 50 %",twfe,-4,0.03753359177629471,0.018224591206640384,0.0018140493783141906,0.07325313417427523,0.03944612249284618,907,24489,False," ; fenêtre 1998-2024 ; 842 traitées, 65 jamais traitées sur la fenêtre ; 25 unités incomplètes exclues ; covariables invariantes dans le temps absorbées par les effets fixes unité : share_cab, log_pop, share_edu_sup, pretrend_1014 ; cellules −8 et +8 bornées",event,65.0,842.0,0.0,25.0,1998.0,2024.0,,,,,,,,,,,,
h2,H2,H2a,"log(naissances+0,5 / 1 000 f. 15-19)","municipios avec covariables, bascule 4G ≥ 50 %",twfe,-3,0.011930633884832701,0.016653165188143783,-0.0207089701125253,0.04457023788219071,0.473733039511657,907,24489,False," ; fenêtre 1998-2024 ; 842 traitées, 65 jamais traitées sur la fenêtre ; 25 unités incomplètes exclues ; covariables invariantes dans le temps absorbées par les effets fixes unité : share_cab, log_pop, share_edu_sup, pretrend_1014 ; cellules −8 et +8 bornées",event,65.0,842.0,0.0,25.0,1998.0,2024.0,,,,,,,,,,,,
h2,H2,H2a,"log(naissances+0,5 / 1 000 f. 15-19)","municipios avec covariables, bascule 4G ≥ 50 %",twfe,-2,-0.02685583444789299,0.015072308168750236,-0.056397015622532305,0.002685346726746328,0.07478189824418517,907,24489,False," ; fenêtre 1998-2024 ; 842 traitées, 65 jamais traitées sur la fenêtre ; 25 unités incomplètes exclues ; covariables invariantes dans le temps absorbées par les effets fixes unité : share_cab, log_pop, share_edu_sup, pretrend_1014 ; cellules −8 et +8 bornées",event,65.0,842.0,0.0,25.0,1998.0,2024.0,,,,,,,,,,,,
h2,H2,H2a,"log(naissances+0,5 / 1 000 f. 15-19)","municipios avec covariables, bascule 4G ≥ 50 %",twfe,0,-0.03204683398122734,0.016130854170606373,-0.06366272719548355,-0.0004309407669711232,0.046957947780030894,907,24489,False," ; fenêtre 1998-2024 ; 842 traitées, 65 jamais traitées sur la fenêtre ; 25 unités incomplètes exclues ; covariables invariantes dans le temps absorbées par les effets fixes unité : share_cab, log_pop, share_edu_sup, pretrend_1014 ; cellules −8 et +8 bornées",event,65.0,842.0,0.0,25.0,1998.0,2024.0,,,,,,,,,,,,
h2,H2,H2a,"log(naissances+0,5 / 1 000 f. 15-19)","municipios avec covariables, bascule 4G ≥ 50 %",twfe,1,-0.05097810758960713,0.018434254453322578,-0.0871085823999665,-0.01484763277924777,0.005685284138822353,907,24489,False," ; fenêtre 1998-2024 ; 842 traitées, 65 jamais traitées sur la fenêtre ; 25 unités incomplètes exclues ; covariables invariantes dans le temps absorbées par les effets fixes unité : share_cab, log_pop, share_edu_sup, pretrend_1014 ; cellules −8 et +8 bornées",event,65.0,842.0,0.0,25.0,1998.0,2024.0,,,,,,,,,,,,
h2,H2,H2a,"log(naissances+0,5 / 1 000 f. 15-19)","municipios avec covariables, bascule 4G ≥ 50 %",twfe,2,-0.06250625675284589,0.021600710769414957,-0.10484287190136568,-0.020169641604326098,0.0038071601815896036,907,24489,False," ; fenêtre 1998-2024 ; 842 traitées, 65 jamais traitées sur la fenêtre ; 25 unités incomplètes exclues ; covariables invariantes dans le temps absorbées par les effets fixes unité : share_cab, log_pop, share_edu_sup, pretrend_1014 ; cellules −8 et +8 bornées",event,65.0,842.0,0.0,25.0,1998.0,2024.0,,,,,,,,,,,,
h2,H2,H2a,"log(naissances+0,5 / 1 000 f. 15-19)","municipios avec covariables, bascule 4G ≥ 50 %",twfe,3,-0.11264305534211544,0.027827891069355484,-0.167184719603756,-0.05810139108047488,5.1690836979507465e-05,907,24489,False," ; fenêtre 1998-2024 ; 842 traitées, 65 jamais traitées sur la fenêtre ; 25 unités incomplètes exclues ; covariables invariantes dans le temps absorbées par les effets fixes unité : share_cab, log_pop, share_edu_sup, pretrend_1014 ; cellules −8 et +8 bornées",event,65.0,842.0,0.0,25.0,1998.0,2024.0,,,,,,,,,,,,
h2,H2,H2a,"log(naissances+0,5 / 1 000 f. 15-19)","municipios avec covariables, bascule 4G ≥ 50 %",twfe,4,-0.14093780277410653,0.03375540633394257,-0.20709718347214917,-0.07477842207606387,2.9763796975351066e-05,907,24489,False," ; fenêtre 1998-2024 ; 842 traitées, 65 jamais traitées sur la fenêtre ; 25 unités incomplètes exclues ; covariables invariantes dans le temps absorbées par les effets fixes unité : share_cab, log_pop, share_edu_sup, pretrend_1014 ; cellules −8 et +8 bornées",event,65.0,842.0,0.0,25.0,1998.0,2024.0,,,,,,,,,,,,
h2,H2,H2a,"log(naissances+0,5 / 1 000 f. 15-19)","municipios avec covariables, bascule 4G ≥ 50 %",twfe,5,-0.13740887133547175,0.040157258507217665,-0.21611565172748307,-0.05870209094346043,0.000622150957670799,907,24489,False," ; fenêtre 1998-2024 ; 842 traitées, 65 jamais traitées sur la fenêtre ; 25 unités incomplètes exclues ; covariables invariantes dans le temps absorbées par les effets fixes unité : share_cab, log_pop, share_edu_sup, pretrend_1014 ; cellules −8 et +8 bornées",event,65.0,842.0,0.0,25.0,1998.0,2024.0,,,,,,,,,,,,
h2,H2,H2a,"log(naissances+0,5 / 1 000 f. 15-19)","municipios avec covariables, bascule 4G ≥ 50 %",twfe,6,-0.12826439375920282,0.045097591407834745,-0.2166540487080619,-0.03987473881034373,0.004452983354206622,907,24489,False," ; fenêtre 1998-2024 ; 842 traitées, 65 jamais traitées sur la fenêtre ; 25 unités incomplètes exclues ; covariables invariantes dans le temps absorbées par les effets fixes unité : share_cab, log_pop, share_edu_sup, pretrend_1014 ; cellules −8 et +8 bornées",event,65.0,842.0,0.0,25.0,1998.0,2024.0,,,,,,,,,,,,
h2,H2,H2a,"log(naissances+0,5 / 1 000 f. 15-19)","municipios avec covariables, bascule 4G ≥ 50 %",twfe,7,-0.14944178690672238,0.05386056149258059,-0.2550065476192852,-0.043877026194159535,0.005526877815039367,907,24489,False," ; fenêtre 1998-2024 ; 842 traitées, 65 jamais traitées sur la fenêtre ; 25 unités incomplètes exclues ; covariables invariantes dans le temps absorbées par les effets fixes unité : share_cab, log_pop, share_edu_sup, pretrend_1014 ; cellules −8 et +8 bornées",event,65.0,842.0,0.0,25.0,1998.0,2024.0,,,,,,,,,,,,
h2,H2,H2a,"log(naissances+0,5 / 1 000 f. 15-19)","municipios avec covariables, bascule 4G ≥ 50 %",twfe,8,-0.21528049734294533,0.06031991074228047,-0.3335053499484858,-0.09705564473740488,0.00035837508753467934,907,24489,False," ; fenêtre 1998-2024 ; 842 traitées, 65 jamais traitées sur la fenêtre ; 25 unités incomplètes exclues ; covariables invariantes dans le temps absorbées par les effets fixes unité : share_cab, log_pop, share_edu_sup, pretrend_1014 ; cellules −8 et +8 bornées",event,65.0,842.0,0.0,25.0,1998.0,2024.0,,,,,,,,,,,,
h2,H2,H2a,"log(naissances+0,5 / 1 000 f. 15-19)","municipios avec covariables, bascule 4G ≥ 50 %",twfe,"ATT[1,5]",-0.10089481875882936,0.024782026003218327,-0.14946669718907238,-0.05232294032858634,4.675346674092546e-05,907,24489,False," ; fenêtre 1998-2024 ; 842 traitées, 65 jamais traitées sur la fenêtre ; 25 unités incomplètes exclues ; covariables invariantes dans le temps absorbées par les effets fixes unité : share_cab, log_pop, share_edu_sup, pretrend_1014 ; écart-type avec covariance complète (w'Vw)",post_avg,65.0,842.0,0.0,25.0,1998.0,2024.0,,,,,,,,,,,,
h2,H2,H2a,"log(naissances+0,5 / 1 000 f. 15-19)","municipios avec covariables, bascule 4G ≥ 50 %",twfe,Wald pré (-8..−2),19.094586821895494,,,,0.007896144363990977,907,24489,False,"test de Wald joint, covariance groupée, df = 7 ; fenêtre 1998-2024 ; 842 traitées, 65 jamais traitées sur la fenêtre ; 25 unités incomplètes exclues",pre_test,65.0,842.0,0.0,25.0,1998.0,2024.0,,,,,,,,,,,7.0,
h2,H2,H2a,"log(naissances+0,5 / 1 000 f. 15-19)","municipios avec covariables, bascule 4G ≥ 50 %",twfe,ATT,-0.0646478027367599,0.01862768661491792,-0.10115739761729785,-0.02813820785622194,0.0005194471105553291,907,24489,False," ; fenêtre 1998-2024 ; 842 traitées, 65 jamais traitées sur la fenêtre ; 25 unités incomplètes exclues ; covariables invariantes dans le temps absorbées par les effets fixes unité : share_cab, log_pop, share_edu_sup, pretrend_1014",static,65.0,842.0,0.0,25.0,1998.0,2024.0,,,,,,,,,,,,
h2,H2,H2a,"log(naissances+0,5 / 1 000 f. 15-19)","municipios avec covariables, bascule 4G ≥ 50 %",twfe_poisson,ATT (log du taux contrefactuel),-0.040113892486026016,0.022243478577361617,-0.08371030938854303,0.003482524416490995,0.07132539491217642,907,24489,False," ; fenêtre 1998-2024 ; 842 traitées, 65 jamais traitées sur la fenêtre ; 25 unités incomplètes exclues ; covariables invariantes dans le temps absorbées par les effets fixes unité : share_cab, log_pop, share_edu_sup, pretrend_1014 ; Poisson à effets fixes, offset = log(women)",static,65.0,842.0,0.0,25.0,1998.0,2024.0,,,,,,,,,,,,
h2,H2,H2a,"log(naissances+0,5 / 1 000 f. 15-19)","municipios avec covariables, bascule 4G ≥ 50 %",twfe_poisson,ATT en % du taux contrefactuel,-3.9319981314246633,2.1368865415335914,-8.03023550350127,0.34885957951911184,0.07132539491217642,907,24489,False," ; fenêtre 1998-2024 ; 842 traitées, 65 jamais traitées sur la fenêtre ; 25 unités incomplètes exclues ; covariables invariantes dans le temps absorbées par les effets fixes unité : share_cab, log_pop, share_edu_sup, pretrend_1014 ; Poisson à effets fixes, offset = log(women)",static,65.0,842.0,0.0,25.0,1998.0,2024.0,,,,,,,,,,,,
h2,H2,H2a,"log(naissances+0,5 / 1 000 f. 20-24)","municipios avec covariables, bascule 4G ≥ 50 %",cs,-8,0.011156880762129676,0.02968107649253552,-0.04701696018561838,0.06933072170987772,0.7069971491893764,907,24489,False," ; covariables : share_cab, log_pop, share_edu_sup, pretrend_1014 (doublement robuste) ; contrôle = not_yet_treated ; fenêtre 1998-2024 ; 842 traitées, 65 jamais traitées sur la fenêtre ; 25 unités incomplètes exclues",event,65.0,842.0,0.0,25.0,1998.0,2024.0,1998.0,2024.0,907.0,5.0,dr,8.0,842.0,,,,,
h2,H2,H2a,"log(naissances+0,5 / 1 000 f. 20-24)","municipios avec covariables, bascule 4G ≥ 50 %",cs,-7,0.0315933986023222,0.029647075578061913,-0.02651380177761615,0.08970059898226054,0.2865820020438088,907,24489,False," ; covariables : share_cab, log_pop, share_edu_sup, pretrend_1014 (doublement robuste) ; contrôle = not_yet_treated ; fenêtre 1998-2024 ; 842 traitées, 65 jamais traitées sur la fenêtre ; 25 unités incomplètes exclues",event,65.0,842.0,0.0,25.0,1998.0,2024.0,1998.0,2024.0,907.0,5.0,dr,8.0,842.0,,,,,
h2,H2,H2a,"log(naissances+0,5 / 1 000 f. 20-24)","municipios avec covariables, bascule 4G ≥ 50 %",cs,-6,0.010779346061785277,0.025141652588452426,-0.038497387523399706,0.060056079646970253,0.6681091493980362,907,24489,False," ; covariables : share_cab, log_pop, share_edu_sup, pretrend_1014 (doublement robuste) ; contrôle = not_yet_treated ; fenêtre 1998-2024 ; 842 traitées, 65 jamais traitées sur la fenêtre ; 25 unités incomplètes exclues",event,65.0,842.0,0.0,25.0,1998.0,2024.0,1998.0,2024.0,907.0,5.0,dr,8.0,842.0,,,,,
h2,H2,H2a,"log(naissances+0,5 / 1 000 f. 20-24)","municipios avec covariables, bascule 4G ≥ 50 %",cs,-5,0.04568521084553113,0.02323884256104512,0.0001379163834861405,0.09123250530757612,0.049310310963519274,907,24489,False," ; covariables : share_cab, log_pop, share_edu_sup, pretrend_1014 (doublement robuste) ; contrôle = not_yet_treated ; fenêtre 1998-2024 ; 842 traitées, 65 jamais traitées sur la fenêtre ; 25 unités incomplètes exclues",event,65.0,842.0,0.0,25.0,1998.0,2024.0,1998.0,2024.0,907.0,5.0,dr,8.0,842.0,,,,,
h2,H2,H2a,"log(naissances+0,5 / 1 000 f. 20-24)","municipios avec covariables, bascule 4G ≥ 50 %",cs,-4,0.01919869941446034,0.022403466655966018,-0.024711288360077056,0.06310868718899773,0.39147131761093723,907,24489,False," ; covariables : share_cab, log_pop, share_edu_sup, pretrend_1014 (doublement robuste) ; contrôle = not_yet_treated ; fenêtre 1998-2024 ; 842 traitées, 65 jamais traitées sur la fenêtre ; 25 unités incomplètes exclues",event,65.0,842.0,0.0,25.0,1998.0,2024.0,1998.0,2024.0,907.0,5.0,dr,8.0,842.0,,,,,
h2,H2,H2a,"log(naissances+0,5 / 1 000 f. 20-24)","municipios avec covariables, bascule 4G ≥ 50 %",cs,-3,0.020854249389717076,0.022022095543006253,-0.022308264738675226,0.06401676351810938,0.3436543999577346,907,24489,False," ; covariables : share_cab, log_pop, share_edu_sup, pretrend_1014 (doublement robuste) ; contrôle = not_yet_treated ; fenêtre 1998-2024 ; 842 traitées, 65 jamais traitées sur la fenêtre ; 25 unités incomplètes exclues",event,65.0,842.0,0.0,25.0,1998.0,2024.0,1998.0,2024.0,907.0,5.0,dr,8.0,842.0,,,,,
h2,H2,H2a,"log(naissances+0,5 / 1 000 f. 20-24)","municipios avec covariables, bascule 4G ≥ 50 %",cs,-2,0.006505671243709474,0.016422475885599704,-0.025681790029043472,0.03869313251646242,0.6919985329103877,907,24489,False," ; covariables : share_cab, log_pop, share_edu_sup, pretrend_1014 (doublement robuste) ; contrôle = not_yet_treated ; fenêtre 1998-2024 ; 842 traitées, 65 jamais traitées sur la fenêtre ; 25 unités incomplètes exclues",event,65.0,842.0,0.0,25.0,1998.0,2024.0,1998.0,2024.0,907.0,5.0,dr,8.0,842.0,,,,,
h2,H2,H2a,"log(naissances+0,5 / 1 000 f. 20-24)","municipios avec covariables, bascule 4G ≥ 50 %",cs,0,-0.009421325819131708,0.020186202749343792,-0.048985556192468964,0.030142904554205548,0.6406994646756046,907,24489,False," ; covariables : share_cab, log_pop, share_edu_sup, pretrend_1014 (doublement robuste) ; contrôle = not_yet_treated ; fenêtre 1998-2024 ; 842 traitées, 65 jamais traitées sur la fenêtre ; 25 unités incomplètes exclues",event,65.0,842.0,0.0,25.0,1998.0,2024.0,1998.0,2024.0,907.0,5.0,dr,8.0,842.0,,,,,
h2,H2,H2a,"log(naissances+0,5 / 1 000 f. 20-24)","municipios avec covariables, bascule 4G ≥ 50 %",cs,1,-0.009301565335694402,0.028761962227633973,-0.06567397542655841,0.04707084475516961,0.7463937314481089,907,24489,False," ; covariables : share_cab, log_pop, share_edu_sup, pretrend_1014 (doublement robuste) ; contrôle = not_yet_treated ; fenêtre 1998-2024 ; 842 traitées, 65 jamais traitées sur la fenêtre ; 25 unités incomplètes exclues",event,65.0,842.0,0.0,25.0,1998.0,2024.0,1998.0,2024.0,907.0,5.0,dr,8.0,842.0,,,,,
h2,H2,H2a,"log(naissances+0,5 / 1 000 f. 20-24)","municipios avec covariables, bascule 4G ≥ 50 %",cs,2,-0.021365514287260468,0.03331850560552969,-0.08666858529279456,0.043937556718273624,0.5213598289145669,907,24489,False," ; covariables : share_cab, log_pop, share_edu_sup, pretrend_1014 (doublement robuste) ; contrôle = not_yet_treated ; fenêtre 1998-2024 ; 842 traitées, 65 jamais traitées sur la fenêtre ; 25 unités incomplètes exclues",event,65.0,842.0,0.0,25.0,1998.0,2024.0,1998.0,2024.0,907.0,5.0,dr,7.0,797.0,,,,,
h2,H2,H2a,"log(naissances+0,5 / 1 000 f. 20-24)","municipios avec covariables, bascule 4G ≥ 50 %",cs,3,-0.045271715867316084,0.046915261381907006,-0.13722393850113668,0.046680506766504495,0.3345609475434961,907,24489,False," ; covariables : share_cab, log_pop, share_edu_sup, pretrend_1014 (doublement robuste) ; contrôle = not_yet_treated ; fenêtre 1998-2024 ; 842 traitées, 65 jamais traitées sur la fenêtre ; 25 unités incomplètes exclues",event,65.0,842.0,0.0,25.0,1998.0,2024.0,1998.0,2024.0,907.0,5.0,dr,6.0,754.0,,,,,
h2,H2,H2a,"log(naissances+0,5 / 1 000 f. 20-24)","municipios avec covariables, bascule 4G ≥ 50 %",cs,4,-0.006016526203509925,0.08509179982560898,-0.17279338924139517,0.16076033683437532,0.9436315078604066,907,24489,False," ; covariables : share_cab, log_pop, share_edu_sup, pretrend_1014 (doublement robuste) ; contrôle = not_yet_treated ; fenêtre 1998-2024 ; 842 traitées, 65 jamais traitées sur la fenêtre ; 25 unités incomplètes exclues",event,65.0,842.0,0.0,25.0,1998.0,2024.0,1998.0,2024.0,907.0,5.0,dr,5.0,534.0,,,,,
h2,H2,H2a,"log(naissances+0,5 / 1 000 f. 20-24)","municipios avec covariables, bascule 4G ≥ 50 %",cs,5,-0.025553292219878072,0.15500006686502854,-0.3293478408766342,0.2782412564368781,0.8690542723882266,907,24489,False," ; covariables : share_cab, log_pop, share_edu_sup, pretrend_1014 (doublement robuste) ; contrôle = not_yet_treated ; fenêtre 1998-2024 ; 842 traitées, 65 jamais traitées sur la fenêtre ; 25 unités incomplètes exclues",event,65.0,842.0,0.0,25.0,1998.0,2024.0,1998.0,2024.0,907.0,5.0,dr,4.0,367.0,,,,,
h2,H2,H2a,"log(naissances+0,5 / 1 000 f. 20-24)","municipios avec covariables, bascule 4G ≥ 50 %",cs,6,-0.005533711792954463,0.21362432043901444,-0.4242296860752665,0.41316226248935756,0.979333956638768,907,24489,False," ; covariables : share_cab, log_pop, share_edu_sup, pretrend_1014 (doublement robuste) ; contrôle = not_yet_treated ; fenêtre 1998-2024 ; 842 traitées, 65 jamais traitées sur la fenêtre ; 25 unités incomplètes exclues",event,65.0,842.0,0.0,25.0,1998.0,2024.0,1998.0,2024.0,907.0,5.0,dr,3.0,277.0,,,,,
h2,H2,H2a,"log(naissances+0,5 / 1 000 f. 20-24)","municipios avec covariables, bascule 4G ≥ 50 %",cs,7,-0.02240503432539434,0.2659806490031408,-0.5437175269561396,0.498907458305351,0.9328691296917853,907,24489,False," ; covariables : share_cab, log_pop, share_edu_sup, pretrend_1014 (doublement robuste) ; contrôle = not_yet_treated ; fenêtre 1998-2024 ; 842 traitées, 65 jamais traitées sur la fenêtre ; 25 unités incomplètes exclues",event,65.0,842.0,0.0,25.0,1998.0,2024.0,1998.0,2024.0,907.0,5.0,dr,2.0,173.0,,,,,
h2,H2,H2a,"log(naissances+0,5 / 1 000 f. 20-24)","municipios avec covariables, bascule 4G ≥ 50 %",cs,8,-0.011960170014187643,0.3572547451366689,-0.7121666037880947,0.6882462637597193,0.9732934191482769,907,24489,False," ; covariables : share_cab, log_pop, share_edu_sup, pretrend_1014 (doublement robuste) ; contrôle = not_yet_treated ; fenêtre 1998-2024 ; 842 traitées, 65 jamais traitées sur la fenêtre ; 25 unités incomplètes exclues",event,65.0,842.0,0.0,25.0,1998.0,2024.0,1998.0,2024.0,907.0,5.0,dr,1.0,93.0,,,,,
h2,H2,H2a,"log(naissances+0,5 / 1 000 f. 20-24)","municipios avec covariables, bascule 4G ≥ 50 %",cs,"ATT[1,5]",-0.02150172278273179,0.05672165222721105,-0.13267411829167158,0.08967067272620802,0.7046326618120974,907,24489,False," ; covariables : share_cab, log_pop, share_edu_sup, pretrend_1014 (doublement robuste) ; contrôle = not_yet_treated ; fenêtre 1998-2024 ; 842 traitées, 65 jamais traitées sur la fenêtre ; 25 unités incomplètes exclues ; écart-type avec covariance complète des coefficients (fonctions d'influence)",post_avg,65.0,842.0,0.0,25.0,1998.0,2024.0,1998.0,2024.0,907.0,5.0,dr,,,,,5.0,,
h2,H2,H2a,"log(naissances+0,5 / 1 000 f. 20-24)","municipios avec covariables, bascule 4G ≥ 50 %",cs,ATT,-0.01838853412201263,0.0563448570936773,-0.1288224247396763,0.09204535649565106,0.7441543261610752,907,24489,False," ; covariables : share_cab, log_pop, share_edu_sup, pretrend_1014 (doublement robuste) ; contrôle = not_yet_treated ; fenêtre 1998-2024 ; 842 traitées, 65 jamais traitées sur la fenêtre ; 25 unités incomplètes exclues ; moyenne de tous les ATT(g,t) post",simple,65.0,842.0,0.0,25.0,1998.0,2024.0,1998.0,2024.0,907.0,5.0,dr,,,,,,,
h2,H2,H2a,"log(naissances+0,5 / 1 000 f. 20-24)","municipios avec covariables, bascule 4G ≥ 50 %",cs,Wald pré (-8..-2),9.053527251912817,,,,0.24883582888773445,907,24489,False,"H5c : test de Wald joint de nullité des coefficients pré avec covariance des fonctions d'influence, df = 7 ; fenêtre 1998-2024 ; 842 traitées, 65 jamais traitées sur la fenêtre ; 25 unités incomplètes exclues",pre_test,65.0,842.0,0.0,25.0,1998.0,2024.0,1998.0,2024.0,907.0,5.0,dr,,,,,,7.0,
h2,H2,H2a,"log(naissances+0,5 / 1 000 f. 20-24)","municipios avec covariables, bascule 4G ≥ 50 %",sunab,-8,0.07368035499061588,0.053063181586799256,-0.030321569824619615,0.17768227980585138,0.1649726456054994,907,24489,False," ; fenêtre 1998-2024 ; 842 traitées, 65 jamais traitées sur la fenêtre ; 25 unités incomplètes exclues ; covariables invariantes dans le temps absorbées par les effets fixes unité : share_cab, log_pop, share_edu_sup, pretrend_1014 ; cellules −8 et +8 bornées",event,65.0,842.0,0.0,25.0,1998.0,2024.0,,,,,,,,,,,,
h2,H2,H2a,"log(naissances+0,5 / 1 000 f. 20-24)","municipios avec covariables, bascule 4G ≥ 50 %",sunab,-7,0.025831325863053665,0.044793029892270006,-0.0619613994842216,0.11362405121032892,0.5641544178746067,907,24489,False," ; fenêtre 1998-2024 ; 842 traitées, 65 jamais traitées sur la fenêtre ; 25 unités incomplètes exclues ; covariables invariantes dans le temps absorbées par les effets fixes unité : share_cab, log_pop, share_edu_sup, pretrend_1014 ; cellules −8 et +8 bornées",event,65.0,842.0,0.0,25.0,1998.0,2024.0,,,,,,,,,,,,
h2,H2,H2a,"log(naissances+0,5 / 1 000 f. 20-24)","municipios avec covariables, bascule 4G ≥ 50 %",sunab,-6,0.008712925627163182,0.04087616639211966,-0.07140288832745792,0.08882873958178428,0.8312067079409889,907,24489,False," ; fenêtre 1998-2024 ; 842 traitées, 65 jamais traitées sur la fenêtre ; 25 unités incomplètes exclues ; covariables invariantes dans le temps absorbées par les effets fixes unité : share_cab, log_pop, share_edu_sup, pretrend_1014 ; cellules −8 et +8 bornées",event,65.0,842.0,0.0,25.0,1998.0,2024.0,,,,,,,,,,,,
h2,H2,H2a,"log(naissances+0,5 / 1 000 f. 20-24)","municipios avec covariables, bascule 4G ≥ 50 %",sunab,-5,0.027529622480174223,0.03499299857687782,-0.041055394441567666,0.09611463940191611,0.4314469541739536,907,24489,False," ; fenêtre 1998-2024 ; 842 traitées, 65 jamais traitées sur la fenêtre ; 25 unités incomplètes exclues ; covariables invariantes dans le temps absorbées par les effets fixes unité : share_cab, log_pop, share_edu_sup, pretrend_1014 ; cellules −8 et +8 bornées",event,65.0,842.0,0.0,25.0,1998.0,2024.0,,,,,,,,,,,,
h2,H2,H2a,"log(naissances+0,5 / 1 000 f. 20-24)","municipios avec covariables, bascule 4G ≥ 50 %",sunab,-4,0.005907019942282656,0.030882647623127594,-0.054621857146288935,0.06643589703085424,0.8483116301307471,907,24489,False," ; fenêtre 1998-2024 ; 842 traitées, 65 jamais traitées sur la fenêtre ; 25 unités incomplètes exclues ; covariables invariantes dans le temps absorbées par les effets fixes unité : share_cab, log_pop, share_edu_sup, pretrend_1014 ; cellules −8 et +8 bornées",event,65.0,842.0,0.0,25.0,1998.0,2024.0,,,,,,,,,,,,
h2,H2,H2a,"log(naissances+0,5 / 1 000 f. 20-24)","municipios avec covariables, bascule 4G ≥ 50 %",sunab,-3,0.013913661715636383,0.02246859711972161,-0.030123979422158366,0.057951302853431134,0.5357521775017373,907,24489,False," ; fenêtre 1998-2024 ; 842 traitées, 65 jamais traitées sur la fenêtre ; 25 unités incomplètes exclues ; covariables invariantes dans le temps absorbées par les effets fixes unité : share_cab, log_pop, share_edu_sup, pretrend_1014 ; cellules −8 et +8 bornées",event,65.0,842.0,0.0,25.0,1998.0,2024.0,,,,,,,,,,,,
h2,H2,H2a,"log(naissances+0,5 / 1 000 f. 20-24)","municipios avec covariables, bascule 4G ≥ 50 %",sunab,-2,-0.014804598112288441,0.015921446448380908,-0.04601005973289818,0.016400863508321293,0.3524474162766663,907,24489,False," ; fenêtre 1998-2024 ; 842 traitées, 65 jamais traitées sur la fenêtre ; 25 unités incomplètes exclues ; covariables invariantes dans le temps absorbées par les effets fixes unité : share_cab, log_pop, share_edu_sup, pretrend_1014 ; cellules −8 et +8 bornées",event,65.0,842.0,0.0,25.0,1998.0,2024.0,,,,,,,,,,,,
h2,H2,H2a,"log(naissances+0,5 / 1 000 f. 20-24)","municipios avec covariables, bascule 4G ≥ 50 %",sunab,0,-0.001227762870319258,0.016685923853298822,-0.03393157267156274,0.031476046930924234,0.9413439851297954,907,24489,False," ; fenêtre 1998-2024 ; 842 traitées, 65 jamais traitées sur la fenêtre ; 25 unités incomplètes exclues ; covariables invariantes dans le temps absorbées par les effets fixes unité : share_cab, log_pop, share_edu_sup, pretrend_1014 ; cellules −8 et +8 bornées",event,65.0,842.0,0.0,25.0,1998.0,2024.0,,,,,,,,,,,,
h2,H2,H2a,"log(naissances+0,5 / 1 000 f. 20-24)","municipios avec covariables, bascule 4G ≥ 50 %",sunab,1,-0.025754093403791454,0.02037575991451376,-0.06568984899387335,0.01418166218629045,0.2062453021174825,907,24489,False," ; fenêtre 1998-2024 ; 842 traitées, 65 jamais traitées sur la fenêtre ; 25 unités incomplètes exclues ; covariables invariantes dans le temps absorbées par les effets fixes unité : share_cab, log_pop, share_edu_sup, pretrend_1014 ; cellules −8 et +8 bornées",event,65.0,842.0,0.0,25.0,1998.0,2024.0,,,,,,,,,,,,
h2,H2,H2a,"log(naissances+0,5 / 1 000 f. 20-24)","municipios avec covariables, bascule 4G ≥ 50 %",sunab,2,-0.007800148339730639,0.025978535288869255,-0.05871714187701723,0.04311684519755595,0.7639837349283989,907,24489,False," ; fenêtre 1998-2024 ; 842 traitées, 65 jamais traitées sur la fenêtre ; 25 unités incomplètes exclues ; covariables invariantes dans le temps absorbées par les effets fixes unité : share_cab, log_pop, share_edu_sup, pretrend_1014 ; cellules −8 et +8 bornées",event,65.0,842.0,0.0,25.0,1998.0,2024.0,,,,,,,,,,,,
h2,H2,H2a,"log(naissances+0,5 / 1 000 f. 20-24)","municipios avec covariables, bascule 4G ≥ 50 %",sunab,3,-0.012891575018515795,0.030772301582282217,-0.07320417784119386,0.04742102780416227,0.6752640917662348,907,24489,False," ; fenêtre 1998-2024 ; 842 traitées, 65 jamais traitées sur la fenêtre ; 25 unités incomplètes exclues ; covariables invariantes dans le temps absorbées par les effets fixes unité : share_cab, log_pop, share_edu_sup, pretrend_1014 ; cellules −8 et +8 bornées",event,65.0,842.0,0.0,25.0,1998.0,2024.0,,,,,,,,,,,,
h2,H2,H2a,"log(naissances+0,5 / 1 000 f. 20-24)","municipios avec covariables, bascule 4G ≥ 50 %",sunab,4,0.0052689846101356295,0.040230217987730875,-0.07358079373601234,0.0841187629562836,0.8957983913619677,907,24489,False," ; fenêtre 1998-2024 ; 842 traitées, 65 jamais traitées sur la fenêtre ; 25 unités incomplètes exclues ; covariables invariantes dans le temps absorbées par les effets fixes unité : share_cab, log_pop, share_edu_sup, pretrend_1014 ; cellules −8 et +8 bornées",event,65.0,842.0,0.0,25.0,1998.0,2024.0,,,,,,,,,,,,
h2,H2,H2a,"log(naissances+0,5 / 1 000 f. 20-24)","municipios avec covariables, bascule 4G ≥ 50 %",sunab,5,-0.02765572425663069,0.04619782308818154,-0.11820179367361949,0.0628903451603581,0.549415005367337,907,24489,False," ; fenêtre 1998-2024 ; 842 traitées, 65 jamais traitées sur la fenêtre ; 25 unités incomplètes exclues ; covariables invariantes dans le temps absorbées par les effets fixes unité : share_cab, log_pop, share_edu_sup, pretrend_1014 ; cellules −8 et +8 bornées",event,65.0,842.0,0.0,25.0,1998.0,2024.0,,,,,,,,,,,,
h2,H2,H2a,"log(naissances+0,5 / 1 000 f. 20-24)","municipios avec covariables, bascule 4G ≥ 50 %",sunab,6,0.011719646281109856,0.05930503094427726,-0.104516078471707,0.1279553710339267,0.8433452082552106,907,24489,False," ; fenêtre 1998-2024 ; 842 traitées, 65 jamais traitées sur la fenêtre ; 25 unités incomplètes exclues ; covariables invariantes dans le temps absorbées par les effets fixes unité : share_cab, log_pop, share_edu_sup, pretrend_1014 ; cellules −8 et +8 bornées",event,65.0,842.0,0.0,25.0,1998.0,2024.0,,,,,,,,,,,,
h2,H2,H2a,"log(naissances+0,5 / 1 000 f. 20-24)","municipios avec covariables, bascule 4G ≥ 50 %",sunab,7,0.01156840767752099,0.062010386519184925,-0.10996971656748955,0.13310653192253152,0.8520087930579214,907,24489,False," ; fenêtre 1998-2024 ; 842 traitées, 65 jamais traitées sur la fenêtre ; 25 unités incomplètes exclues ; covariables invariantes dans le temps absorbées par les effets fixes unité : share_cab, log_pop, share_edu_sup, pretrend_1014 ; cellules −8 et +8 bornées",event,65.0,842.0,0.0,25.0,1998.0,2024.0,,,,,,,,,,,,
h2,H2,H2a,"log(naissances+0,5 / 1 000 f. 20-24)","municipios avec covariables, bascule 4G ≥ 50 %",sunab,8,-0.013481464920969799,0.08310375046273433,-0.17636182280813292,0.14939889296619333,0.8711290618775359,907,24489,False," ; fenêtre 1998-2024 ; 842 traitées, 65 jamais traitées sur la fenêtre ; 25 unités incomplètes exclues ; covariables invariantes dans le temps absorbées par les effets fixes unité : share_cab, log_pop, share_edu_sup, pretrend_1014 ; cellules −8 et +8 bornées",event,65.0,842.0,0.0,25.0,1998.0,2024.0,,,,,,,,,,,,
h2,H2,H2a,"log(naissances+0,5 / 1 000 f. 20-24)","municipios avec covariables, bascule 4G ≥ 50 %",sunab,"ATT[1,5]",-0.01376651128170659,0.029504375678876225,-0.07159402499864351,0.04406100243523032,0.6407916752993499,907,24489,False," ; fenêtre 1998-2024 ; 842 traitées, 65 jamais traitées sur la fenêtre ; 25 unités incomplètes exclues ; covariables invariantes dans le temps absorbées par les effets fixes unité : share_cab, log_pop, share_edu_sup, pretrend_1014 ; écart-type avec covariance complète (w'Vw)",post_avg,65.0,842.0,0.0,25.0,1998.0,2024.0,,,,,,,,,,,,
h2,H2,H2a,"log(naissances+0,5 / 1 000 f. 20-24)","municipios avec covariables, bascule 4G ≥ 50 %",sunab,Wald pré (-8..−2),15.399848105305423,,,,0.03120217923733627,907,24489,False,"test de Wald joint, covariance groupée, df = 7 ; fenêtre 1998-2024 ; 842 traitées, 65 jamais traitées sur la fenêtre ; 25 unités incomplètes exclues",pre_test,65.0,842.0,0.0,25.0,1998.0,2024.0,,,,,,,,,,,7.0,
h2,H2,H2a,"log(naissances+0,5 / 1 000 f. 20-24)","municipios avec covariables, bascule 4G ≥ 50 %",did2s,-8,0.003973265189897916,0.0016611971836422612,0.0007173785387397137,0.0072291518410561185,0.016765597213509408,907,24489,False," ; fenêtre 1998-2024 ; 842 traitées, 65 jamais traitées sur la fenêtre ; 25 unités incomplètes exclues ; covariables invariantes dans le temps absorbées par les effets fixes unité : share_cab, log_pop, share_edu_sup, pretrend_1014 ; cellules −8 et +8 bornées",event,65.0,842.0,0.0,25.0,1998.0,2024.0,,,,,,,,,,,,
h2,H2,H2a,"log(naissances+0,5 / 1 000 f. 20-24)","municipios avec covariables, bascule 4G ≥ 50 %",did2s,-7,-0.0029058618727634813,0.008379323208260205,-0.019329033575774104,0.01351730983024714,0.7287494151402489,907,24489,False," ; fenêtre 1998-2024 ; 842 traitées, 65 jamais traitées sur la fenêtre ; 25 unités incomplètes exclues ; covariables invariantes dans le temps absorbées par les effets fixes unité : share_cab, log_pop, share_edu_sup, pretrend_1014 ; cellules −8 et +8 bornées",event,65.0,842.0,0.0,25.0,1998.0,2024.0,,,,,,,,,,,,
h2,H2,H2a,"log(naissances+0,5 / 1 000 f. 20-24)","municipios avec covariables, bascule 4G ≥ 50 %",did2s,-6,-0.010604619188394847,0.007733388752852513,-0.025761782622432897,0.004552544245643202,0.17028858000978664,907,24489,False," ; fenêtre 1998-2024 ; 842 traitées, 65 jamais traitées sur la fenêtre ; 25 unités incomplètes exclues ; covariables invariantes dans le temps absorbées par les effets fixes unité : share_cab, log_pop, share_edu_sup, pretrend_1014 ; cellules −8 et +8 bornées",event,65.0,842.0,0.0,25.0,1998.0,2024.0,,,,,,,,,,,,
h2,H2,H2a,"log(naissances+0,5 / 1 000 f. 20-24)","municipios avec covariables, bascule 4G ≥ 50 %",did2s,-5,0.01029237026462579,0.008241982154391926,-0.005861617919204228,0.02644635844845581,0.21174786856072492,907,24489,False," ; fenêtre 1998-2024 ; 842 traitées, 65 jamais traitées sur la fenêtre ; 25 unités incomplètes exclues ; covariables invariantes dans le temps absorbées par les effets fixes unité : share_cab, log_pop, share_edu_sup, pretrend_1014 ; cellules −8 et +8 bornées",event,65.0,842.0,0.0,25.0,1998.0,2024.0,,,,,,,,,,,,
h2,H2,H2a,"log(naissances+0,5 / 1 000 f. 20-24)","municipios avec covariables, bascule 4G ≥ 50 %",did2s,-4,0.0014238074837452743,0.008166771431760167,-0.014582770392475264,0.017430385359965814,0.861597057257208,907,24489,False," ; fenêtre 1998-2024 ; 842 traitées, 65 jamais traitées sur la fenêtre ; 25 unités incomplètes exclues ; covariables invariantes dans le temps absorbées par les effets fixes unité : share_cab, log_pop, share_edu_sup, pretrend_1014 ; cellules −8 et +8 bornées",event,65.0,842.0,0.0,25.0,1998.0,2024.0,,,,,,,,,,,,
h2,H2,H2a,"log(naissances+0,5 / 1 000 f. 20-24)","municipios avec covariables, bascule 4G ≥ 50 %",did2s,-3,-0.001928921239854673,0.008460243537519457,-0.01851069387383055,0.014652851394121204,0.8196475533293319,907,24489,False," ; fenêtre 1998-2024 ; 842 traitées, 65 jamais traitées sur la fenêtre ; 25 unités incomplètes exclues ; covariables invariantes dans le temps absorbées par les effets fixes unité : share_cab, log_pop, share_edu_sup, pretrend_1014 ; cellules −8 et +8 bornées",event,65.0,842.0,0.0,25.0,1998.0,2024.0,,,,,,,,,,,,
h2,H2,H2a,"log(naissances+0,5 / 1 000 f. 20-24)","municipios avec covariables, bascule 4G ≥ 50 %",did2s,-2,-0.02043609959525385,0.008939366039579242,-0.03795693507744962,-0.0029152641130580775,0.022249620159842914,907,24489,False," ; fenêtre 1998-2024 ; 842 traitées, 65 jamais traitées sur la fenêtre ; 25 unités incomplètes exclues ; covariables invariantes dans le temps absorbées par les effets fixes unité : share_cab, log_pop, share_edu_sup, pretrend_1014 ; cellules −8 et +8 bornées",event,65.0,842.0,0.0,25.0,1998.0,2024.0,,,,,,,,,,,,
h2,H2,H2a,"log(naissances+0,5 / 1 000 f. 20-24)","municipios avec covariables, bascule 4G ≥ 50 %",did2s,0,-0.05209094215540123,0.019704698161867932,-0.09071144087889499,-0.013470443431907474,0.008203442422908807,907,24489,False," ; fenêtre 1998-2024 ; 842 traitées, 65 jamais traitées sur la fenêtre ; 25 unités incomplètes exclues ; covariables invariantes dans le temps absorbées par les effets fixes unité : share_cab, log_pop, share_edu_sup, pretrend_1014 ; cellules −8 et +8 bornées",event,65.0,842.0,0.0,25.0,1998.0,2024.0,,,,,,,,,,,,
h2,H2,H2a,"log(naissances+0,5 / 1 000 f. 20-24)","municipios avec covariables, bascule 4G ≥ 50 %",did2s,1,-0.07205888182678971,0.025469378353841235,-0.12197794610894258,-0.02213981754463684,0.004665927957924801,907,24489,False," ; fenêtre 1998-2024 ; 842 traitées, 65 jamais traitées sur la fenêtre ; 25 unités incomplètes exclues ; covariables invariantes dans le temps absorbées par les effets fixes unité : share_cab, log_pop, share_edu_sup, pretrend_1014 ; cellules −8 et +8 bornées",event,65.0,842.0,0.0,25.0,1998.0,2024.0,,,,,,,,,,,,
h2,H2,H2a,"log(naissances+0,5 / 1 000 f. 20-24)","municipios avec covariables, bascule 4G ≥ 50 %",did2s,2,-0.06664973703419189,0.03091658779064957,-0.1272451356287358,-0.00605433843964797,0.03109989930705928,907,24489,False," ; fenêtre 1998-2024 ; 842 traitées, 65 jamais traitées sur la fenêtre ; 25 unités incomplètes exclues ; covariables invariantes dans le temps absorbées par les effets fixes unité : share_cab, log_pop, share_edu_sup, pretrend_1014 ; cellules −8 et +8 bornées",event,65.0,842.0,0.0,25.0,1998.0,2024.0,,,,,,,,,,,,
h2,H2,H2a,"log(naissances+0,5 / 1 000 f. 20-24)","municipios avec covariables, bascule 4G ≥ 50 %",did2s,3,-0.07821408696335477,0.03855716673512399,-0.15378474511010362,-0.002643428816605925,0.042506931581960505,907,24489,False," ; fenêtre 1998-2024 ; 842 traitées, 65 jamais traitées sur la fenêtre ; 25 unités incomplètes exclues ; covariables invariantes dans le temps absorbées par les effets fixes unité : share_cab, log_pop, share_edu_sup, pretrend_1014 ; cellules −8 et +8 bornées",event,65.0,842.0,0.0,25.0,1998.0,2024.0,,,,,,,,,,,,
h2,H2,H2a,"log(naissances+0,5 / 1 000 f. 20-24)","municipios avec covariables, bascule 4G ≥ 50 %",did2s,4,-0.13113909588026057,0.042435043309320304,-0.21431025244892576,-0.04796793931159539,0.0019992139515240407,907,24489,False," ; fenêtre 1998-2024 ; 842 traitées, 65 jamais traitées sur la fenêtre ; 25 unités incomplètes exclues ; covariables invariantes dans le temps absorbées par les effets fixes unité : share_cab, log_pop, share_edu_sup, pretrend_1014 ; cellules −8 et +8 bornées",event,65.0,842.0,0.0,25.0,1998.0,2024.0,,,,,,,,,,,,
h2,H2,H2a,"log(naissances+0,5 / 1 000 f. 20-24)","municipios avec covariables, bascule 4G ≥ 50 %",did2s,5,-0.10687086674633448,0.04530639405945816,-0.19566976737225195,-0.01807196612041702,0.018331795707922198,907,24489,False," ; fenêtre 1998-2024 ; 842 traitées, 65 jamais traitées sur la fenêtre ; 25 unités incomplètes exclues ; covariables invariantes dans le temps absorbées par les effets fixes unité : share_cab, log_pop, share_edu_sup, pretrend_1014 ; cellules −8 et +8 bornées",event,65.0,842.0,0.0,25.0,1998.0,2024.0,,,,,,,,,,,,
h2,H2,H2a,"log(naissances+0,5 / 1 000 f. 20-24)","municipios avec covariables, bascule 4G ≥ 50 %",did2s,6,-0.08276732615199876,0.05217870401058896,-0.1850357067727288,0.01950105446873128,0.11268757724000324,907,24489,False," ; fenêtre 1998-2024 ; 842 traitées, 65 jamais traitées sur la fenêtre ; 25 unités incomplètes exclues ; covariables invariantes dans le temps absorbées par les effets fixes unité : share_cab, log_pop, share_edu_sup, pretrend_1014 ; cellules −8 et +8 bornées",event,65.0,842.0,0.0,25.0,1998.0,2024.0,,,,,,,,,,,,
h2,H2,H2a,"log(naissances+0,5 / 1 000 f. 20-24)","municipios avec covariables, bascule 4G ≥ 50 %",did2s,7,-0.08021741133080171,0.0588139491169087,-0.19549063338851408,0.03505581072691066,0.17259333496585494,907,24489,False," ; fenêtre 1998-2024 ; 842 traitées, 65 jamais traitées sur la fenêtre ; 25 unités incomplètes exclues ; covariables invariantes dans le temps absorbées par les effets fixes unité : share_cab, log_pop, share_edu_sup, pretrend_1014 ; cellules −8 et +8 bornées",event,65.0,842.0,0.0,25.0,1998.0,2024.0,,,,,,,,,,,,
h2,H2,H2a,"log(naissances+0,5 / 1 000 f. 20-24)","municipios avec covariables, bascule 4G ≥ 50 %",did2s,8,-0.0869076969621842,0.07882426498030275,-0.2414004174314194,0.067585023507051,0.2702226138894137,907,24489,False," ; fenêtre 1998-2024 ; 842 traitées, 65 jamais traitées sur la fenêtre ; 25 unités incomplètes exclues ; covariables invariantes dans le temps absorbées par les effets fixes unité : share_cab, log_pop, share_edu_sup, pretrend_1014 ; cellules −8 et +8 bornées",event,65.0,842.0,0.0,25.0,1998.0,2024.0,,,,,,,,,,,,
h2,H2,H2a,"log(naissances+0,5 / 1 000 f. 20-24)","municipios avec covariables, bascule 4G ≥ 50 %",did2s,"ATT[1,5]",-0.09098653369018628,0.0343233186535175,-0.1582590020809724,-0.02371406529940015,0.00802855816722943,907,24489,False," ; fenêtre 1998-2024 ; 842 traitées, 65 jamais traitées sur la fenêtre ; 25 unités incomplètes exclues ; covariables invariantes dans le temps absorbées par les effets fixes unité : share_cab, log_pop, share_edu_sup, pretrend_1014 ; écart-type avec covariance complète (w'Vw)",post_avg,65.0,842.0,0.0,25.0,1998.0,2024.0,,,,,,,,,,,,
h2,H2,H2a,"log(naissances+0,5 / 1 000 f. 20-24)","municipios avec covariables, bascule 4G ≥ 50 %",did2s,Wald pré (-8..−2),15.80541809041548,,,,0.0269547750474372,907,24489,False,"test de Wald joint, covariance groupée, df = 7 ; fenêtre 1998-2024 ; 842 traitées, 65 jamais traitées sur la fenêtre ; 25 unités incomplètes exclues",pre_test,65.0,842.0,0.0,25.0,1998.0,2024.0,,,,,,,,,,,7.0,
h2,H2,H2a,"log(naissances+0,5 / 1 000 f. 20-24)","municipios avec covariables, bascule 4G ≥ 50 %",twfe,-8,0.08885556223121581,0.03711058428477053,0.01612015358782745,0.16159097087460417,0.0166500543609095,907,24489,False," ; fenêtre 1998-2024 ; 842 traitées, 65 jamais traitées sur la fenêtre ; 25 unités incomplètes exclues ; covariables invariantes dans le temps absorbées par les effets fixes unité : share_cab, log_pop, share_edu_sup, pretrend_1014 ; cellules −8 et +8 bornées",event,65.0,842.0,0.0,25.0,1998.0,2024.0,,,,,,,,,,,,
h2,H2,H2a,"log(naissances+0,5 / 1 000 f. 20-24)","municipios avec covariables, bascule 4G ≥ 50 %",twfe,-7,0.06104254577251953,0.02863961100735689,0.004909939666863129,0.11717515187817593,0.03305597619842564,907,24489,False," ; fenêtre 1998-2024 ; 842 traitées, 65 jamais traitées sur la fenêtre ; 25 unités incomplètes exclues ; covariables invariantes dans le temps absorbées par les effets fixes unité : share_cab, log_pop, share_edu_sup, pretrend_1014 ; cellules −8 et +8 bornées",event,65.0,842.0,0.0,25.0,1998.0,2024.0,,,,,,,,,,,,
h2,H2,H2a,"log(naissances+0,5 / 1 000 f. 20-24)","municipios avec covariables, bascule 4G ≥ 50 %",twfe,-6,0.045451712630229645,0.025107286882214457,-0.003757665408425634,0.09466109066888492,0.07024933146419492,907,24489,False," ; fenêtre 1998-2024 ; 842 traitées, 65 jamais traitées sur la fenêtre ; 25 unités incomplètes exclues ; covariables invariantes dans le temps absorbées par les effets fixes unité : share_cab, log_pop, share_edu_sup, pretrend_1014 ; cellules −8 et +8 bornées",event,65.0,842.0,0.0,25.0,1998.0,2024.0,,,,,,,,,,,,
h2,H2,H2a,"log(naissances+0,5 / 1 000 f. 20-24)","municipios avec covariables, bascule 4G ≥ 50 %",twfe,-5,0.059331207588101766,0.02164142175441553,0.016914800375205694,0.10174761480099784,0.006114861004822957,907,24489,False," ; fenêtre 1998-2024 ; 842 traitées, 65 jamais traitées sur la fenêtre ; 25 unités incomplètes exclues ; covariables invariantes dans le temps absorbées par les effets fixes unité : share_cab, log_pop, share_edu_sup, pretrend_1014 ; cellules −8 et +8 bornées",event,65.0,842.0,0.0,25.0,1998.0,2024.0,,,,,,,,,,,,
h2,H2,H2a,"log(naissances+0,5 / 1 000 f. 20-24)","municipios avec covariables, bascule 4G ≥ 50 %",twfe,-4,0.041189624393097535,0.019236616652730406,0.003486548569342489,0.07889270021685257,0.0322571553792204,907,24489,False," ; fenêtre 1998-2024 ; 842 traitées, 65 jamais traitées sur la fenêtre ; 25 unités incomplètes exclues ; covariables invariantes dans le temps absorbées par les effets fixes unité : share_cab, log_pop, share_edu_sup, pretrend_1014 ; cellules −8 et +8 bornées",event,65.0,842.0,0.0,25.0,1998.0,2024.0,,,,,,,,,,,,
h2,H2,H2a,"log(naissances+0,5 / 1 000 f. 20-24)","municipios avec covariables, bascule 4G ≥ 50 %",twfe,-3,0.034278182066065116,0.015790148934396554,0.0033300588441243575,0.06522630528800588,0.0299418556769882,907,24489,False," ; fenêtre 1998-2024 ; 842 traitées, 65 jamais traitées sur la fenêtre ; 25 unités incomplètes exclues ; covariables invariantes dans le temps absorbées par les effets fixes unité : share_cab, log_pop, share_edu_sup, pretrend_1014 ; cellules −8 et +8 bornées",event,65.0,842.0,0.0,25.0,1998.0,2024.0,,,,,,,,,,,,
h2,H2,H2a,"log(naissances+0,5 / 1 000 f. 20-24)","municipios avec covariables, bascule 4G ≥ 50 %",twfe,-2,0.007965884114362377,0.013211664876896595,-0.017928503220167757,0.03386027144889251,0.5465464449003772,907,24489,False," ; fenêtre 1998-2024 ; 842 traitées, 65 jamais traitées sur la fenêtre ; 25 unités incomplètes exclues ; covariables invariantes dans le temps absorbées par les effets fixes unité : share_cab, log_pop, share_edu_sup, pretrend_1014 ; cellules −8 et +8 bornées",event,65.0,842.0,0.0,25.0,1998.0,2024.0,,,,,,,,,,,,
h2,H2,H2a,"log(naissances+0,5 / 1 000 f. 20-24)","municipios avec covariables, bascule 4G ≥ 50 %",twfe,0,-0.009706024080151449,0.015489630717819114,-0.040065142420902214,0.02065309426059932,0.5309120936018391,907,24489,False," ; fenêtre 1998-2024 ; 842 traitées, 65 jamais traitées sur la fenêtre ; 25 unités incomplètes exclues ; covariables invariantes dans le temps absorbées par les effets fixes unité : share_cab, log_pop, share_edu_sup, pretrend_1014 ; cellules −8 et +8 bornées",event,65.0,842.0,0.0,25.0,1998.0,2024.0,,,,,,,,,,,,
h2,H2,H2a,"log(naissances+0,5 / 1 000 f. 20-24)","municipios avec covariables, bascule 4G ≥ 50 %",twfe,1,-0.04334841896774279,0.017125196515237424,-0.07691318736577898,-0.0097836505697066,0.011365178739425304,907,24489,False," ; fenêtre 1998-2024 ; 842 traitées, 65 jamais traitées sur la fenêtre ; 25 unités incomplètes exclues ; covariables invariantes dans le temps absorbées par les effets fixes unité : share_cab, log_pop, share_edu_sup, pretrend_1014 ; cellules −8 et +8 bornées",event,65.0,842.0,0.0,25.0,1998.0,2024.0,,,,,,,,,,,,
h2,H2,H2a,"log(naissances+0,5 / 1 000 f. 20-24)","municipios avec covariables, bascule 4G ≥ 50 %",twfe,2,-0.047814311610979904,0.021051992826672073,-0.08907545935405273,-0.006553163867907073,0.02313192603898253,907,24489,False," ; fenêtre 1998-2024 ; 842 traitées, 65 jamais traitées sur la fenêtre ; 25 unités incomplètes exclues ; covariables invariantes dans le temps absorbées par les effets fixes unité : share_cab, log_pop, share_edu_sup, pretrend_1014 ; cellules −8 et +8 bornées",event,65.0,842.0,0.0,25.0,1998.0,2024.0,,,,,,,,,,,,
h2,H2,H2a,"log(naissances+0,5 / 1 000 f. 20-24)","municipios avec covariables, bascule 4G ≥ 50 %",twfe,3,-0.07482530889059456,0.02587401673476362,-0.12553744982611792,-0.024113167955071214,0.003829085057468396,907,24489,False," ; fenêtre 1998-2024 ; 842 traitées, 65 jamais traitées sur la fenêtre ; 25 unités incomplètes exclues ; covariables invariantes dans le temps absorbées par les effets fixes unité : share_cab, log_pop, share_edu_sup, pretrend_1014 ; cellules −8 et +8 bornées",event,65.0,842.0,0.0,25.0,1998.0,2024.0,,,,,,,,,,,,
h2,H2,H2a,"log(naissances+0,5 / 1 000 f. 20-24)","municipios avec covariables, bascule 4G ≥ 50 %",twfe,4,-0.11958369769790828,0.03227589435463148,-0.18284328820180562,-0.05632410719401092,0.0002113517420330359,907,24489,False," ; fenêtre 1998-2024 ; 842 traitées, 65 jamais traitées sur la fenêtre ; 25 unités incomplètes exclues ; covariables invariantes dans le temps absorbées par les effets fixes unité : share_cab, log_pop, share_edu_sup, pretrend_1014 ; cellules −8 et +8 bornées",event,65.0,842.0,0.0,25.0,1998.0,2024.0,,,,,,,,,,,,
h2,H2,H2a,"log(naissances+0,5 / 1 000 f. 20-24)","municipios avec covariables, bascule 4G ≥ 50 %",twfe,5,-0.1046872971014181,0.036304248026012925,-0.1758423157182128,-0.03353227848462341,0.003931451601535766,907,24489,False," ; fenêtre 1998-2024 ; 842 traitées, 65 jamais traitées sur la fenêtre ; 25 unités incomplètes exclues ; covariables invariantes dans le temps absorbées par les effets fixes unité : share_cab, log_pop, share_edu_sup, pretrend_1014 ; cellules −8 et +8 bornées",event,65.0,842.0,0.0,25.0,1998.0,2024.0,,,,,,,,,,,,
h2,H2,H2a,"log(naissances+0,5 / 1 000 f. 20-24)","municipios avec covariables, bascule 4G ≥ 50 %",twfe,6,-0.10523925521124472,0.039678112101023046,-0.18300692590379278,-0.027471584518696662,0.007993951595737459,907,24489,False," ; fenêtre 1998-2024 ; 842 traitées, 65 jamais traitées sur la fenêtre ; 25 unités incomplètes exclues ; covariables invariantes dans le temps absorbées par les effets fixes unité : share_cab, log_pop, share_edu_sup, pretrend_1014 ; cellules −8 et +8 bornées",event,65.0,842.0,0.0,25.0,1998.0,2024.0,,,,,,,,,,,,
h2,H2,H2a,"log(naissances+0,5 / 1 000 f. 20-24)","municipios avec covariables, bascule 4G ≥ 50 %",twfe,7,-0.11644969695890885,0.046634280042821816,-0.20785120628779463,-0.025048187630023075,0.012521942389609715,907,24489,False," ; fenêtre 1998-2024 ; 842 traitées, 65 jamais traitées sur la fenêtre ; 25 unités incomplètes exclues ; covariables invariantes dans le temps absorbées par les effets fixes unité : share_cab, log_pop, share_edu_sup, pretrend_1014 ; cellules −8 et +8 bornées",event,65.0,842.0,0.0,25.0,1998.0,2024.0,,,,,,,,,,,,
h2,H2,H2a,"log(naissances+0,5 / 1 000 f. 20-24)","municipios avec covariables, bascule 4G ≥ 50 %",twfe,8,-0.14941142240987984,0.05656045226018044,-0.2602678717891306,-0.03855497303062909,0.008250970865962397,907,24489,False," ; fenêtre 1998-2024 ; 842 traitées, 65 jamais traitées sur la fenêtre ; 25 unités incomplètes exclues ; covariables invariantes dans le temps absorbées par les effets fixes unité : share_cab, log_pop, share_edu_sup, pretrend_1014 ; cellules −8 et +8 bornées",event,65.0,842.0,0.0,25.0,1998.0,2024.0,,,,,,,,,,,,
h2,H2,H2a,"log(naissances+0,5 / 1 000 f. 20-24)","municipios avec covariables, bascule 4G ≥ 50 %",twfe,"ATT[1,5]",-0.07805180685372873,0.02404428890804655,-0.12517774714737587,-0.03092586656008158,0.0011696969476566457,907,24489,False," ; fenêtre 1998-2024 ; 842 traitées, 65 jamais traitées sur la fenêtre ; 25 unités incomplètes exclues ; covariables invariantes dans le temps absorbées par les effets fixes unité : share_cab, log_pop, share_edu_sup, pretrend_1014 ; écart-type avec covariance complète (w'Vw)",post_avg,65.0,842.0,0.0,25.0,1998.0,2024.0,,,,,,,,,,,,
h2,H2,H2a,"log(naissances+0,5 / 1 000 f. 20-24)","municipios avec covariables, bascule 4G ≥ 50 %",twfe,Wald pré (-8..−2),12.425153467297863,,,,0.08741613359772324,907,24489,False,"test de Wald joint, covariance groupée, df = 7 ; fenêtre 1998-2024 ; 842 traitées, 65 jamais traitées sur la fenêtre ; 25 unités incomplètes exclues",pre_test,65.0,842.0,0.0,25.0,1998.0,2024.0,,,,,,,,,,,7.0,
h2,H2,H2a,"log(naissances+0,5 / 1 000 f. 20-24)","municipios avec covariables, bascule 4G ≥ 50 %",twfe,ATT,-0.060730361408979396,0.01880854556283475,-0.09759443331371614,-0.023866289504242647,0.0012428007772068348,907,24489,False," ; fenêtre 1998-2024 ; 842 traitées, 65 jamais traitées sur la fenêtre ; 25 unités incomplètes exclues ; covariables invariantes dans le temps absorbées par les effets fixes unité : share_cab, log_pop, share_edu_sup, pretrend_1014",static,65.0,842.0,0.0,25.0,1998.0,2024.0,,,,,,,,,,,,
h2,H2,H2a,"log(naissances+0,5 / 1 000 f. 20-24)","municipios avec covariables, bascule 4G ≥ 50 %",twfe_poisson,ATT (log du taux contrefactuel),-0.020368017698353544,0.02033354034169454,-0.06022102444626711,0.019484989049560024,0.31649063703937164,907,24489,False," ; fenêtre 1998-2024 ; 842 traitées, 65 jamais traitées sur la fenêtre ; 25 unités incomplètes exclues ; covariables invariantes dans le temps absorbées par les effets fixes unité : share_cab, log_pop, share_edu_sup, pretrend_1014 ; Poisson à effets fixes, offset = log(women)",static,65.0,842.0,0.0,25.0,1998.0,2024.0,,,,,,,,,,,,
h2,H2,H2a,"log(naissances+0,5 / 1 000 f. 20-24)","municipios avec covariables, bascule 4G ≥ 50 %",twfe_poisson,ATT en % du taux contrefactuel,-2.0161990783469474,1.9923575688729993,-5.84435966945297,1.9676060759509229,0.31649063703937164,907,24489,False," ; fenêtre 1998-2024 ; 842 traitées, 65 jamais traitées sur la fenêtre ; 25 unités incomplètes exclues ; covariables invariantes dans le temps absorbées par les effets fixes unité : share_cab, log_pop, share_edu_sup, pretrend_1014 ; Poisson à effets fixes, offset = log(women)",static,65.0,842.0,0.0,25.0,1998.0,2024.0,,,,,,,,,,,,
h2,H2,H2c,"log(naissances+0,5 / 1 000 f. 25-29)","municipios avec covariables, bascule 4G ≥ 50 %",cs,-8,0.01847856194987612,0.030358552197454664,-0.04102310697991434,0.07798023087966657,0.5427383481964047,907,24489,False," ; covariables : share_cab, log_pop, share_edu_sup, pretrend_1014 (doublement robuste) ; contrôle = not_yet_treated ; fenêtre 1998-2024 ; 842 traitées, 65 jamais traitées sur la fenêtre ; 25 unités incomplètes exclues",event,65.0,842.0,0.0,25.0,1998.0,2024.0,1998.0,2024.0,907.0,5.0,dr,8.0,842.0,,,,,
h2,H2,H2c,"log(naissances+0,5 / 1 000 f. 25-29)","municipios avec covariables, bascule 4G ≥ 50 %",cs,-7,0.06720329455440062,0.0460746854510769,-0.023101429528721726,0.15750801863752295,0.14468265525222151,907,24489,False," ; covariables : share_cab, log_pop, share_edu_sup, pretrend_1014 (doublement robuste) ; contrôle = not_yet_treated ; fenêtre 1998-2024 ; 842 traitées, 65 jamais traitées sur la fenêtre ; 25 unités incomplètes exclues",event,65.0,842.0,0.0,25.0,1998.0,2024.0,1998.0,2024.0,907.0,5.0,dr,8.0,842.0,,,,,
h2,H2,H2c,"log(naissances+0,5 / 1 000 f. 25-29)","municipios avec covariables, bascule 4G ≥ 50 %",cs,-6,0.015137091955138838,0.024427723998871775,-0.032740367306934595,0.06301455121721226,0.5354760349756376,907,24489,False," ; covariables : share_cab, log_pop, share_edu_sup, pretrend_1014 (doublement robuste) ; contrôle = not_yet_treated ; fenêtre 1998-2024 ; 842 traitées, 65 jamais traitées sur la fenêtre ; 25 unités incomplètes exclues",event,65.0,842.0,0.0,25.0,1998.0,2024.0,1998.0,2024.0,907.0,5.0,dr,8.0,842.0,,,,,
h2,H2,H2c,"log(naissances+0,5 / 1 000 f. 25-29)","municipios avec covariables, bascule 4G ≥ 50 %",cs,-5,0.04691222315354421,0.030867513467419967,-0.01358699153490401,0.10741143784199242,0.12856307203641848,907,24489,False," ; covariables : share_cab, log_pop, share_edu_sup, pretrend_1014 (doublement robuste) ; contrôle = not_yet_treated ; fenêtre 1998-2024 ; 842 traitées, 65 jamais traitées sur la fenêtre ; 25 unités incomplètes exclues",event,65.0,842.0,0.0,25.0,1998.0,2024.0,1998.0,2024.0,907.0,5.0,dr,8.0,842.0,,,,,
h2,H2,H2c,"log(naissances+0,5 / 1 000 f. 25-29)","municipios avec covariables, bascule 4G ≥ 50 %",cs,-4,0.1090982699343784,0.08016630951459709,-0.04802480948772256,0.26622134935647934,0.17354553279124785,907,24489,False," ; covariables : share_cab, log_pop, share_edu_sup, pretrend_1014 (doublement robuste) ; contrôle = not_yet_treated ; fenêtre 1998-2024 ; 842 traitées, 65 jamais traitées sur la fenêtre ; 25 unités incomplètes exclues",event,65.0,842.0,0.0,25.0,1998.0,2024.0,1998.0,2024.0,907.0,5.0,dr,8.0,842.0,,,,,
h2,H2,H2c,"log(naissances+0,5 / 1 000 f. 25-29)","municipios avec covariables, bascule 4G ≥ 50 %",cs,-3,0.031906443993233724,0.03275850204465746,-0.032299040201776624,0.09611192818824407,0.3300616471369424,907,24489,False," ; covariables : share_cab, log_pop, share_edu_sup, pretrend_1014 (doublement robuste) ; contrôle = not_yet_treated ; fenêtre 1998-2024 ; 842 traitées, 65 jamais traitées sur la fenêtre ; 25 unités incomplètes exclues",event,65.0,842.0,0.0,25.0,1998.0,2024.0,1998.0,2024.0,907.0,5.0,dr,8.0,842.0,,,,,
h2,H2,H2c,"log(naissances+0,5 / 1 000 f. 25-29)","municipios avec covariables, bascule 4G ≥ 50 %",cs,-2,0.01666762663870662,0.030458983537041514,-0.04303088409959317,0.07636613737700641,0.5842307172030046,907,24489,False," ; covariables : share_cab, log_pop, share_edu_sup, pretrend_1014 (doublement robuste) ; contrôle = not_yet_treated ; fenêtre 1998-2024 ; 842 traitées, 65 jamais traitées sur la fenêtre ; 25 unités incomplètes exclues",event,65.0,842.0,0.0,25.0,1998.0,2024.0,1998.0,2024.0,907.0,5.0,dr,8.0,842.0,,,,,
h2,H2,H2c,"log(naissances+0,5 / 1 000 f. 25-29)","municipios avec covariables, bascule 4G ≥ 50 %",cs,0,0.015191850039434487,0.02090866482191503,-0.025788379976338555,0.05617208005520753,0.4674823355506783,907,24489,False," ; covariables : share_cab, log_pop, share_edu_sup, pretrend_1014 (doublement robuste) ; contrôle = not_yet_treated ; fenêtre 1998-2024 ; 842 traitées, 65 jamais traitées sur la fenêtre ; 25 unités incomplètes exclues",event,65.0,842.0,0.0,25.0,1998.0,2024.0,1998.0,2024.0,907.0,5.0,dr,8.0,842.0,,,,,
h2,H2,H2c,"log(naissances+0,5 / 1 000 f. 25-29)","municipios avec covariables, bascule 4G ≥ 50 %",cs,1,-0.04376052590160663,0.032499885094881845,-0.10745913018926516,0.019938078386051897,0.17814696667617236,907,24489,False," ; covariables : share_cab, log_pop, share_edu_sup, pretrend_1014 (doublement robuste) ; contrôle = not_yet_treated ; fenêtre 1998-2024 ; 842 traitées, 65 jamais traitées sur la fenêtre ; 25 unités incomplètes exclues",event,65.0,842.0,0.0,25.0,1998.0,2024.0,1998.0,2024.0,907.0,5.0,dr,8.0,842.0,,,,,
h2,H2,H2c,"log(naissances+0,5 / 1 000 f. 25-29)","municipios avec covariables, bascule 4G ≥ 50 %",cs,2,0.019311904606347685,0.03168974040739232,-0.042798845271564925,0.0814226544842603,0.5422556407576857,907,24489,False," ; covariables : share_cab, log_pop, share_edu_sup, pretrend_1014 (doublement robuste) ; contrôle = not_yet_treated ; fenêtre 1998-2024 ; 842 traitées, 65 jamais traitées sur la fenêtre ; 25 unités incomplètes exclues",event,65.0,842.0,0.0,25.0,1998.0,2024.0,1998.0,2024.0,907.0,5.0,dr,7.0,797.0,,,,,
h2,H2,H2c,"log(naissances+0,5 / 1 000 f. 25-29)","municipios avec covariables, bascule 4G ≥ 50 %",cs,3,0.06528312946822959,0.06337381362862597,-0.05892726280683096,0.18949352174329015,0.30294999996845673,907,24489,False," ; covariables : share_cab, log_pop, share_edu_sup, pretrend_1014 (doublement robuste) ; contrôle = not_yet_treated ; fenêtre 1998-2024 ; 842 traitées, 65 jamais traitées sur la fenêtre ; 25 unités incomplètes exclues",event,65.0,842.0,0.0,25.0,1998.0,2024.0,1998.0,2024.0,907.0,5.0,dr,6.0,754.0,,,,,
h2,H2,H2c,"log(naissances+0,5 / 1 000 f. 25-29)","municipios avec covariables, bascule 4G ≥ 50 %",cs,4,-0.00553009077655181,0.1190909375257051,-0.2389440392120434,0.2278838576589398,0.9629628506686546,907,24489,False," ; covariables : share_cab, log_pop, share_edu_sup, pretrend_1014 (doublement robuste) ; contrôle = not_yet_treated ; fenêtre 1998-2024 ; 842 traitées, 65 jamais traitées sur la fenêtre ; 25 unités incomplètes exclues",event,65.0,842.0,0.0,25.0,1998.0,2024.0,1998.0,2024.0,907.0,5.0,dr,5.0,534.0,,,,,
h2,H2,H2c,"log(naissances+0,5 / 1 000 f. 25-29)","municipios avec covariables, bascule 4G ≥ 50 %",cs,5,-0.043378729114865365,0.16694618540043607,-0.3705872398560666,0.28382978162633593,0.7949898179798287,907,24489,False," ; covariables : share_cab, log_pop, share_edu_sup, pretrend_1014 (doublement robuste) ; contrôle = not_yet_treated ; fenêtre 1998-2024 ; 842 traitées, 65 jamais traitées sur la fenêtre ; 25 unités incomplètes exclues",event,65.0,842.0,0.0,25.0,1998.0,2024.0,1998.0,2024.0,907.0,5.0,dr,4.0,367.0,,,,,
h2,H2,H2c,"log(naissances+0,5 / 1 000 f. 25-29)","municipios avec covariables, bascule 4G ≥ 50 %",cs,6,-0.06820120225035789,0.17371584295066206,-0.4086779979776718,0.27227559347695596,0.6946133988903116,907,24489,False," ; covariables : share_cab, log_pop, share_edu_sup, pretrend_1014 (doublement robuste) ; contrôle = not_yet_treated ; fenêtre 1998-2024 ; 842 traitées, 65 jamais traitées sur la fenêtre ; 25 unités incomplètes exclues",event,65.0,842.0,0.0,25.0,1998.0,2024.0,1998.0,2024.0,907.0,5.0,dr,3.0,277.0,,,,,
h2,H2,H2c,"log(naissances+0,5 / 1 000 f. 25-29)","municipios avec covariables, bascule 4G ≥ 50 %",cs,7,-0.22901572256439645,0.16418045791814692,-0.5508035070492583,0.09277206192046544,0.16304525901125133,907,24489,False," ; covariables : share_cab, log_pop, share_edu_sup, pretrend_1014 (doublement robuste) ; contrôle = not_yet_treated ; fenêtre 1998-2024 ; 842 traitées, 65 jamais traitées sur la fenêtre ; 25 unités incomplètes exclues",event,65.0,842.0,0.0,25.0,1998.0,2024.0,1998.0,2024.0,907.0,5.0,dr,2.0,173.0,,,,,
h2,H2,H2c,"log(naissances+0,5 / 1 000 f. 25-29)","municipios avec covariables, bascule 4G ≥ 50 %",cs,8,-0.04977670068004639,0.15399125529155633,-0.3515940149856098,0.252040613625517,0.7465106999848802,907,24489,False," ; covariables : share_cab, log_pop, share_edu_sup, pretrend_1014 (doublement robuste) ; contrôle = not_yet_treated ; fenêtre 1998-2024 ; 842 traitées, 65 jamais traitées sur la fenêtre ; 25 unités incomplètes exclues",event,65.0,842.0,0.0,25.0,1998.0,2024.0,1998.0,2024.0,907.0,5.0,dr,1.0,93.0,,,,,
h2,H2,H2c,"log(naissances+0,5 / 1 000 f. 25-29)","municipios avec covariables, bascule 4G ≥ 50 %",cs,"ATT[1,5]",-0.0016148623436893074,0.07250259068187644,-0.14371732886601643,0.14048760417863784,0.9822300528346684,907,24489,False," ; covariables : share_cab, log_pop, share_edu_sup, pretrend_1014 (doublement robuste) ; contrôle = not_yet_treated ; fenêtre 1998-2024 ; 842 traitées, 65 jamais traitées sur la fenêtre ; 25 unités incomplètes exclues ; écart-type avec covariance complète des coefficients (fonctions d'influence)",post_avg,65.0,842.0,0.0,25.0,1998.0,2024.0,1998.0,2024.0,907.0,5.0,dr,,,,,5.0,,
h2,H2,H2c,"log(naissances+0,5 / 1 000 f. 25-29)","municipios avec covariables, bascule 4G ≥ 50 %",cs,ATT,-0.008859479746893145,0.056309957869381096,-0.1192249691418479,0.1015060096480616,0.8749815021524429,907,24489,False," ; covariables : share_cab, log_pop, share_edu_sup, pretrend_1014 (doublement robuste) ; contrôle = not_yet_treated ; fenêtre 1998-2024 ; 842 traitées, 65 jamais traitées sur la fenêtre ; 25 unités incomplètes exclues ; moyenne de tous les ATT(g,t) post",simple,65.0,842.0,0.0,25.0,1998.0,2024.0,1998.0,2024.0,907.0,5.0,dr,,,,,,,
h2,H2,H2c,"log(naissances+0,5 / 1 000 f. 25-29)","municipios avec covariables, bascule 4G ≥ 50 %",cs,Wald pré (-8..-2),5.352103126700697,,,,0.6170776659127366,907,24489,False,"H5c : test de Wald joint de nullité des coefficients pré avec covariance des fonctions d'influence, df = 7 ; fenêtre 1998-2024 ; 842 traitées, 65 jamais traitées sur la fenêtre ; 25 unités incomplètes exclues",pre_test,65.0,842.0,0.0,25.0,1998.0,2024.0,1998.0,2024.0,907.0,5.0,dr,,,,,,7.0,
h2,H2,H2c,"log(naissances+0,5 / 1 000 f. 25-29)","municipios avec covariables, bascule 4G ≥ 50 %",sunab,-8,0.06079703692524619,0.04571177619435183,-0.028796398085038803,0.15039047193553118,0.1835155713844876,907,24489,False," ; fenêtre 1998-2024 ; 842 traitées, 65 jamais traitées sur la fenêtre ; 25 unités incomplètes exclues ; covariables invariantes dans le temps absorbées par les effets fixes unité : share_cab, log_pop, share_edu_sup, pretrend_1014 ; cellules −8 et +8 bornées",event,65.0,842.0,0.0,25.0,1998.0,2024.0,,,,,,,,,,,,
h2,H2,H2c,"log(naissances+0,5 / 1 000 f. 25-29)","municipios avec covariables, bascule 4G ≥ 50 %",sunab,-7,0.034175726815231275,0.04115004080829398,-0.046476871131378425,0.11482832476184097,0.4062476613276592,907,24489,False," ; fenêtre 1998-2024 ; 842 traitées, 65 jamais traitées sur la fenêtre ; 25 unités incomplètes exclues ; covariables invariantes dans le temps absorbées par les effets fixes unité : share_cab, log_pop, share_edu_sup, pretrend_1014 ; cellules −8 et +8 bornées",event,65.0,842.0,0.0,25.0,1998.0,2024.0,,,,,,,,,,,,
h2,H2,H2c,"log(naissances+0,5 / 1 000 f. 25-29)","municipios avec covariables, bascule 4G ≥ 50 %",sunab,-6,0.021830399639191908,0.03621570490160517,-0.04915107764268492,0.09281187692106874,0.5466495963847497,907,24489,False," ; fenêtre 1998-2024 ; 842 traitées, 65 jamais traitées sur la fenêtre ; 25 unités incomplètes exclues ; covariables invariantes dans le temps absorbées par les effets fixes unité : share_cab, log_pop, share_edu_sup, pretrend_1014 ; cellules −8 et +8 bornées",event,65.0,842.0,0.0,25.0,1998.0,2024.0,,,,,,,,,,,,
h2,H2,H2c,"log(naissances+0,5 / 1 000 f. 25-29)","municipios avec covariables, bascule 4G ≥ 50 %",sunab,-5,0.028247308872187515,0.029490556747289284,-0.029553120236534162,0.0860477379809092,0.33814218006597574,907,24489,False," ; fenêtre 1998-2024 ; 842 traitées, 65 jamais traitées sur la fenêtre ; 25 unités incomplètes exclues ; covariables invariantes dans le temps absorbées par les effets fixes unité : share_cab, log_pop, share_edu_sup, pretrend_1014 ; cellules −8 et +8 bornées",event,65.0,842.0,0.0,25.0,1998.0,2024.0,,,,,,,,,,,,
h2,H2,H2c,"log(naissances+0,5 / 1 000 f. 25-29)","municipios avec covariables, bascule 4G ≥ 50 %",sunab,-4,0.021914131236120425,0.026495857564911542,-0.030016795330609337,0.0738450578028502,0.40819305917313153,907,24489,False," ; fenêtre 1998-2024 ; 842 traitées, 65 jamais traitées sur la fenêtre ; 25 unités incomplètes exclues ; covariables invariantes dans le temps absorbées par les effets fixes unité : share_cab, log_pop, share_edu_sup, pretrend_1014 ; cellules −8 et +8 bornées",event,65.0,842.0,0.0,25.0,1998.0,2024.0,,,,,,,,,,,,
h2,H2,H2c,"log(naissances+0,5 / 1 000 f. 25-29)","municipios avec covariables, bascule 4G ≥ 50 %",sunab,-3,0.007370353672110617,0.021658285573010985,-0.03507910601787437,0.049819813362095594,0.7336292580511402,907,24489,False," ; fenêtre 1998-2024 ; 842 traitées, 65 jamais traitées sur la fenêtre ; 25 unités incomplètes exclues ; covariables invariantes dans le temps absorbées par les effets fixes unité : share_cab, log_pop, share_edu_sup, pretrend_1014 ; cellules −8 et +8 bornées",event,65.0,842.0,0.0,25.0,1998.0,2024.0,,,,,,,,,,,,
h2,H2,H2c,"log(naissances+0,5 / 1 000 f. 25-29)","municipios avec covariables, bascule 4G ≥ 50 %",sunab,-2,0.005372012318075091,0.01623071105312626,-0.02643959678952855,0.03718362142567873,0.7406609155591446,907,24489,False," ; fenêtre 1998-2024 ; 842 traitées, 65 jamais traitées sur la fenêtre ; 25 unités incomplètes exclues ; covariables invariantes dans le temps absorbées par les effets fixes unité : share_cab, log_pop, share_edu_sup, pretrend_1014 ; cellules −8 et +8 bornées",event,65.0,842.0,0.0,25.0,1998.0,2024.0,,,,,,,,,,,,
h2,H2,H2c,"log(naissances+0,5 / 1 000 f. 25-29)","municipios avec covariables, bascule 4G ≥ 50 %",sunab,0,0.017620693629498422,0.01862689473923968,-0.018887349203229955,0.054128736462226795,0.34415813711379317,907,24489,False," ; fenêtre 1998-2024 ; 842 traitées, 65 jamais traitées sur la fenêtre ; 25 unités incomplètes exclues ; covariables invariantes dans le temps absorbées par les effets fixes unité : share_cab, log_pop, share_edu_sup, pretrend_1014 ; cellules −8 et +8 bornées",event,65.0,842.0,0.0,25.0,1998.0,2024.0,,,,,,,,,,,,
h2,H2,H2c,"log(naissances+0,5 / 1 000 f. 25-29)","municipios avec covariables, bascule 4G ≥ 50 %",sunab,1,-0.004346686407148,0.020050946242669704,-0.04364581889872934,0.03495244608443334,0.8283781556365826,907,24489,False," ; fenêtre 1998-2024 ; 842 traitées, 65 jamais traitées sur la fenêtre ; 25 unités incomplètes exclues ; covariables invariantes dans le temps absorbées par les effets fixes unité : share_cab, log_pop, share_edu_sup, pretrend_1014 ; cellules −8 et +8 bornées",event,65.0,842.0,0.0,25.0,1998.0,2024.0,,,,,,,,,,,,
h2,H2,H2c,"log(naissances+0,5 / 1 000 f. 25-29)","municipios avec covariables, bascule 4G ≥ 50 %",sunab,2,0.02604566607279609,0.025368580030727644,-0.023675837126352108,0.0757671692719443,0.3045664847878501,907,24489,False," ; fenêtre 1998-2024 ; 842 traitées, 65 jamais traitées sur la fenêtre ; 25 unités incomplètes exclues ; covariables invariantes dans le temps absorbées par les effets fixes unité : share_cab, log_pop, share_edu_sup, pretrend_1014 ; cellules −8 et +8 bornées",event,65.0,842.0,0.0,25.0,1998.0,2024.0,,,,,,,,,,,,
h2,H2,H2c,"log(naissances+0,5 / 1 000 f. 25-29)","municipios avec covariables, bascule 4G ≥ 50 %",sunab,3,0.021344447810314676,0.029743127141448847,-0.036951010174520835,0.07963990579515018,0.47298778809371167,907,24489,False," ; fenêtre 1998-2024 ; 842 traitées, 65 jamais traitées sur la fenêtre ; 25 unités incomplètes exclues ; covariables invariantes dans le temps absorbées par les effets fixes unité : share_cab, log_pop, share_edu_sup, pretrend_1014 ; cellules −8 et +8 bornées",event,65.0,842.0,0.0,25.0,1998.0,2024.0,,,,,,,,,,,,
h2,H2,H2c,"log(naissances+0,5 / 1 000 f. 25-29)","municipios avec covariables, bascule 4G ≥ 50 %",sunab,4,0.004970987846139819,0.03599640003084726,-0.0655806597874173,0.07552263547969694,0.8901639105971605,907,24489,False," ; fenêtre 1998-2024 ; 842 traitées, 65 jamais traitées sur la fenêtre ; 25 unités incomplètes exclues ; covariables invariantes dans le temps absorbées par les effets fixes unité : share_cab, log_pop, share_edu_sup, pretrend_1014 ; cellules −8 et +8 bornées",event,65.0,842.0,0.0,25.0,1998.0,2024.0,,,,,,,,,,,,
h2,H2,H2c,"log(naissances+0,5 / 1 000 f. 25-29)","municipios avec covariables, bascule 4G ≥ 50 %",sunab,5,0.011412288272895504,0.042301262626711925,-0.07149666297603008,0.09432123952182109,0.7873248969993851,907,24489,False," ; fenêtre 1998-2024 ; 842 traitées, 65 jamais traitées sur la fenêtre ; 25 unités incomplètes exclues ; covariables invariantes dans le temps absorbées par les effets fixes unité : share_cab, log_pop, share_edu_sup, pretrend_1014 ; cellules −8 et +8 bornées",event,65.0,842.0,0.0,25.0,1998.0,2024.0,,,,,,,,,,,,
h2,H2,H2c,"log(naissances+0,5 / 1 000 f. 25-29)","municipios avec covariables, bascule 4G ≥ 50 %",sunab,6,-0.03365046661274982,0.04441239200472881,-0.12069715540929293,0.0533962221837933,0.4486414229452669,907,24489,False," ; fenêtre 1998-2024 ; 842 traitées, 65 jamais traitées sur la fenêtre ; 25 unités incomplètes exclues ; covariables invariantes dans le temps absorbées par les effets fixes unité : share_cab, log_pop, share_edu_sup, pretrend_1014 ; cellules −8 et +8 bornées",event,65.0,842.0,0.0,25.0,1998.0,2024.0,,,,,,,,,,,,
h2,H2,H2c,"log(naissances+0,5 / 1 000 f. 25-29)","municipios avec covariables, bascule 4G ≥ 50 %",sunab,7,-0.036407400512245336,0.053395697254469875,-0.14106104406041053,0.06824624303591986,0.49533920091957484,907,24489,False," ; fenêtre 1998-2024 ; 842 traitées, 65 jamais traitées sur la fenêtre ; 25 unités incomplètes exclues ; covariables invariantes dans le temps absorbées par les effets fixes unité : share_cab, log_pop, share_edu_sup, pretrend_1014 ; cellules −8 et +8 bornées",event,65.0,842.0,0.0,25.0,1998.0,2024.0,,,,,,,,,,,,
h2,H2,H2c,"log(naissances+0,5 / 1 000 f. 25-29)","municipios avec covariables, bascule 4G ≥ 50 %",sunab,8,-0.03008342696087082,0.06929637276021915,-0.1659018218301628,0.10573496790842116,0.664196214144217,907,24489,False," ; fenêtre 1998-2024 ; 842 traitées, 65 jamais traitées sur la fenêtre ; 25 unités incomplètes exclues ; covariables invariantes dans le temps absorbées par les effets fixes unité : share_cab, log_pop, share_edu_sup, pretrend_1014 ; cellules −8 et +8 bornées",event,65.0,842.0,0.0,25.0,1998.0,2024.0,,,,,,,,,,,,
h2,H2,H2c,"log(naissances+0,5 / 1 000 f. 25-29)","municipios avec covariables, bascule 4G ≥ 50 %",sunab,"ATT[1,5]",0.011885340718999618,0.02694733379719332,-0.04093046300287826,0.06470114444087749,0.6591709125017504,907,24489,False," ; fenêtre 1998-2024 ; 842 traitées, 65 jamais traitées sur la fenêtre ; 25 unités incomplètes exclues ; covariables invariantes dans le temps absorbées par les effets fixes unité : share_cab, log_pop, share_edu_sup, pretrend_1014 ; écart-type avec covariance complète (w'Vw)",post_avg,65.0,842.0,0.0,25.0,1998.0,2024.0,,,,,,,,,,,,
h2,H2,H2c,"log(naissances+0,5 / 1 000 f. 25-29)","municipios avec covariables, bascule 4G ≥ 50 %",sunab,Wald pré (-8..−2),4.6592371255768095,,,,0.7014672558094018,907,24489,False,"test de Wald joint, covariance groupée, df = 7 ; fenêtre 1998-2024 ; 842 traitées, 65 jamais traitées sur la fenêtre ; 25 unités incomplètes exclues",pre_test,65.0,842.0,0.0,25.0,1998.0,2024.0,,,,,,,,,,,7.0,
h2,H2,H2c,"log(naissances+0,5 / 1 000 f. 25-29)","municipios avec covariables, bascule 4G ≥ 50 %",did2s,-8,0.0030091106383679195,0.0015253900359542332,1.940110552136427e-05,0.005998820171214475,0.04853171644463672,907,24489,False," ; fenêtre 1998-2024 ; 842 traitées, 65 jamais traitées sur la fenêtre ; 25 unités incomplètes exclues ; covariables invariantes dans le temps absorbées par les effets fixes unité : share_cab, log_pop, share_edu_sup, pretrend_1014 ; cellules −8 et +8 bornées",event,65.0,842.0,0.0,25.0,1998.0,2024.0,,,,,,,,,,,,
h2,H2,H2c,"log(naissances+0,5 / 1 000 f. 25-29)","municipios avec covariables, bascule 4G ≥ 50 %",did2s,-7,0.002374489583421789,0.009389095309145726,-0.0160277990699178,0.02077677823676138,0.8003465281865929,907,24489,False," ; fenêtre 1998-2024 ; 842 traitées, 65 jamais traitées sur la fenêtre ; 25 unités incomplètes exclues ; covariables invariantes dans le temps absorbées par les effets fixes unité : share_cab, log_pop, share_edu_sup, pretrend_1014 ; cellules −8 et +8 bornées",event,65.0,842.0,0.0,25.0,1998.0,2024.0,,,,,,,,,,,,
h2,H2,H2c,"log(naissances+0,5 / 1 000 f. 25-29)","municipios avec covariables, bascule 4G ≥ 50 %",did2s,-6,-0.006620016901746983,0.00915751913914669,-0.024568424602210735,0.01132839079871677,0.46973821602132104,907,24489,False," ; fenêtre 1998-2024 ; 842 traitées, 65 jamais traitées sur la fenêtre ; 25 unités incomplètes exclues ; covariables invariantes dans le temps absorbées par les effets fixes unité : share_cab, log_pop, share_edu_sup, pretrend_1014 ; cellules −8 et +8 bornées",event,65.0,842.0,0.0,25.0,1998.0,2024.0,,,,,,,,,,,,
h2,H2,H2c,"log(naissances+0,5 / 1 000 f. 25-29)","municipios avec covariables, bascule 4G ≥ 50 %",did2s,-5,0.007602034310423784,0.00944393610385765,-0.01090774032543473,0.0261118089462823,0.4208401043098724,907,24489,False," ; fenêtre 1998-2024 ; 842 traitées, 65 jamais traitées sur la fenêtre ; 25 unités incomplètes exclues ; covariables invariantes dans le temps absorbées par les effets fixes unité : share_cab, log_pop, share_edu_sup, pretrend_1014 ; cellules −8 et +8 bornées",event,65.0,842.0,0.0,25.0,1998.0,2024.0,,,,,,,,,,,,
h2,H2,H2c,"log(naissances+0,5 / 1 000 f. 25-29)","municipios avec covariables, bascule 4G ≥ 50 %",did2s,-4,0.0009700482287140804,0.010196032835738318,-0.01901380891452082,0.02095390537194898,0.9242038086715987,907,24489,False," ; fenêtre 1998-2024 ; 842 traitées, 65 jamais traitées sur la fenêtre ; 25 unités incomplètes exclues ; covariables invariantes dans le temps absorbées par les effets fixes unité : share_cab, log_pop, share_edu_sup, pretrend_1014 ; cellules −8 et +8 bornées",event,65.0,842.0,0.0,25.0,1998.0,2024.0,,,,,,,,,,,,
h2,H2,H2c,"log(naissances+0,5 / 1 000 f. 25-29)","municipios avec covariables, bascule 4G ≥ 50 %",did2s,-3,-0.007433156303687543,0.009822483905243701,-0.02668487099668954,0.011818558389314452,0.449200165190738,907,24489,False," ; fenêtre 1998-2024 ; 842 traitées, 65 jamais traitées sur la fenêtre ; 25 unités incomplètes exclues ; covariables invariantes dans le temps absorbées par les effets fixes unité : share_cab, log_pop, share_edu_sup, pretrend_1014 ; cellules −8 et +8 bornées",event,65.0,842.0,0.0,25.0,1998.0,2024.0,,,,,,,,,,,,
h2,H2,H2c,"log(naissances+0,5 / 1 000 f. 25-29)","municipios avec covariables, bascule 4G ≥ 50 %",did2s,-2,-0.015297903514739808,0.009839640550728581,-0.034583244614987685,0.0039874375855080725,0.12001234406919266,907,24489,False," ; fenêtre 1998-2024 ; 842 traitées, 65 jamais traitées sur la fenêtre ; 25 unités incomplètes exclues ; covariables invariantes dans le temps absorbées par les effets fixes unité : share_cab, log_pop, share_edu_sup, pretrend_1014 ; cellules −8 et +8 bornées",event,65.0,842.0,0.0,25.0,1998.0,2024.0,,,,,,,,,,,,
h2,H2,H2c,"log(naissances+0,5 / 1 000 f. 25-29)","municipios avec covariables, bascule 4G ≥ 50 %",did2s,0,-0.02317209657290184,0.018618826124335665,-0.059664325211013225,0.013320132065209545,0.2132964879024506,907,24489,False," ; fenêtre 1998-2024 ; 842 traitées, 65 jamais traitées sur la fenêtre ; 25 unités incomplètes exclues ; covariables invariantes dans le temps absorbées par les effets fixes unité : share_cab, log_pop, share_edu_sup, pretrend_1014 ; cellules −8 et +8 bornées",event,65.0,842.0,0.0,25.0,1998.0,2024.0,,,,,,,,,,,,
h2,H2,H2c,"log(naissances+0,5 / 1 000 f. 25-29)","municipios avec covariables, bascule 4G ≥ 50 %",did2s,1,-0.050862391559424645,0.024049435207969896,-0.09799841841557519,-0.0037263647032741085,0.03443761680185259,907,24489,False," ; fenêtre 1998-2024 ; 842 traitées, 65 jamais traitées sur la fenêtre ; 25 unités incomplètes exclues ; covariables invariantes dans le temps absorbées par les effets fixes unité : share_cab, log_pop, share_edu_sup, pretrend_1014 ; cellules −8 et +8 bornées",event,65.0,842.0,0.0,25.0,1998.0,2024.0,,,,,,,,,,,,
h2,H2,H2c,"log(naissances+0,5 / 1 000 f. 25-29)","municipios avec covariables, bascule 4G ≥ 50 %",did2s,2,-0.02096369987796498,0.03063073138551783,-0.0809988302137006,0.03907143045777064,0.49372205300944927,907,24489,False," ; fenêtre 1998-2024 ; 842 traitées, 65 jamais traitées sur la fenêtre ; 25 unités incomplètes exclues ; covariables invariantes dans le temps absorbées par les effets fixes unité : share_cab, log_pop, share_edu_sup, pretrend_1014 ; cellules −8 et +8 bornées",event,65.0,842.0,0.0,25.0,1998.0,2024.0,,,,,,,,,,,,
h2,H2,H2c,"log(naissances+0,5 / 1 000 f. 25-29)","municipios avec covariables, bascule 4G ≥ 50 %",did2s,3,-0.042922158311841783,0.034395119364530824,-0.1103353535102784,0.024491036886594826,0.21206247510045473,907,24489,False," ; fenêtre 1998-2024 ; 842 traitées, 65 jamais traitées sur la fenêtre ; 25 unités incomplètes exclues ; covariables invariantes dans le temps absorbées par les effets fixes unité : share_cab, log_pop, share_edu_sup, pretrend_1014 ; cellules −8 et +8 bornées",event,65.0,842.0,0.0,25.0,1998.0,2024.0,,,,,,,,,,,,
h2,H2,H2c,"log(naissances+0,5 / 1 000 f. 25-29)","municipios avec covariables, bascule 4G ≥ 50 %",did2s,4,-0.07859145429386574,0.03677173285631128,-0.15066272634136402,-0.0065201822463674675,0.03257530172492785,907,24489,False," ; fenêtre 1998-2024 ; 842 traitées, 65 jamais traitées sur la fenêtre ; 25 unités incomplètes exclues ; covariables invariantes dans le temps absorbées par les effets fixes unité : share_cab, log_pop, share_edu_sup, pretrend_1014 ; cellules −8 et +8 bornées",event,65.0,842.0,0.0,25.0,1998.0,2024.0,,,,,,,,,,,,
h2,H2,H2c,"log(naissances+0,5 / 1 000 f. 25-29)","municipios avec covariables, bascule 4G ≥ 50 %",did2s,5,-0.05334370240313714,0.04157976081817464,-0.13483853609254914,0.028151131286274847,0.199518456424294,907,24489,False," ; fenêtre 1998-2024 ; 842 traitées, 65 jamais traitées sur la fenêtre ; 25 unités incomplètes exclues ; covariables invariantes dans le temps absorbées par les effets fixes unité : share_cab, log_pop, share_edu_sup, pretrend_1014 ; cellules −8 et +8 bornées",event,65.0,842.0,0.0,25.0,1998.0,2024.0,,,,,,,,,,,,
h2,H2,H2c,"log(naissances+0,5 / 1 000 f. 25-29)","municipios avec covariables, bascule 4G ≥ 50 %",did2s,6,-0.07187276385955649,0.046740568384453084,-0.163482594510016,0.01973706679090305,0.1241230730023992,907,24489,False," ; fenêtre 1998-2024 ; 842 traitées, 65 jamais traitées sur la fenêtre ; 25 unités incomplètes exclues ; covariables invariantes dans le temps absorbées par les effets fixes unité : share_cab, log_pop, share_edu_sup, pretrend_1014 ; cellules −8 et +8 bornées",event,65.0,842.0,0.0,25.0,1998.0,2024.0,,,,,,,,,,,,
h2,H2,H2c,"log(naissances+0,5 / 1 000 f. 25-29)","municipios avec covariables, bascule 4G ≥ 50 %",did2s,7,-0.08244937114261774,0.05616865141590729,-0.19253790497798073,0.02763916269274526,0.14213425288076895,907,24489,False," ; fenêtre 1998-2024 ; 842 traitées, 65 jamais traitées sur la fenêtre ; 25 unités incomplètes exclues ; covariables invariantes dans le temps absorbées par les effets fixes unité : share_cab, log_pop, share_edu_sup, pretrend_1014 ; cellules −8 et +8 bornées",event,65.0,842.0,0.0,25.0,1998.0,2024.0,,,,,,,,,,,,
h2,H2,H2c,"log(naissances+0,5 / 1 000 f. 25-29)","municipios avec covariables, bascule 4G ≥ 50 %",did2s,8,-0.08106903323704005,0.06829306798583178,-0.2149209868830157,0.052782920408935605,0.23519781000169393,907,24489,False," ; fenêtre 1998-2024 ; 842 traitées, 65 jamais traitées sur la fenêtre ; 25 unités incomplètes exclues ; covariables invariantes dans le temps absorbées par les effets fixes unité : share_cab, log_pop, share_edu_sup, pretrend_1014 ; cellules −8 et +8 bornées",event,65.0,842.0,0.0,25.0,1998.0,2024.0,,,,,,,,,,,,
h2,H2,H2c,"log(naissances+0,5 / 1 000 f. 25-29)","municipios avec covariables, bascule 4G ≥ 50 %",did2s,"ATT[1,5]",-0.04933668128924686,0.03094068686279152,-0.10997931319724984,0.011305950618756111,0.1108113892497251,907,24489,False," ; fenêtre 1998-2024 ; 842 traitées, 65 jamais traitées sur la fenêtre ; 25 unités incomplètes exclues ; covariables invariantes dans le temps absorbées par les effets fixes unité : share_cab, log_pop, share_edu_sup, pretrend_1014 ; écart-type avec covariance complète (w'Vw)",post_avg,65.0,842.0,0.0,25.0,1998.0,2024.0,,,,,,,,,,,,
h2,H2,H2c,"log(naissances+0,5 / 1 000 f. 25-29)","municipios avec covariables, bascule 4G ≥ 50 %",did2s,Wald pré (-8..−2),9.780301228956368,,,,0.20136922005769367,907,24489,False,"test de Wald joint, covariance groupée, df = 7 ; fenêtre 1998-2024 ; 842 traitées, 65 jamais traitées sur la fenêtre ; 25 unités incomplètes exclues",pre_test,65.0,842.0,0.0,25.0,1998.0,2024.0,,,,,,,,,,,7.0,
h2,H2,H2c,"log(naissances+0,5 / 1 000 f. 25-29)","municipios avec covariables, bascule 4G ≥ 50 %",twfe,-8,0.06660747583619961,0.0324036222756951,0.0030975432071973924,0.1301174084652018,0.039825286037880034,907,24489,False," ; fenêtre 1998-2024 ; 842 traitées, 65 jamais traitées sur la fenêtre ; 25 unités incomplètes exclues ; covariables invariantes dans le temps absorbées par les effets fixes unité : share_cab, log_pop, share_edu_sup, pretrend_1014 ; cellules −8 et +8 bornées",event,65.0,842.0,0.0,25.0,1998.0,2024.0,,,,,,,,,,,,
h2,H2,H2c,"log(naissances+0,5 / 1 000 f. 25-29)","municipios avec covariables, bascule 4G ≥ 50 %",twfe,-7,0.05140609089802607,0.026071572370945827,0.00030674803064270617,0.10250543376540944,0.04864048299856621,907,24489,False," ; fenêtre 1998-2024 ; 842 traitées, 65 jamais traitées sur la fenêtre ; 25 unités incomplètes exclues ; covariables invariantes dans le temps absorbées par les effets fixes unité : share_cab, log_pop, share_edu_sup, pretrend_1014 ; cellules −8 et +8 bornées",event,65.0,842.0,0.0,25.0,1998.0,2024.0,,,,,,,,,,,,
h2,H2,H2c,"log(naissances+0,5 / 1 000 f. 25-29)","municipios avec covariables, bascule 4G ≥ 50 %",twfe,-6,0.03649519970735242,0.02346165108711151,-0.009488791441231145,0.08247919085593598,0.11982093413882325,907,24489,False," ; fenêtre 1998-2024 ; 842 traitées, 65 jamais traitées sur la fenêtre ; 25 unités incomplètes exclues ; covariables invariantes dans le temps absorbées par les effets fixes unité : share_cab, log_pop, share_edu_sup, pretrend_1014 ; cellules −8 et +8 bornées",event,65.0,842.0,0.0,25.0,1998.0,2024.0,,,,,,,,,,,,
h2,H2,H2c,"log(naissances+0,5 / 1 000 f. 25-29)","municipios avec covariables, bascule 4G ≥ 50 %",twfe,-5,0.045770199023010945,0.020526904966676484,0.005538204574248681,0.08600219347177321,0.025762967955711168,907,24489,False," ; fenêtre 1998-2024 ; 842 traitées, 65 jamais traitées sur la fenêtre ; 25 unités incomplètes exclues ; covariables invariantes dans le temps absorbées par les effets fixes unité : share_cab, log_pop, share_edu_sup, pretrend_1014 ; cellules −8 et +8 bornées",event,65.0,842.0,0.0,25.0,1998.0,2024.0,,,,,,,,,,,,
h2,H2,H2c,"log(naissances+0,5 / 1 000 f. 25-29)","municipios avec covariables, bascule 4G ≥ 50 %",twfe,-4,0.03240025952441822,0.018943240243599294,-0.004727809103526159,0.0695283281523626,0.08719445359890206,907,24489,False," ; fenêtre 1998-2024 ; 842 traitées, 65 jamais traitées sur la fenêtre ; 25 unités incomplètes exclues ; covariables invariantes dans le temps absorbées par les effets fixes unité : share_cab, log_pop, share_edu_sup, pretrend_1014 ; cellules −8 et +8 bornées",event,65.0,842.0,0.0,25.0,1998.0,2024.0,,,,,,,,,,,,
h2,H2,H2c,"log(naissances+0,5 / 1 000 f. 25-29)","municipios avec covariables, bascule 4G ≥ 50 %",twfe,-3,0.021105067994864175,0.015664996347460755,-0.009597760664110399,0.05180789665383875,0.17789147431545704,907,24489,False," ; fenêtre 1998-2024 ; 842 traitées, 65 jamais traitées sur la fenêtre ; 25 unités incomplètes exclues ; covariables invariantes dans le temps absorbées par les effets fixes unité : share_cab, log_pop, share_edu_sup, pretrend_1014 ; cellules −8 et +8 bornées",event,65.0,842.0,0.0,25.0,1998.0,2024.0,,,,,,,,,,,,
h2,H2,H2c,"log(naissances+0,5 / 1 000 f. 25-29)","municipios avec covariables, bascule 4G ≥ 50 %",twfe,-2,0.006635618267517323,0.014194505316891556,-0.021185100931952434,0.03445633746698708,0.6401579632360441,907,24489,False," ; fenêtre 1998-2024 ; 842 traitées, 65 jamais traitées sur la fenêtre ; 25 unités incomplètes exclues ; covariables invariantes dans le temps absorbées par les effets fixes unité : share_cab, log_pop, share_edu_sup, pretrend_1014 ; cellules −8 et +8 bornées",event,65.0,842.0,0.0,25.0,1998.0,2024.0,,,,,,,,,,,,
h2,H2,H2c,"log(naissances+0,5 / 1 000 f. 25-29)","municipios avec covariables, bascule 4G ≥ 50 %",twfe,0,0.0018587219074145786,0.014422790417923307,-0.026409427868284496,0.030126871683113652,0.8974573931381439,907,24489,False," ; fenêtre 1998-2024 ; 842 traitées, 65 jamais traitées sur la fenêtre ; 25 unités incomplètes exclues ; covariables invariantes dans le temps absorbées par les effets fixes unité : share_cab, log_pop, share_edu_sup, pretrend_1014 ; cellules −8 et +8 bornées",event,65.0,842.0,0.0,25.0,1998.0,2024.0,,,,,,,,,,,,
h2,H2,H2c,"log(naissances+0,5 / 1 000 f. 25-29)","municipios avec covariables, bascule 4G ≥ 50 %",twfe,1,-0.038143782842899265,0.017360683896367492,-0.07217009802676405,-0.004117467659034486,0.028010737722746346,907,24489,False," ; fenêtre 1998-2024 ; 842 traitées, 65 jamais traitées sur la fenêtre ; 25 unités incomplètes exclues ; covariables invariantes dans le temps absorbées par les effets fixes unité : share_cab, log_pop, share_edu_sup, pretrend_1014 ; cellules −8 et +8 bornées",event,65.0,842.0,0.0,25.0,1998.0,2024.0,,,,,,,,,,,,
h2,H2,H2c,"log(naissances+0,5 / 1 000 f. 25-29)","municipios avec covariables, bascule 4G ≥ 50 %",twfe,2,-0.0274205437756743,0.020967518260734844,-0.06851612441190051,0.013675036860551909,0.19095372055237092,907,24489,False," ; fenêtre 1998-2024 ; 842 traitées, 65 jamais traitées sur la fenêtre ; 25 unités incomplètes exclues ; covariables invariantes dans le temps absorbées par les effets fixes unité : share_cab, log_pop, share_edu_sup, pretrend_1014 ; cellules −8 et +8 bornées",event,65.0,842.0,0.0,25.0,1998.0,2024.0,,,,,,,,,,,,
h2,H2,H2c,"log(naissances+0,5 / 1 000 f. 25-29)","municipios avec covariables, bascule 4G ≥ 50 %",twfe,3,-0.050927803285170936,0.024758065010136363,-0.0994527190319395,-0.0024028875384023776,0.03968442485776747,907,24489,False," ; fenêtre 1998-2024 ; 842 traitées, 65 jamais traitées sur la fenêtre ; 25 unités incomplètes exclues ; covariables invariantes dans le temps absorbées par les effets fixes unité : share_cab, log_pop, share_edu_sup, pretrend_1014 ; cellules −8 et +8 bornées",event,65.0,842.0,0.0,25.0,1998.0,2024.0,,,,,,,,,,,,
h2,H2,H2c,"log(naissances+0,5 / 1 000 f. 25-29)","municipios avec covariables, bascule 4G ≥ 50 %",twfe,4,-0.07806101129886972,0.029834018854125493,-0.13653461376704462,-0.01958740883069482,0.00888337392999701,907,24489,False," ; fenêtre 1998-2024 ; 842 traitées, 65 jamais traitées sur la fenêtre ; 25 unités incomplètes exclues ; covariables invariantes dans le temps absorbées par les effets fixes unité : share_cab, log_pop, share_edu_sup, pretrend_1014 ; cellules −8 et +8 bornées",event,65.0,842.0,0.0,25.0,1998.0,2024.0,,,,,,,,,,,,
h2,H2,H2c,"log(naissances+0,5 / 1 000 f. 25-29)","municipios avec covariables, bascule 4G ≥ 50 %",twfe,5,-0.06855693151011351,0.033677746191480666,-0.1345641011258966,-0.0025497618943304268,0.041783044253473484,907,24489,False," ; fenêtre 1998-2024 ; 842 traitées, 65 jamais traitées sur la fenêtre ; 25 unités incomplètes exclues ; covariables invariantes dans le temps absorbées par les effets fixes unité : share_cab, log_pop, share_edu_sup, pretrend_1014 ; cellules −8 et +8 bornées",event,65.0,842.0,0.0,25.0,1998.0,2024.0,,,,,,,,,,,,
h2,H2,H2c,"log(naissances+0,5 / 1 000 f. 25-29)","municipios avec covariables, bascule 4G ≥ 50 %",twfe,6,-0.1026200448574489,0.03871990329527665,-0.1785096608010649,-0.0267304289138329,0.00804161134713871,907,24489,False," ; fenêtre 1998-2024 ; 842 traitées, 65 jamais traitées sur la fenêtre ; 25 unités incomplètes exclues ; covariables invariantes dans le temps absorbées par les effets fixes unité : share_cab, log_pop, share_edu_sup, pretrend_1014 ; cellules −8 et +8 bornées",event,65.0,842.0,0.0,25.0,1998.0,2024.0,,,,,,,,,,,,
h2,H2,H2c,"log(naissances+0,5 / 1 000 f. 25-29)","municipios avec covariables, bascule 4G ≥ 50 %",twfe,7,-0.13154032794818338,0.04351482344279289,-0.21682781468967666,-0.046252841206690085,0.0025037697392222016,907,24489,False," ; fenêtre 1998-2024 ; 842 traitées, 65 jamais traitées sur la fenêtre ; 25 unités incomplètes exclues ; covariables invariantes dans le temps absorbées par les effets fixes unité : share_cab, log_pop, share_edu_sup, pretrend_1014 ; cellules −8 et +8 bornées",event,65.0,842.0,0.0,25.0,1998.0,2024.0,,,,,,,,,,,,
h2,H2,H2c,"log(naissances+0,5 / 1 000 f. 25-29)","municipios avec covariables, bascule 4G ≥ 50 %",twfe,8,-0.11047491868381204,0.05530681052818265,-0.2188742754188307,-0.002075561948793367,0.04577174870173671,907,24489,False," ; fenêtre 1998-2024 ; 842 traitées, 65 jamais traitées sur la fenêtre ; 25 unités incomplètes exclues ; covariables invariantes dans le temps absorbées par les effets fixes unité : share_cab, log_pop, share_edu_sup, pretrend_1014 ; cellules −8 et +8 bornées",event,65.0,842.0,0.0,25.0,1998.0,2024.0,,,,,,,,,,,,
h2,H2,H2c,"log(naissances+0,5 / 1 000 f. 25-29)","municipios avec covariables, bascule 4G ≥ 50 %",twfe,"ATT[1,5]",-0.05262201454254555,0.022763205700427336,-0.09723707788805999,-0.008006951197031119,0.020793465742280567,907,24489,False," ; fenêtre 1998-2024 ; 842 traitées, 65 jamais traitées sur la fenêtre ; 25 unités incomplètes exclues ; covariables invariantes dans le temps absorbées par les effets fixes unité : share_cab, log_pop, share_edu_sup, pretrend_1014 ; écart-type avec covariance complète (w'Vw)",post_avg,65.0,842.0,0.0,25.0,1998.0,2024.0,,,,,,,,,,,,
h2,H2,H2c,"log(naissances+0,5 / 1 000 f. 25-29)","municipios avec covariables, bascule 4G ≥ 50 %",twfe,Wald pré (-8..−2),6.486308222758886,,,,0.4842453076595773,907,24489,False,"test de Wald joint, covariance groupée, df = 7 ; fenêtre 1998-2024 ; 842 traitées, 65 jamais traitées sur la fenêtre ; 25 unités incomplètes exclues",pre_test,65.0,842.0,0.0,25.0,1998.0,2024.0,,,,,,,,,,,7.0,
h2,H2,H2c,"log(naissances+0,5 / 1 000 f. 25-29)","municipios avec covariables, bascule 4G ≥ 50 %",twfe,ATT,-0.04007592475588826,0.017469843266737405,-0.07431618837425313,-0.0058356611375233805,0.02179015580146615,907,24489,False," ; fenêtre 1998-2024 ; 842 traitées, 65 jamais traitées sur la fenêtre ; 25 unités incomplètes exclues ; covariables invariantes dans le temps absorbées par les effets fixes unité : share_cab, log_pop, share_edu_sup, pretrend_1014",static,65.0,842.0,0.0,25.0,1998.0,2024.0,,,,,,,,,,,,
h2,H2,H2c,"log(naissances+0,5 / 1 000 f. 25-29)","municipios avec covariables, bascule 4G ≥ 50 %",twfe_poisson,ATT (log du taux contrefactuel),-0.012985699198800313,0.02025330063155767,-0.052681439004715676,0.02671004060711505,0.5214157530172912,907,24489,False," ; fenêtre 1998-2024 ; 842 traitées, 65 jamais traitées sur la fenêtre ; 25 unités incomplètes exclues ; covariables invariantes dans le temps absorbées par les effets fixes unité : share_cab, log_pop, share_edu_sup, pretrend_1014 ; Poisson à effets fixes, offset = log(women)",static,65.0,842.0,0.0,25.0,1998.0,2024.0,,,,,,,,,,,,
h2,H2,H2c,"log(naissances+0,5 / 1 000 f. 25-29)","municipios avec covariables, bascule 4G ≥ 50 %",twfe_poisson,ATT en % du taux contrefactuel,-1.2901748784793887,1.9991997634746403,-5.131782280762687,2.706995132526613,0.5214157530172912,907,24489,False," ; fenêtre 1998-2024 ; 842 traitées, 65 jamais traitées sur la fenêtre ; 25 unités incomplètes exclues ; covariables invariantes dans le temps absorbées par les effets fixes unité : share_cab, log_pop, share_edu_sup, pretrend_1014 ; Poisson à effets fixes, offset = log(women)",static,65.0,842.0,0.0,25.0,1998.0,2024.0,,,,,,,,,,,,
h2,H2,H2c,"log(naissances+0,5 / 1 000 f. 30-34)","municipios avec covariables, bascule 4G ≥ 50 %",cs,-8,-0.014126815814343987,0.02652621466821568,-0.06611724121022482,0.037863609581536846,0.5943378078445165,907,24489,False," ; covariables : share_cab, log_pop, share_edu_sup, pretrend_1014 (doublement robuste) ; contrôle = not_yet_treated ; fenêtre 1998-2024 ; 842 traitées, 65 jamais traitées sur la fenêtre ; 25 unités incomplètes exclues",event,65.0,842.0,0.0,25.0,1998.0,2024.0,1998.0,2024.0,907.0,5.0,dr,8.0,842.0,,,,,
h2,H2,H2c,"log(naissances+0,5 / 1 000 f. 30-34)","municipios avec covariables, bascule 4G ≥ 50 %",cs,-7,-0.06120981223322601,0.02796145070873194,-0.11601324857783257,-0.006406375888619441,0.02859113060771504,907,24489,False," ; covariables : share_cab, log_pop, share_edu_sup, pretrend_1014 (doublement robuste) ; contrôle = not_yet_treated ; fenêtre 1998-2024 ; 842 traitées, 65 jamais traitées sur la fenêtre ; 25 unités incomplètes exclues",event,65.0,842.0,0.0,25.0,1998.0,2024.0,1998.0,2024.0,907.0,5.0,dr,8.0,842.0,,,,,
h2,H2,H2c,"log(naissances+0,5 / 1 000 f. 30-34)","municipios avec covariables, bascule 4G ≥ 50 %",cs,-6,-0.0630230727780792,0.023452101733834278,-0.10898834753816374,-0.01705779801799466,0.007203001995052648,907,24489,False," ; covariables : share_cab, log_pop, share_edu_sup, pretrend_1014 (doublement robuste) ; contrôle = not_yet_treated ; fenêtre 1998-2024 ; 842 traitées, 65 jamais traitées sur la fenêtre ; 25 unités incomplètes exclues",event,65.0,842.0,0.0,25.0,1998.0,2024.0,1998.0,2024.0,907.0,5.0,dr,8.0,842.0,,,,,
h2,H2,H2c,"log(naissances+0,5 / 1 000 f. 30-34)","municipios avec covariables, bascule 4G ≥ 50 %",cs,-5,-0.059387877635514064,0.029964072401995712,-0.11811638037357625,-0.0006593748974518809,0.047482654226170276,907,24489,False," ; covariables : share_cab, log_pop, share_edu_sup, pretrend_1014 (doublement robuste) ; contrôle = not_yet_treated ; fenêtre 1998-2024 ; 842 traitées, 65 jamais traitées sur la fenêtre ; 25 unités incomplètes exclues",event,65.0,842.0,0.0,25.0,1998.0,2024.0,1998.0,2024.0,907.0,5.0,dr,8.0,842.0,,,,,
h2,H2,H2c,"log(naissances+0,5 / 1 000 f. 30-34)","municipios avec covariables, bascule 4G ≥ 50 %",cs,-4,-0.049948316877012955,0.03164856798231738,-0.11197837028462251,0.012081736530596604,0.11451570176606436,907,24489,False," ; covariables : share_cab, log_pop, share_edu_sup, pretrend_1014 (doublement robuste) ; contrôle = not_yet_treated ; fenêtre 1998-2024 ; 842 traitées, 65 jamais traitées sur la fenêtre ; 25 unités incomplètes exclues",event,65.0,842.0,0.0,25.0,1998.0,2024.0,1998.0,2024.0,907.0,5.0,dr,8.0,842.0,,,,,
h2,H2,H2c,"log(naissances+0,5 / 1 000 f. 30-34)","municipios avec covariables, bascule 4G ≥ 50 %",cs,-3,-0.011974605694888275,0.0228548875414519,-0.05676936214684718,0.032820150757070635,0.6003197880020701,907,24489,False," ; covariables : share_cab, log_pop, share_edu_sup, pretrend_1014 (doublement robuste) ; contrôle = not_yet_treated ; fenêtre 1998-2024 ; 842 traitées, 65 jamais traitées sur la fenêtre ; 25 unités incomplètes exclues",event,65.0,842.0,0.0,25.0,1998.0,2024.0,1998.0,2024.0,907.0,5.0,dr,8.0,842.0,,,,,
h2,H2,H2c,"log(naissances+0,5 / 1 000 f. 30-34)","municipios avec covariables, bascule 4G ≥ 50 %",cs,-2,-0.0440189734389886,0.0237868064953093,-0.09064025747701826,0.0026023105990410564,0.06423251064531774,907,24489,False," ; covariables : share_cab, log_pop, share_edu_sup, pretrend_1014 (doublement robuste) ; contrôle = not_yet_treated ; fenêtre 1998-2024 ; 842 traitées, 65 jamais traitées sur la fenêtre ; 25 unités incomplètes exclues",event,65.0,842.0,0.0,25.0,1998.0,2024.0,1998.0,2024.0,907.0,5.0,dr,8.0,842.0,,,,,
h2,H2,H2c,"log(naissances+0,5 / 1 000 f. 30-34)","municipios avec covariables, bascule 4G ≥ 50 %",cs,0,-0.06699672518915323,0.02384779230755768,-0.11373753922275763,-0.020255911155548825,0.004964209950327011,907,24489,False," ; covariables : share_cab, log_pop, share_edu_sup, pretrend_1014 (doublement robuste) ; contrôle = not_yet_treated ; fenêtre 1998-2024 ; 842 traitées, 65 jamais traitées sur la fenêtre ; 25 unités incomplètes exclues",event,65.0,842.0,0.0,25.0,1998.0,2024.0,1998.0,2024.0,907.0,5.0,dr,8.0,842.0,,,,,
h2,H2,H2c,"log(naissances+0,5 / 1 000 f. 30-34)","municipios avec covariables, bascule 4G ≥ 50 %",cs,1,-0.09102538067666999,0.036297344028264046,-0.16216686770652752,-0.01988389364681245,0.012149581343596404,907,24489,False," ; covariables : share_cab, log_pop, share_edu_sup, pretrend_1014 (doublement robuste) ; contrôle = not_yet_treated ; fenêtre 1998-2024 ; 842 traitées, 65 jamais traitées sur la fenêtre ; 25 unités incomplètes exclues",event,65.0,842.0,0.0,25.0,1998.0,2024.0,1998.0,2024.0,907.0,5.0,dr,8.0,842.0,,,,,
h2,H2,H2c,"log(naissances+0,5 / 1 000 f. 30-34)","municipios avec covariables, bascule 4G ≥ 50 %",cs,2,-0.12682943665624435,0.041292024762843264,-0.2077603180401532,-0.045898555272335495,0.002129691878701536,907,24489,False," ; covariables : share_cab, log_pop, share_edu_sup, pretrend_1014 (doublement robuste) ; contrôle = not_yet_treated ; fenêtre 1998-2024 ; 842 traitées, 65 jamais traitées sur la fenêtre ; 25 unités incomplètes exclues",event,65.0,842.0,0.0,25.0,1998.0,2024.0,1998.0,2024.0,907.0,5.0,dr,7.0,797.0,,,,,
h2,H2,H2c,"log(naissances+0,5 / 1 000 f. 30-34)","municipios avec covariables, bascule 4G ≥ 50 %",cs,3,-0.11956940875495345,0.050159622838517,-0.21788046299655953,-0.02125835451334737,0.017135933092932217,907,24489,False," ; covariables : share_cab, log_pop, share_edu_sup, pretrend_1014 (doublement robuste) ; contrôle = not_yet_treated ; fenêtre 1998-2024 ; 842 traitées, 65 jamais traitées sur la fenêtre ; 25 unités incomplètes exclues",event,65.0,842.0,0.0,25.0,1998.0,2024.0,1998.0,2024.0,907.0,5.0,dr,6.0,754.0,,,,,
h2,H2,H2c,"log(naissances+0,5 / 1 000 f. 30-34)","municipios avec covariables, bascule 4G ≥ 50 %",cs,4,-0.044683248533218825,0.061046951203917815,-0.16433307425887184,0.07496657719243419,0.46419976033398735,907,24489,False," ; covariables : share_cab, log_pop, share_edu_sup, pretrend_1014 (doublement robuste) ; contrôle = not_yet_treated ; fenêtre 1998-2024 ; 842 traitées, 65 jamais traitées sur la fenêtre ; 25 unités incomplètes exclues",event,65.0,842.0,0.0,25.0,1998.0,2024.0,1998.0,2024.0,907.0,5.0,dr,5.0,534.0,,,,,
h2,H2,H2c,"log(naissances+0,5 / 1 000 f. 30-34)","municipios avec covariables, bascule 4G ≥ 50 %",cs,5,-0.04337896341040133,0.09823659517902873,-0.23591915192513874,0.1491612251043361,0.6587957547672466,907,24489,False," ; covariables : share_cab, log_pop, share_edu_sup, pretrend_1014 (doublement robuste) ; contrôle = not_yet_treated ; fenêtre 1998-2024 ; 842 traitées, 65 jamais traitées sur la fenêtre ; 25 unités incomplètes exclues",event,65.0,842.0,0.0,25.0,1998.0,2024.0,1998.0,2024.0,907.0,5.0,dr,4.0,367.0,,,,,
h2,H2,H2c,"log(naissances+0,5 / 1 000 f. 30-34)","municipios avec covariables, bascule 4G ≥ 50 %",cs,6,-0.041279326970206476,0.15704141260583437,-0.3490748397589363,0.2665161858185233,0.792661328366068,907,24489,False," ; covariables : share_cab, log_pop, share_edu_sup, pretrend_1014 (doublement robuste) ; contrôle = not_yet_treated ; fenêtre 1998-2024 ; 842 traitées, 65 jamais traitées sur la fenêtre ; 25 unités incomplètes exclues",event,65.0,842.0,0.0,25.0,1998.0,2024.0,1998.0,2024.0,907.0,5.0,dr,3.0,277.0,,,,,
h2,H2,H2c,"log(naissances+0,5 / 1 000 f. 30-34)","municipios avec covariables, bascule 4G ≥ 50 %",cs,7,-0.07045842339044842,0.2222107902189138,-0.5059835691957048,0.365066722414808,0.7511834942153158,907,24489,False," ; covariables : share_cab, log_pop, share_edu_sup, pretrend_1014 (doublement robuste) ; contrôle = not_yet_treated ; fenêtre 1998-2024 ; 842 traitées, 65 jamais traitées sur la fenêtre ; 25 unités incomplètes exclues",event,65.0,842.0,0.0,25.0,1998.0,2024.0,1998.0,2024.0,907.0,5.0,dr,2.0,173.0,,,,,
h2,H2,H2c,"log(naissances+0,5 / 1 000 f. 30-34)","municipios avec covariables, bascule 4G ≥ 50 %",cs,8,-0.037478261836080266,0.29151670045263034,-0.608840495615187,0.5338839719430265,0.8977034442503294,907,24489,False," ; covariables : share_cab, log_pop, share_edu_sup, pretrend_1014 (doublement robuste) ; contrôle = not_yet_treated ; fenêtre 1998-2024 ; 842 traitées, 65 jamais traitées sur la fenêtre ; 25 unités incomplètes exclues",event,65.0,842.0,0.0,25.0,1998.0,2024.0,1998.0,2024.0,907.0,5.0,dr,1.0,93.0,,,,,
h2,H2,H2c,"log(naissances+0,5 / 1 000 f. 30-34)","municipios avec covariables, bascule 4G ≥ 50 %",cs,"ATT[1,5]",-0.08509728760629759,0.0416814969228234,-0.16679152039674855,-0.003403054815846643,0.041190407210460495,907,24489,False," ; covariables : share_cab, log_pop, share_edu_sup, pretrend_1014 (doublement robuste) ; contrôle = not_yet_treated ; fenêtre 1998-2024 ; 842 traitées, 65 jamais traitées sur la fenêtre ; 25 unités incomplètes exclues ; écart-type avec covariance complète des coefficients (fonctions d'influence)",post_avg,65.0,842.0,0.0,25.0,1998.0,2024.0,1998.0,2024.0,907.0,5.0,dr,,,,,5.0,,
h2,H2,H2c,"log(naissances+0,5 / 1 000 f. 30-34)","municipios avec covariables, bascule 4G ≥ 50 %",cs,ATT,-0.08360399696766212,0.03935118029658965,-0.16073089309812003,-0.006477100837204208,0.03362323128646703,907,24489,False," ; covariables : share_cab, log_pop, share_edu_sup, pretrend_1014 (doublement robuste) ; contrôle = not_yet_treated ; fenêtre 1998-2024 ; 842 traitées, 65 jamais traitées sur la fenêtre ; 25 unités incomplètes exclues ; moyenne de tous les ATT(g,t) post",simple,65.0,842.0,0.0,25.0,1998.0,2024.0,1998.0,2024.0,907.0,5.0,dr,,,,,,,
h2,H2,H2c,"log(naissances+0,5 / 1 000 f. 30-34)","municipios avec covariables, bascule 4G ≥ 50 %",cs,Wald pré (-8..-2),9.028071738617925,,,,0.2506468908961103,907,24489,False,"H5c : test de Wald joint de nullité des coefficients pré avec covariance des fonctions d'influence, df = 7 ; fenêtre 1998-2024 ; 842 traitées, 65 jamais traitées sur la fenêtre ; 25 unités incomplètes exclues",pre_test,65.0,842.0,0.0,25.0,1998.0,2024.0,1998.0,2024.0,907.0,5.0,dr,,,,,,7.0,
h2,H2,H2c,"log(naissances+0,5 / 1 000 f. 30-34)","municipios avec covariables, bascule 4G ≥ 50 %",sunab,-8,0.02939692887516143,0.04398782985398622,-0.05681763339672735,0.11561149114705022,0.5039441128609676,907,24489,False," ; fenêtre 1998-2024 ; 842 traitées, 65 jamais traitées sur la fenêtre ; 25 unités incomplètes exclues ; covariables invariantes dans le temps absorbées par les effets fixes unité : share_cab, log_pop, share_edu_sup, pretrend_1014 ; cellules −8 et +8 bornées",event,65.0,842.0,0.0,25.0,1998.0,2024.0,,,,,,,,,,,,
h2,H2,H2c,"log(naissances+0,5 / 1 000 f. 30-34)","municipios avec covariables, bascule 4G ≥ 50 %",sunab,-7,-0.0009169539915948547,0.0392821412919842,-0.0779085361594976,0.07607462817630788,0.9813768554241822,907,24489,False," ; fenêtre 1998-2024 ; 842 traitées, 65 jamais traitées sur la fenêtre ; 25 unités incomplètes exclues ; covariables invariantes dans le temps absorbées par les effets fixes unité : share_cab, log_pop, share_edu_sup, pretrend_1014 ; cellules −8 et +8 bornées",event,65.0,842.0,0.0,25.0,1998.0,2024.0,,,,,,,,,,,,
h2,H2,H2c,"log(naissances+0,5 / 1 000 f. 30-34)","municipios avec covariables, bascule 4G ≥ 50 %",sunab,-6,-0.028557354364493533,0.03529460097295306,-0.09773350112019388,0.04061879239120681,0.41844959905859047,907,24489,False," ; fenêtre 1998-2024 ; 842 traitées, 65 jamais traitées sur la fenêtre ; 25 unités incomplètes exclues ; covariables invariantes dans le temps absorbées par les effets fixes unité : share_cab, log_pop, share_edu_sup, pretrend_1014 ; cellules −8 et +8 bornées",event,65.0,842.0,0.0,25.0,1998.0,2024.0,,,,,,,,,,,,
h2,H2,H2c,"log(naissances+0,5 / 1 000 f. 30-34)","municipios avec covariables, bascule 4G ≥ 50 %",sunab,-5,-0.023276977982520194,0.03085515224933178,-0.08375196512871053,0.03719800916367014,0.45061196793583025,907,24489,False," ; fenêtre 1998-2024 ; 842 traitées, 65 jamais traitées sur la fenêtre ; 25 unités incomplètes exclues ; covariables invariantes dans le temps absorbées par les effets fixes unité : share_cab, log_pop, share_edu_sup, pretrend_1014 ; cellules −8 et +8 bornées",event,65.0,842.0,0.0,25.0,1998.0,2024.0,,,,,,,,,,,,
h2,H2,H2c,"log(naissances+0,5 / 1 000 f. 30-34)","municipios avec covariables, bascule 4G ≥ 50 %",sunab,-4,-0.01896102251192132,0.024823277498765093,-0.06761375238774442,0.02969170736390178,0.4449623509787527,907,24489,False," ; fenêtre 1998-2024 ; 842 traitées, 65 jamais traitées sur la fenêtre ; 25 unités incomplètes exclues ; covariables invariantes dans le temps absorbées par les effets fixes unité : share_cab, log_pop, share_edu_sup, pretrend_1014 ; cellules −8 et +8 bornées",event,65.0,842.0,0.0,25.0,1998.0,2024.0,,,,,,,,,,,,
h2,H2,H2c,"log(naissances+0,5 / 1 000 f. 30-34)","municipios avec covariables, bascule 4G ≥ 50 %",sunab,-3,-0.003614901787509968,0.021489963433956975,-0.04573445614714835,0.03850465257212841,0.8664153272760158,907,24489,False," ; fenêtre 1998-2024 ; 842 traitées, 65 jamais traitées sur la fenêtre ; 25 unités incomplètes exclues ; covariables invariantes dans le temps absorbées par les effets fixes unité : share_cab, log_pop, share_edu_sup, pretrend_1014 ; cellules −8 et +8 bornées",event,65.0,842.0,0.0,25.0,1998.0,2024.0,,,,,,,,,,,,
h2,H2,H2c,"log(naissances+0,5 / 1 000 f. 30-34)","municipios avec covariables, bascule 4G ≥ 50 %",sunab,-2,-0.04508485760308476,0.01993277788845449,-0.08415238437629191,-0.006017330829877619,0.023706970309738548,907,24489,False," ; fenêtre 1998-2024 ; 842 traitées, 65 jamais traitées sur la fenêtre ; 25 unités incomplètes exclues ; covariables invariantes dans le temps absorbées par les effets fixes unité : share_cab, log_pop, share_edu_sup, pretrend_1014 ; cellules −8 et +8 bornées",event,65.0,842.0,0.0,25.0,1998.0,2024.0,,,,,,,,,,,,
h2,H2,H2c,"log(naissances+0,5 / 1 000 f. 30-34)","municipios avec covariables, bascule 4G ≥ 50 %",sunab,0,-0.02497844794765921,0.019309111578194517,-0.06282361121438582,0.012866715319067405,0.19580037920531368,907,24489,False," ; fenêtre 1998-2024 ; 842 traitées, 65 jamais traitées sur la fenêtre ; 25 unités incomplètes exclues ; covariables invariantes dans le temps absorbées par les effets fixes unité : share_cab, log_pop, share_edu_sup, pretrend_1014 ; cellules −8 et +8 bornées",event,65.0,842.0,0.0,25.0,1998.0,2024.0,,,,,,,,,,,,
h2,H2,H2c,"log(naissances+0,5 / 1 000 f. 30-34)","municipios avec covariables, bascule 4G ≥ 50 %",sunab,1,-0.075654431371789,0.022795014322117318,-0.12033183847021366,-0.030977024273364337,0.0009037195831025255,907,24489,False," ; fenêtre 1998-2024 ; 842 traitées, 65 jamais traitées sur la fenêtre ; 25 unités incomplètes exclues ; covariables invariantes dans le temps absorbées par les effets fixes unité : share_cab, log_pop, share_edu_sup, pretrend_1014 ; cellules −8 et +8 bornées",event,65.0,842.0,0.0,25.0,1998.0,2024.0,,,,,,,,,,,,
h2,H2,H2c,"log(naissances+0,5 / 1 000 f. 30-34)","municipios avec covariables, bascule 4G ≥ 50 %",sunab,2,-0.05277961802737593,0.02761153178995503,-0.10689722589367057,0.001337989838918703,0.05593954304523196,907,24489,False," ; fenêtre 1998-2024 ; 842 traitées, 65 jamais traitées sur la fenêtre ; 25 unités incomplètes exclues ; covariables invariantes dans le temps absorbées par les effets fixes unité : share_cab, log_pop, share_edu_sup, pretrend_1014 ; cellules −8 et +8 bornées",event,65.0,842.0,0.0,25.0,1998.0,2024.0,,,,,,,,,,,,
h2,H2,H2c,"log(naissances+0,5 / 1 000 f. 30-34)","municipios avec covariables, bascule 4G ≥ 50 %",sunab,3,-0.07443702787141986,0.029059040658433854,-0.1313917009872353,-0.017482354755604404,0.010419754523598529,907,24489,False," ; fenêtre 1998-2024 ; 842 traitées, 65 jamais traitées sur la fenêtre ; 25 unités incomplètes exclues ; covariables invariantes dans le temps absorbées par les effets fixes unité : share_cab, log_pop, share_edu_sup, pretrend_1014 ; cellules −8 et +8 bornées",event,65.0,842.0,0.0,25.0,1998.0,2024.0,,,,,,,,,,,,
h2,H2,H2c,"log(naissances+0,5 / 1 000 f. 30-34)","municipios avec covariables, bascule 4G ≥ 50 %",sunab,4,-0.03670138900954199,0.03816370807349386,-0.11150088235009045,0.038098104331006466,0.33620886782681103,907,24489,False," ; fenêtre 1998-2024 ; 842 traitées, 65 jamais traitées sur la fenêtre ; 25 unités incomplètes exclues ; covariables invariantes dans le temps absorbées par les effets fixes unité : share_cab, log_pop, share_edu_sup, pretrend_1014 ; cellules −8 et +8 bornées",event,65.0,842.0,0.0,25.0,1998.0,2024.0,,,,,,,,,,,,
h2,H2,H2c,"log(naissances+0,5 / 1 000 f. 30-34)","municipios avec covariables, bascule 4G ≥ 50 %",sunab,5,-0.0769930595886586,0.042880933764566254,-0.16103814539065603,0.007052026213338822,0.07257279942560055,907,24489,False," ; fenêtre 1998-2024 ; 842 traitées, 65 jamais traitées sur la fenêtre ; 25 unités incomplètes exclues ; covariables invariantes dans le temps absorbées par les effets fixes unité : share_cab, log_pop, share_edu_sup, pretrend_1014 ; cellules −8 et +8 bornées",event,65.0,842.0,0.0,25.0,1998.0,2024.0,,,,,,,,,,,,
h2,H2,H2c,"log(naissances+0,5 / 1 000 f. 30-34)","municipios avec covariables, bascule 4G ≥ 50 %",sunab,6,-0.04146960203232336,0.04811927554210076,-0.13578164905699994,0.052842444992353216,0.38879289118459115,907,24489,False," ; fenêtre 1998-2024 ; 842 traitées, 65 jamais traitées sur la fenêtre ; 25 unités incomplètes exclues ; covariables invariantes dans le temps absorbées par les effets fixes unité : share_cab, log_pop, share_edu_sup, pretrend_1014 ; cellules −8 et +8 bornées",event,65.0,842.0,0.0,25.0,1998.0,2024.0,,,,,,,,,,,,
h2,H2,H2c,"log(naissances+0,5 / 1 000 f. 30-34)","municipios avec covariables, bascule 4G ≥ 50 %",sunab,7,-0.013098000696965326,0.05830329146381462,-0.12737035214618356,0.1011743507522529,0.8222493458183326,907,24489,False," ; fenêtre 1998-2024 ; 842 traitées, 65 jamais traitées sur la fenêtre ; 25 unités incomplètes exclues ; covariables invariantes dans le temps absorbées par les effets fixes unité : share_cab, log_pop, share_edu_sup, pretrend_1014 ; cellules −8 et +8 bornées",event,65.0,842.0,0.0,25.0,1998.0,2024.0,,,,,,,,,,,,
h2,H2,H2c,"log(naissances+0,5 / 1 000 f. 30-34)","municipios avec covariables, bascule 4G ≥ 50 %",sunab,8,-0.012675354271903548,0.07611074316198925,-0.16184966970598066,0.13649896116217355,0.8677333398411549,907,24489,False," ; fenêtre 1998-2024 ; 842 traitées, 65 jamais traitées sur la fenêtre ; 25 unités incomplètes exclues ; covariables invariantes dans le temps absorbées par les effets fixes unité : share_cab, log_pop, share_edu_sup, pretrend_1014 ; cellules −8 et +8 bornées",event,65.0,842.0,0.0,25.0,1998.0,2024.0,,,,,,,,,,,,
h2,H2,H2c,"log(naissances+0,5 / 1 000 f. 30-34)","municipios avec covariables, bascule 4G ≥ 50 %",sunab,"ATT[1,5]",-0.06331310517375707,0.02685599305135039,-0.11594988432346179,-0.010676326024052357,0.018398267919767206,907,24489,False," ; fenêtre 1998-2024 ; 842 traitées, 65 jamais traitées sur la fenêtre ; 25 unités incomplètes exclues ; covariables invariantes dans le temps absorbées par les effets fixes unité : share_cab, log_pop, share_edu_sup, pretrend_1014 ; écart-type avec covariance complète (w'Vw)",post_avg,65.0,842.0,0.0,25.0,1998.0,2024.0,,,,,,,,,,,,
h2,H2,H2c,"log(naissances+0,5 / 1 000 f. 30-34)","municipios avec covariables, bascule 4G ≥ 50 %",sunab,Wald pré (-8..−2),15.882470849777052,,,,0.026212084381264357,907,24489,False,"test de Wald joint, covariance groupée, df = 7 ; fenêtre 1998-2024 ; 842 traitées, 65 jamais traitées sur la fenêtre ; 25 unités incomplètes exclues",pre_test,65.0,842.0,0.0,25.0,1998.0,2024.0,,,,,,,,,,,7.0,
h2,H2,H2c,"log(naissances+0,5 / 1 000 f. 30-34)","municipios avec covariables, bascule 4G ≥ 50 %",did2s,-8,0.0045298678785996825,0.0015005307588292795,0.0015888816335997368,0.007470854123599628,0.0025374137413584526,907,24489,False," ; fenêtre 1998-2024 ; 842 traitées, 65 jamais traitées sur la fenêtre ; 25 unités incomplètes exclues ; covariables invariantes dans le temps absorbées par les effets fixes unité : share_cab, log_pop, share_edu_sup, pretrend_1014 ; cellules −8 et +8 bornées",event,65.0,842.0,0.0,25.0,1998.0,2024.0,,,,,,,,,,,,
h2,H2,H2c,"log(naissances+0,5 / 1 000 f. 30-34)","municipios avec covariables, bascule 4G ≥ 50 %",did2s,-7,0.0035557009263480184,0.010325172693208212,-0.01668126568649651,0.023792667539192545,0.7305665028581094,907,24489,False," ; fenêtre 1998-2024 ; 842 traitées, 65 jamais traitées sur la fenêtre ; 25 unités incomplètes exclues ; covariables invariantes dans le temps absorbées par les effets fixes unité : share_cab, log_pop, share_edu_sup, pretrend_1014 ; cellules −8 et +8 bornées",event,65.0,842.0,0.0,25.0,1998.0,2024.0,,,,,,,,,,,,
h2,H2,H2c,"log(naissances+0,5 / 1 000 f. 30-34)","municipios avec covariables, bascule 4G ≥ 50 %",did2s,-6,-0.007080337700404166,0.010468188868860636,-0.027597610866734103,0.013436935465925769,0.4988076515905463,907,24489,False," ; fenêtre 1998-2024 ; 842 traitées, 65 jamais traitées sur la fenêtre ; 25 unités incomplètes exclues ; covariables invariantes dans le temps absorbées par les effets fixes unité : share_cab, log_pop, share_edu_sup, pretrend_1014 ; cellules −8 et +8 bornées",event,65.0,842.0,0.0,25.0,1998.0,2024.0,,,,,,,,,,,,
h2,H2,H2c,"log(naissances+0,5 / 1 000 f. 30-34)","municipios avec covariables, bascule 4G ≥ 50 %",did2s,-5,-0.0101463737896907,0.011767137805957947,-0.033209540090487946,0.012916792511106548,0.3885425165526387,907,24489,False," ; fenêtre 1998-2024 ; 842 traitées, 65 jamais traitées sur la fenêtre ; 25 unités incomplètes exclues ; covariables invariantes dans le temps absorbées par les effets fixes unité : share_cab, log_pop, share_edu_sup, pretrend_1014 ; cellules −8 et +8 bornées",event,65.0,842.0,0.0,25.0,1998.0,2024.0,,,,,,,,,,,,
h2,H2,H2c,"log(naissances+0,5 / 1 000 f. 30-34)","municipios avec covariables, bascule 4G ≥ 50 %",did2s,-4,-0.006384346979543443,0.010057397293783897,-0.026096483453570487,0.013327789494483603,0.5255646239966306,907,24489,False," ; fenêtre 1998-2024 ; 842 traitées, 65 jamais traitées sur la fenêtre ; 25 unités incomplètes exclues ; covariables invariantes dans le temps absorbées par les effets fixes unité : share_cab, log_pop, share_edu_sup, pretrend_1014 ; cellules −8 et +8 bornées",event,65.0,842.0,0.0,25.0,1998.0,2024.0,,,,,,,,,,,,
h2,H2,H2c,"log(naissances+0,5 / 1 000 f. 30-34)","municipios avec covariables, bascule 4G ≥ 50 %",did2s,-3,0.0009344336460225848,0.010415969155256161,-0.01948049076235958,0.02134935805440475,0.9285163680794573,907,24489,False," ; fenêtre 1998-2024 ; 842 traitées, 65 jamais traitées sur la fenêtre ; 25 unités incomplètes exclues ; covariables invariantes dans le temps absorbées par les effets fixes unité : share_cab, log_pop, share_edu_sup, pretrend_1014 ; cellules −8 et +8 bornées",event,65.0,842.0,0.0,25.0,1998.0,2024.0,,,,,,,,,,,,
h2,H2,H2c,"log(naissances+0,5 / 1 000 f. 30-34)","municipios avec covariables, bascule 4G ≥ 50 %",did2s,-2,-0.03362800797710175,0.010871772461655238,-0.05493629045006038,-0.012319725504143116,0.001980449279696096,907,24489,False," ; fenêtre 1998-2024 ; 842 traitées, 65 jamais traitées sur la fenêtre ; 25 unités incomplètes exclues ; covariables invariantes dans le temps absorbées par les effets fixes unité : share_cab, log_pop, share_edu_sup, pretrend_1014 ; cellules −8 et +8 bornées",event,65.0,842.0,0.0,25.0,1998.0,2024.0,,,,,,,,,,,,
h2,H2,H2c,"log(naissances+0,5 / 1 000 f. 30-34)","municipios avec covariables, bascule 4G ≥ 50 %",did2s,0,-0.056245976455369114,0.019049274787209726,-0.09358186896990708,-0.01891008394083115,0.0031505171308056964,907,24489,False," ; fenêtre 1998-2024 ; 842 traitées, 65 jamais traitées sur la fenêtre ; 25 unités incomplètes exclues ; covariables invariantes dans le temps absorbées par les effets fixes unité : share_cab, log_pop, share_edu_sup, pretrend_1014 ; cellules −8 et +8 bornées",event,65.0,842.0,0.0,25.0,1998.0,2024.0,,,,,,,,,,,,
h2,H2,H2c,"log(naissances+0,5 / 1 000 f. 30-34)","municipios avec covariables, bascule 4G ≥ 50 %",did2s,1,-0.09621473763690024,0.022634449854454456,-0.14057744416150883,-0.051852031112291634,2.1299914515897723e-05,907,24489,False," ; fenêtre 1998-2024 ; 842 traitées, 65 jamais traitées sur la fenêtre ; 25 unités incomplètes exclues ; covariables invariantes dans le temps absorbées par les effets fixes unité : share_cab, log_pop, share_edu_sup, pretrend_1014 ; cellules −8 et +8 bornées",event,65.0,842.0,0.0,25.0,1998.0,2024.0,,,,,,,,,,,,
h2,H2,H2c,"log(naissances+0,5 / 1 000 f. 30-34)","municipios avec covariables, bascule 4G ≥ 50 %",did2s,2,-0.07911624822042071,0.02646691248358316,-0.13099044347021727,-0.027242052970624167,0.0027966216385782268,907,24489,False," ; fenêtre 1998-2024 ; 842 traitées, 65 jamais traitées sur la fenêtre ; 25 unités incomplètes exclues ; covariables invariantes dans le temps absorbées par les effets fixes unité : share_cab, log_pop, share_edu_sup, pretrend_1014 ; cellules −8 et +8 bornées",event,65.0,842.0,0.0,25.0,1998.0,2024.0,,,,,,,,,,,,
h2,H2,H2c,"log(naissances+0,5 / 1 000 f. 30-34)","municipios avec covariables, bascule 4G ≥ 50 %",did2s,3,-0.1021737933538802,0.030275428481950594,-0.16151254279502153,-0.042835043912738874,0.0007386689525610579,907,24489,False," ; fenêtre 1998-2024 ; 842 traitées, 65 jamais traitées sur la fenêtre ; 25 unités incomplètes exclues ; covariables invariantes dans le temps absorbées par les effets fixes unité : share_cab, log_pop, share_edu_sup, pretrend_1014 ; cellules −8 et +8 bornées",event,65.0,842.0,0.0,25.0,1998.0,2024.0,,,,,,,,,,,,
h2,H2,H2c,"log(naissances+0,5 / 1 000 f. 30-34)","municipios avec covariables, bascule 4G ≥ 50 %",did2s,4,-0.13855436820767217,0.03355968314336082,-0.20433013850123533,-0.072778597914109,3.649853042609582e-05,907,24489,False," ; fenêtre 1998-2024 ; 842 traitées, 65 jamais traitées sur la fenêtre ; 25 unités incomplètes exclues ; covariables invariantes dans le temps absorbées par les effets fixes unité : share_cab, log_pop, share_edu_sup, pretrend_1014 ; cellules −8 et +8 bornées",event,65.0,842.0,0.0,25.0,1998.0,2024.0,,,,,,,,,,,,
h2,H2,H2c,"log(naissances+0,5 / 1 000 f. 30-34)","municipios avec covariables, bascule 4G ≥ 50 %",did2s,5,-0.1312859859083742,0.037289155518750644,-0.20437138773903846,-0.05820058407770995,0.0004303197875400155,907,24489,False," ; fenêtre 1998-2024 ; 842 traitées, 65 jamais traitées sur la fenêtre ; 25 unités incomplètes exclues ; covariables invariantes dans le temps absorbées par les effets fixes unité : share_cab, log_pop, share_edu_sup, pretrend_1014 ; cellules −8 et +8 bornées",event,65.0,842.0,0.0,25.0,1998.0,2024.0,,,,,,,,,,,,
h2,H2,H2c,"log(naissances+0,5 / 1 000 f. 30-34)","municipios avec covariables, bascule 4G ≥ 50 %",did2s,6,-0.09169509827850461,0.04055235146959998,-0.1711762466473305,-0.012213949909678723,0.023749743009247922,907,24489,False," ; fenêtre 1998-2024 ; 842 traitées, 65 jamais traitées sur la fenêtre ; 25 unités incomplètes exclues ; covariables invariantes dans le temps absorbées par les effets fixes unité : share_cab, log_pop, share_edu_sup, pretrend_1014 ; cellules −8 et +8 bornées",event,65.0,842.0,0.0,25.0,1998.0,2024.0,,,,,,,,,,,,
h2,H2,H2c,"log(naissances+0,5 / 1 000 f. 30-34)","municipios avec covariables, bascule 4G ≥ 50 %",did2s,7,-0.08070305081571084,0.049765999407281866,-0.17824261730862498,0.01683651567720329,0.10487823334997406,907,24489,False," ; fenêtre 1998-2024 ; 842 traitées, 65 jamais traitées sur la fenêtre ; 25 unités incomplètes exclues ; covariables invariantes dans le temps absorbées par les effets fixes unité : share_cab, log_pop, share_edu_sup, pretrend_1014 ; cellules −8 et +8 bornées",event,65.0,842.0,0.0,25.0,1998.0,2024.0,,,,,,,,,,,,
h2,H2,H2c,"log(naissances+0,5 / 1 000 f. 30-34)","municipios avec covariables, bascule 4G ≥ 50 %",did2s,8,-0.10069888710922968,0.06577628638552281,-0.22961803946164666,0.028220265243187312,0.125786705169394,907,24489,False," ; fenêtre 1998-2024 ; 842 traitées, 65 jamais traitées sur la fenêtre ; 25 unités incomplètes exclues ; covariables invariantes dans le temps absorbées par les effets fixes unité : share_cab, log_pop, share_edu_sup, pretrend_1014 ; cellules −8 et +8 bornées",event,65.0,842.0,0.0,25.0,1998.0,2024.0,,,,,,,,,,,,
h2,H2,H2c,"log(naissances+0,5 / 1 000 f. 30-34)","municipios avec covariables, bascule 4G ≥ 50 %",did2s,"ATT[1,5]",-0.10946902666544951,0.026137555161481536,-0.1606976934258823,-0.058240359905016706,2.8118903667239875e-05,907,24489,False," ; fenêtre 1998-2024 ; 842 traitées, 65 jamais traitées sur la fenêtre ; 25 unités incomplètes exclues ; covariables invariantes dans le temps absorbées par les effets fixes unité : share_cab, log_pop, share_edu_sup, pretrend_1014 ; écart-type avec covariance complète (w'Vw)",post_avg,65.0,842.0,0.0,25.0,1998.0,2024.0,,,,,,,,,,,,
h2,H2,H2c,"log(naissances+0,5 / 1 000 f. 30-34)","municipios avec covariables, bascule 4G ≥ 50 %",did2s,Wald pré (-8..−2),15.756020782924756,,,,0.027441298862267028,907,24489,False,"test de Wald joint, covariance groupée, df = 7 ; fenêtre 1998-2024 ; 842 traitées, 65 jamais traitées sur la fenêtre ; 25 unités incomplètes exclues",pre_test,65.0,842.0,0.0,25.0,1998.0,2024.0,,,,,,,,,,,7.0,
h2,H2,H2c,"log(naissances+0,5 / 1 000 f. 30-34)","municipios avec covariables, bascule 4G ≥ 50 %",twfe,-8,0.06622787351041677,0.030437200707776533,0.006572056332957724,0.1258836906878758,0.02956379914201863,907,24489,False," ; fenêtre 1998-2024 ; 842 traitées, 65 jamais traitées sur la fenêtre ; 25 unités incomplètes exclues ; covariables invariantes dans le temps absorbées par les effets fixes unité : share_cab, log_pop, share_edu_sup, pretrend_1014 ; cellules −8 et +8 bornées",event,65.0,842.0,0.0,25.0,1998.0,2024.0,,,,,,,,,,,,
h2,H2,H2c,"log(naissances+0,5 / 1 000 f. 30-34)","municipios avec covariables, bascule 4G ≥ 50 %",twfe,-7,0.04035391623797239,0.025872976141839563,-0.010356185172897235,0.091064017648842,0.11883229672767302,907,24489,False," ; fenêtre 1998-2024 ; 842 traitées, 65 jamais traitées sur la fenêtre ; 25 unités incomplètes exclues ; covariables invariantes dans le temps absorbées par les effets fixes unité : share_cab, log_pop, share_edu_sup, pretrend_1014 ; cellules −8 et +8 bornées",event,65.0,842.0,0.0,25.0,1998.0,2024.0,,,,,,,,,,,,
h2,H2,H2c,"log(naissances+0,5 / 1 000 f. 30-34)","municipios avec covariables, bascule 4G ≥ 50 %",twfe,-6,0.02084284895959993,0.022660796897470643,-0.023571496820419528,0.06525719473961938,0.3576900159412659,907,24489,False," ; fenêtre 1998-2024 ; 842 traitées, 65 jamais traitées sur la fenêtre ; 25 unités incomplètes exclues ; covariables invariantes dans le temps absorbées par les effets fixes unité : share_cab, log_pop, share_edu_sup, pretrend_1014 ; cellules −8 et +8 bornées",event,65.0,842.0,0.0,25.0,1998.0,2024.0,,,,,,,,,,,,
h2,H2,H2c,"log(naissances+0,5 / 1 000 f. 30-34)","municipios avec covariables, bascule 4G ≥ 50 %",twfe,-5,0.008466581524608026,0.022752042951293967,-0.03612660323463655,0.0530597662838526,0.7098005184248548,907,24489,False," ; fenêtre 1998-2024 ; 842 traitées, 65 jamais traitées sur la fenêtre ; 25 unités incomplètes exclues ; covariables invariantes dans le temps absorbées par les effets fixes unité : share_cab, log_pop, share_edu_sup, pretrend_1014 ; cellules −8 et +8 bornées",event,65.0,842.0,0.0,25.0,1998.0,2024.0,,,,,,,,,,,,
h2,H2,H2c,"log(naissances+0,5 / 1 000 f. 30-34)","municipios avec covariables, bascule 4G ≥ 50 %",twfe,-4,0.003715631004405964,0.018953469215265657,-0.03343248603960336,0.04086374804841529,0.8445791511408686,907,24489,False," ; fenêtre 1998-2024 ; 842 traitées, 65 jamais traitées sur la fenêtre ; 25 unités incomplètes exclues ; covariables invariantes dans le temps absorbées par les effets fixes unité : share_cab, log_pop, share_edu_sup, pretrend_1014 ; cellules −8 et +8 bornées",event,65.0,842.0,0.0,25.0,1998.0,2024.0,,,,,,,,,,,,
h2,H2,H2c,"log(naissances+0,5 / 1 000 f. 30-34)","municipios avec covariables, bascule 4G ≥ 50 %",twfe,-3,0.007287668776098008,0.017118502034339417,-0.0262639786804829,0.04083931623267892,0.6703127343873587,907,24489,False," ; fenêtre 1998-2024 ; 842 traitées, 65 jamais traitées sur la fenêtre ; 25 unités incomplètes exclues ; covariables invariantes dans le temps absorbées par les effets fixes unité : share_cab, log_pop, share_edu_sup, pretrend_1014 ; cellules −8 et +8 bornées",event,65.0,842.0,0.0,25.0,1998.0,2024.0,,,,,,,,,,,,
h2,H2,H2c,"log(naissances+0,5 / 1 000 f. 30-34)","municipios avec covariables, bascule 4G ≥ 50 %",twfe,-2,-0.030773889111118006,0.016577202130350722,-0.06326460825104609,0.0017168300288100714,0.06339681325172986,907,24489,False," ; fenêtre 1998-2024 ; 842 traitées, 65 jamais traitées sur la fenêtre ; 25 unités incomplètes exclues ; covariables invariantes dans le temps absorbées par les effets fixes unité : share_cab, log_pop, share_edu_sup, pretrend_1014 ; cellules −8 et +8 bornées",event,65.0,842.0,0.0,25.0,1998.0,2024.0,,,,,,,,,,,,
h2,H2,H2c,"log(naissances+0,5 / 1 000 f. 30-34)","municipios avec covariables, bascule 4G ≥ 50 %",twfe,0,-0.04186199562751116,0.016973753570859288,-0.0751299413088535,-0.008594049946168816,0.013652531452419181,907,24489,False," ; fenêtre 1998-2024 ; 842 traitées, 65 jamais traitées sur la fenêtre ; 25 unités incomplètes exclues ; covariables invariantes dans le temps absorbées par les effets fixes unité : share_cab, log_pop, share_edu_sup, pretrend_1014 ; cellules −8 et +8 bornées",event,65.0,842.0,0.0,25.0,1998.0,2024.0,,,,,,,,,,,,
h2,H2,H2c,"log(naissances+0,5 / 1 000 f. 30-34)","municipios avec covariables, bascule 4G ≥ 50 %",twfe,1,-0.08664147961491034,0.0190666663115221,-0.12401145889073681,-0.04927150033908387,5.516165717908069e-06,907,24489,False," ; fenêtre 1998-2024 ; 842 traitées, 65 jamais traitées sur la fenêtre ; 25 unités incomplètes exclues ; covariables invariantes dans le temps absorbées par les effets fixes unité : share_cab, log_pop, share_edu_sup, pretrend_1014 ; cellules −8 et +8 bornées",event,65.0,842.0,0.0,25.0,1998.0,2024.0,,,,,,,,,,,,
h2,H2,H2c,"log(naissances+0,5 / 1 000 f. 30-34)","municipios avec covariables, bascule 4G ≥ 50 %",twfe,2,-0.08689927556805166,0.020942107140357248,-0.12794505132353096,-0.04585349981257235,3.332021496304606e-05,907,24489,False," ; fenêtre 1998-2024 ; 842 traitées, 65 jamais traitées sur la fenêtre ; 25 unités incomplètes exclues ; covariables invariantes dans le temps absorbées par les effets fixes unité : share_cab, log_pop, share_edu_sup, pretrend_1014 ; cellules −8 et +8 bornées",event,65.0,842.0,0.0,25.0,1998.0,2024.0,,,,,,,,,,,,
h2,H2,H2c,"log(naissances+0,5 / 1 000 f. 30-34)","municipios avec covariables, bascule 4G ≥ 50 %",twfe,3,-0.12070217783596415,0.023951420213692357,-0.16764609883338583,-0.07375825683854248,4.668518971181382e-07,907,24489,False," ; fenêtre 1998-2024 ; 842 traitées, 65 jamais traitées sur la fenêtre ; 25 unités incomplètes exclues ; covariables invariantes dans le temps absorbées par les effets fixes unité : share_cab, log_pop, share_edu_sup, pretrend_1014 ; cellules −8 et +8 bornées",event,65.0,842.0,0.0,25.0,1998.0,2024.0,,,,,,,,,,,,
h2,H2,H2c,"log(naissances+0,5 / 1 000 f. 30-34)","municipios avec covariables, bascule 4G ≥ 50 %",twfe,4,-0.14686065270405424,0.02943412453906786,-0.20455047671709387,-0.08917082869101461,6.054548082703737e-07,907,24489,False," ; fenêtre 1998-2024 ; 842 traitées, 65 jamais traitées sur la fenêtre ; 25 unités incomplètes exclues ; covariables invariantes dans le temps absorbées par les effets fixes unité : share_cab, log_pop, share_edu_sup, pretrend_1014 ; cellules −8 et +8 bornées",event,65.0,842.0,0.0,25.0,1998.0,2024.0,,,,,,,,,,,,
h2,H2,H2c,"log(naissances+0,5 / 1 000 f. 30-34)","municipios avec covariables, bascule 4G ≥ 50 %",twfe,5,-0.15476543911895774,0.0336004149319119,-0.2206210422511069,-0.08890983598680857,4.1037519921074215e-06,907,24489,False," ; fenêtre 1998-2024 ; 842 traitées, 65 jamais traitées sur la fenêtre ; 25 unités incomplètes exclues ; covariables invariantes dans le temps absorbées par les effets fixes unité : share_cab, log_pop, share_edu_sup, pretrend_1014 ; cellules −8 et +8 bornées",event,65.0,842.0,0.0,25.0,1998.0,2024.0,,,,,,,,,,,,
h2,H2,H2c,"log(naissances+0,5 / 1 000 f. 30-34)","municipios avec covariables, bascule 4G ≥ 50 %",twfe,6,-0.13268096364569718,0.03560966054118957,-0.2024746158081258,-0.06288731148326854,0.00019455608391375837,907,24489,False," ; fenêtre 1998-2024 ; 842 traitées, 65 jamais traitées sur la fenêtre ; 25 unités incomplètes exclues ; covariables invariantes dans le temps absorbées par les effets fixes unité : share_cab, log_pop, share_edu_sup, pretrend_1014 ; cellules −8 et +8 bornées",event,65.0,842.0,0.0,25.0,1998.0,2024.0,,,,,,,,,,,,
h2,H2,H2c,"log(naissances+0,5 / 1 000 f. 30-34)","municipios avec covariables, bascule 4G ≥ 50 %",twfe,7,-0.15128956905907312,0.0421869259761053,-0.23397442459069678,-0.06860471352744947,0.0003355677828860755,907,24489,False," ; fenêtre 1998-2024 ; 842 traitées, 65 jamais traitées sur la fenêtre ; 25 unités incomplètes exclues ; covariables invariantes dans le temps absorbées par les effets fixes unité : share_cab, log_pop, share_edu_sup, pretrend_1014 ; cellules −8 et +8 bornées",event,65.0,842.0,0.0,25.0,1998.0,2024.0,,,,,,,,,,,,
h2,H2,H2c,"log(naissances+0,5 / 1 000 f. 30-34)","municipios avec covariables, bascule 4G ≥ 50 %",twfe,8,-0.16791891641548554,0.04927875563942099,-0.26450350267170075,-0.07133433015927032,0.0006555332069589915,907,24489,False," ; fenêtre 1998-2024 ; 842 traitées, 65 jamais traitées sur la fenêtre ; 25 unités incomplètes exclues ; covariables invariantes dans le temps absorbées par les effets fixes unité : share_cab, log_pop, share_edu_sup, pretrend_1014 ; cellules −8 et +8 bornées",event,65.0,842.0,0.0,25.0,1998.0,2024.0,,,,,,,,,,,,
h2,H2,H2c,"log(naissances+0,5 / 1 000 f. 30-34)","municipios avec covariables, bascule 4G ≥ 50 %",twfe,"ATT[1,5]",-0.11917380496838763,0.021595894493161384,-0.1615009803889108,-0.07684662954786443,3.421883098886404e-08,907,24489,False," ; fenêtre 1998-2024 ; 842 traitées, 65 jamais traitées sur la fenêtre ; 25 unités incomplètes exclues ; covariables invariantes dans le temps absorbées par les effets fixes unité : share_cab, log_pop, share_edu_sup, pretrend_1014 ; écart-type avec covariance complète (w'Vw)",post_avg,65.0,842.0,0.0,25.0,1998.0,2024.0,,,,,,,,,,,,
h2,H2,H2c,"log(naissances+0,5 / 1 000 f. 30-34)","municipios avec covariables, bascule 4G ≥ 50 %",twfe,Wald pré (-8..−2),15.043984341461455,,,,0.03543970505170478,907,24489,False,"test de Wald joint, covariance groupée, df = 7 ; fenêtre 1998-2024 ; 842 traitées, 65 jamais traitées sur la fenêtre ; 25 unités incomplètes exclues",pre_test,65.0,842.0,0.0,25.0,1998.0,2024.0,,,,,,,,,,,7.0,
h2,H2,H2c,"log(naissances+0,5 / 1 000 f. 30-34)","municipios avec covariables, bascule 4G ≥ 50 %",twfe,ATT,-0.07621116549576591,0.016753518650484082,-0.1090474586650348,-0.04337487232649702,5.391047599257402e-06,907,24489,False," ; fenêtre 1998-2024 ; 842 traitées, 65 jamais traitées sur la fenêtre ; 25 unités incomplètes exclues ; covariables invariantes dans le temps absorbées par les effets fixes unité : share_cab, log_pop, share_edu_sup, pretrend_1014",static,65.0,842.0,0.0,25.0,1998.0,2024.0,,,,,,,,,,,,
h2,H2,H2c,"log(naissances+0,5 / 1 000 f. 30-34)","municipios avec covariables, bascule 4G ≥ 50 %",twfe_poisson,ATT (log du taux contrefactuel),-0.03358406503116181,0.021505445134019648,-0.07573396296534247,0.00856583290301885,0.11836951411410435,907,24489,False," ; fenêtre 1998-2024 ; 842 traitées, 65 jamais traitées sur la fenêtre ; 25 unités incomplètes exclues ; covariables invariantes dans le temps absorbées par les effets fixes unité : share_cab, log_pop, share_edu_sup, pretrend_1014 ; Poisson à effets fixes, offset = log(women)",static,65.0,842.0,0.0,25.0,1998.0,2024.0,,,,,,,,,,,,
h2,H2,H2c,"log(naissances+0,5 / 1 000 f. 30-34)","municipios avec covariables, bascule 4G ≥ 50 %",twfe_poisson,ATT en % du taux contrefactuel,-3.302638085288623,2.0795198112612665,-7.293719351263217,0.8602624960564853,0.11836951411410435,907,24489,False," ; fenêtre 1998-2024 ; 842 traitées, 65 jamais traitées sur la fenêtre ; 25 unités incomplètes exclues ; covariables invariantes dans le temps absorbées par les effets fixes unité : share_cab, log_pop, share_edu_sup, pretrend_1014 ; Poisson à effets fixes, offset = log(women)",static,65.0,842.0,0.0,25.0,1998.0,2024.0,,,,,,,,,,,,
h2,H2,H2c,"log(naissances+0,5 / 1 000 f. 35-39)","municipios avec covariables, bascule 4G ≥ 50 %",cs,-8,0.012862666982394006,0.03081904340649994,-0.04754154813232249,0.0732668820971105,0.6764143717194456,907,24489,False," ; covariables : share_cab, log_pop, share_edu_sup, pretrend_1014 (doublement robuste) ; contrôle = not_yet_treated ; fenêtre 1998-2024 ; 842 traitées, 65 jamais traitées sur la fenêtre ; 25 unités incomplètes exclues",event,65.0,842.0,0.0,25.0,1998.0,2024.0,1998.0,2024.0,907.0,5.0,dr,8.0,842.0,,,,,
h2,H2,H2c,"log(naissances+0,5 / 1 000 f. 35-39)","municipios avec covariables, bascule 4G ≥ 50 %",cs,-7,0.038475318104634226,0.0298215393009682,-0.019973824888809222,0.09692446109807767,0.19698625342546416,907,24489,False," ; covariables : share_cab, log_pop, share_edu_sup, pretrend_1014 (doublement robuste) ; contrôle = not_yet_treated ; fenêtre 1998-2024 ; 842 traitées, 65 jamais traitées sur la fenêtre ; 25 unités incomplètes exclues",event,65.0,842.0,0.0,25.0,1998.0,2024.0,1998.0,2024.0,907.0,5.0,dr,8.0,842.0,,,,,
h2,H2,H2c,"log(naissances+0,5 / 1 000 f. 35-39)","municipios avec covariables, bascule 4G ≥ 50 %",cs,-6,0.07394858970471033,0.04413784412164024,-0.012559995128947482,0.16045717453836814,0.09385557377601851,907,24489,False," ; covariables : share_cab, log_pop, share_edu_sup, pretrend_1014 (doublement robuste) ; contrôle = not_yet_treated ; fenêtre 1998-2024 ; 842 traitées, 65 jamais traitées sur la fenêtre ; 25 unités incomplètes exclues",event,65.0,842.0,0.0,25.0,1998.0,2024.0,1998.0,2024.0,907.0,5.0,dr,8.0,842.0,,,,,
h2,H2,H2c,"log(naissances+0,5 / 1 000 f. 35-39)","municipios avec covariables, bascule 4G ≥ 50 %",cs,-5,0.02410672518544293,0.03430359877049013,-0.04312709294483019,0.09134054331571606,0.482213903155679,907,24489,False," ; covariables : share_cab, log_pop, share_edu_sup, pretrend_1014 (doublement robuste) ; contrôle = not_yet_treated ; fenêtre 1998-2024 ; 842 traitées, 65 jamais traitées sur la fenêtre ; 25 unités incomplètes exclues",event,65.0,842.0,0.0,25.0,1998.0,2024.0,1998.0,2024.0,907.0,5.0,dr,8.0,842.0,,,,,
h2,H2,H2c,"log(naissances+0,5 / 1 000 f. 35-39)","municipios avec covariables, bascule 4G ≥ 50 %",cs,-4,0.011511645787823193,0.02952952187448718,-0.046365153566859385,0.06938844514250578,0.6966584450937048,907,24489,False," ; covariables : share_cab, log_pop, share_edu_sup, pretrend_1014 (doublement robuste) ; contrôle = not_yet_treated ; fenêtre 1998-2024 ; 842 traitées, 65 jamais traitées sur la fenêtre ; 25 unités incomplètes exclues",event,65.0,842.0,0.0,25.0,1998.0,2024.0,1998.0,2024.0,907.0,5.0,dr,8.0,842.0,,,,,
h2,H2,H2c,"log(naissances+0,5 / 1 000 f. 35-39)","municipios avec covariables, bascule 4G ≥ 50 %",cs,-3,0.08243941117390141,0.028862695695269256,0.025869567114434416,0.1390092552333684,0.004286617024007498,907,24489,False," ; covariables : share_cab, log_pop, share_edu_sup, pretrend_1014 (doublement robuste) ; contrôle = not_yet_treated ; fenêtre 1998-2024 ; 842 traitées, 65 jamais traitées sur la fenêtre ; 25 unités incomplètes exclues",event,65.0,842.0,0.0,25.0,1998.0,2024.0,1998.0,2024.0,907.0,5.0,dr,8.0,842.0,,,,,
h2,H2,H2c,"log(naissances+0,5 / 1 000 f. 35-39)","municipios avec covariables, bascule 4G ≥ 50 %",cs,-2,-0.003015387633833532,0.02739745638653723,-0.05671341541945339,0.050682640151786335,0.9123611080789054,907,24489,False," ; covariables : share_cab, log_pop, share_edu_sup, pretrend_1014 (doublement robuste) ; contrôle = not_yet_treated ; fenêtre 1998-2024 ; 842 traitées, 65 jamais traitées sur la fenêtre ; 25 unités incomplètes exclues",event,65.0,842.0,0.0,25.0,1998.0,2024.0,1998.0,2024.0,907.0,5.0,dr,8.0,842.0,,,,,
h2,H2,H2c,"log(naissances+0,5 / 1 000 f. 35-39)","municipios avec covariables, bascule 4G ≥ 50 %",cs,0,-0.02860692141766888,0.03212461387545307,-0.09157000763081258,0.03435616479547482,0.37319825763851566,907,24489,False," ; covariables : share_cab, log_pop, share_edu_sup, pretrend_1014 (doublement robuste) ; contrôle = not_yet_treated ; fenêtre 1998-2024 ; 842 traitées, 65 jamais traitées sur la fenêtre ; 25 unités incomplètes exclues",event,65.0,842.0,0.0,25.0,1998.0,2024.0,1998.0,2024.0,907.0,5.0,dr,8.0,842.0,,,,,
h2,H2,H2c,"log(naissances+0,5 / 1 000 f. 35-39)","municipios avec covariables, bascule 4G ≥ 50 %",cs,1,-0.04254508373652347,0.03567319667015105,-0.11246326442343371,0.027373096950386762,0.23301256285113603,907,24489,False," ; covariables : share_cab, log_pop, share_edu_sup, pretrend_1014 (doublement robuste) ; contrôle = not_yet_treated ; fenêtre 1998-2024 ; 842 traitées, 65 jamais traitées sur la fenêtre ; 25 unités incomplètes exclues",event,65.0,842.0,0.0,25.0,1998.0,2024.0,1998.0,2024.0,907.0,5.0,dr,8.0,842.0,,,,,
h2,H2,H2c,"log(naissances+0,5 / 1 000 f. 35-39)","municipios avec covariables, bascule 4G ≥ 50 %",cs,2,0.012909781886115046,0.044654664364170926,-0.07461175200938415,0.10043131578161425,0.7725028243099827,907,24489,False," ; covariables : share_cab, log_pop, share_edu_sup, pretrend_1014 (doublement robuste) ; contrôle = not_yet_treated ; fenêtre 1998-2024 ; 842 traitées, 65 jamais traitées sur la fenêtre ; 25 unités incomplètes exclues",event,65.0,842.0,0.0,25.0,1998.0,2024.0,1998.0,2024.0,907.0,5.0,dr,7.0,797.0,,,,,
h2,H2,H2c,"log(naissances+0,5 / 1 000 f. 35-39)","municipios avec covariables, bascule 4G ≥ 50 %",cs,3,0.07856930714014808,0.05720364889793944,-0.03354778448408757,0.19068639876438373,0.16959644323622447,907,24489,False," ; covariables : share_cab, log_pop, share_edu_sup, pretrend_1014 (doublement robuste) ; contrôle = not_yet_treated ; fenêtre 1998-2024 ; 842 traitées, 65 jamais traitées sur la fenêtre ; 25 unités incomplètes exclues",event,65.0,842.0,0.0,25.0,1998.0,2024.0,1998.0,2024.0,907.0,5.0,dr,6.0,754.0,,,,,
h2,H2,H2c,"log(naissances+0,5 / 1 000 f. 35-39)","municipios avec covariables, bascule 4G ≥ 50 %",cs,4,0.11437777881033569,0.0887298248045686,-0.05952948216116753,0.2882850397818389,0.197378361077996,907,24489,False," ; covariables : share_cab, log_pop, share_edu_sup, pretrend_1014 (doublement robuste) ; contrôle = not_yet_treated ; fenêtre 1998-2024 ; 842 traitées, 65 jamais traitées sur la fenêtre ; 25 unités incomplètes exclues",event,65.0,842.0,0.0,25.0,1998.0,2024.0,1998.0,2024.0,907.0,5.0,dr,5.0,534.0,,,,,
h2,H2,H2c,"log(naissances+0,5 / 1 000 f. 35-39)","municipios avec covariables, bascule 4G ≥ 50 %",cs,5,-0.055764107416183206,0.1129831384082091,-0.27720698955657713,0.16567877472421072,0.6216160205243452,907,24489,False," ; covariables : share_cab, log_pop, share_edu_sup, pretrend_1014 (doublement robuste) ; contrôle = not_yet_treated ; fenêtre 1998-2024 ; 842 traitées, 65 jamais traitées sur la fenêtre ; 25 unités incomplètes exclues",event,65.0,842.0,0.0,25.0,1998.0,2024.0,1998.0,2024.0,907.0,5.0,dr,4.0,367.0,,,,,
h2,H2,H2c,"log(naissances+0,5 / 1 000 f. 35-39)","municipios avec covariables, bascule 4G ≥ 50 %",cs,6,0.10939376767771901,0.14420858830489192,-0.17324987166123318,0.3920374070166712,0.4481037708471788,907,24489,False," ; covariables : share_cab, log_pop, share_edu_sup, pretrend_1014 (doublement robuste) ; contrôle = not_yet_treated ; fenêtre 1998-2024 ; 842 traitées, 65 jamais traitées sur la fenêtre ; 25 unités incomplètes exclues",event,65.0,842.0,0.0,25.0,1998.0,2024.0,1998.0,2024.0,907.0,5.0,dr,3.0,277.0,,,,,
h2,H2,H2c,"log(naissances+0,5 / 1 000 f. 35-39)","municipios avec covariables, bascule 4G ≥ 50 %",cs,7,0.17080761034244749,0.21266908405115145,-0.246016135022931,0.587631355707826,0.4218814227042138,907,24489,False," ; covariables : share_cab, log_pop, share_edu_sup, pretrend_1014 (doublement robuste) ; contrôle = not_yet_treated ; fenêtre 1998-2024 ; 842 traitées, 65 jamais traitées sur la fenêtre ; 25 unités incomplètes exclues",event,65.0,842.0,0.0,25.0,1998.0,2024.0,1998.0,2024.0,907.0,5.0,dr,2.0,173.0,,,,,
h2,H2,H2c,"log(naissances+0,5 / 1 000 f. 35-39)","municipios avec covariables, bascule 4G ≥ 50 %",cs,8,0.25373940223620695,0.20858832400284752,-0.15508620040494586,0.6625650048773597,0.22380964909163592,907,24489,False," ; covariables : share_cab, log_pop, share_edu_sup, pretrend_1014 (doublement robuste) ; contrôle = not_yet_treated ; fenêtre 1998-2024 ; 842 traitées, 65 jamais traitées sur la fenêtre ; 25 unités incomplètes exclues",event,65.0,842.0,0.0,25.0,1998.0,2024.0,1998.0,2024.0,907.0,5.0,dr,1.0,93.0,,,,,
h2,H2,H2c,"log(naissances+0,5 / 1 000 f. 35-39)","municipios avec covariables, bascule 4G ≥ 50 %",cs,"ATT[1,5]",0.021509535336778428,0.04782590740102836,-0.07222752069718477,0.11524659137074164,0.6528932249938699,907,24489,False," ; covariables : share_cab, log_pop, share_edu_sup, pretrend_1014 (doublement robuste) ; contrôle = not_yet_treated ; fenêtre 1998-2024 ; 842 traitées, 65 jamais traitées sur la fenêtre ; 25 unités incomplètes exclues ; écart-type avec covariance complète des coefficients (fonctions d'influence)",post_avg,65.0,842.0,0.0,25.0,1998.0,2024.0,1998.0,2024.0,907.0,5.0,dr,,,,,5.0,,
h2,H2,H2c,"log(naissances+0,5 / 1 000 f. 35-39)","municipios avec covariables, bascule 4G ≥ 50 %",cs,ATT,0.028570683161785463,0.04393127403554557,-0.057533031742843466,0.11467439806641438,0.5154664740194679,907,24489,False," ; covariables : share_cab, log_pop, share_edu_sup, pretrend_1014 (doublement robuste) ; contrôle = not_yet_treated ; fenêtre 1998-2024 ; 842 traitées, 65 jamais traitées sur la fenêtre ; 25 unités incomplètes exclues ; moyenne de tous les ATT(g,t) post",simple,65.0,842.0,0.0,25.0,1998.0,2024.0,1998.0,2024.0,907.0,5.0,dr,,,,,,,
h2,H2,H2c,"log(naissances+0,5 / 1 000 f. 35-39)","municipios avec covariables, bascule 4G ≥ 50 %",cs,Wald pré (-8..-2),16.704825103169085,,,,0.01940194552789908,907,24489,False,"H5c : test de Wald joint de nullité des coefficients pré avec covariance des fonctions d'influence, df = 7 ; fenêtre 1998-2024 ; 842 traitées, 65 jamais traitées sur la fenêtre ; 25 unités incomplètes exclues",pre_test,65.0,842.0,0.0,25.0,1998.0,2024.0,1998.0,2024.0,907.0,5.0,dr,,,,,,7.0,
h2,H2,H2c,"log(naissances+0,5 / 1 000 f. 35-39)","municipios avec covariables, bascule 4G ≥ 50 %",sunab,-8,0.05865146520128276,0.04688074184651939,-0.03323310038641503,0.15053603078898056,0.21090601765130257,907,24489,False," ; fenêtre 1998-2024 ; 842 traitées, 65 jamais traitées sur la fenêtre ; 25 unités incomplètes exclues ; covariables invariantes dans le temps absorbées par les effets fixes unité : share_cab, log_pop, share_edu_sup, pretrend_1014 ; cellules −8 et +8 bornées",event,65.0,842.0,0.0,25.0,1998.0,2024.0,,,,,,,,,,,,
h2,H2,H2c,"log(naissances+0,5 / 1 000 f. 35-39)","municipios avec covariables, bascule 4G ≥ 50 %",sunab,-7,0.05493131371092254,0.043677736445796436,-0.030675476649070985,0.14053810407091605,0.20851829209172668,907,24489,False," ; fenêtre 1998-2024 ; 842 traitées, 65 jamais traitées sur la fenêtre ; 25 unités incomplètes exclues ; covariables invariantes dans le temps absorbées par les effets fixes unité : share_cab, log_pop, share_edu_sup, pretrend_1014 ; cellules −8 et +8 bornées",event,65.0,842.0,0.0,25.0,1998.0,2024.0,,,,,,,,,,,,
h2,H2,H2c,"log(naissances+0,5 / 1 000 f. 35-39)","municipios avec covariables, bascule 4G ≥ 50 %",sunab,-6,0.019589054908708724,0.039649706131675476,-0.05812294110697215,0.0973010509243896,0.6212687737297247,907,24489,False," ; fenêtre 1998-2024 ; 842 traitées, 65 jamais traitées sur la fenêtre ; 25 unités incomplètes exclues ; covariables invariantes dans le temps absorbées par les effets fixes unité : share_cab, log_pop, share_edu_sup, pretrend_1014 ; cellules −8 et +8 bornées",event,65.0,842.0,0.0,25.0,1998.0,2024.0,,,,,,,,,,,,
h2,H2,H2c,"log(naissances+0,5 / 1 000 f. 35-39)","municipios avec covariables, bascule 4G ≥ 50 %",sunab,-5,0.004840030574018446,0.03621495186530194,-0.06613997078382503,0.0758200319318619,0.8936814788576896,907,24489,False," ; fenêtre 1998-2024 ; 842 traitées, 65 jamais traitées sur la fenêtre ; 25 unités incomplètes exclues ; covariables invariantes dans le temps absorbées par les effets fixes unité : share_cab, log_pop, share_edu_sup, pretrend_1014 ; cellules −8 et +8 bornées",event,65.0,842.0,0.0,25.0,1998.0,2024.0,,,,,,,,,,,,
h2,H2,H2c,"log(naissances+0,5 / 1 000 f. 35-39)","municipios avec covariables, bascule 4G ≥ 50 %",sunab,-4,-0.004359957207118598,0.03156450622574113,-0.06622525259936153,0.057505338185124336,0.8901388792252867,907,24489,False," ; fenêtre 1998-2024 ; 842 traitées, 65 jamais traitées sur la fenêtre ; 25 unités incomplètes exclues ; covariables invariantes dans le temps absorbées par les effets fixes unité : share_cab, log_pop, share_edu_sup, pretrend_1014 ; cellules −8 et +8 bornées",event,65.0,842.0,0.0,25.0,1998.0,2024.0,,,,,,,,,,,,
h2,H2,H2c,"log(naissances+0,5 / 1 000 f. 35-39)","municipios avec covariables, bascule 4G ≥ 50 %",sunab,-3,0.02877096411024161,0.027268360735546896,-0.024674040848876443,0.08221596906935966,0.29137763496816327,907,24489,False," ; fenêtre 1998-2024 ; 842 traitées, 65 jamais traitées sur la fenêtre ; 25 unités incomplètes exclues ; covariables invariantes dans le temps absorbées par les effets fixes unité : share_cab, log_pop, share_edu_sup, pretrend_1014 ; cellules −8 et +8 bornées",event,65.0,842.0,0.0,25.0,1998.0,2024.0,,,,,,,,,,,,
h2,H2,H2c,"log(naissances+0,5 / 1 000 f. 35-39)","municipios avec covariables, bascule 4G ≥ 50 %",sunab,-2,-0.01684407134168532,0.02439127159148085,-0.06465008519812275,0.030961942514752108,0.48983088538257,907,24489,False," ; fenêtre 1998-2024 ; 842 traitées, 65 jamais traitées sur la fenêtre ; 25 unités incomplètes exclues ; covariables invariantes dans le temps absorbées par les effets fixes unité : share_cab, log_pop, share_edu_sup, pretrend_1014 ; cellules −8 et +8 bornées",event,65.0,842.0,0.0,25.0,1998.0,2024.0,,,,,,,,,,,,
h2,H2,H2c,"log(naissances+0,5 / 1 000 f. 35-39)","municipios avec covariables, bascule 4G ≥ 50 %",sunab,0,-0.05650970107049677,0.02504373629257238,-0.1055945222422573,-0.007424879898736247,0.02404305708695965,907,24489,False," ; fenêtre 1998-2024 ; 842 traitées, 65 jamais traitées sur la fenêtre ; 25 unités incomplètes exclues ; covariables invariantes dans le temps absorbées par les effets fixes unité : share_cab, log_pop, share_edu_sup, pretrend_1014 ; cellules −8 et +8 bornées",event,65.0,842.0,0.0,25.0,1998.0,2024.0,,,,,,,,,,,,
h2,H2,H2c,"log(naissances+0,5 / 1 000 f. 35-39)","municipios avec covariables, bascule 4G ≥ 50 %",sunab,1,-0.03409845702541585,0.028501264438719094,-0.08995990883915747,0.021762994788325773,0.23154673850887053,907,24489,False," ; fenêtre 1998-2024 ; 842 traitées, 65 jamais traitées sur la fenêtre ; 25 unités incomplètes exclues ; covariables invariantes dans le temps absorbées par les effets fixes unité : share_cab, log_pop, share_edu_sup, pretrend_1014 ; cellules −8 et +8 bornées",event,65.0,842.0,0.0,25.0,1998.0,2024.0,,,,,,,,,,,,
h2,H2,H2c,"log(naissances+0,5 / 1 000 f. 35-39)","municipios avec covariables, bascule 4G ≥ 50 %",sunab,2,-0.019866259691956614,0.03635167512910829,-0.09111423372270928,0.051381714338796056,0.5847209788992992,907,24489,False," ; fenêtre 1998-2024 ; 842 traitées, 65 jamais traitées sur la fenêtre ; 25 unités incomplètes exclues ; covariables invariantes dans le temps absorbées par les effets fixes unité : share_cab, log_pop, share_edu_sup, pretrend_1014 ; cellules −8 et +8 bornées",event,65.0,842.0,0.0,25.0,1998.0,2024.0,,,,,,,,,,,,
h2,H2,H2c,"log(naissances+0,5 / 1 000 f. 35-39)","municipios avec covariables, bascule 4G ≥ 50 %",sunab,3,-0.010238614371447997,0.03926266127657292,-0.08719201641072635,0.06671478766783034,0.7942681091645926,907,24489,False," ; fenêtre 1998-2024 ; 842 traitées, 65 jamais traitées sur la fenêtre ; 25 unités incomplètes exclues ; covariables invariantes dans le temps absorbées par les effets fixes unité : share_cab, log_pop, share_edu_sup, pretrend_1014 ; cellules −8 et +8 bornées",event,65.0,842.0,0.0,25.0,1998.0,2024.0,,,,,,,,,,,,
h2,H2,H2c,"log(naissances+0,5 / 1 000 f. 35-39)","municipios avec covariables, bascule 4G ≥ 50 %",sunab,4,-0.08299082429189002,0.045241291761616,-0.17166212675872605,0.005680478174946005,0.06659398820335662,907,24489,False," ; fenêtre 1998-2024 ; 842 traitées, 65 jamais traitées sur la fenêtre ; 25 unités incomplètes exclues ; covariables invariantes dans le temps absorbées par les effets fixes unité : share_cab, log_pop, share_edu_sup, pretrend_1014 ; cellules −8 et +8 bornées",event,65.0,842.0,0.0,25.0,1998.0,2024.0,,,,,,,,,,,,
h2,H2,H2c,"log(naissances+0,5 / 1 000 f. 35-39)","municipios avec covariables, bascule 4G ≥ 50 %",sunab,5,-0.12471894406752446,0.05178434092874899,-0.22621438725101595,-0.02322350088403298,0.01602131205295241,907,24489,False," ; fenêtre 1998-2024 ; 842 traitées, 65 jamais traitées sur la fenêtre ; 25 unités incomplètes exclues ; covariables invariantes dans le temps absorbées par les effets fixes unité : share_cab, log_pop, share_edu_sup, pretrend_1014 ; cellules −8 et +8 bornées",event,65.0,842.0,0.0,25.0,1998.0,2024.0,,,,,,,,,,,,
h2,H2,H2c,"log(naissances+0,5 / 1 000 f. 35-39)","municipios avec covariables, bascule 4G ≥ 50 %",sunab,6,-0.05450499949186843,0.06010667823964552,-0.17231192407191104,0.06330192508817417,0.36451024978448787,907,24489,False," ; fenêtre 1998-2024 ; 842 traitées, 65 jamais traitées sur la fenêtre ; 25 unités incomplètes exclues ; covariables invariantes dans le temps absorbées par les effets fixes unité : share_cab, log_pop, share_edu_sup, pretrend_1014 ; cellules −8 et +8 bornées",event,65.0,842.0,0.0,25.0,1998.0,2024.0,,,,,,,,,,,,
h2,H2,H2c,"log(naissances+0,5 / 1 000 f. 35-39)","municipios avec covariables, bascule 4G ≥ 50 %",sunab,7,0.036287943070443376,0.06963759694796175,-0.10019923891747805,0.1727751250583648,0.6022991985726981,907,24489,False," ; fenêtre 1998-2024 ; 842 traitées, 65 jamais traitées sur la fenêtre ; 25 unités incomplètes exclues ; covariables invariantes dans le temps absorbées par les effets fixes unité : share_cab, log_pop, share_edu_sup, pretrend_1014 ; cellules −8 et +8 bornées",event,65.0,842.0,0.0,25.0,1998.0,2024.0,,,,,,,,,,,,
h2,H2,H2c,"log(naissances+0,5 / 1 000 f. 35-39)","municipios avec covariables, bascule 4G ≥ 50 %",sunab,8,-0.02942502703476983,0.08749397455992931,-0.200910066036495,0.14206001196695536,0.7366377263749686,907,24489,False," ; fenêtre 1998-2024 ; 842 traitées, 65 jamais traitées sur la fenêtre ; 25 unités incomplètes exclues ; covariables invariantes dans le temps absorbées par les effets fixes unité : share_cab, log_pop, share_edu_sup, pretrend_1014 ; cellules −8 et +8 bornées",event,65.0,842.0,0.0,25.0,1998.0,2024.0,,,,,,,,,,,,
h2,H2,H2c,"log(naissances+0,5 / 1 000 f. 35-39)","municipios avec covariables, bascule 4G ≥ 50 %",sunab,"ATT[1,5]",-0.05438261988964699,0.03412975237231186,-0.1212757053406487,0.012510465561354725,0.11106869600142484,907,24489,False," ; fenêtre 1998-2024 ; 842 traitées, 65 jamais traitées sur la fenêtre ; 25 unités incomplètes exclues ; covariables invariantes dans le temps absorbées par les effets fixes unité : share_cab, log_pop, share_edu_sup, pretrend_1014 ; écart-type avec covariance complète (w'Vw)",post_avg,65.0,842.0,0.0,25.0,1998.0,2024.0,,,,,,,,,,,,
h2,H2,H2c,"log(naissances+0,5 / 1 000 f. 35-39)","municipios avec covariables, bascule 4G ≥ 50 %",sunab,Wald pré (-8..−2),9.88841854869461,,,,0.1949853723934673,907,24489,False,"test de Wald joint, covariance groupée, df = 7 ; fenêtre 1998-2024 ; 842 traitées, 65 jamais traitées sur la fenêtre ; 25 unités incomplètes exclues",pre_test,65.0,842.0,0.0,25.0,1998.0,2024.0,,,,,,,,,,,7.0,
h2,H2,H2c,"log(naissances+0,5 / 1 000 f. 35-39)","municipios avec covariables, bascule 4G ≥ 50 %",did2s,-8,0.0031929122091763815,0.0016139411654546062,2.9645651718752768e-05,0.00635617876663401,0.047891212630803474,907,24489,False," ; fenêtre 1998-2024 ; 842 traitées, 65 jamais traitées sur la fenêtre ; 25 unités incomplètes exclues ; covariables invariantes dans le temps absorbées par les effets fixes unité : share_cab, log_pop, share_edu_sup, pretrend_1014 ; cellules −8 et +8 bornées",event,65.0,842.0,0.0,25.0,1998.0,2024.0,,,,,,,,,,,,
h2,H2,H2c,"log(naissances+0,5 / 1 000 f. 35-39)","municipios avec covariables, bascule 4G ≥ 50 %",did2s,-7,0.016925532047755352,0.013144939409489674,-0.008838075773805614,0.042689139869316314,0.19788237616610016,907,24489,False," ; fenêtre 1998-2024 ; 842 traitées, 65 jamais traitées sur la fenêtre ; 25 unités incomplètes exclues ; covariables invariantes dans le temps absorbées par les effets fixes unité : share_cab, log_pop, share_edu_sup, pretrend_1014 ; cellules −8 et +8 bornées",event,65.0,842.0,0.0,25.0,1998.0,2024.0,,,,,,,,,,,,
h2,H2,H2c,"log(naissances+0,5 / 1 000 f. 35-39)","municipios avec covariables, bascule 4G ≥ 50 %",did2s,-6,-0.002423610919060654,0.013104599432542571,-0.02810815383866812,0.023260932000546814,0.8532733254350924,907,24489,False," ; fenêtre 1998-2024 ; 842 traitées, 65 jamais traitées sur la fenêtre ; 25 unités incomplètes exclues ; covariables invariantes dans le temps absorbées par les effets fixes unité : share_cab, log_pop, share_edu_sup, pretrend_1014 ; cellules −8 et +8 bornées",event,65.0,842.0,0.0,25.0,1998.0,2024.0,,,,,,,,,,,,
h2,H2,H2c,"log(naissances+0,5 / 1 000 f. 35-39)","municipios avec covariables, bascule 4G ≥ 50 %",did2s,-5,-0.0009697634598292749,0.013985339516841134,-0.028380525224402695,0.026440998304744147,0.9447178476464522,907,24489,False," ; fenêtre 1998-2024 ; 842 traitées, 65 jamais traitées sur la fenêtre ; 25 unités incomplètes exclues ; covariables invariantes dans le temps absorbées par les effets fixes unité : share_cab, log_pop, share_edu_sup, pretrend_1014 ; cellules −8 et +8 bornées",event,65.0,842.0,0.0,25.0,1998.0,2024.0,,,,,,,,,,,,
h2,H2,H2c,"log(naissances+0,5 / 1 000 f. 35-39)","municipios avec covariables, bascule 4G ≥ 50 %",did2s,-4,-0.01940155780126987,0.014001634011376168,-0.04684425618827824,0.008041140585738505,0.1658495778618576,907,24489,False," ; fenêtre 1998-2024 ; 842 traitées, 65 jamais traitées sur la fenêtre ; 25 unités incomplètes exclues ; covariables invariantes dans le temps absorbées par les effets fixes unité : share_cab, log_pop, share_edu_sup, pretrend_1014 ; cellules −8 et +8 bornées",event,65.0,842.0,0.0,25.0,1998.0,2024.0,,,,,,,,,,,,
h2,H2,H2c,"log(naissances+0,5 / 1 000 f. 35-39)","municipios avec covariables, bascule 4G ≥ 50 %",did2s,-3,0.01333886334367356,0.01289957162963478,-0.011943832466405261,0.03862155915375238,0.3011105676949397,907,24489,False," ; fenêtre 1998-2024 ; 842 traitées, 65 jamais traitées sur la fenêtre ; 25 unités incomplètes exclues ; covariables invariantes dans le temps absorbées par les effets fixes unité : share_cab, log_pop, share_edu_sup, pretrend_1014 ; cellules −8 et +8 bornées",event,65.0,842.0,0.0,25.0,1998.0,2024.0,,,,,,,,,,,,
h2,H2,H2c,"log(naissances+0,5 / 1 000 f. 35-39)","municipios avec covariables, bascule 4G ≥ 50 %",did2s,-2,-0.03747819951285391,0.013065622876266152,-0.0630863497859182,-0.01187004923978962,0.004124770556945558,907,24489,False," ; fenêtre 1998-2024 ; 842 traitées, 65 jamais traitées sur la fenêtre ; 25 unités incomplètes exclues ; covariables invariantes dans le temps absorbées par les effets fixes unité : share_cab, log_pop, share_edu_sup, pretrend_1014 ; cellules −8 et +8 bornées",event,65.0,842.0,0.0,25.0,1998.0,2024.0,,,,,,,,,,,,
h2,H2,H2c,"log(naissances+0,5 / 1 000 f. 35-39)","municipios avec covariables, bascule 4G ≥ 50 %",did2s,0,-0.08494883363500151,0.021649801415573714,-0.12738166468197026,-0.04251600258803275,8.717409304346084e-05,907,24489,False," ; fenêtre 1998-2024 ; 842 traitées, 65 jamais traitées sur la fenêtre ; 25 unités incomplètes exclues ; covariables invariantes dans le temps absorbées par les effets fixes unité : share_cab, log_pop, share_edu_sup, pretrend_1014 ; cellules −8 et +8 bornées",event,65.0,842.0,0.0,25.0,1998.0,2024.0,,,,,,,,,,,,
h2,H2,H2c,"log(naissances+0,5 / 1 000 f. 35-39)","municipios avec covariables, bascule 4G ≥ 50 %",did2s,1,-0.08071548009934153,0.025560574390190726,-0.1308132853282722,-0.030617674870410852,0.001589582146168567,907,24489,False," ; fenêtre 1998-2024 ; 842 traitées, 65 jamais traitées sur la fenêtre ; 25 unités incomplètes exclues ; covariables invariantes dans le temps absorbées par les effets fixes unité : share_cab, log_pop, share_edu_sup, pretrend_1014 ; cellules −8 et +8 bornées",event,65.0,842.0,0.0,25.0,1998.0,2024.0,,,,,,,,,,,,
h2,H2,H2c,"log(naissances+0,5 / 1 000 f. 35-39)","municipios avec covariables, bascule 4G ≥ 50 %",did2s,2,-0.07134040193438008,0.03193519016803757,-0.13393222450317138,-0.008748579365588802,0.02548886920058176,907,24489,False," ; fenêtre 1998-2024 ; 842 traitées, 65 jamais traitées sur la fenêtre ; 25 unités incomplètes exclues ; covariables invariantes dans le temps absorbées par les effets fixes unité : share_cab, log_pop, share_edu_sup, pretrend_1014 ; cellules −8 et +8 bornées",event,65.0,842.0,0.0,25.0,1998.0,2024.0,,,,,,,,,,,,
h2,H2,H2c,"log(naissances+0,5 / 1 000 f. 35-39)","municipios avec covariables, bascule 4G ≥ 50 %",did2s,3,-0.06837941886754377,0.03540578991782532,-0.13777349195067276,0.00101465421558522,0.05344520660003277,907,24489,False," ; fenêtre 1998-2024 ; 842 traitées, 65 jamais traitées sur la fenêtre ; 25 unités incomplètes exclues ; covariables invariantes dans le temps absorbées par les effets fixes unité : share_cab, log_pop, share_edu_sup, pretrend_1014 ; cellules −8 et +8 bornées",event,65.0,842.0,0.0,25.0,1998.0,2024.0,,,,,,,,,,,,
h2,H2,H2c,"log(naissances+0,5 / 1 000 f. 35-39)","municipios avec covariables, bascule 4G ≥ 50 %",did2s,4,-0.14474875880561552,0.03982368266988415,-0.22280174257034036,-0.06669577504089069,0.0002782603995509089,907,24489,False," ; fenêtre 1998-2024 ; 842 traitées, 65 jamais traitées sur la fenêtre ; 25 unités incomplètes exclues ; covariables invariantes dans le temps absorbées par les effets fixes unité : share_cab, log_pop, share_edu_sup, pretrend_1014 ; cellules −8 et +8 bornées",event,65.0,842.0,0.0,25.0,1998.0,2024.0,,,,,,,,,,,,
h2,H2,H2c,"log(naissances+0,5 / 1 000 f. 35-39)","municipios avec covariables, bascule 4G ≥ 50 %",did2s,5,-0.1810331503425123,0.04350875793481703,-0.266308748906825,-0.09575755177819961,3.170737539550443e-05,907,24489,False," ; fenêtre 1998-2024 ; 842 traitées, 65 jamais traitées sur la fenêtre ; 25 unités incomplètes exclues ; covariables invariantes dans le temps absorbées par les effets fixes unité : share_cab, log_pop, share_edu_sup, pretrend_1014 ; cellules −8 et +8 bornées",event,65.0,842.0,0.0,25.0,1998.0,2024.0,,,,,,,,,,,,
h2,H2,H2c,"log(naissances+0,5 / 1 000 f. 35-39)","municipios avec covariables, bascule 4G ≥ 50 %",did2s,6,-0.12661497722255294,0.050309252223927146,-0.22521929967059176,-0.028010654774514115,0.011844840614687699,907,24489,False," ; fenêtre 1998-2024 ; 842 traitées, 65 jamais traitées sur la fenêtre ; 25 unités incomplètes exclues ; covariables invariantes dans le temps absorbées par les effets fixes unité : share_cab, log_pop, share_edu_sup, pretrend_1014 ; cellules −8 et +8 bornées",event,65.0,842.0,0.0,25.0,1998.0,2024.0,,,,,,,,,,,,
h2,H2,H2c,"log(naissances+0,5 / 1 000 f. 35-39)","municipios avec covariables, bascule 4G ≥ 50 %",did2s,7,-0.08261508381920285,0.0642198788254454,-0.20848373340860227,0.04325356577019657,0.19828920439372577,907,24489,False," ; fenêtre 1998-2024 ; 842 traitées, 65 jamais traitées sur la fenêtre ; 25 unités incomplètes exclues ; covariables invariantes dans le temps absorbées par les effets fixes unité : share_cab, log_pop, share_edu_sup, pretrend_1014 ; cellules −8 et +8 bornées",event,65.0,842.0,0.0,25.0,1998.0,2024.0,,,,,,,,,,,,
h2,H2,H2c,"log(naissances+0,5 / 1 000 f. 35-39)","municipios avec covariables, bascule 4G ≥ 50 %",did2s,8,-0.12663250282734892,0.08128469245337827,-0.28594757253038505,0.03268256687568721,0.11925963736214508,907,24489,False," ; fenêtre 1998-2024 ; 842 traitées, 65 jamais traitées sur la fenêtre ; 25 unités incomplètes exclues ; covariables invariantes dans le temps absorbées par les effets fixes unité : share_cab, log_pop, share_edu_sup, pretrend_1014 ; cellules −8 et +8 bornées",event,65.0,842.0,0.0,25.0,1998.0,2024.0,,,,,,,,,,,,
h2,H2,H2c,"log(naissances+0,5 / 1 000 f. 35-39)","municipios avec covariables, bascule 4G ≥ 50 %",did2s,"ATT[1,5]",-0.10924344200987865,0.03048533145599403,-0.16899359372039297,-0.04949329029936434,0.0003390524247628022,907,24489,False," ; fenêtre 1998-2024 ; 842 traitées, 65 jamais traitées sur la fenêtre ; 25 unités incomplètes exclues ; covariables invariantes dans le temps absorbées par les effets fixes unité : share_cab, log_pop, share_edu_sup, pretrend_1014 ; écart-type avec covariance complète (w'Vw)",post_avg,65.0,842.0,0.0,25.0,1998.0,2024.0,,,,,,,,,,,,
h2,H2,H2c,"log(naissances+0,5 / 1 000 f. 35-39)","municipios avec covariables, bascule 4G ≥ 50 %",did2s,Wald pré (-8..−2),15.378466748884101,,,,0.03144271460632551,907,24489,False,"test de Wald joint, covariance groupée, df = 7 ; fenêtre 1998-2024 ; 842 traitées, 65 jamais traitées sur la fenêtre ; 25 unités incomplètes exclues",pre_test,65.0,842.0,0.0,25.0,1998.0,2024.0,,,,,,,,,,,7.0,
h2,H2,H2c,"log(naissances+0,5 / 1 000 f. 35-39)","municipios avec covariables, bascule 4G ≥ 50 %",twfe,-8,0.07366924068598939,0.0333104986513511,0.008381863022271188,0.13895661834970757,0.026994851346249096,907,24489,False," ; fenêtre 1998-2024 ; 842 traitées, 65 jamais traitées sur la fenêtre ; 25 unités incomplètes exclues ; covariables invariantes dans le temps absorbées par les effets fixes unité : share_cab, log_pop, share_edu_sup, pretrend_1014 ; cellules −8 et +8 bornées",event,65.0,842.0,0.0,25.0,1998.0,2024.0,,,,,,,,,,,,
h2,H2,H2c,"log(naissances+0,5 / 1 000 f. 35-39)","municipios avec covariables, bascule 4G ≥ 50 %",twfe,-7,0.07064479361644804,0.029638323446509615,0.012554747099140152,0.12873484013375594,0.017145976954129366,907,24489,False," ; fenêtre 1998-2024 ; 842 traitées, 65 jamais traitées sur la fenêtre ; 25 unités incomplètes exclues ; covariables invariantes dans le temps absorbées par les effets fixes unité : share_cab, log_pop, share_edu_sup, pretrend_1014 ; cellules −8 et +8 bornées",event,65.0,842.0,0.0,25.0,1998.0,2024.0,,,,,,,,,,,,
h2,H2,H2c,"log(naissances+0,5 / 1 000 f. 35-39)","municipios avec covariables, bascule 4G ≥ 50 %",twfe,-6,0.043396593283700706,0.027463321886954755,-0.010430528510561213,0.09722371507796262,0.11406897432211789,907,24489,False," ; fenêtre 1998-2024 ; 842 traitées, 65 jamais traitées sur la fenêtre ; 25 unités incomplètes exclues ; covariables invariantes dans le temps absorbées par les effets fixes unité : share_cab, log_pop, share_edu_sup, pretrend_1014 ; cellules −8 et +8 bornées",event,65.0,842.0,0.0,25.0,1998.0,2024.0,,,,,,,,,,,,
h2,H2,H2c,"log(naissances+0,5 / 1 000 f. 35-39)","municipios avec covariables, bascule 4G ≥ 50 %",twfe,-5,0.03870988255103565,0.025467339811016225,-0.011205186260599256,0.08862495136267055,0.12851565308505572,907,24489,False," ; fenêtre 1998-2024 ; 842 traitées, 65 jamais traitées sur la fenêtre ; 25 unités incomplètes exclues ; covariables invariantes dans le temps absorbées par les effets fixes unité : share_cab, log_pop, share_edu_sup, pretrend_1014 ; cellules −8 et +8 bornées",event,65.0,842.0,0.0,25.0,1998.0,2024.0,,,,,,,,,,,,
h2,H2,H2c,"log(naissances+0,5 / 1 000 f. 35-39)","municipios avec covariables, bascule 4G ≥ 50 %",twfe,-4,0.011176049574676,0.024399153845517114,-0.036645413215789506,0.05899751236514151,0.6469160145450311,907,24489,False," ; fenêtre 1998-2024 ; 842 traitées, 65 jamais traitées sur la fenêtre ; 25 unités incomplètes exclues ; covariables invariantes dans le temps absorbées par les effets fixes unité : share_cab, log_pop, share_edu_sup, pretrend_1014 ; cellules −8 et +8 bornées",event,65.0,842.0,0.0,25.0,1998.0,2024.0,,,,,,,,,,,,
h2,H2,H2c,"log(naissances+0,5 / 1 000 f. 35-39)","municipios avec covariables, bascule 4G ≥ 50 %",twfe,-3,0.03732267466812996,0.02196523421070504,-0.005728393296838996,0.08037374263309892,0.0892870915231654,907,24489,False," ; fenêtre 1998-2024 ; 842 traitées, 65 jamais traitées sur la fenêtre ; 25 unités incomplètes exclues ; covariables invariantes dans le temps absorbées par les effets fixes unité : share_cab, log_pop, share_edu_sup, pretrend_1014 ; cellules −8 et +8 bornées",event,65.0,842.0,0.0,25.0,1998.0,2024.0,,,,,,,,,,,,
h2,H2,H2c,"log(naissances+0,5 / 1 000 f. 35-39)","municipios avec covariables, bascule 4G ≥ 50 %",twfe,-2,-0.020806430908599526,0.02067824201956768,-0.06133504053055497,0.01972217871335592,0.31431974922607564,907,24489,False," ; fenêtre 1998-2024 ; 842 traitées, 65 jamais traitées sur la fenêtre ; 25 unités incomplètes exclues ; covariables invariantes dans le temps absorbées par les effets fixes unité : share_cab, log_pop, share_edu_sup, pretrend_1014 ; cellules −8 et +8 bornées",event,65.0,842.0,0.0,25.0,1998.0,2024.0,,,,,,,,,,,,
h2,H2,H2c,"log(naissances+0,5 / 1 000 f. 35-39)","municipios avec covariables, bascule 4G ≥ 50 %",twfe,0,-0.0585129643372095,0.021696618640786744,-0.1010375554594519,-0.0159883732149671,0.006999454694481425,907,24489,False," ; fenêtre 1998-2024 ; 842 traitées, 65 jamais traitées sur la fenêtre ; 25 unités incomplètes exclues ; covariables invariantes dans le temps absorbées par les effets fixes unité : share_cab, log_pop, share_edu_sup, pretrend_1014 ; cellules −8 et +8 bornées",event,65.0,842.0,0.0,25.0,1998.0,2024.0,,,,,,,,,,,,
h2,H2,H2c,"log(naissances+0,5 / 1 000 f. 35-39)","municipios avec covariables, bascule 4G ≥ 50 %",twfe,1,-0.059360346230484154,0.02344599859287203,-0.10531365905409013,-0.01340703340687819,0.011348191324585722,907,24489,False," ; fenêtre 1998-2024 ; 842 traitées, 65 jamais traitées sur la fenêtre ; 25 unités incomplètes exclues ; covariables invariantes dans le temps absorbées par les effets fixes unité : share_cab, log_pop, share_edu_sup, pretrend_1014 ; cellules −8 et +8 bornées",event,65.0,842.0,0.0,25.0,1998.0,2024.0,,,,,,,,,,,,
h2,H2,H2c,"log(naissances+0,5 / 1 000 f. 35-39)","municipios avec covariables, bascule 4G ≥ 50 %",twfe,2,-0.06743114743855871,0.02610266841847632,-0.1185914374391634,-0.01627085743795404,0.009785883866268226,907,24489,False," ; fenêtre 1998-2024 ; 842 traitées, 65 jamais traitées sur la fenêtre ; 25 unités incomplètes exclues ; covariables invariantes dans le temps absorbées par les effets fixes unité : share_cab, log_pop, share_edu_sup, pretrend_1014 ; cellules −8 et +8 bornées",event,65.0,842.0,0.0,25.0,1998.0,2024.0,,,,,,,,,,,,
h2,H2,H2c,"log(naissances+0,5 / 1 000 f. 35-39)","municipios avec covariables, bascule 4G ≥ 50 %",twfe,3,-0.07985419476499887,0.028065702512908165,-0.13486196089111419,-0.024846428638883575,0.00443753145197227,907,24489,False," ; fenêtre 1998-2024 ; 842 traitées, 65 jamais traitées sur la fenêtre ; 25 unités incomplètes exclues ; covariables invariantes dans le temps absorbées par les effets fixes unité : share_cab, log_pop, share_edu_sup, pretrend_1014 ; cellules −8 et +8 bornées",event,65.0,842.0,0.0,25.0,1998.0,2024.0,,,,,,,,,,,,
h2,H2,H2c,"log(naissances+0,5 / 1 000 f. 35-39)","municipios avec covariables, bascule 4G ≥ 50 %",twfe,4,-0.1480753123906271,0.03507593674381377,-0.21682288513250722,-0.07932773964874698,2.4261303018996434e-05,907,24489,False," ; fenêtre 1998-2024 ; 842 traitées, 65 jamais traitées sur la fenêtre ; 25 unités incomplètes exclues ; covariables invariantes dans le temps absorbées par les effets fixes unité : share_cab, log_pop, share_edu_sup, pretrend_1014 ; cellules −8 et +8 bornées",event,65.0,842.0,0.0,25.0,1998.0,2024.0,,,,,,,,,,,,
h2,H2,H2c,"log(naissances+0,5 / 1 000 f. 35-39)","municipios avec covariables, bascule 4G ≥ 50 %",twfe,5,-0.18398529622202925,0.038202906192578365,-0.25886161646424505,-0.10910897597981345,1.4646260257821392e-06,907,24489,False," ; fenêtre 1998-2024 ; 842 traitées, 65 jamais traitées sur la fenêtre ; 25 unités incomplètes exclues ; covariables invariantes dans le temps absorbées par les effets fixes unité : share_cab, log_pop, share_edu_sup, pretrend_1014 ; cellules −8 et +8 bornées",event,65.0,842.0,0.0,25.0,1998.0,2024.0,,,,,,,,,,,,
h2,H2,H2c,"log(naissances+0,5 / 1 000 f. 35-39)","municipios avec covariables, bascule 4G ≥ 50 %",twfe,6,-0.15640898127855382,0.043919746881541384,-0.2424901033764903,-0.07032785918061736,0.0003691003958254533,907,24489,False," ; fenêtre 1998-2024 ; 842 traitées, 65 jamais traitées sur la fenêtre ; 25 unités incomplètes exclues ; covariables invariantes dans le temps absorbées par les effets fixes unité : share_cab, log_pop, share_edu_sup, pretrend_1014 ; cellules −8 et +8 bornées",event,65.0,842.0,0.0,25.0,1998.0,2024.0,,,,,,,,,,,,
h2,H2,H2c,"log(naissances+0,5 / 1 000 f. 35-39)","municipios avec covariables, bascule 4G ≥ 50 %",twfe,7,-0.1366050891249579,0.05337239251229832,-0.24121305621779784,-0.031997122032117936,0.010483161160716865,907,24489,False," ; fenêtre 1998-2024 ; 842 traitées, 65 jamais traitées sur la fenêtre ; 25 unités incomplètes exclues ; covariables invariantes dans le temps absorbées par les effets fixes unité : share_cab, log_pop, share_edu_sup, pretrend_1014 ; cellules −8 et +8 bornées",event,65.0,842.0,0.0,25.0,1998.0,2024.0,,,,,,,,,,,,
h2,H2,H2c,"log(naissances+0,5 / 1 000 f. 35-39)","municipios avec covariables, bascule 4G ≥ 50 %",twfe,8,-0.1977650520951625,0.06734119872542393,-0.329751376272748,-0.06577872791757702,0.0033165887005449355,907,24489,False," ; fenêtre 1998-2024 ; 842 traitées, 65 jamais traitées sur la fenêtre ; 25 unités incomplètes exclues ; covariables invariantes dans le temps absorbées par les effets fixes unité : share_cab, log_pop, share_edu_sup, pretrend_1014 ; cellules −8 et +8 bornées",event,65.0,842.0,0.0,25.0,1998.0,2024.0,,,,,,,,,,,,
h2,H2,H2c,"log(naissances+0,5 / 1 000 f. 35-39)","municipios avec covariables, bascule 4G ≥ 50 %",twfe,"ATT[1,5]",-0.10774125940933962,0.025388332739381125,-0.15750147720604576,-0.05798104161263349,2.198336711337962e-05,907,24489,False," ; fenêtre 1998-2024 ; 842 traitées, 65 jamais traitées sur la fenêtre ; 25 unités incomplètes exclues ; covariables invariantes dans le temps absorbées par les effets fixes unité : share_cab, log_pop, share_edu_sup, pretrend_1014 ; écart-type avec covariance complète (w'Vw)",post_avg,65.0,842.0,0.0,25.0,1998.0,2024.0,,,,,,,,,,,,
h2,H2,H2c,"log(naissances+0,5 / 1 000 f. 35-39)","municipios avec covariables, bascule 4G ≥ 50 %",twfe,Wald pré (-8..−2),14.226626118923797,,,,0.04729430973949208,907,24489,False,"test de Wald joint, covariance groupée, df = 7 ; fenêtre 1998-2024 ; 842 traitées, 65 jamais traitées sur la fenêtre ; 25 unités incomplètes exclues",pre_test,65.0,842.0,0.0,25.0,1998.0,2024.0,,,,,,,,,,,7.0,
h2,H2,H2c,"log(naissances+0,5 / 1 000 f. 35-39)","municipios avec covariables, bascule 4G ≥ 50 %",twfe,ATT,-0.0776009990906634,0.018374858962134078,-0.11361506087744923,-0.041586937303877566,2.408407571830632e-05,907,24489,False," ; fenêtre 1998-2024 ; 842 traitées, 65 jamais traitées sur la fenêtre ; 25 unités incomplètes exclues ; covariables invariantes dans le temps absorbées par les effets fixes unité : share_cab, log_pop, share_edu_sup, pretrend_1014",static,65.0,842.0,0.0,25.0,1998.0,2024.0,,,,,,,,,,,,
h2,H2,H2c,"log(naissances+0,5 / 1 000 f. 35-39)","municipios avec covariables, bascule 4G ≥ 50 %",twfe_poisson,ATT (log du taux contrefactuel),-0.05276432377812583,0.025103075643004232,-0.10196544793959877,-0.0035631996166528776,0.035561446411245104,907,24489,False," ; fenêtre 1998-2024 ; 842 traitées, 65 jamais traitées sur la fenêtre ; 25 unités incomplètes exclues ; covariables invariantes dans le temps absorbées par les effets fixes unité : share_cab, log_pop, share_edu_sup, pretrend_1014 ; Poisson à effets fixes, offset = log(women)",static,65.0,842.0,0.0,25.0,1998.0,2024.0,,,,,,,,,,,,
h2,H2,H2c,"log(naissances+0,5 / 1 000 f. 35-39)","municipios avec covariables, bascule 4G ≥ 50 %",twfe_poisson,ATT en % du taux contrefactuel,-5.139645055932074,2.3812866656831675,-9.69392466109359,-0.3556858567438148,0.035561446411245104,907,24489,False," ; fenêtre 1998-2024 ; 842 traitées, 65 jamais traitées sur la fenêtre ; 25 unités incomplètes exclues ; covariables invariantes dans le temps absorbées par les effets fixes unité : share_cab, log_pop, share_edu_sup, pretrend_1014 ; Poisson à effets fixes, offset = log(women)",static,65.0,842.0,0.0,25.0,1998.0,2024.0,,,,,,,,,,,,
h2,H2,H2c,"log(naissances+0,5 / 1 000 f. 40-49)","municipios avec covariables, bascule 4G ≥ 50 %",cs,-8,0.09303128744959062,0.04059131620029448,0.013473769611936207,0.17258880528724502,0.021911343387956486,907,24489,False," ; covariables : share_cab, log_pop, share_edu_sup, pretrend_1014 (doublement robuste) ; contrôle = not_yet_treated ; fenêtre 1998-2024 ; 842 traitées, 65 jamais traitées sur la fenêtre ; 25 unités incomplètes exclues",event,65.0,842.0,0.0,25.0,1998.0,2024.0,1998.0,2024.0,907.0,5.0,dr,8.0,842.0,,,,,
h2,H2,H2c,"log(naissances+0,5 / 1 000 f. 40-49)","municipios avec covariables, bascule 4G ≥ 50 %",cs,-7,0.08005397227879181,0.041747902784074364,-0.0017704136080733957,0.16187835816565702,0.05516724016129067,907,24489,False," ; covariables : share_cab, log_pop, share_edu_sup, pretrend_1014 (doublement robuste) ; contrôle = not_yet_treated ; fenêtre 1998-2024 ; 842 traitées, 65 jamais traitées sur la fenêtre ; 25 unités incomplètes exclues",event,65.0,842.0,0.0,25.0,1998.0,2024.0,1998.0,2024.0,907.0,5.0,dr,8.0,842.0,,,,,
h2,H2,H2c,"log(naissances+0,5 / 1 000 f. 40-49)","municipios avec covariables, bascule 4G ≥ 50 %",cs,-6,0.04749621354683936,0.04287105271757036,-0.036529505758916545,0.13152193285259528,0.2679113101095769,907,24489,False," ; covariables : share_cab, log_pop, share_edu_sup, pretrend_1014 (doublement robuste) ; contrôle = not_yet_treated ; fenêtre 1998-2024 ; 842 traitées, 65 jamais traitées sur la fenêtre ; 25 unités incomplètes exclues",event,65.0,842.0,0.0,25.0,1998.0,2024.0,1998.0,2024.0,907.0,5.0,dr,8.0,842.0,,,,,
h2,H2,H2c,"log(naissances+0,5 / 1 000 f. 40-49)","municipios avec covariables, bascule 4G ≥ 50 %",cs,-5,0.09728912147467172,0.06298882027265006,-0.026166697688388807,0.22074494063773226,0.12245615075603766,907,24489,False," ; covariables : share_cab, log_pop, share_edu_sup, pretrend_1014 (doublement robuste) ; contrôle = not_yet_treated ; fenêtre 1998-2024 ; 842 traitées, 65 jamais traitées sur la fenêtre ; 25 unités incomplètes exclues",event,65.0,842.0,0.0,25.0,1998.0,2024.0,1998.0,2024.0,907.0,5.0,dr,8.0,842.0,,,,,
h2,H2,H2c,"log(naissances+0,5 / 1 000 f. 40-49)","municipios avec covariables, bascule 4G ≥ 50 %",cs,-4,0.022587389012289218,0.0407406913390985,-0.05726289871760675,0.10243767674218518,0.5792925346850777,907,24489,False," ; covariables : share_cab, log_pop, share_edu_sup, pretrend_1014 (doublement robuste) ; contrôle = not_yet_treated ; fenêtre 1998-2024 ; 842 traitées, 65 jamais traitées sur la fenêtre ; 25 unités incomplètes exclues",event,65.0,842.0,0.0,25.0,1998.0,2024.0,1998.0,2024.0,907.0,5.0,dr,8.0,842.0,,,,,
h2,H2,H2c,"log(naissances+0,5 / 1 000 f. 40-49)","municipios avec covariables, bascule 4G ≥ 50 %",cs,-3,0.08596216941670516,0.03857647597673999,0.010353665851820168,0.16157067298159017,0.02585670233057503,907,24489,False," ; covariables : share_cab, log_pop, share_edu_sup, pretrend_1014 (doublement robuste) ; contrôle = not_yet_treated ; fenêtre 1998-2024 ; 842 traitées, 65 jamais traitées sur la fenêtre ; 25 unités incomplètes exclues",event,65.0,842.0,0.0,25.0,1998.0,2024.0,1998.0,2024.0,907.0,5.0,dr,8.0,842.0,,,,,
h2,H2,H2c,"log(naissances+0,5 / 1 000 f. 40-49)","municipios avec covariables, bascule 4G ≥ 50 %",cs,-2,0.12230397774675818,0.053361342595272324,0.01771766809332133,0.226890287400195,0.02190588052389587,907,24489,False," ; covariables : share_cab, log_pop, share_edu_sup, pretrend_1014 (doublement robuste) ; contrôle = not_yet_treated ; fenêtre 1998-2024 ; 842 traitées, 65 jamais traitées sur la fenêtre ; 25 unités incomplètes exclues",event,65.0,842.0,0.0,25.0,1998.0,2024.0,1998.0,2024.0,907.0,5.0,dr,8.0,842.0,,,,,
h2,H2,H2c,"log(naissances+0,5 / 1 000 f. 40-49)","municipios avec covariables, bascule 4G ≥ 50 %",cs,0,0.07706928902401117,0.03967640834060774,-0.0006950423594846156,0.15483362040750695,0.05208310569767762,907,24489,False," ; covariables : share_cab, log_pop, share_edu_sup, pretrend_1014 (doublement robuste) ; contrôle = not_yet_treated ; fenêtre 1998-2024 ; 842 traitées, 65 jamais traitées sur la fenêtre ; 25 unités incomplètes exclues",event,65.0,842.0,0.0,25.0,1998.0,2024.0,1998.0,2024.0,907.0,5.0,dr,8.0,842.0,,,,,
h2,H2,H2c,"log(naissances+0,5 / 1 000 f. 40-49)","municipios avec covariables, bascule 4G ≥ 50 %",cs,1,0.14998207438875574,0.07014517713227233,0.012500053520319382,0.2874640952571921,0.03250322470990853,907,24489,False," ; covariables : share_cab, log_pop, share_edu_sup, pretrend_1014 (doublement robuste) ; contrôle = not_yet_treated ; fenêtre 1998-2024 ; 842 traitées, 65 jamais traitées sur la fenêtre ; 25 unités incomplètes exclues",event,65.0,842.0,0.0,25.0,1998.0,2024.0,1998.0,2024.0,907.0,5.0,dr,8.0,842.0,,,,,
h2,H2,H2c,"log(naissances+0,5 / 1 000 f. 40-49)","municipios avec covariables, bascule 4G ≥ 50 %",cs,2,0.113195508521448,0.07754492262878326,-0.03878974701491225,0.2651807640578082,0.14436124923828103,907,24489,False," ; covariables : share_cab, log_pop, share_edu_sup, pretrend_1014 (doublement robuste) ; contrôle = not_yet_treated ; fenêtre 1998-2024 ; 842 traitées, 65 jamais traitées sur la fenêtre ; 25 unités incomplètes exclues",event,65.0,842.0,0.0,25.0,1998.0,2024.0,1998.0,2024.0,907.0,5.0,dr,7.0,797.0,,,,,
h2,H2,H2c,"log(naissances+0,5 / 1 000 f. 40-49)","municipios avec covariables, bascule 4G ≥ 50 %",cs,3,0.1945785349845367,0.09514149902228564,0.008104623465704092,0.38105244650336934,0.04084017753974801,907,24489,False," ; covariables : share_cab, log_pop, share_edu_sup, pretrend_1014 (doublement robuste) ; contrôle = not_yet_treated ; fenêtre 1998-2024 ; 842 traitées, 65 jamais traitées sur la fenêtre ; 25 unités incomplètes exclues",event,65.0,842.0,0.0,25.0,1998.0,2024.0,1998.0,2024.0,907.0,5.0,dr,6.0,754.0,,,,,
h2,H2,H2c,"log(naissances+0,5 / 1 000 f. 40-49)","municipios avec covariables, bascule 4G ≥ 50 %",cs,4,0.209591042760492,0.12298629676856716,-0.031457669497854474,0.45063975501883846,0.08834707640218505,907,24489,False," ; covariables : share_cab, log_pop, share_edu_sup, pretrend_1014 (doublement robuste) ; contrôle = not_yet_treated ; fenêtre 1998-2024 ; 842 traitées, 65 jamais traitées sur la fenêtre ; 25 unités incomplètes exclues",event,65.0,842.0,0.0,25.0,1998.0,2024.0,1998.0,2024.0,907.0,5.0,dr,5.0,534.0,,,,,
h2,H2,H2c,"log(naissances+0,5 / 1 000 f. 40-49)","municipios avec covariables, bascule 4G ≥ 50 %",cs,5,0.2246612593698169,0.1283561673704107,-0.026912205869783323,0.4762347246094171,0.0800672869986483,907,24489,False," ; covariables : share_cab, log_pop, share_edu_sup, pretrend_1014 (doublement robuste) ; contrôle = not_yet_treated ; fenêtre 1998-2024 ; 842 traitées, 65 jamais traitées sur la fenêtre ; 25 unités incomplètes exclues",event,65.0,842.0,0.0,25.0,1998.0,2024.0,1998.0,2024.0,907.0,5.0,dr,4.0,367.0,,,,,
h2,H2,H2c,"log(naissances+0,5 / 1 000 f. 40-49)","municipios avec covariables, bascule 4G ≥ 50 %",cs,6,0.3763849181487162,0.15027948578687908,0.08184253839123429,0.6709272979061982,0.012260166533596706,907,24489,False," ; covariables : share_cab, log_pop, share_edu_sup, pretrend_1014 (doublement robuste) ; contrôle = not_yet_treated ; fenêtre 1998-2024 ; 842 traitées, 65 jamais traitées sur la fenêtre ; 25 unités incomplètes exclues",event,65.0,842.0,0.0,25.0,1998.0,2024.0,1998.0,2024.0,907.0,5.0,dr,3.0,277.0,,,,,
h2,H2,H2c,"log(naissances+0,5 / 1 000 f. 40-49)","municipios avec covariables, bascule 4G ≥ 50 %",cs,7,0.30994081135892987,0.18296799218658227,-0.0486698636503774,0.6685514863682371,0.09027251934383722,907,24489,False," ; covariables : share_cab, log_pop, share_edu_sup, pretrend_1014 (doublement robuste) ; contrôle = not_yet_treated ; fenêtre 1998-2024 ; 842 traitées, 65 jamais traitées sur la fenêtre ; 25 unités incomplètes exclues",event,65.0,842.0,0.0,25.0,1998.0,2024.0,1998.0,2024.0,907.0,5.0,dr,2.0,173.0,,,,,
h2,H2,H2c,"log(naissances+0,5 / 1 000 f. 40-49)","municipios avec covariables, bascule 4G ≥ 50 %",cs,8,-0.014217790382632309,0.3529641198964513,-0.7060147532145544,0.6775791724492899,0.9678690049110955,907,24489,False," ; covariables : share_cab, log_pop, share_edu_sup, pretrend_1014 (doublement robuste) ; contrôle = not_yet_treated ; fenêtre 1998-2024 ; 842 traitées, 65 jamais traitées sur la fenêtre ; 25 unités incomplètes exclues",event,65.0,842.0,0.0,25.0,1998.0,2024.0,1998.0,2024.0,907.0,5.0,dr,1.0,93.0,,,,,
h2,H2,H2c,"log(naissances+0,5 / 1 000 f. 40-49)","municipios avec covariables, bascule 4G ≥ 50 %",cs,"ATT[1,5]",0.1784016840050099,0.08095068522420394,0.019741256441731442,0.33706211156828836,0.02753618425499022,907,24489,False," ; covariables : share_cab, log_pop, share_edu_sup, pretrend_1014 (doublement robuste) ; contrôle = not_yet_treated ; fenêtre 1998-2024 ; 842 traitées, 65 jamais traitées sur la fenêtre ; 25 unités incomplètes exclues ; écart-type avec covariance complète des coefficients (fonctions d'influence)",post_avg,65.0,842.0,0.0,25.0,1998.0,2024.0,1998.0,2024.0,907.0,5.0,dr,,,,,5.0,,
h2,H2,H2c,"log(naissances+0,5 / 1 000 f. 40-49)","municipios avec covariables, bascule 4G ≥ 50 %",cs,ATT,0.1664959843712362,0.06410492300682488,0.0408526440461463,0.2921393246963261,0.0093975748896573,907,24489,False," ; covariables : share_cab, log_pop, share_edu_sup, pretrend_1014 (doublement robuste) ; contrôle = not_yet_treated ; fenêtre 1998-2024 ; 842 traitées, 65 jamais traitées sur la fenêtre ; 25 unités incomplètes exclues ; moyenne de tous les ATT(g,t) post",simple,65.0,842.0,0.0,25.0,1998.0,2024.0,1998.0,2024.0,907.0,5.0,dr,,,,,,,
h2,H2,H2c,"log(naissances+0,5 / 1 000 f. 40-49)","municipios avec covariables, bascule 4G ≥ 50 %",cs,Wald pré (-8..-2),11.813054633968907,,,,0.10687671076611477,907,24489,False,"H5c : test de Wald joint de nullité des coefficients pré avec covariance des fonctions d'influence, df = 7 ; fenêtre 1998-2024 ; 842 traitées, 65 jamais traitées sur la fenêtre ; 25 unités incomplètes exclues",pre_test,65.0,842.0,0.0,25.0,1998.0,2024.0,1998.0,2024.0,907.0,5.0,dr,,,,,,7.0,
h2,H2,H2c,"log(naissances+0,5 / 1 000 f. 40-49)","municipios avec covariables, bascule 4G ≥ 50 %",sunab,-8,0.0766722125560313,0.054750087588351704,-0.03063598726755147,0.18398041237961404,0.1613925319740308,907,24489,False," ; fenêtre 1998-2024 ; 842 traitées, 65 jamais traitées sur la fenêtre ; 25 unités incomplètes exclues ; covariables invariantes dans le temps absorbées par les effets fixes unité : share_cab, log_pop, share_edu_sup, pretrend_1014 ; cellules −8 et +8 bornées",event,65.0,842.0,0.0,25.0,1998.0,2024.0,,,,,,,,,,,,
h2,H2,H2c,"log(naissances+0,5 / 1 000 f. 40-49)","municipios avec covariables, bascule 4G ≥ 50 %",sunab,-7,0.04556460790414755,0.05237132153239772,-0.05708129612211902,0.14821051193041412,0.38428414507874,907,24489,False," ; fenêtre 1998-2024 ; 842 traitées, 65 jamais traitées sur la fenêtre ; 25 unités incomplètes exclues ; covariables invariantes dans le temps absorbées par les effets fixes unité : share_cab, log_pop, share_edu_sup, pretrend_1014 ; cellules −8 et +8 bornées",event,65.0,842.0,0.0,25.0,1998.0,2024.0,,,,,,,,,,,,
h2,H2,H2c,"log(naissances+0,5 / 1 000 f. 40-49)","municipios avec covariables, bascule 4G ≥ 50 %",sunab,-6,0.005971595002748482,0.04864444625548573,-0.08936976770589784,0.1013129577113948,0.9022971047233176,907,24489,False," ; fenêtre 1998-2024 ; 842 traitées, 65 jamais traitées sur la fenêtre ; 25 unités incomplètes exclues ; covariables invariantes dans le temps absorbées par les effets fixes unité : share_cab, log_pop, share_edu_sup, pretrend_1014 ; cellules −8 et +8 bornées",event,65.0,842.0,0.0,25.0,1998.0,2024.0,,,,,,,,,,,,
h2,H2,H2c,"log(naissances+0,5 / 1 000 f. 40-49)","municipios avec covariables, bascule 4G ≥ 50 %",sunab,-5,0.020558559302250954,0.047999793936207825,-0.07351930807806047,0.11463642668256237,0.6684289644869368,907,24489,False," ; fenêtre 1998-2024 ; 842 traitées, 65 jamais traitées sur la fenêtre ; 25 unités incomplètes exclues ; covariables invariantes dans le temps absorbées par les effets fixes unité : share_cab, log_pop, share_edu_sup, pretrend_1014 ; cellules −8 et +8 bornées",event,65.0,842.0,0.0,25.0,1998.0,2024.0,,,,,,,,,,,,
h2,H2,H2c,"log(naissances+0,5 / 1 000 f. 40-49)","municipios avec covariables, bascule 4G ≥ 50 %",sunab,-4,-0.030357031803925655,0.04346654159405689,-0.11554988786078939,0.05483582425293808,0.4849270885336434,907,24489,False," ; fenêtre 1998-2024 ; 842 traitées, 65 jamais traitées sur la fenêtre ; 25 unités incomplètes exclues ; covariables invariantes dans le temps absorbées par les effets fixes unité : share_cab, log_pop, share_edu_sup, pretrend_1014 ; cellules −8 et +8 bornées",event,65.0,842.0,0.0,25.0,1998.0,2024.0,,,,,,,,,,,,
h2,H2,H2c,"log(naissances+0,5 / 1 000 f. 40-49)","municipios avec covariables, bascule 4G ≥ 50 %",sunab,-3,0.019107750019198053,0.03911541061872177,-0.05755704603399221,0.09577254607238832,0.6251980442637493,907,24489,False," ; fenêtre 1998-2024 ; 842 traitées, 65 jamais traitées sur la fenêtre ; 25 unités incomplètes exclues ; covariables invariantes dans le temps absorbées par les effets fixes unité : share_cab, log_pop, share_edu_sup, pretrend_1014 ; cellules −8 et +8 bornées",event,65.0,842.0,0.0,25.0,1998.0,2024.0,,,,,,,,,,,,
h2,H2,H2c,"log(naissances+0,5 / 1 000 f. 40-49)","municipios avec covariables, bascule 4G ≥ 50 %",sunab,-2,0.048681042531690824,0.03488798390461297,-0.019698149414563687,0.11706023447794534,0.1629095074450324,907,24489,False," ; fenêtre 1998-2024 ; 842 traitées, 65 jamais traitées sur la fenêtre ; 25 unités incomplètes exclues ; covariables invariantes dans le temps absorbées par les effets fixes unité : share_cab, log_pop, share_edu_sup, pretrend_1014 ; cellules −8 et +8 bornées",event,65.0,842.0,0.0,25.0,1998.0,2024.0,,,,,,,,,,,,
h2,H2,H2c,"log(naissances+0,5 / 1 000 f. 40-49)","municipios avec covariables, bascule 4G ≥ 50 %",sunab,0,0.05427365504011599,0.03207448042560962,-0.00859117141691381,0.11713848149714579,0.09062437232803941,907,24489,False," ; fenêtre 1998-2024 ; 842 traitées, 65 jamais traitées sur la fenêtre ; 25 unités incomplètes exclues ; covariables invariantes dans le temps absorbées par les effets fixes unité : share_cab, log_pop, share_edu_sup, pretrend_1014 ; cellules −8 et +8 bornées",event,65.0,842.0,0.0,25.0,1998.0,2024.0,,,,,,,,,,,,
h2,H2,H2c,"log(naissances+0,5 / 1 000 f. 40-49)","municipios avec covariables, bascule 4G ≥ 50 %",sunab,1,0.0062079609553042404,0.03646111876471579,-0.06525451865957625,0.07767044057018473,0.8648037072797619,907,24489,False," ; fenêtre 1998-2024 ; 842 traitées, 65 jamais traitées sur la fenêtre ; 25 unités incomplètes exclues ; covariables invariantes dans le temps absorbées par les effets fixes unité : share_cab, log_pop, share_edu_sup, pretrend_1014 ; cellules −8 et +8 bornées",event,65.0,842.0,0.0,25.0,1998.0,2024.0,,,,,,,,,,,,
h2,H2,H2c,"log(naissances+0,5 / 1 000 f. 40-49)","municipios avec covariables, bascule 4G ≥ 50 %",sunab,2,-0.00893336205877944,0.04437693404152944,-0.09591055452448664,0.07804383040692776,0.8404589769639865,907,24489,False," ; fenêtre 1998-2024 ; 842 traitées, 65 jamais traitées sur la fenêtre ; 25 unités incomplètes exclues ; covariables invariantes dans le temps absorbées par les effets fixes unité : share_cab, log_pop, share_edu_sup, pretrend_1014 ; cellules −8 et +8 bornées",event,65.0,842.0,0.0,25.0,1998.0,2024.0,,,,,,,,,,,,
h2,H2,H2c,"log(naissances+0,5 / 1 000 f. 40-49)","municipios avec covariables, bascule 4G ≥ 50 %",sunab,3,0.052344489556316945,0.048177470016995655,-0.04208161654325285,0.14677059565588674,0.2772608845763961,907,24489,False," ; fenêtre 1998-2024 ; 842 traitées, 65 jamais traitées sur la fenêtre ; 25 unités incomplètes exclues ; covariables invariantes dans le temps absorbées par les effets fixes unité : share_cab, log_pop, share_edu_sup, pretrend_1014 ; cellules −8 et +8 bornées",event,65.0,842.0,0.0,25.0,1998.0,2024.0,,,,,,,,,,,,
h2,H2,H2c,"log(naissances+0,5 / 1 000 f. 40-49)","municipios avec covariables, bascule 4G ≥ 50 %",sunab,4,-0.0051349204461010635,0.06344705488822919,-0.12948886295216624,0.11921902205996412,0.9354957378040845,907,24489,False," ; fenêtre 1998-2024 ; 842 traitées, 65 jamais traitées sur la fenêtre ; 25 unités incomplètes exclues ; covariables invariantes dans le temps absorbées par les effets fixes unité : share_cab, log_pop, share_edu_sup, pretrend_1014 ; cellules −8 et +8 bornées",event,65.0,842.0,0.0,25.0,1998.0,2024.0,,,,,,,,,,,,
h2,H2,H2c,"log(naissances+0,5 / 1 000 f. 40-49)","municipios avec covariables, bascule 4G ≥ 50 %",sunab,5,0.06017984416889616,0.06692219370319143,-0.07098524525577224,0.19134493359356455,0.3685190240330204,907,24489,False," ; fenêtre 1998-2024 ; 842 traitées, 65 jamais traitées sur la fenêtre ; 25 unités incomplètes exclues ; covariables invariantes dans le temps absorbées par les effets fixes unité : share_cab, log_pop, share_edu_sup, pretrend_1014 ; cellules −8 et +8 bornées",event,65.0,842.0,0.0,25.0,1998.0,2024.0,,,,,,,,,,,,
h2,H2,H2c,"log(naissances+0,5 / 1 000 f. 40-49)","municipios avec covariables, bascule 4G ≥ 50 %",sunab,6,0.09239104456825685,0.07573909111986862,-0.05605484624848307,0.2408369353849968,0.22251816739800157,907,24489,False," ; fenêtre 1998-2024 ; 842 traitées, 65 jamais traitées sur la fenêtre ; 25 unités incomplètes exclues ; covariables invariantes dans le temps absorbées par les effets fixes unité : share_cab, log_pop, share_edu_sup, pretrend_1014 ; cellules −8 et +8 bornées",event,65.0,842.0,0.0,25.0,1998.0,2024.0,,,,,,,,,,,,
h2,H2,H2c,"log(naissances+0,5 / 1 000 f. 40-49)","municipios avec covariables, bascule 4G ≥ 50 %",sunab,7,0.13744448210146049,0.08387051459713674,-0.026938705873768398,0.30182767007668937,0.10126117204000096,907,24489,False," ; fenêtre 1998-2024 ; 842 traitées, 65 jamais traitées sur la fenêtre ; 25 unités incomplètes exclues ; covariables invariantes dans le temps absorbées par les effets fixes unité : share_cab, log_pop, share_edu_sup, pretrend_1014 ; cellules −8 et +8 bornées",event,65.0,842.0,0.0,25.0,1998.0,2024.0,,,,,,,,,,,,
h2,H2,H2c,"log(naissances+0,5 / 1 000 f. 40-49)","municipios avec covariables, bascule 4G ≥ 50 %",sunab,8,0.04195592870323752,0.12692577991749435,-0.20681402864470866,0.2907258860511837,0.7409807755752406,907,24489,False," ; fenêtre 1998-2024 ; 842 traitées, 65 jamais traitées sur la fenêtre ; 25 unités incomplètes exclues ; covariables invariantes dans le temps absorbées par les effets fixes unité : share_cab, log_pop, share_edu_sup, pretrend_1014 ; cellules −8 et +8 bornées",event,65.0,842.0,0.0,25.0,1998.0,2024.0,,,,,,,,,,,,
h2,H2,H2c,"log(naissances+0,5 / 1 000 f. 40-49)","municipios avec covariables, bascule 4G ≥ 50 %",sunab,"ATT[1,5]",0.02093280243512737,0.0425682098483374,-0.06249935575395718,0.10436496062421191,0.6228979929757754,907,24489,False," ; fenêtre 1998-2024 ; 842 traitées, 65 jamais traitées sur la fenêtre ; 25 unités incomplètes exclues ; covariables invariantes dans le temps absorbées par les effets fixes unité : share_cab, log_pop, share_edu_sup, pretrend_1014 ; écart-type avec covariance complète (w'Vw)",post_avg,65.0,842.0,0.0,25.0,1998.0,2024.0,,,,,,,,,,,,
h2,H2,H2c,"log(naissances+0,5 / 1 000 f. 40-49)","municipios avec covariables, bascule 4G ≥ 50 %",sunab,Wald pré (-8..−2),14.144870369673345,,,,0.0486638752600555,907,24489,False,"test de Wald joint, covariance groupée, df = 7 ; fenêtre 1998-2024 ; 842 traitées, 65 jamais traitées sur la fenêtre ; 25 unités incomplètes exclues",pre_test,65.0,842.0,0.0,25.0,1998.0,2024.0,,,,,,,,,,,7.0,
h2,H2,H2c,"log(naissances+0,5 / 1 000 f. 40-49)","municipios avec covariables, bascule 4G ≥ 50 %",did2s,-8,0.004492658897952288,0.001901047652316508,0.00076667396651751,0.008218643829387067,0.01811523793482101,907,24489,False," ; fenêtre 1998-2024 ; 842 traitées, 65 jamais traitées sur la fenêtre ; 25 unités incomplètes exclues ; covariables invariantes dans le temps absorbées par les effets fixes unité : share_cab, log_pop, share_edu_sup, pretrend_1014 ; cellules −8 et +8 bornées",event,65.0,842.0,0.0,25.0,1998.0,2024.0,,,,,,,,,,,,
h2,H2,H2c,"log(naissances+0,5 / 1 000 f. 40-49)","municipios avec covariables, bascule 4G ≥ 50 %",did2s,-7,0.0029591264240255177,0.017921758451739364,-0.03216687468100996,0.03808512752906099,0.868854552531347,907,24489,False," ; fenêtre 1998-2024 ; 842 traitées, 65 jamais traitées sur la fenêtre ; 25 unités incomplètes exclues ; covariables invariantes dans le temps absorbées par les effets fixes unité : share_cab, log_pop, share_edu_sup, pretrend_1014 ; cellules −8 et +8 bornées",event,65.0,842.0,0.0,25.0,1998.0,2024.0,,,,,,,,,,,,
h2,H2,H2c,"log(naissances+0,5 / 1 000 f. 40-49)","municipios avec covariables, bascule 4G ≥ 50 %",did2s,-6,-0.00343228386993031,0.01786910347609817,-0.03845508311910221,0.03159051537924159,0.8476801338016595,907,24489,False," ; fenêtre 1998-2024 ; 842 traitées, 65 jamais traitées sur la fenêtre ; 25 unités incomplètes exclues ; covariables invariantes dans le temps absorbées par les effets fixes unité : share_cab, log_pop, share_edu_sup, pretrend_1014 ; cellules −8 et +8 bornées",event,65.0,842.0,0.0,25.0,1998.0,2024.0,,,,,,,,,,,,
h2,H2,H2c,"log(naissances+0,5 / 1 000 f. 40-49)","municipios avec covariables, bascule 4G ≥ 50 %",did2s,-5,0.0075098561343240125,0.01815491468466958,-0.028073122790025717,0.04309283505867374,0.6791273966805722,907,24489,False," ; fenêtre 1998-2024 ; 842 traitées, 65 jamais traitées sur la fenêtre ; 25 unités incomplètes exclues ; covariables invariantes dans le temps absorbées par les effets fixes unité : share_cab, log_pop, share_edu_sup, pretrend_1014 ; cellules −8 et +8 bornées",event,65.0,842.0,0.0,25.0,1998.0,2024.0,,,,,,,,,,,,
h2,H2,H2c,"log(naissances+0,5 / 1 000 f. 40-49)","municipios avec covariables, bascule 4G ≥ 50 %",did2s,-4,-0.03730326207670152,0.017583109039634767,-0.07176552253062632,-0.002841001622776715,0.0338764193326201,907,24489,False," ; fenêtre 1998-2024 ; 842 traitées, 65 jamais traitées sur la fenêtre ; 25 unités incomplètes exclues ; covariables invariantes dans le temps absorbées par les effets fixes unité : share_cab, log_pop, share_edu_sup, pretrend_1014 ; cellules −8 et +8 bornées",event,65.0,842.0,0.0,25.0,1998.0,2024.0,,,,,,,,,,,,
h2,H2,H2c,"log(naissances+0,5 / 1 000 f. 40-49)","municipios avec covariables, bascule 4G ≥ 50 %",did2s,-3,0.011861121327859091,0.01756752831077658,-0.02257060145865078,0.04629284411436896,0.49956583914447117,907,24489,False," ; fenêtre 1998-2024 ; 842 traitées, 65 jamais traitées sur la fenêtre ; 25 unités incomplètes exclues ; covariables invariantes dans le temps absorbées par les effets fixes unité : share_cab, log_pop, share_edu_sup, pretrend_1014 ; cellules −8 et +8 bornées",event,65.0,842.0,0.0,25.0,1998.0,2024.0,,,,,,,,,,,,
h2,H2,H2c,"log(naissances+0,5 / 1 000 f. 40-49)","municipios avec covariables, bascule 4G ≥ 50 %",did2s,-2,-0.004433460846501603,0.01759251314332009,-0.038914153004956514,0.030047231311953304,0.8010345817084558,907,24489,False," ; fenêtre 1998-2024 ; 842 traitées, 65 jamais traitées sur la fenêtre ; 25 unités incomplètes exclues ; covariables invariantes dans le temps absorbées par les effets fixes unité : share_cab, log_pop, share_edu_sup, pretrend_1014 ; cellules −8 et +8 bornées",event,65.0,842.0,0.0,25.0,1998.0,2024.0,,,,,,,,,,,,
h2,H2,H2c,"log(naissances+0,5 / 1 000 f. 40-49)","municipios avec covariables, bascule 4G ≥ 50 %",did2s,0,-0.013190392706649097,0.02831098975915407,-0.06867891300127338,0.04229812758797518,0.6412794307159893,907,24489,False," ; fenêtre 1998-2024 ; 842 traitées, 65 jamais traitées sur la fenêtre ; 25 unités incomplètes exclues ; covariables invariantes dans le temps absorbées par les effets fixes unité : share_cab, log_pop, share_edu_sup, pretrend_1014 ; cellules −8 et +8 bornées",event,65.0,842.0,0.0,25.0,1998.0,2024.0,,,,,,,,,,,,
h2,H2,H2c,"log(naissances+0,5 / 1 000 f. 40-49)","municipios avec covariables, bascule 4G ≥ 50 %",did2s,1,-0.06003396091616733,0.03258457764733263,-0.12389855955638818,0.0038306377240535164,0.06541605596839861,907,24489,False," ; fenêtre 1998-2024 ; 842 traitées, 65 jamais traitées sur la fenêtre ; 25 unités incomplètes exclues ; covariables invariantes dans le temps absorbées par les effets fixes unité : share_cab, log_pop, share_edu_sup, pretrend_1014 ; cellules −8 et +8 bornées",event,65.0,842.0,0.0,25.0,1998.0,2024.0,,,,,,,,,,,,
h2,H2,H2c,"log(naissances+0,5 / 1 000 f. 40-49)","municipios avec covariables, bascule 4G ≥ 50 %",did2s,2,-0.07730211230573047,0.03971893113031106,-0.15514978682556693,0.0005455622141059824,0.05162730831843842,907,24489,False," ; fenêtre 1998-2024 ; 842 traitées, 65 jamais traitées sur la fenêtre ; 25 unités incomplètes exclues ; covariables invariantes dans le temps absorbées par les effets fixes unité : share_cab, log_pop, share_edu_sup, pretrend_1014 ; cellules −8 et +8 bornées",event,65.0,842.0,0.0,25.0,1998.0,2024.0,,,,,,,,,,,,
h2,H2,H2c,"log(naissances+0,5 / 1 000 f. 40-49)","municipios avec covariables, bascule 4G ≥ 50 %",did2s,3,-0.04094879141253555,0.043729144742017875,-0.12665634018162966,0.04475875735655855,0.34905762365996196,907,24489,False," ; fenêtre 1998-2024 ; 842 traitées, 65 jamais traitées sur la fenêtre ; 25 unités incomplètes exclues ; covariables invariantes dans le temps absorbées par les effets fixes unité : share_cab, log_pop, share_edu_sup, pretrend_1014 ; cellules −8 et +8 bornées",event,65.0,842.0,0.0,25.0,1998.0,2024.0,,,,,,,,,,,,
h2,H2,H2c,"log(naissances+0,5 / 1 000 f. 40-49)","municipios avec covariables, bascule 4G ≥ 50 %",did2s,4,-0.07764901222402669,0.047858268390947895,-0.17144949463273623,0.016151470184682867,0.10470092978551318,907,24489,False," ; fenêtre 1998-2024 ; 842 traitées, 65 jamais traitées sur la fenêtre ; 25 unités incomplètes exclues ; covariables invariantes dans le temps absorbées par les effets fixes unité : share_cab, log_pop, share_edu_sup, pretrend_1014 ; cellules −8 et +8 bornées",event,65.0,842.0,0.0,25.0,1998.0,2024.0,,,,,,,,,,,,
h2,H2,H2c,"log(naissances+0,5 / 1 000 f. 40-49)","municipios avec covariables, bascule 4G ≥ 50 %",did2s,5,-0.0967597096099065,0.05428684952967246,-0.20315997952220968,0.009640560302396683,0.07468754065139198,907,24489,False," ; fenêtre 1998-2024 ; 842 traitées, 65 jamais traitées sur la fenêtre ; 25 unités incomplètes exclues ; covariables invariantes dans le temps absorbées par les effets fixes unité : share_cab, log_pop, share_edu_sup, pretrend_1014 ; cellules −8 et +8 bornées",event,65.0,842.0,0.0,25.0,1998.0,2024.0,,,,,,,,,,,,
h2,H2,H2c,"log(naissances+0,5 / 1 000 f. 40-49)","municipios avec covariables, bascule 4G ≥ 50 %",did2s,6,-0.03151076193816743,0.06213259885675566,-0.15328841796328307,0.0902668940869482,0.6120471532619669,907,24489,False," ; fenêtre 1998-2024 ; 842 traitées, 65 jamais traitées sur la fenêtre ; 25 unités incomplètes exclues ; covariables invariantes dans le temps absorbées par les effets fixes unité : share_cab, log_pop, share_edu_sup, pretrend_1014 ; cellules −8 et +8 bornées",event,65.0,842.0,0.0,25.0,1998.0,2024.0,,,,,,,,,,,,
h2,H2,H2c,"log(naissances+0,5 / 1 000 f. 40-49)","municipios avec covariables, bascule 4G ≥ 50 %",did2s,7,-0.02536002109290178,0.07028724925751184,-0.16312049821001465,0.11240045602421109,0.7182449043580668,907,24489,False," ; fenêtre 1998-2024 ; 842 traitées, 65 jamais traitées sur la fenêtre ; 25 unités incomplètes exclues ; covariables invariantes dans le temps absorbées par les effets fixes unité : share_cab, log_pop, share_edu_sup, pretrend_1014 ; cellules −8 et +8 bornées",event,65.0,842.0,0.0,25.0,1998.0,2024.0,,,,,,,,,,,,
h2,H2,H2c,"log(naissances+0,5 / 1 000 f. 40-49)","municipios avec covariables, bascule 4G ≥ 50 %",did2s,8,-0.05660346841360757,0.1023679902769268,-0.25724104252613056,0.1440341056989154,0.5803037477425168,907,24489,False," ; fenêtre 1998-2024 ; 842 traitées, 65 jamais traitées sur la fenêtre ; 25 unités incomplètes exclues ; covariables invariantes dans le temps absorbées par les effets fixes unité : share_cab, log_pop, share_edu_sup, pretrend_1014 ; cellules −8 et +8 bornées",event,65.0,842.0,0.0,25.0,1998.0,2024.0,,,,,,,,,,,,
h2,H2,H2c,"log(naissances+0,5 / 1 000 f. 40-49)","municipios avec covariables, bascule 4G ≥ 50 %",did2s,"ATT[1,5]",-0.07053871729367331,0.03650743746310174,-0.14209197988920103,0.001014545301854422,0.05333804727050352,907,24489,False," ; fenêtre 1998-2024 ; 842 traitées, 65 jamais traitées sur la fenêtre ; 25 unités incomplètes exclues ; covariables invariantes dans le temps absorbées par les effets fixes unité : share_cab, log_pop, share_edu_sup, pretrend_1014 ; écart-type avec covariance complète (w'Vw)",post_avg,65.0,842.0,0.0,25.0,1998.0,2024.0,,,,,,,,,,,,
h2,H2,H2c,"log(naissances+0,5 / 1 000 f. 40-49)","municipios avec covariables, bascule 4G ≥ 50 %",did2s,Wald pré (-8..−2),14.119465803036848,,,,0.04909687969809673,907,24489,False,"test de Wald joint, covariance groupée, df = 7 ; fenêtre 1998-2024 ; 842 traitées, 65 jamais traitées sur la fenêtre ; 25 unités incomplètes exclues",pre_test,65.0,842.0,0.0,25.0,1998.0,2024.0,,,,,,,,,,,7.0,
h2,H2,H2c,"log(naissances+0,5 / 1 000 f. 40-49)","municipios avec covariables, bascule 4G ≥ 50 %",twfe,-8,0.09575278029145269,0.03946356616311072,0.01840561191024216,0.1730999486726632,0.015251173921771888,907,24489,False," ; fenêtre 1998-2024 ; 842 traitées, 65 jamais traitées sur la fenêtre ; 25 unités incomplètes exclues ; covariables invariantes dans le temps absorbées par les effets fixes unité : share_cab, log_pop, share_edu_sup, pretrend_1014 ; cellules −8 et +8 bornées",event,65.0,842.0,0.0,25.0,1998.0,2024.0,,,,,,,,,,,,
h2,H2,H2c,"log(naissances+0,5 / 1 000 f. 40-49)","municipios avec covariables, bascule 4G ≥ 50 %",twfe,-7,0.07299936171312045,0.03775543201027714,-0.0009999252477734394,0.14699864867401435,0.05317713028697156,907,24489,False," ; fenêtre 1998-2024 ; 842 traitées, 65 jamais traitées sur la fenêtre ; 25 unités incomplètes exclues ; covariables invariantes dans le temps absorbées par les effets fixes unité : share_cab, log_pop, share_edu_sup, pretrend_1014 ; cellules −8 et +8 bornées",event,65.0,842.0,0.0,25.0,1998.0,2024.0,,,,,,,,,,,,
h2,H2,H2c,"log(naissances+0,5 / 1 000 f. 40-49)","municipios avec covariables, bascule 4G ≥ 50 %",twfe,-6,0.05822520352349029,0.0357627829240666,-0.011868562994604294,0.12831897004158488,0.10350477050984673,907,24489,False," ; fenêtre 1998-2024 ; 842 traitées, 65 jamais traitées sur la fenêtre ; 25 unités incomplètes exclues ; covariables invariantes dans le temps absorbées par les effets fixes unité : share_cab, log_pop, share_edu_sup, pretrend_1014 ; cellules −8 et +8 bornées",event,65.0,842.0,0.0,25.0,1998.0,2024.0,,,,,,,,,,,,
h2,H2,H2c,"log(naissances+0,5 / 1 000 f. 40-49)","municipios avec covariables, bascule 4G ≥ 50 %",twfe,-5,0.06240393948444325,0.03444218472824729,-0.0051015021317969075,0.1299093811006834,0.07000997337283672,907,24489,False," ; fenêtre 1998-2024 ; 842 traitées, 65 jamais traitées sur la fenêtre ; 25 unités incomplètes exclues ; covariables invariantes dans le temps absorbées par les effets fixes unité : share_cab, log_pop, share_edu_sup, pretrend_1014 ; cellules −8 et +8 bornées",event,65.0,842.0,0.0,25.0,1998.0,2024.0,,,,,,,,,,,,
h2,H2,H2c,"log(naissances+0,5 / 1 000 f. 40-49)","municipios avec covariables, bascule 4G ≥ 50 %",twfe,-4,0.0067432867327391986,0.031313389317201845,-0.054629828562857696,0.06811640202833609,0.8294957356817187,907,24489,False," ; fenêtre 1998-2024 ; 842 traitées, 65 jamais traitées sur la fenêtre ; 25 unités incomplètes exclues ; covariables invariantes dans le temps absorbées par les effets fixes unité : share_cab, log_pop, share_edu_sup, pretrend_1014 ; cellules −8 et +8 bornées",event,65.0,842.0,0.0,25.0,1998.0,2024.0,,,,,,,,,,,,
h2,H2,H2c,"log(naissances+0,5 / 1 000 f. 40-49)","municipios avec covariables, bascule 4G ≥ 50 %",twfe,-3,0.05626901683777861,0.029719507521118165,-0.0019801475418802575,0.11451818121743748,0.05831318561518282,907,24489,False," ; fenêtre 1998-2024 ; 842 traitées, 65 jamais traitées sur la fenêtre ; 25 unités incomplètes exclues ; covariables invariantes dans le temps absorbées par les effets fixes unité : share_cab, log_pop, share_edu_sup, pretrend_1014 ; cellules −8 et +8 bornées",event,65.0,842.0,0.0,25.0,1998.0,2024.0,,,,,,,,,,,,
h2,H2,H2c,"log(naissances+0,5 / 1 000 f. 40-49)","municipios avec covariables, bascule 4G ≥ 50 %",twfe,-2,0.027902108225836265,0.02983199235346488,-0.030567522374029186,0.08637173882570172,0.3496294706723162,907,24489,False," ; fenêtre 1998-2024 ; 842 traitées, 65 jamais traitées sur la fenêtre ; 25 unités incomplètes exclues ; covariables invariantes dans le temps absorbées par les effets fixes unité : share_cab, log_pop, share_edu_sup, pretrend_1014 ; cellules −8 et +8 bornées",event,65.0,842.0,0.0,25.0,1998.0,2024.0,,,,,,,,,,,,
h2,H2,H2c,"log(naissances+0,5 / 1 000 f. 40-49)","municipios avec covariables, bascule 4G ≥ 50 %",twfe,0,0.027247466536759746,0.028994647465677405,-0.02958099824040352,0.08407593131392302,0.34735029568640885,907,24489,False," ; fenêtre 1998-2024 ; 842 traitées, 65 jamais traitées sur la fenêtre ; 25 unités incomplètes exclues ; covariables invariantes dans le temps absorbées par les effets fixes unité : share_cab, log_pop, share_edu_sup, pretrend_1014 ; cellules −8 et +8 bornées",event,65.0,842.0,0.0,25.0,1998.0,2024.0,,,,,,,,,,,,
h2,H2,H2c,"log(naissances+0,5 / 1 000 f. 40-49)","municipios avec covariables, bascule 4G ≥ 50 %",twfe,1,-0.02849955994757574,0.030453832377266257,-0.08818797459823742,0.03118885470308594,0.3493615682741089,907,24489,False," ; fenêtre 1998-2024 ; 842 traitées, 65 jamais traitées sur la fenêtre ; 25 unités incomplètes exclues ; covariables invariantes dans le temps absorbées par les effets fixes unité : share_cab, log_pop, share_edu_sup, pretrend_1014 ; cellules −8 et +8 bornées",event,65.0,842.0,0.0,25.0,1998.0,2024.0,,,,,,,,,,,,
h2,H2,H2c,"log(naissances+0,5 / 1 000 f. 40-49)","municipios avec covariables, bascule 4G ≥ 50 %",twfe,2,-0.06666244224696329,0.034357491848618235,-0.13400188886938352,0.0006770043754569383,0.05234818794859025,907,24489,False," ; fenêtre 1998-2024 ; 842 traitées, 65 jamais traitées sur la fenêtre ; 25 unités incomplètes exclues ; covariables invariantes dans le temps absorbées par les effets fixes unité : share_cab, log_pop, share_edu_sup, pretrend_1014 ; cellules −8 et +8 bornées",event,65.0,842.0,0.0,25.0,1998.0,2024.0,,,,,,,,,,,,
h2,H2,H2c,"log(naissances+0,5 / 1 000 f. 40-49)","municipios avec covariables, bascule 4G ≥ 50 %",twfe,3,-0.05877659330979084,0.03654059686260654,-0.13039484713409696,0.012841660514515275,0.10771946841241622,907,24489,False," ; fenêtre 1998-2024 ; 842 traitées, 65 jamais traitées sur la fenêtre ; 25 unités incomplètes exclues ; covariables invariantes dans le temps absorbées par les effets fixes unité : share_cab, log_pop, share_edu_sup, pretrend_1014 ; cellules −8 et +8 bornées",event,65.0,842.0,0.0,25.0,1998.0,2024.0,,,,,,,,,,,,
h2,H2,H2c,"log(naissances+0,5 / 1 000 f. 40-49)","municipios avec covariables, bascule 4G ≥ 50 %",twfe,4,-0.08155444549994056,0.041252103182537435,-0.1624070820242441,-0.0007018089756370555,0.04804426758807625,907,24489,False," ; fenêtre 1998-2024 ; 842 traitées, 65 jamais traitées sur la fenêtre ; 25 unités incomplètes exclues ; covariables invariantes dans le temps absorbées par les effets fixes unité : share_cab, log_pop, share_edu_sup, pretrend_1014 ; cellules −8 et +8 bornées",event,65.0,842.0,0.0,25.0,1998.0,2024.0,,,,,,,,,,,,
h2,H2,H2c,"log(naissances+0,5 / 1 000 f. 40-49)","municipios avec covariables, bascule 4G ≥ 50 %",twfe,5,-0.11689434325894227,0.04892252154070356,-0.21278072351160626,-0.021007963006278288,0.016876978246225565,907,24489,False," ; fenêtre 1998-2024 ; 842 traitées, 65 jamais traitées sur la fenêtre ; 25 unités incomplètes exclues ; covariables invariantes dans le temps absorbées par les effets fixes unité : share_cab, log_pop, share_edu_sup, pretrend_1014 ; cellules −8 et +8 bornées",event,65.0,842.0,0.0,25.0,1998.0,2024.0,,,,,,,,,,,,
h2,H2,H2c,"log(naissances+0,5 / 1 000 f. 40-49)","municipios avec covariables, bascule 4G ≥ 50 %",twfe,6,-0.0714489759283149,0.05256557000394324,-0.17447559996286263,0.03157764810623284,0.17407205311877105,907,24489,False," ; fenêtre 1998-2024 ; 842 traitées, 65 jamais traitées sur la fenêtre ; 25 unités incomplètes exclues ; covariables invariantes dans le temps absorbées par les effets fixes unité : share_cab, log_pop, share_edu_sup, pretrend_1014 ; cellules −8 et +8 bornées",event,65.0,842.0,0.0,25.0,1998.0,2024.0,,,,,,,,,,,,
h2,H2,H2c,"log(naissances+0,5 / 1 000 f. 40-49)","municipios avec covariables, bascule 4G ≥ 50 %",twfe,7,-0.10197794913843485,0.057339494891638795,-0.2143612940177653,0.010405395740895607,0.07532275218448196,907,24489,False," ; fenêtre 1998-2024 ; 842 traitées, 65 jamais traitées sur la fenêtre ; 25 unités incomplètes exclues ; covariables invariantes dans le temps absorbées par les effets fixes unité : share_cab, log_pop, share_edu_sup, pretrend_1014 ; cellules −8 et +8 bornées",event,65.0,842.0,0.0,25.0,1998.0,2024.0,,,,,,,,,,,,
h2,H2,H2c,"log(naissances+0,5 / 1 000 f. 40-49)","municipios avec covariables, bascule 4G ≥ 50 %",twfe,8,-0.1532682850086737,0.07245374521143196,-0.29527501616812174,-0.01126155384922567,0.034396301873499714,907,24489,False," ; fenêtre 1998-2024 ; 842 traitées, 65 jamais traitées sur la fenêtre ; 25 unités incomplètes exclues ; covariables invariantes dans le temps absorbées par les effets fixes unité : share_cab, log_pop, share_edu_sup, pretrend_1014 ; cellules −8 et +8 bornées",event,65.0,842.0,0.0,25.0,1998.0,2024.0,,,,,,,,,,,,
h2,H2,H2c,"log(naissances+0,5 / 1 000 f. 40-49)","municipios avec covariables, bascule 4G ≥ 50 %",twfe,"ATT[1,5]",-0.07047747685264255,0.03143369960430887,-0.1320863959779389,-0.008868557727346217,0.024954953239405657,907,24489,False," ; fenêtre 1998-2024 ; 842 traitées, 65 jamais traitées sur la fenêtre ; 25 unités incomplètes exclues ; covariables invariantes dans le temps absorbées par les effets fixes unité : share_cab, log_pop, share_edu_sup, pretrend_1014 ; écart-type avec covariance complète (w'Vw)",post_avg,65.0,842.0,0.0,25.0,1998.0,2024.0,,,,,,,,,,,,
h2,H2,H2c,"log(naissances+0,5 / 1 000 f. 40-49)","municipios avec covariables, bascule 4G ≥ 50 %",twfe,Wald pré (-8..−2),10.946806046489318,,,,0.1409562050681615,907,24489,False,"test de Wald joint, covariance groupée, df = 7 ; fenêtre 1998-2024 ; 842 traitées, 65 jamais traitées sur la fenêtre ; 25 unités incomplètes exclues",pre_test,65.0,842.0,0.0,25.0,1998.0,2024.0,,,,,,,,,,,7.0,
h2,H2,H2c,"log(naissances+0,5 / 1 000 f. 40-49)","municipios avec covariables, bascule 4G ≥ 50 %",twfe,ATT,-0.04884029980397709,0.022560594324427686,-0.09305825214967411,-0.0046223474582800725,0.030399183888247555,907,24489,False," ; fenêtre 1998-2024 ; 842 traitées, 65 jamais traitées sur la fenêtre ; 25 unités incomplètes exclues ; covariables invariantes dans le temps absorbées par les effets fixes unité : share_cab, log_pop, share_edu_sup, pretrend_1014",static,65.0,842.0,0.0,25.0,1998.0,2024.0,,,,,,,,,,,,
h2,H2,H2c,"log(naissances+0,5 / 1 000 f. 40-49)","municipios avec covariables, bascule 4G ≥ 50 %",twfe_poisson,ATT (log du taux contrefactuel),-0.0728392654568985,0.03201174660604957,-0.13558113588697798,-0.010097395026819028,0.022882437357715956,907,24489,False," ; fenêtre 1998-2024 ; 842 traitées, 65 jamais traitées sur la fenêtre ; 25 unités incomplètes exclues ; covariables invariantes dans le temps absorbées par les effets fixes unité : share_cab, log_pop, share_edu_sup, pretrend_1014 ; Poisson à effets fixes, offset = log(women)",static,65.0,842.0,0.0,25.0,1998.0,2024.0,,,,,,,,,,,,
h2,H2,H2c,"log(naissances+0,5 / 1 000 f. 40-49)","municipios avec covariables, bascule 4G ≥ 50 %",twfe_poisson,ATT en % du taux contrefactuel,-7.0249739000488365,2.976292976202482,-12.679168890880032,-1.004658699546379,0.022882437357715956,907,24489,False," ; fenêtre 1998-2024 ; 842 traitées, 65 jamais traitées sur la fenêtre ; 25 unités incomplètes exclues ; covariables invariantes dans le temps absorbées par les effets fixes unité : share_cab, log_pop, share_edu_sup, pretrend_1014 ; Poisson à effets fixes, offset = log(women)",static,65.0,842.0,0.0,25.0,1998.0,2024.0,,,,,,,,,,,,
h2,H2,H2c,"log(naissances+0,5 / 1 000 f. 25-29)","municipios avec covariables, bascule 4G ≥ 50 %",cs,"ATT[1,5] (Holm)",-0.0016148623436893074,0.07250259068187644,-0.14371732998690256,0.14048760529952398,0.9822300528346684,932,25087,False,"p brut 0.9822, p Holm 1.0000 (famille : 25-29, 30-34, 35-39, 40-49, 4 tests)",post_avg_holm,,,,,,,1998.0,2024.0,907.0,5.0,,,,,,,,1.0
h2,H2,H2c,"log(naissances+0,5 / 1 000 f. 30-34)","municipios avec covariables, bascule 4G ≥ 50 %",cs,"ATT[1,5] (Holm)",-0.08509728760629759,0.0416814969228234,-0.16679152104114223,-0.0034030541714529516,0.041190407210460495,932,25087,False,"p brut 0.0412, p Holm 0.1236 (famille : 25-29, 30-34, 35-39, 40-49, 4 tests)",post_avg_holm,,,,,,,1998.0,2024.0,907.0,5.0,,,,,,,,0.12357122163138148
h2,H2,H2c,"log(naissances+0,5 / 1 000 f. 35-39)","municipios avec covariables, bascule 4G ≥ 50 %",cs,"ATT[1,5] (Holm)",0.021509535336778428,0.04782590740102836,-0.07222752143657071,0.11524659211012758,0.6528932249938699,932,25087,False,"p brut 0.6529, p Holm 1.0000 (famille : 25-29, 30-34, 35-39, 40-49, 4 tests)",post_avg_holm,,,,,,,1998.0,2024.0,907.0,5.0,,,,,,,,1.0
h2,H2,H2c,"log(naissances+0,5 / 1 000 f. 40-49)","municipios avec covariables, bascule 4G ≥ 50 %",cs,"ATT[1,5] (Holm)",0.1784016840050099,0.08095068522420394,0.019741255190238227,0.33706211281978155,0.02753618425499022,932,25087,False,"p brut 0.0275, p Holm 0.1101 (famille : 25-29, 30-34, 35-39, 40-49, 4 tests)",post_avg_holm,,,,,,,1998.0,2024.0,907.0,5.0,,,,,,,,0.11014473701996089
h2,H2,H2a,"log(naissances+0,5 / 1 000 f. 15-19)","municipios avec covariables, bascule 4G ≥ 50 %",cs,"ATT[1,5] (Holm)",-0.04813709442727315,0.05604036645610059,-0.1579741952280379,0.06170000637349159,0.390356074628491,932,25087,False,"p brut 0.3904, p Holm 0.7807 (famille : 15-19, 20-24, 2 tests)",post_avg_holm,,,,,,,1998.0,2024.0,907.0,5.0,,,,,,,,0.780712149256982
h2,H2,H2a,"log(naissances+0,5 / 1 000 f. 20-24)","municipios avec covariables, bascule 4G ≥ 50 %",cs,"ATT[1,5] (Holm)",-0.02150172278273179,0.05672165222721105,-0.13267411916858526,0.0896706736031217,0.7046326618120974,932,25087,False,"p brut 0.7046, p Holm 0.7807 (famille : 15-19, 20-24, 2 tests)",post_avg_holm,,,,,,,1998.0,2024.0,907.0,5.0,,,,,,,,0.780712149256982
h2,H2,H2d,"log(naissances+0,5 / 1 000 f. 15-24)","municipios avec covariables, bascule 4G ≥ 50 %",cs,-8,0.010155301155000664,0.03152326574087465,-0.05162916437219899,0.07193976668220031,0.747337112242237,907,24489,False," ; covariables : share_cab, log_pop, share_edu_sup, pretrend_1014 (doublement robuste) ; contrôle = not_yet_treated ; fenêtre 1998-2024 ; 842 traitées, 65 jamais traitées sur la fenêtre ; 25 unités incomplètes exclues",event,65.0,842.0,0.0,25.0,1998.0,2024.0,1998.0,2024.0,907.0,5.0,dr,8.0,842.0,,,,,
h2,H2,H2d,"log(naissances+0,5 / 1 000 f. 15-24)","municipios avec covariables, bascule 4G ≥ 50 %",cs,-7,0.02272900437285346,0.03158603630592264,-0.039178489201129485,0.0846364979468364,0.4717773049645002,907,24489,False," ; covariables : share_cab, log_pop, share_edu_sup, pretrend_1014 (doublement robuste) ; contrôle = not_yet_treated ; fenêtre 1998-2024 ; 842 traitées, 65 jamais traitées sur la fenêtre ; 25 unités incomplètes exclues",event,65.0,842.0,0.0,25.0,1998.0,2024.0,1998.0,2024.0,907.0,5.0,dr,8.0,842.0,,,,,
h2,H2,H2d,"log(naissances+0,5 / 1 000 f. 15-24)","municipios avec covariables, bascule 4G ≥ 50 %",cs,-6,0.013135604707595998,0.024107621253252106,-0.03411446470171049,0.06038567411690249,0.5858405021750915,907,24489,False," ; covariables : share_cab, log_pop, share_edu_sup, pretrend_1014 (doublement robuste) ; contrôle = not_yet_treated ; fenêtre 1998-2024 ; 842 traitées, 65 jamais traitées sur la fenêtre ; 25 unités incomplètes exclues",event,65.0,842.0,0.0,25.0,1998.0,2024.0,1998.0,2024.0,907.0,5.0,dr,8.0,842.0,,,,,
h2,H2,H2d,"log(naissances+0,5 / 1 000 f. 15-24)","municipios avec covariables, bascule 4G ≥ 50 %",cs,-5,0.036451461772368535,0.02660143760724416,-0.015686397874819367,0.08858932141955644,0.17059899943427348,907,24489,False," ; covariables : share_cab, log_pop, share_edu_sup, pretrend_1014 (doublement robuste) ; contrôle = not_yet_treated ; fenêtre 1998-2024 ; 842 traitées, 65 jamais traitées sur la fenêtre ; 25 unités incomplètes exclues",event,65.0,842.0,0.0,25.0,1998.0,2024.0,1998.0,2024.0,907.0,5.0,dr,8.0,842.0,,,,,
h2,H2,H2d,"log(naissances+0,5 / 1 000 f. 15-24)","municipios avec covariables, bascule 4G ≥ 50 %",cs,-4,0.018901873914829007,0.023389698081233326,-0.026941091933653922,0.06474483976331194,0.41901680234788163,907,24489,False," ; covariables : share_cab, log_pop, share_edu_sup, pretrend_1014 (doublement robuste) ; contrôle = not_yet_treated ; fenêtre 1998-2024 ; 842 traitées, 65 jamais traitées sur la fenêtre ; 25 unités incomplètes exclues",event,65.0,842.0,0.0,25.0,1998.0,2024.0,1998.0,2024.0,907.0,5.0,dr,8.0,842.0,,,,,
h2,H2,H2d,"log(naissances+0,5 / 1 000 f. 15-24)","municipios avec covariables, bascule 4G ≥ 50 %",cs,-3,0.01438689105582994,0.02580959410233719,-0.03619898384034834,0.06497276595200821,0.5772376691027683,907,24489,False," ; covariables : share_cab, log_pop, share_edu_sup, pretrend_1014 (doublement robuste) ; contrôle = not_yet_treated ; fenêtre 1998-2024 ; 842 traitées, 65 jamais traitées sur la fenêtre ; 25 unités incomplètes exclues",event,65.0,842.0,0.0,25.0,1998.0,2024.0,1998.0,2024.0,907.0,5.0,dr,8.0,842.0,,,,,
h2,H2,H2d,"log(naissances+0,5 / 1 000 f. 15-24)","municipios avec covariables, bascule 4G ≥ 50 %",cs,-2,-0.022105021549354033,0.013023446029561094,-0.04763050672189494,0.0034204636231868757,0.08963521852220264,907,24489,False," ; covariables : share_cab, log_pop, share_edu_sup, pretrend_1014 (doublement robuste) ; contrôle = not_yet_treated ; fenêtre 1998-2024 ; 842 traitées, 65 jamais traitées sur la fenêtre ; 25 unités incomplètes exclues",event,65.0,842.0,0.0,25.0,1998.0,2024.0,1998.0,2024.0,907.0,5.0,dr,8.0,842.0,,,,,
h2,H2,H2d,"log(naissances+0,5 / 1 000 f. 15-24)","municipios avec covariables, bascule 4G ≥ 50 %",cs,0,-0.013038418725033135,0.01586930910018977,-0.04414169302093882,0.01806485557087255,0.41129761621148897,907,24489,False," ; covariables : share_cab, log_pop, share_edu_sup, pretrend_1014 (doublement robuste) ; contrôle = not_yet_treated ; fenêtre 1998-2024 ; 842 traitées, 65 jamais traitées sur la fenêtre ; 25 unités incomplètes exclues",event,65.0,842.0,0.0,25.0,1998.0,2024.0,1998.0,2024.0,907.0,5.0,dr,8.0,842.0,,,,,
h2,H2,H2d,"log(naissances+0,5 / 1 000 f. 15-24)","municipios avec covariables, bascule 4G ≥ 50 %",cs,1,0.0009340114189137034,0.027385408070184903,-0.05274040210058125,0.05460842493840865,0.9727924873594462,907,24489,False," ; covariables : share_cab, log_pop, share_edu_sup, pretrend_1014 (doublement robuste) ; contrôle = not_yet_treated ; fenêtre 1998-2024 ; 842 traitées, 65 jamais traitées sur la fenêtre ; 25 unités incomplètes exclues",event,65.0,842.0,0.0,25.0,1998.0,2024.0,1998.0,2024.0,907.0,5.0,dr,8.0,842.0,,,,,
h2,H2,H2d,"log(naissances+0,5 / 1 000 f. 15-24)","municipios avec covariables, bascule 4G ≥ 50 %",cs,2,0.0024477866540790565,0.031144688092466566,-0.05859468031688889,0.06349025362504701,0.9373555335700137,907,24489,False," ; covariables : share_cab, log_pop, share_edu_sup, pretrend_1014 (doublement robuste) ; contrôle = not_yet_treated ; fenêtre 1998-2024 ; 842 traitées, 65 jamais traitées sur la fenêtre ; 25 unités incomplètes exclues",event,65.0,842.0,0.0,25.0,1998.0,2024.0,1998.0,2024.0,907.0,5.0,dr,7.0,797.0,,,,,
h2,H2,H2d,"log(naissances+0,5 / 1 000 f. 15-24)","municipios avec covariables, bascule 4G ≥ 50 %",cs,3,-0.05554963591754747,0.051486767003380327,-0.15646184492457815,0.045362573089483216,0.2806274337544302,907,24489,False," ; covariables : share_cab, log_pop, share_edu_sup, pretrend_1014 (doublement robuste) ; contrôle = not_yet_treated ; fenêtre 1998-2024 ; 842 traitées, 65 jamais traitées sur la fenêtre ; 25 unités incomplètes exclues",event,65.0,842.0,0.0,25.0,1998.0,2024.0,1998.0,2024.0,907.0,5.0,dr,6.0,754.0,,,,,
h2,H2,H2d,"log(naissances+0,5 / 1 000 f. 15-24)","municipios avec covariables, bascule 4G ≥ 50 %",cs,4,-0.022086843596765084,0.07810937551219001,-0.17517840645557234,0.13100471926204219,0.7773545710571741,907,24489,False," ; covariables : share_cab, log_pop, share_edu_sup, pretrend_1014 (doublement robuste) ; contrôle = not_yet_treated ; fenêtre 1998-2024 ; 842 traitées, 65 jamais traitées sur la fenêtre ; 25 unités incomplètes exclues",event,65.0,842.0,0.0,25.0,1998.0,2024.0,1998.0,2024.0,907.0,5.0,dr,5.0,534.0,,,,,
h2,H2,H2d,"log(naissances+0,5 / 1 000 f. 15-24)","municipios avec covariables, bascule 4G ≥ 50 %",cs,5,-0.06095627901651911,0.15803049722405033,-0.37069036203461475,0.2487778040015765,0.699700507501672,907,24489,False," ; covariables : share_cab, log_pop, share_edu_sup, pretrend_1014 (doublement robuste) ; contrôle = not_yet_treated ; fenêtre 1998-2024 ; 842 traitées, 65 jamais traitées sur la fenêtre ; 25 unités incomplètes exclues",event,65.0,842.0,0.0,25.0,1998.0,2024.0,1998.0,2024.0,907.0,5.0,dr,4.0,367.0,,,,,
h2,H2,H2d,"log(naissances+0,5 / 1 000 f. 15-24)","municipios avec covariables, bascule 4G ≥ 50 %",cs,6,-0.02210157319650981,0.18595867542858832,-0.3865738796493164,0.3423707332562968,0.9053925564408397,907,24489,False," ; covariables : share_cab, log_pop, share_edu_sup, pretrend_1014 (doublement robuste) ; contrôle = not_yet_treated ; fenêtre 1998-2024 ; 842 traitées, 65 jamais traitées sur la fenêtre ; 25 unités incomplètes exclues",event,65.0,842.0,0.0,25.0,1998.0,2024.0,1998.0,2024.0,907.0,5.0,dr,3.0,277.0,,,,,
h2,H2,H2d,"log(naissances+0,5 / 1 000 f. 15-24)","municipios avec covariables, bascule 4G ≥ 50 %",cs,7,-0.0874766505401453,0.24267219913373914,-0.5631054208914061,0.3881521198111155,0.7184938296967465,907,24489,False," ; covariables : share_cab, log_pop, share_edu_sup, pretrend_1014 (doublement robuste) ; contrôle = not_yet_treated ; fenêtre 1998-2024 ; 842 traitées, 65 jamais traitées sur la fenêtre ; 25 unités incomplètes exclues",event,65.0,842.0,0.0,25.0,1998.0,2024.0,1998.0,2024.0,907.0,5.0,dr,2.0,173.0,,,,,
h2,H2,H2d,"log(naissances+0,5 / 1 000 f. 15-24)","municipios avec covariables, bascule 4G ≥ 50 %",cs,8,-0.07233913343273288,0.31385578144994564,-0.6874851614143007,0.5428068945488349,0.8177147109530687,907,24489,False," ; covariables : share_cab, log_pop, share_edu_sup, pretrend_1014 (doublement robuste) ; contrôle = not_yet_treated ; fenêtre 1998-2024 ; 842 traitées, 65 jamais traitées sur la fenêtre ; 25 unités incomplètes exclues",event,65.0,842.0,0.0,25.0,1998.0,2024.0,1998.0,2024.0,907.0,5.0,dr,1.0,93.0,,,,,
h2,H2,H2d,"log(naissances+0,5 / 1 000 f. 15-24)","municipios avec covariables, bascule 4G ≥ 50 %",cs,"ATT[1,5]",-0.02704219209156778,0.054976659079923045,-0.1347944638785539,0.08071007969541832,0.6228006667315802,907,24489,False," ; covariables : share_cab, log_pop, share_edu_sup, pretrend_1014 (doublement robuste) ; contrôle = not_yet_treated ; fenêtre 1998-2024 ; 842 traitées, 65 jamais traitées sur la fenêtre ; 25 unités incomplètes exclues ; écart-type avec covariance complète des coefficients (fonctions d'influence)",post_avg,65.0,842.0,0.0,25.0,1998.0,2024.0,1998.0,2024.0,907.0,5.0,dr,,,,,5.0,,
h2,H2,H2d,"log(naissances+0,5 / 1 000 f. 15-24)","municipios avec covariables, bascule 4G ≥ 50 %",cs,ATT,-0.023995279991053615,0.05190637501888663,-0.12572990559610098,0.07773934561399376,0.6438805270056855,907,24489,False," ; covariables : share_cab, log_pop, share_edu_sup, pretrend_1014 (doublement robuste) ; contrôle = not_yet_treated ; fenêtre 1998-2024 ; 842 traitées, 65 jamais traitées sur la fenêtre ; 25 unités incomplètes exclues ; moyenne de tous les ATT(g,t) post",simple,65.0,842.0,0.0,25.0,1998.0,2024.0,1998.0,2024.0,907.0,5.0,dr,,,,,,,
h2,H2,H2d,"log(naissances+0,5 / 1 000 f. 15-24)","municipios avec covariables, bascule 4G ≥ 50 %",cs,Wald pré (-8..-2),9.392776945736813,,,,0.22567241413707545,907,24489,False,"H5c : test de Wald joint de nullité des coefficients pré avec covariance des fonctions d'influence, df = 7 ; fenêtre 1998-2024 ; 842 traitées, 65 jamais traitées sur la fenêtre ; 25 unités incomplètes exclues",pre_test,65.0,842.0,0.0,25.0,1998.0,2024.0,1998.0,2024.0,907.0,5.0,dr,,,,,,7.0,
h2,H2,H2d,ATT 15-24 − ATT 25-39,"municipios avec covariables, bascule 4G ≥ 50 %",cs,différence (bootstrap conjoint),-0.013156390213347899,0.0370173156103373,-0.08570899618624703,0.05939621575955123,0.7222811213669355,932,125435,False,"bootstrap par municipio stratifié par cohorte, 50 tirages ; quantiles [-0.0713, +0.0721]",difference,,,,,,,,,,,,,,,,,,
