part,family,hypothesis,outcome,sample,estimator,term,estimate,se,ci_low,ci_high,p,n_units,n_obs,exploratory,notes,aggregation,n_never,n_treated,n_late_recoded,n_unbalanced,year_min,year_max,years_model_min,years_model_max,n_clusters,k_post,est_method,n_cohorts,n_units_rel,k_periods,df
robust,robustesse,H1,"log(naissances+0,5 / 1 000 f. 15-49)",fenêtre 2008-2024,cs,-8,0.008256640921789992,0.023016162739854452,-0.03685420911063746,0.05336749095421745,0.719795365054714,932,15844,False," ; covariables : share_cab, log_pop, share_edu_sup, pretrend_1014 (doublement robuste) ; contrôle = not_yet_treated ; fenêtre 2008-2024 ; 865 traitées, 67 jamais traitées sur la fenêtre",event,67,865,0,0,2008,2024,2008.0,2024.0,932.0,5.0,dr,8.0,865.0,,
robust,robustesse,H1,"log(naissances+0,5 / 1 000 f. 15-49)",fenêtre 2008-2024,cs,-7,0.020128364744182056,0.020524660309327696,-0.020099230257018954,0.06035595974538306,0.32674478050234756,932,15844,False," ; covariables : share_cab, log_pop, share_edu_sup, pretrend_1014 (doublement robuste) ; contrôle = not_yet_treated ; fenêtre 2008-2024 ; 865 traitées, 67 jamais traitées sur la fenêtre",event,67,865,0,0,2008,2024,2008.0,2024.0,932.0,5.0,dr,8.0,865.0,,
robust,robustesse,H1,"log(naissances+0,5 / 1 000 f. 15-49)",fenêtre 2008-2024,cs,-6,0.011802470360510785,0.017059129108378375,-0.021632808299529717,0.045237749020551284,0.48902741381210457,932,15844,False," ; covariables : share_cab, log_pop, share_edu_sup, pretrend_1014 (doublement robuste) ; contrôle = not_yet_treated ; fenêtre 2008-2024 ; 865 traitées, 67 jamais traitées sur la fenêtre",event,67,865,0,0,2008,2024,2008.0,2024.0,932.0,5.0,dr,8.0,865.0,,
robust,robustesse,H1,"log(naissances+0,5 / 1 000 f. 15-49)",fenêtre 2008-2024,cs,-5,0.024093943974999414,0.0190139898538918,-0.01317279134103852,0.06136067929103735,0.20509476497376666,932,15844,False," ; covariables : share_cab, log_pop, share_edu_sup, pretrend_1014 (doublement robuste) ; contrôle = not_yet_treated ; fenêtre 2008-2024 ; 865 traitées, 67 jamais traitées sur la fenêtre",event,67,865,0,0,2008,2024,2008.0,2024.0,932.0,5.0,dr,8.0,865.0,,
robust,robustesse,H1,"log(naissances+0,5 / 1 000 f. 15-49)",fenêtre 2008-2024,cs,-4,0.019970834425645113,0.018362484191138565,-0.016018973255672583,0.055960642106962805,0.2767766224929623,932,15844,False," ; covariables : share_cab, log_pop, share_edu_sup, pretrend_1014 (doublement robuste) ; contrôle = not_yet_treated ; fenêtre 2008-2024 ; 865 traitées, 67 jamais traitées sur la fenêtre",event,67,865,0,0,2008,2024,2008.0,2024.0,932.0,5.0,dr,8.0,865.0,,
robust,robustesse,H1,"log(naissances+0,5 / 1 000 f. 15-49)",fenêtre 2008-2024,cs,-3,0.02118738712001042,0.02053779855036988,-0.01906595836045348,0.06144073260047432,0.3022459829755504,932,15844,False," ; covariables : share_cab, log_pop, share_edu_sup, pretrend_1014 (doublement robuste) ; contrôle = not_yet_treated ; fenêtre 2008-2024 ; 865 traitées, 67 jamais traitées sur la fenêtre",event,67,865,0,0,2008,2024,2008.0,2024.0,932.0,5.0,dr,8.0,865.0,,
robust,robustesse,H1,"log(naissances+0,5 / 1 000 f. 15-49)",fenêtre 2008-2024,cs,-2,-0.010954099921070213,0.011545544435079618,-0.03358295119573311,0.011674751353592682,0.3427361169567138,932,15844,False," ; covariables : share_cab, log_pop, share_edu_sup, pretrend_1014 (doublement robuste) ; contrôle = not_yet_treated ; fenêtre 2008-2024 ; 865 traitées, 67 jamais traitées sur la fenêtre",event,67,865,0,0,2008,2024,2008.0,2024.0,932.0,5.0,dr,8.0,865.0,,
robust,robustesse,H1,"log(naissances+0,5 / 1 000 f. 15-49)",fenêtre 2008-2024,cs,0,-0.008853233319023135,0.012780928909081531,-0.03390339366978974,0.01619692703174347,0.48850354274703756,932,15844,False," ; covariables : share_cab, log_pop, share_edu_sup, pretrend_1014 (doublement robuste) ; contrôle = not_yet_treated ; fenêtre 2008-2024 ; 865 traitées, 67 jamais traitées sur la fenêtre",event,67,865,0,0,2008,2024,2008.0,2024.0,932.0,5.0,dr,8.0,865.0,,
robust,robustesse,H1,"log(naissances+0,5 / 1 000 f. 15-49)",fenêtre 2008-2024,cs,1,-0.022213390885653717,0.016500912783494533,-0.05455458565333957,0.01012780388203214,0.1782407196179544,932,15844,False," ; covariables : share_cab, log_pop, share_edu_sup, pretrend_1014 (doublement robuste) ; contrôle = not_yet_treated ; fenêtre 2008-2024 ; 865 traitées, 67 jamais traitées sur la fenêtre",event,67,865,0,0,2008,2024,2008.0,2024.0,932.0,5.0,dr,8.0,865.0,,
robust,robustesse,H1,"log(naissances+0,5 / 1 000 f. 15-49)",fenêtre 2008-2024,cs,2,0.00503066697971258,0.02023903583836685,-0.03463711434530187,0.04469844830472702,0.8036991564012541,932,15844,False," ; covariables : share_cab, log_pop, share_edu_sup, pretrend_1014 (doublement robuste) ; contrôle = not_yet_treated ; fenêtre 2008-2024 ; 865 traitées, 67 jamais traitées sur la fenêtre",event,67,865,0,0,2008,2024,2008.0,2024.0,932.0,5.0,dr,7.0,819.0,,
robust,robustesse,H1,"log(naissances+0,5 / 1 000 f. 15-49)",fenêtre 2008-2024,cs,3,-0.0049158059452731745,0.03451285440976495,-0.07255975759208685,0.0627281457015405,0.8867371613428175,932,15844,False," ; covariables : share_cab, log_pop, share_edu_sup, pretrend_1014 (doublement robuste) ; contrôle = not_yet_treated ; fenêtre 2008-2024 ; 865 traitées, 67 jamais traitées sur la fenêtre",event,67,865,0,0,2008,2024,2008.0,2024.0,932.0,5.0,dr,6.0,772.0,,
robust,robustesse,H1,"log(naissances+0,5 / 1 000 f. 15-49)",fenêtre 2008-2024,cs,4,0.01621099316055004,0.04857500381695771,-0.07899426486958272,0.1114162511906828,0.7385824217874413,932,15844,False," ; covariables : share_cab, log_pop, share_edu_sup, pretrend_1014 (doublement robuste) ; contrôle = not_yet_treated ; fenêtre 2008-2024 ; 865 traitées, 67 jamais traitées sur la fenêtre",event,67,865,0,0,2008,2024,2008.0,2024.0,932.0,5.0,dr,5.0,544.0,,
robust,robustesse,H1,"log(naissances+0,5 / 1 000 f. 15-49)",fenêtre 2008-2024,cs,5,-0.043546119804564166,0.10451731066001252,-0.24839628445917297,0.16130404485004465,0.6769415545690396,932,15844,False," ; covariables : share_cab, log_pop, share_edu_sup, pretrend_1014 (doublement robuste) ; contrôle = not_yet_treated ; fenêtre 2008-2024 ; 865 traitées, 67 jamais traitées sur la fenêtre",event,67,865,0,0,2008,2024,2008.0,2024.0,932.0,5.0,dr,4.0,377.0,,
robust,robustesse,H1,"log(naissances+0,5 / 1 000 f. 15-49)",fenêtre 2008-2024,cs,6,-0.019018082042367088,0.10669741729617356,-0.22814117718630827,0.19010501310157413,0.8585320360746757,932,15844,False," ; covariables : share_cab, log_pop, share_edu_sup, pretrend_1014 (doublement robuste) ; contrôle = not_yet_treated ; fenêtre 2008-2024 ; 865 traitées, 67 jamais traitées sur la fenêtre",event,67,865,0,0,2008,2024,2008.0,2024.0,932.0,5.0,dr,3.0,284.0,,
robust,robustesse,H1,"log(naissances+0,5 / 1 000 f. 15-49)",fenêtre 2008-2024,cs,7,-0.11429156190893108,0.13108486684916662,-0.37121317985152613,0.14263005603366397,0.38326848384103895,932,15844,False," ; covariables : share_cab, log_pop, share_edu_sup, pretrend_1014 (doublement robuste) ; contrôle = not_yet_treated ; fenêtre 2008-2024 ; 865 traitées, 67 jamais traitées sur la fenêtre",event,67,865,0,0,2008,2024,2008.0,2024.0,932.0,5.0,dr,2.0,175.0,,
robust,robustesse,H1,"log(naissances+0,5 / 1 000 f. 15-49)",fenêtre 2008-2024,cs,8,-0.09383318241957288,0.147151725329433,-0.382245264328192,0.19457889948904622,0.5236932006300768,932,15844,False," ; covariables : share_cab, log_pop, share_edu_sup, pretrend_1014 (doublement robuste) ; contrôle = not_yet_treated ; fenêtre 2008-2024 ; 865 traitées, 67 jamais traitées sur la fenêtre",event,67,865,0,0,2008,2024,2008.0,2024.0,932.0,5.0,dr,1.0,95.0,,
robust,robustesse,H1,"log(naissances+0,5 / 1 000 f. 15-49)",fenêtre 2008-2024,cs,"ATT[1,5]",-0.009886731299045689,0.036307429539219956,-0.08104798556714249,0.061274522969051115,0.7853867348723985,932,15844,False," ; covariables : share_cab, log_pop, share_edu_sup, pretrend_1014 (doublement robuste) ; contrôle = not_yet_treated ; fenêtre 2008-2024 ; 865 traitées, 67 jamais traitées sur la fenêtre ; écart-type avec covariance complète des coefficients (fonctions d'influence)",post_avg,67,865,0,0,2008,2024,2008.0,2024.0,932.0,5.0,dr,,,5.0,
robust,robustesse,H1,"log(naissances+0,5 / 1 000 f. 15-49)",fenêtre 2008-2024,cs,ATT,-0.014274798524050846,0.030128655881490354,-0.07332587895437281,0.04477628190627113,0.6356462895644328,932,15844,False," ; covariables : share_cab, log_pop, share_edu_sup, pretrend_1014 (doublement robuste) ; contrôle = not_yet_treated ; fenêtre 2008-2024 ; 865 traitées, 67 jamais traitées sur la fenêtre ; moyenne de tous les ATT(g,t) post",simple,67,865,0,0,2008,2024,2008.0,2024.0,932.0,5.0,dr,,,,
robust,robustesse,H1,"log(naissances+0,5 / 1 000 f. 15-49)",fenêtre 2008-2024,cs,Wald pré (-8..-2),8.696328680154465,,,,0.27519982235825724,932,15844,False,"H5c : test de Wald joint de nullité des coefficients pré avec covariance des fonctions d'influence, df = 7 ; fenêtre 2008-2024 ; 865 traitées, 67 jamais traitées sur la fenêtre",pre_test,67,865,0,0,2008,2024,2008.0,2024.0,932.0,5.0,dr,,,,7.0
robust,robustesse,H1,"log(naissances+0,5 / 1 000 f. 15-49)",fenêtre 1998-2023 (sans l'année provisoire 2024),cs,-8,0.007252517139678632,0.02338836350336908,-0.03858783298425581,0.05309286726361307,0.7564918825289513,907,23582,False," ; covariables : share_cab, log_pop, share_edu_sup, pretrend_1014 (doublement robuste) ; contrôle = not_yet_treated ; fenêtre 1998-2023 ; 842 traitées, 65 jamais traitées sur la fenêtre ; 25 unités incomplètes exclues",event,65,842,0,25,1998,2023,1998.0,2023.0,907.0,5.0,dr,8.0,842.0,,
robust,robustesse,H1,"log(naissances+0,5 / 1 000 f. 15-49)",fenêtre 1998-2023 (sans l'année provisoire 2024),cs,-7,0.022206314258605874,0.021480401115634293,-0.019894498301511337,0.06430712681872308,0.30123237994348184,907,23582,False," ; covariables : share_cab, log_pop, share_edu_sup, pretrend_1014 (doublement robuste) ; contrôle = not_yet_treated ; fenêtre 1998-2023 ; 842 traitées, 65 jamais traitées sur la fenêtre ; 25 unités incomplètes exclues",event,65,842,0,25,1998,2023,1998.0,2023.0,907.0,5.0,dr,8.0,842.0,,
robust,robustesse,H1,"log(naissances+0,5 / 1 000 f. 15-49)",fenêtre 1998-2023 (sans l'année provisoire 2024),cs,-6,0.011717170112312991,0.01786271388650279,-0.02329310577137597,0.046727445996001954,0.5118518672847103,907,23582,False," ; covariables : share_cab, log_pop, share_edu_sup, pretrend_1014 (doublement robuste) ; contrôle = not_yet_treated ; fenêtre 1998-2023 ; 842 traitées, 65 jamais traitées sur la fenêtre ; 25 unités incomplètes exclues",event,65,842,0,25,1998,2023,1998.0,2023.0,907.0,5.0,dr,8.0,842.0,,
robust,robustesse,H1,"log(naissances+0,5 / 1 000 f. 15-49)",fenêtre 1998-2023 (sans l'année provisoire 2024),cs,-5,0.026586354336209404,0.019608142283082487,-0.011844898342369261,0.06501760701478806,0.17513627469119253,907,23582,False," ; covariables : share_cab, log_pop, share_edu_sup, pretrend_1014 (doublement robuste) ; contrôle = not_yet_treated ; fenêtre 1998-2023 ; 842 traitées, 65 jamais traitées sur la fenêtre ; 25 unités incomplètes exclues",event,65,842,0,25,1998,2023,1998.0,2023.0,907.0,5.0,dr,8.0,842.0,,
robust,robustesse,H1,"log(naissances+0,5 / 1 000 f. 15-49)",fenêtre 1998-2023 (sans l'année provisoire 2024),cs,-4,0.019088154117208198,0.01870328972874394,-0.01756962014354785,0.05574592837796424,0.30745471878010144,907,23582,False," ; covariables : share_cab, log_pop, share_edu_sup, pretrend_1014 (doublement robuste) ; contrôle = not_yet_treated ; fenêtre 1998-2023 ; 842 traitées, 65 jamais traitées sur la fenêtre ; 25 unités incomplètes exclues",event,65,842,0,25,1998,2023,1998.0,2023.0,907.0,5.0,dr,8.0,842.0,,
robust,robustesse,H1,"log(naissances+0,5 / 1 000 f. 15-49)",fenêtre 1998-2023 (sans l'année provisoire 2024),cs,-3,0.022379743513843923,0.020782726830672418,-0.01835365257480828,0.06311313960249612,0.2815502048785955,907,23582,False," ; covariables : share_cab, log_pop, share_edu_sup, pretrend_1014 (doublement robuste) ; contrôle = not_yet_treated ; fenêtre 1998-2023 ; 842 traitées, 65 jamais traitées sur la fenêtre ; 25 unités incomplètes exclues",event,65,842,0,25,1998,2023,1998.0,2023.0,907.0,5.0,dr,8.0,842.0,,
robust,robustesse,H1,"log(naissances+0,5 / 1 000 f. 15-49)",fenêtre 1998-2023 (sans l'année provisoire 2024),cs,-2,-0.010056957960608813,0.011475129953729358,-0.03254779938783513,0.012433883466617505,0.3808053219221714,907,23582,False," ; covariables : share_cab, log_pop, share_edu_sup, pretrend_1014 (doublement robuste) ; contrôle = not_yet_treated ; fenêtre 1998-2023 ; 842 traitées, 65 jamais traitées sur la fenêtre ; 25 unités incomplètes exclues",event,65,842,0,25,1998,2023,1998.0,2023.0,907.0,5.0,dr,8.0,842.0,,
robust,robustesse,H1,"log(naissances+0,5 / 1 000 f. 15-49)",fenêtre 1998-2023 (sans l'année provisoire 2024),cs,0,-0.008257646771679924,0.012817913455126166,-0.03338029550067857,0.01686500195731873,0.5194282024797576,907,23582,False," ; covariables : share_cab, log_pop, share_edu_sup, pretrend_1014 (doublement robuste) ; contrôle = not_yet_treated ; fenêtre 1998-2023 ; 842 traitées, 65 jamais traitées sur la fenêtre ; 25 unités incomplètes exclues",event,65,842,0,25,1998,2023,1998.0,2023.0,907.0,5.0,dr,8.0,842.0,,
robust,robustesse,H1,"log(naissances+0,5 / 1 000 f. 15-49)",fenêtre 1998-2023 (sans l'année provisoire 2024),cs,1,-0.019862236857658058,0.01839293280609631,-0.05591172272767206,0.01618724901235594,0.28019376620731784,907,23582,False," ; covariables : share_cab, log_pop, share_edu_sup, pretrend_1014 (doublement robuste) ; contrôle = not_yet_treated ; fenêtre 1998-2023 ; 842 traitées, 65 jamais traitées sur la fenêtre ; 25 unités incomplètes exclues",event,65,842,0,25,1998,2023,1998.0,2023.0,907.0,5.0,dr,7.0,797.0,,
robust,robustesse,H1,"log(naissances+0,5 / 1 000 f. 15-49)",fenêtre 1998-2023 (sans l'année provisoire 2024),cs,2,-0.000986445783008388,0.02132234762535508,-0.04277747919454749,0.04080458762853071,0.9631002550843976,907,23582,False," ; covariables : share_cab, log_pop, share_edu_sup, pretrend_1014 (doublement robuste) ; contrôle = not_yet_treated ; fenêtre 1998-2023 ; 842 traitées, 65 jamais traitées sur la fenêtre ; 25 unités incomplètes exclues",event,65,842,0,25,1998,2023,1998.0,2023.0,907.0,5.0,dr,6.0,754.0,,
robust,robustesse,H1,"log(naissances+0,5 / 1 000 f. 15-49)",fenêtre 1998-2023 (sans l'année provisoire 2024),cs,3,-0.011696271520176223,0.05080937461002172,-0.11128081583282265,0.08788827279247019,0.8179370732062351,907,23582,False," ; covariables : share_cab, log_pop, share_edu_sup, pretrend_1014 (doublement robuste) ; contrôle = not_yet_treated ; fenêtre 1998-2023 ; 842 traitées, 65 jamais traitées sur la fenêtre ; 25 unités incomplètes exclues",event,65,842,0,25,1998,2023,1998.0,2023.0,907.0,5.0,dr,5.0,534.0,,
robust,robustesse,H1,"log(naissances+0,5 / 1 000 f. 15-49)",fenêtre 1998-2023 (sans l'année provisoire 2024),cs,4,-0.031232795453795304,0.07613954120418757,-0.1804635540134064,0.1179979631058158,0.6816558146667973,907,23582,False," ; covariables : share_cab, log_pop, share_edu_sup, pretrend_1014 (doublement robuste) ; contrôle = not_yet_treated ; fenêtre 1998-2023 ; 842 traitées, 65 jamais traitées sur la fenêtre ; 25 unités incomplètes exclues",event,65,842,0,25,1998,2023,1998.0,2023.0,907.0,5.0,dr,4.0,367.0,,
robust,robustesse,H1,"log(naissances+0,5 / 1 000 f. 15-49)",fenêtre 1998-2023 (sans l'année provisoire 2024),cs,5,-0.05526761300284125,0.15125311559856558,-0.3517182721255032,0.24118304611982075,0.7148142003875886,907,23582,False," ; covariables : share_cab, log_pop, share_edu_sup, pretrend_1014 (doublement robuste) ; contrôle = not_yet_treated ; fenêtre 1998-2023 ; 842 traitées, 65 jamais traitées sur la fenêtre ; 25 unités incomplètes exclues",event,65,842,0,25,1998,2023,1998.0,2023.0,907.0,5.0,dr,3.0,277.0,,
robust,robustesse,H1,"log(naissances+0,5 / 1 000 f. 15-49)",fenêtre 1998-2023 (sans l'année provisoire 2024),cs,6,-0.004860984130554872,0.14141444320080745,-0.2820281996979226,0.2723062314368129,0.9725788933166531,907,23582,False," ; covariables : share_cab, log_pop, share_edu_sup, pretrend_1014 (doublement robuste) ; contrôle = not_yet_treated ; fenêtre 1998-2023 ; 842 traitées, 65 jamais traitées sur la fenêtre ; 25 unités incomplètes exclues",event,65,842,0,25,1998,2023,1998.0,2023.0,907.0,5.0,dr,2.0,173.0,,
robust,robustesse,H1,"log(naissances+0,5 / 1 000 f. 15-49)",fenêtre 1998-2023 (sans l'année provisoire 2024),cs,7,-0.2777251498016555,0.2052411653887768,-0.6799904421086866,0.12454014250537565,0.17600294222447366,907,23582,False," ; covariables : share_cab, log_pop, share_edu_sup, pretrend_1014 (doublement robuste) ; contrôle = not_yet_treated ; fenêtre 1998-2023 ; 842 traitées, 65 jamais traitées sur la fenêtre ; 25 unités incomplètes exclues",event,65,842,0,25,1998,2023,1998.0,2023.0,907.0,5.0,dr,1.0,93.0,,
robust,robustesse,H1,"log(naissances+0,5 / 1 000 f. 15-49)",fenêtre 1998-2023 (sans l'année provisoire 2024),cs,"ATT[1,5]",-0.023809072523495844,0.05426287877543824,-0.1301623606208177,0.08254421557382602,0.660826207461183,907,23582,False," ; covariables : share_cab, log_pop, share_edu_sup, pretrend_1014 (doublement robuste) ; contrôle = not_yet_treated ; fenêtre 1998-2023 ; 842 traitées, 65 jamais traitées sur la fenêtre ; 25 unités incomplètes exclues ; écart-type avec covariance complète des coefficients (fonctions d'influence)",post_avg,65,842,0,25,1998,2023,1998.0,2023.0,907.0,5.0,dr,,,5.0,
robust,robustesse,H1,"log(naissances+0,5 / 1 000 f. 15-49)",fenêtre 1998-2023 (sans l'année provisoire 2024),cs,ATT,-0.021687173413849428,0.03464604799163792,-0.08959217968410602,0.046217832856407154,0.5313386560973619,907,23582,False," ; covariables : share_cab, log_pop, share_edu_sup, pretrend_1014 (doublement robuste) ; contrôle = not_yet_treated ; fenêtre 1998-2023 ; 842 traitées, 65 jamais traitées sur la fenêtre ; 25 unités incomplètes exclues ; moyenne de tous les ATT(g,t) post",simple,65,842,0,25,1998,2023,1998.0,2023.0,907.0,5.0,dr,,,,
robust,robustesse,H1,"log(naissances+0,5 / 1 000 f. 15-49)",fenêtre 1998-2023 (sans l'année provisoire 2024),cs,Wald pré (-8..-2),9.439954363018071,,,,0.22259259996771796,907,23582,False,"H5c : test de Wald joint de nullité des coefficients pré avec covariance des fonctions d'influence, df = 7 ; fenêtre 1998-2023 ; 842 traitées, 65 jamais traitées sur la fenêtre ; 25 unités incomplètes exclues",pre_test,65,842,0,25,1998,2023,1998.0,2023.0,907.0,5.0,dr,,,,7.0
robust,robustesse,H1,"log(naissances+0,5 / 1 000 f. 15-49)",fenêtre 1998-2019 (hors COVID) ; cohortes 2020-2023 = contrôle,cs,-8,-0.00040259788081587963,0.01729411850934968,-0.03429844730350878,0.03349325154187702,0.9814273493280342,907,19954,False," ; covariables : share_cab, log_pop, share_edu_sup, pretrend_1014 (doublement robuste) ; contrôle = not_yet_treated ; fenêtre 1998-2019 ; 367 traitées, 540 jamais traitées sur la fenêtre (dont 488 traitées après 2019) ; 25 unités incomplètes exclues",event,540,367,488,25,1998,2019,1998.0,2019.0,907.0,3.0,dr,4.0,367.0,,
robust,robustesse,H1,"log(naissances+0,5 / 1 000 f. 15-49)",fenêtre 1998-2019 (hors COVID) ; cohortes 2020-2023 = contrôle,cs,-7,0.010884379441996135,0.01661261947607725,-0.021675756419983934,0.0434445153039762,0.5123470870951835,907,19954,False," ; covariables : share_cab, log_pop, share_edu_sup, pretrend_1014 (doublement robuste) ; contrôle = not_yet_treated ; fenêtre 1998-2019 ; 367 traitées, 540 jamais traitées sur la fenêtre (dont 488 traitées après 2019) ; 25 unités incomplètes exclues",event,540,367,488,25,1998,2019,1998.0,2019.0,907.0,3.0,dr,4.0,367.0,,
robust,robustesse,H1,"log(naissances+0,5 / 1 000 f. 15-49)",fenêtre 1998-2019 (hors COVID) ; cohortes 2020-2023 = contrôle,cs,-6,-0.004014602945715578,0.013913899902131032,-0.03128534563838778,0.023256139746956627,0.7729396722294063,907,19954,False," ; covariables : share_cab, log_pop, share_edu_sup, pretrend_1014 (doublement robuste) ; contrôle = not_yet_treated ; fenêtre 1998-2019 ; 367 traitées, 540 jamais traitées sur la fenêtre (dont 488 traitées après 2019) ; 25 unités incomplètes exclues",event,540,367,488,25,1998,2019,1998.0,2019.0,907.0,3.0,dr,4.0,367.0,,
robust,robustesse,H1,"log(naissances+0,5 / 1 000 f. 15-49)",fenêtre 1998-2019 (hors COVID) ; cohortes 2020-2023 = contrôle,cs,-5,0.011782830990097633,0.01402778498598975,-0.01571112236531398,0.03927678434550925,0.4009287073969138,907,19954,False," ; covariables : share_cab, log_pop, share_edu_sup, pretrend_1014 (doublement robuste) ; contrôle = not_yet_treated ; fenêtre 1998-2019 ; 367 traitées, 540 jamais traitées sur la fenêtre (dont 488 traitées après 2019) ; 25 unités incomplètes exclues",event,540,367,488,25,1998,2019,1998.0,2019.0,907.0,3.0,dr,4.0,367.0,,
robust,robustesse,H1,"log(naissances+0,5 / 1 000 f. 15-49)",fenêtre 1998-2019 (hors COVID) ; cohortes 2020-2023 = contrôle,cs,-4,0.005999966334342174,0.01455405027075738,-0.022525448025527715,0.034525380694212064,0.680153215965272,907,19954,False," ; covariables : share_cab, log_pop, share_edu_sup, pretrend_1014 (doublement robuste) ; contrôle = not_yet_treated ; fenêtre 1998-2019 ; 367 traitées, 540 jamais traitées sur la fenêtre (dont 488 traitées après 2019) ; 25 unités incomplètes exclues",event,540,367,488,25,1998,2019,1998.0,2019.0,907.0,3.0,dr,4.0,367.0,,
robust,robustesse,H1,"log(naissances+0,5 / 1 000 f. 15-49)",fenêtre 1998-2019 (hors COVID) ; cohortes 2020-2023 = contrôle,cs,-3,0.01838599499394323,0.01253355658497608,-0.006179324510804721,0.042951314498691176,0.14239195477212385,907,19954,False," ; covariables : share_cab, log_pop, share_edu_sup, pretrend_1014 (doublement robuste) ; contrôle = not_yet_treated ; fenêtre 1998-2019 ; 367 traitées, 540 jamais traitées sur la fenêtre (dont 488 traitées après 2019) ; 25 unités incomplètes exclues",event,540,367,488,25,1998,2019,1998.0,2019.0,907.0,3.0,dr,4.0,367.0,,
robust,robustesse,H1,"log(naissances+0,5 / 1 000 f. 15-49)",fenêtre 1998-2019 (hors COVID) ; cohortes 2020-2023 = contrôle,cs,-2,-0.0035336381433646253,0.01152076896777755,-0.026113930394415317,0.019046654107686068,0.7590573057396608,907,19954,False," ; covariables : share_cab, log_pop, share_edu_sup, pretrend_1014 (doublement robuste) ; contrôle = not_yet_treated ; fenêtre 1998-2019 ; 367 traitées, 540 jamais traitées sur la fenêtre (dont 488 traitées après 2019) ; 25 unités incomplètes exclues",event,540,367,488,25,1998,2019,1998.0,2019.0,907.0,3.0,dr,4.0,367.0,,
robust,robustesse,H1,"log(naissances+0,5 / 1 000 f. 15-49)",fenêtre 1998-2019 (hors COVID) ; cohortes 2020-2023 = contrôle,cs,0,-0.008688463205204028,0.012672592020750406,-0.03352628715664449,0.016149360746236435,0.4929587060456271,907,19954,False," ; covariables : share_cab, log_pop, share_edu_sup, pretrend_1014 (doublement robuste) ; contrôle = not_yet_treated ; fenêtre 1998-2019 ; 367 traitées, 540 jamais traitées sur la fenêtre (dont 488 traitées après 2019) ; 25 unités incomplètes exclues",event,540,367,488,25,1998,2019,1998.0,2019.0,907.0,3.0,dr,4.0,367.0,,
robust,robustesse,H1,"log(naissances+0,5 / 1 000 f. 15-49)",fenêtre 1998-2019 (hors COVID) ; cohortes 2020-2023 = contrôle,cs,1,-0.013454240662818836,0.018715463542270116,-0.050135875159640686,0.02322739383400302,0.47221261386139857,907,19954,False," ; covariables : share_cab, log_pop, share_edu_sup, pretrend_1014 (doublement robuste) ; contrôle = not_yet_treated ; fenêtre 1998-2019 ; 367 traitées, 540 jamais traitées sur la fenêtre (dont 488 traitées après 2019) ; 25 unités incomplètes exclues",event,540,367,488,25,1998,2019,1998.0,2019.0,907.0,3.0,dr,3.0,277.0,,
robust,robustesse,H1,"log(naissances+0,5 / 1 000 f. 15-49)",fenêtre 1998-2019 (hors COVID) ; cohortes 2020-2023 = contrôle,cs,2,0.000557406447129212,0.034854921445822404,-0.06775698427065543,0.06887179716491387,0.9872406241864115,907,19954,False," ; covariables : share_cab, log_pop, share_edu_sup, pretrend_1014 (doublement robuste) ; contrôle = not_yet_treated ; fenêtre 1998-2019 ; 367 traitées, 540 jamais traitées sur la fenêtre (dont 488 traitées après 2019) ; 25 unités incomplètes exclues",event,540,367,488,25,1998,2019,1998.0,2019.0,907.0,3.0,dr,2.0,173.0,,
robust,robustesse,H1,"log(naissances+0,5 / 1 000 f. 15-49)",fenêtre 1998-2019 (hors COVID) ; cohortes 2020-2023 = contrôle,cs,3,0.06522763319029767,0.05256366682099333,-0.03779526067421225,0.16825052705480759,0.214632999925086,907,19954,False," ; covariables : share_cab, log_pop, share_edu_sup, pretrend_1014 (doublement robuste) ; contrôle = not_yet_treated ; fenêtre 1998-2019 ; 367 traitées, 540 jamais traitées sur la fenêtre (dont 488 traitées après 2019) ; 25 unités incomplètes exclues",event,540,367,488,25,1998,2019,1998.0,2019.0,907.0,3.0,dr,1.0,93.0,,
robust,robustesse,H1,"log(naissances+0,5 / 1 000 f. 15-49)",fenêtre 1998-2019 (hors COVID) ; cohortes 2020-2023 = contrôle,cs,"ATT[1,3]",0.017443599658202684,0.02663238682677013,-0.03475491934460574,0.06964211866101111,0.5124825907556749,907,19954,False," ; covariables : share_cab, log_pop, share_edu_sup, pretrend_1014 (doublement robuste) ; contrôle = not_yet_treated ; fenêtre 1998-2019 ; 367 traitées, 540 jamais traitées sur la fenêtre (dont 488 traitées après 2019) ; 25 unités incomplètes exclues ; écart-type avec covariance complète des coefficients (fonctions d'influence)",post_avg,540,367,488,25,1998,2019,1998.0,2019.0,907.0,3.0,dr,,,3.0,
robust,robustesse,H1,"log(naissances+0,5 / 1 000 f. 15-49)",fenêtre 1998-2019 (hors COVID) ; cohortes 2020-2023 = contrôle,cs,ATT,-0.0008273510525930306,0.01686838574870521,-0.033888779597383956,0.03223407749219789,0.960881493785702,907,19954,False," ; covariables : share_cab, log_pop, share_edu_sup, pretrend_1014 (doublement robuste) ; contrôle = not_yet_treated ; fenêtre 1998-2019 ; 367 traitées, 540 jamais traitées sur la fenêtre (dont 488 traitées après 2019) ; 25 unités incomplètes exclues ; moyenne de tous les ATT(g,t) post",simple,540,367,488,25,1998,2019,1998.0,2019.0,907.0,3.0,dr,,,,
robust,robustesse,H1,"log(naissances+0,5 / 1 000 f. 15-49)",fenêtre 1998-2019 (hors COVID) ; cohortes 2020-2023 = contrôle,cs,Wald pré (-8..-2),7.113509337652474,,,,0.4171578665410649,907,19954,False,"H5c : test de Wald joint de nullité des coefficients pré avec covariance des fonctions d'influence, df = 7 ; fenêtre 1998-2019 ; 367 traitées, 540 jamais traitées sur la fenêtre (dont 488 traitées après 2019) ; 25 unités incomplètes exclues",pre_test,540,367,488,25,1998,2019,1998.0,2019.0,907.0,3.0,dr,,,,7.0
robust,robustesse,H1,"log(naissances+0,5 / 1 000 f. 15-49)",sans 2020-2021,cs,-8,0.013998200915483771,0.020457656632334904,-0.026098069291979612,0.05409447112294716,0.49381579061623426,907,22675,False," ; covariables : share_cab, log_pop, share_edu_sup, pretrend_1014 (doublement robuste) ; contrôle = not_yet_treated ; fenêtre 1998-2024 ; 842 traitées, 65 jamais traitées sur la fenêtre ; 25 unités incomplètes exclues",event,65,842,0,25,1998,2024,1998.0,2024.0,907.0,5.0,dr,8.0,842.0,,
robust,robustesse,H1,"log(naissances+0,5 / 1 000 f. 15-49)",sans 2020-2021,cs,-7,0.03132114147456161,0.01897094294259565,-0.005861223445690178,0.0685035063948134,0.0987373405912008,907,22675,False," ; covariables : share_cab, log_pop, share_edu_sup, pretrend_1014 (doublement robuste) ; contrôle = not_yet_treated ; fenêtre 1998-2024 ; 842 traitées, 65 jamais traitées sur la fenêtre ; 25 unités incomplètes exclues",event,65,842,0,25,1998,2024,1998.0,2024.0,907.0,5.0,dr,8.0,842.0,,
robust,robustesse,H1,"log(naissances+0,5 / 1 000 f. 15-49)",sans 2020-2021,cs,-6,0.018203644517570942,0.01497254226487821,-0.01114199907859412,0.047549288113736,0.22406041562768197,907,22675,False," ; covariables : share_cab, log_pop, share_edu_sup, pretrend_1014 (doublement robuste) ; contrôle = not_yet_treated ; fenêtre 1998-2024 ; 842 traitées, 65 jamais traitées sur la fenêtre ; 25 unités incomplètes exclues",event,65,842,0,25,1998,2024,1998.0,2024.0,907.0,5.0,dr,8.0,842.0,,
robust,robustesse,H1,"log(naissances+0,5 / 1 000 f. 15-49)",sans 2020-2021,cs,-5,0.03713042655782571,0.01717067429780902,0.0034765233438524487,0.07078432977179897,0.03058484393310727,907,22675,False," ; covariables : share_cab, log_pop, share_edu_sup, pretrend_1014 (doublement robuste) ; contrôle = not_yet_treated ; fenêtre 1998-2024 ; 842 traitées, 65 jamais traitées sur la fenêtre ; 25 unités incomplètes exclues",event,65,842,0,25,1998,2024,1998.0,2024.0,907.0,5.0,dr,8.0,842.0,,
robust,robustesse,H1,"log(naissances+0,5 / 1 000 f. 15-49)",sans 2020-2021,cs,-4,0.030258486045323017,0.015993208457424524,-0.0010876265284704423,0.06160459861911648,0.05849651568643943,907,22675,False," ; covariables : share_cab, log_pop, share_edu_sup, pretrend_1014 (doublement robuste) ; contrôle = not_yet_treated ; fenêtre 1998-2024 ; 842 traitées, 65 jamais traitées sur la fenêtre ; 25 unités incomplètes exclues",event,65,842,0,25,1998,2024,1998.0,2024.0,907.0,5.0,dr,8.0,842.0,,
robust,robustesse,H1,"log(naissances+0,5 / 1 000 f. 15-49)",sans 2020-2021,cs,-3,0.04051568283123656,0.020790775429779924,-0.0002334882217923523,0.08126485388426548,0.051327245960191246,907,22675,False," ; covariables : share_cab, log_pop, share_edu_sup, pretrend_1014 (doublement robuste) ; contrôle = not_yet_treated ; fenêtre 1998-2024 ; 842 traitées, 65 jamais traitées sur la fenêtre ; 25 unités incomplètes exclues",event,65,842,0,25,1998,2024,1998.0,2024.0,907.0,5.0,dr,7.0,797.0,,
robust,robustesse,H1,"log(naissances+0,5 / 1 000 f. 15-49)",sans 2020-2021,cs,-2,0.006014718282046287,0.009246409008607794,-0.012107910361151695,0.02413734692524427,0.5153742446305586,907,22675,False," ; covariables : share_cab, log_pop, share_edu_sup, pretrend_1014 (doublement robuste) ; contrôle = not_yet_treated ; fenêtre 1998-2024 ; 842 traitées, 65 jamais traitées sur la fenêtre ; 25 unités incomplètes exclues",event,65,842,0,25,1998,2024,1998.0,2024.0,907.0,5.0,dr,6.0,754.0,,
robust,robustesse,H1,"log(naissances+0,5 / 1 000 f. 15-49)",sans 2020-2021,cs,0,-0.019470554134797292,0.013202240682264152,-0.04534647038726454,0.006405362117669955,0.1402685705679032,907,22675,False," ; covariables : share_cab, log_pop, share_edu_sup, pretrend_1014 (doublement robuste) ; contrôle = not_yet_treated ; fenêtre 1998-2024 ; 842 traitées, 65 jamais traitées sur la fenêtre ; 25 unités incomplètes exclues",event,65,842,0,25,1998,2024,1998.0,2024.0,907.0,5.0,dr,6.0,455.0,,
robust,robustesse,H1,"log(naissances+0,5 / 1 000 f. 15-49)",sans 2020-2021,cs,1,-0.007867737980430375,0.015293155663018589,-0.03784177228991158,0.02210629632905083,0.6069294542829144,907,22675,False," ; covariables : share_cab, log_pop, share_edu_sup, pretrend_1014 (doublement robuste) ; contrôle = not_yet_treated ; fenêtre 1998-2024 ; 842 traitées, 65 jamais traitées sur la fenêtre ; 25 unités incomplètes exclues",event,65,842,0,25,1998,2024,1998.0,2024.0,907.0,5.0,dr,6.0,585.0,,
robust,robustesse,H1,"log(naissances+0,5 / 1 000 f. 15-49)",sans 2020-2021,cs,2,0.01647574699951647,0.024192364132320763,-0.030940415400710818,0.06389190939974376,0.4958519520703335,907,22675,False," ; covariables : share_cab, log_pop, share_edu_sup, pretrend_1014 (doublement robuste) ; contrôle = not_yet_treated ; fenêtre 1998-2024 ; 842 traitées, 65 jamais traitées sur la fenêtre ; 25 unités incomplètes exclues",event,65,842,0,25,1998,2024,1998.0,2024.0,907.0,5.0,dr,5.0,603.0,,
robust,robustesse,H1,"log(naissances+0,5 / 1 000 f. 15-49)",sans 2020-2021,cs,3,0.03894911471900443,0.025702839407798793,-0.011427524820698011,0.08932575425870687,0.12968067053765014,907,22675,False," ; covariables : share_cab, log_pop, share_edu_sup, pretrend_1014 (doublement robuste) ; contrôle = not_yet_treated ; fenêtre 1998-2024 ; 842 traitées, 65 jamais traitées sur la fenêtre ; 25 unités incomplètes exclues",event,65,842,0,25,1998,2024,1998.0,2024.0,907.0,5.0,dr,4.0,570.0,,
robust,robustesse,H1,"log(naissances+0,5 / 1 000 f. 15-49)",sans 2020-2021,cs,4,0.03397026926435327,0.045515390386043846,-0.055238256634573296,0.12317879516327984,0.455457903571892,907,22675,False," ; covariables : share_cab, log_pop, share_edu_sup, pretrend_1014 (doublement robuste) ; contrôle = not_yet_treated ; fenêtre 1998-2024 ; 842 traitées, 65 jamais traitées sur la fenêtre ; 25 unités incomplètes exclues",event,65,842,0,25,1998,2024,1998.0,2024.0,907.0,5.0,dr,3.0,361.0,,
robust,robustesse,H1,"log(naissances+0,5 / 1 000 f. 15-49)",sans 2020-2021,cs,5,-0.031760764665464875,0.07691487455573769,-0.18251114867012694,0.11898961933919719,0.6796549902709652,907,22675,False," ; covariables : share_cab, log_pop, share_edu_sup, pretrend_1014 (doublement robuste) ; contrôle = not_yet_treated ; fenêtre 1998-2024 ; 842 traitées, 65 jamais traitées sur la fenêtre ; 25 unités incomplètes exclues",event,65,842,0,25,1998,2024,1998.0,2024.0,907.0,5.0,dr,3.0,274.0,,
robust,robustesse,H1,"log(naissances+0,5 / 1 000 f. 15-49)",sans 2020-2021,cs,6,-0.017308116122487973,0.11806157857636962,-0.24870455809011804,0.2140883258451421,0.8834458234214644,907,22675,False," ; covariables : share_cab, log_pop, share_edu_sup, pretrend_1014 (doublement robuste) ; contrôle = not_yet_treated ; fenêtre 1998-2024 ; 842 traitées, 65 jamais traitées sur la fenêtre ; 25 unités incomplètes exclues",event,65,842,0,25,1998,2024,1998.0,2024.0,907.0,5.0,dr,3.0,277.0,,
robust,robustesse,H1,"log(naissances+0,5 / 1 000 f. 15-49)",sans 2020-2021,cs,7,-0.10383273130584754,0.13635365978254926,-0.3710809936398717,0.16341553102817663,0.44636102127834465,907,22675,False," ; covariables : share_cab, log_pop, share_edu_sup, pretrend_1014 (doublement robuste) ; contrôle = not_yet_treated ; fenêtre 1998-2024 ; 842 traitées, 65 jamais traitées sur la fenêtre ; 25 unités incomplètes exclues",event,65,842,0,25,1998,2024,1998.0,2024.0,907.0,5.0,dr,2.0,173.0,,
robust,robustesse,H1,"log(naissances+0,5 / 1 000 f. 15-49)",sans 2020-2021,cs,8,-0.08109086761274177,0.15796001982907729,-0.39068681747496603,0.22850508224948252,0.6076972543370949,907,22675,False," ; covariables : share_cab, log_pop, share_edu_sup, pretrend_1014 (doublement robuste) ; contrôle = not_yet_treated ; fenêtre 1998-2024 ; 842 traitées, 65 jamais traitées sur la fenêtre ; 25 unités incomplètes exclues",event,65,842,0,25,1998,2024,1998.0,2024.0,907.0,5.0,dr,1.0,93.0,,
robust,robustesse,H1,"log(naissances+0,5 / 1 000 f. 15-49)",sans 2020-2021,cs,"ATT[1,5]",0.009953325667395785,0.02669041485617283,-0.04235892618313577,0.062265577517927335,0.7092097664479904,907,22675,False," ; covariables : share_cab, log_pop, share_edu_sup, pretrend_1014 (doublement robuste) ; contrôle = not_yet_treated ; fenêtre 1998-2024 ; 842 traitées, 65 jamais traitées sur la fenêtre ; 25 unités incomplètes exclues ; écart-type avec covariance complète des coefficients (fonctions d'influence)",post_avg,65,842,0,25,1998,2024,1998.0,2024.0,907.0,5.0,dr,,,5.0,
robust,robustesse,H1,"log(naissances+0,5 / 1 000 f. 15-49)",sans 2020-2021,cs,ATT,-0.0023780305818564425,0.03108984500312784,-0.06331300707291958,0.05855694590920669,0.9390300797182685,907,22675,False," ; covariables : share_cab, log_pop, share_edu_sup, pretrend_1014 (doublement robuste) ; contrôle = not_yet_treated ; fenêtre 1998-2024 ; 842 traitées, 65 jamais traitées sur la fenêtre ; 25 unités incomplètes exclues ; moyenne de tous les ATT(g,t) post",simple,65,842,0,25,1998,2024,1998.0,2024.0,907.0,5.0,dr,,,,
robust,robustesse,H1,"log(naissances+0,5 / 1 000 f. 15-49)",sans 2020-2021,cs,Wald pré (-8..-2),11.978199345082444,,,,0.10127807804902514,907,22675,False,"H5c : test de Wald joint de nullité des coefficients pré avec covariance des fonctions d'influence, df = 7 ; fenêtre 1998-2024 ; 842 traitées, 65 jamais traitées sur la fenêtre ; 25 unités incomplètes exclues",pre_test,65,842,0,25,1998,2024,1998.0,2024.0,907.0,5.0,dr,,,,7.0
robust,robustesse,H1,"log(naissances+0,5 / 1 000 f. 15-49)",grappes = departamento,cs,-8,0.007252517139678632,0.033473083995641556,-0.058353521943262904,0.07285855622262016,0.8284677636667889,907,24489,False," ; covariables : share_cab, log_pop, share_edu_sup, pretrend_1014 (doublement robuste) ; contrôle = not_yet_treated ; fenêtre 1998-2024 ; 842 traitées, 65 jamais traitées sur la fenêtre ; 25 unités incomplètes exclues ; grappes = dep (32)",event,65,842,0,25,1998,2024,1998.0,2024.0,32.0,5.0,dr,8.0,842.0,,
robust,robustesse,H1,"log(naissances+0,5 / 1 000 f. 15-49)",grappes = departamento,cs,-7,0.022206314258605874,0.03244688038207164,-0.041388402700933774,0.08580103121814553,0.4937290496659772,907,24489,False," ; covariables : share_cab, log_pop, share_edu_sup, pretrend_1014 (doublement robuste) ; contrôle = not_yet_treated ; fenêtre 1998-2024 ; 842 traitées, 65 jamais traitées sur la fenêtre ; 25 unités incomplètes exclues ; grappes = dep (32)",event,65,842,0,25,1998,2024,1998.0,2024.0,32.0,5.0,dr,8.0,842.0,,
robust,robustesse,H1,"log(naissances+0,5 / 1 000 f. 15-49)",grappes = departamento,cs,-6,0.011717170112312991,0.025302241231714144,-0.037874311429991106,0.06130865165461709,0.6433011260844634,907,24489,False," ; covariables : share_cab, log_pop, share_edu_sup, pretrend_1014 (doublement robuste) ; contrôle = not_yet_treated ; fenêtre 1998-2024 ; 842 traitées, 65 jamais traitées sur la fenêtre ; 25 unités incomplètes exclues ; grappes = dep (32)",event,65,842,0,25,1998,2024,1998.0,2024.0,32.0,5.0,dr,8.0,842.0,,
robust,robustesse,H1,"log(naissances+0,5 / 1 000 f. 15-49)",grappes = departamento,cs,-5,0.026586354336209404,0.02887128365990435,-0.03000032182464288,0.08317303049706169,0.3571245362118297,907,24489,False," ; covariables : share_cab, log_pop, share_edu_sup, pretrend_1014 (doublement robuste) ; contrôle = not_yet_treated ; fenêtre 1998-2024 ; 842 traitées, 65 jamais traitées sur la fenêtre ; 25 unités incomplètes exclues ; grappes = dep (32)",event,65,842,0,25,1998,2024,1998.0,2024.0,32.0,5.0,dr,8.0,842.0,,
robust,robustesse,H1,"log(naissances+0,5 / 1 000 f. 15-49)",grappes = departamento,cs,-4,0.019088154117208198,0.0327097366108594,-0.04502175158386748,0.08319805981828388,0.5595151394924377,907,24489,False," ; covariables : share_cab, log_pop, share_edu_sup, pretrend_1014 (doublement robuste) ; contrôle = not_yet_treated ; fenêtre 1998-2024 ; 842 traitées, 65 jamais traitées sur la fenêtre ; 25 unités incomplètes exclues ; grappes = dep (32)",event,65,842,0,25,1998,2024,1998.0,2024.0,32.0,5.0,dr,8.0,842.0,,
robust,robustesse,H1,"log(naissances+0,5 / 1 000 f. 15-49)",grappes = departamento,cs,-3,0.022379743513843923,0.028556282304790948,-0.03358954133590478,0.07834902836359263,0.43321235881849396,907,24489,False," ; covariables : share_cab, log_pop, share_edu_sup, pretrend_1014 (doublement robuste) ; contrôle = not_yet_treated ; fenêtre 1998-2024 ; 842 traitées, 65 jamais traitées sur la fenêtre ; 25 unités incomplètes exclues ; grappes = dep (32)",event,65,842,0,25,1998,2024,1998.0,2024.0,32.0,5.0,dr,8.0,842.0,,
robust,robustesse,H1,"log(naissances+0,5 / 1 000 f. 15-49)",grappes = departamento,cs,-2,-0.010056957960608813,0.01613717201648885,-0.041685233925254556,0.02157131800403693,0.5331420120590609,907,24489,False," ; covariables : share_cab, log_pop, share_edu_sup, pretrend_1014 (doublement robuste) ; contrôle = not_yet_treated ; fenêtre 1998-2024 ; 842 traitées, 65 jamais traitées sur la fenêtre ; 25 unités incomplètes exclues ; grappes = dep (32)",event,65,842,0,25,1998,2024,1998.0,2024.0,32.0,5.0,dr,8.0,842.0,,
robust,robustesse,H1,"log(naissances+0,5 / 1 000 f. 15-49)",grappes = departamento,cs,0,-0.008257646771679924,0.011001015402061992,-0.02981924075309185,0.013303947209732004,0.45287784666458064,907,24489,False," ; covariables : share_cab, log_pop, share_edu_sup, pretrend_1014 (doublement robuste) ; contrôle = not_yet_treated ; fenêtre 1998-2024 ; 842 traitées, 65 jamais traitées sur la fenêtre ; 25 unités incomplètes exclues ; grappes = dep (32)",event,65,842,0,25,1998,2024,1998.0,2024.0,32.0,5.0,dr,8.0,842.0,,
robust,robustesse,H1,"log(naissances+0,5 / 1 000 f. 15-49)",grappes = departamento,cs,1,-0.02601624070104236,0.016432769008245803,-0.05822387612347012,0.006191394721385399,0.11337753919072825,907,24489,False," ; covariables : share_cab, log_pop, share_edu_sup, pretrend_1014 (doublement robuste) ; contrôle = not_yet_treated ; fenêtre 1998-2024 ; 842 traitées, 65 jamais traitées sur la fenêtre ; 25 unités incomplètes exclues ; grappes = dep (32)",event,65,842,0,25,1998,2024,1998.0,2024.0,32.0,5.0,dr,8.0,842.0,,
robust,robustesse,H1,"log(naissances+0,5 / 1 000 f. 15-49)",grappes = departamento,cs,2,-0.0026853952491303276,0.01903903523948256,-0.04000121861890507,0.034630428120644416,0.8878329602977203,907,24489,False," ; covariables : share_cab, log_pop, share_edu_sup, pretrend_1014 (doublement robuste) ; contrôle = not_yet_treated ; fenêtre 1998-2024 ; 842 traitées, 65 jamais traitées sur la fenêtre ; 25 unités incomplètes exclues ; grappes = dep (32)",event,65,842,0,25,1998,2024,1998.0,2024.0,32.0,5.0,dr,7.0,797.0,,
robust,robustesse,H1,"log(naissances+0,5 / 1 000 f. 15-49)",grappes = departamento,cs,3,-0.009922150279558492,0.035440326638926975,-0.07938391409219082,0.05953961353307384,0.7795022092628058,907,24489,False," ; covariables : share_cab, log_pop, share_edu_sup, pretrend_1014 (doublement robuste) ; contrôle = not_yet_treated ; fenêtre 1998-2024 ; 842 traitées, 65 jamais traitées sur la fenêtre ; 25 unités incomplètes exclues ; grappes = dep (32)",event,65,842,0,25,1998,2024,1998.0,2024.0,32.0,5.0,dr,6.0,754.0,,
robust,robustesse,H1,"log(naissances+0,5 / 1 000 f. 15-49)",grappes = departamento,cs,4,0.01714654969707771,0.06728390368921129,-0.11472747827303809,0.1490205776671935,0.7988476014644739,907,24489,False," ; covariables : share_cab, log_pop, share_edu_sup, pretrend_1014 (doublement robuste) ; contrôle = not_yet_treated ; fenêtre 1998-2024 ; 842 traitées, 65 jamais traitées sur la fenêtre ; 25 unités incomplètes exclues ; grappes = dep (32)",event,65,842,0,25,1998,2024,1998.0,2024.0,32.0,5.0,dr,5.0,534.0,,
robust,robustesse,H1,"log(naissances+0,5 / 1 000 f. 15-49)",grappes = departamento,cs,5,-0.043082717453668845,0.1430151709219564,-0.32338730170354335,0.2372218667962057,0.7632270788589517,907,24489,False," ; covariables : share_cab, log_pop, share_edu_sup, pretrend_1014 (doublement robuste) ; contrôle = not_yet_treated ; fenêtre 1998-2024 ; 842 traitées, 65 jamais traitées sur la fenêtre ; 25 unités incomplètes exclues ; grappes = dep (32)",event,65,842,0,25,1998,2024,1998.0,2024.0,32.0,5.0,dr,4.0,367.0,,
robust,robustesse,H1,"log(naissances+0,5 / 1 000 f. 15-49)",grappes = departamento,cs,6,-0.017308116122487973,0.137836666359199,-0.28746301793558166,0.25284678569060576,0.9000725071591779,907,24489,False," ; covariables : share_cab, log_pop, share_edu_sup, pretrend_1014 (doublement robuste) ; contrôle = not_yet_treated ; fenêtre 1998-2024 ; 842 traitées, 65 jamais traitées sur la fenêtre ; 25 unités incomplètes exclues ; grappes = dep (32)",event,65,842,0,25,1998,2024,1998.0,2024.0,32.0,5.0,dr,3.0,277.0,,
robust,robustesse,H1,"log(naissances+0,5 / 1 000 f. 15-49)",grappes = departamento,cs,7,-0.10383273130584754,0.14359731426523087,-0.38527829554237975,0.1776128329306847,0.46962908750957477,907,24489,False," ; covariables : share_cab, log_pop, share_edu_sup, pretrend_1014 (doublement robuste) ; contrôle = not_yet_treated ; fenêtre 1998-2024 ; 842 traitées, 65 jamais traitées sur la fenêtre ; 25 unités incomplètes exclues ; grappes = dep (32)",event,65,842,0,25,1998,2024,1998.0,2024.0,32.0,5.0,dr,2.0,173.0,,
robust,robustesse,H1,"log(naissances+0,5 / 1 000 f. 15-49)",grappes = departamento,cs,8,-0.08109086761274177,0.17885051484296838,-0.43163143532140613,0.2694497000959226,0.6502605585995771,907,24489,False," ; covariables : share_cab, log_pop, share_edu_sup, pretrend_1014 (doublement robuste) ; contrôle = not_yet_treated ; fenêtre 1998-2024 ; 842 traitées, 65 jamais traitées sur la fenêtre ; 25 unités incomplètes exclues ; grappes = dep (32)",event,65,842,0,25,1998,2024,1998.0,2024.0,32.0,5.0,dr,1.0,93.0,,
robust,robustesse,H1,"log(naissances+0,5 / 1 000 f. 15-49)",grappes = departamento,cs,"ATT[1,5]",-0.012911990797264461,0.047534436968630245,-0.10607777528116905,0.08025379368664012,0.7859031052895218,907,24489,False," ; covariables : share_cab, log_pop, share_edu_sup, pretrend_1014 (doublement robuste) ; contrôle = not_yet_treated ; fenêtre 1998-2024 ; 842 traitées, 65 jamais traitées sur la fenêtre ; 25 unités incomplètes exclues ; grappes = dep (32) ; écart-type avec covariance complète des coefficients (fonctions d'influence)",post_avg,65,842,0,25,1998,2024,1998.0,2024.0,32.0,5.0,dr,,,5.0,
robust,robustesse,H1,"log(naissances+0,5 / 1 000 f. 15-49)",grappes = departamento,cs,ATT,-0.01612184990670204,0.03904246586264333,-0.0926436768651175,0.06039997705171342,0.6796570658754195,907,24489,False," ; covariables : share_cab, log_pop, share_edu_sup, pretrend_1014 (doublement robuste) ; contrôle = not_yet_treated ; fenêtre 1998-2024 ; 842 traitées, 65 jamais traitées sur la fenêtre ; 25 unités incomplètes exclues ; grappes = dep (32) ; moyenne de tous les ATT(g,t) post",simple,65,842,0,25,1998,2024,1998.0,2024.0,32.0,5.0,dr,,,,
robust,robustesse,H1,"log(naissances+0,5 / 1 000 f. 15-49)",grappes = departamento,cs,Wald pré (-8..-2),8.834787217589552,,,,0.2647363591414715,907,24489,False,"H5c : test de Wald joint de nullité des coefficients pré avec covariance des fonctions d'influence, df = 7 ; fenêtre 1998-2024 ; 842 traitées, 65 jamais traitées sur la fenêtre ; 25 unités incomplètes exclues",pre_test,65,842,0,25,1998,2024,1998.0,2024.0,32.0,5.0,dr,,,,7.0
robust,robustesse,H1,"log(naissances+0,5 / 1 000 f. 15-49)",grappes = departamento,twfe,-8,0.09368463551373674,0.05753556718879692,-0.019083004006389667,0.20645227503386315,0.1034632364177023,907,24489,False," ; fenêtre 1998-2024 ; 842 traitées, 65 jamais traitées sur la fenêtre ; 25 unités incomplètes exclues ; covariables invariantes dans le temps absorbées par les effets fixes unité : share_cab, log_pop, share_edu_sup, pretrend_1014 ; cellules −8 et +8 bornées",event,65,842,0,25,1998,2024,,,,,,,,,
robust,robustesse,H1,"log(naissances+0,5 / 1 000 f. 15-49)",grappes = departamento,twfe,-7,0.06954838125323504,0.04178617208021872,-0.012351011075786802,0.15144777358225686,0.09603502231942881,907,24489,False," ; fenêtre 1998-2024 ; 842 traitées, 65 jamais traitées sur la fenêtre ; 25 unités incomplètes exclues ; covariables invariantes dans le temps absorbées par les effets fixes unité : share_cab, log_pop, share_edu_sup, pretrend_1014 ; cellules −8 et +8 bornées",event,65,842,0,25,1998,2024,,,,,,,,,
robust,robustesse,H1,"log(naissances+0,5 / 1 000 f. 15-49)",grappes = departamento,twfe,-6,0.05553278578398044,0.03866955039631555,-0.020258140291154608,0.13132371185911548,0.15097797553694184,907,24489,False," ; fenêtre 1998-2024 ; 842 traitées, 65 jamais traitées sur la fenêtre ; 25 unités incomplètes exclues ; covariables invariantes dans le temps absorbées par les effets fixes unité : share_cab, log_pop, share_edu_sup, pretrend_1014 ; cellules −8 et +8 bornées",event,65,842,0,25,1998,2024,,,,,,,,,
robust,robustesse,H1,"log(naissances+0,5 / 1 000 f. 15-49)",grappes = departamento,twfe,-5,0.05544417591198194,0.031789863003718846,-0.006862810648769299,0.11775116247273318,0.08114452867969904,907,24489,False," ; fenêtre 1998-2024 ; 842 traitées, 65 jamais traitées sur la fenêtre ; 25 unités incomplètes exclues ; covariables invariantes dans le temps absorbées par les effets fixes unité : share_cab, log_pop, share_edu_sup, pretrend_1014 ; cellules −8 et +8 bornées",event,65,842,0,25,1998,2024,,,,,,,,,
robust,robustesse,H1,"log(naissances+0,5 / 1 000 f. 15-49)",grappes = departamento,twfe,-4,0.03938855463604994,0.02862053977135665,-0.01670667253390532,0.0954837818060052,0.1687492561744437,907,24489,False," ; fenêtre 1998-2024 ; 842 traitées, 65 jamais traitées sur la fenêtre ; 25 unités incomplètes exclues ; covariables invariantes dans le temps absorbées par les effets fixes unité : share_cab, log_pop, share_edu_sup, pretrend_1014 ; cellules −8 et +8 bornées",event,65,842,0,25,1998,2024,,,,,,,,,
robust,robustesse,H1,"log(naissances+0,5 / 1 000 f. 15-49)",grappes = departamento,twfe,-3,0.028378613308600326,0.01753646517920754,-0.005992226858787194,0.06274945347598784,0.1056059240409455,907,24489,False," ; fenêtre 1998-2024 ; 842 traitées, 65 jamais traitées sur la fenêtre ; 25 unités incomplètes exclues ; covariables invariantes dans le temps absorbées par les effets fixes unité : share_cab, log_pop, share_edu_sup, pretrend_1014 ; cellules −8 et +8 bornées",event,65,842,0,25,1998,2024,,,,,,,,,
robust,robustesse,H1,"log(naissances+0,5 / 1 000 f. 15-49)",grappes = departamento,twfe,-2,-0.0050188640260483966,0.011208324297562513,-0.026986775976316123,0.016949047924219328,0.6543119419690262,907,24489,False," ; fenêtre 1998-2024 ; 842 traitées, 65 jamais traitées sur la fenêtre ; 25 unités incomplètes exclues ; covariables invariantes dans le temps absorbées par les effets fixes unité : share_cab, log_pop, share_edu_sup, pretrend_1014 ; cellules −8 et +8 bornées",event,65,842,0,25,1998,2024,,,,,,,,,
robust,robustesse,H1,"log(naissances+0,5 / 1 000 f. 15-49)",grappes = departamento,twfe,0,-0.019204196346413942,0.010230920254732948,-0.039256431574391876,0.0008480388815639908,0.0605079263358298,907,24489,False," ; fenêtre 1998-2024 ; 842 traitées, 65 jamais traitées sur la fenêtre ; 25 unités incomplètes exclues ; covariables invariantes dans le temps absorbées par les effets fixes unité : share_cab, log_pop, share_edu_sup, pretrend_1014 ; cellules −8 et +8 bornées",event,65,842,0,25,1998,2024,,,,,,,,,
robust,robustesse,H1,"log(naissances+0,5 / 1 000 f. 15-49)",grappes = departamento,twfe,1,-0.057297322469560076,0.021689301007599318,-0.09980757129430304,-0.014787073644817107,0.008248327278150194,907,24489,False," ; fenêtre 1998-2024 ; 842 traitées, 65 jamais traitées sur la fenêtre ; 25 unités incomplètes exclues ; covariables invariantes dans le temps absorbées par les effets fixes unité : share_cab, log_pop, share_edu_sup, pretrend_1014 ; cellules −8 et +8 bornées",event,65,842,0,25,1998,2024,,,,,,,,,
robust,robustesse,H1,"log(naissances+0,5 / 1 000 f. 15-49)",grappes = departamento,twfe,2,-0.06442492770687606,0.03205695280310431,-0.12725540065506086,-0.0015944547586912855,0.04446271984908821,907,24489,False," ; fenêtre 1998-2024 ; 842 traitées, 65 jamais traitées sur la fenêtre ; 25 unités incomplètes exclues ; covariables invariantes dans le temps absorbées par les effets fixes unité : share_cab, log_pop, share_edu_sup, pretrend_1014 ; cellules −8 et +8 bornées",event,65,842,0,25,1998,2024,,,,,,,,,
robust,robustesse,H1,"log(naissances+0,5 / 1 000 f. 15-49)",grappes = departamento,twfe,3,-0.09894684860117486,0.044002271176760754,-0.18518971534559084,-0.01270398185675889,0.02453312086985354,907,24489,False," ; fenêtre 1998-2024 ; 842 traitées, 65 jamais traitées sur la fenêtre ; 25 unités incomplètes exclues ; covariables invariantes dans le temps absorbées par les effets fixes unité : share_cab, log_pop, share_edu_sup, pretrend_1014 ; cellules −8 et +8 bornées",event,65,842,0,25,1998,2024,,,,,,,,,
robust,robustesse,H1,"log(naissances+0,5 / 1 000 f. 15-49)",grappes = departamento,twfe,4,-0.13700840557774968,0.05723170131464684,-0.24918047892841116,-0.024836332227088212,0.016669152960752956,907,24489,False," ; fenêtre 1998-2024 ; 842 traitées, 65 jamais traitées sur la fenêtre ; 25 unités incomplètes exclues ; covariables invariantes dans le temps absorbées par les effets fixes unité : share_cab, log_pop, share_edu_sup, pretrend_1014 ; cellules −8 et +8 bornées",event,65,842,0,25,1998,2024,,,,,,,,,
robust,robustesse,H1,"log(naissances+0,5 / 1 000 f. 15-49)",grappes = departamento,twfe,5,-0.13410906180818272,0.06185322137793497,-0.2553391480367182,-0.012878975579647248,0.030144816490222555,907,24489,False," ; fenêtre 1998-2024 ; 842 traitées, 65 jamais traitées sur la fenêtre ; 25 unités incomplètes exclues ; covariables invariantes dans le temps absorbées par les effets fixes unité : share_cab, log_pop, share_edu_sup, pretrend_1014 ; cellules −8 et +8 bornées",event,65,842,0,25,1998,2024,,,,,,,,,
robust,robustesse,H1,"log(naissances+0,5 / 1 000 f. 15-49)",grappes = departamento,twfe,6,-0.13740151136505652,0.06670229531989982,-0.2681356078782148,-0.006667414851898257,0.03940601852791254,907,24489,False," ; fenêtre 1998-2024 ; 842 traitées, 65 jamais traitées sur la fenêtre ; 25 unités incomplètes exclues ; covariables invariantes dans le temps absorbées par les effets fixes unité : share_cab, log_pop, share_edu_sup, pretrend_1014 ; cellules −8 et +8 bornées",event,65,842,0,25,1998,2024,,,,,,,,,
robust,robustesse,H1,"log(naissances+0,5 / 1 000 f. 15-49)",grappes = departamento,twfe,7,-0.1585169635708597,0.06914869744432063,-0.294045920139585,-0.02298800700213438,0.021882163881294558,907,24489,False," ; fenêtre 1998-2024 ; 842 traitées, 65 jamais traitées sur la fenêtre ; 25 unités incomplètes exclues ; covariables invariantes dans le temps absorbées par les effets fixes unité : share_cab, log_pop, share_edu_sup, pretrend_1014 ; cellules −8 et +8 bornées",event,65,842,0,25,1998,2024,,,,,,,,,
robust,robustesse,H1,"log(naissances+0,5 / 1 000 f. 15-49)",grappes = departamento,twfe,8,-0.18566726471627884,0.08086531212998757,-0.34416036408964445,-0.027174165342913226,0.02167552214166252,907,24489,False," ; fenêtre 1998-2024 ; 842 traitées, 65 jamais traitées sur la fenêtre ; 25 unités incomplètes exclues ; covariables invariantes dans le temps absorbées par les effets fixes unité : share_cab, log_pop, share_edu_sup, pretrend_1014 ; cellules −8 et +8 bornées",event,65,842,0,25,1998,2024,,,,,,,,,
robust,robustesse,H1,"log(naissances+0,5 / 1 000 f. 15-49)",grappes = departamento,twfe,"ATT[1,5]",-0.09835731323270869,0.04258291035192304,-0.18181828387937568,-0.014896342586041694,0.020900130856903117,907,24489,False," ; fenêtre 1998-2024 ; 842 traitées, 65 jamais traitées sur la fenêtre ; 25 unités incomplètes exclues ; covariables invariantes dans le temps absorbées par les effets fixes unité : share_cab, log_pop, share_edu_sup, pretrend_1014 ; écart-type avec covariance complète (w'Vw)",post_avg,65,842,0,25,1998,2024,,,,,,,,,
robust,robustesse,H1,"log(naissances+0,5 / 1 000 f. 15-49)",grappes = departamento,twfe,Wald pré (-8..−2),18.40415966991056,,,,0.010273676631174587,907,24489,False,"test de Wald joint, covariance groupée, df = 7 ; fenêtre 1998-2024 ; 842 traitées, 65 jamais traitées sur la fenêtre ; 25 unités incomplètes exclues",pre_test,65,842,0,25,1998,2024,,,,,,,,,7.0
robust,robustesse,H1,"log(naissances+0,5 / 1 000 f. 15-49)",grappes = departamento,twfe,ATT,-0.07077700596196299,0.032945565298631595,-0.1353491273975935,-0.0062048845263324715,0.03168981516159296,907,24489,False," ; fenêtre 1998-2024 ; 842 traitées, 65 jamais traitées sur la fenêtre ; 25 unités incomplètes exclues ; covariables invariantes dans le temps absorbées par les effets fixes unité : share_cab, log_pop, share_edu_sup, pretrend_1014",static,65,842,0,25,1998,2024,,,,,,,,,
robust,robustesse,H1,"log(naissances+0,5 / 1 000 f. 15-49)","pondéré par les femmes 15-49 (2015), CS sans covariables",cs,-8,-0.005878612629225253,0.013531002080331023,-0.032398889381410605,0.0206416641229601,0.6639580056291886,907,24489,True,"pondération (A2) ; contrôle = not_yet_treated ; fenêtre 1998-2024 ; 842 traitées, 65 jamais traitées sur la fenêtre ; 25 unités incomplètes exclues ; pondéré par women",event,65,842,0,25,1998,2024,1998.0,2024.0,907.0,5.0,reg,8.0,842.0,,
robust,robustesse,H1,"log(naissances+0,5 / 1 000 f. 15-49)","pondéré par les femmes 15-49 (2015), CS sans covariables",cs,-7,-0.0032671867776482956,0.013791866283862171,-0.030298747973610426,0.023764374418313836,0.8127403520072738,907,24489,True,"pondération (A2) ; contrôle = not_yet_treated ; fenêtre 1998-2024 ; 842 traitées, 65 jamais traitées sur la fenêtre ; 25 unités incomplètes exclues ; pondéré par women",event,65,842,0,25,1998,2024,1998.0,2024.0,907.0,5.0,reg,8.0,842.0,,
robust,robustesse,H1,"log(naissances+0,5 / 1 000 f. 15-49)","pondéré par les femmes 15-49 (2015), CS sans covariables",cs,-6,-0.0014871267612269756,0.01339758824462895,-0.02774591720039692,0.02477166367794297,0.9116166742781111,907,24489,True,"pondération (A2) ; contrôle = not_yet_treated ; fenêtre 1998-2024 ; 842 traitées, 65 jamais traitées sur la fenêtre ; 25 unités incomplètes exclues ; pondéré par women",event,65,842,0,25,1998,2024,1998.0,2024.0,907.0,5.0,reg,8.0,842.0,,
robust,robustesse,H1,"log(naissances+0,5 / 1 000 f. 15-49)","pondéré par les femmes 15-49 (2015), CS sans covariables",cs,-5,-0.003756191392435688,0.011255095889466622,-0.02581577397833507,0.018303391193463695,0.7385814158637902,907,24489,True,"pondération (A2) ; contrôle = not_yet_treated ; fenêtre 1998-2024 ; 842 traitées, 65 jamais traitées sur la fenêtre ; 25 unités incomplètes exclues ; pondéré par women",event,65,842,0,25,1998,2024,1998.0,2024.0,907.0,5.0,reg,8.0,842.0,,
robust,robustesse,H1,"log(naissances+0,5 / 1 000 f. 15-49)","pondéré par les femmes 15-49 (2015), CS sans covariables",cs,-4,-0.008073757874432442,0.01259832523597875,-0.03276602160247287,0.01661850585360798,0.5216138956335252,907,24489,True,"pondération (A2) ; contrôle = not_yet_treated ; fenêtre 1998-2024 ; 842 traitées, 65 jamais traitées sur la fenêtre ; 25 unités incomplètes exclues ; pondéré par women",event,65,842,0,25,1998,2024,1998.0,2024.0,907.0,5.0,reg,8.0,842.0,,
robust,robustesse,H1,"log(naissances+0,5 / 1 000 f. 15-49)","pondéré par les femmes 15-49 (2015), CS sans covariables",cs,-3,-0.005488010753647616,0.009837395974442336,-0.024768952565213907,0.013792931057918673,0.5769315853513015,907,24489,True,"pondération (A2) ; contrôle = not_yet_treated ; fenêtre 1998-2024 ; 842 traitées, 65 jamais traitées sur la fenêtre ; 25 unités incomplètes exclues ; pondéré par women",event,65,842,0,25,1998,2024,1998.0,2024.0,907.0,5.0,reg,8.0,842.0,,
robust,robustesse,H1,"log(naissances+0,5 / 1 000 f. 15-49)","pondéré par les femmes 15-49 (2015), CS sans covariables",cs,-2,-0.015928667986312633,0.010038414441444652,-0.035603598753430915,0.0037462627808056495,0.11256444998275068,907,24489,True,"pondération (A2) ; contrôle = not_yet_treated ; fenêtre 1998-2024 ; 842 traitées, 65 jamais traitées sur la fenêtre ; 25 unités incomplètes exclues ; pondéré par women",event,65,842,0,25,1998,2024,1998.0,2024.0,907.0,5.0,reg,8.0,842.0,,
robust,robustesse,H1,"log(naissances+0,5 / 1 000 f. 15-49)","pondéré par les femmes 15-49 (2015), CS sans covariables",cs,0,-0.008833751488656722,0.008336435121595202,-0.025172864086438103,0.007505361109124661,0.2893012365105684,907,24489,True,"pondération (A2) ; contrôle = not_yet_treated ; fenêtre 1998-2024 ; 842 traitées, 65 jamais traitées sur la fenêtre ; 25 unités incomplètes exclues ; pondéré par women",event,65,842,0,25,1998,2024,1998.0,2024.0,907.0,5.0,reg,8.0,842.0,,
robust,robustesse,H1,"log(naissances+0,5 / 1 000 f. 15-49)","pondéré par les femmes 15-49 (2015), CS sans covariables",cs,1,-0.028698301313224747,0.01140742915414897,-0.05105645161154894,-0.006340151014900555,0.011877758918439427,907,24489,True,"pondération (A2) ; contrôle = not_yet_treated ; fenêtre 1998-2024 ; 842 traitées, 65 jamais traitées sur la fenêtre ; 25 unités incomplètes exclues ; pondéré par women",event,65,842,0,25,1998,2024,1998.0,2024.0,907.0,5.0,reg,8.0,842.0,,
robust,robustesse,H1,"log(naissances+0,5 / 1 000 f. 15-49)","pondéré par les femmes 15-49 (2015), CS sans covariables",cs,2,-0.026686394466669133,0.013471961770864278,-0.053090954338663565,-0.0002818345946747,0.047604275903750215,907,24489,True,"pondération (A2) ; contrôle = not_yet_treated ; fenêtre 1998-2024 ; 842 traitées, 65 jamais traitées sur la fenêtre ; 25 unités incomplètes exclues ; pondéré par women",event,65,842,0,25,1998,2024,1998.0,2024.0,907.0,5.0,reg,7.0,797.0,,
robust,robustesse,H1,"log(naissances+0,5 / 1 000 f. 15-49)","pondéré par les femmes 15-49 (2015), CS sans covariables",cs,3,-0.019165641186882378,0.016113324138127084,-0.05074717616883137,0.012415893795066617,0.23427123226913438,907,24489,True,"pondération (A2) ; contrôle = not_yet_treated ; fenêtre 1998-2024 ; 842 traitées, 65 jamais traitées sur la fenêtre ; 25 unités incomplètes exclues ; pondéré par women",event,65,842,0,25,1998,2024,1998.0,2024.0,907.0,5.0,reg,6.0,754.0,,
robust,robustesse,H1,"log(naissances+0,5 / 1 000 f. 15-49)","pondéré par les femmes 15-49 (2015), CS sans covariables",cs,4,-0.03934238863303006,0.01830350329629951,-0.07521659588468727,-0.0034681813813728507,0.03159907666952185,907,24489,True,"pondération (A2) ; contrôle = not_yet_treated ; fenêtre 1998-2024 ; 842 traitées, 65 jamais traitées sur la fenêtre ; 25 unités incomplètes exclues ; pondéré par women",event,65,842,0,25,1998,2024,1998.0,2024.0,907.0,5.0,reg,5.0,534.0,,
robust,robustesse,H1,"log(naissances+0,5 / 1 000 f. 15-49)","pondéré par les femmes 15-49 (2015), CS sans covariables",cs,5,-0.05787513928291356,0.02189391142693066,-0.1007864171604076,-0.014963861405419526,0.008206943824861982,907,24489,True,"pondération (A2) ; contrôle = not_yet_treated ; fenêtre 1998-2024 ; 842 traitées, 65 jamais traitées sur la fenêtre ; 25 unités incomplètes exclues ; pondéré par women",event,65,842,0,25,1998,2024,1998.0,2024.0,907.0,5.0,reg,4.0,367.0,,
robust,robustesse,H1,"log(naissances+0,5 / 1 000 f. 15-49)","pondéré par les femmes 15-49 (2015), CS sans covariables",cs,6,-0.02684019188885428,0.02045162829852581,-0.06692464677916506,0.013244263001456494,0.1893938653457471,907,24489,True,"pondération (A2) ; contrôle = not_yet_treated ; fenêtre 1998-2024 ; 842 traitées, 65 jamais traitées sur la fenêtre ; 25 unités incomplètes exclues ; pondéré par women",event,65,842,0,25,1998,2024,1998.0,2024.0,907.0,5.0,reg,3.0,277.0,,
robust,robustesse,H1,"log(naissances+0,5 / 1 000 f. 15-49)","pondéré par les femmes 15-49 (2015), CS sans covariables",cs,7,-0.048678981857877016,0.029680757744923125,-0.10685219807178462,0.009494234356030584,0.10098738068108228,907,24489,True,"pondération (A2) ; contrôle = not_yet_treated ; fenêtre 1998-2024 ; 842 traitées, 65 jamais traitées sur la fenêtre ; 25 unités incomplètes exclues ; pondéré par women",event,65,842,0,25,1998,2024,1998.0,2024.0,907.0,5.0,reg,2.0,173.0,,
robust,robustesse,H1,"log(naissances+0,5 / 1 000 f. 15-49)","pondéré par les femmes 15-49 (2015), CS sans covariables",cs,8,-0.05279288029631213,0.03587711684647056,-0.12311073718452967,0.01752497659190541,0.141158185720041,907,24489,True,"pondération (A2) ; contrôle = not_yet_treated ; fenêtre 1998-2024 ; 842 traitées, 65 jamais traitées sur la fenêtre ; 25 unités incomplètes exclues ; pondéré par women",event,65,842,0,25,1998,2024,1998.0,2024.0,907.0,5.0,reg,1.0,93.0,,
robust,robustesse,H1,"log(naissances+0,5 / 1 000 f. 15-49)","pondéré par les femmes 15-49 (2015), CS sans covariables",cs,"ATT[1,5]",-0.03435357297654398,0.013951624720836834,-0.06169825495520286,-0.007008890997885105,0.013803569394888818,907,24489,True,"pondération (A2) ; contrôle = not_yet_treated ; fenêtre 1998-2024 ; 842 traitées, 65 jamais traitées sur la fenêtre ; 25 unités incomplètes exclues ; pondéré par women ; écart-type avec covariance complète des coefficients (fonctions d'influence)",post_avg,65,842,0,25,1998,2024,1998.0,2024.0,907.0,5.0,reg,,,5.0,
robust,robustesse,H1,"log(naissances+0,5 / 1 000 f. 15-49)","pondéré par les femmes 15-49 (2015), CS sans covariables",cs,ATT,-0.02878175673605814,0.011814973269506373,-0.05193867882259408,-0.005624834649522199,0.014849010253396794,907,24489,True,"pondération (A2) ; contrôle = not_yet_treated ; fenêtre 1998-2024 ; 842 traitées, 65 jamais traitées sur la fenêtre ; 25 unités incomplètes exclues ; pondéré par women ; moyenne de tous les ATT(g,t) post",simple,65,842,0,25,1998,2024,1998.0,2024.0,907.0,5.0,reg,,,,
robust,robustesse,H1,"log(naissances+0,5 / 1 000 f. 15-49)","pondéré par les femmes 15-49 (2015), CS sans covariables",cs,Wald pré (-8..-2),3.8294465712333334,,,,0.799199000244705,907,24489,True,"H5c : test de Wald joint de nullité des coefficients pré avec covariance des fonctions d'influence, df = 7 ; fenêtre 1998-2024 ; 842 traitées, 65 jamais traitées sur la fenêtre ; 25 unités incomplètes exclues",pre_test,65,842,0,25,1998,2024,1998.0,2024.0,907.0,5.0,reg,,,,7.0
robust,robustesse,H1,"log(naissances+0,5 / 1 000 f. 15-49)",traitement = 4G ≥ 90 % de la population,cs,-8,-0.018615685808301245,0.017714867055259768,-0.05333618722752551,0.016104815610923022,0.2933270268930007,1025,27675,False," ; covariables : share_cab, log_pop, share_edu_sup, pretrend_1014 (doublement robuste) ; contrôle = not_yet_treated ; fenêtre 1998-2024 ; 695 traitées, 330 jamais traitées sur la fenêtre ; 27 unités incomplètes exclues",event,330,695,0,27,1998,2024,1998.0,2024.0,1025.0,5.0,dr,8.0,695.0,,
robust,robustesse,H1,"log(naissances+0,5 / 1 000 f. 15-49)",traitement = 4G ≥ 90 % de la population,cs,-7,0.014482680741576201,0.017151460033603756,-0.019133563206565306,0.04809892468971771,0.39844631681759,1025,27675,False," ; covariables : share_cab, log_pop, share_edu_sup, pretrend_1014 (doublement robuste) ; contrôle = not_yet_treated ; fenêtre 1998-2024 ; 695 traitées, 330 jamais traitées sur la fenêtre ; 27 unités incomplètes exclues",event,330,695,0,27,1998,2024,1998.0,2024.0,1025.0,5.0,dr,8.0,695.0,,
robust,robustesse,H1,"log(naissances+0,5 / 1 000 f. 15-49)",traitement = 4G ≥ 90 % de la population,cs,-6,0.0012393540861045933,0.014550306990611701,-0.02727872357949572,0.029757431751704908,0.932120534081075,1025,27675,False," ; covariables : share_cab, log_pop, share_edu_sup, pretrend_1014 (doublement robuste) ; contrôle = not_yet_treated ; fenêtre 1998-2024 ; 695 traitées, 330 jamais traitées sur la fenêtre ; 27 unités incomplètes exclues",event,330,695,0,27,1998,2024,1998.0,2024.0,1025.0,5.0,dr,8.0,695.0,,
robust,robustesse,H1,"log(naissances+0,5 / 1 000 f. 15-49)",traitement = 4G ≥ 90 % de la population,cs,-5,0.015406988434733468,0.015320891104125078,-0.014621406340411789,0.04543538320987872,0.314598590267396,1025,27675,False," ; covariables : share_cab, log_pop, share_edu_sup, pretrend_1014 (doublement robuste) ; contrôle = not_yet_treated ; fenêtre 1998-2024 ; 695 traitées, 330 jamais traitées sur la fenêtre ; 27 unités incomplètes exclues",event,330,695,0,27,1998,2024,1998.0,2024.0,1025.0,5.0,dr,8.0,695.0,,
robust,robustesse,H1,"log(naissances+0,5 / 1 000 f. 15-49)",traitement = 4G ≥ 90 % de la population,cs,-4,0.00783398113946773,0.013859455434968328,-0.019330052358408102,0.03499801463734356,0.5719074637390702,1025,27675,False," ; covariables : share_cab, log_pop, share_edu_sup, pretrend_1014 (doublement robuste) ; contrôle = not_yet_treated ; fenêtre 1998-2024 ; 695 traitées, 330 jamais traitées sur la fenêtre ; 27 unités incomplètes exclues",event,330,695,0,27,1998,2024,1998.0,2024.0,1025.0,5.0,dr,8.0,695.0,,
robust,robustesse,H1,"log(naissances+0,5 / 1 000 f. 15-49)",traitement = 4G ≥ 90 % de la population,cs,-3,0.009257477772606422,0.014502826502603103,-0.01916753984652865,0.0376824953917415,0.5232638894611141,1025,27675,False," ; covariables : share_cab, log_pop, share_edu_sup, pretrend_1014 (doublement robuste) ; contrôle = not_yet_treated ; fenêtre 1998-2024 ; 695 traitées, 330 jamais traitées sur la fenêtre ; 27 unités incomplètes exclues",event,330,695,0,27,1998,2024,1998.0,2024.0,1025.0,5.0,dr,8.0,695.0,,
robust,robustesse,H1,"log(naissances+0,5 / 1 000 f. 15-49)",traitement = 4G ≥ 90 % de la population,cs,-2,0.0029809812300640973,0.011251161119383046,-0.019070889348184034,0.025032851808312228,0.7910489321332764,1025,27675,False," ; covariables : share_cab, log_pop, share_edu_sup, pretrend_1014 (doublement robuste) ; contrôle = not_yet_treated ; fenêtre 1998-2024 ; 695 traitées, 330 jamais traitées sur la fenêtre ; 27 unités incomplètes exclues",event,330,695,0,27,1998,2024,1998.0,2024.0,1025.0,5.0,dr,8.0,695.0,,
robust,robustesse,H1,"log(naissances+0,5 / 1 000 f. 15-49)",traitement = 4G ≥ 90 % de la population,cs,0,-0.0055716678181706655,0.010493057118113006,-0.026137681857393808,0.014994346221052477,0.5954283888684403,1025,27675,False," ; covariables : share_cab, log_pop, share_edu_sup, pretrend_1014 (doublement robuste) ; contrôle = not_yet_treated ; fenêtre 1998-2024 ; 695 traitées, 330 jamais traitées sur la fenêtre ; 27 unités incomplètes exclues",event,330,695,0,27,1998,2024,1998.0,2024.0,1025.0,5.0,dr,8.0,695.0,,
robust,robustesse,H1,"log(naissances+0,5 / 1 000 f. 15-49)",traitement = 4G ≥ 90 % de la population,cs,1,-0.02874838103004308,0.012741073326903036,-0.053720425875156956,-0.003776336184929202,0.024048424534953053,1025,27675,False," ; covariables : share_cab, log_pop, share_edu_sup, pretrend_1014 (doublement robuste) ; contrôle = not_yet_treated ; fenêtre 1998-2024 ; 695 traitées, 330 jamais traitées sur la fenêtre ; 27 unités incomplètes exclues",event,330,695,0,27,1998,2024,1998.0,2024.0,1025.0,5.0,dr,8.0,695.0,,
robust,robustesse,H1,"log(naissances+0,5 / 1 000 f. 15-49)",traitement = 4G ≥ 90 % de la population,cs,2,0.013020905069187468,0.0168197421667602,-0.019945183806912216,0.04598699394528715,0.4388455490567218,1025,27675,False," ; covariables : share_cab, log_pop, share_edu_sup, pretrend_1014 (doublement robuste) ; contrôle = not_yet_treated ; fenêtre 1998-2024 ; 695 traitées, 330 jamais traitées sur la fenêtre ; 27 unités incomplètes exclues",event,330,695,0,27,1998,2024,1998.0,2024.0,1025.0,5.0,dr,7.0,643.0,,
robust,robustesse,H1,"log(naissances+0,5 / 1 000 f. 15-49)",traitement = 4G ≥ 90 % de la population,cs,3,-0.015015892990172369,0.017153168001053615,-0.04863548449300237,0.018603698512657627,0.38135599151344657,1025,27675,False," ; covariables : share_cab, log_pop, share_edu_sup, pretrend_1014 (doublement robuste) ; contrôle = not_yet_treated ; fenêtre 1998-2024 ; 695 traitées, 330 jamais traitées sur la fenêtre ; 27 unités incomplètes exclues",event,330,695,0,27,1998,2024,1998.0,2024.0,1025.0,5.0,dr,6.0,574.0,,
robust,robustesse,H1,"log(naissances+0,5 / 1 000 f. 15-49)",traitement = 4G ≥ 90 % de la population,cs,4,0.05607352686117233,0.03626181037622907,-0.014998315490457471,0.12714536921280215,0.1220195541417969,1025,27675,False," ; covariables : share_cab, log_pop, share_edu_sup, pretrend_1014 (doublement robuste) ; contrôle = not_yet_treated ; fenêtre 1998-2024 ; 695 traitées, 330 jamais traitées sur la fenêtre ; 27 unités incomplètes exclues",event,330,695,0,27,1998,2024,1998.0,2024.0,1025.0,5.0,dr,5.0,303.0,,
robust,robustesse,H1,"log(naissances+0,5 / 1 000 f. 15-49)",traitement = 4G ≥ 90 % de la population,cs,5,-0.07435626032241434,0.045033703443004836,-0.16262069716116123,0.013908176516332568,0.09871311364028064,1025,27675,False," ; covariables : share_cab, log_pop, share_edu_sup, pretrend_1014 (doublement robuste) ; contrôle = not_yet_treated ; fenêtre 1998-2024 ; 695 traitées, 330 jamais traitées sur la fenêtre ; 27 unités incomplètes exclues",event,330,695,0,27,1998,2024,1998.0,2024.0,1025.0,5.0,dr,4.0,137.0,,
robust,robustesse,H1,"log(naissances+0,5 / 1 000 f. 15-49)",traitement = 4G ≥ 90 % de la population,cs,6,-0.03287880925675058,0.04704451108812184,-0.1250843566597646,0.05932673814626346,0.4846224924968855,1025,27675,False," ; covariables : share_cab, log_pop, share_edu_sup, pretrend_1014 (doublement robuste) ; contrôle = not_yet_treated ; fenêtre 1998-2024 ; 695 traitées, 330 jamais traitées sur la fenêtre ; 27 unités incomplètes exclues",event,330,695,0,27,1998,2024,1998.0,2024.0,1025.0,5.0,dr,3.0,102.0,,
robust,robustesse,H1,"log(naissances+0,5 / 1 000 f. 15-49)",traitement = 4G ≥ 90 % de la population,cs,7,-0.06755075165846347,0.06549622137020653,-0.19592098666753088,0.06081948335060394,0.3023679603759001,1025,27675,False," ; covariables : share_cab, log_pop, share_edu_sup, pretrend_1014 (doublement robuste) ; contrôle = not_yet_treated ; fenêtre 1998-2024 ; 695 traitées, 330 jamais traitées sur la fenêtre ; 27 unités incomplètes exclues",event,330,695,0,27,1998,2024,1998.0,2024.0,1025.0,5.0,dr,2.0,63.0,,
robust,robustesse,H1,"log(naissances+0,5 / 1 000 f. 15-49)",traitement = 4G ≥ 90 % de la population,cs,8,-0.0664769758109459,0.06659720908415633,-0.19700510708677604,0.06405115546488423,0.3181849947825929,1025,27675,False," ; covariables : share_cab, log_pop, share_edu_sup, pretrend_1014 (doublement robuste) ; contrôle = not_yet_treated ; fenêtre 1998-2024 ; 695 traitées, 330 jamais traitées sur la fenêtre ; 27 unités incomplètes exclues",event,330,695,0,27,1998,2024,1998.0,2024.0,1025.0,5.0,dr,1.0,30.0,,
robust,robustesse,H1,"log(naissances+0,5 / 1 000 f. 15-49)",traitement = 4G ≥ 90 % de la population,cs,"ATT[1,5]",-0.009805220482453997,0.015592808795910176,-0.040366564140257306,0.020756123175349313,0.5294605872137842,1025,27675,False," ; covariables : share_cab, log_pop, share_edu_sup, pretrend_1014 (doublement robuste) ; contrôle = not_yet_treated ; fenêtre 1998-2024 ; 695 traitées, 330 jamais traitées sur la fenêtre ; 27 unités incomplètes exclues ; écart-type avec covariance complète des coefficients (fonctions d'influence)",post_avg,330,695,0,27,1998,2024,1998.0,2024.0,1025.0,5.0,dr,,,5.0,
robust,robustesse,H1,"log(naissances+0,5 / 1 000 f. 15-49)",traitement = 4G ≥ 90 % de la population,cs,ATT,-0.008297127934798152,0.012385559197771564,-0.032572377890819224,0.015978122021222917,0.5029193867492842,1025,27675,False," ; covariables : share_cab, log_pop, share_edu_sup, pretrend_1014 (doublement robuste) ; contrôle = not_yet_treated ; fenêtre 1998-2024 ; 695 traitées, 330 jamais traitées sur la fenêtre ; 27 unités incomplètes exclues ; moyenne de tous les ATT(g,t) post",simple,330,695,0,27,1998,2024,1998.0,2024.0,1025.0,5.0,dr,,,,
robust,robustesse,H1,"log(naissances+0,5 / 1 000 f. 15-49)",traitement = 4G ≥ 90 % de la population,cs,Wald pré (-8..-2),11.383101963004624,,,,0.12275933407479672,1025,27675,False,"H5c : test de Wald joint de nullité des coefficients pré avec covariance des fonctions d'influence, df = 7 ; fenêtre 1998-2024 ; 695 traitées, 330 jamais traitées sur la fenêtre ; 27 unités incomplètes exclues",pre_test,330,695,0,27,1998,2024,1998.0,2024.0,1025.0,5.0,dr,,,,7.0
robust,robustesse,H1,"log(naissances+0,5 / 1 000 f. 15-49)",traitement = 4G à la cabecera,cs,-8,0.031591413106904144,0.014325560488956553,0.0035138304901992934,0.059668995723608995,0.027436699096496237,907,24489,False," ; covariables : share_cab, log_pop, share_edu_sup, pretrend_1014 (doublement robuste) ; contrôle = not_yet_treated ; fenêtre 1998-2024 ; 887 traitées, 20 jamais traitées sur la fenêtre ; 25 unités incomplètes exclues",event,20,887,0,25,1998,2024,1998.0,2024.0,907.0,5.0,dr,8.0,887.0,,
robust,robustesse,H1,"log(naissances+0,5 / 1 000 f. 15-49)",traitement = 4G à la cabecera,cs,-7,0.04086545556988873,0.012268019454384006,0.016820579277659353,0.0649103318621181,0.0008651730313810472,907,24489,False," ; covariables : share_cab, log_pop, share_edu_sup, pretrend_1014 (doublement robuste) ; contrôle = not_yet_treated ; fenêtre 1998-2024 ; 887 traitées, 20 jamais traitées sur la fenêtre ; 25 unités incomplètes exclues",event,20,887,0,25,1998,2024,1998.0,2024.0,907.0,5.0,dr,8.0,887.0,,
robust,robustesse,H1,"log(naissances+0,5 / 1 000 f. 15-49)",traitement = 4G à la cabecera,cs,-6,-0.004630616725624844,0.011623793099454289,-0.02741283256430046,0.018151599113050768,0.6903545346626775,907,24489,False," ; covariables : share_cab, log_pop, share_edu_sup, pretrend_1014 (doublement robuste) ; contrôle = not_yet_treated ; fenêtre 1998-2024 ; 887 traitées, 20 jamais traitées sur la fenêtre ; 25 unités incomplètes exclues",event,20,887,0,25,1998,2024,1998.0,2024.0,907.0,5.0,dr,8.0,887.0,,
robust,robustesse,H1,"log(naissances+0,5 / 1 000 f. 15-49)",traitement = 4G à la cabecera,cs,-5,0.019625358122402167,0.012907709078068054,-0.005673286793531924,0.044924003038336255,0.12840118793339242,907,24489,False," ; covariables : share_cab, log_pop, share_edu_sup, pretrend_1014 (doublement robuste) ; contrôle = not_yet_treated ; fenêtre 1998-2024 ; 887 traitées, 20 jamais traitées sur la fenêtre ; 25 unités incomplètes exclues",event,20,887,0,25,1998,2024,1998.0,2024.0,907.0,5.0,dr,8.0,887.0,,
robust,robustesse,H1,"log(naissances+0,5 / 1 000 f. 15-49)",traitement = 4G à la cabecera,cs,-4,0.017367064606257185,0.01361388233606997,-0.009315654462205971,0.044049783674720344,0.20206587698093115,907,24489,False," ; covariables : share_cab, log_pop, share_edu_sup, pretrend_1014 (doublement robuste) ; contrôle = not_yet_treated ; fenêtre 1998-2024 ; 887 traitées, 20 jamais traitées sur la fenêtre ; 25 unités incomplètes exclues",event,20,887,0,25,1998,2024,1998.0,2024.0,907.0,5.0,dr,8.0,887.0,,
robust,robustesse,H1,"log(naissances+0,5 / 1 000 f. 15-49)",traitement = 4G à la cabecera,cs,-3,0.010877998283262332,0.015282948525370408,-0.019076030404043195,0.04083202697056786,0.4766050239357136,907,24489,False," ; covariables : share_cab, log_pop, share_edu_sup, pretrend_1014 (doublement robuste) ; contrôle = not_yet_treated ; fenêtre 1998-2024 ; 887 traitées, 20 jamais traitées sur la fenêtre ; 25 unités incomplètes exclues",event,20,887,0,25,1998,2024,1998.0,2024.0,907.0,5.0,dr,8.0,887.0,,
robust,robustesse,H1,"log(naissances+0,5 / 1 000 f. 15-49)",traitement = 4G à la cabecera,cs,-2,0.0002490913992873132,0.010822841505010903,-0.02096328816091933,0.02146147095949396,0.981638034997647,907,24489,False," ; covariables : share_cab, log_pop, share_edu_sup, pretrend_1014 (doublement robuste) ; contrôle = not_yet_treated ; fenêtre 1998-2024 ; 887 traitées, 20 jamais traitées sur la fenêtre ; 25 unités incomplètes exclues",event,20,887,0,25,1998,2024,1998.0,2024.0,907.0,5.0,dr,8.0,887.0,,
robust,robustesse,H1,"log(naissances+0,5 / 1 000 f. 15-49)",traitement = 4G à la cabecera,cs,0,-0.0010800777174849899,0.011480089338595883,-0.023580639360435172,0.02142048392546519,0.9250434686123374,907,24489,False," ; covariables : share_cab, log_pop, share_edu_sup, pretrend_1014 (doublement robuste) ; contrôle = not_yet_treated ; fenêtre 1998-2024 ; 887 traitées, 20 jamais traitées sur la fenêtre ; 25 unités incomplètes exclues",event,20,887,0,25,1998,2024,1998.0,2024.0,907.0,5.0,dr,8.0,887.0,,
robust,robustesse,H1,"log(naissances+0,5 / 1 000 f. 15-49)",traitement = 4G à la cabecera,cs,1,-0.005250925087367804,0.020149724808225675,-0.044743660009883376,0.03424180983514777,0.7944045568936898,907,24489,False," ; covariables : share_cab, log_pop, share_edu_sup, pretrend_1014 (doublement robuste) ; contrôle = not_yet_treated ; fenêtre 1998-2024 ; 887 traitées, 20 jamais traitées sur la fenêtre ; 25 unités incomplètes exclues",event,20,887,0,25,1998,2024,1998.0,2024.0,907.0,5.0,dr,8.0,887.0,,
robust,robustesse,H1,"log(naissances+0,5 / 1 000 f. 15-49)",traitement = 4G à la cabecera,cs,2,0.0316730830546252,0.06751190516312759,-0.10064781959278861,0.163993985702039,0.6389637690663805,907,24489,False," ; covariables : share_cab, log_pop, share_edu_sup, pretrend_1014 (doublement robuste) ; contrôle = not_yet_treated ; fenêtre 1998-2024 ; 887 traitées, 20 jamais traitées sur la fenêtre ; 25 unités incomplètes exclues",event,20,887,0,25,1998,2024,1998.0,2024.0,907.0,5.0,dr,8.0,887.0,,
robust,robustesse,H1,"log(naissances+0,5 / 1 000 f. 15-49)",traitement = 4G à la cabecera,cs,3,0.15533101368069738,0.17285269676303294,-0.18345404660547035,0.4941160739668651,0.3688485567556403,907,24489,False," ; covariables : share_cab, log_pop, share_edu_sup, pretrend_1014 (doublement robuste) ; contrôle = not_yet_treated ; fenêtre 1998-2024 ; 887 traitées, 20 jamais traitées sur la fenêtre ; 25 unités incomplètes exclues",event,20,887,0,25,1998,2024,1998.0,2024.0,907.0,5.0,dr,7.0,883.0,,
robust,robustesse,H1,"log(naissances+0,5 / 1 000 f. 15-49)",traitement = 4G à la cabecera,cs,4,0.02583978643162871,0.2297937700501252,-0.4245477267382956,0.476227299601553,0.9104684169642029,907,24489,False," ; covariables : share_cab, log_pop, share_edu_sup, pretrend_1014 (doublement robuste) ; contrôle = not_yet_treated ; fenêtre 1998-2024 ; 887 traitées, 20 jamais traitées sur la fenêtre ; 25 unités incomplètes exclues",event,20,887,0,25,1998,2024,1998.0,2024.0,907.0,5.0,dr,6.0,863.0,,
robust,robustesse,H1,"log(naissances+0,5 / 1 000 f. 15-49)",traitement = 4G à la cabecera,cs,5,-0.07442060419152813,0.09920386038837238,-0.2688565976800777,0.12001538929702144,0.4531471997488219,907,24489,False," ; covariables : share_cab, log_pop, share_edu_sup, pretrend_1014 (doublement robuste) ; contrôle = not_yet_treated ; fenêtre 1998-2024 ; 887 traitées, 20 jamais traitées sur la fenêtre ; 25 unités incomplètes exclues",event,20,887,0,25,1998,2024,1998.0,2024.0,907.0,5.0,dr,5.0,857.0,,
robust,robustesse,H1,"log(naissances+0,5 / 1 000 f. 15-49)",traitement = 4G à la cabecera,cs,6,0.21139271785735572,0.4239532229772137,-0.6195403303076621,1.0423257660223735,0.6180451818056143,907,24489,False," ; covariables : share_cab, log_pop, share_edu_sup, pretrend_1014 (doublement robuste) ; contrôle = not_yet_treated ; fenêtre 1998-2024 ; 887 traitées, 20 jamais traitées sur la fenêtre ; 25 unités incomplètes exclues",event,20,887,0,25,1998,2024,1998.0,2024.0,907.0,5.0,dr,4.0,769.0,,
robust,robustesse,H1,"log(naissances+0,5 / 1 000 f. 15-49)",traitement = 4G à la cabecera,cs,"ATT[1,5]",0.026634470777611073,0.0992482989128165,-0.16788862061837506,0.22115756217359722,0.7884206960418103,907,24489,False," ; covariables : share_cab, log_pop, share_edu_sup, pretrend_1014 (doublement robuste) ; contrôle = not_yet_treated ; fenêtre 1998-2024 ; 887 traitées, 20 jamais traitées sur la fenêtre ; 25 unités incomplètes exclues ; écart-type avec covariance complète des coefficients (fonctions d'influence)",post_avg,20,887,0,25,1998,2024,1998.0,2024.0,907.0,5.0,dr,,,5.0,
robust,robustesse,H1,"log(naissances+0,5 / 1 000 f. 15-49)",traitement = 4G à la cabecera,cs,ATT,0.04199530008600718,0.08772870306424682,-0.12994979833032527,0.21394039850233965,0.6321555538325225,907,24489,False," ; covariables : share_cab, log_pop, share_edu_sup, pretrend_1014 (doublement robuste) ; contrôle = not_yet_treated ; fenêtre 1998-2024 ; 887 traitées, 20 jamais traitées sur la fenêtre ; 25 unités incomplètes exclues ; moyenne de tous les ATT(g,t) post",simple,20,887,0,25,1998,2024,1998.0,2024.0,907.0,5.0,dr,,,,
robust,robustesse,H1,"log(naissances+0,5 / 1 000 f. 15-49)",traitement = 4G à la cabecera,cs,Wald pré (-8..-2),26.025244925176974,,,,0.0004984639983409037,907,24489,False,"H5c : test de Wald joint de nullité des coefficients pré avec covariance des fonctions d'influence, df = 7 ; fenêtre 1998-2024 ; 887 traitées, 20 jamais traitées sur la fenêtre ; 25 unités incomplètes exclues",pre_test,20,887,0,25,1998,2024,1998.0,2024.0,907.0,5.0,dr,,,,7.0
robust,robustesse,3G,"log(naissances+0,5 / 1 000 f. 15-49)",traitement = 3G ≥ 50 % (robustesse),cs,-8,-0.022710277268373418,0.03254688155953261,-0.08650099293414816,0.04108043839740132,0.48532027998121696,454,12258,False," ; covariables : share_cab, log_pop, share_edu_sup, pretrend_1014 (doublement robuste) ; contrôle = not_yet_treated ; fenêtre 1998-2024 ; 406 traitées, 48 jamais traitées sur la fenêtre ; 14 unités incomplètes exclues",event,48,406,0,14,1998,2024,1998.0,2024.0,454.0,5.0,dr,8.0,406.0,,
robust,robustesse,3G,"log(naissances+0,5 / 1 000 f. 15-49)",traitement = 3G ≥ 50 % (robustesse),cs,-7,-0.017536184809699845,0.028192401971788315,-0.07279227731208095,0.03771990769268126,0.5339299547297405,454,12258,False," ; covariables : share_cab, log_pop, share_edu_sup, pretrend_1014 (doublement robuste) ; contrôle = not_yet_treated ; fenêtre 1998-2024 ; 406 traitées, 48 jamais traitées sur la fenêtre ; 14 unités incomplètes exclues",event,48,406,0,14,1998,2024,1998.0,2024.0,454.0,5.0,dr,8.0,406.0,,
robust,robustesse,3G,"log(naissances+0,5 / 1 000 f. 15-49)",traitement = 3G ≥ 50 % (robustesse),cs,-6,-0.0431171465860742,0.034592968198650695,-0.11091811837376898,0.024683825201620588,0.21261258494129898,454,12258,False," ; covariables : share_cab, log_pop, share_edu_sup, pretrend_1014 (doublement robuste) ; contrôle = not_yet_treated ; fenêtre 1998-2024 ; 406 traitées, 48 jamais traitées sur la fenêtre ; 14 unités incomplètes exclues",event,48,406,0,14,1998,2024,1998.0,2024.0,454.0,5.0,dr,8.0,406.0,,
robust,robustesse,3G,"log(naissances+0,5 / 1 000 f. 15-49)",traitement = 3G ≥ 50 % (robustesse),cs,-5,-0.04343968670535269,0.028507313796865195,-0.09931299504319026,0.012433621632484876,0.12755655885336267,454,12258,False," ; covariables : share_cab, log_pop, share_edu_sup, pretrend_1014 (doublement robuste) ; contrôle = not_yet_treated ; fenêtre 1998-2024 ; 406 traitées, 48 jamais traitées sur la fenêtre ; 14 unités incomplètes exclues",event,48,406,0,14,1998,2024,1998.0,2024.0,454.0,5.0,dr,8.0,406.0,,
robust,robustesse,3G,"log(naissances+0,5 / 1 000 f. 15-49)",traitement = 3G ≥ 50 % (robustesse),cs,-4,-0.0474828515181101,0.020374949234970845,-0.08741701820548489,-0.007548684830735321,0.019782247400269886,454,12258,False," ; covariables : share_cab, log_pop, share_edu_sup, pretrend_1014 (doublement robuste) ; contrôle = not_yet_treated ; fenêtre 1998-2024 ; 406 traitées, 48 jamais traitées sur la fenêtre ; 14 unités incomplètes exclues",event,48,406,0,14,1998,2024,1998.0,2024.0,454.0,5.0,dr,8.0,406.0,,
robust,robustesse,3G,"log(naissances+0,5 / 1 000 f. 15-49)",traitement = 3G ≥ 50 % (robustesse),cs,-3,-0.031037387507152573,0.018038392715625736,-0.06639198756876867,0.004317212554463528,0.08531810833503467,454,12258,False," ; covariables : share_cab, log_pop, share_edu_sup, pretrend_1014 (doublement robuste) ; contrôle = not_yet_treated ; fenêtre 1998-2024 ; 406 traitées, 48 jamais traitées sur la fenêtre ; 14 unités incomplètes exclues",event,48,406,0,14,1998,2024,1998.0,2024.0,454.0,5.0,dr,8.0,406.0,,
robust,robustesse,3G,"log(naissances+0,5 / 1 000 f. 15-49)",traitement = 3G ≥ 50 % (robustesse),cs,-2,-0.051564133758350394,0.019523274691975578,-0.08982904901490485,-0.013299218501795947,0.00826221706184328,454,12258,False," ; covariables : share_cab, log_pop, share_edu_sup, pretrend_1014 (doublement robuste) ; contrôle = not_yet_treated ; fenêtre 1998-2024 ; 406 traitées, 48 jamais traitées sur la fenêtre ; 14 unités incomplètes exclues",event,48,406,0,14,1998,2024,1998.0,2024.0,454.0,5.0,dr,8.0,406.0,,
robust,robustesse,3G,"log(naissances+0,5 / 1 000 f. 15-49)",traitement = 3G ≥ 50 % (robustesse),cs,0,-0.00013292987179241034,0.02599897749274479,-0.05108998939243967,0.05082412964885485,0.9959205230168957,454,12258,False," ; covariables : share_cab, log_pop, share_edu_sup, pretrend_1014 (doublement robuste) ; contrôle = not_yet_treated ; fenêtre 1998-2024 ; 406 traitées, 48 jamais traitées sur la fenêtre ; 14 unités incomplètes exclues",event,48,406,0,14,1998,2024,1998.0,2024.0,454.0,5.0,dr,8.0,406.0,,
robust,robustesse,3G,"log(naissances+0,5 / 1 000 f. 15-49)",traitement = 3G ≥ 50 % (robustesse),cs,1,-0.016749923771240956,0.03180683883446956,-0.07909018234887125,0.04559033480638933,0.5984617302154875,454,12258,False," ; covariables : share_cab, log_pop, share_edu_sup, pretrend_1014 (doublement robuste) ; contrôle = not_yet_treated ; fenêtre 1998-2024 ; 406 traitées, 48 jamais traitées sur la fenêtre ; 14 unités incomplètes exclues",event,48,406,0,14,1998,2024,1998.0,2024.0,454.0,5.0,dr,8.0,406.0,,
robust,robustesse,3G,"log(naissances+0,5 / 1 000 f. 15-49)",traitement = 3G ≥ 50 % (robustesse),cs,2,-0.038311735731714786,0.035476723971802286,-0.10784483700591604,0.031221365542486473,0.2801814218561348,454,12258,False," ; covariables : share_cab, log_pop, share_edu_sup, pretrend_1014 (doublement robuste) ; contrôle = not_yet_treated ; fenêtre 1998-2024 ; 406 traitées, 48 jamais traitées sur la fenêtre ; 14 unités incomplètes exclues",event,48,406,0,14,1998,2024,1998.0,2024.0,454.0,5.0,dr,7.0,396.0,,
robust,robustesse,3G,"log(naissances+0,5 / 1 000 f. 15-49)",traitement = 3G ≥ 50 % (robustesse),cs,3,-0.03269468353349015,0.04036294112631,-0.1118045944511683,0.04641522738418801,0.41793019095352624,454,12258,False," ; covariables : share_cab, log_pop, share_edu_sup, pretrend_1014 (doublement robuste) ; contrôle = not_yet_treated ; fenêtre 1998-2024 ; 406 traitées, 48 jamais traitées sur la fenêtre ; 14 unités incomplètes exclues",event,48,406,0,14,1998,2024,1998.0,2024.0,454.0,5.0,dr,6.0,393.0,,
robust,robustesse,3G,"log(naissances+0,5 / 1 000 f. 15-49)",traitement = 3G ≥ 50 % (robustesse),cs,4,0.01943874331753951,0.06045042172143175,-0.0990419061067245,0.1379193927418035,0.7477822191811161,454,12258,False," ; covariables : share_cab, log_pop, share_edu_sup, pretrend_1014 (doublement robuste) ; contrôle = not_yet_treated ; fenêtre 1998-2024 ; 406 traitées, 48 jamais traitées sur la fenêtre ; 14 unités incomplètes exclues",event,48,406,0,14,1998,2024,1998.0,2024.0,454.0,5.0,dr,5.0,221.0,,
robust,robustesse,3G,"log(naissances+0,5 / 1 000 f. 15-49)",traitement = 3G ≥ 50 % (robustesse),cs,5,-0.014930513003932609,0.049043482270055234,-0.11105397192966956,0.08119294592180434,0.7607971201088239,454,12258,False," ; covariables : share_cab, log_pop, share_edu_sup, pretrend_1014 (doublement robuste) ; contrôle = not_yet_treated ; fenêtre 1998-2024 ; 406 traitées, 48 jamais traitées sur la fenêtre ; 14 unités incomplètes exclues",event,48,406,0,14,1998,2024,1998.0,2024.0,454.0,5.0,dr,4.0,80.0,,
robust,robustesse,3G,"log(naissances+0,5 / 1 000 f. 15-49)",traitement = 3G ≥ 50 % (robustesse),cs,6,0.02830673522653016,0.062091040393909294,-0.09338946770815375,0.15000293816121407,0.6484684922347239,454,12258,False," ; covariables : share_cab, log_pop, share_edu_sup, pretrend_1014 (doublement robuste) ; contrôle = not_yet_treated ; fenêtre 1998-2024 ; 406 traitées, 48 jamais traitées sur la fenêtre ; 14 unités incomplètes exclues",event,48,406,0,14,1998,2024,1998.0,2024.0,454.0,5.0,dr,3.0,46.0,,
robust,robustesse,3G,"log(naissances+0,5 / 1 000 f. 15-49)",traitement = 3G ≥ 50 % (robustesse),cs,7,0.011853037605334694,0.07153297827910075,-0.12834902352858876,0.15205509873925813,0.8683927918598207,454,12258,False," ; covariables : share_cab, log_pop, share_edu_sup, pretrend_1014 (doublement robuste) ; contrôle = not_yet_treated ; fenêtre 1998-2024 ; 406 traitées, 48 jamais traitées sur la fenêtre ; 14 unités incomplètes exclues",event,48,406,0,14,1998,2024,1998.0,2024.0,454.0,5.0,dr,2.0,20.0,,
robust,robustesse,3G,"log(naissances+0,5 / 1 000 f. 15-49)",traitement = 3G ≥ 50 % (robustesse),cs,8,-0.11131856378271848,0.07601684805525415,-0.26030884818927025,0.03767172062383328,0.1430865148216555,454,12258,False," ; covariables : share_cab, log_pop, share_edu_sup, pretrend_1014 (doublement robuste) ; contrôle = not_yet_treated ; fenêtre 1998-2024 ; 406 traitées, 48 jamais traitées sur la fenêtre ; 14 unités incomplètes exclues",event,48,406,0,14,1998,2024,1998.0,2024.0,454.0,5.0,dr,1.0,12.0,,
robust,robustesse,3G,"log(naissances+0,5 / 1 000 f. 15-49)",traitement = 3G ≥ 50 % (robustesse),cs,"ATT[1,5]",-0.0166496225445678,0.03386349286760294,-0.08302084895579856,0.04972160386666297,0.6229535053581867,454,12258,False," ; covariables : share_cab, log_pop, share_edu_sup, pretrend_1014 (doublement robuste) ; contrôle = not_yet_treated ; fenêtre 1998-2024 ; 406 traitées, 48 jamais traitées sur la fenêtre ; 14 unités incomplètes exclues ; écart-type avec covariance complète des coefficients (fonctions d'influence)",post_avg,48,406,0,14,1998,2024,1998.0,2024.0,454.0,5.0,dr,,,5.0,
robust,robustesse,3G,"log(naissances+0,5 / 1 000 f. 15-49)",traitement = 3G ≥ 50 % (robustesse),cs,ATT,-0.015944458342169773,0.02922799336046098,-0.07323027266904912,0.041341355984709574,0.5853958489111344,454,12258,False," ; covariables : share_cab, log_pop, share_edu_sup, pretrend_1014 (doublement robuste) ; contrôle = not_yet_treated ; fenêtre 1998-2024 ; 406 traitées, 48 jamais traitées sur la fenêtre ; 14 unités incomplètes exclues ; moyenne de tous les ATT(g,t) post",simple,48,406,0,14,1998,2024,1998.0,2024.0,454.0,5.0,dr,,,,
robust,robustesse,3G,"log(naissances+0,5 / 1 000 f. 15-49)",traitement = 3G ≥ 50 % (robustesse),cs,Wald pré (-8..-2),12.196956951505983,,,,0.09426505009359566,454,12258,False,"H5c : test de Wald joint de nullité des coefficients pré avec covariance des fonctions d'influence, df = 7 ; fenêtre 1998-2024 ; 406 traitées, 48 jamais traitées sur la fenêtre ; 14 unités incomplètes exclues",pre_test,48,406,0,14,1998,2024,1998.0,2024.0,454.0,5.0,dr,,,,7.0
robust,robustesse,H1,"log(naissances+0,5 / 1 000 f. 15-49)",municipios censurés inclus avec cohorte 2015 (borne haute),cs,-8,0.0008167099295167748,0.019641712640073576,-0.03768033943971258,0.03931375929874613,0.9668332120096517,1094,29538,True," ; covariables : share_cab, log_pop, share_edu_sup, pretrend_1014 (doublement robuste) ; contrôle = not_yet_treated ; fenêtre 1998-2024 ; 1029 traitées, 65 jamais traitées sur la fenêtre ; 27 unités incomplètes exclues",event,65,1029,0,27,1998,2024,1998.0,2024.0,1094.0,5.0,dr,9.0,1029.0,,
robust,robustesse,H1,"log(naissances+0,5 / 1 000 f. 15-49)",municipios censurés inclus avec cohorte 2015 (borne haute),cs,-7,0.018959021573585137,0.017945587872444498,-0.016213684337804853,0.05413172748497513,0.2907523603663562,1094,29538,True," ; covariables : share_cab, log_pop, share_edu_sup, pretrend_1014 (doublement robuste) ; contrôle = not_yet_treated ; fenêtre 1998-2024 ; 1029 traitées, 65 jamais traitées sur la fenêtre ; 27 unités incomplètes exclues",event,65,1029,0,27,1998,2024,1998.0,2024.0,1094.0,5.0,dr,9.0,1029.0,,
robust,robustesse,H1,"log(naissances+0,5 / 1 000 f. 15-49)",municipios censurés inclus avec cohorte 2015 (borne haute),cs,-6,0.005866615526673512,0.016953473034492808,-0.027361581033803376,0.0390948120871504,0.7293110705985646,1094,29538,True," ; covariables : share_cab, log_pop, share_edu_sup, pretrend_1014 (doublement robuste) ; contrôle = not_yet_treated ; fenêtre 1998-2024 ; 1029 traitées, 65 jamais traitées sur la fenêtre ; 27 unités incomplètes exclues",event,65,1029,0,27,1998,2024,1998.0,2024.0,1094.0,5.0,dr,9.0,1029.0,,
robust,robustesse,H1,"log(naissances+0,5 / 1 000 f. 15-49)",municipios censurés inclus avec cohorte 2015 (borne haute),cs,-5,0.02403550727164666,0.016105196894967023,-0.007530098606415014,0.05560111314970834,0.13559250239548082,1094,29538,True," ; covariables : share_cab, log_pop, share_edu_sup, pretrend_1014 (doublement robuste) ; contrôle = not_yet_treated ; fenêtre 1998-2024 ; 1029 traitées, 65 jamais traitées sur la fenêtre ; 27 unités incomplètes exclues",event,65,1029,0,27,1998,2024,1998.0,2024.0,1094.0,5.0,dr,9.0,1029.0,,
robust,robustesse,H1,"log(naissances+0,5 / 1 000 f. 15-49)",municipios censurés inclus avec cohorte 2015 (borne haute),cs,-4,0.014804152734857582,0.015560864690594568,-0.015694581627008784,0.04530288709672395,0.3414161633319357,1094,29538,True," ; covariables : share_cab, log_pop, share_edu_sup, pretrend_1014 (doublement robuste) ; contrôle = not_yet_treated ; fenêtre 1998-2024 ; 1029 traitées, 65 jamais traitées sur la fenêtre ; 27 unités incomplètes exclues",event,65,1029,0,27,1998,2024,1998.0,2024.0,1094.0,5.0,dr,9.0,1029.0,,
robust,robustesse,H1,"log(naissances+0,5 / 1 000 f. 15-49)",municipios censurés inclus avec cohorte 2015 (borne haute),cs,-3,0.01959747918408642,0.017331107434708944,-0.014370867200137478,0.05356582556831032,0.25815232696367163,1094,29538,True," ; covariables : share_cab, log_pop, share_edu_sup, pretrend_1014 (doublement robuste) ; contrôle = not_yet_treated ; fenêtre 1998-2024 ; 1029 traitées, 65 jamais traitées sur la fenêtre ; 27 unités incomplètes exclues",event,65,1029,0,27,1998,2024,1998.0,2024.0,1094.0,5.0,dr,9.0,1029.0,,
robust,robustesse,H1,"log(naissances+0,5 / 1 000 f. 15-49)",municipios censurés inclus avec cohorte 2015 (borne haute),cs,-2,-0.004483049506784548,0.00955071831718218,-0.023202113434948612,0.014236014421379516,0.6387880637569734,1094,29538,True," ; covariables : share_cab, log_pop, share_edu_sup, pretrend_1014 (doublement robuste) ; contrôle = not_yet_treated ; fenêtre 1998-2024 ; 1029 traitées, 65 jamais traitées sur la fenêtre ; 27 unités incomplètes exclues",event,65,1029,0,27,1998,2024,1998.0,2024.0,1094.0,5.0,dr,9.0,1029.0,,
robust,robustesse,H1,"log(naissances+0,5 / 1 000 f. 15-49)",municipios censurés inclus avec cohorte 2015 (borne haute),cs,0,-0.008082860766162603,0.011048364490339267,-0.029737257255298796,0.01357153572297359,0.46441952847997614,1094,29538,True," ; covariables : share_cab, log_pop, share_edu_sup, pretrend_1014 (doublement robuste) ; contrôle = not_yet_treated ; fenêtre 1998-2024 ; 1029 traitées, 65 jamais traitées sur la fenêtre ; 27 unités incomplètes exclues",event,65,1029,0,27,1998,2024,1998.0,2024.0,1094.0,5.0,dr,9.0,1029.0,,
robust,robustesse,H1,"log(naissances+0,5 / 1 000 f. 15-49)",municipios censurés inclus avec cohorte 2015 (borne haute),cs,1,-0.01690105457387906,0.014748290055207775,-0.045807171915636546,0.012005062767878424,0.25180878242287164,1094,29538,True," ; covariables : share_cab, log_pop, share_edu_sup, pretrend_1014 (doublement robuste) ; contrôle = not_yet_treated ; fenêtre 1998-2024 ; 1029 traitées, 65 jamais traitées sur la fenêtre ; 27 unités incomplètes exclues",event,65,1029,0,27,1998,2024,1998.0,2024.0,1094.0,5.0,dr,9.0,1029.0,,
robust,robustesse,H1,"log(naissances+0,5 / 1 000 f. 15-49)",municipios censurés inclus avec cohorte 2015 (borne haute),cs,2,-0.0012344773748953477,0.01760244497404704,-0.035734635563875634,0.03326568081408494,0.9440893791521326,1094,29538,True," ; covariables : share_cab, log_pop, share_edu_sup, pretrend_1014 (doublement robuste) ; contrôle = not_yet_treated ; fenêtre 1998-2024 ; 1029 traitées, 65 jamais traitées sur la fenêtre ; 27 unités incomplètes exclues",event,65,1029,0,27,1998,2024,1998.0,2024.0,1094.0,5.0,dr,8.0,984.0,,
robust,robustesse,H1,"log(naissances+0,5 / 1 000 f. 15-49)",municipios censurés inclus avec cohorte 2015 (borne haute),cs,3,-0.007508708140803661,0.03329489419634977,-0.07276550163472087,0.05774808535311354,0.8215737496840163,1094,29538,True," ; covariables : share_cab, log_pop, share_edu_sup, pretrend_1014 (doublement robuste) ; contrôle = not_yet_treated ; fenêtre 1998-2024 ; 1029 traitées, 65 jamais traitées sur la fenêtre ; 27 unités incomplètes exclues",event,65,1029,0,27,1998,2024,1998.0,2024.0,1094.0,5.0,dr,7.0,941.0,,
robust,robustesse,H1,"log(naissances+0,5 / 1 000 f. 15-49)",municipios censurés inclus avec cohorte 2015 (borne haute),cs,4,0.06916466011631027,0.04737661298658224,-0.023691795046883526,0.16202111527950408,0.14432021178231205,1094,29538,True," ; covariables : share_cab, log_pop, share_edu_sup, pretrend_1014 (doublement robuste) ; contrôle = not_yet_treated ; fenêtre 1998-2024 ; 1029 traitées, 65 jamais traitées sur la fenêtre ; 27 unités incomplètes exclues",event,65,1029,0,27,1998,2024,1998.0,2024.0,1094.0,5.0,dr,6.0,721.0,,
robust,robustesse,H1,"log(naissances+0,5 / 1 000 f. 15-49)",municipios censurés inclus avec cohorte 2015 (borne haute),cs,5,0.006689750605661958,0.09686811028036961,-0.18316825679431664,0.19654775800564056,0.9449415406238664,1094,29538,True," ; covariables : share_cab, log_pop, share_edu_sup, pretrend_1014 (doublement robuste) ; contrôle = not_yet_treated ; fenêtre 1998-2024 ; 1029 traitées, 65 jamais traitées sur la fenêtre ; 27 unités incomplètes exclues",event,65,1029,0,27,1998,2024,1998.0,2024.0,1094.0,5.0,dr,5.0,554.0,,
robust,robustesse,H1,"log(naissances+0,5 / 1 000 f. 15-49)",municipios censurés inclus avec cohorte 2015 (borne haute),cs,6,0.10564917456079295,0.15590977579007714,-0.19992837082547307,0.41122671994705895,0.4980061847389785,1094,29538,True," ; covariables : share_cab, log_pop, share_edu_sup, pretrend_1014 (doublement robuste) ; contrôle = not_yet_treated ; fenêtre 1998-2024 ; 1029 traitées, 65 jamais traitées sur la fenêtre ; 27 unités incomplètes exclues",event,65,1029,0,27,1998,2024,1998.0,2024.0,1094.0,5.0,dr,4.0,464.0,,
robust,robustesse,H1,"log(naissances+0,5 / 1 000 f. 15-49)",municipios censurés inclus avec cohorte 2015 (borne haute),cs,7,0.1779317912083554,0.13509072805672026,-0.0868411704281109,0.4427047528448217,0.18779569626458115,1094,29538,True," ; covariables : share_cab, log_pop, share_edu_sup, pretrend_1014 (doublement robuste) ; contrôle = not_yet_treated ; fenêtre 1998-2024 ; 1029 traitées, 65 jamais traitées sur la fenêtre ; 27 unités incomplètes exclues",event,65,1029,0,27,1998,2024,1998.0,2024.0,1094.0,5.0,dr,3.0,360.0,,
robust,robustesse,H1,"log(naissances+0,5 / 1 000 f. 15-49)",municipios censurés inclus avec cohorte 2015 (borne haute),cs,8,-0.0703633917779411,0.17517673741441597,-0.4137034880394266,0.2729767044835444,0.6879262685792104,1094,29538,True," ; covariables : share_cab, log_pop, share_edu_sup, pretrend_1014 (doublement robuste) ; contrôle = not_yet_treated ; fenêtre 1998-2024 ; 1029 traitées, 65 jamais traitées sur la fenêtre ; 27 unités incomplètes exclues",event,65,1029,0,27,1998,2024,1998.0,2024.0,1094.0,5.0,dr,2.0,280.0,,
robust,robustesse,H1,"log(naissances+0,5 / 1 000 f. 15-49)",municipios censurés inclus avec cohorte 2015 (borne haute),cs,"ATT[1,5]",0.010042034126478831,0.03545904624119833,-0.059456419432410285,0.07954048768536795,0.7770228316134853,1094,29538,True," ; covariables : share_cab, log_pop, share_edu_sup, pretrend_1014 (doublement robuste) ; contrôle = not_yet_treated ; fenêtre 1998-2024 ; 1029 traitées, 65 jamais traitées sur la fenêtre ; 27 unités incomplètes exclues ; écart-type avec covariance complète des coefficients (fonctions d'influence)",post_avg,65,1029,0,27,1998,2024,1998.0,2024.0,1094.0,5.0,dr,,,5.0,
robust,robustesse,H1,"log(naissances+0,5 / 1 000 f. 15-49)",municipios censurés inclus avec cohorte 2015 (borne haute),cs,ATT,0.02630952595281331,0.04393608689736806,-0.059803621987650254,0.11242267389327688,0.5492971983918764,1094,29538,True," ; covariables : share_cab, log_pop, share_edu_sup, pretrend_1014 (doublement robuste) ; contrôle = not_yet_treated ; fenêtre 1998-2024 ; 1029 traitées, 65 jamais traitées sur la fenêtre ; 27 unités incomplètes exclues ; moyenne de tous les ATT(g,t) post",simple,65,1029,0,27,1998,2024,1998.0,2024.0,1094.0,5.0,dr,,,,
robust,robustesse,H1,"log(naissances+0,5 / 1 000 f. 15-49)",municipios censurés inclus avec cohorte 2015 (borne haute),cs,Wald pré (-8..-2),10.647912527758876,,,,0.15473128829804358,1094,29538,True,"H5c : test de Wald joint de nullité des coefficients pré avec covariance des fonctions d'influence, df = 7 ; fenêtre 1998-2024 ; 1029 traitées, 65 jamais traitées sur la fenêtre ; 27 unités incomplètes exclues",pre_test,65,1029,0,27,1998,2024,1998.0,2024.0,1094.0,5.0,dr,,,,7.0
robust,robustesse,H2b,"log(naissances+0,5 / 1 000 f. 25-39)",sans 2020-2021,cs,-8,0.013099740519062899,0.019537430464288612,-0.02519291954139845,0.05139240057952425,0.5025425837080676,907,22675,False," ; covariables : share_cab, log_pop, share_edu_sup, pretrend_1014 (doublement robuste) ; contrôle = not_yet_treated ; fenêtre 1998-2024 ; 842 traitées, 65 jamais traitées sur la fenêtre ; 25 unités incomplètes exclues",event,65,842,0,25,1998,2024,1998.0,2024.0,907.0,5.0,dr,8.0,842.0,,
robust,robustesse,H2b,"log(naissances+0,5 / 1 000 f. 25-39)",sans 2020-2021,cs,-7,0.02681270995973189,0.015382283152888549,-0.0033360110199268933,0.05696143093939068,0.08131782677088012,907,22675,False," ; covariables : share_cab, log_pop, share_edu_sup, pretrend_1014 (doublement robuste) ; contrôle = not_yet_treated ; fenêtre 1998-2024 ; 842 traitées, 65 jamais traitées sur la fenêtre ; 25 unités incomplètes exclues",event,65,842,0,25,1998,2024,1998.0,2024.0,907.0,5.0,dr,8.0,842.0,,
robust,robustesse,H2b,"log(naissances+0,5 / 1 000 f. 25-39)",sans 2020-2021,cs,-6,0.014442543723257656,0.015013993996337318,-0.014984343773664083,0.043869431220179396,0.33608033507956026,907,22675,False," ; covariables : share_cab, log_pop, share_edu_sup, pretrend_1014 (doublement robuste) ; contrôle = not_yet_treated ; fenêtre 1998-2024 ; 842 traitées, 65 jamais traitées sur la fenêtre ; 25 unités incomplètes exclues",event,65,842,0,25,1998,2024,1998.0,2024.0,907.0,5.0,dr,8.0,842.0,,
robust,robustesse,H2b,"log(naissances+0,5 / 1 000 f. 25-39)",sans 2020-2021,cs,-5,0.02139949386037129,0.014558016892016188,-0.0071336949343061735,0.04993268265504876,0.14157646972704804,907,22675,False," ; covariables : share_cab, log_pop, share_edu_sup, pretrend_1014 (doublement robuste) ; contrôle = not_yet_treated ; fenêtre 1998-2024 ; 842 traitées, 65 jamais traitées sur la fenêtre ; 25 unités incomplètes exclues",event,65,842,0,25,1998,2024,1998.0,2024.0,907.0,5.0,dr,8.0,842.0,,
robust,robustesse,H2b,"log(naissances+0,5 / 1 000 f. 25-39)",sans 2020-2021,cs,-4,0.02802666836362419,0.017995911788462,-0.007244670610721121,0.0632980073379695,0.11937771713957801,907,22675,False," ; covariables : share_cab, log_pop, share_edu_sup, pretrend_1014 (doublement robuste) ; contrôle = not_yet_treated ; fenêtre 1998-2024 ; 842 traitées, 65 jamais traitées sur la fenêtre ; 25 unités incomplètes exclues",event,65,842,0,25,1998,2024,1998.0,2024.0,907.0,5.0,dr,8.0,842.0,,
robust,robustesse,H2b,"log(naissances+0,5 / 1 000 f. 25-39)",sans 2020-2021,cs,-3,0.04701070053343076,0.020993021642409793,0.00586513418763767,0.08815626687922384,0.025133221574556455,907,22675,False," ; covariables : share_cab, log_pop, share_edu_sup, pretrend_1014 (doublement robuste) ; contrôle = not_yet_treated ; fenêtre 1998-2024 ; 842 traitées, 65 jamais traitées sur la fenêtre ; 25 unités incomplètes exclues",event,65,842,0,25,1998,2024,1998.0,2024.0,907.0,5.0,dr,7.0,797.0,,
robust,robustesse,H2b,"log(naissances+0,5 / 1 000 f. 25-39)",sans 2020-2021,cs,-2,0.022093905961534082,0.01805947573882181,-0.013302016066231551,0.05748982798929972,0.2211798377352504,907,22675,False," ; covariables : share_cab, log_pop, share_edu_sup, pretrend_1014 (doublement robuste) ; contrôle = not_yet_treated ; fenêtre 1998-2024 ; 842 traitées, 65 jamais traitées sur la fenêtre ; 25 unités incomplètes exclues",event,65,842,0,25,1998,2024,1998.0,2024.0,907.0,5.0,dr,6.0,754.0,,
robust,robustesse,H2b,"log(naissances+0,5 / 1 000 f. 25-39)",sans 2020-2021,cs,0,-0.030391566409149993,0.016515807957929323,-0.06276195518227148,0.001978822363971497,0.06574619702619762,907,22675,False," ; covariables : share_cab, log_pop, share_edu_sup, pretrend_1014 (doublement robuste) ; contrôle = not_yet_treated ; fenêtre 1998-2024 ; 842 traitées, 65 jamais traitées sur la fenêtre ; 25 unités incomplètes exclues",event,65,842,0,25,1998,2024,1998.0,2024.0,907.0,5.0,dr,6.0,455.0,,
robust,robustesse,H2b,"log(naissances+0,5 / 1 000 f. 25-39)",sans 2020-2021,cs,1,-0.00935389621988438,0.018236628885550648,-0.045097032034986474,0.02638923959521771,0.6080086431237336,907,22675,False," ; covariables : share_cab, log_pop, share_edu_sup, pretrend_1014 (doublement robuste) ; contrôle = not_yet_treated ; fenêtre 1998-2024 ; 842 traitées, 65 jamais traitées sur la fenêtre ; 25 unités incomplètes exclues",event,65,842,0,25,1998,2024,1998.0,2024.0,907.0,5.0,dr,6.0,585.0,,
robust,robustesse,H2b,"log(naissances+0,5 / 1 000 f. 25-39)",sans 2020-2021,cs,2,0.005287604996514632,0.02655949735165514,-0.046768053260216394,0.05734326325324565,0.8421960347383414,907,22675,False," ; covariables : share_cab, log_pop, share_edu_sup, pretrend_1014 (doublement robuste) ; contrôle = not_yet_treated ; fenêtre 1998-2024 ; 842 traitées, 65 jamais traitées sur la fenêtre ; 25 unités incomplètes exclues",event,65,842,0,25,1998,2024,1998.0,2024.0,907.0,5.0,dr,5.0,603.0,,
robust,robustesse,H2b,"log(naissances+0,5 / 1 000 f. 25-39)",sans 2020-2021,cs,3,0.07414972071353557,0.03369655285032356,0.008105690723750891,0.14019375070332024,0.02777048053669372,907,22675,False," ; covariables : share_cab, log_pop, share_edu_sup, pretrend_1014 (doublement robuste) ; contrôle = not_yet_treated ; fenêtre 1998-2024 ; 842 traitées, 65 jamais traitées sur la fenêtre ; 25 unités incomplètes exclues",event,65,842,0,25,1998,2024,1998.0,2024.0,907.0,5.0,dr,4.0,570.0,,
robust,robustesse,H2b,"log(naissances+0,5 / 1 000 f. 25-39)",sans 2020-2021,cs,4,0.024490293564928246,0.052208565640994915,-0.0778366147759171,0.1268172019057736,0.6390083526231438,907,22675,False," ; covariables : share_cab, log_pop, share_edu_sup, pretrend_1014 (doublement robuste) ; contrôle = not_yet_treated ; fenêtre 1998-2024 ; 842 traitées, 65 jamais traitées sur la fenêtre ; 25 unités incomplètes exclues",event,65,842,0,25,1998,2024,1998.0,2024.0,907.0,5.0,dr,3.0,361.0,,
robust,robustesse,H2b,"log(naissances+0,5 / 1 000 f. 25-39)",sans 2020-2021,cs,5,-0.04069599421730244,0.07238035639789121,-0.1825588859453425,0.10116689751073762,0.5739443927349928,907,22675,False," ; covariables : share_cab, log_pop, share_edu_sup, pretrend_1014 (doublement robuste) ; contrôle = not_yet_treated ; fenêtre 1998-2024 ; 842 traitées, 65 jamais traitées sur la fenêtre ; 25 unités incomplètes exclues",event,65,842,0,25,1998,2024,1998.0,2024.0,907.0,5.0,dr,3.0,274.0,,
robust,robustesse,H2b,"log(naissances+0,5 / 1 000 f. 25-39)",sans 2020-2021,cs,6,-0.0021023681337811774,0.10592312601116259,-0.20970788024555764,0.2055031439779953,0.984164582299746,907,22675,False," ; covariables : share_cab, log_pop, share_edu_sup, pretrend_1014 (doublement robuste) ; contrôle = not_yet_treated ; fenêtre 1998-2024 ; 842 traitées, 65 jamais traitées sur la fenêtre ; 25 unités incomplètes exclues",event,65,842,0,25,1998,2024,1998.0,2024.0,907.0,5.0,dr,3.0,277.0,,
robust,robustesse,H2b,"log(naissances+0,5 / 1 000 f. 25-39)",sans 2020-2021,cs,7,-0.07249546115056578,0.11487174766351207,-0.29763994941222255,0.15264902711109102,0.5279757034794982,907,22675,False," ; covariables : share_cab, log_pop, share_edu_sup, pretrend_1014 (doublement robuste) ; contrôle = not_yet_treated ; fenêtre 1998-2024 ; 842 traitées, 65 jamais traitées sur la fenêtre ; 25 unités incomplètes exclues",event,65,842,0,25,1998,2024,1998.0,2024.0,907.0,5.0,dr,2.0,173.0,,
robust,robustesse,H2b,"log(naissances+0,5 / 1 000 f. 25-39)",sans 2020-2021,cs,8,-0.031046707065826448,0.11745283750794513,-0.2612500384634341,0.19915662433178122,0.7915230310965689,907,22675,False," ; covariables : share_cab, log_pop, share_edu_sup, pretrend_1014 (doublement robuste) ; contrôle = not_yet_treated ; fenêtre 1998-2024 ; 842 traitées, 65 jamais traitées sur la fenêtre ; 25 unités incomplètes exclues",event,65,842,0,25,1998,2024,1998.0,2024.0,907.0,5.0,dr,1.0,93.0,,
robust,robustesse,H2b,"log(naissances+0,5 / 1 000 f. 25-39)",sans 2020-2021,cs,"ATT[1,5]",0.010775545767558327,0.02900133406573711,-0.046066024504900986,0.06761711604001763,0.7102253520220994,907,22675,False," ; covariables : share_cab, log_pop, share_edu_sup, pretrend_1014 (doublement robuste) ; contrôle = not_yet_treated ; fenêtre 1998-2024 ; 842 traitées, 65 jamais traitées sur la fenêtre ; 25 unités incomplètes exclues ; écart-type avec covariance complète des coefficients (fonctions d'influence)",post_avg,65,842,0,25,1998,2024,1998.0,2024.0,907.0,5.0,dr,,,5.0,
robust,robustesse,H2b,"log(naissances+0,5 / 1 000 f. 25-39)",sans 2020-2021,cs,ATT,0.0023097769587110293,0.029288796525569972,-0.05509520938192799,0.05971476329935004,0.9371422831116171,907,22675,False," ; covariables : share_cab, log_pop, share_edu_sup, pretrend_1014 (doublement robuste) ; contrôle = not_yet_treated ; fenêtre 1998-2024 ; 842 traitées, 65 jamais traitées sur la fenêtre ; 25 unités incomplètes exclues ; moyenne de tous les ATT(g,t) post",simple,65,842,0,25,1998,2024,1998.0,2024.0,907.0,5.0,dr,,,,
robust,robustesse,H2b,"log(naissances+0,5 / 1 000 f. 25-39)",sans 2020-2021,cs,Wald pré (-8..-2),9.17093985284788,,,,0.2406152114746825,907,22675,False,"H5c : test de Wald joint de nullité des coefficients pré avec covariance des fonctions d'influence, df = 7 ; fenêtre 1998-2024 ; 842 traitées, 65 jamais traitées sur la fenêtre ; 25 unités incomplètes exclues",pre_test,65,842,0,25,1998,2024,1998.0,2024.0,907.0,5.0,dr,,,,7.0
robust,robustesse,H2b,"log(naissances+0,5 / 1 000 f. 25-39)",fenêtre 2008-2024,cs,-8,0.0035380342833572684,0.02229766166467381,-0.04016457951886282,0.04724064808557736,0.8739266028983669,932,15844,False," ; covariables : share_cab, log_pop, share_edu_sup, pretrend_1014 (doublement robuste) ; contrôle = not_yet_treated ; fenêtre 2008-2024 ; 865 traitées, 67 jamais traitées sur la fenêtre",event,67,865,0,0,2008,2024,2008.0,2024.0,932.0,5.0,dr,8.0,865.0,,
robust,robustesse,H2b,"log(naissances+0,5 / 1 000 f. 25-39)",fenêtre 2008-2024,cs,-7,0.01229795610587786,0.018172632750670225,-0.023319749589708838,0.04791566180146456,0.498577615707572,932,15844,False," ; covariables : share_cab, log_pop, share_edu_sup, pretrend_1014 (doublement robuste) ; contrôle = not_yet_treated ; fenêtre 2008-2024 ; 865 traitées, 67 jamais traitées sur la fenêtre",event,67,865,0,0,2008,2024,2008.0,2024.0,932.0,5.0,dr,8.0,865.0,,
robust,robustesse,H2b,"log(naissances+0,5 / 1 000 f. 25-39)",fenêtre 2008-2024,cs,-6,0.0006102972389027995,0.01768430252904866,-0.03405029880974317,0.035270893287548774,0.9724699290214368,932,15844,False," ; covariables : share_cab, log_pop, share_edu_sup, pretrend_1014 (doublement robuste) ; contrôle = not_yet_treated ; fenêtre 2008-2024 ; 865 traitées, 67 jamais traitées sur la fenêtre",event,67,865,0,0,2008,2024,2008.0,2024.0,932.0,5.0,dr,8.0,865.0,,
robust,robustesse,H2b,"log(naissances+0,5 / 1 000 f. 25-39)",fenêtre 2008-2024,cs,-5,0.006804712700391596,0.01685847497099564,-0.026237291077029788,0.03984671647781298,0.6864793051530211,932,15844,False," ; covariables : share_cab, log_pop, share_edu_sup, pretrend_1014 (doublement robuste) ; contrôle = not_yet_treated ; fenêtre 2008-2024 ; 865 traitées, 67 jamais traitées sur la fenêtre",event,67,865,0,0,2008,2024,2008.0,2024.0,932.0,5.0,dr,8.0,865.0,,
robust,robustesse,H2b,"log(naissances+0,5 / 1 000 f. 25-39)",fenêtre 2008-2024,cs,-4,0.017801629710416125,0.021551591378113116,-0.024438713200209534,0.060041972621041786,0.4088036908800142,932,15844,False," ; covariables : share_cab, log_pop, share_edu_sup, pretrend_1014 (doublement robuste) ; contrôle = not_yet_treated ; fenêtre 2008-2024 ; 865 traitées, 67 jamais traitées sur la fenêtre",event,67,865,0,0,2008,2024,2008.0,2024.0,932.0,5.0,dr,8.0,865.0,,
robust,robustesse,H2b,"log(naissances+0,5 / 1 000 f. 25-39)",fenêtre 2008-2024,cs,-3,0.02645614638320297,0.022652403577664227,-0.017941748792285182,0.07085404155869113,0.24283990503863817,932,15844,False," ; covariables : share_cab, log_pop, share_edu_sup, pretrend_1014 (doublement robuste) ; contrôle = not_yet_treated ; fenêtre 2008-2024 ; 865 traitées, 67 jamais traitées sur la fenêtre",event,67,865,0,0,2008,2024,2008.0,2024.0,932.0,5.0,dr,8.0,865.0,,
robust,robustesse,H2b,"log(naissances+0,5 / 1 000 f. 25-39)",fenêtre 2008-2024,cs,-2,-0.006382214709707012,0.020587735516837263,-0.046733434845944166,0.03396900542653014,0.7565603395242132,932,15844,False," ; covariables : share_cab, log_pop, share_edu_sup, pretrend_1014 (doublement robuste) ; contrôle = not_yet_treated ; fenêtre 2008-2024 ; 865 traitées, 67 jamais traitées sur la fenêtre",event,67,865,0,0,2008,2024,2008.0,2024.0,932.0,5.0,dr,8.0,865.0,,
robust,robustesse,H2b,"log(naissances+0,5 / 1 000 f. 25-39)",fenêtre 2008-2024,cs,0,-0.020401833294947647,0.016445468667769858,-0.05263435959265847,0.011830693002763178,0.2147628819345937,932,15844,False," ; covariables : share_cab, log_pop, share_edu_sup, pretrend_1014 (doublement robuste) ; contrôle = not_yet_treated ; fenêtre 2008-2024 ; 865 traitées, 67 jamais traitées sur la fenêtre",event,67,865,0,0,2008,2024,2008.0,2024.0,932.0,5.0,dr,8.0,865.0,,
robust,robustesse,H2b,"log(naissances+0,5 / 1 000 f. 25-39)",fenêtre 2008-2024,cs,1,-0.05427033096352038,0.02399369274176047,-0.101297104593491,-0.007243557333549755,0.023706164911599114,932,15844,False," ; covariables : share_cab, log_pop, share_edu_sup, pretrend_1014 (doublement robuste) ; contrôle = not_yet_treated ; fenêtre 2008-2024 ; 865 traitées, 67 jamais traitées sur la fenêtre",event,67,865,0,0,2008,2024,2008.0,2024.0,932.0,5.0,dr,8.0,865.0,,
robust,robustesse,H2b,"log(naissances+0,5 / 1 000 f. 25-39)",fenêtre 2008-2024,cs,2,-0.008769434895112728,0.02216406392812751,-0.052210201945286,0.03467133215506055,0.6923558224748689,932,15844,False," ; covariables : share_cab, log_pop, share_edu_sup, pretrend_1014 (doublement robuste) ; contrôle = not_yet_treated ; fenêtre 2008-2024 ; 865 traitées, 67 jamais traitées sur la fenêtre",event,67,865,0,0,2008,2024,2008.0,2024.0,932.0,5.0,dr,7.0,819.0,,
robust,robustesse,H2b,"log(naissances+0,5 / 1 000 f. 25-39)",fenêtre 2008-2024,cs,3,0.011403111812040262,0.0368751329607507,-0.06087082071615696,0.08367704434023748,0.7571421513274292,932,15844,False," ; covariables : share_cab, log_pop, share_edu_sup, pretrend_1014 (doublement robuste) ; contrôle = not_yet_treated ; fenêtre 2008-2024 ; 865 traitées, 67 jamais traitées sur la fenêtre",event,67,865,0,0,2008,2024,2008.0,2024.0,932.0,5.0,dr,6.0,772.0,,
robust,robustesse,H2b,"log(naissances+0,5 / 1 000 f. 25-39)",fenêtre 2008-2024,cs,4,0.014803359668431295,0.04994417567304023,-0.08308542588826906,0.11269214522513166,0.766926062506671,932,15844,False," ; covariables : share_cab, log_pop, share_edu_sup, pretrend_1014 (doublement robuste) ; contrôle = not_yet_treated ; fenêtre 2008-2024 ; 865 traitées, 67 jamais traitées sur la fenêtre",event,67,865,0,0,2008,2024,2008.0,2024.0,932.0,5.0,dr,5.0,544.0,,
robust,robustesse,H2b,"log(naissances+0,5 / 1 000 f. 25-39)",fenêtre 2008-2024,cs,5,-0.027108183310490048,0.09125097053009316,-0.2059567991037985,0.15174043248281838,0.7664109132524748,932,15844,False," ; covariables : share_cab, log_pop, share_edu_sup, pretrend_1014 (doublement robuste) ; contrôle = not_yet_treated ; fenêtre 2008-2024 ; 865 traitées, 67 jamais traitées sur la fenêtre",event,67,865,0,0,2008,2024,2008.0,2024.0,932.0,5.0,dr,4.0,377.0,,
robust,robustesse,H2b,"log(naissances+0,5 / 1 000 f. 25-39)",fenêtre 2008-2024,cs,6,-0.005151036385656012,0.09287167776348314,-0.18717617998589234,0.17687410721458033,0.9557687954649924,932,15844,False," ; covariables : share_cab, log_pop, share_edu_sup, pretrend_1014 (doublement robuste) ; contrôle = not_yet_treated ; fenêtre 2008-2024 ; 865 traitées, 67 jamais traitées sur la fenêtre",event,67,865,0,0,2008,2024,2008.0,2024.0,932.0,5.0,dr,3.0,284.0,,
robust,robustesse,H2b,"log(naissances+0,5 / 1 000 f. 25-39)",fenêtre 2008-2024,cs,7,-0.08194582173982592,0.10910454269174094,-0.29578679596535096,0.13189515248569908,0.4526068179733156,932,15844,False," ; covariables : share_cab, log_pop, share_edu_sup, pretrend_1014 (doublement robuste) ; contrôle = not_yet_treated ; fenêtre 2008-2024 ; 865 traitées, 67 jamais traitées sur la fenêtre",event,67,865,0,0,2008,2024,2008.0,2024.0,932.0,5.0,dr,2.0,175.0,,
robust,robustesse,H2b,"log(naissances+0,5 / 1 000 f. 25-39)",fenêtre 2008-2024,cs,8,-0.04452795753051519,0.11381529163302372,-0.2676018300211646,0.17854591496013425,0.6956272287743168,932,15844,False," ; covariables : share_cab, log_pop, share_edu_sup, pretrend_1014 (doublement robuste) ; contrôle = not_yet_treated ; fenêtre 2008-2024 ; 865 traitées, 67 jamais traitées sur la fenêtre",event,67,865,0,0,2008,2024,2008.0,2024.0,932.0,5.0,dr,1.0,95.0,,
robust,robustesse,H2b,"log(naissances+0,5 / 1 000 f. 25-39)",fenêtre 2008-2024,cs,"ATT[1,5]",-0.01278829553773032,0.03606497916749491,-0.08347435580920769,0.05789776473374704,0.7228964660270174,932,15844,False," ; covariables : share_cab, log_pop, share_edu_sup, pretrend_1014 (doublement robuste) ; contrôle = not_yet_treated ; fenêtre 2008-2024 ; 865 traitées, 67 jamais traitées sur la fenêtre ; écart-type avec covariance complète des coefficients (fonctions d'influence)",post_avg,67,865,0,0,2008,2024,2008.0,2024.0,932.0,5.0,dr,,,5.0,
robust,robustesse,H2b,"log(naissances+0,5 / 1 000 f. 25-39)",fenêtre 2008-2024,cs,ATT,-0.01775869755954962,0.0263608368985047,-0.06942498848295336,0.033907593363854134,0.5005164935403601,932,15844,False," ; covariables : share_cab, log_pop, share_edu_sup, pretrend_1014 (doublement robuste) ; contrôle = not_yet_treated ; fenêtre 2008-2024 ; 865 traitées, 67 jamais traitées sur la fenêtre ; moyenne de tous les ATT(g,t) post",simple,67,865,0,0,2008,2024,2008.0,2024.0,932.0,5.0,dr,,,,
robust,robustesse,H2b,"log(naissances+0,5 / 1 000 f. 25-39)",fenêtre 2008-2024,cs,Wald pré (-8..-2),5.899253845579623,,,,0.5515611139753598,932,15844,False,"H5c : test de Wald joint de nullité des coefficients pré avec covariance des fonctions d'influence, df = 7 ; fenêtre 2008-2024 ; 865 traitées, 67 jamais traitées sur la fenêtre",pre_test,67,865,0,0,2008,2024,2008.0,2024.0,932.0,5.0,dr,,,,7.0
