part,family,hypothesis,outcome,sample,estimator,term,estimate,se,ci_low,ci_high,p,n_units,n_obs,exploratory,notes,aggregation,n_never,n_treated,n_late_recoded,n_unbalanced,year_min,year_max,years_model_min,years_model_max,n_clusters,k_post,est_method,n_cohorts,n_units_rel,cband_low,cband_high,k_periods,df
h1,H1,H1,"log(naissances+0,5 / 1 000 f. 15-44)",primaire : communes avec covariables,cs,-8,0.013850936754991343,0.005924295758979212,0.0022395304336287024,0.025462343076353984,0.019387832459194555,31194,530298,False,"spécification primaire préenregistrée ; communes avec les 5 covariables : 31,194 sur 34,695 (99.7% des femmes 15-44 RP 2011), jamais traitées 11,073 sur 13,305 ; moyenne non pondérée entre communes ; covariables : log_med12, share_fsup, unemp_1524, pretrend_0811, dens_inter, dens_rural (doublement robuste) ; contrôle = not_yet_treated ; fenêtre 2008-2024 ; 18677 traitées, 12517 jamais traitées sur la fenêtre (dont 1444 traitées après 2024) ; bandes simultanées sup-t (bootstrap multiplicateur Rademacher, 999 tirages, valeur critique 2.82)",event,12517,18677,1444,0,2008,2024,2008.0,2024.0,31194.0,5.0,dr,9.0,14988.0,-0.002833718982603378,0.030535592492586063,,
h1,H1,H1,"log(naissances+0,5 / 1 000 f. 15-44)",primaire : communes avec covariables,cs,-7,0.011566191112151809,0.0054808844014808105,0.0008238550818220492,0.02230852714248157,0.03483439637959551,31194,530298,False,"spécification primaire préenregistrée ; communes avec les 5 covariables : 31,194 sur 34,695 (99.7% des femmes 15-44 RP 2011), jamais traitées 11,073 sur 13,305 ; moyenne non pondérée entre communes ; covariables : log_med12, share_fsup, unemp_1524, pretrend_0811, dens_inter, dens_rural (doublement robuste) ; contrôle = not_yet_treated ; fenêtre 2008-2024 ; 18677 traitées, 12517 jamais traitées sur la fenêtre (dont 1444 traitées après 2024) ; bandes simultanées sup-t (bootstrap multiplicateur Rademacher, 999 tirages, valeur critique 2.82)",event,12517,18677,1444,0,2008,2024,2008.0,2024.0,31194.0,5.0,dr,10.0,16251.0,-0.003869680609420877,0.027002062833724493,,
h1,H1,H1,"log(naissances+0,5 / 1 000 f. 15-44)",primaire : communes avec covariables,cs,-6,0.007830321678021935,0.0049192773567220014,-0.0018112847711165836,0.017471928127160453,0.11143805829621167,31194,530298,False,"spécification primaire préenregistrée ; communes avec les 5 covariables : 31,194 sur 34,695 (99.7% des femmes 15-44 RP 2011), jamais traitées 11,073 sur 13,305 ; moyenne non pondérée entre communes ; covariables : log_med12, share_fsup, unemp_1524, pretrend_0811, dens_inter, dens_rural (doublement robuste) ; contrôle = not_yet_treated ; fenêtre 2008-2024 ; 18677 traitées, 12517 jamais traitées sur la fenêtre (dont 1444 traitées après 2024) ; bandes simultanées sup-t (bootstrap multiplicateur Rademacher, 999 tirages, valeur critique 2.82)",event,12517,18677,1444,0,2008,2024,2008.0,2024.0,31194.0,5.0,dr,11.0,18540.0,-0.006023890284682936,0.021684533640726804,,
h1,H1,H1,"log(naissances+0,5 / 1 000 f. 15-44)",primaire : communes avec covariables,cs,-5,0.006464086102984538,0.004911547499388404,-0.0031623701041744966,0.016090542310143573,0.1881405876429647,31194,530298,False,"spécification primaire préenregistrée ; communes avec les 5 covariables : 31,194 sur 34,695 (99.7% des femmes 15-44 RP 2011), jamais traitées 11,073 sur 13,305 ; moyenne non pondérée entre communes ; covariables : log_med12, share_fsup, unemp_1524, pretrend_0811, dens_inter, dens_rural (doublement robuste) ; contrôle = not_yet_treated ; fenêtre 2008-2024 ; 18677 traitées, 12517 jamais traitées sur la fenêtre (dont 1444 traitées après 2024) ; bandes simultanées sup-t (bootstrap multiplicateur Rademacher, 999 tirages, valeur critique 2.82)",event,12517,18677,1444,0,2008,2024,2008.0,2024.0,31194.0,5.0,dr,12.0,18677.0,-0.00736835618214873,0.020296528388117806,,
h1,H1,H1,"log(naissances+0,5 / 1 000 f. 15-44)",primaire : communes avec covariables,cs,-4,0.006184490294401341,0.004871789296855692,-0.0033640412677035294,0.015733021856506213,0.2042808051219096,31194,530298,False,"spécification primaire préenregistrée ; communes avec les 5 covariables : 31,194 sur 34,695 (99.7% des femmes 15-44 RP 2011), jamais traitées 11,073 sur 13,305 ; moyenne non pondérée entre communes ; covariables : log_med12, share_fsup, unemp_1524, pretrend_0811, dens_inter, dens_rural (doublement robuste) ; contrôle = not_yet_treated ; fenêtre 2008-2024 ; 18677 traitées, 12517 jamais traitées sur la fenêtre (dont 1444 traitées après 2024) ; bandes simultanées sup-t (bootstrap multiplicateur Rademacher, 999 tirages, valeur critique 2.82)",event,12517,18677,1444,0,2008,2024,2008.0,2024.0,31194.0,5.0,dr,12.0,18677.0,-0.007535980551595307,0.01990496114039799,,
h1,H1,H1,"log(naissances+0,5 / 1 000 f. 15-44)",primaire : communes avec covariables,cs,-3,0.012566080886449942,0.0048402761219449005,0.0030793140122087337,0.02205284776069115,0.009427501022261375,31194,530298,False,"spécification primaire préenregistrée ; communes avec les 5 covariables : 31,194 sur 34,695 (99.7% des femmes 15-44 RP 2011), jamais traitées 11,073 sur 13,305 ; moyenne non pondérée entre communes ; covariables : log_med12, share_fsup, unemp_1524, pretrend_0811, dens_inter, dens_rural (doublement robuste) ; contrôle = not_yet_treated ; fenêtre 2008-2024 ; 18677 traitées, 12517 jamais traitées sur la fenêtre (dont 1444 traitées après 2024) ; bandes simultanées sup-t (bootstrap multiplicateur Rademacher, 999 tirages, valeur critique 2.82)",event,12517,18677,1444,0,2008,2024,2008.0,2024.0,31194.0,5.0,dr,12.0,18677.0,-0.0010656390774206326,0.026197800850320516,,
h1,H1,H1,"log(naissances+0,5 / 1 000 f. 15-44)",primaire : communes avec covariables,cs,-2,0.012311724031906206,0.00495701959207304,0.002596144160783617,0.022027303903028796,0.013002717694711789,31194,530298,False,"spécification primaire préenregistrée ; communes avec les 5 covariables : 31,194 sur 34,695 (99.7% des femmes 15-44 RP 2011), jamais traitées 11,073 sur 13,305 ; moyenne non pondérée entre communes ; covariables : log_med12, share_fsup, unemp_1524, pretrend_0811, dens_inter, dens_rural (doublement robuste) ; contrôle = not_yet_treated ; fenêtre 2008-2024 ; 18677 traitées, 12517 jamais traitées sur la fenêtre (dont 1444 traitées après 2024) ; bandes simultanées sup-t (bootstrap multiplicateur Rademacher, 999 tirages, valeur critique 2.82)",event,12517,18677,1444,0,2008,2024,2008.0,2024.0,31194.0,5.0,dr,12.0,18677.0,-0.001648781780602654,0.026272229844415067,,
h1,H1,H1,"log(naissances+0,5 / 1 000 f. 15-44)",primaire : communes avec covariables,cs,0,0.007969815148828208,0.004974177514219403,-0.0017793936317507947,0.01771902392940721,0.10910303813361162,31194,530298,False,"spécification primaire préenregistrée ; communes avec les 5 covariables : 31,194 sur 34,695 (99.7% des femmes 15-44 RP 2011), jamais traitées 11,073 sur 13,305 ; moyenne non pondérée entre communes ; covariables : log_med12, share_fsup, unemp_1524, pretrend_0811, dens_inter, dens_rural (doublement robuste) ; contrôle = not_yet_treated ; fenêtre 2008-2024 ; 18677 traitées, 12517 jamais traitées sur la fenêtre (dont 1444 traitées après 2024) ; bandes simultanées sup-t (bootstrap multiplicateur Rademacher, 999 tirages, valeur critique 2.82)",event,12517,18677,1444,0,2008,2024,2008.0,2024.0,31194.0,5.0,dr,12.0,18677.0,-0.006039012698202752,0.02197864299585917,,
h1,H1,H1,"log(naissances+0,5 / 1 000 f. 15-44)",primaire : communes avec covariables,cs,1,0.005430020836078166,0.005065183366473535,-0.004497556137301309,0.01535759780945764,0.2837072393935254,31194,530298,False,"spécification primaire préenregistrée ; communes avec les 5 covariables : 31,194 sur 34,695 (99.7% des femmes 15-44 RP 2011), jamais traitées 11,073 sur 13,305 ; moyenne non pondérée entre communes ; covariables : log_med12, share_fsup, unemp_1524, pretrend_0811, dens_inter, dens_rural (doublement robuste) ; contrôle = not_yet_treated ; fenêtre 2008-2024 ; 18677 traitées, 12517 jamais traitées sur la fenêtre (dont 1444 traitées après 2024) ; bandes simultanées sup-t (bootstrap multiplicateur Rademacher, 999 tirages, valeur critique 2.82)",event,12517,18677,1444,0,2008,2024,2008.0,2024.0,31194.0,5.0,dr,11.0,17914.0,-0.00883510773879293,0.019695149410949263,,
h1,H1,H1,"log(naissances+0,5 / 1 000 f. 15-44)",primaire : communes avec covariables,cs,2,0.009939746825360835,0.005374353430638033,-0.0005937923388789935,0.020473285989600663,0.0643888648432458,31194,530298,False,"spécification primaire préenregistrée ; communes avec les 5 covariables : 31,194 sur 34,695 (99.7% des femmes 15-44 RP 2011), jamais traitées 11,073 sur 13,305 ; moyenne non pondérée entre communes ; covariables : log_med12, share_fsup, unemp_1524, pretrend_0811, dens_inter, dens_rural (doublement robuste) ; contrôle = not_yet_treated ; fenêtre 2008-2024 ; 18677 traitées, 12517 jamais traitées sur la fenêtre (dont 1444 traitées après 2024) ; bandes simultanées sup-t (bootstrap multiplicateur Rademacher, 999 tirages, valeur critique 2.82)",event,12517,18677,1444,0,2008,2024,2008.0,2024.0,31194.0,5.0,dr,10.0,16823.0,-0.0051961006154845595,0.02507559426620623,,
h1,H1,H1,"log(naissances+0,5 / 1 000 f. 15-44)",primaire : communes avec covariables,cs,3,-0.0019013780729431047,0.0058129996925421175,-0.013294648112468064,0.009491891966581853,0.7435992941494904,31194,530298,False,"spécification primaire préenregistrée ; communes avec les 5 covariables : 31,194 sur 34,695 (99.7% des femmes 15-44 RP 2011), jamais traitées 11,073 sur 13,305 ; moyenne non pondérée entre communes ; covariables : log_med12, share_fsup, unemp_1524, pretrend_0811, dens_inter, dens_rural (doublement robuste) ; contrôle = not_yet_treated ; fenêtre 2008-2024 ; 18677 traitées, 12517 jamais traitées sur la fenêtre (dont 1444 traitées après 2024) ; bandes simultanées sup-t (bootstrap multiplicateur Rademacher, 999 tirages, valeur critique 2.82)",event,12517,18677,1444,0,2008,2024,2008.0,2024.0,31194.0,5.0,dr,9.0,15581.0,-0.018272589541548232,0.014469833395662022,,
h1,H1,H1,"log(naissances+0,5 / 1 000 f. 15-44)",primaire : communes avec covariables,cs,4,-0.004943792729773043,0.006087079720960291,-0.016874249753879335,0.006986664294333249,0.41668945458421536,31194,530298,False,"spécification primaire préenregistrée ; communes avec les 5 covariables : 31,194 sur 34,695 (99.7% des femmes 15-44 RP 2011), jamais traitées 11,073 sur 13,305 ; moyenne non pondérée entre communes ; covariables : log_med12, share_fsup, unemp_1524, pretrend_0811, dens_inter, dens_rural (doublement robuste) ; contrôle = not_yet_treated ; fenêtre 2008-2024 ; 18677 traitées, 12517 jamais traitées sur la fenêtre (dont 1444 traitées après 2024) ; bandes simultanées sup-t (bootstrap multiplicateur Rademacher, 999 tirages, valeur critique 2.82)",event,12517,18677,1444,0,2008,2024,2008.0,2024.0,31194.0,5.0,dr,8.0,13619.0,-0.022086898631868662,0.012199313172322576,,
h1,H1,H1,"log(naissances+0,5 / 1 000 f. 15-44)",primaire : communes avec covariables,cs,5,0.0022466537899895186,0.007652654152404094,-0.012752272734863398,0.017245580314842437,0.7690801002718122,31194,530298,False,"spécification primaire préenregistrée ; communes avec les 5 covariables : 31,194 sur 34,695 (99.7% des femmes 15-44 RP 2011), jamais traitées 11,073 sur 13,305 ; moyenne non pondérée entre communes ; covariables : log_med12, share_fsup, unemp_1524, pretrend_0811, dens_inter, dens_rural (doublement robuste) ; contrôle = not_yet_treated ; fenêtre 2008-2024 ; 18677 traitées, 12517 jamais traitées sur la fenêtre (dont 1444 traitées après 2024) ; bandes simultanées sup-t (bootstrap multiplicateur Rademacher, 999 tirages, valeur critique 2.82)",event,12517,18677,1444,0,2008,2024,2008.0,2024.0,31194.0,5.0,dr,7.0,13180.0,-0.019305595659780912,0.02379890323975995,,
h1,H1,H1,"log(naissances+0,5 / 1 000 f. 15-44)",primaire : communes avec covariables,cs,6,-0.00815364691274002,0.0075573647497998,-0.022965809640380183,0.006658515814900146,0.28063194992725227,31194,530298,False,"spécification primaire préenregistrée ; communes avec les 5 covariables : 31,194 sur 34,695 (99.7% des femmes 15-44 RP 2011), jamais traitées 11,073 sur 13,305 ; moyenne non pondérée entre communes ; covariables : log_med12, share_fsup, unemp_1524, pretrend_0811, dens_inter, dens_rural (doublement robuste) ; contrôle = not_yet_treated ; fenêtre 2008-2024 ; 18677 traitées, 12517 jamais traitées sur la fenêtre (dont 1444 traitées après 2024) ; bandes simultanées sup-t (bootstrap multiplicateur Rademacher, 999 tirages, valeur critique 2.82)",event,12517,18677,1444,0,2008,2024,2008.0,2024.0,31194.0,5.0,dr,6.0,11141.0,-0.029437531827285483,0.013130238001805444,,
h1,H1,H1,"log(naissances+0,5 / 1 000 f. 15-44)",primaire : communes avec covariables,cs,7,0.0010758390278150245,0.008278440930987853,-0.015149607045063402,0.01730128510069345,0.8966006688800715,31194,530298,False,"spécification primaire préenregistrée ; communes avec les 5 covariables : 31,194 sur 34,695 (99.7% des femmes 15-44 RP 2011), jamais traitées 11,073 sur 13,305 ; moyenne non pondérée entre communes ; covariables : log_med12, share_fsup, unemp_1524, pretrend_0811, dens_inter, dens_rural (doublement robuste) ; contrôle = not_yet_treated ; fenêtre 2008-2024 ; 18677 traitées, 12517 jamais traitées sur la fenêtre (dont 1444 traitées après 2024) ; bandes simultanées sup-t (bootstrap multiplicateur Rademacher, 999 tirages, valeur critique 2.82)",event,12517,18677,1444,0,2008,2024,2008.0,2024.0,31194.0,5.0,dr,5.0,8583.0,-0.02223882023243514,0.024390498288065186,,
h1,H1,H1,"log(naissances+0,5 / 1 000 f. 15-44)",primaire : communes avec covariables,cs,8,-0.008567841980682039,0.011341774537044953,-0.03079731159406359,0.013661627632699513,0.44999497212113493,31194,530298,False,"spécification primaire préenregistrée ; communes avec les 5 covariables : 31,194 sur 34,695 (99.7% des femmes 15-44 RP 2011), jamais traitées 11,073 sur 13,305 ; moyenne non pondérée entre communes ; covariables : log_med12, share_fsup, unemp_1524, pretrend_0811, dens_inter, dens_rural (doublement robuste) ; contrôle = not_yet_treated ; fenêtre 2008-2024 ; 18677 traitées, 12517 jamais traitées sur la fenêtre (dont 1444 traitées après 2024) ; bandes simultanées sup-t (bootstrap multiplicateur Rademacher, 999 tirages, valeur critique 2.82)",event,12517,18677,1444,0,2008,2024,2008.0,2024.0,31194.0,5.0,dr,4.0,5847.0,-0.040509799523432866,0.023374115562068785,,
h1,H1,H1,"log(naissances+0,5 / 1 000 f. 15-44)",primaire : communes avec covariables,cs,"ATT[1,5]",0.002154250129742474,0.004609477778312647,-0.006880160303288018,0.011188660562772965,0.640247830136415,31194,530298,False,"spécification primaire préenregistrée ; communes avec les 5 covariables : 31,194 sur 34,695 (99.7% des femmes 15-44 RP 2011), jamais traitées 11,073 sur 13,305 ; moyenne non pondérée entre communes ; covariables : log_med12, share_fsup, unemp_1524, pretrend_0811, dens_inter, dens_rural (doublement robuste) ; contrôle = not_yet_treated ; fenêtre 2008-2024 ; 18677 traitées, 12517 jamais traitées sur la fenêtre (dont 1444 traitées après 2024) ; bandes simultanées sup-t (bootstrap multiplicateur Rademacher, 999 tirages, valeur critique 2.82) ; écart-type avec covariance complète des coefficients (fonctions d'influence)",post_avg,12517,18677,1444,0,2008,2024,2008.0,2024.0,31194.0,5.0,dr,,,,,5.0,
h1,H1,H1,"log(naissances+0,5 / 1 000 f. 15-44)",primaire : communes avec covariables,cs,ATT,0.0012145317747620555,0.0047328932391211284,-0.008061768516588474,0.010490832066112586,0.7974759329900611,31194,530298,False,"spécification primaire préenregistrée ; communes avec les 5 covariables : 31,194 sur 34,695 (99.7% des femmes 15-44 RP 2011), jamais traitées 11,073 sur 13,305 ; moyenne non pondérée entre communes ; covariables : log_med12, share_fsup, unemp_1524, pretrend_0811, dens_inter, dens_rural (doublement robuste) ; contrôle = not_yet_treated ; fenêtre 2008-2024 ; 18677 traitées, 12517 jamais traitées sur la fenêtre (dont 1444 traitées après 2024) ; bandes simultanées sup-t (bootstrap multiplicateur Rademacher, 999 tirages, valeur critique 2.82) ; moyenne de tous les ATT(g,t) post",simple,12517,18677,1444,0,2008,2024,2008.0,2024.0,31194.0,5.0,dr,,,,,,
h1,H1,H1,"log(naissances+0,5 / 1 000 f. 15-44)",primaire : communes avec covariables,cs,Wald pré (-8..-2),10.879692192673783,,,,0.14395356220473612,31194,530298,False,"H5c : test de Wald joint de nullité des coefficients pré avec covariance des fonctions d'influence, df = 7 ; fenêtre 2008-2024 ; 18677 traitées, 12517 jamais traitées sur la fenêtre (dont 1444 traitées après 2024)",pre_test,12517,18677,1444,0,2008,2024,2008.0,2024.0,31194.0,5.0,dr,,,,,,7.0
h1,H1,H1,"log(naissances+0,5 / 1 000 f. 15-44)",primaire : communes avec covariables,cs,"ATT[1,5]",0.002154250129742474,0.005082576510265288,-0.007807416857623121,0.012115917117108068,0.6716751998696333,31194,530298,False,"écart-type par bootstrap par grappes stratifié par cohorte (50 tirages, grappe = unit) ; quantiles [-0.0087, +0.0094] ; fenêtre 2008-2024 ; 18677 traitées, 12517 jamais traitées sur la fenêtre (dont 1444 traitées après 2024)",post_avg_boot,12517,18677,1444,0,2008,2024,2008.0,2024.0,31194.0,5.0,dr,,,,,,
h1,H1,H1,"log(naissances+0,5 / 1 000 f. 15-44)",primaire : communes avec covariables ; agrégation à composition constante (cohortes 2013-2019 observées jusqu'à +5),cs,"ATT[1,5]",0.0017524015436916132,0.004853930641314868,-0.007761127696740935,0.011265930784124162,0.7180790282489137,31194,530298,False,"spécification primaire préenregistrée ; communes avec les 5 covariables : 31,194 sur 34,695 (99.7% des femmes 15-44 RP 2011), jamais traitées 11,073 sur 13,305 ; moyenne non pondérée entre communes ; covariables : log_med12, share_fsup, unemp_1524, pretrend_0811, dens_inter, dens_rural (doublement robuste) ; contrôle = not_yet_treated ; fenêtre 2008-2024 ; 18677 traitées, 12517 jamais traitées sur la fenêtre (dont 1444 traitées après 2024) ; bandes simultanées sup-t (bootstrap multiplicateur Rademacher, 999 tirages, valeur critique 2.82) ; même estimation, agrégat +1..+5 restreint aux cohortes [2013, 2014, 2015, 2016, 2017, 2018, 2019] (g + 5 ≤ 2024), poids fixes = tailles de cohortes ; par période : +1: +0.0057, +2: +0.0107, +3: -0.0035, +4: -0.0064, +5: +0.0022",post_avg_balanced,12517,18677,1444,0,2008,2024,2008.0,2024.0,31194.0,5.0,dr,,,,,5.0,
h1,H1,H1,"log(naissances+0,5 / 1 000 f. 15-44)","communes avec covariables, comparaisons",sunab,-8,0.019327533905324913,0.006625529282258337,0.006341735133583059,0.032313332677066764,0.003532678736791579,31194,530298,False,"comparaisons de la spécification primaire ; fenêtre 2008-2024 ; 18677 traitées, 12517 jamais traitées sur la fenêtre (dont 1444 traitées après 2024) ; effets fixes supplémentaires year^dens_cat ; covariables invariantes dans le temps absorbées par les effets fixes unité : log_med12, share_fsup, unemp_1524, pretrend_0811, dens_inter, dens_rural ; cellules −8 et +8 bornées",event,12517,18677,1444,0,2008,2024,,,,,,,,,,,
h1,H1,H1,"log(naissances+0,5 / 1 000 f. 15-44)","communes avec covariables, comparaisons",sunab,-7,0.011986476071296763,0.0057464486855156255,0.0007236436086786018,0.023249308533914922,0.036988332548357886,31194,530298,False,"comparaisons de la spécification primaire ; fenêtre 2008-2024 ; 18677 traitées, 12517 jamais traitées sur la fenêtre (dont 1444 traitées après 2024) ; effets fixes supplémentaires year^dens_cat ; covariables invariantes dans le temps absorbées par les effets fixes unité : log_med12, share_fsup, unemp_1524, pretrend_0811, dens_inter, dens_rural ; cellules −8 et +8 bornées",event,12517,18677,1444,0,2008,2024,,,,,,,,,,,
h1,H1,H1,"log(naissances+0,5 / 1 000 f. 15-44)","communes avec covariables, comparaisons",sunab,-6,0.007914747721812308,0.005126082096858122,-0.0021321885698251716,0.01796168401344979,0.12258469536854433,31194,530298,False,"comparaisons de la spécification primaire ; fenêtre 2008-2024 ; 18677 traitées, 12517 jamais traitées sur la fenêtre (dont 1444 traitées après 2024) ; effets fixes supplémentaires year^dens_cat ; covariables invariantes dans le temps absorbées par les effets fixes unité : log_med12, share_fsup, unemp_1524, pretrend_0811, dens_inter, dens_rural ; cellules −8 et +8 bornées",event,12517,18677,1444,0,2008,2024,,,,,,,,,,,
h1,H1,H1,"log(naissances+0,5 / 1 000 f. 15-44)","communes avec covariables, comparaisons",sunab,-5,0.0057410200968260406,0.004962753905530607,-0.003985798822149444,0.015467839015801524,0.2473453222603853,31194,530298,False,"comparaisons de la spécification primaire ; fenêtre 2008-2024 ; 18677 traitées, 12517 jamais traitées sur la fenêtre (dont 1444 traitées après 2024) ; effets fixes supplémentaires year^dens_cat ; covariables invariantes dans le temps absorbées par les effets fixes unité : log_med12, share_fsup, unemp_1524, pretrend_0811, dens_inter, dens_rural ; cellules −8 et +8 bornées",event,12517,18677,1444,0,2008,2024,,,,,,,,,,,
h1,H1,H1,"log(naissances+0,5 / 1 000 f. 15-44)","communes avec covariables, comparaisons",sunab,-4,0.005051793070016428,0.004829567733459311,-0.004413985748460562,0.014517571888493418,0.29555479747273694,31194,530298,False,"comparaisons de la spécification primaire ; fenêtre 2008-2024 ; 18677 traitées, 12517 jamais traitées sur la fenêtre (dont 1444 traitées après 2024) ; effets fixes supplémentaires year^dens_cat ; covariables invariantes dans le temps absorbées par les effets fixes unité : log_med12, share_fsup, unemp_1524, pretrend_0811, dens_inter, dens_rural ; cellules −8 et +8 bornées",event,12517,18677,1444,0,2008,2024,,,,,,,,,,,
h1,H1,H1,"log(naissances+0,5 / 1 000 f. 15-44)","communes avec covariables, comparaisons",sunab,-3,0.011338463203476689,0.004739988842793161,0.002048255784480405,0.02062867062247297,0.016752894685666275,31194,530298,False,"comparaisons de la spécification primaire ; fenêtre 2008-2024 ; 18677 traitées, 12517 jamais traitées sur la fenêtre (dont 1444 traitées après 2024) ; effets fixes supplémentaires year^dens_cat ; covariables invariantes dans le temps absorbées par les effets fixes unité : log_med12, share_fsup, unemp_1524, pretrend_0811, dens_inter, dens_rural ; cellules −8 et +8 bornées",event,12517,18677,1444,0,2008,2024,,,,,,,,,,,
h1,H1,H1,"log(naissances+0,5 / 1 000 f. 15-44)","communes avec covariables, comparaisons",sunab,-2,0.011189704791638127,0.004746125270229571,0.001887470195872737,0.020491939387403516,0.01839099693900359,31194,530298,False,"comparaisons de la spécification primaire ; fenêtre 2008-2024 ; 18677 traitées, 12517 jamais traitées sur la fenêtre (dont 1444 traitées après 2024) ; effets fixes supplémentaires year^dens_cat ; covariables invariantes dans le temps absorbées par les effets fixes unité : log_med12, share_fsup, unemp_1524, pretrend_0811, dens_inter, dens_rural ; cellules −8 et +8 bornées",event,12517,18677,1444,0,2008,2024,,,,,,,,,,,
h1,H1,H1,"log(naissances+0,5 / 1 000 f. 15-44)","communes avec covariables, comparaisons",sunab,0,0.006993773036703512,0.004777164280551499,-0.0023692969014086247,0.016356842974815648,0.1431936892544318,31194,530298,False,"comparaisons de la spécification primaire ; fenêtre 2008-2024 ; 18677 traitées, 12517 jamais traitées sur la fenêtre (dont 1444 traitées après 2024) ; effets fixes supplémentaires year^dens_cat ; covariables invariantes dans le temps absorbées par les effets fixes unité : log_med12, share_fsup, unemp_1524, pretrend_0811, dens_inter, dens_rural ; cellules −8 et +8 bornées",event,12517,18677,1444,0,2008,2024,,,,,,,,,,,
h1,H1,H1,"log(naissances+0,5 / 1 000 f. 15-44)","communes avec covariables, comparaisons",sunab,1,0.005156443541321576,0.004857972522846408,-0.004365007641342568,0.01467789472398572,0.2884902498005577,31194,530298,False,"comparaisons de la spécification primaire ; fenêtre 2008-2024 ; 18677 traitées, 12517 jamais traitées sur la fenêtre (dont 1444 traitées après 2024) ; effets fixes supplémentaires year^dens_cat ; covariables invariantes dans le temps absorbées par les effets fixes unité : log_med12, share_fsup, unemp_1524, pretrend_0811, dens_inter, dens_rural ; cellules −8 et +8 bornées",event,12517,18677,1444,0,2008,2024,,,,,,,,,,,
h1,H1,H1,"log(naissances+0,5 / 1 000 f. 15-44)","communes avec covariables, comparaisons",sunab,2,0.009539738505231089,0.005096242042428939,-0.0004487123544284783,0.019528189364890654,0.06121818530314076,31194,530298,False,"comparaisons de la spécification primaire ; fenêtre 2008-2024 ; 18677 traitées, 12517 jamais traitées sur la fenêtre (dont 1444 traitées après 2024) ; effets fixes supplémentaires year^dens_cat ; covariables invariantes dans le temps absorbées par les effets fixes unité : log_med12, share_fsup, unemp_1524, pretrend_0811, dens_inter, dens_rural ; cellules −8 et +8 bornées",event,12517,18677,1444,0,2008,2024,,,,,,,,,,,
h1,H1,H1,"log(naissances+0,5 / 1 000 f. 15-44)","communes avec covariables, comparaisons",sunab,3,-0.0009831082309923501,0.005434435456636029,-0.01163440600230645,0.00966818954032175,0.8564433452139605,31194,530298,False,"comparaisons de la spécification primaire ; fenêtre 2008-2024 ; 18677 traitées, 12517 jamais traitées sur la fenêtre (dont 1444 traitées après 2024) ; effets fixes supplémentaires year^dens_cat ; covariables invariantes dans le temps absorbées par les effets fixes unité : log_med12, share_fsup, unemp_1524, pretrend_0811, dens_inter, dens_rural ; cellules −8 et +8 bornées",event,12517,18677,1444,0,2008,2024,,,,,,,,,,,
h1,H1,H1,"log(naissances+0,5 / 1 000 f. 15-44)","communes avec covariables, comparaisons",sunab,4,-0.00635920115530721,0.005845624199529482,-0.01781641405354078,0.005098011742926357,0.27665839631381495,31194,530298,False,"comparaisons de la spécification primaire ; fenêtre 2008-2024 ; 18677 traitées, 12517 jamais traitées sur la fenêtre (dont 1444 traitées après 2024) ; effets fixes supplémentaires year^dens_cat ; covariables invariantes dans le temps absorbées par les effets fixes unité : log_med12, share_fsup, unemp_1524, pretrend_0811, dens_inter, dens_rural ; cellules −8 et +8 bornées",event,12517,18677,1444,0,2008,2024,,,,,,,,,,,
h1,H1,H1,"log(naissances+0,5 / 1 000 f. 15-44)","communes avec covariables, comparaisons",sunab,5,-0.003218486495153838,0.006194515414159453,-0.015359513608584582,0.008922540618276907,0.603363073407104,31194,530298,False,"comparaisons de la spécification primaire ; fenêtre 2008-2024 ; 18677 traitées, 12517 jamais traitées sur la fenêtre (dont 1444 traitées après 2024) ; effets fixes supplémentaires year^dens_cat ; covariables invariantes dans le temps absorbées par les effets fixes unité : log_med12, share_fsup, unemp_1524, pretrend_0811, dens_inter, dens_rural ; cellules −8 et +8 bornées",event,12517,18677,1444,0,2008,2024,,,,,,,,,,,
h1,H1,H1,"log(naissances+0,5 / 1 000 f. 15-44)","communes avec covariables, comparaisons",sunab,6,-0.010363846641366485,0.006675350624964044,-0.02344729345047295,0.0027196001677399825,0.12052956747480734,31194,530298,False,"comparaisons de la spécification primaire ; fenêtre 2008-2024 ; 18677 traitées, 12517 jamais traitées sur la fenêtre (dont 1444 traitées après 2024) ; effets fixes supplémentaires year^dens_cat ; covariables invariantes dans le temps absorbées par les effets fixes unité : log_med12, share_fsup, unemp_1524, pretrend_0811, dens_inter, dens_rural ; cellules −8 et +8 bornées",event,12517,18677,1444,0,2008,2024,,,,,,,,,,,
h1,H1,H1,"log(naissances+0,5 / 1 000 f. 15-44)","communes avec covariables, comparaisons",sunab,7,-0.0044510341220088,0.007254928218058579,-0.018670432139826967,0.009768363895809366,0.5395334225396899,31194,530298,False,"comparaisons de la spécification primaire ; fenêtre 2008-2024 ; 18677 traitées, 12517 jamais traitées sur la fenêtre (dont 1444 traitées après 2024) ; effets fixes supplémentaires year^dens_cat ; covariables invariantes dans le temps absorbées par les effets fixes unité : log_med12, share_fsup, unemp_1524, pretrend_0811, dens_inter, dens_rural ; cellules −8 et +8 bornées",event,12517,18677,1444,0,2008,2024,,,,,,,,,,,
h1,H1,H1,"log(naissances+0,5 / 1 000 f. 15-44)","communes avec covariables, comparaisons",sunab,8,-0.012758916879649189,0.008152347848943066,-0.02873722505302018,0.0032193912937218024,0.11756874494441266,31194,530298,False,"comparaisons de la spécification primaire ; fenêtre 2008-2024 ; 18677 traitées, 12517 jamais traitées sur la fenêtre (dont 1444 traitées après 2024) ; effets fixes supplémentaires year^dens_cat ; covariables invariantes dans le temps absorbées par les effets fixes unité : log_med12, share_fsup, unemp_1524, pretrend_0811, dens_inter, dens_rural ; cellules −8 et +8 bornées",event,12517,18677,1444,0,2008,2024,,,,,,,,,,,
h1,H1,H1,"log(naissances+0,5 / 1 000 f. 15-44)","communes avec covariables, comparaisons",sunab,"ATT[1,5]",0.0008270772330198532,0.004260512961079726,-0.007523374726362512,0.009177529192402218,0.8460770595173779,31194,530298,False,"comparaisons de la spécification primaire ; fenêtre 2008-2024 ; 18677 traitées, 12517 jamais traitées sur la fenêtre (dont 1444 traitées après 2024) ; effets fixes supplémentaires year^dens_cat ; covariables invariantes dans le temps absorbées par les effets fixes unité : log_med12, share_fsup, unemp_1524, pretrend_0811, dens_inter, dens_rural ; écart-type avec covariance complète (w'Vw)",post_avg,12517,18677,1444,0,2008,2024,,,,,,,,,,,
h1,H1,H1,"log(naissances+0,5 / 1 000 f. 15-44)","communes avec covariables, comparaisons",sunab,Wald pré (-8..−2),13.24428759204053,,,,0.06637538211295972,31194,530298,False,"test de Wald joint, covariance groupée, df = 7 ; fenêtre 2008-2024 ; 18677 traitées, 12517 jamais traitées sur la fenêtre (dont 1444 traitées après 2024)",pre_test,12517,18677,1444,0,2008,2024,,,,,,,,,,,7.0
h1,H1,H1,"log(naissances+0,5 / 1 000 f. 15-44)","communes avec covariables, comparaisons",did2s,-8,0.003991279796190472,0.0011967842114338956,0.001645625844513868,0.006336933747867077,0.0008529825843393494,31194,530298,False,"comparaisons de la spécification primaire ; fenêtre 2008-2024 ; 18677 traitées, 12517 jamais traitées sur la fenêtre (dont 1444 traitées après 2024) ; effets fixes supplémentaires year^dens_cat ; covariables invariantes dans le temps absorbées par les effets fixes unité : log_med12, share_fsup, unemp_1524, pretrend_0811, dens_inter, dens_rural ; cellules −8 et +8 bornées ; sans les effets fixes year^dens_cat (non estimables dans did2s) ; did2s en deux étapes implémenté directement (pyfixest.did2s dépasse la mémoire au-delà de 5 000 unités), écarts-types par bootstrap par grappes (50 tirages, grappe = unit)",event,12517,18677,1444,0,2008,2024,,,,,,,,,,,
h1,H1,H1,"log(naissances+0,5 / 1 000 f. 15-44)","communes avec covariables, comparaisons",did2s,-7,-0.0014704130540367602,0.002894840449925053,-0.00714419607687959,0.00420336996880607,0.6114935330198349,31194,530298,False,"comparaisons de la spécification primaire ; fenêtre 2008-2024 ; 18677 traitées, 12517 jamais traitées sur la fenêtre (dont 1444 traitées après 2024) ; effets fixes supplémentaires year^dens_cat ; covariables invariantes dans le temps absorbées par les effets fixes unité : log_med12, share_fsup, unemp_1524, pretrend_0811, dens_inter, dens_rural ; cellules −8 et +8 bornées ; sans les effets fixes year^dens_cat (non estimables dans did2s) ; did2s en deux étapes implémenté directement (pyfixest.did2s dépasse la mémoire au-delà de 5 000 unités), écarts-types par bootstrap par grappes (50 tirages, grappe = unit)",event,12517,18677,1444,0,2008,2024,,,,,,,,,,,
h1,H1,H1,"log(naissances+0,5 / 1 000 f. 15-44)","communes avec covariables, comparaisons",did2s,-6,-0.005270495000725961,0.0025902170894863004,-0.010347227208259271,-0.00019376279319264968,0.04187406089811344,31194,530298,False,"comparaisons de la spécification primaire ; fenêtre 2008-2024 ; 18677 traitées, 12517 jamais traitées sur la fenêtre (dont 1444 traitées après 2024) ; effets fixes supplémentaires year^dens_cat ; covariables invariantes dans le temps absorbées par les effets fixes unité : log_med12, share_fsup, unemp_1524, pretrend_0811, dens_inter, dens_rural ; cellules −8 et +8 bornées ; sans les effets fixes year^dens_cat (non estimables dans did2s) ; did2s en deux étapes implémenté directement (pyfixest.did2s dépasse la mémoire au-delà de 5 000 unités), écarts-types par bootstrap par grappes (50 tirages, grappe = unit)",event,12517,18677,1444,0,2008,2024,,,,,,,,,,,
h1,H1,H1,"log(naissances+0,5 / 1 000 f. 15-44)","communes avec covariables, comparaisons",did2s,-5,-0.006373079275608084,0.002822576429256123,-0.011905227420561753,-0.0008409311306544157,0.02395224909042386,31194,530298,False,"comparaisons de la spécification primaire ; fenêtre 2008-2024 ; 18677 traitées, 12517 jamais traitées sur la fenêtre (dont 1444 traitées après 2024) ; effets fixes supplémentaires year^dens_cat ; covariables invariantes dans le temps absorbées par les effets fixes unité : log_med12, share_fsup, unemp_1524, pretrend_0811, dens_inter, dens_rural ; cellules −8 et +8 bornées ; sans les effets fixes year^dens_cat (non estimables dans did2s) ; did2s en deux étapes implémenté directement (pyfixest.did2s dépasse la mémoire au-delà de 5 000 unités), écarts-types par bootstrap par grappes (50 tirages, grappe = unit)",event,12517,18677,1444,0,2008,2024,,,,,,,,,,,
h1,H1,H1,"log(naissances+0,5 / 1 000 f. 15-44)","communes avec covariables, comparaisons",did2s,-4,-0.004265724353050371,0.002967601738655669,-0.010082116881273927,0.0015506681751731857,0.15059541076511251,31194,530298,False,"comparaisons de la spécification primaire ; fenêtre 2008-2024 ; 18677 traitées, 12517 jamais traitées sur la fenêtre (dont 1444 traitées après 2024) ; effets fixes supplémentaires year^dens_cat ; covariables invariantes dans le temps absorbées par les effets fixes unité : log_med12, share_fsup, unemp_1524, pretrend_0811, dens_inter, dens_rural ; cellules −8 et +8 bornées ; sans les effets fixes year^dens_cat (non estimables dans did2s) ; did2s en deux étapes implémenté directement (pyfixest.did2s dépasse la mémoire au-delà de 5 000 unités), écarts-types par bootstrap par grappes (50 tirages, grappe = unit)",event,12517,18677,1444,0,2008,2024,,,,,,,,,,,
h1,H1,H1,"log(naissances+0,5 / 1 000 f. 15-44)","communes avec covariables, comparaisons",did2s,-3,0.003343896212458334,0.0028729379696775955,-0.002286958737927379,0.008974751162844047,0.24445273041834537,31194,530298,False,"comparaisons de la spécification primaire ; fenêtre 2008-2024 ; 18677 traitées, 12517 jamais traitées sur la fenêtre (dont 1444 traitées après 2024) ; effets fixes supplémentaires year^dens_cat ; covariables invariantes dans le temps absorbées par les effets fixes unité : log_med12, share_fsup, unemp_1524, pretrend_0811, dens_inter, dens_rural ; cellules −8 et +8 bornées ; sans les effets fixes year^dens_cat (non estimables dans did2s) ; did2s en deux étapes implémenté directement (pyfixest.did2s dépasse la mémoire au-delà de 5 000 unités), écarts-types par bootstrap par grappes (50 tirages, grappe = unit)",event,12517,18677,1444,0,2008,2024,,,,,,,,,,,
h1,H1,H1,"log(naissances+0,5 / 1 000 f. 15-44)","communes avec covariables, comparaisons",did2s,-2,0.004153079663702815,0.002620695750203176,-0.0009833896211325884,0.009289548948538218,0.11302903812841787,31194,530298,False,"comparaisons de la spécification primaire ; fenêtre 2008-2024 ; 18677 traitées, 12517 jamais traitées sur la fenêtre (dont 1444 traitées après 2024) ; effets fixes supplémentaires year^dens_cat ; covariables invariantes dans le temps absorbées par les effets fixes unité : log_med12, share_fsup, unemp_1524, pretrend_0811, dens_inter, dens_rural ; cellules −8 et +8 bornées ; sans les effets fixes year^dens_cat (non estimables dans did2s) ; did2s en deux étapes implémenté directement (pyfixest.did2s dépasse la mémoire au-delà de 5 000 unités), écarts-types par bootstrap par grappes (50 tirages, grappe = unit)",event,12517,18677,1444,0,2008,2024,,,,,,,,,,,
h1,H1,H1,"log(naissances+0,5 / 1 000 f. 15-44)","communes avec covariables, comparaisons",did2s,0,0.005290116020487284,0.0036872884258511707,-0.0019368364947924006,0.012517068535766968,0.15137544048053878,31194,530298,False,"comparaisons de la spécification primaire ; fenêtre 2008-2024 ; 18677 traitées, 12517 jamais traitées sur la fenêtre (dont 1444 traitées après 2024) ; effets fixes supplémentaires year^dens_cat ; covariables invariantes dans le temps absorbées par les effets fixes unité : log_med12, share_fsup, unemp_1524, pretrend_0811, dens_inter, dens_rural ; cellules −8 et +8 bornées ; sans les effets fixes year^dens_cat (non estimables dans did2s) ; did2s en deux étapes implémenté directement (pyfixest.did2s dépasse la mémoire au-delà de 5 000 unités), écarts-types par bootstrap par grappes (50 tirages, grappe = unit)",event,12517,18677,1444,0,2008,2024,,,,,,,,,,,
h1,H1,H1,"log(naissances+0,5 / 1 000 f. 15-44)","communes avec covariables, comparaisons",did2s,1,0.005391865027806973,0.0037739910163910946,-0.0020050214422972857,0.01278875149791123,0.15309321592852346,31194,530298,False,"comparaisons de la spécification primaire ; fenêtre 2008-2024 ; 18677 traitées, 12517 jamais traitées sur la fenêtre (dont 1444 traitées après 2024) ; effets fixes supplémentaires year^dens_cat ; covariables invariantes dans le temps absorbées par les effets fixes unité : log_med12, share_fsup, unemp_1524, pretrend_0811, dens_inter, dens_rural ; cellules −8 et +8 bornées ; sans les effets fixes year^dens_cat (non estimables dans did2s) ; did2s en deux étapes implémenté directement (pyfixest.did2s dépasse la mémoire au-delà de 5 000 unités), écarts-types par bootstrap par grappes (50 tirages, grappe = unit)",event,12517,18677,1444,0,2008,2024,,,,,,,,,,,
h1,H1,H1,"log(naissances+0,5 / 1 000 f. 15-44)","communes avec covariables, comparaisons",did2s,2,0.010992763105262923,0.004717095383313618,0.0017474260423280697,0.020238100168197777,0.01978452697478234,31194,530298,False,"comparaisons de la spécification primaire ; fenêtre 2008-2024 ; 18677 traitées, 12517 jamais traitées sur la fenêtre (dont 1444 traitées après 2024) ; effets fixes supplémentaires year^dens_cat ; covariables invariantes dans le temps absorbées par les effets fixes unité : log_med12, share_fsup, unemp_1524, pretrend_0811, dens_inter, dens_rural ; cellules −8 et +8 bornées ; sans les effets fixes year^dens_cat (non estimables dans did2s) ; did2s en deux étapes implémenté directement (pyfixest.did2s dépasse la mémoire au-delà de 5 000 unités), écarts-types par bootstrap par grappes (50 tirages, grappe = unit)",event,12517,18677,1444,0,2008,2024,,,,,,,,,,,
h1,H1,H1,"log(naissances+0,5 / 1 000 f. 15-44)","communes avec covariables, comparaisons",did2s,3,0.0025792055916394213,0.004369927787882878,-0.005985695487651809,0.01114410667093065,0.5550451881869056,31194,530298,False,"comparaisons de la spécification primaire ; fenêtre 2008-2024 ; 18677 traitées, 12517 jamais traitées sur la fenêtre (dont 1444 traitées après 2024) ; effets fixes supplémentaires year^dens_cat ; covariables invariantes dans le temps absorbées par les effets fixes unité : log_med12, share_fsup, unemp_1524, pretrend_0811, dens_inter, dens_rural ; cellules −8 et +8 bornées ; sans les effets fixes year^dens_cat (non estimables dans did2s) ; did2s en deux étapes implémenté directement (pyfixest.did2s dépasse la mémoire au-delà de 5 000 unités), écarts-types par bootstrap par grappes (50 tirages, grappe = unit)",event,12517,18677,1444,0,2008,2024,,,,,,,,,,,
h1,H1,H1,"log(naissances+0,5 / 1 000 f. 15-44)","communes avec covariables, comparaisons",did2s,4,-0.0017471791988485721,0.004394479138070698,-0.01036020004027976,0.006865841642582616,0.6909360838821225,31194,530298,False,"comparaisons de la spécification primaire ; fenêtre 2008-2024 ; 18677 traitées, 12517 jamais traitées sur la fenêtre (dont 1444 traitées après 2024) ; effets fixes supplémentaires year^dens_cat ; covariables invariantes dans le temps absorbées par les effets fixes unité : log_med12, share_fsup, unemp_1524, pretrend_0811, dens_inter, dens_rural ; cellules −8 et +8 bornées ; sans les effets fixes year^dens_cat (non estimables dans did2s) ; did2s en deux étapes implémenté directement (pyfixest.did2s dépasse la mémoire au-delà de 5 000 unités), écarts-types par bootstrap par grappes (50 tirages, grappe = unit)",event,12517,18677,1444,0,2008,2024,,,,,,,,,,,
h1,H1,H1,"log(naissances+0,5 / 1 000 f. 15-44)","communes avec covariables, comparaisons",did2s,5,-0.0008518030513270117,0.005091728584605393,-0.010831407696206687,0.009127801593552663,0.8671406704612346,31194,530298,False,"comparaisons de la spécification primaire ; fenêtre 2008-2024 ; 18677 traitées, 12517 jamais traitées sur la fenêtre (dont 1444 traitées après 2024) ; effets fixes supplémentaires year^dens_cat ; covariables invariantes dans le temps absorbées par les effets fixes unité : log_med12, share_fsup, unemp_1524, pretrend_0811, dens_inter, dens_rural ; cellules −8 et +8 bornées ; sans les effets fixes year^dens_cat (non estimables dans did2s) ; did2s en deux étapes implémenté directement (pyfixest.did2s dépasse la mémoire au-delà de 5 000 unités), écarts-types par bootstrap par grappes (50 tirages, grappe = unit)",event,12517,18677,1444,0,2008,2024,,,,,,,,,,,
h1,H1,H1,"log(naissances+0,5 / 1 000 f. 15-44)","communes avec covariables, comparaisons",did2s,6,-0.007187683733144933,0.005178546646772329,-0.017337448653079363,0.002962081186789498,0.16514521941456006,31194,530298,False,"comparaisons de la spécification primaire ; fenêtre 2008-2024 ; 18677 traitées, 12517 jamais traitées sur la fenêtre (dont 1444 traitées après 2024) ; effets fixes supplémentaires year^dens_cat ; covariables invariantes dans le temps absorbées par les effets fixes unité : log_med12, share_fsup, unemp_1524, pretrend_0811, dens_inter, dens_rural ; cellules −8 et +8 bornées ; sans les effets fixes year^dens_cat (non estimables dans did2s) ; did2s en deux étapes implémenté directement (pyfixest.did2s dépasse la mémoire au-delà de 5 000 unités), écarts-types par bootstrap par grappes (50 tirages, grappe = unit)",event,12517,18677,1444,0,2008,2024,,,,,,,,,,,
h1,H1,H1,"log(naissances+0,5 / 1 000 f. 15-44)","communes avec covariables, comparaisons",did2s,7,-0.0033915805172771577,0.004677087224509462,-0.012558503029868107,0.00577534199531379,0.4683612306558459,31194,530298,False,"comparaisons de la spécification primaire ; fenêtre 2008-2024 ; 18677 traitées, 12517 jamais traitées sur la fenêtre (dont 1444 traitées après 2024) ; effets fixes supplémentaires year^dens_cat ; covariables invariantes dans le temps absorbées par les effets fixes unité : log_med12, share_fsup, unemp_1524, pretrend_0811, dens_inter, dens_rural ; cellules −8 et +8 bornées ; sans les effets fixes year^dens_cat (non estimables dans did2s) ; did2s en deux étapes implémenté directement (pyfixest.did2s dépasse la mémoire au-delà de 5 000 unités), écarts-types par bootstrap par grappes (50 tirages, grappe = unit)",event,12517,18677,1444,0,2008,2024,,,,,,,,,,,
h1,H1,H1,"log(naissances+0,5 / 1 000 f. 15-44)","communes avec covariables, comparaisons",did2s,8,0.0018768247007041826,0.005175149087536773,-0.008266281125493217,0.012019930526901583,0.7168581426519423,31194,530298,False,"comparaisons de la spécification primaire ; fenêtre 2008-2024 ; 18677 traitées, 12517 jamais traitées sur la fenêtre (dont 1444 traitées après 2024) ; effets fixes supplémentaires year^dens_cat ; covariables invariantes dans le temps absorbées par les effets fixes unité : log_med12, share_fsup, unemp_1524, pretrend_0811, dens_inter, dens_rural ; cellules −8 et +8 bornées ; sans les effets fixes year^dens_cat (non estimables dans did2s) ; did2s en deux étapes implémenté directement (pyfixest.did2s dépasse la mémoire au-delà de 5 000 unités), écarts-types par bootstrap par grappes (50 tirages, grappe = unit)",event,12517,18677,1444,0,2008,2024,,,,,,,,,,,
h1,H1,H1,"log(naissances+0,5 / 1 000 f. 15-44)","communes avec covariables, comparaisons",did2s,"ATT[1,5]",0.003272970294906746,0.0030768068394583688,-0.0027574602978181688,0.00930340088763166,0.28743946080243443,31194,530298,False,"comparaisons de la spécification primaire ; fenêtre 2008-2024 ; 18677 traitées, 12517 jamais traitées sur la fenêtre (dont 1444 traitées après 2024) ; effets fixes supplémentaires year^dens_cat ; covariables invariantes dans le temps absorbées par les effets fixes unité : log_med12, share_fsup, unemp_1524, pretrend_0811, dens_inter, dens_rural ; écart-type avec covariance complète (w'Vw)",post_avg,12517,18677,1444,0,2008,2024,,,,,,,,,,,
h1,H1,H1,"log(naissances+0,5 / 1 000 f. 15-44)","communes avec covariables, comparaisons",did2s,Wald pré (-8..−2),27.493910734078813,,,,0.00027149520557940524,31194,530298,False,"test de Wald joint, covariance groupée, df = 7 ; fenêtre 2008-2024 ; 18677 traitées, 12517 jamais traitées sur la fenêtre (dont 1444 traitées après 2024)",pre_test,12517,18677,1444,0,2008,2024,,,,,,,,,,,7.0
h1,H1,H1,"log(naissances+0,5 / 1 000 f. 15-44)","communes avec covariables, comparaisons",twfe,-8,0.016807138686196436,0.005358478266870016,0.0063047142711905955,0.027309563101202278,0.0017094788513080182,31194,530298,False,"comparaisons de la spécification primaire ; fenêtre 2008-2024 ; 18677 traitées, 12517 jamais traitées sur la fenêtre (dont 1444 traitées après 2024) ; effets fixes supplémentaires year^dens_cat ; covariables invariantes dans le temps absorbées par les effets fixes unité : log_med12, share_fsup, unemp_1524, pretrend_0811, dens_inter, dens_rural ; cellules −8 et +8 bornées",event,12517,18677,1444,0,2008,2024,,,,,,,,,,,
h1,H1,H1,"log(naissances+0,5 / 1 000 f. 15-44)","communes avec covariables, comparaisons",twfe,-7,0.011839304483389336,0.005505588011701575,0.0010485502667387635,0.02263005870003991,0.03152232481241271,31194,530298,False,"comparaisons de la spécification primaire ; fenêtre 2008-2024 ; 18677 traitées, 12517 jamais traitées sur la fenêtre (dont 1444 traitées après 2024) ; effets fixes supplémentaires year^dens_cat ; covariables invariantes dans le temps absorbées par les effets fixes unité : log_med12, share_fsup, unemp_1524, pretrend_0811, dens_inter, dens_rural ; cellules −8 et +8 bornées",event,12517,18677,1444,0,2008,2024,,,,,,,,,,,
h1,H1,H1,"log(naissances+0,5 / 1 000 f. 15-44)","communes avec covariables, comparaisons",twfe,-6,0.007923729158809,0.005201101837070288,-0.0022702431217738756,0.018117701439391877,0.12764084618716354,31194,530298,False,"comparaisons de la spécification primaire ; fenêtre 2008-2024 ; 18677 traitées, 12517 jamais traitées sur la fenêtre (dont 1444 traitées après 2024) ; effets fixes supplémentaires year^dens_cat ; covariables invariantes dans le temps absorbées par les effets fixes unité : log_med12, share_fsup, unemp_1524, pretrend_0811, dens_inter, dens_rural ; cellules −8 et +8 bornées",event,12517,18677,1444,0,2008,2024,,,,,,,,,,,
h1,H1,H1,"log(naissances+0,5 / 1 000 f. 15-44)","communes avec covariables, comparaisons",twfe,-5,0.005212541227212673,0.005039901682421498,-0.004665484555956287,0.015090567010381634,0.30101718016394696,31194,530298,False,"comparaisons de la spécification primaire ; fenêtre 2008-2024 ; 18677 traitées, 12517 jamais traitées sur la fenêtre (dont 1444 traitées après 2024) ; effets fixes supplémentaires year^dens_cat ; covariables invariantes dans le temps absorbées par les effets fixes unité : log_med12, share_fsup, unemp_1524, pretrend_0811, dens_inter, dens_rural ; cellules −8 et +8 bornées",event,12517,18677,1444,0,2008,2024,,,,,,,,,,,
h1,H1,H1,"log(naissances+0,5 / 1 000 f. 15-44)","communes avec covariables, comparaisons",twfe,-4,0.005249279888975784,0.004910156482452152,-0.004374449975086311,0.01487300975303788,0.28504006482952504,31194,530298,False,"comparaisons de la spécification primaire ; fenêtre 2008-2024 ; 18677 traitées, 12517 jamais traitées sur la fenêtre (dont 1444 traitées après 2024) ; effets fixes supplémentaires year^dens_cat ; covariables invariantes dans le temps absorbées par les effets fixes unité : log_med12, share_fsup, unemp_1524, pretrend_0811, dens_inter, dens_rural ; cellules −8 et +8 bornées",event,12517,18677,1444,0,2008,2024,,,,,,,,,,,
h1,H1,H1,"log(naissances+0,5 / 1 000 f. 15-44)","communes avec covariables, comparaisons",twfe,-3,0.011274899411978269,0.004803364411172645,0.0018604781614584426,0.020689320662498095,0.018910422413069332,31194,530298,False,"comparaisons de la spécification primaire ; fenêtre 2008-2024 ; 18677 traitées, 12517 jamais traitées sur la fenêtre (dont 1444 traitées après 2024) ; effets fixes supplémentaires year^dens_cat ; covariables invariantes dans le temps absorbées par les effets fixes unité : log_med12, share_fsup, unemp_1524, pretrend_0811, dens_inter, dens_rural ; cellules −8 et +8 bornées",event,12517,18677,1444,0,2008,2024,,,,,,,,,,,
h1,H1,H1,"log(naissances+0,5 / 1 000 f. 15-44)","communes avec covariables, comparaisons",twfe,-2,0.010521855237909954,0.004783049728186644,0.0011472500344000373,0.01989646044141987,0.027819567726792165,31194,530298,False,"comparaisons de la spécification primaire ; fenêtre 2008-2024 ; 18677 traitées, 12517 jamais traitées sur la fenêtre (dont 1444 traitées après 2024) ; effets fixes supplémentaires year^dens_cat ; covariables invariantes dans le temps absorbées par les effets fixes unité : log_med12, share_fsup, unemp_1524, pretrend_0811, dens_inter, dens_rural ; cellules −8 et +8 bornées",event,12517,18677,1444,0,2008,2024,,,,,,,,,,,
h1,H1,H1,"log(naissances+0,5 / 1 000 f. 15-44)","communes avec covariables, comparaisons",twfe,0,0.006732167499241156,0.0048042516541361045,-0.0026839927155325894,0.0161483277140149,0.16112626913460393,31194,530298,False,"comparaisons de la spécification primaire ; fenêtre 2008-2024 ; 18677 traitées, 12517 jamais traitées sur la fenêtre (dont 1444 traitées après 2024) ; effets fixes supplémentaires year^dens_cat ; covariables invariantes dans le temps absorbées par les effets fixes unité : log_med12, share_fsup, unemp_1524, pretrend_0811, dens_inter, dens_rural ; cellules −8 et +8 bornées",event,12517,18677,1444,0,2008,2024,,,,,,,,,,,
h1,H1,H1,"log(naissances+0,5 / 1 000 f. 15-44)","communes avec covariables, comparaisons",twfe,1,0.0053524091754070776,0.0048974545321523785,-0.004246425323534044,0.014951243674348198,0.2744394013427338,31194,530298,False,"comparaisons de la spécification primaire ; fenêtre 2008-2024 ; 18677 traitées, 12517 jamais traitées sur la fenêtre (dont 1444 traitées après 2024) ; effets fixes supplémentaires year^dens_cat ; covariables invariantes dans le temps absorbées par les effets fixes unité : log_med12, share_fsup, unemp_1524, pretrend_0811, dens_inter, dens_rural ; cellules −8 et +8 bornées",event,12517,18677,1444,0,2008,2024,,,,,,,,,,,
h1,H1,H1,"log(naissances+0,5 / 1 000 f. 15-44)","communes avec covariables, comparaisons",twfe,2,0.008934863991937329,0.005087411258553625,-0.0010362788493713648,0.018906006833246024,0.07904244397930545,31194,530298,False,"comparaisons de la spécification primaire ; fenêtre 2008-2024 ; 18677 traitées, 12517 jamais traitées sur la fenêtre (dont 1444 traitées après 2024) ; effets fixes supplémentaires year^dens_cat ; covariables invariantes dans le temps absorbées par les effets fixes unité : log_med12, share_fsup, unemp_1524, pretrend_0811, dens_inter, dens_rural ; cellules −8 et +8 bornées",event,12517,18677,1444,0,2008,2024,,,,,,,,,,,
h1,H1,H1,"log(naissances+0,5 / 1 000 f. 15-44)","communes avec covariables, comparaisons",twfe,3,-0.0012654178528116217,0.005294249692990949,-0.01164195657623612,0.009111120870612877,0.8110920822422591,31194,530298,False,"comparaisons de la spécification primaire ; fenêtre 2008-2024 ; 18677 traitées, 12517 jamais traitées sur la fenêtre (dont 1444 traitées après 2024) ; effets fixes supplémentaires year^dens_cat ; covariables invariantes dans le temps absorbées par les effets fixes unité : log_med12, share_fsup, unemp_1524, pretrend_0811, dens_inter, dens_rural ; cellules −8 et +8 bornées",event,12517,18677,1444,0,2008,2024,,,,,,,,,,,
h1,H1,H1,"log(naissances+0,5 / 1 000 f. 15-44)","communes avec covariables, comparaisons",twfe,4,-0.006399705718930474,0.005550987966056403,-0.01727944221101627,0.004480030773155323,0.24895352542505156,31194,530298,False,"comparaisons de la spécification primaire ; fenêtre 2008-2024 ; 18677 traitées, 12517 jamais traitées sur la fenêtre (dont 1444 traitées après 2024) ; effets fixes supplémentaires year^dens_cat ; covariables invariantes dans le temps absorbées par les effets fixes unité : log_med12, share_fsup, unemp_1524, pretrend_0811, dens_inter, dens_rural ; cellules −8 et +8 bornées",event,12517,18677,1444,0,2008,2024,,,,,,,,,,,
h1,H1,H1,"log(naissances+0,5 / 1 000 f. 15-44)","communes avec covariables, comparaisons",twfe,5,-0.0036982467779802723,0.005772562156823965,-0.015012260703874099,0.007615767147913554,0.5217439335652487,31194,530298,False,"comparaisons de la spécification primaire ; fenêtre 2008-2024 ; 18677 traitées, 12517 jamais traitées sur la fenêtre (dont 1444 traitées après 2024) ; effets fixes supplémentaires year^dens_cat ; covariables invariantes dans le temps absorbées par les effets fixes unité : log_med12, share_fsup, unemp_1524, pretrend_0811, dens_inter, dens_rural ; cellules −8 et +8 bornées",event,12517,18677,1444,0,2008,2024,,,,,,,,,,,
h1,H1,H1,"log(naissances+0,5 / 1 000 f. 15-44)","communes avec covariables, comparaisons",twfe,6,-0.010365866389659547,0.006188704861470416,-0.022495505029089508,0.0017637722497704112,0.09394102442790572,31194,530298,False,"comparaisons de la spécification primaire ; fenêtre 2008-2024 ; 18677 traitées, 12517 jamais traitées sur la fenêtre (dont 1444 traitées après 2024) ; effets fixes supplémentaires year^dens_cat ; covariables invariantes dans le temps absorbées par les effets fixes unité : log_med12, share_fsup, unemp_1524, pretrend_0811, dens_inter, dens_rural ; cellules −8 et +8 bornées",event,12517,18677,1444,0,2008,2024,,,,,,,,,,,
h1,H1,H1,"log(naissances+0,5 / 1 000 f. 15-44)","communes avec covariables, comparaisons",twfe,7,-0.005058692966688423,0.006635077457197966,-0.01806320581743004,0.007945819884053192,0.44581142245035066,31194,530298,False,"comparaisons de la spécification primaire ; fenêtre 2008-2024 ; 18677 traitées, 12517 jamais traitées sur la fenêtre (dont 1444 traitées après 2024) ; effets fixes supplémentaires year^dens_cat ; covariables invariantes dans le temps absorbées par les effets fixes unité : log_med12, share_fsup, unemp_1524, pretrend_0811, dens_inter, dens_rural ; cellules −8 et +8 bornées",event,12517,18677,1444,0,2008,2024,,,,,,,,,,,
h1,H1,H1,"log(naissances+0,5 / 1 000 f. 15-44)","communes avec covariables, comparaisons",twfe,8,-0.009976835549796214,0.007063350817033471,-0.02382074876135338,0.0038670776617609533,0.1578089343050496,31194,530298,False,"comparaisons de la spécification primaire ; fenêtre 2008-2024 ; 18677 traitées, 12517 jamais traitées sur la fenêtre (dont 1444 traitées après 2024) ; effets fixes supplémentaires year^dens_cat ; covariables invariantes dans le temps absorbées par les effets fixes unité : log_med12, share_fsup, unemp_1524, pretrend_0811, dens_inter, dens_rural ; cellules −8 et +8 bornées",event,12517,18677,1444,0,2008,2024,,,,,,,,,,,
h1,H1,H1,"log(naissances+0,5 / 1 000 f. 15-44)","communes avec covariables, comparaisons",twfe,"ATT[1,5]",0.0005847805635244077,0.00418715758069839,-0.007621897492238301,0.008791458619287117,0.8889282289217325,31194,530298,False,"comparaisons de la spécification primaire ; fenêtre 2008-2024 ; 18677 traitées, 12517 jamais traitées sur la fenêtre (dont 1444 traitées après 2024) ; effets fixes supplémentaires year^dens_cat ; covariables invariantes dans le temps absorbées par les effets fixes unité : log_med12, share_fsup, unemp_1524, pretrend_0811, dens_inter, dens_rural ; écart-type avec covariance complète (w'Vw)",post_avg,12517,18677,1444,0,2008,2024,,,,,,,,,,,
h1,H1,H1,"log(naissances+0,5 / 1 000 f. 15-44)","communes avec covariables, comparaisons",twfe,Wald pré (-8..−2),15.367283244558749,,,,0.031569219492112034,31194,530298,False,"test de Wald joint, covariance groupée, df = 7 ; fenêtre 2008-2024 ; 18677 traitées, 12517 jamais traitées sur la fenêtre (dont 1444 traitées après 2024)",pre_test,12517,18677,1444,0,2008,2024,,,,,,,,,,,7.0
h1,H1,H1,"log(naissances+0,5 / 1 000 f. 15-44)","communes avec covariables, comparaisons",twfe,ATT,-0.005106666546838945,0.002996309393019514,-0.010979325043696263,0.0007659919500183727,0.08832153724938988,31194,530298,False,"comparaisons de la spécification primaire ; fenêtre 2008-2024 ; 18677 traitées, 12517 jamais traitées sur la fenêtre (dont 1444 traitées après 2024) ; effets fixes supplémentaires year^dens_cat ; covariables invariantes dans le temps absorbées par les effets fixes unité : log_med12, share_fsup, unemp_1524, pretrend_0811, dens_inter, dens_rural",static,12517,18677,1444,0,2008,2024,,,,,,,,,,,
h1,H1,H1,"log(naissances+0,5 / 1 000 f. 15-44)","communes avec covariables, comparaisons",twfe_poisson,ATT (log du taux contrefactuel),-0.003615466890102787,0.003685525989961001,-0.010838965094512678,0.003608031314307104,0.3265973050704697,31194,530298,False,"comparaisons de la spécification primaire ; fenêtre 2008-2024 ; 18677 traitées, 12517 jamais traitées sur la fenêtre (dont 1444 traitées après 2024) ; effets fixes supplémentaires year^dens_cat ; covariables invariantes dans le temps absorbées par les effets fixes unité : log_med12, share_fsup, unemp_1524, pretrend_0811, dens_inter, dens_rural ; Poisson à effets fixes, offset = log(women_1544)",static,12517,18677,1444,0,2008,2024,,,,,,,,,,,
h1,H1,H1,"log(naissances+0,5 / 1 000 f. 15-44)","communes avec covariables, comparaisons",twfe_poisson,ATT en % du taux contrefactuel,-0.3608938959228425,0.3672225151630582,-1.0780435227518148,0.36145481516989264,0.3265973050704697,31194,530298,False,"comparaisons de la spécification primaire ; fenêtre 2008-2024 ; 18677 traitées, 12517 jamais traitées sur la fenêtre (dont 1444 traitées après 2024) ; effets fixes supplémentaires year^dens_cat ; covariables invariantes dans le temps absorbées par les effets fixes unité : log_med12, share_fsup, unemp_1524, pretrend_0811, dens_inter, dens_rural ; Poisson à effets fixes, offset = log(women_1544)",static,12517,18677,1444,0,2008,2024,,,,,,,,,,,
h1,H1,H1,"log(naissances+0,5 / 1 000 f. 15-44)","toutes communes, sans covariables",cs,-8,0.020416567886091315,0.005988092882355039,0.008680121500594795,0.032153014271587836,0.0006507549554764407,34620,588540,False," ; contrôle = not_yet_treated ; fenêtre 2008-2024 ; 19761 traitées, 14859 jamais traitées sur la fenêtre (dont 1604 traitées après 2024) ; 75 unités incomplètes exclues ; bandes simultanées sup-t (bootstrap multiplicateur Rademacher, 999 tirages, valeur critique 2.89)",event,14859,19761,1604,75,2008,2024,2008.0,2024.0,34620.0,5.0,reg,9.0,16059.0,0.0030937462934202617,0.03773938947876237,,
h1,H1,H1,"log(naissances+0,5 / 1 000 f. 15-44)","toutes communes, sans covariables",cs,-7,0.011557373405415626,0.005529725135941982,0.0007193112945634867,0.022395435516267763,0.03661377326037342,34620,588540,False," ; contrôle = not_yet_treated ; fenêtre 2008-2024 ; 19761 traitées, 14859 jamais traitées sur la fenêtre (dont 1604 traitées après 2024) ; 75 unités incomplètes exclues ; bandes simultanées sup-t (bootstrap multiplicateur Rademacher, 999 tirages, valeur critique 2.89)",event,14859,19761,1604,75,2008,2024,2008.0,2024.0,34620.0,5.0,reg,10.0,17331.0,-0.004439446261275732,0.027554193072106985,,
h1,H1,H1,"log(naissances+0,5 / 1 000 f. 15-44)","toutes communes, sans covariables",cs,-6,0.005634029234802497,0.004955455313897277,-0.004078484707433794,0.015346543177038789,0.25556557343477215,34620,588540,False," ; contrôle = not_yet_treated ; fenêtre 2008-2024 ; 19761 traitées, 14859 jamais traitées sur la fenêtre (dont 1604 traitées après 2024) ; 75 unités incomplètes exclues ; bandes simultanées sup-t (bootstrap multiplicateur Rademacher, 999 tirages, valeur critique 2.89)",event,14859,19761,1604,75,2008,2024,2008.0,2024.0,34620.0,5.0,reg,11.0,19622.0,-0.008701497952166508,0.019969556421771503,,
h1,H1,H1,"log(naissances+0,5 / 1 000 f. 15-44)","toutes communes, sans covariables",cs,-5,0.0034720308756239207,0.004854994006756564,-0.0060435825227767555,0.012987644274024598,0.47451866288262845,34620,588540,False," ; contrôle = not_yet_treated ; fenêtre 2008-2024 ; 19761 traitées, 14859 jamais traitées sur la fenêtre (dont 1604 traitées après 2024) ; 75 unités incomplètes exclues ; bandes simultanées sup-t (bootstrap multiplicateur Rademacher, 999 tirages, valeur critique 2.89)",event,14859,19761,1604,75,2008,2024,2008.0,2024.0,34620.0,5.0,reg,12.0,19761.0,-0.010572874015606634,0.017516935766854473,,
h1,H1,H1,"log(naissances+0,5 / 1 000 f. 15-44)","toutes communes, sans covariables",cs,-4,0.0026660860269640003,0.004775064494808121,-0.006692868406715865,0.012025040460643866,0.5766155931851695,34620,588540,False," ; contrôle = not_yet_treated ; fenêtre 2008-2024 ; 19761 traitées, 14859 jamais traitées sur la fenêtre (dont 1604 traitées après 2024) ; 75 unités incomplètes exclues ; bandes simultanées sup-t (bootstrap multiplicateur Rademacher, 999 tirages, valeur critique 2.89)",event,14859,19761,1604,75,2008,2024,2008.0,2024.0,34620.0,5.0,reg,12.0,19761.0,-0.011147592545190555,0.016479764599118554,,
h1,H1,H1,"log(naissances+0,5 / 1 000 f. 15-44)","toutes communes, sans covariables",cs,-3,0.009465416629661012,0.0047493339568870675,0.000156893123609253,0.01877394013571277,0.0462615841846393,34620,588540,False," ; contrôle = not_yet_treated ; fenêtre 2008-2024 ; 19761 traitées, 14859 jamais traitées sur la fenêtre (dont 1604 traitées après 2024) ; 75 unités incomplètes exclues ; bandes simultanées sup-t (bootstrap multiplicateur Rademacher, 999 tirages, valeur critique 2.89)",event,14859,19761,1604,75,2008,2024,2008.0,2024.0,34620.0,5.0,reg,12.0,19761.0,-0.004273826637857024,0.02320465989717905,,
h1,H1,H1,"log(naissances+0,5 / 1 000 f. 15-44)","toutes communes, sans covariables",cs,-2,0.008400667890034803,0.0048103738696364156,-0.0010274916466251442,0.01782882742669475,0.08074757197598227,34620,588540,False," ; contrôle = not_yet_treated ; fenêtre 2008-2024 ; 19761 traitées, 14859 jamais traitées sur la fenêtre (dont 1604 traitées après 2024) ; 75 unités incomplètes exclues ; bandes simultanées sup-t (bootstrap multiplicateur Rademacher, 999 tirages, valeur critique 2.89)",event,14859,19761,1604,75,2008,2024,2008.0,2024.0,34620.0,5.0,reg,12.0,19761.0,-0.005515156392401174,0.02231649217247078,,
h1,H1,H1,"log(naissances+0,5 / 1 000 f. 15-44)","toutes communes, sans covariables",cs,0,0.008759490925099356,0.0048192387669839165,-0.0006860434910883374,0.01820502534128705,0.06912394144992288,34620,588540,False," ; contrôle = not_yet_treated ; fenêtre 2008-2024 ; 19761 traitées, 14859 jamais traitées sur la fenêtre (dont 1604 traitées après 2024) ; 75 unités incomplètes exclues ; bandes simultanées sup-t (bootstrap multiplicateur Rademacher, 999 tirages, valeur critique 2.89)",event,14859,19761,1604,75,2008,2024,2008.0,2024.0,34620.0,5.0,reg,12.0,19761.0,-0.005181978423003624,0.022700960273202335,,
h1,H1,H1,"log(naissances+0,5 / 1 000 f. 15-44)","toutes communes, sans covariables",cs,1,0.007575739420901091,0.004869239278577263,-0.0019677941972181404,0.017119273039020323,0.11974701419241812,34620,588540,False," ; contrôle = not_yet_treated ; fenêtre 2008-2024 ; 19761 traitées, 14859 jamais traitées sur la fenêtre (dont 1604 traitées après 2024) ; 75 unités incomplètes exclues ; bandes simultanées sup-t (bootstrap multiplicateur Rademacher, 999 tirages, valeur critique 2.89)",event,14859,19761,1604,75,2008,2024,2008.0,2024.0,34620.0,5.0,reg,11.0,18922.0,-0.0065103753024308006,0.02166185414423298,,
h1,H1,H1,"log(naissances+0,5 / 1 000 f. 15-44)","toutes communes, sans covariables",cs,2,0.01096416319676121,0.005088638440322564,0.0009906151233829118,0.02093771127013951,0.031190335419518458,34620,588540,False," ; contrôle = not_yet_treated ; fenêtre 2008-2024 ; 19761 traitées, 14859 jamais traitées sur la fenêtre (dont 1604 traitées après 2024) ; 75 unités incomplètes exclues ; bandes simultanées sup-t (bootstrap multiplicateur Rademacher, 999 tirages, valeur critique 2.89)",event,14859,19761,1604,75,2008,2024,2008.0,2024.0,34620.0,5.0,reg,10.0,17696.0,-0.003756646513967187,0.025684972907489608,,
h1,H1,H1,"log(naissances+0,5 / 1 000 f. 15-44)","toutes communes, sans covariables",cs,3,-0.0013291786459087647,0.005332448988112425,-0.011780586612006172,0.009122229320188644,0.8031578700815911,34620,588540,False," ; contrôle = not_yet_treated ; fenêtre 2008-2024 ; 19761 traitées, 14859 jamais traitées sur la fenêtre (dont 1604 traitées après 2024) ; 75 unités incomplètes exclues ; bandes simultanées sup-t (bootstrap multiplicateur Rademacher, 999 tirages, valeur critique 2.89)",event,14859,19761,1604,75,2008,2024,2008.0,2024.0,34620.0,5.0,reg,9.0,16352.0,-0.01675530250335329,0.01409694521153576,,
h1,H1,H1,"log(naissances+0,5 / 1 000 f. 15-44)","toutes communes, sans covariables",cs,4,-0.006067908985696011,0.005586646400678344,-0.01701753472538589,0.004881716753993867,0.27741477229055767,34620,588540,False," ; contrôle = not_yet_treated ; fenêtre 2008-2024 ; 19761 traitées, 14859 jamais traitées sur la fenêtre (dont 1604 traitées après 2024) ; 75 unités incomplètes exclues ; bandes simultanées sup-t (bootstrap multiplicateur Rademacher, 999 tirages, valeur critique 2.89)",event,14859,19761,1604,75,2008,2024,2008.0,2024.0,34620.0,5.0,reg,8.0,13978.0,-0.02222939492146992,0.010093576950077898,,
h1,H1,H1,"log(naissances+0,5 / 1 000 f. 15-44)","toutes communes, sans covariables",cs,5,-0.010863100323124448,0.0058224708099120755,-0.022274933411587875,0.0005487327653389794,0.06208054799359679,34620,588540,False," ; contrôle = not_yet_treated ; fenêtre 2008-2024 ; 19761 traitées, 14859 jamais traitées sur la fenêtre (dont 1604 traitées après 2024) ; 75 unités incomplètes exclues ; bandes simultanées sup-t (bootstrap multiplicateur Rademacher, 999 tirages, valeur critique 2.89)",event,14859,19761,1604,75,2008,2024,2008.0,2024.0,34620.0,5.0,reg,7.0,13474.0,-0.0277067974818389,0.005980596835590005,,
h1,H1,H1,"log(naissances+0,5 / 1 000 f. 15-44)","toutes communes, sans covariables",cs,6,-0.019034536262386215,0.006264335343915206,-0.031312407923541355,-0.006756664601231076,0.0023771460194316517,34620,588540,False," ; contrôle = not_yet_treated ; fenêtre 2008-2024 ; 19761 traitées, 14859 jamais traitées sur la fenêtre (dont 1604 traitées après 2024) ; 75 unités incomplètes exclues ; bandes simultanées sup-t (bootstrap multiplicateur Rademacher, 999 tirages, valeur critique 2.89)",event,14859,19761,1604,75,2008,2024,2008.0,2024.0,34620.0,5.0,reg,6.0,11356.0,-0.03715649356853756,-0.0009125789562348698,,
h1,H1,H1,"log(naissances+0,5 / 1 000 f. 15-44)","toutes communes, sans covariables",cs,7,-0.019354399235684498,0.00675084538453304,-0.03258581305456771,-0.006122985416801287,0.004144362525668019,34620,588540,False," ; contrôle = not_yet_treated ; fenêtre 2008-2024 ; 19761 traitées, 14859 jamais traitées sur la fenêtre (dont 1604 traitées après 2024) ; 75 unités incomplètes exclues ; bandes simultanées sup-t (bootstrap multiplicateur Rademacher, 999 tirages, valeur critique 2.89)",event,14859,19761,1604,75,2008,2024,2008.0,2024.0,34620.0,5.0,reg,5.0,8723.0,-0.038883770688917574,0.0001749722175485753,,
h1,H1,H1,"log(naissances+0,5 / 1 000 f. 15-44)","toutes communes, sans covariables",cs,8,-0.03913611926154534,0.007423597923501081,-0.053686103827313786,-0.02458613469577689,1.3505300522359865e-07,34620,588540,False," ; contrôle = not_yet_treated ; fenêtre 2008-2024 ; 19761 traitées, 14859 jamais traitées sur la fenêtre (dont 1604 traitées après 2024) ; 75 unités incomplètes exclues ; bandes simultanées sup-t (bootstrap multiplicateur Rademacher, 999 tirages, valeur critique 2.89)",event,14859,19761,1604,75,2008,2024,2008.0,2024.0,34620.0,5.0,reg,4.0,5903.0,-0.06061168167031625,-0.017660556852774432,,
h1,H1,H1,"log(naissances+0,5 / 1 000 f. 15-44)","toutes communes, sans covariables",cs,"ATT[1,5]",5.594293258661542e-05,0.004134265553645404,-0.008047068655082923,0.008158954520256154,0.9892037317157601,34620,588540,False," ; contrôle = not_yet_treated ; fenêtre 2008-2024 ; 19761 traitées, 14859 jamais traitées sur la fenêtre (dont 1604 traitées après 2024) ; 75 unités incomplètes exclues ; bandes simultanées sup-t (bootstrap multiplicateur Rademacher, 999 tirages, valeur critique 2.89) ; écart-type avec covariance complète des coefficients (fonctions d'influence)",post_avg,14859,19761,1604,75,2008,2024,2008.0,2024.0,34620.0,5.0,reg,,,,,5.0,
h1,H1,H1,"log(naissances+0,5 / 1 000 f. 15-44)","toutes communes, sans covariables",cs,ATT,-0.0041655652224156575,0.0038745789817519827,-0.011759600481905419,0.0034284700370741036,0.28232934029261025,34620,588540,False," ; contrôle = not_yet_treated ; fenêtre 2008-2024 ; 19761 traitées, 14859 jamais traitées sur la fenêtre (dont 1604 traitées après 2024) ; 75 unités incomplètes exclues ; bandes simultanées sup-t (bootstrap multiplicateur Rademacher, 999 tirages, valeur critique 2.89) ; moyenne de tous les ATT(g,t) post",simple,14859,19761,1604,75,2008,2024,2008.0,2024.0,34620.0,5.0,reg,,,,,,
h1,H1,H1,"log(naissances+0,5 / 1 000 f. 15-44)","toutes communes, sans covariables",cs,Wald pré (-8..-2),17.33807094141449,,,,0.015341593968166903,34620,588540,False,"H5c : test de Wald joint de nullité des coefficients pré avec covariance des fonctions d'influence, df = 7 ; fenêtre 2008-2024 ; 19761 traitées, 14859 jamais traitées sur la fenêtre (dont 1604 traitées après 2024) ; 75 unités incomplètes exclues",pre_test,14859,19761,1604,75,2008,2024,2008.0,2024.0,34620.0,5.0,reg,,,,,,7.0
h1,H1,H1,"log(naissances+0,5 / 1 000 f. 15-44)","toutes communes, sans covariables",sunab,-8,0.0275641762514026,0.0065253882930295095,0.01477465021192546,0.04035370229087974,2.3985124067352168e-05,34620,588540,False," ; fenêtre 2008-2024 ; 19761 traitées, 14859 jamais traitées sur la fenêtre (dont 1604 traitées après 2024) ; 75 unités incomplètes exclues ; effets fixes supplémentaires year^dens_cat ; cellules −8 et +8 bornées",event,14859,19761,1604,75,2008,2024,,,,,,,,,,,
h1,H1,H1,"log(naissances+0,5 / 1 000 f. 15-44)","toutes communes, sans covariables",sunab,-7,0.019936438405328924,0.005692868178907003,0.008778621805937073,0.031094255004720774,0.00046177534341129223,34620,588540,False," ; fenêtre 2008-2024 ; 19761 traitées, 14859 jamais traitées sur la fenêtre (dont 1604 traitées après 2024) ; 75 unités incomplètes exclues ; effets fixes supplémentaires year^dens_cat ; cellules −8 et +8 bornées",event,14859,19761,1604,75,2008,2024,,,,,,,,,,,
h1,H1,H1,"log(naissances+0,5 / 1 000 f. 15-44)","toutes communes, sans covariables",sunab,-6,0.016385786341042336,0.005090401606783984,0.006408782524900906,0.026362790157183767,0.0012865756033810475,34620,588540,False," ; fenêtre 2008-2024 ; 19761 traitées, 14859 jamais traitées sur la fenêtre (dont 1604 traitées après 2024) ; 75 unités incomplètes exclues ; effets fixes supplémentaires year^dens_cat ; cellules −8 et +8 bornées",event,14859,19761,1604,75,2008,2024,,,,,,,,,,,
h1,H1,H1,"log(naissances+0,5 / 1 000 f. 15-44)","toutes communes, sans covariables",sunab,-5,0.012494435198871355,0.004925327710158432,0.0028409702749036935,0.022147900122839015,0.011187967757491098,34620,588540,False," ; fenêtre 2008-2024 ; 19761 traitées, 14859 jamais traitées sur la fenêtre (dont 1604 traitées après 2024) ; 75 unités incomplètes exclues ; effets fixes supplémentaires year^dens_cat ; cellules −8 et +8 bornées",event,14859,19761,1604,75,2008,2024,,,,,,,,,,,
h1,H1,H1,"log(naissances+0,5 / 1 000 f. 15-44)","toutes communes, sans covariables",sunab,-4,0.008456567654782766,0.004784493554367439,-0.000920867396041445,0.017834002705606977,0.07714539292098481,34620,588540,False," ; fenêtre 2008-2024 ; 19761 traitées, 14859 jamais traitées sur la fenêtre (dont 1604 traitées après 2024) ; 75 unités incomplètes exclues ; effets fixes supplémentaires year^dens_cat ; cellules −8 et +8 bornées",event,14859,19761,1604,75,2008,2024,,,,,,,,,,,
h1,H1,H1,"log(naissances+0,5 / 1 000 f. 15-44)","toutes communes, sans covariables",sunab,-3,0.013933793732764804,0.004695370732617069,0.004731036202771899,0.02313655126275771,0.003001738228905387,34620,588540,False," ; fenêtre 2008-2024 ; 19761 traitées, 14859 jamais traitées sur la fenêtre (dont 1604 traitées après 2024) ; 75 unités incomplètes exclues ; effets fixes supplémentaires year^dens_cat ; cellules −8 et +8 bornées",event,14859,19761,1604,75,2008,2024,,,,,,,,,,,
h1,H1,H1,"log(naissances+0,5 / 1 000 f. 15-44)","toutes communes, sans covariables",sunab,-2,0.01192416341783655,0.004709218603481724,0.0026942645596863615,0.021154062275986738,0.011338501584582562,34620,588540,False," ; fenêtre 2008-2024 ; 19761 traitées, 14859 jamais traitées sur la fenêtre (dont 1604 traitées après 2024) ; 75 unités incomplètes exclues ; effets fixes supplémentaires year^dens_cat ; cellules −8 et +8 bornées",event,14859,19761,1604,75,2008,2024,,,,,,,,,,,
h1,H1,H1,"log(naissances+0,5 / 1 000 f. 15-44)","toutes communes, sans covariables",sunab,0,0.006279634981573971,0.004737074539885424,-0.0030048605086831076,0.015564130471831049,0.18496040511555278,34620,588540,False," ; fenêtre 2008-2024 ; 19761 traitées, 14859 jamais traitées sur la fenêtre (dont 1604 traitées après 2024) ; 75 unités incomplètes exclues ; effets fixes supplémentaires year^dens_cat ; cellules −8 et +8 bornées",event,14859,19761,1604,75,2008,2024,,,,,,,,,,,
h1,H1,H1,"log(naissances+0,5 / 1 000 f. 15-44)","toutes communes, sans covariables",sunab,1,0.004075483959131844,0.00480129585292146,-0.005334882991715737,0.013485850909979426,0.39597589425677804,34620,588540,False," ; fenêtre 2008-2024 ; 19761 traitées, 14859 jamais traitées sur la fenêtre (dont 1604 traitées après 2024) ; 75 unités incomplètes exclues ; effets fixes supplémentaires year^dens_cat ; cellules −8 et +8 bornées",event,14859,19761,1604,75,2008,2024,,,,,,,,,,,
h1,H1,H1,"log(naissances+0,5 / 1 000 f. 15-44)","toutes communes, sans covariables",sunab,2,0.006430519840309618,0.005060822841251955,-0.003488510660681881,0.016349550341301117,0.2038542247330304,34620,588540,False," ; fenêtre 2008-2024 ; 19761 traitées, 14859 jamais traitées sur la fenêtre (dont 1604 traitées après 2024) ; 75 unités incomplètes exclues ; effets fixes supplémentaires year^dens_cat ; cellules −8 et +8 bornées",event,14859,19761,1604,75,2008,2024,,,,,,,,,,,
h1,H1,H1,"log(naissances+0,5 / 1 000 f. 15-44)","toutes communes, sans covariables",sunab,3,-0.0062178841142438235,0.005380421285040615,-0.016763316054576146,0.004327547826088498,0.2478243280279998,34620,588540,False," ; fenêtre 2008-2024 ; 19761 traitées, 14859 jamais traitées sur la fenêtre (dont 1604 traitées après 2024) ; 75 unités incomplètes exclues ; effets fixes supplémentaires year^dens_cat ; cellules −8 et +8 bornées",event,14859,19761,1604,75,2008,2024,,,,,,,,,,,
h1,H1,H1,"log(naissances+0,5 / 1 000 f. 15-44)","toutes communes, sans covariables",sunab,4,-0.011669100233875367,0.005801385847278018,-0.023039607554960668,-0.00029859291279006606,0.04427971706302302,34620,588540,False," ; fenêtre 2008-2024 ; 19761 traitées, 14859 jamais traitées sur la fenêtre (dont 1604 traitées après 2024) ; 75 unités incomplètes exclues ; effets fixes supplémentaires year^dens_cat ; cellules −8 et +8 bornées",event,14859,19761,1604,75,2008,2024,,,,,,,,,,,
h1,H1,H1,"log(naissances+0,5 / 1 000 f. 15-44)","toutes communes, sans covariables",sunab,5,-0.013071075647724046,0.006135895236349789,-0.025097209323880515,-0.001044941971567577,0.03314983845311397,34620,588540,False," ; fenêtre 2008-2024 ; 19761 traitées, 14859 jamais traitées sur la fenêtre (dont 1604 traitées après 2024) ; 75 unités incomplètes exclues ; effets fixes supplémentaires year^dens_cat ; cellules −8 et +8 bornées",event,14859,19761,1604,75,2008,2024,,,,,,,,,,,
h1,H1,H1,"log(naissances+0,5 / 1 000 f. 15-44)","toutes communes, sans covariables",sunab,6,-0.020097349192454927,0.006632060809156834,-0.03309594952168189,-0.007098748863227965,0.0024428467035635245,34620,588540,False," ; fenêtre 2008-2024 ; 19761 traitées, 14859 jamais traitées sur la fenêtre (dont 1604 traitées après 2024) ; 75 unités incomplètes exclues ; effets fixes supplémentaires year^dens_cat ; cellules −8 et +8 bornées",event,14859,19761,1604,75,2008,2024,,,,,,,,,,,
h1,H1,H1,"log(naissances+0,5 / 1 000 f. 15-44)","toutes communes, sans covariables",sunab,7,-0.01704840214714128,0.007209097767749805,-0.031177974132958995,-0.002918830161323563,0.018037595801121697,34620,588540,False," ; fenêtre 2008-2024 ; 19761 traitées, 14859 jamais traitées sur la fenêtre (dont 1604 traitées après 2024) ; 75 unités incomplètes exclues ; effets fixes supplémentaires year^dens_cat ; cellules −8 et +8 bornées",event,14859,19761,1604,75,2008,2024,,,,,,,,,,,
h1,H1,H1,"log(naissances+0,5 / 1 000 f. 15-44)","toutes communes, sans covariables",sunab,8,-0.031003997346263648,0.008071044072833874,-0.046822953046653515,-0.015185041645873781,0.00012234145102594553,34620,588540,False," ; fenêtre 2008-2024 ; 19761 traitées, 14859 jamais traitées sur la fenêtre (dont 1604 traitées après 2024) ; 75 unités incomplètes exclues ; effets fixes supplémentaires year^dens_cat ; cellules −8 et +8 bornées",event,14859,19761,1604,75,2008,2024,,,,,,,,,,,
h1,H1,H1,"log(naissances+0,5 / 1 000 f. 15-44)","toutes communes, sans covariables",sunab,"ATT[1,5]",-0.004090411239280355,0.004201993739441849,-0.012326167631849162,0.004145345153288453,0.3303320122298228,34620,588540,False," ; fenêtre 2008-2024 ; 19761 traitées, 14859 jamais traitées sur la fenêtre (dont 1604 traitées après 2024) ; 75 unités incomplètes exclues ; effets fixes supplémentaires year^dens_cat ; écart-type avec covariance complète (w'Vw)",post_avg,14859,19761,1604,75,2008,2024,,,,,,,,,,,
h1,H1,H1,"log(naissances+0,5 / 1 000 f. 15-44)","toutes communes, sans covariables",sunab,Wald pré (-8..−2),21.319003212846,,,,0.003325612722779102,34620,588540,False,"test de Wald joint, covariance groupée, df = 7 ; fenêtre 2008-2024 ; 19761 traitées, 14859 jamais traitées sur la fenêtre (dont 1604 traitées après 2024) ; 75 unités incomplètes exclues",pre_test,14859,19761,1604,75,2008,2024,,,,,,,,,,,7.0
h1,H1,H1,"log(naissances+0,5 / 1 000 f. 15-44)","toutes communes, sans covariables",did2s,-8,0.00545111105285587,0.0016754350407378737,0.0021673187145732392,0.0087349033911385,0.001139728154787379,34620,588540,False," ; fenêtre 2008-2024 ; 19761 traitées, 14859 jamais traitées sur la fenêtre (dont 1604 traitées après 2024) ; 75 unités incomplètes exclues ; effets fixes supplémentaires year^dens_cat ; cellules −8 et +8 bornées ; sans les effets fixes year^dens_cat (non estimables dans did2s) ; did2s en deux étapes implémenté directement (pyfixest.did2s dépasse la mémoire au-delà de 5 000 unités), écarts-types par bootstrap par grappes (50 tirages, grappe = unit)",event,14859,19761,1604,75,2008,2024,,,,,,,,,,,
h1,H1,H1,"log(naissances+0,5 / 1 000 f. 15-44)","toutes communes, sans covariables",did2s,-7,0.00029434679456045017,0.0034697928263136496,-0.006506322178829746,0.007095015767950647,0.9323955647833833,34620,588540,False," ; fenêtre 2008-2024 ; 19761 traitées, 14859 jamais traitées sur la fenêtre (dont 1604 traitées après 2024) ; 75 unités incomplètes exclues ; effets fixes supplémentaires year^dens_cat ; cellules −8 et +8 bornées ; sans les effets fixes year^dens_cat (non estimables dans did2s) ; did2s en deux étapes implémenté directement (pyfixest.did2s dépasse la mémoire au-delà de 5 000 unités), écarts-types par bootstrap par grappes (50 tirages, grappe = unit)",event,14859,19761,1604,75,2008,2024,,,,,,,,,,,
h1,H1,H1,"log(naissances+0,5 / 1 000 f. 15-44)","toutes communes, sans covariables",did2s,-6,-0.0019306544013418753,0.0027977527893630187,-0.007414149106139868,0.0035528403034561177,0.49014811499461564,34620,588540,False," ; fenêtre 2008-2024 ; 19761 traitées, 14859 jamais traitées sur la fenêtre (dont 1604 traitées après 2024) ; 75 unités incomplètes exclues ; effets fixes supplémentaires year^dens_cat ; cellules −8 et +8 bornées ; sans les effets fixes year^dens_cat (non estimables dans did2s) ; did2s en deux étapes implémenté directement (pyfixest.did2s dépasse la mémoire au-delà de 5 000 unités), écarts-types par bootstrap par grappes (50 tirages, grappe = unit)",event,14859,19761,1604,75,2008,2024,,,,,,,,,,,
h1,H1,H1,"log(naissances+0,5 / 1 000 f. 15-44)","toutes communes, sans covariables",did2s,-5,-0.004672776738756431,0.0028300946590567306,-0.010219660343346787,0.0008741068658339249,0.0987176200990744,34620,588540,False," ; fenêtre 2008-2024 ; 19761 traitées, 14859 jamais traitées sur la fenêtre (dont 1604 traitées après 2024) ; 75 unités incomplètes exclues ; effets fixes supplémentaires year^dens_cat ; cellules −8 et +8 bornées ; sans les effets fixes year^dens_cat (non estimables dans did2s) ; did2s en deux étapes implémenté directement (pyfixest.did2s dépasse la mémoire au-delà de 5 000 unités), écarts-types par bootstrap par grappes (50 tirages, grappe = unit)",event,14859,19761,1604,75,2008,2024,,,,,,,,,,,
h1,H1,H1,"log(naissances+0,5 / 1 000 f. 15-44)","toutes communes, sans covariables",did2s,-4,-0.005924309088370257,0.003190698666270695,-0.012177963559780805,0.00032934538304029044,0.0633476519574876,34620,588540,False," ; fenêtre 2008-2024 ; 19761 traitées, 14859 jamais traitées sur la fenêtre (dont 1604 traitées après 2024) ; 75 unités incomplètes exclues ; effets fixes supplémentaires year^dens_cat ; cellules −8 et +8 bornées ; sans les effets fixes year^dens_cat (non estimables dans did2s) ; did2s en deux étapes implémenté directement (pyfixest.did2s dépasse la mémoire au-delà de 5 000 unités), écarts-types par bootstrap par grappes (50 tirages, grappe = unit)",event,14859,19761,1604,75,2008,2024,,,,,,,,,,,
h1,H1,H1,"log(naissances+0,5 / 1 000 f. 15-44)","toutes communes, sans covariables",did2s,-3,0.0012291417173193112,0.003243231188611202,-0.0051274746058956756,0.007585758040534298,0.704697687231489,34620,588540,False," ; fenêtre 2008-2024 ; 19761 traitées, 14859 jamais traitées sur la fenêtre (dont 1604 traitées après 2024) ; 75 unités incomplètes exclues ; effets fixes supplémentaires year^dens_cat ; cellules −8 et +8 bornées ; sans les effets fixes year^dens_cat (non estimables dans did2s) ; did2s en deux étapes implémenté directement (pyfixest.did2s dépasse la mémoire au-delà de 5 000 unités), écarts-types par bootstrap par grappes (50 tirages, grappe = unit)",event,14859,19761,1604,75,2008,2024,,,,,,,,,,,
h1,H1,H1,"log(naissances+0,5 / 1 000 f. 15-44)","toutes communes, sans covariables",did2s,-2,0.0003254035032409479,0.0033447272582013223,-0.006230141460943046,0.006880948467424942,0.9224972870699837,34620,588540,False," ; fenêtre 2008-2024 ; 19761 traitées, 14859 jamais traitées sur la fenêtre (dont 1604 traitées après 2024) ; 75 unités incomplètes exclues ; effets fixes supplémentaires year^dens_cat ; cellules −8 et +8 bornées ; sans les effets fixes year^dens_cat (non estimables dans did2s) ; did2s en deux étapes implémenté directement (pyfixest.did2s dépasse la mémoire au-delà de 5 000 unités), écarts-types par bootstrap par grappes (50 tirages, grappe = unit)",event,14859,19761,1604,75,2008,2024,,,,,,,,,,,
h1,H1,H1,"log(naissances+0,5 / 1 000 f. 15-44)","toutes communes, sans covariables",did2s,0,-3.731659285232754e-05,0.0030121135938160105,-0.005940950754075218,0.005866317568370562,0.9901153888308798,34620,588540,False," ; fenêtre 2008-2024 ; 19761 traitées, 14859 jamais traitées sur la fenêtre (dont 1604 traitées après 2024) ; 75 unités incomplètes exclues ; effets fixes supplémentaires year^dens_cat ; cellules −8 et +8 bornées ; sans les effets fixes year^dens_cat (non estimables dans did2s) ; did2s en deux étapes implémenté directement (pyfixest.did2s dépasse la mémoire au-delà de 5 000 unités), écarts-types par bootstrap par grappes (50 tirages, grappe = unit)",event,14859,19761,1604,75,2008,2024,,,,,,,,,,,
h1,H1,H1,"log(naissances+0,5 / 1 000 f. 15-44)","toutes communes, sans covariables",did2s,1,-0.0003629962649783483,0.003892895668842822,-0.007992931571482245,0.007266939041525548,0.9257082705355065,34620,588540,False," ; fenêtre 2008-2024 ; 19761 traitées, 14859 jamais traitées sur la fenêtre (dont 1604 traitées après 2024) ; 75 unités incomplètes exclues ; effets fixes supplémentaires year^dens_cat ; cellules −8 et +8 bornées ; sans les effets fixes year^dens_cat (non estimables dans did2s) ; did2s en deux étapes implémenté directement (pyfixest.did2s dépasse la mémoire au-delà de 5 000 unités), écarts-types par bootstrap par grappes (50 tirages, grappe = unit)",event,14859,19761,1604,75,2008,2024,,,,,,,,,,,
h1,H1,H1,"log(naissances+0,5 / 1 000 f. 15-44)","toutes communes, sans covariables",did2s,2,0.0032184382361319123,0.003801771367945915,-0.0042328967224976545,0.010669773194761478,0.3972388528583415,34620,588540,False," ; fenêtre 2008-2024 ; 19761 traitées, 14859 jamais traitées sur la fenêtre (dont 1604 traitées après 2024) ; 75 unités incomplètes exclues ; effets fixes supplémentaires year^dens_cat ; cellules −8 et +8 bornées ; sans les effets fixes year^dens_cat (non estimables dans did2s) ; did2s en deux étapes implémenté directement (pyfixest.did2s dépasse la mémoire au-delà de 5 000 unités), écarts-types par bootstrap par grappes (50 tirages, grappe = unit)",event,14859,19761,1604,75,2008,2024,,,,,,,,,,,
h1,H1,H1,"log(naissances+0,5 / 1 000 f. 15-44)","toutes communes, sans covariables",did2s,3,-0.0072708956712083115,0.004542580079695778,-0.016174189024301126,0.0016323976818845018,0.10946349335734852,34620,588540,False," ; fenêtre 2008-2024 ; 19761 traitées, 14859 jamais traitées sur la fenêtre (dont 1604 traitées après 2024) ; 75 unités incomplètes exclues ; effets fixes supplémentaires year^dens_cat ; cellules −8 et +8 bornées ; sans les effets fixes year^dens_cat (non estimables dans did2s) ; did2s en deux étapes implémenté directement (pyfixest.did2s dépasse la mémoire au-delà de 5 000 unités), écarts-types par bootstrap par grappes (50 tirages, grappe = unit)",event,14859,19761,1604,75,2008,2024,,,,,,,,,,,
h1,H1,H1,"log(naissances+0,5 / 1 000 f. 15-44)","toutes communes, sans covariables",did2s,4,-0.012302456316930409,0.0042716451116142674,-0.020674726890430952,-0.0039301857434298655,0.003976402121708793,34620,588540,False," ; fenêtre 2008-2024 ; 19761 traitées, 14859 jamais traitées sur la fenêtre (dont 1604 traitées après 2024) ; 75 unités incomplètes exclues ; effets fixes supplémentaires year^dens_cat ; cellules −8 et +8 bornées ; sans les effets fixes year^dens_cat (non estimables dans did2s) ; did2s en deux étapes implémenté directement (pyfixest.did2s dépasse la mémoire au-delà de 5 000 unités), écarts-types par bootstrap par grappes (50 tirages, grappe = unit)",event,14859,19761,1604,75,2008,2024,,,,,,,,,,,
h1,H1,H1,"log(naissances+0,5 / 1 000 f. 15-44)","toutes communes, sans covariables",did2s,5,-0.01763858418472625,0.0049437633073324576,-0.02732818221518849,-0.007948986154264011,0.00035992847471656003,34620,588540,False," ; fenêtre 2008-2024 ; 19761 traitées, 14859 jamais traitées sur la fenêtre (dont 1604 traitées après 2024) ; 75 unités incomplètes exclues ; effets fixes supplémentaires year^dens_cat ; cellules −8 et +8 bornées ; sans les effets fixes year^dens_cat (non estimables dans did2s) ; did2s en deux étapes implémenté directement (pyfixest.did2s dépasse la mémoire au-delà de 5 000 unités), écarts-types par bootstrap par grappes (50 tirages, grappe = unit)",event,14859,19761,1604,75,2008,2024,,,,,,,,,,,
h1,H1,H1,"log(naissances+0,5 / 1 000 f. 15-44)","toutes communes, sans covariables",did2s,6,-0.023512070963360037,0.006063943434288124,-0.03539718169885289,-0.011626960227867186,0.00010559753852824843,34620,588540,False," ; fenêtre 2008-2024 ; 19761 traitées, 14859 jamais traitées sur la fenêtre (dont 1604 traitées après 2024) ; 75 unités incomplètes exclues ; effets fixes supplémentaires year^dens_cat ; cellules −8 et +8 bornées ; sans les effets fixes year^dens_cat (non estimables dans did2s) ; did2s en deux étapes implémenté directement (pyfixest.did2s dépasse la mémoire au-delà de 5 000 unités), écarts-types par bootstrap par grappes (50 tirages, grappe = unit)",event,14859,19761,1604,75,2008,2024,,,,,,,,,,,
h1,H1,H1,"log(naissances+0,5 / 1 000 f. 15-44)","toutes communes, sans covariables",did2s,7,-0.02151533745746549,0.005026766542767641,-0.03136761883998099,-0.011663056074949994,1.8676361173717922e-05,34620,588540,False," ; fenêtre 2008-2024 ; 19761 traitées, 14859 jamais traitées sur la fenêtre (dont 1604 traitées après 2024) ; 75 unités incomplètes exclues ; effets fixes supplémentaires year^dens_cat ; cellules −8 et +8 bornées ; sans les effets fixes year^dens_cat (non estimables dans did2s) ; did2s en deux étapes implémenté directement (pyfixest.did2s dépasse la mémoire au-delà de 5 000 unités), écarts-types par bootstrap par grappes (50 tirages, grappe = unit)",event,14859,19761,1604,75,2008,2024,,,,,,,,,,,
h1,H1,H1,"log(naissances+0,5 / 1 000 f. 15-44)","toutes communes, sans covariables",did2s,8,-0.022702378040197035,0.005177998420703076,-0.03285106845678035,-0.012553687623613728,1.1630983889032137e-05,34620,588540,False," ; fenêtre 2008-2024 ; 19761 traitées, 14859 jamais traitées sur la fenêtre (dont 1604 traitées après 2024) ; 75 unités incomplètes exclues ; effets fixes supplémentaires year^dens_cat ; cellules −8 et +8 bornées ; sans les effets fixes year^dens_cat (non estimables dans did2s) ; did2s en deux étapes implémenté directement (pyfixest.did2s dépasse la mémoire au-delà de 5 000 unités), écarts-types par bootstrap par grappes (50 tirages, grappe = unit)",event,14859,19761,1604,75,2008,2024,,,,,,,,,,,
h1,H1,H1,"log(naissances+0,5 / 1 000 f. 15-44)","toutes communes, sans covariables",did2s,"ATT[1,5]",-0.0068712988403422815,0.002835163717397741,-0.01242811761671655,-0.001314480063968013,0.015367580533153262,34620,588540,False," ; fenêtre 2008-2024 ; 19761 traitées, 14859 jamais traitées sur la fenêtre (dont 1604 traitées après 2024) ; 75 unités incomplètes exclues ; effets fixes supplémentaires year^dens_cat ; écart-type avec covariance complète (w'Vw)",post_avg,14859,19761,1604,75,2008,2024,,,,,,,,,,,
h1,H1,H1,"log(naissances+0,5 / 1 000 f. 15-44)","toutes communes, sans covariables",did2s,Wald pré (-8..−2),18.114123557769506,,,,0.011465573786840742,34620,588540,False,"test de Wald joint, covariance groupée, df = 7 ; fenêtre 2008-2024 ; 19761 traitées, 14859 jamais traitées sur la fenêtre (dont 1604 traitées après 2024) ; 75 unités incomplètes exclues",pre_test,14859,19761,1604,75,2008,2024,,,,,,,,,,,7.0
h1,H1,H1,"log(naissances+0,5 / 1 000 f. 15-44)","toutes communes, sans covariables",twfe,-8,0.02439475035829753,0.005328487720621404,0.013951106333815652,0.03483839438277941,4.690497590270768e-06,34620,588540,False," ; fenêtre 2008-2024 ; 19761 traitées, 14859 jamais traitées sur la fenêtre (dont 1604 traitées après 2024) ; 75 unités incomplètes exclues ; effets fixes supplémentaires year^dens_cat ; cellules −8 et +8 bornées",event,14859,19761,1604,75,2008,2024,,,,,,,,,,,
h1,H1,H1,"log(naissances+0,5 / 1 000 f. 15-44)","toutes communes, sans covariables",twfe,-7,0.01903588324572028,0.005472086431572957,0.008310790919546982,0.02976097557189358,0.0005038055176159917,34620,588540,False," ; fenêtre 2008-2024 ; 19761 traitées, 14859 jamais traitées sur la fenêtre (dont 1604 traitées après 2024) ; 75 unités incomplètes exclues ; effets fixes supplémentaires year^dens_cat ; cellules −8 et +8 bornées",event,14859,19761,1604,75,2008,2024,,,,,,,,,,,
h1,H1,H1,"log(naissances+0,5 / 1 000 f. 15-44)","toutes communes, sans covariables",twfe,-6,0.01619557737525413,0.0051719053493932705,0.006058829158993275,0.026332325591514983,0.0017394375686056195,34620,588540,False," ; fenêtre 2008-2024 ; 19761 traitées, 14859 jamais traitées sur la fenêtre (dont 1604 traitées après 2024) ; 75 unités incomplètes exclues ; effets fixes supplémentaires year^dens_cat ; cellules −8 et +8 bornées",event,14859,19761,1604,75,2008,2024,,,,,,,,,,,
h1,H1,H1,"log(naissances+0,5 / 1 000 f. 15-44)","toutes communes, sans covariables",twfe,-5,0.011947540042120423,0.005004424362276187,0.002139048528704269,0.021756031555536577,0.016968227460113647,34620,588540,False," ; fenêtre 2008-2024 ; 19761 traitées, 14859 jamais traitées sur la fenêtre (dont 1604 traitées après 2024) ; 75 unités incomplètes exclues ; effets fixes supplémentaires year^dens_cat ; cellules −8 et +8 bornées",event,14859,19761,1604,75,2008,2024,,,,,,,,,,,
h1,H1,H1,"log(naissances+0,5 / 1 000 f. 15-44)","toutes communes, sans covariables",twfe,-4,0.008469379524163023,0.004868048838487535,-0.0010718208742545882,0.018010579922580636,0.08189601323288603,34620,588540,False," ; fenêtre 2008-2024 ; 19761 traitées, 14859 jamais traitées sur la fenêtre (dont 1604 traitées après 2024) ; 75 unités incomplètes exclues ; effets fixes supplémentaires year^dens_cat ; cellules −8 et +8 bornées",event,14859,19761,1604,75,2008,2024,,,,,,,,,,,
h1,H1,H1,"log(naissances+0,5 / 1 000 f. 15-44)","toutes communes, sans covariables",twfe,-3,0.013936220198662778,0.0047632453595502335,0.00460043084441678,0.023272009552908778,0.0034359099637671906,34620,588540,False," ; fenêtre 2008-2024 ; 19761 traitées, 14859 jamais traitées sur la fenêtre (dont 1604 traitées après 2024) ; 75 unités incomplètes exclues ; effets fixes supplémentaires year^dens_cat ; cellules −8 et +8 bornées",event,14859,19761,1604,75,2008,2024,,,,,,,,,,,
h1,H1,H1,"log(naissances+0,5 / 1 000 f. 15-44)","toutes communes, sans covariables",twfe,-2,0.011023365070542844,0.004746695655148953,0.0017200125408781408,0.020326717600207548,0.02021549812319064,34620,588540,False," ; fenêtre 2008-2024 ; 19761 traitées, 14859 jamais traitées sur la fenêtre (dont 1604 traitées après 2024) ; 75 unités incomplètes exclues ; effets fixes supplémentaires year^dens_cat ; cellules −8 et +8 bornées",event,14859,19761,1604,75,2008,2024,,,,,,,,,,,
h1,H1,H1,"log(naissances+0,5 / 1 000 f. 15-44)","toutes communes, sans covariables",twfe,0,0.0062784607410237454,0.004763527201462908,-0.0030578810132204284,0.01561480249526792,0.18749437957045156,34620,588540,False," ; fenêtre 2008-2024 ; 19761 traitées, 14859 jamais traitées sur la fenêtre (dont 1604 traitées après 2024) ; 75 unités incomplètes exclues ; effets fixes supplémentaires year^dens_cat ; cellules −8 et +8 bornées",event,14859,19761,1604,75,2008,2024,,,,,,,,,,,
h1,H1,H1,"log(naissances+0,5 / 1 000 f. 15-44)","toutes communes, sans covariables",twfe,1,0.005073163058704383,0.004845827007173827,-0.004424483350667836,0.014570809468076602,0.2951393467581731,34620,588540,False," ; fenêtre 2008-2024 ; 19761 traitées, 14859 jamais traitées sur la fenêtre (dont 1604 traitées après 2024) ; 75 unités incomplètes exclues ; effets fixes supplémentaires year^dens_cat ; cellules −8 et +8 bornées",event,14859,19761,1604,75,2008,2024,,,,,,,,,,,
h1,H1,H1,"log(naissances+0,5 / 1 000 f. 15-44)","toutes communes, sans covariables",twfe,2,0.0065394177095848575,0.005058307942217021,-0.003374683679873417,0.01645351909904313,0.19607769608967185,34620,588540,False," ; fenêtre 2008-2024 ; 19761 traitées, 14859 jamais traitées sur la fenêtre (dont 1604 traitées après 2024) ; 75 unités incomplètes exclues ; effets fixes supplémentaires year^dens_cat ; cellules −8 et +8 bornées",event,14859,19761,1604,75,2008,2024,,,,,,,,,,,
h1,H1,H1,"log(naissances+0,5 / 1 000 f. 15-44)","toutes communes, sans covariables",twfe,3,-0.005821692313351715,0.00525555603611592,-0.016122392862871007,0.0044790082361675755,0.2679821195412282,34620,588540,False," ; fenêtre 2008-2024 ; 19761 traitées, 14859 jamais traitées sur la fenêtre (dont 1604 traitées après 2024) ; 75 unités incomplètes exclues ; effets fixes supplémentaires year^dens_cat ; cellules −8 et +8 bornées",event,14859,19761,1604,75,2008,2024,,,,,,,,,,,
h1,H1,H1,"log(naissances+0,5 / 1 000 f. 15-44)","toutes communes, sans covariables",twfe,4,-0.012108513282953386,0.00553903253574476,-0.022964817562208688,-0.001252209003698086,0.028813120147477212,34620,588540,False," ; fenêtre 2008-2024 ; 19761 traitées, 14859 jamais traitées sur la fenêtre (dont 1604 traitées après 2024) ; 75 unités incomplètes exclues ; effets fixes supplémentaires year^dens_cat ; cellules −8 et +8 bornées",event,14859,19761,1604,75,2008,2024,,,,,,,,,,,
h1,H1,H1,"log(naissances+0,5 / 1 000 f. 15-44)","toutes communes, sans covariables",twfe,5,-0.015643115085521613,0.0057513390811637505,-0.02691553254748025,-0.004370697623562975,0.0065300016003940805,34620,588540,False," ; fenêtre 2008-2024 ; 19761 traitées, 14859 jamais traitées sur la fenêtre (dont 1604 traitées après 2024) ; 75 unités incomplètes exclues ; effets fixes supplémentaires year^dens_cat ; cellules −8 et +8 bornées",event,14859,19761,1604,75,2008,2024,,,,,,,,,,,
h1,H1,H1,"log(naissances+0,5 / 1 000 f. 15-44)","toutes communes, sans covariables",twfe,6,-0.022434757114055924,0.006187887743551342,-0.03456279423179338,-0.010306719996318473,0.00028830008590498697,34620,588540,False," ; fenêtre 2008-2024 ; 19761 traitées, 14859 jamais traitées sur la fenêtre (dont 1604 traitées après 2024) ; 75 unités incomplètes exclues ; effets fixes supplémentaires year^dens_cat ; cellules −8 et +8 bornées",event,14859,19761,1604,75,2008,2024,,,,,,,,,,,
h1,H1,H1,"log(naissances+0,5 / 1 000 f. 15-44)","toutes communes, sans covariables",twfe,7,-0.019334771427595012,0.006618558082860216,-0.032306906899587505,-0.006362635955602521,0.0034857776833903524,34620,588540,False," ; fenêtre 2008-2024 ; 19761 traitées, 14859 jamais traitées sur la fenêtre (dont 1604 traitées après 2024) ; 75 unités incomplètes exclues ; effets fixes supplémentaires year^dens_cat ; cellules −8 et +8 bornées",event,14859,19761,1604,75,2008,2024,,,,,,,,,,,
h1,H1,H1,"log(naissances+0,5 / 1 000 f. 15-44)","toutes communes, sans covariables",twfe,8,-0.028202531607960452,0.007022880219032941,-0.04196712390500378,-0.014437939310917122,5.924272156037962e-05,34620,588540,False," ; fenêtre 2008-2024 ; 19761 traitées, 14859 jamais traitées sur la fenêtre (dont 1604 traitées après 2024) ; 75 unités incomplètes exclues ; effets fixes supplémentaires year^dens_cat ; cellules −8 et +8 bornées",event,14859,19761,1604,75,2008,2024,,,,,,,,,,,
h1,H1,H1,"log(naissances+0,5 / 1 000 f. 15-44)","toutes communes, sans covariables",twfe,"ATT[1,5]",-0.004392147982707495,0.004157749741418935,-0.012541187732619329,0.003756891767204339,0.29079636289968847,34620,588540,False," ; fenêtre 2008-2024 ; 19761 traitées, 14859 jamais traitées sur la fenêtre (dont 1604 traitées après 2024) ; 75 unités incomplètes exclues ; effets fixes supplémentaires year^dens_cat ; écart-type avec covariance complète (w'Vw)",post_avg,14859,19761,1604,75,2008,2024,,,,,,,,,,,
h1,H1,H1,"log(naissances+0,5 / 1 000 f. 15-44)","toutes communes, sans covariables",twfe,Wald pré (-8..−2),24.1724245974391,,,,0.0010624971061460437,34620,588540,False,"test de Wald joint, covariance groupée, df = 7 ; fenêtre 2008-2024 ; 19761 traitées, 14859 jamais traitées sur la fenêtre (dont 1604 traitées après 2024) ; 75 unités incomplètes exclues",pre_test,14859,19761,1604,75,2008,2024,,,,,,,,,,,7.0
h1,H1,H1,"log(naissances+0,5 / 1 000 f. 15-44)","toutes communes, sans covariables",twfe,ATT,-0.01264311199347747,0.0029922430476619455,-0.01850780059988525,-0.006778423387069689,2.3862711841142183e-05,34620,588540,False," ; fenêtre 2008-2024 ; 19761 traitées, 14859 jamais traitées sur la fenêtre (dont 1604 traitées après 2024) ; 75 unités incomplètes exclues ; effets fixes supplémentaires year^dens_cat",static,14859,19761,1604,75,2008,2024,,,,,,,,,,,
h1,H1,H1,"log(naissances+0,5 / 1 000 f. 15-44)","toutes communes, sans covariables",twfe_poisson,ATT (log du taux contrefactuel),-0.003522955557316417,0.0036679819481743423,-0.01071206807168119,0.003666156957048357,0.3368229831065672,34620,588540,False," ; fenêtre 2008-2024 ; 19761 traitées, 14859 jamais traitées sur la fenêtre (dont 1604 traitées après 2024) ; 75 unités incomplètes exclues ; effets fixes supplémentaires year^dens_cat ; Poisson à effets fixes, offset = log(women_1544)",static,14859,19761,1604,75,2008,2024,,,,,,,,,,,
h1,H1,H1,"log(naissances+0,5 / 1 000 f. 15-44)","toutes communes, sans covariables",twfe_poisson,ATT en % du taux contrefactuel,-0.35167572303336225,0.3655082546137367,-1.0654898244587319,0.3672885587536534,0.3368229831065672,34620,588540,False," ; fenêtre 2008-2024 ; 19761 traitées, 14859 jamais traitées sur la fenêtre (dont 1604 traitées après 2024) ; 75 unités incomplètes exclues ; effets fixes supplémentaires year^dens_cat ; Poisson à effets fixes, offset = log(women_1544)",static,14859,19761,1604,75,2008,2024,,,,,,,,,,,
h1,H1,H1,"log(naissances+0,5 / 1 000 f. 15-44)","covariables, contrôle = jamais traitées",cs,-8,0.016553273961968453,0.00625118468546926,0.004301177117740357,0.02880537080619655,0.008096427955289115,31194,530298,False," ; covariables : log_med12, share_fsup, unemp_1524, pretrend_0811, dens_inter, dens_rural (doublement robuste) ; contrôle = never_treated ; fenêtre 2008-2024 ; 18677 traitées, 12517 jamais traitées sur la fenêtre (dont 1444 traitées après 2024)",event,12517,18677,1444,0,2008,2024,2008.0,2024.0,31194.0,5.0,dr,9.0,14988.0,,,,
h1,H1,H1,"log(naissances+0,5 / 1 000 f. 15-44)","covariables, contrôle = jamais traitées",cs,-7,0.01359199800897351,0.005736588175956562,0.0023484917899603275,0.024835504227986693,0.017819273969714257,31194,530298,False," ; covariables : log_med12, share_fsup, unemp_1524, pretrend_0811, dens_inter, dens_rural (doublement robuste) ; contrôle = never_treated ; fenêtre 2008-2024 ; 18677 traitées, 12517 jamais traitées sur la fenêtre (dont 1444 traitées après 2024)",event,12517,18677,1444,0,2008,2024,2008.0,2024.0,31194.0,5.0,dr,10.0,16251.0,,,,
h1,H1,H1,"log(naissances+0,5 / 1 000 f. 15-44)","covariables, contrôle = jamais traitées",cs,-6,0.012645865484171953,0.005475460723789201,0.0019141596667815019,0.023377571301562407,0.020912926946365235,31194,530298,False," ; covariables : log_med12, share_fsup, unemp_1524, pretrend_0811, dens_inter, dens_rural (doublement robuste) ; contrôle = never_treated ; fenêtre 2008-2024 ; 18677 traitées, 12517 jamais traitées sur la fenêtre (dont 1444 traitées après 2024)",event,12517,18677,1444,0,2008,2024,2008.0,2024.0,31194.0,5.0,dr,11.0,18540.0,,,,
h1,H1,H1,"log(naissances+0,5 / 1 000 f. 15-44)","covariables, contrôle = jamais traitées",cs,-5,0.008775091633569095,0.005684908993843115,-0.002367125249751247,0.019917308516889436,0.12269097421255283,31194,530298,False," ; covariables : log_med12, share_fsup, unemp_1524, pretrend_0811, dens_inter, dens_rural (doublement robuste) ; contrôle = never_treated ; fenêtre 2008-2024 ; 18677 traitées, 12517 jamais traitées sur la fenêtre (dont 1444 traitées après 2024)",event,12517,18677,1444,0,2008,2024,2008.0,2024.0,31194.0,5.0,dr,12.0,18677.0,,,,
h1,H1,H1,"log(naissances+0,5 / 1 000 f. 15-44)","covariables, contrôle = jamais traitées",cs,-4,0.006655443186121384,0.005199897270836843,-0.0035361681880269457,0.016847054560269713,0.20057390395451602,31194,530298,False," ; covariables : log_med12, share_fsup, unemp_1524, pretrend_0811, dens_inter, dens_rural (doublement robuste) ; contrôle = never_treated ; fenêtre 2008-2024 ; 18677 traitées, 12517 jamais traitées sur la fenêtre (dont 1444 traitées après 2024)",event,12517,18677,1444,0,2008,2024,2008.0,2024.0,31194.0,5.0,dr,12.0,18677.0,,,,
h1,H1,H1,"log(naissances+0,5 / 1 000 f. 15-44)","covariables, contrôle = jamais traitées",cs,-3,0.016793799263398492,0.005280296204874385,0.006444608874141167,0.027142989652655818,0.0014703870835388513,31194,530298,False," ; covariables : log_med12, share_fsup, unemp_1524, pretrend_0811, dens_inter, dens_rural (doublement robuste) ; contrôle = never_treated ; fenêtre 2008-2024 ; 18677 traitées, 12517 jamais traitées sur la fenêtre (dont 1444 traitées après 2024)",event,12517,18677,1444,0,2008,2024,2008.0,2024.0,31194.0,5.0,dr,12.0,18677.0,,,,
h1,H1,H1,"log(naissances+0,5 / 1 000 f. 15-44)","covariables, contrôle = jamais traitées",cs,-2,0.0211089638572898,0.0068693180503191335,0.007645347880313395,0.034572579834266204,0.0021196506597096847,31194,530298,False," ; covariables : log_med12, share_fsup, unemp_1524, pretrend_0811, dens_inter, dens_rural (doublement robuste) ; contrôle = never_treated ; fenêtre 2008-2024 ; 18677 traitées, 12517 jamais traitées sur la fenêtre (dont 1444 traitées après 2024)",event,12517,18677,1444,0,2008,2024,2008.0,2024.0,31194.0,5.0,dr,12.0,18677.0,,,,
h1,H1,H1,"log(naissances+0,5 / 1 000 f. 15-44)","covariables, contrôle = jamais traitées",cs,0,0.012735167128182564,0.006701615593134134,-0.0003997580725923714,0.025870092328957497,0.05739205838819478,31194,530298,False," ; covariables : log_med12, share_fsup, unemp_1524, pretrend_0811, dens_inter, dens_rural (doublement robuste) ; contrôle = never_treated ; fenêtre 2008-2024 ; 18677 traitées, 12517 jamais traitées sur la fenêtre (dont 1444 traitées après 2024)",event,12517,18677,1444,0,2008,2024,2008.0,2024.0,31194.0,5.0,dr,12.0,18677.0,,,,
h1,H1,H1,"log(naissances+0,5 / 1 000 f. 15-44)","covariables, contrôle = jamais traitées",cs,1,0.007701252413486236,0.005846835476313182,-0.003758334543618693,0.019160839370591164,0.18778301560036315,31194,530298,False," ; covariables : log_med12, share_fsup, unemp_1524, pretrend_0811, dens_inter, dens_rural (doublement robuste) ; contrôle = never_treated ; fenêtre 2008-2024 ; 18677 traitées, 12517 jamais traitées sur la fenêtre (dont 1444 traitées après 2024)",event,12517,18677,1444,0,2008,2024,2008.0,2024.0,31194.0,5.0,dr,11.0,17914.0,,,,
h1,H1,H1,"log(naissances+0,5 / 1 000 f. 15-44)","covariables, contrôle = jamais traitées",cs,2,0.009574012123193306,0.005691378290450567,-0.0015808843484829485,0.02072890859486956,0.0925308964531405,31194,530298,False," ; covariables : log_med12, share_fsup, unemp_1524, pretrend_0811, dens_inter, dens_rural (doublement robuste) ; contrôle = never_treated ; fenêtre 2008-2024 ; 18677 traitées, 12517 jamais traitées sur la fenêtre (dont 1444 traitées après 2024)",event,12517,18677,1444,0,2008,2024,2008.0,2024.0,31194.0,5.0,dr,10.0,16823.0,,,,
h1,H1,H1,"log(naissances+0,5 / 1 000 f. 15-44)","covariables, contrôle = jamais traitées",cs,3,-0.0017845666412202275,0.006179879661958955,-0.013896908207451342,0.010327774925010887,0.7727570453935235,31194,530298,False," ; covariables : log_med12, share_fsup, unemp_1524, pretrend_0811, dens_inter, dens_rural (doublement robuste) ; contrôle = never_treated ; fenêtre 2008-2024 ; 18677 traitées, 12517 jamais traitées sur la fenêtre (dont 1444 traitées après 2024)",event,12517,18677,1444,0,2008,2024,2008.0,2024.0,31194.0,5.0,dr,9.0,15581.0,,,,
h1,H1,H1,"log(naissances+0,5 / 1 000 f. 15-44)","covariables, contrôle = jamais traitées",cs,4,-0.006448381812453065,0.006663520274835758,-0.019508641561383596,0.0066118779364774645,0.3331872277426806,31194,530298,False," ; covariables : log_med12, share_fsup, unemp_1524, pretrend_0811, dens_inter, dens_rural (doublement robuste) ; contrôle = never_treated ; fenêtre 2008-2024 ; 18677 traitées, 12517 jamais traitées sur la fenêtre (dont 1444 traitées après 2024)",event,12517,18677,1444,0,2008,2024,2008.0,2024.0,31194.0,5.0,dr,8.0,13619.0,,,,
h1,H1,H1,"log(naissances+0,5 / 1 000 f. 15-44)","covariables, contrôle = jamais traitées",cs,5,-0.0016454719923550726,0.008146702544479623,-0.01761271557229595,0.014321771587585807,0.8399322624794534,31194,530298,False," ; covariables : log_med12, share_fsup, unemp_1524, pretrend_0811, dens_inter, dens_rural (doublement robuste) ; contrôle = never_treated ; fenêtre 2008-2024 ; 18677 traitées, 12517 jamais traitées sur la fenêtre (dont 1444 traitées après 2024)",event,12517,18677,1444,0,2008,2024,2008.0,2024.0,31194.0,5.0,dr,7.0,13180.0,,,,
h1,H1,H1,"log(naissances+0,5 / 1 000 f. 15-44)","covariables, contrôle = jamais traitées",cs,6,-0.011313018372778991,0.008170578657834927,-0.027327058274987062,0.004701021529429078,0.16617349480898813,31194,530298,False," ; covariables : log_med12, share_fsup, unemp_1524, pretrend_0811, dens_inter, dens_rural (doublement robuste) ; contrôle = never_treated ; fenêtre 2008-2024 ; 18677 traitées, 12517 jamais traitées sur la fenêtre (dont 1444 traitées après 2024)",event,12517,18677,1444,0,2008,2024,2008.0,2024.0,31194.0,5.0,dr,6.0,11141.0,,,,
h1,H1,H1,"log(naissances+0,5 / 1 000 f. 15-44)","covariables, contrôle = jamais traitées",cs,7,-0.0025180382841758792,0.009518845639207515,-0.02117463291141876,0.016138556343066997,0.7913700904581412,31194,530298,False," ; covariables : log_med12, share_fsup, unemp_1524, pretrend_0811, dens_inter, dens_rural (doublement robuste) ; contrôle = never_treated ; fenêtre 2008-2024 ; 18677 traitées, 12517 jamais traitées sur la fenêtre (dont 1444 traitées après 2024)",event,12517,18677,1444,0,2008,2024,2008.0,2024.0,31194.0,5.0,dr,5.0,8583.0,,,,
h1,H1,H1,"log(naissances+0,5 / 1 000 f. 15-44)","covariables, contrôle = jamais traitées",cs,8,-0.009974214105123775,0.011724123616413272,-0.03295307414358928,0.01300464593334173,0.3949122255921711,31194,530298,False," ; covariables : log_med12, share_fsup, unemp_1524, pretrend_0811, dens_inter, dens_rural (doublement robuste) ; contrôle = never_treated ; fenêtre 2008-2024 ; 18677 traitées, 12517 jamais traitées sur la fenêtre (dont 1444 traitées après 2024)",event,12517,18677,1444,0,2008,2024,2008.0,2024.0,31194.0,5.0,dr,4.0,5847.0,,,,
h1,H1,H1,"log(naissances+0,5 / 1 000 f. 15-44)","covariables, contrôle = jamais traitées",cs,"ATT[1,5]",0.0014793688181302357,0.005063961376458874,-0.008445813098831035,0.011404550735091506,0.7701821296622096,31194,530298,False," ; covariables : log_med12, share_fsup, unemp_1524, pretrend_0811, dens_inter, dens_rural (doublement robuste) ; contrôle = never_treated ; fenêtre 2008-2024 ; 18677 traitées, 12517 jamais traitées sur la fenêtre (dont 1444 traitées après 2024) ; écart-type avec covariance complète des coefficients (fonctions d'influence)",post_avg,12517,18677,1444,0,2008,2024,2008.0,2024.0,31194.0,5.0,dr,,,,,5.0,
h1,H1,H1,"log(naissances+0,5 / 1 000 f. 15-44)","covariables, contrôle = jamais traitées",cs,ATT,0.0008124219012203911,0.005526317132448929,-0.010018960645526178,0.01164380444796696,0.8831244100822511,31194,530298,False," ; covariables : log_med12, share_fsup, unemp_1524, pretrend_0811, dens_inter, dens_rural (doublement robuste) ; contrôle = never_treated ; fenêtre 2008-2024 ; 18677 traitées, 12517 jamais traitées sur la fenêtre (dont 1444 traitées après 2024) ; moyenne de tous les ATT(g,t) post",simple,12517,18677,1444,0,2008,2024,2008.0,2024.0,31194.0,5.0,dr,,,,,,
h1,H1,H1,"log(naissances+0,5 / 1 000 f. 15-44)","covariables, contrôle = jamais traitées",cs,Wald pré (-8..-2),17.299409806170516,,,,0.015564268562751614,31194,530298,False,"H5c : test de Wald joint de nullité des coefficients pré avec covariance des fonctions d'influence, df = 7 ; fenêtre 2008-2024 ; 18677 traitées, 12517 jamais traitées sur la fenêtre (dont 1444 traitées après 2024)",pre_test,12517,18677,1444,0,2008,2024,2008.0,2024.0,31194.0,5.0,dr,,,,,,7.0
h1,H1,H1,"log(naissances+0,5 / 1 000 f. 15-44)","communes avec covariables, régression de résultat seule (est_method = reg)",cs,-8,0.01317672656944698,0.0059208808139152545,0.0015720134174188796,0.024781439721475083,0.026049884745456726,31194,530298,True,"complément A2 : sensibilité à la composante IPW de l'estimateur doublement robuste ; covariables : log_med12, share_fsup, unemp_1524, pretrend_0811, dens_inter, dens_rural (régression de résultat seule) ; contrôle = not_yet_treated ; fenêtre 2008-2024 ; 18677 traitées, 12517 jamais traitées sur la fenêtre (dont 1444 traitées après 2024)",event,12517,18677,1444,0,2008,2024,2008.0,2024.0,31194.0,5.0,reg,9.0,14988.0,,,,
h1,H1,H1,"log(naissances+0,5 / 1 000 f. 15-44)","communes avec covariables, régression de résultat seule (est_method = reg)",cs,-7,0.011240744046782103,0.005477574649422924,0.0005048950112835592,0.021976593082280647,0.04015616485163942,31194,530298,True,"complément A2 : sensibilité à la composante IPW de l'estimateur doublement robuste ; covariables : log_med12, share_fsup, unemp_1524, pretrend_0811, dens_inter, dens_rural (régression de résultat seule) ; contrôle = not_yet_treated ; fenêtre 2008-2024 ; 18677 traitées, 12517 jamais traitées sur la fenêtre (dont 1444 traitées après 2024)",event,12517,18677,1444,0,2008,2024,2008.0,2024.0,31194.0,5.0,reg,10.0,16251.0,,,,
h1,H1,H1,"log(naissances+0,5 / 1 000 f. 15-44)","communes avec covariables, régression de résultat seule (est_method = reg)",cs,-6,0.007381370244207472,0.0049198778863579805,-0.0022614132213892146,0.01702415370980416,0.13353263347849634,31194,530298,True,"complément A2 : sensibilité à la composante IPW de l'estimateur doublement robuste ; covariables : log_med12, share_fsup, unemp_1524, pretrend_0811, dens_inter, dens_rural (régression de résultat seule) ; contrôle = not_yet_treated ; fenêtre 2008-2024 ; 18677 traitées, 12517 jamais traitées sur la fenêtre (dont 1444 traitées après 2024)",event,12517,18677,1444,0,2008,2024,2008.0,2024.0,31194.0,5.0,reg,11.0,18540.0,,,,
h1,H1,H1,"log(naissances+0,5 / 1 000 f. 15-44)","communes avec covariables, régression de résultat seule (est_method = reg)",cs,-5,0.006102677176610041,0.004907632934355182,-0.00351610662406874,0.015721460977288822,0.21368096782360346,31194,530298,True,"complément A2 : sensibilité à la composante IPW de l'estimateur doublement robuste ; covariables : log_med12, share_fsup, unemp_1524, pretrend_0811, dens_inter, dens_rural (régression de résultat seule) ; contrôle = not_yet_treated ; fenêtre 2008-2024 ; 18677 traitées, 12517 jamais traitées sur la fenêtre (dont 1444 traitées après 2024)",event,12517,18677,1444,0,2008,2024,2008.0,2024.0,31194.0,5.0,reg,12.0,18677.0,,,,
h1,H1,H1,"log(naissances+0,5 / 1 000 f. 15-44)","communes avec covariables, régression de résultat seule (est_method = reg)",cs,-4,0.005719975090241825,0.004869431994062869,-0.003823936243288457,0.015263886423772107,0.24012681457746476,31194,530298,True,"complément A2 : sensibilité à la composante IPW de l'estimateur doublement robuste ; covariables : log_med12, share_fsup, unemp_1524, pretrend_0811, dens_inter, dens_rural (régression de résultat seule) ; contrôle = not_yet_treated ; fenêtre 2008-2024 ; 18677 traitées, 12517 jamais traitées sur la fenêtre (dont 1444 traitées après 2024)",event,12517,18677,1444,0,2008,2024,2008.0,2024.0,31194.0,5.0,reg,12.0,18677.0,,,,
h1,H1,H1,"log(naissances+0,5 / 1 000 f. 15-44)","communes avec covariables, régression de résultat seule (est_method = reg)",cs,-3,0.012601105561663587,0.00483498109945881,0.003124716740792446,0.02207749438253473,0.009154315503531034,31194,530298,True,"complément A2 : sensibilité à la composante IPW de l'estimateur doublement robuste ; covariables : log_med12, share_fsup, unemp_1524, pretrend_0811, dens_inter, dens_rural (régression de résultat seule) ; contrôle = not_yet_treated ; fenêtre 2008-2024 ; 18677 traitées, 12517 jamais traitées sur la fenêtre (dont 1444 traitées après 2024)",event,12517,18677,1444,0,2008,2024,2008.0,2024.0,31194.0,5.0,reg,12.0,18677.0,,,,
h1,H1,H1,"log(naissances+0,5 / 1 000 f. 15-44)","communes avec covariables, régression de résultat seule (est_method = reg)",cs,-2,0.012073251882049057,0.004945516672062326,0.002380217319864512,0.021766286444233604,0.014636442183896509,31194,530298,True,"complément A2 : sensibilité à la composante IPW de l'estimateur doublement robuste ; covariables : log_med12, share_fsup, unemp_1524, pretrend_0811, dens_inter, dens_rural (régression de résultat seule) ; contrôle = not_yet_treated ; fenêtre 2008-2024 ; 18677 traitées, 12517 jamais traitées sur la fenêtre (dont 1444 traitées après 2024)",event,12517,18677,1444,0,2008,2024,2008.0,2024.0,31194.0,5.0,reg,12.0,18677.0,,,,
h1,H1,H1,"log(naissances+0,5 / 1 000 f. 15-44)","communes avec covariables, régression de résultat seule (est_method = reg)",cs,0,0.008370209158147325,0.004962550123051703,-0.0013562103545088269,0.01809662867080348,0.09166586450411199,31194,530298,True,"complément A2 : sensibilité à la composante IPW de l'estimateur doublement robuste ; covariables : log_med12, share_fsup, unemp_1524, pretrend_0811, dens_inter, dens_rural (régression de résultat seule) ; contrôle = not_yet_treated ; fenêtre 2008-2024 ; 18677 traitées, 12517 jamais traitées sur la fenêtre (dont 1444 traitées après 2024)",event,12517,18677,1444,0,2008,2024,2008.0,2024.0,31194.0,5.0,reg,12.0,18677.0,,,,
h1,H1,H1,"log(naissances+0,5 / 1 000 f. 15-44)","communes avec covariables, régression de résultat seule (est_method = reg)",cs,1,0.005850584085155601,0.005058858864247101,-0.00406459709163992,0.01576576526195112,0.24747558372180345,31194,530298,True,"complément A2 : sensibilité à la composante IPW de l'estimateur doublement robuste ; covariables : log_med12, share_fsup, unemp_1524, pretrend_0811, dens_inter, dens_rural (régression de résultat seule) ; contrôle = not_yet_treated ; fenêtre 2008-2024 ; 18677 traitées, 12517 jamais traitées sur la fenêtre (dont 1444 traitées après 2024)",event,12517,18677,1444,0,2008,2024,2008.0,2024.0,31194.0,5.0,reg,11.0,17914.0,,,,
h1,H1,H1,"log(naissances+0,5 / 1 000 f. 15-44)","communes avec covariables, régression de résultat seule (est_method = reg)",cs,2,0.010171094222760718,0.005368161957731319,-0.00035030987757069497,0.020692498323092133,0.05813122530326671,31194,530298,True,"complément A2 : sensibilité à la composante IPW de l'estimateur doublement robuste ; covariables : log_med12, share_fsup, unemp_1524, pretrend_0811, dens_inter, dens_rural (régression de résultat seule) ; contrôle = not_yet_treated ; fenêtre 2008-2024 ; 18677 traitées, 12517 jamais traitées sur la fenêtre (dont 1444 traitées après 2024)",event,12517,18677,1444,0,2008,2024,2008.0,2024.0,31194.0,5.0,reg,10.0,16823.0,,,,
h1,H1,H1,"log(naissances+0,5 / 1 000 f. 15-44)","communes avec covariables, régression de résultat seule (est_method = reg)",cs,3,-0.0013645110805787246,0.0058236400817392965,-0.012778635899711642,0.010049613738554192,0.8147477924603617,31194,530298,True,"complément A2 : sensibilité à la composante IPW de l'estimateur doublement robuste ; covariables : log_med12, share_fsup, unemp_1524, pretrend_0811, dens_inter, dens_rural (régression de résultat seule) ; contrôle = not_yet_treated ; fenêtre 2008-2024 ; 18677 traitées, 12517 jamais traitées sur la fenêtre (dont 1444 traitées après 2024)",event,12517,18677,1444,0,2008,2024,2008.0,2024.0,31194.0,5.0,reg,9.0,15581.0,,,,
h1,H1,H1,"log(naissances+0,5 / 1 000 f. 15-44)","communes avec covariables, régression de résultat seule (est_method = reg)",cs,4,-0.005127698266897709,0.006091549975049932,-0.01706691682802144,0.0068115202942260235,0.39991539819222455,31194,530298,True,"complément A2 : sensibilité à la composante IPW de l'estimateur doublement robuste ; covariables : log_med12, share_fsup, unemp_1524, pretrend_0811, dens_inter, dens_rural (régression de résultat seule) ; contrôle = not_yet_treated ; fenêtre 2008-2024 ; 18677 traitées, 12517 jamais traitées sur la fenêtre (dont 1444 traitées après 2024)",event,12517,18677,1444,0,2008,2024,2008.0,2024.0,31194.0,5.0,reg,8.0,13619.0,,,,
h1,H1,H1,"log(naissances+0,5 / 1 000 f. 15-44)","communes avec covariables, régression de résultat seule (est_method = reg)",cs,5,-6.719177472221615e-05,0.007317617035899572,-0.01440945761774212,0.014275074068297687,0.9926737726149669,31194,530298,True,"complément A2 : sensibilité à la composante IPW de l'estimateur doublement robuste ; covariables : log_med12, share_fsup, unemp_1524, pretrend_0811, dens_inter, dens_rural (régression de résultat seule) ; contrôle = not_yet_treated ; fenêtre 2008-2024 ; 18677 traitées, 12517 jamais traitées sur la fenêtre (dont 1444 traitées après 2024)",event,12517,18677,1444,0,2008,2024,2008.0,2024.0,31194.0,5.0,reg,7.0,13180.0,,,,
h1,H1,H1,"log(naissances+0,5 / 1 000 f. 15-44)","communes avec covariables, régression de résultat seule (est_method = reg)",cs,6,-0.008305868756297845,0.007653490766891547,-0.023306435015415114,0.0066946975028194244,0.2778156941958916,31194,530298,True,"complément A2 : sensibilité à la composante IPW de l'estimateur doublement robuste ; covariables : log_med12, share_fsup, unemp_1524, pretrend_0811, dens_inter, dens_rural (régression de résultat seule) ; contrôle = not_yet_treated ; fenêtre 2008-2024 ; 18677 traitées, 12517 jamais traitées sur la fenêtre (dont 1444 traitées après 2024)",event,12517,18677,1444,0,2008,2024,2008.0,2024.0,31194.0,5.0,reg,6.0,11141.0,,,,
h1,H1,H1,"log(naissances+0,5 / 1 000 f. 15-44)","communes avec covariables, régression de résultat seule (est_method = reg)",cs,7,0.0006988596104979526,0.008493880276887952,-0.015948839821197536,0.017346559042193444,0.934425636467313,31194,530298,True,"complément A2 : sensibilité à la composante IPW de l'estimateur doublement robuste ; covariables : log_med12, share_fsup, unemp_1524, pretrend_0811, dens_inter, dens_rural (régression de résultat seule) ; contrôle = not_yet_treated ; fenêtre 2008-2024 ; 18677 traitées, 12517 jamais traitées sur la fenêtre (dont 1444 traitées après 2024)",event,12517,18677,1444,0,2008,2024,2008.0,2024.0,31194.0,5.0,reg,5.0,8583.0,,,,
h1,H1,H1,"log(naissances+0,5 / 1 000 f. 15-44)","communes avec covariables, régression de résultat seule (est_method = reg)",cs,8,-0.009604516417992027,0.011211441099238504,-0.031578537187291644,0.012369504351307594,0.3916267367164624,31194,530298,True,"complément A2 : sensibilité à la composante IPW de l'estimateur doublement robuste ; covariables : log_med12, share_fsup, unemp_1524, pretrend_0811, dens_inter, dens_rural (régression de résultat seule) ; contrôle = not_yet_treated ; fenêtre 2008-2024 ; 18677 traitées, 12517 jamais traitées sur la fenêtre (dont 1444 traitées après 2024)",event,12517,18677,1444,0,2008,2024,2008.0,2024.0,31194.0,5.0,reg,4.0,5847.0,,,,
h1,H1,H1,"log(naissances+0,5 / 1 000 f. 15-44)","communes avec covariables, régression de résultat seule (est_method = reg)",cs,"ATT[1,5]",0.001892455437143534,0.004593742536288478,-0.0071111144882315645,0.010896025362518633,0.6803659876075479,31194,530298,True,"complément A2 : sensibilité à la composante IPW de l'estimateur doublement robuste ; covariables : log_med12, share_fsup, unemp_1524, pretrend_0811, dens_inter, dens_rural (régression de résultat seule) ; contrôle = not_yet_treated ; fenêtre 2008-2024 ; 18677 traitées, 12517 jamais traitées sur la fenêtre (dont 1444 traitées après 2024) ; écart-type avec covariance complète des coefficients (fonctions d'influence)",post_avg,12517,18677,1444,0,2008,2024,2008.0,2024.0,31194.0,5.0,reg,,,,,5.0,
h1,H1,H1,"log(naissances+0,5 / 1 000 f. 15-44)","communes avec covariables, régression de résultat seule (est_method = reg)",cs,ATT,0.0009574567698904403,0.004754093123045831,-0.008360394530428937,0.010275308070209817,0.8403887072836246,31194,530298,True,"complément A2 : sensibilité à la composante IPW de l'estimateur doublement robuste ; covariables : log_med12, share_fsup, unemp_1524, pretrend_0811, dens_inter, dens_rural (régression de résultat seule) ; contrôle = not_yet_treated ; fenêtre 2008-2024 ; 18677 traitées, 12517 jamais traitées sur la fenêtre (dont 1444 traitées après 2024) ; moyenne de tous les ATT(g,t) post",simple,12517,18677,1444,0,2008,2024,2008.0,2024.0,31194.0,5.0,reg,,,,,,
h1,H1,H1,"log(naissances+0,5 / 1 000 f. 15-44)","communes avec covariables, régression de résultat seule (est_method = reg)",cs,Wald pré (-8..-2),10.792447946573562,,,,0.147932063003809,31194,530298,True,"H5c : test de Wald joint de nullité des coefficients pré avec covariance des fonctions d'influence, df = 7 ; fenêtre 2008-2024 ; 18677 traitées, 12517 jamais traitées sur la fenêtre (dont 1444 traitées après 2024)",pre_test,12517,18677,1444,0,2008,2024,2008.0,2024.0,31194.0,5.0,reg,,,,,,7.0
h1,H1,H1,naissances / 1 000 f. 15-44 (taux brut),communes avec covariables,cs,-8,0.6713254909170425,0.3881795186055018,-0.0894923850858369,1.432143366919922,0.0837339218106681,31194,530298,False," ; covariables : log_med12, share_fsup, unemp_1524, pretrend_0811, dens_inter, dens_rural (doublement robuste) ; contrôle = not_yet_treated ; fenêtre 2008-2024 ; 18677 traitées, 12517 jamais traitées sur la fenêtre (dont 1444 traitées après 2024)",event,12517,18677,1444,0,2008,2024,2008.0,2024.0,31194.0,5.0,dr,9.0,14988.0,,,,
h1,H1,H1,naissances / 1 000 f. 15-44 (taux brut),communes avec covariables,cs,-7,0.5097821432660788,0.35522773171837846,-0.18645141721179959,1.2060157037439572,0.1512627539752055,31194,530298,False," ; covariables : log_med12, share_fsup, unemp_1524, pretrend_0811, dens_inter, dens_rural (doublement robuste) ; contrôle = not_yet_treated ; fenêtre 2008-2024 ; 18677 traitées, 12517 jamais traitées sur la fenêtre (dont 1444 traitées après 2024)",event,12517,18677,1444,0,2008,2024,2008.0,2024.0,31194.0,5.0,dr,10.0,16251.0,,,,
h1,H1,H1,naissances / 1 000 f. 15-44 (taux brut),communes avec covariables,cs,-6,0.3124463051499945,0.3145302169137737,-0.3040215920505729,0.9289142023505619,0.3205274710228956,31194,530298,False," ; covariables : log_med12, share_fsup, unemp_1524, pretrend_0811, dens_inter, dens_rural (doublement robuste) ; contrôle = not_yet_treated ; fenêtre 2008-2024 ; 18677 traitées, 12517 jamais traitées sur la fenêtre (dont 1444 traitées après 2024)",event,12517,18677,1444,0,2008,2024,2008.0,2024.0,31194.0,5.0,dr,11.0,18540.0,,,,
h1,H1,H1,naissances / 1 000 f. 15-44 (taux brut),communes avec covariables,cs,-5,0.18054850882012866,0.31111914117956435,-0.42923380279284995,0.7903308204331072,0.5616991703075584,31194,530298,False," ; covariables : log_med12, share_fsup, unemp_1524, pretrend_0811, dens_inter, dens_rural (doublement robuste) ; contrôle = not_yet_treated ; fenêtre 2008-2024 ; 18677 traitées, 12517 jamais traitées sur la fenêtre (dont 1444 traitées après 2024)",event,12517,18677,1444,0,2008,2024,2008.0,2024.0,31194.0,5.0,dr,12.0,18677.0,,,,
h1,H1,H1,naissances / 1 000 f. 15-44 (taux brut),communes avec covariables,cs,-4,0.28138135379296125,0.3044012712342936,-0.3152341746744626,0.8779968822603851,0.35529037329769786,31194,530298,False," ; covariables : log_med12, share_fsup, unemp_1524, pretrend_0811, dens_inter, dens_rural (doublement robuste) ; contrôle = not_yet_treated ; fenêtre 2008-2024 ; 18677 traitées, 12517 jamais traitées sur la fenêtre (dont 1444 traitées après 2024)",event,12517,18677,1444,0,2008,2024,2008.0,2024.0,31194.0,5.0,dr,12.0,18677.0,,,,
h1,H1,H1,naissances / 1 000 f. 15-44 (taux brut),communes avec covariables,cs,-3,0.7629372499169885,0.3048947383093955,0.16535454375480862,1.3605199560791683,0.012339029509586881,31194,530298,False," ; covariables : log_med12, share_fsup, unemp_1524, pretrend_0811, dens_inter, dens_rural (doublement robuste) ; contrôle = not_yet_treated ; fenêtre 2008-2024 ; 18677 traitées, 12517 jamais traitées sur la fenêtre (dont 1444 traitées après 2024)",event,12517,18677,1444,0,2008,2024,2008.0,2024.0,31194.0,5.0,dr,12.0,18677.0,,,,
h1,H1,H1,naissances / 1 000 f. 15-44 (taux brut),communes avec covariables,cs,-2,0.9346694943987397,0.3103133637114633,0.3264664776027931,1.5428725111946862,0.0025951705079515367,31194,530298,False," ; covariables : log_med12, share_fsup, unemp_1524, pretrend_0811, dens_inter, dens_rural (doublement robuste) ; contrôle = not_yet_treated ; fenêtre 2008-2024 ; 18677 traitées, 12517 jamais traitées sur la fenêtre (dont 1444 traitées après 2024)",event,12517,18677,1444,0,2008,2024,2008.0,2024.0,31194.0,5.0,dr,12.0,18677.0,,,,
h1,H1,H1,naissances / 1 000 f. 15-44 (taux brut),communes avec covariables,cs,0,0.6901587134069314,0.31352122904038876,0.07566839609903608,1.3046490307148266,0.027713792826985377,31194,530298,False," ; covariables : log_med12, share_fsup, unemp_1524, pretrend_0811, dens_inter, dens_rural (doublement robuste) ; contrôle = not_yet_treated ; fenêtre 2008-2024 ; 18677 traitées, 12517 jamais traitées sur la fenêtre (dont 1444 traitées après 2024)",event,12517,18677,1444,0,2008,2024,2008.0,2024.0,31194.0,5.0,dr,12.0,18677.0,,,,
h1,H1,H1,naissances / 1 000 f. 15-44 (taux brut),communes avec covariables,cs,1,0.6048192795010332,0.32000923400057996,-0.022387293860353985,1.2320258528624204,0.05875719642242936,31194,530298,False," ; covariables : log_med12, share_fsup, unemp_1524, pretrend_0811, dens_inter, dens_rural (doublement robuste) ; contrôle = not_yet_treated ; fenêtre 2008-2024 ; 18677 traitées, 12517 jamais traitées sur la fenêtre (dont 1444 traitées après 2024)",event,12517,18677,1444,0,2008,2024,2008.0,2024.0,31194.0,5.0,dr,11.0,17914.0,,,,
h1,H1,H1,naissances / 1 000 f. 15-44 (taux brut),communes avec covariables,cs,2,0.9379418855070467,0.3292143058320645,0.2926937028808456,1.5831900681332478,0.004385255607481355,31194,530298,False," ; covariables : log_med12, share_fsup, unemp_1524, pretrend_0811, dens_inter, dens_rural (doublement robuste) ; contrôle = not_yet_treated ; fenêtre 2008-2024 ; 18677 traitées, 12517 jamais traitées sur la fenêtre (dont 1444 traitées après 2024)",event,12517,18677,1444,0,2008,2024,2008.0,2024.0,31194.0,5.0,dr,10.0,16823.0,,,,
h1,H1,H1,naissances / 1 000 f. 15-44 (taux brut),communes avec covariables,cs,3,0.2188864135840795,0.3650501331552926,-0.4965986999518451,0.9343715271200042,0.5487685490611283,31194,530298,False," ; covariables : log_med12, share_fsup, unemp_1524, pretrend_0811, dens_inter, dens_rural (doublement robuste) ; contrôle = not_yet_treated ; fenêtre 2008-2024 ; 18677 traitées, 12517 jamais traitées sur la fenêtre (dont 1444 traitées après 2024)",event,12517,18677,1444,0,2008,2024,2008.0,2024.0,31194.0,5.0,dr,9.0,15581.0,,,,
h1,H1,H1,naissances / 1 000 f. 15-44 (taux brut),communes avec covariables,cs,4,0.11826951762234436,0.36798877777908423,-0.602975233539574,0.8395142687842628,0.7479115568723448,31194,530298,False," ; covariables : log_med12, share_fsup, unemp_1524, pretrend_0811, dens_inter, dens_rural (doublement robuste) ; contrôle = not_yet_treated ; fenêtre 2008-2024 ; 18677 traitées, 12517 jamais traitées sur la fenêtre (dont 1444 traitées après 2024)",event,12517,18677,1444,0,2008,2024,2008.0,2024.0,31194.0,5.0,dr,8.0,13619.0,,,,
h1,H1,H1,naissances / 1 000 f. 15-44 (taux brut),communes avec covariables,cs,5,0.27877972393344663,0.43425516231629574,-0.5723447543070883,1.1299042021739816,0.5208912603515208,31194,530298,False," ; covariables : log_med12, share_fsup, unemp_1524, pretrend_0811, dens_inter, dens_rural (doublement robuste) ; contrôle = not_yet_treated ; fenêtre 2008-2024 ; 18677 traitées, 12517 jamais traitées sur la fenêtre (dont 1444 traitées après 2024)",event,12517,18677,1444,0,2008,2024,2008.0,2024.0,31194.0,5.0,dr,7.0,13180.0,,,,
h1,H1,H1,naissances / 1 000 f. 15-44 (taux brut),communes avec covariables,cs,6,0.16842783252396865,0.4420333343201807,-0.6979415827097386,1.034797247757676,0.7031812042003553,31194,530298,False," ; covariables : log_med12, share_fsup, unemp_1524, pretrend_0811, dens_inter, dens_rural (doublement robuste) ; contrôle = not_yet_treated ; fenêtre 2008-2024 ; 18677 traitées, 12517 jamais traitées sur la fenêtre (dont 1444 traitées après 2024)",event,12517,18677,1444,0,2008,2024,2008.0,2024.0,31194.0,5.0,dr,6.0,11141.0,,,,
h1,H1,H1,naissances / 1 000 f. 15-44 (taux brut),communes avec covariables,cs,7,0.564408219736742,0.49744329750197874,-0.41056272771797975,1.5393791671914638,0.25653532334349194,31194,530298,False," ; covariables : log_med12, share_fsup, unemp_1524, pretrend_0811, dens_inter, dens_rural (doublement robuste) ; contrôle = not_yet_treated ; fenêtre 2008-2024 ; 18677 traitées, 12517 jamais traitées sur la fenêtre (dont 1444 traitées après 2024)",event,12517,18677,1444,0,2008,2024,2008.0,2024.0,31194.0,5.0,dr,5.0,8583.0,,,,
h1,H1,H1,naissances / 1 000 f. 15-44 (taux brut),communes avec covariables,cs,8,0.11039341578904566,0.6397479497730446,-1.1434895249494612,1.3642763565275524,0.862999126885349,31194,530298,False," ; covariables : log_med12, share_fsup, unemp_1524, pretrend_0811, dens_inter, dens_rural (doublement robuste) ; contrôle = not_yet_treated ; fenêtre 2008-2024 ; 18677 traitées, 12517 jamais traitées sur la fenêtre (dont 1444 traitées après 2024)",event,12517,18677,1444,0,2008,2024,2008.0,2024.0,31194.0,5.0,dr,4.0,5847.0,,,,
h1,H1,H1,naissances / 1 000 f. 15-44 (taux brut),communes avec covariables,cs,"ATT[1,5]",0.4317393640295901,0.2801398098905126,-0.11732457399171226,0.9808033020508925,0.12327863639342881,31194,530298,False," ; covariables : log_med12, share_fsup, unemp_1524, pretrend_0811, dens_inter, dens_rural (doublement robuste) ; contrôle = not_yet_treated ; fenêtre 2008-2024 ; 18677 traitées, 12517 jamais traitées sur la fenêtre (dont 1444 traitées après 2024) ; écart-type avec covariance complète des coefficients (fonctions d'influence)",post_avg,12517,18677,1444,0,2008,2024,2008.0,2024.0,31194.0,5.0,dr,,,,,5.0,
h1,H1,H1,naissances / 1 000 f. 15-44 (taux brut),communes avec covariables,cs,ATT,0.40893998685222843,0.2857917584032652,-0.15120156669654372,0.9690815404010006,0.1524583156541093,31194,530298,False," ; covariables : log_med12, share_fsup, unemp_1524, pretrend_0811, dens_inter, dens_rural (doublement robuste) ; contrôle = not_yet_treated ; fenêtre 2008-2024 ; 18677 traitées, 12517 jamais traitées sur la fenêtre (dont 1444 traitées après 2024) ; moyenne de tous les ATT(g,t) post",simple,12517,18677,1444,0,2008,2024,2008.0,2024.0,31194.0,5.0,dr,,,,,,
h1,H1,H1,naissances / 1 000 f. 15-44 (taux brut),communes avec covariables,cs,Wald pré (-8..-2),14.478815760396934,,,,0.04329176592177072,31194,530298,False,"H5c : test de Wald joint de nullité des coefficients pré avec covariance des fonctions d'influence, df = 7 ; fenêtre 2008-2024 ; 18677 traitées, 12517 jamais traitées sur la fenêtre (dont 1444 traitées après 2024)",pre_test,12517,18677,1444,0,2008,2024,2008.0,2024.0,31194.0,5.0,dr,,,,,,7.0
h1,H1,H1,asinh(taux),communes avec covariables,cs,-8,-0.03605134133727244,0.013518063734873584,-0.06254625939834167,-0.009556423276203204,0.007655415743618969,31194,530298,False," ; covariables : log_med12, share_fsup, unemp_1524, pretrend_0811, dens_inter, dens_rural (doublement robuste) ; contrôle = not_yet_treated ; fenêtre 2008-2024 ; 18677 traitées, 12517 jamais traitées sur la fenêtre (dont 1444 traitées après 2024)",event,12517,18677,1444,0,2008,2024,2008.0,2024.0,31194.0,5.0,dr,9.0,14988.0,,,,
h1,H1,H1,asinh(taux),communes avec covariables,cs,-7,-0.023225598046295873,0.012525916846607013,-0.047775943938989145,0.0013247478463973977,0.06371006082225866,31194,530298,False," ; covariables : log_med12, share_fsup, unemp_1524, pretrend_0811, dens_inter, dens_rural (doublement robuste) ; contrôle = not_yet_treated ; fenêtre 2008-2024 ; 18677 traitées, 12517 jamais traitées sur la fenêtre (dont 1444 traitées après 2024)",event,12517,18677,1444,0,2008,2024,2008.0,2024.0,31194.0,5.0,dr,10.0,16251.0,,,,
h1,H1,H1,asinh(taux),communes avec covariables,cs,-6,-0.028474149544485558,0.011098614716402076,-0.050227034666919856,-0.006721264422051263,0.010300973660910354,31194,530298,False," ; covariables : log_med12, share_fsup, unemp_1524, pretrend_0811, dens_inter, dens_rural (doublement robuste) ; contrôle = not_yet_treated ; fenêtre 2008-2024 ; 18677 traitées, 12517 jamais traitées sur la fenêtre (dont 1444 traitées après 2024)",event,12517,18677,1444,0,2008,2024,2008.0,2024.0,31194.0,5.0,dr,11.0,18540.0,,,,
h1,H1,H1,asinh(taux),communes avec covariables,cs,-5,-0.02095833061006429,0.011151914020949739,-0.04281568044981304,0.0008990192296844564,0.060196951246841844,31194,530298,False," ; covariables : log_med12, share_fsup, unemp_1524, pretrend_0811, dens_inter, dens_rural (doublement robuste) ; contrôle = not_yet_treated ; fenêtre 2008-2024 ; 18677 traitées, 12517 jamais traitées sur la fenêtre (dont 1444 traitées après 2024)",event,12517,18677,1444,0,2008,2024,2008.0,2024.0,31194.0,5.0,dr,12.0,18677.0,,,,
h1,H1,H1,asinh(taux),communes avec covariables,cs,-4,-0.018854238031113045,0.011151957303625039,-0.04071167270334654,0.0030031966411204446,0.0909005603377584,31194,530298,False," ; covariables : log_med12, share_fsup, unemp_1524, pretrend_0811, dens_inter, dens_rural (doublement robuste) ; contrôle = not_yet_treated ; fenêtre 2008-2024 ; 18677 traitées, 12517 jamais traitées sur la fenêtre (dont 1444 traitées après 2024)",event,12517,18677,1444,0,2008,2024,2008.0,2024.0,31194.0,5.0,dr,12.0,18677.0,,,,
h1,H1,H1,asinh(taux),communes avec covariables,cs,-3,-0.004692320472306737,0.011084504905514693,-0.026417550873573087,0.017032909928959616,0.6720599709017552,31194,530298,False," ; covariables : log_med12, share_fsup, unemp_1524, pretrend_0811, dens_inter, dens_rural (doublement robuste) ; contrôle = not_yet_treated ; fenêtre 2008-2024 ; 18677 traitées, 12517 jamais traitées sur la fenêtre (dont 1444 traitées après 2024)",event,12517,18677,1444,0,2008,2024,2008.0,2024.0,31194.0,5.0,dr,12.0,18677.0,,,,
h1,H1,H1,asinh(taux),communes avec covariables,cs,-2,0.010014606345471718,0.011172763471065893,-0.011883607665602156,0.03191282035654559,0.3700706505510596,31194,530298,False," ; covariables : log_med12, share_fsup, unemp_1524, pretrend_0811, dens_inter, dens_rural (doublement robuste) ; contrôle = not_yet_treated ; fenêtre 2008-2024 ; 18677 traitées, 12517 jamais traitées sur la fenêtre (dont 1444 traitées après 2024)",event,12517,18677,1444,0,2008,2024,2008.0,2024.0,31194.0,5.0,dr,12.0,18677.0,,,,
h1,H1,H1,asinh(taux),communes avec covariables,cs,0,0.020222649605399524,0.011329228630791577,-0.0019822304835719964,0.042427529694371045,0.07426165334548357,31194,530298,False," ; covariables : log_med12, share_fsup, unemp_1524, pretrend_0811, dens_inter, dens_rural (doublement robuste) ; contrôle = not_yet_treated ; fenêtre 2008-2024 ; 18677 traitées, 12517 jamais traitées sur la fenêtre (dont 1444 traitées après 2024)",event,12517,18677,1444,0,2008,2024,2008.0,2024.0,31194.0,5.0,dr,12.0,18677.0,,,,
h1,H1,H1,asinh(taux),communes avec covariables,cs,1,0.023845831773258372,0.011510146003227091,0.001286360150135623,0.04640530339638112,0.038291300869614915,31194,530298,False," ; covariables : log_med12, share_fsup, unemp_1524, pretrend_0811, dens_inter, dens_rural (doublement robuste) ; contrôle = not_yet_treated ; fenêtre 2008-2024 ; 18677 traitées, 12517 jamais traitées sur la fenêtre (dont 1444 traitées après 2024)",event,12517,18677,1444,0,2008,2024,2008.0,2024.0,31194.0,5.0,dr,11.0,17914.0,,,,
h1,H1,H1,asinh(taux),communes avec covariables,cs,2,0.03687163748915507,0.011977340860676328,0.013396480771669491,0.060346794206640644,0.0020808088038550875,31194,530298,False," ; covariables : log_med12, share_fsup, unemp_1524, pretrend_0811, dens_inter, dens_rural (doublement robuste) ; contrôle = not_yet_treated ; fenêtre 2008-2024 ; 18677 traitées, 12517 jamais traitées sur la fenêtre (dont 1444 traitées après 2024)",event,12517,18677,1444,0,2008,2024,2008.0,2024.0,31194.0,5.0,dr,10.0,16823.0,,,,
h1,H1,H1,asinh(taux),communes avec covariables,cs,3,0.02018456508966482,0.012634163760147064,-0.004577940855004573,0.04494707103433421,0.11012805939933604,31194,530298,False," ; covariables : log_med12, share_fsup, unemp_1524, pretrend_0811, dens_inter, dens_rural (doublement robuste) ; contrôle = not_yet_treated ; fenêtre 2008-2024 ; 18677 traitées, 12517 jamais traitées sur la fenêtre (dont 1444 traitées après 2024)",event,12517,18677,1444,0,2008,2024,2008.0,2024.0,31194.0,5.0,dr,9.0,15581.0,,,,
h1,H1,H1,asinh(taux),communes avec covariables,cs,4,0.0242153548999013,0.012314965322179875,7.846639756904292e-05,0.048352243402233555,0.049259855492383466,31194,530298,False," ; covariables : log_med12, share_fsup, unemp_1524, pretrend_0811, dens_inter, dens_rural (doublement robuste) ; contrôle = not_yet_treated ; fenêtre 2008-2024 ; 18677 traitées, 12517 jamais traitées sur la fenêtre (dont 1444 traitées après 2024)",event,12517,18677,1444,0,2008,2024,2008.0,2024.0,31194.0,5.0,dr,8.0,13619.0,,,,
h1,H1,H1,asinh(taux),communes avec covariables,cs,5,0.05632226749881193,0.01367947595612494,0.02951098729742543,0.08313354770019843,3.8336597542022556e-05,31194,530298,False," ; covariables : log_med12, share_fsup, unemp_1524, pretrend_0811, dens_inter, dens_rural (doublement robuste) ; contrôle = not_yet_treated ; fenêtre 2008-2024 ; 18677 traitées, 12517 jamais traitées sur la fenêtre (dont 1444 traitées après 2024)",event,12517,18677,1444,0,2008,2024,2008.0,2024.0,31194.0,5.0,dr,7.0,13180.0,,,,
h1,H1,H1,asinh(taux),communes avec covariables,cs,6,0.05246960891372226,0.013957795962571466,0.02511283152352361,0.07982638630392092,0.00017048378120635774,31194,530298,False," ; covariables : log_med12, share_fsup, unemp_1524, pretrend_0811, dens_inter, dens_rural (doublement robuste) ; contrôle = not_yet_treated ; fenêtre 2008-2024 ; 18677 traitées, 12517 jamais traitées sur la fenêtre (dont 1444 traitées après 2024)",event,12517,18677,1444,0,2008,2024,2008.0,2024.0,31194.0,5.0,dr,6.0,11141.0,,,,
h1,H1,H1,asinh(taux),communes avec covariables,cs,7,0.08372767799327005,0.014876872533486032,0.05456954362504428,0.11288581236149582,1.8226568213084247e-08,31194,530298,False," ; covariables : log_med12, share_fsup, unemp_1524, pretrend_0811, dens_inter, dens_rural (doublement robuste) ; contrôle = not_yet_treated ; fenêtre 2008-2024 ; 18677 traitées, 12517 jamais traitées sur la fenêtre (dont 1444 traitées après 2024)",event,12517,18677,1444,0,2008,2024,2008.0,2024.0,31194.0,5.0,dr,5.0,8583.0,,,,
h1,H1,H1,asinh(taux),communes avec covariables,cs,8,0.07740241711539135,0.01742346479698153,0.04325305362740607,0.11155178060337663,8.89510818908356e-06,31194,530298,False," ; covariables : log_med12, share_fsup, unemp_1524, pretrend_0811, dens_inter, dens_rural (doublement robuste) ; contrôle = not_yet_treated ; fenêtre 2008-2024 ; 18677 traitées, 12517 jamais traitées sur la fenêtre (dont 1444 traitées après 2024)",event,12517,18677,1444,0,2008,2024,2008.0,2024.0,31194.0,5.0,dr,4.0,5847.0,,,,
h1,H1,H1,asinh(taux),communes avec covariables,cs,"ATT[1,5]",0.032287931350158304,0.009417566295481072,0.013829840588997104,0.050746022111319504,0.0006069727615806518,31194,530298,False," ; covariables : log_med12, share_fsup, unemp_1524, pretrend_0811, dens_inter, dens_rural (doublement robuste) ; contrôle = not_yet_treated ; fenêtre 2008-2024 ; 18677 traitées, 12517 jamais traitées sur la fenêtre (dont 1444 traitées après 2024) ; écart-type avec covariance complète des coefficients (fonctions d'influence)",post_avg,12517,18677,1444,0,2008,2024,2008.0,2024.0,31194.0,5.0,dr,,,,,5.0,
h1,H1,H1,asinh(taux),communes avec covariables,cs,ATT,0.03992194316214865,0.008867311884744147,0.022542331228366134,0.05730155509593117,6.72703702923286e-06,31194,530298,False," ; covariables : log_med12, share_fsup, unemp_1524, pretrend_0811, dens_inter, dens_rural (doublement robuste) ; contrôle = not_yet_treated ; fenêtre 2008-2024 ; 18677 traitées, 12517 jamais traitées sur la fenêtre (dont 1444 traitées après 2024) ; moyenne de tous les ATT(g,t) post",simple,12517,18677,1444,0,2008,2024,2008.0,2024.0,31194.0,5.0,dr,,,,,,
h1,H1,H1,asinh(taux),communes avec covariables,cs,Wald pré (-8..-2),21.42950105027193,,,,0.0031838470007653622,31194,530298,False,"H5c : test de Wald joint de nullité des coefficients pré avec covariance des fonctions d'influence, df = 7 ; fenêtre 2008-2024 ; 18677 traitées, 12517 jamais traitées sur la fenêtre (dont 1444 traitées après 2024)",pre_test,12517,18677,1444,0,2008,2024,2008.0,2024.0,31194.0,5.0,dr,,,,,,7.0
h1,H1,H1,"log(naissances+0,5 / 1 000 f. 15-44)","communes avec covariables, référence −2 (anticipation = 1)",cs,-8,0.0027907032829344127,0.005882939410523744,-0.008739646084923421,0.014321052650792246,0.635234468570913,31194,530298,True,"complément A2 : l'année −1 est partiellement exposée ; le primaire (référence −1) est une borne basse en valeur absolue si l'effet commence avec l'exposition ; covariables : log_med12, share_fsup, unemp_1524, pretrend_0811, dens_inter, dens_rural (doublement robuste) ; contrôle = not_yet_treated ; fenêtre 2008-2024 ; 18677 traitées, 12517 jamais traitées sur la fenêtre (dont 1444 traitées après 2024) ; référence −2",event,12517,18677,1444,0,2008,2024,2008.0,2024.0,31194.0,5.0,dr,9.0,14988.0,,,,
h1,H1,H1,"log(naissances+0,5 / 1 000 f. 15-44)","communes avec covariables, référence −2 (anticipation = 1)",cs,-7,0.0009657647230656906,0.005450695295793161,-0.009717401747390803,0.011648931193522182,0.859365487326208,31194,530298,True,"complément A2 : l'année −1 est partiellement exposée ; le primaire (référence −1) est une borne basse en valeur absolue si l'effet commence avec l'exposition ; covariables : log_med12, share_fsup, unemp_1524, pretrend_0811, dens_inter, dens_rural (doublement robuste) ; contrôle = not_yet_treated ; fenêtre 2008-2024 ; 18677 traitées, 12517 jamais traitées sur la fenêtre (dont 1444 traitées après 2024) ; référence −2",event,12517,18677,1444,0,2008,2024,2008.0,2024.0,31194.0,5.0,dr,10.0,16251.0,,,,
h1,H1,H1,"log(naissances+0,5 / 1 000 f. 15-44)","communes avec covariables, référence −2 (anticipation = 1)",cs,-6,-0.0042429500842825285,0.004935355504131568,-0.013916069123281923,0.005430168954716866,0.38995164654761816,31194,530298,True,"complément A2 : l'année −1 est partiellement exposée ; le primaire (référence −1) est une borne basse en valeur absolue si l'effet commence avec l'exposition ; covariables : log_med12, share_fsup, unemp_1524, pretrend_0811, dens_inter, dens_rural (doublement robuste) ; contrôle = not_yet_treated ; fenêtre 2008-2024 ; 18677 traitées, 12517 jamais traitées sur la fenêtre (dont 1444 traitées après 2024) ; référence −2",event,12517,18677,1444,0,2008,2024,2008.0,2024.0,31194.0,5.0,dr,11.0,18540.0,,,,
h1,H1,H1,"log(naissances+0,5 / 1 000 f. 15-44)","communes avec covariables, référence −2 (anticipation = 1)",cs,-5,-0.005847637928921666,0.004852169804398924,-0.015357715992416317,0.003662440134572984,0.22814178203237634,31194,530298,True,"complément A2 : l'année −1 est partiellement exposée ; le primaire (référence −1) est une borne basse en valeur absolue si l'effet commence avec l'exposition ; covariables : log_med12, share_fsup, unemp_1524, pretrend_0811, dens_inter, dens_rural (doublement robuste) ; contrôle = not_yet_treated ; fenêtre 2008-2024 ; 18677 traitées, 12517 jamais traitées sur la fenêtre (dont 1444 traitées après 2024) ; référence −2",event,12517,18677,1444,0,2008,2024,2008.0,2024.0,31194.0,5.0,dr,12.0,18677.0,,,,
h1,H1,H1,"log(naissances+0,5 / 1 000 f. 15-44)","communes avec covariables, référence −2 (anticipation = 1)",cs,-4,-0.00612723373750486,0.004983855989650094,-0.015895411981353275,0.0036409445063435523,0.21891576593617346,31194,530298,True,"complément A2 : l'année −1 est partiellement exposée ; le primaire (référence −1) est une borne basse en valeur absolue si l'effet commence avec l'exposition ; covariables : log_med12, share_fsup, unemp_1524, pretrend_0811, dens_inter, dens_rural (doublement robuste) ; contrôle = not_yet_treated ; fenêtre 2008-2024 ; 18677 traitées, 12517 jamais traitées sur la fenêtre (dont 1444 traitées après 2024) ; référence −2",event,12517,18677,1444,0,2008,2024,2008.0,2024.0,31194.0,5.0,dr,12.0,18677.0,,,,
h1,H1,H1,"log(naissances+0,5 / 1 000 f. 15-44)","communes avec covariables, référence −2 (anticipation = 1)",cs,-3,0.0002543568545437374,0.004927573050121023,-0.009403508854883651,0.009912222563971125,0.9588322051204347,31194,530298,True,"complément A2 : l'année −1 est partiellement exposée ; le primaire (référence −1) est une borne basse en valeur absolue si l'effet commence avec l'exposition ; covariables : log_med12, share_fsup, unemp_1524, pretrend_0811, dens_inter, dens_rural (doublement robuste) ; contrôle = not_yet_treated ; fenêtre 2008-2024 ; 18677 traitées, 12517 jamais traitées sur la fenêtre (dont 1444 traitées après 2024) ; référence −2",event,12517,18677,1444,0,2008,2024,2008.0,2024.0,31194.0,5.0,dr,12.0,18677.0,,,,
h1,H1,H1,"log(naissances+0,5 / 1 000 f. 15-44)","communes avec covariables, référence −2 (anticipation = 1)",cs,-1,-0.012311724031906206,0.00495701959207304,-0.022027303903028796,-0.002596144160783617,0.013002717694711789,31194,530298,True,"complément A2 : l'année −1 est partiellement exposée ; le primaire (référence −1) est une borne basse en valeur absolue si l'effet commence avec l'exposition ; covariables : log_med12, share_fsup, unemp_1524, pretrend_0811, dens_inter, dens_rural (doublement robuste) ; contrôle = not_yet_treated ; fenêtre 2008-2024 ; 18677 traitées, 12517 jamais traitées sur la fenêtre (dont 1444 traitées après 2024) ; référence −2",event,12517,18677,1444,0,2008,2024,2008.0,2024.0,31194.0,5.0,dr,12.0,18677.0,,,,
h1,H1,H1,"log(naissances+0,5 / 1 000 f. 15-44)","communes avec covariables, référence −2 (anticipation = 1)",cs,0,-0.00539006306682696,0.005060235452731558,-0.015307942307473548,0.0045278161738196284,0.28679435118347874,31194,530298,True,"complément A2 : l'année −1 est partiellement exposée ; le primaire (référence −1) est une borne basse en valeur absolue si l'effet commence avec l'exposition ; covariables : log_med12, share_fsup, unemp_1524, pretrend_0811, dens_inter, dens_rural (doublement robuste) ; contrôle = not_yet_treated ; fenêtre 2008-2024 ; 18677 traitées, 12517 jamais traitées sur la fenêtre (dont 1444 traitées après 2024) ; référence −2",event,12517,18677,1444,0,2008,2024,2008.0,2024.0,31194.0,5.0,dr,12.0,18677.0,,,,
h1,H1,H1,"log(naissances+0,5 / 1 000 f. 15-44)","communes avec covariables, référence −2 (anticipation = 1)",cs,1,-0.008217039331189002,0.005401182401842263,-0.01880316231273138,0.002369083650353378,0.12817432847547106,31194,530298,True,"complément A2 : l'année −1 est partiellement exposée ; le primaire (référence −1) est une borne basse en valeur absolue si l'effet commence avec l'exposition ; covariables : log_med12, share_fsup, unemp_1524, pretrend_0811, dens_inter, dens_rural (doublement robuste) ; contrôle = not_yet_treated ; fenêtre 2008-2024 ; 18677 traitées, 12517 jamais traitées sur la fenêtre (dont 1444 traitées après 2024) ; référence −2",event,12517,18677,1444,0,2008,2024,2008.0,2024.0,31194.0,5.0,dr,11.0,17914.0,,,,
h1,H1,H1,"log(naissances+0,5 / 1 000 f. 15-44)","communes avec covariables, référence −2 (anticipation = 1)",cs,2,-0.005716106533942357,0.005993401445881505,-0.017462957512760394,0.00603074444487568,0.34021866003965073,31194,530298,True,"complément A2 : l'année −1 est partiellement exposée ; le primaire (référence −1) est une borne basse en valeur absolue si l'effet commence avec l'exposition ; covariables : log_med12, share_fsup, unemp_1524, pretrend_0811, dens_inter, dens_rural (doublement robuste) ; contrôle = not_yet_treated ; fenêtre 2008-2024 ; 18677 traitées, 12517 jamais traitées sur la fenêtre (dont 1444 traitées après 2024) ; référence −2",event,12517,18677,1444,0,2008,2024,2008.0,2024.0,31194.0,5.0,dr,10.0,16823.0,,,,
h1,H1,H1,"log(naissances+0,5 / 1 000 f. 15-44)","communes avec covariables, référence −2 (anticipation = 1)",cs,3,-0.01592657024085266,0.006544111628109665,-0.028752793342757377,-0.003100347138947938,0.014944330484205178,31194,530298,True,"complément A2 : l'année −1 est partiellement exposée ; le primaire (référence −1) est une borne basse en valeur absolue si l'effet commence avec l'exposition ; covariables : log_med12, share_fsup, unemp_1524, pretrend_0811, dens_inter, dens_rural (doublement robuste) ; contrôle = not_yet_treated ; fenêtre 2008-2024 ; 18677 traitées, 12517 jamais traitées sur la fenêtre (dont 1444 traitées après 2024) ; référence −2",event,12517,18677,1444,0,2008,2024,2008.0,2024.0,31194.0,5.0,dr,9.0,15581.0,,,,
h1,H1,H1,"log(naissances+0,5 / 1 000 f. 15-44)","communes avec covariables, référence −2 (anticipation = 1)",cs,4,-0.01969076661632544,0.006886299800749611,-0.03318766621254003,-0.006193867020110853,0.004244274817641508,31194,530298,True,"complément A2 : l'année −1 est partiellement exposée ; le primaire (référence −1) est une borne basse en valeur absolue si l'effet commence avec l'exposition ; covariables : log_med12, share_fsup, unemp_1524, pretrend_0811, dens_inter, dens_rural (doublement robuste) ; contrôle = not_yet_treated ; fenêtre 2008-2024 ; 18677 traitées, 12517 jamais traitées sur la fenêtre (dont 1444 traitées après 2024) ; référence −2",event,12517,18677,1444,0,2008,2024,2008.0,2024.0,31194.0,5.0,dr,8.0,13619.0,,,,
h1,H1,H1,"log(naissances+0,5 / 1 000 f. 15-44)","communes avec covariables, référence −2 (anticipation = 1)",cs,5,-0.009554113692488257,0.00835933816254809,-0.025938115425673747,0.006829888040697233,0.25306888120319815,31194,530298,True,"complément A2 : l'année −1 est partiellement exposée ; le primaire (référence −1) est une borne basse en valeur absolue si l'effet commence avec l'exposition ; covariables : log_med12, share_fsup, unemp_1524, pretrend_0811, dens_inter, dens_rural (doublement robuste) ; contrôle = not_yet_treated ; fenêtre 2008-2024 ; 18677 traitées, 12517 jamais traitées sur la fenêtre (dont 1444 traitées après 2024) ; référence −2",event,12517,18677,1444,0,2008,2024,2008.0,2024.0,31194.0,5.0,dr,7.0,13180.0,,,,
h1,H1,H1,"log(naissances+0,5 / 1 000 f. 15-44)","communes avec covariables, référence −2 (anticipation = 1)",cs,6,-0.01959394645151713,0.00945336975765321,-0.038122210709057566,-0.0010656821939766976,0.03820073032258681,31194,530298,True,"complément A2 : l'année −1 est partiellement exposée ; le primaire (référence −1) est une borne basse en valeur absolue si l'effet commence avec l'exposition ; covariables : log_med12, share_fsup, unemp_1524, pretrend_0811, dens_inter, dens_rural (doublement robuste) ; contrôle = not_yet_treated ; fenêtre 2008-2024 ; 18677 traitées, 12517 jamais traitées sur la fenêtre (dont 1444 traitées après 2024) ; référence −2",event,12517,18677,1444,0,2008,2024,2008.0,2024.0,31194.0,5.0,dr,6.0,11141.0,,,,
h1,H1,H1,"log(naissances+0,5 / 1 000 f. 15-44)","communes avec covariables, référence −2 (anticipation = 1)",cs,7,-0.02223202354704734,0.011948293073390584,-0.04565024764762228,0.0011862005535275971,0.06278850955561195,31194,530298,True,"complément A2 : l'année −1 est partiellement exposée ; le primaire (référence −1) est une borne basse en valeur absolue si l'effet commence avec l'exposition ; covariables : log_med12, share_fsup, unemp_1524, pretrend_0811, dens_inter, dens_rural (doublement robuste) ; contrôle = not_yet_treated ; fenêtre 2008-2024 ; 18677 traitées, 12517 jamais traitées sur la fenêtre (dont 1444 traitées après 2024) ; référence −2",event,12517,18677,1444,0,2008,2024,2008.0,2024.0,31194.0,5.0,dr,5.0,8583.0,,,,
h1,H1,H1,"log(naissances+0,5 / 1 000 f. 15-44)","communes avec covariables, référence −2 (anticipation = 1)",cs,8,-0.03672234962860608,0.01785597377530434,-0.07171941513709429,-0.0017252841201178745,0.039726044772026285,31194,530298,True,"complément A2 : l'année −1 est partiellement exposée ; le primaire (référence −1) est une borne basse en valeur absolue si l'effet commence avec l'exposition ; covariables : log_med12, share_fsup, unemp_1524, pretrend_0811, dens_inter, dens_rural (doublement robuste) ; contrôle = not_yet_treated ; fenêtre 2008-2024 ; 18677 traitées, 12517 jamais traitées sur la fenêtre (dont 1444 traitées après 2024) ; référence −2",event,12517,18677,1444,0,2008,2024,2008.0,2024.0,31194.0,5.0,dr,4.0,5847.0,,,,
h1,H1,H1,"log(naissances+0,5 / 1 000 f. 15-44)","communes avec covariables, référence −2 (anticipation = 1)",cs,"ATT[1,5]",-0.011820919282959544,0.005407194373397111,-0.022418825512225505,-0.0012230130536935828,0.028804885826985625,31194,530298,True,"complément A2 : l'année −1 est partiellement exposée ; le primaire (référence −1) est une borne basse en valeur absolue si l'effet commence avec l'exposition ; covariables : log_med12, share_fsup, unemp_1524, pretrend_0811, dens_inter, dens_rural (doublement robuste) ; contrôle = not_yet_treated ; fenêtre 2008-2024 ; 18677 traitées, 12517 jamais traitées sur la fenêtre (dont 1444 traitées après 2024) ; référence −2 ; écart-type avec covariance complète des coefficients (fonctions d'influence)",post_avg,12517,18677,1444,0,2008,2024,2008.0,2024.0,31194.0,5.0,dr,,,,,5.0,
h1,H1,H1,"log(naissances+0,5 / 1 000 f. 15-44)","communes avec covariables, référence −2 (anticipation = 1)",cs,ATT,-0.01665100316757155,0.006481378358368006,-0.029354271320150182,-0.003947735014992921,0.010197692076554753,31194,530298,True,"complément A2 : l'année −1 est partiellement exposée ; le primaire (référence −1) est une borne basse en valeur absolue si l'effet commence avec l'exposition ; covariables : log_med12, share_fsup, unemp_1524, pretrend_0811, dens_inter, dens_rural (doublement robuste) ; contrôle = not_yet_treated ; fenêtre 2008-2024 ; 18677 traitées, 12517 jamais traitées sur la fenêtre (dont 1444 traitées après 2024) ; référence −2 ; moyenne de tous les ATT(g,t) post",simple,12517,18677,1444,0,2008,2024,2008.0,2024.0,31194.0,5.0,dr,,,,,,
h1,H1,H1,"log(naissances+0,5 / 1 000 f. 15-44)","communes avec covariables, référence −2 (anticipation = 1)",cs,Wald pré (-8..-3),6.407580062965722,,,,0.3791133142963221,31194,530298,True,"H5c : test de Wald joint de nullité des coefficients pré avec covariance des fonctions d'influence, df = 6 ; fenêtre 2008-2024 ; 18677 traitées, 12517 jamais traitées sur la fenêtre (dont 1444 traitées après 2024)",pre_test,12517,18677,1444,0,2008,2024,2008.0,2024.0,31194.0,5.0,dr,,,,,,6.0
h1,H1,H1,"log(naissances+0,5 / 1 000 f. 15-44)","communes avec covariables, pondéré par les femmes 15-44 (RP 2011), CS sans covariables",cs,-8,0.006161110488933799,0.004356337785804825,-0.002377154675734622,0.01469937565360222,0.15727774730262273,31194,530298,True,"complément A2 : pondération ; CS sans covariables (voir A2) ; contrôle = not_yet_treated ; fenêtre 2008-2024 ; 18677 traitées, 12517 jamais traitées sur la fenêtre (dont 1444 traitées après 2024) ; pondéré par w_f1544",event,12517,18677,1444,0,2008,2024,2008.0,2024.0,31194.0,5.0,reg,9.0,14988.0,,,,
h1,H1,H1,"log(naissances+0,5 / 1 000 f. 15-44)","communes avec covariables, pondéré par les femmes 15-44 (RP 2011), CS sans covariables",cs,-7,-0.008437926916449697,0.003637520085658526,-0.01556733527738146,-0.0013085185555179344,0.020357534891441282,31194,530298,True,"complément A2 : pondération ; CS sans covariables (voir A2) ; contrôle = not_yet_treated ; fenêtre 2008-2024 ; 18677 traitées, 12517 jamais traitées sur la fenêtre (dont 1444 traitées après 2024) ; pondéré par w_f1544",event,12517,18677,1444,0,2008,2024,2008.0,2024.0,31194.0,5.0,reg,10.0,16251.0,,,,
h1,H1,H1,"log(naissances+0,5 / 1 000 f. 15-44)","communes avec covariables, pondéré par les femmes 15-44 (RP 2011), CS sans covariables",cs,-6,-0.029536901978155547,0.0029008162437421936,-0.03522239734165901,-0.023851406614652085,2.379383069368959e-24,31194,530298,True,"complément A2 : pondération ; CS sans covariables (voir A2) ; contrôle = not_yet_treated ; fenêtre 2008-2024 ; 18677 traitées, 12517 jamais traitées sur la fenêtre (dont 1444 traitées après 2024) ; pondéré par w_f1544",event,12517,18677,1444,0,2008,2024,2008.0,2024.0,31194.0,5.0,reg,11.0,18540.0,,,,
h1,H1,H1,"log(naissances+0,5 / 1 000 f. 15-44)","communes avec covariables, pondéré par les femmes 15-44 (RP 2011), CS sans covariables",cs,-5,0.011512307258811678,0.020606624846740633,-0.02887593528372817,0.05190054980135153,0.5763868194886496,31194,530298,True,"complément A2 : pondération ; CS sans covariables (voir A2) ; contrôle = not_yet_treated ; fenêtre 2008-2024 ; 18677 traitées, 12517 jamais traitées sur la fenêtre (dont 1444 traitées après 2024) ; pondéré par w_f1544",event,12517,18677,1444,0,2008,2024,2008.0,2024.0,31194.0,5.0,reg,12.0,18677.0,,,,
h1,H1,H1,"log(naissances+0,5 / 1 000 f. 15-44)","communes avec covariables, pondéré par les femmes 15-44 (RP 2011), CS sans covariables",cs,-4,0.00836638528019485,0.014406802133188006,-0.019870428033248462,0.03660319859363816,0.5614260384320375,31194,530298,True,"complément A2 : pondération ; CS sans covariables (voir A2) ; contrôle = not_yet_treated ; fenêtre 2008-2024 ; 18677 traitées, 12517 jamais traitées sur la fenêtre (dont 1444 traitées après 2024) ; pondéré par w_f1544",event,12517,18677,1444,0,2008,2024,2008.0,2024.0,31194.0,5.0,reg,12.0,18677.0,,,,
h1,H1,H1,"log(naissances+0,5 / 1 000 f. 15-44)","communes avec covariables, pondéré par les femmes 15-44 (RP 2011), CS sans covariables",cs,-3,0.0024244584312683964,0.008411824214270242,-0.014062414072983215,0.01891133093552001,0.7731781167815176,31194,530298,True,"complément A2 : pondération ; CS sans covariables (voir A2) ; contrôle = not_yet_treated ; fenêtre 2008-2024 ; 18677 traitées, 12517 jamais traitées sur la fenêtre (dont 1444 traitées après 2024) ; pondéré par w_f1544",event,12517,18677,1444,0,2008,2024,2008.0,2024.0,31194.0,5.0,reg,12.0,18677.0,,,,
h1,H1,H1,"log(naissances+0,5 / 1 000 f. 15-44)","communes avec covariables, pondéré par les femmes 15-44 (RP 2011), CS sans covariables",cs,-2,-0.002990291263617165,0.002565824739205903,-0.008019215343102612,0.0020386328158682816,0.24384464260033722,31194,530298,True,"complément A2 : pondération ; CS sans covariables (voir A2) ; contrôle = not_yet_treated ; fenêtre 2008-2024 ; 18677 traitées, 12517 jamais traitées sur la fenêtre (dont 1444 traitées après 2024) ; pondéré par w_f1544",event,12517,18677,1444,0,2008,2024,2008.0,2024.0,31194.0,5.0,reg,12.0,18677.0,,,,
h1,H1,H1,"log(naissances+0,5 / 1 000 f. 15-44)","communes avec covariables, pondéré par les femmes 15-44 (RP 2011), CS sans covariables",cs,0,0.0068661922732596945,0.002316724019243747,0.0023254966334230716,0.011406887913096318,0.0030391446002398146,31194,530298,True,"complément A2 : pondération ; CS sans covariables (voir A2) ; contrôle = not_yet_treated ; fenêtre 2008-2024 ; 18677 traitées, 12517 jamais traitées sur la fenêtre (dont 1444 traitées après 2024) ; pondéré par w_f1544",event,12517,18677,1444,0,2008,2024,2008.0,2024.0,31194.0,5.0,reg,12.0,18677.0,,,,
h1,H1,H1,"log(naissances+0,5 / 1 000 f. 15-44)","communes avec covariables, pondéré par les femmes 15-44 (RP 2011), CS sans covariables",cs,1,0.01636937784481229,0.00259456111019484,0.011284131513142146,0.021454624176482435,2.80640136409934e-10,31194,530298,True,"complément A2 : pondération ; CS sans covariables (voir A2) ; contrôle = not_yet_treated ; fenêtre 2008-2024 ; 18677 traitées, 12517 jamais traitées sur la fenêtre (dont 1444 traitées après 2024) ; pondéré par w_f1544",event,12517,18677,1444,0,2008,2024,2008.0,2024.0,31194.0,5.0,reg,11.0,17914.0,,,,
h1,H1,H1,"log(naissances+0,5 / 1 000 f. 15-44)","communes avec covariables, pondéré par les femmes 15-44 (RP 2011), CS sans covariables",cs,2,0.02487558618131275,0.0031186716973955896,0.018763101974813,0.030988070387812504,1.5073620429214305e-15,31194,530298,True,"complément A2 : pondération ; CS sans covariables (voir A2) ; contrôle = not_yet_treated ; fenêtre 2008-2024 ; 18677 traitées, 12517 jamais traitées sur la fenêtre (dont 1444 traitées après 2024) ; pondéré par w_f1544",event,12517,18677,1444,0,2008,2024,2008.0,2024.0,31194.0,5.0,reg,10.0,16823.0,,,,
h1,H1,H1,"log(naissances+0,5 / 1 000 f. 15-44)","communes avec covariables, pondéré par les femmes 15-44 (RP 2011), CS sans covariables",cs,3,0.023999326357710876,0.004136406196090446,0.015892119187945277,0.03210653352747647,6.553823896162104e-09,31194,530298,True,"complément A2 : pondération ; CS sans covariables (voir A2) ; contrôle = not_yet_treated ; fenêtre 2008-2024 ; 18677 traitées, 12517 jamais traitées sur la fenêtre (dont 1444 traitées après 2024) ; pondéré par w_f1544",event,12517,18677,1444,0,2008,2024,2008.0,2024.0,31194.0,5.0,reg,9.0,15581.0,,,,
h1,H1,H1,"log(naissances+0,5 / 1 000 f. 15-44)","communes avec covariables, pondéré par les femmes 15-44 (RP 2011), CS sans covariables",cs,4,0.02487053650850339,0.00444215969124052,0.016164063500096405,0.03357700951691038,2.1590430152199507e-08,31194,530298,True,"complément A2 : pondération ; CS sans covariables (voir A2) ; contrôle = not_yet_treated ; fenêtre 2008-2024 ; 18677 traitées, 12517 jamais traitées sur la fenêtre (dont 1444 traitées après 2024) ; pondéré par w_f1544",event,12517,18677,1444,0,2008,2024,2008.0,2024.0,31194.0,5.0,reg,8.0,13619.0,,,,
h1,H1,H1,"log(naissances+0,5 / 1 000 f. 15-44)","communes avec covariables, pondéré par les femmes 15-44 (RP 2011), CS sans covariables",cs,5,0.02075258922940996,0.0056319812187936615,0.009714108878968387,0.03179106957985153,0.00022890386236114988,31194,530298,True,"complément A2 : pondération ; CS sans covariables (voir A2) ; contrôle = not_yet_treated ; fenêtre 2008-2024 ; 18677 traitées, 12517 jamais traitées sur la fenêtre (dont 1444 traitées après 2024) ; pondéré par w_f1544",event,12517,18677,1444,0,2008,2024,2008.0,2024.0,31194.0,5.0,reg,7.0,13180.0,,,,
h1,H1,H1,"log(naissances+0,5 / 1 000 f. 15-44)","communes avec covariables, pondéré par les femmes 15-44 (RP 2011), CS sans covariables",cs,6,0.002312096066559379,0.007028267865695651,-0.01146305582390429,0.01608724795702305,0.7421776337696102,31194,530298,True,"complément A2 : pondération ; CS sans covariables (voir A2) ; contrôle = not_yet_treated ; fenêtre 2008-2024 ; 18677 traitées, 12517 jamais traitées sur la fenêtre (dont 1444 traitées après 2024) ; pondéré par w_f1544",event,12517,18677,1444,0,2008,2024,2008.0,2024.0,31194.0,5.0,reg,6.0,11141.0,,,,
h1,H1,H1,"log(naissances+0,5 / 1 000 f. 15-44)","communes avec covariables, pondéré par les femmes 15-44 (RP 2011), CS sans covariables",cs,7,-0.03066217083016945,0.007254755830319916,-0.04488123097422846,-0.016443110686110436,2.373622195757721e-05,31194,530298,True,"complément A2 : pondération ; CS sans covariables (voir A2) ; contrôle = not_yet_treated ; fenêtre 2008-2024 ; 18677 traitées, 12517 jamais traitées sur la fenêtre (dont 1444 traitées après 2024) ; pondéré par w_f1544",event,12517,18677,1444,0,2008,2024,2008.0,2024.0,31194.0,5.0,reg,5.0,8583.0,,,,
h1,H1,H1,"log(naissances+0,5 / 1 000 f. 15-44)","communes avec covariables, pondéré par les femmes 15-44 (RP 2011), CS sans covariables",cs,8,-0.055024616492260335,0.006877310492683796,-0.06850389736842,-0.04154533561610068,1.2352138798106798e-15,31194,530298,True,"complément A2 : pondération ; CS sans covariables (voir A2) ; contrôle = not_yet_treated ; fenêtre 2008-2024 ; 18677 traitées, 12517 jamais traitées sur la fenêtre (dont 1444 traitées après 2024) ; pondéré par w_f1544",event,12517,18677,1444,0,2008,2024,2008.0,2024.0,31194.0,5.0,reg,4.0,5847.0,,,,
h1,H1,H1,"log(naissances+0,5 / 1 000 f. 15-44)","communes avec covariables, pondéré par les femmes 15-44 (RP 2011), CS sans covariables",cs,"ATT[1,5]",0.022173483224349855,0.003429352393544639,0.015452076042706132,0.02889489040599358,1.0076884216599581e-10,31194,530298,True,"complément A2 : pondération ; CS sans covariables (voir A2) ; contrôle = not_yet_treated ; fenêtre 2008-2024 ; 18677 traitées, 12517 jamais traitées sur la fenêtre (dont 1444 traitées après 2024) ; pondéré par w_f1544 ; écart-type avec covariance complète des coefficients (fonctions d'influence)",post_avg,12517,18677,1444,0,2008,2024,2008.0,2024.0,31194.0,5.0,reg,,,,,5.0,
h1,H1,H1,"log(naissances+0,5 / 1 000 f. 15-44)","communes avec covariables, pondéré par les femmes 15-44 (RP 2011), CS sans covariables",cs,ATT,0.00042866266313510256,0.0037586190267679793,-0.006938095260937126,0.0077954205872073305,0.9091998105579346,31194,530298,True,"complément A2 : pondération ; CS sans covariables (voir A2) ; contrôle = not_yet_treated ; fenêtre 2008-2024 ; 18677 traitées, 12517 jamais traitées sur la fenêtre (dont 1444 traitées après 2024) ; pondéré par w_f1544 ; moyenne de tous les ATT(g,t) post",simple,12517,18677,1444,0,2008,2024,2008.0,2024.0,31194.0,5.0,reg,,,,,,
h1,H1,H1,"log(naissances+0,5 / 1 000 f. 15-44)","communes avec covariables, pondéré par les femmes 15-44 (RP 2011), CS sans covariables",cs,Wald pré (-8..-2),132.22133573183484,,,,2.158172224245433e-25,31194,530298,True,"H5c : test de Wald joint de nullité des coefficients pré avec covariance des fonctions d'influence, df = 7 ; fenêtre 2008-2024 ; 18677 traitées, 12517 jamais traitées sur la fenêtre (dont 1444 traitées après 2024)",pre_test,12517,18677,1444,0,2008,2024,2008.0,2024.0,31194.0,5.0,reg,,,,,,7.0
h1,H1,H1,"log(naissances+0,5 / 1 000 f. 15-44)","communes avec covariables, pondéré par les femmes 15-44 (RP 2011)",twfe,-8,0.0016370790344602312,0.007000587467133408,-0.012083820271743729,0.01535797834066419,0.8151023565946274,31194,530298,True,"complément A2 : pondération ; fenêtre 2008-2024 ; 18677 traitées, 12517 jamais traitées sur la fenêtre (dont 1444 traitées après 2024) ; effets fixes supplémentaires year^dens_cat ; covariables invariantes dans le temps absorbées par les effets fixes unité : log_med12, share_fsup, unemp_1524, pretrend_0811, dens_inter, dens_rural ; cellules −8 et +8 bornées",event,12517,18677,1444,0,2008,2024,,,,,,,,,,,
h1,H1,H1,"log(naissances+0,5 / 1 000 f. 15-44)","communes avec covariables, pondéré par les femmes 15-44 (RP 2011)",twfe,-7,-0.004113635024754909,0.007658796391384173,-0.01912460011679322,0.010897330067283403,0.5911899296402359,31194,530298,True,"complément A2 : pondération ; fenêtre 2008-2024 ; 18677 traitées, 12517 jamais traitées sur la fenêtre (dont 1444 traitées après 2024) ; effets fixes supplémentaires year^dens_cat ; covariables invariantes dans le temps absorbées par les effets fixes unité : log_med12, share_fsup, unemp_1524, pretrend_0811, dens_inter, dens_rural ; cellules −8 et +8 bornées",event,12517,18677,1444,0,2008,2024,,,,,,,,,,,
h1,H1,H1,"log(naissances+0,5 / 1 000 f. 15-44)","communes avec covariables, pondéré par les femmes 15-44 (RP 2011)",twfe,-6,-0.03727012750116999,0.021195297150454737,-0.0788121465576857,0.0042718915553457346,0.07867693023807756,31194,530298,True,"complément A2 : pondération ; fenêtre 2008-2024 ; 18677 traitées, 12517 jamais traitées sur la fenêtre (dont 1444 traitées après 2024) ; effets fixes supplémentaires year^dens_cat ; covariables invariantes dans le temps absorbées par les effets fixes unité : log_med12, share_fsup, unemp_1524, pretrend_0811, dens_inter, dens_rural ; cellules −8 et +8 bornées",event,12517,18677,1444,0,2008,2024,,,,,,,,,,,
h1,H1,H1,"log(naissances+0,5 / 1 000 f. 15-44)","communes avec covariables, pondéré par les femmes 15-44 (RP 2011)",twfe,-5,0.006486401147122659,0.0035108311662088417,-0.00039470149444742735,0.013367503788692746,0.06466891090010961,31194,530298,True,"complément A2 : pondération ; fenêtre 2008-2024 ; 18677 traitées, 12517 jamais traitées sur la fenêtre (dont 1444 traitées après 2024) ; effets fixes supplémentaires year^dens_cat ; covariables invariantes dans le temps absorbées par les effets fixes unité : log_med12, share_fsup, unemp_1524, pretrend_0811, dens_inter, dens_rural ; cellules −8 et +8 bornées",event,12517,18677,1444,0,2008,2024,,,,,,,,,,,
h1,H1,H1,"log(naissances+0,5 / 1 000 f. 15-44)","communes avec covariables, pondéré par les femmes 15-44 (RP 2011)",twfe,-4,0.01607928753135897,0.007410132309935679,0.0015556950832084394,0.030602879979509497,0.03001399868144635,31194,530298,True,"complément A2 : pondération ; fenêtre 2008-2024 ; 18677 traitées, 12517 jamais traitées sur la fenêtre (dont 1444 traitées après 2024) ; effets fixes supplémentaires year^dens_cat ; covariables invariantes dans le temps absorbées par les effets fixes unité : log_med12, share_fsup, unemp_1524, pretrend_0811, dens_inter, dens_rural ; cellules −8 et +8 bornées",event,12517,18677,1444,0,2008,2024,,,,,,,,,,,
h1,H1,H1,"log(naissances+0,5 / 1 000 f. 15-44)","communes avec covariables, pondéré par les femmes 15-44 (RP 2011)",twfe,-3,0.017667414085152957,0.008293650112615202,0.001412158564050598,0.03392266960625531,0.033152312980144594,31194,530298,True,"complément A2 : pondération ; fenêtre 2008-2024 ; 18677 traitées, 12517 jamais traitées sur la fenêtre (dont 1444 traitées après 2024) ; effets fixes supplémentaires year^dens_cat ; covariables invariantes dans le temps absorbées par les effets fixes unité : log_med12, share_fsup, unemp_1524, pretrend_0811, dens_inter, dens_rural ; cellules −8 et +8 bornées",event,12517,18677,1444,0,2008,2024,,,,,,,,,,,
h1,H1,H1,"log(naissances+0,5 / 1 000 f. 15-44)","communes avec covariables, pondéré par les femmes 15-44 (RP 2011)",twfe,-2,0.005851594417756431,0.003349633544243022,-0.0007135666903671459,0.012416755525880008,0.08064849248735295,31194,530298,True,"complément A2 : pondération ; fenêtre 2008-2024 ; 18677 traitées, 12517 jamais traitées sur la fenêtre (dont 1444 traitées après 2024) ; effets fixes supplémentaires year^dens_cat ; covariables invariantes dans le temps absorbées par les effets fixes unité : log_med12, share_fsup, unemp_1524, pretrend_0811, dens_inter, dens_rural ; cellules −8 et +8 bornées",event,12517,18677,1444,0,2008,2024,,,,,,,,,,,
h1,H1,H1,"log(naissances+0,5 / 1 000 f. 15-44)","communes avec covariables, pondéré par les femmes 15-44 (RP 2011)",twfe,0,-0.0033003966346213287,0.0023480472462463643,-0.007902484671262654,0.0013016914020199965,0.15984528643047102,31194,530298,True,"complément A2 : pondération ; fenêtre 2008-2024 ; 18677 traitées, 12517 jamais traitées sur la fenêtre (dont 1444 traitées après 2024) ; effets fixes supplémentaires year^dens_cat ; covariables invariantes dans le temps absorbées par les effets fixes unité : log_med12, share_fsup, unemp_1524, pretrend_0811, dens_inter, dens_rural ; cellules −8 et +8 bornées",event,12517,18677,1444,0,2008,2024,,,,,,,,,,,
h1,H1,H1,"log(naissances+0,5 / 1 000 f. 15-44)","communes avec covariables, pondéré par les femmes 15-44 (RP 2011)",twfe,1,-0.005626954024628233,0.0029120461741622156,-0.01133445964730383,8.055159804736412e-05,0.053322183339977264,31194,530298,True,"complément A2 : pondération ; fenêtre 2008-2024 ; 18677 traitées, 12517 jamais traitées sur la fenêtre (dont 1444 traitées après 2024) ; effets fixes supplémentaires year^dens_cat ; covariables invariantes dans le temps absorbées par les effets fixes unité : log_med12, share_fsup, unemp_1524, pretrend_0811, dens_inter, dens_rural ; cellules −8 et +8 bornées",event,12517,18677,1444,0,2008,2024,,,,,,,,,,,
h1,H1,H1,"log(naissances+0,5 / 1 000 f. 15-44)","communes avec covariables, pondéré par les femmes 15-44 (RP 2011)",twfe,2,-0.003054224255826564,0.004064443888747223,-0.011020387894955042,0.004911939383301913,0.45238219267986546,31194,530298,True,"complément A2 : pondération ; fenêtre 2008-2024 ; 18677 traitées, 12517 jamais traitées sur la fenêtre (dont 1444 traitées après 2024) ; effets fixes supplémentaires year^dens_cat ; covariables invariantes dans le temps absorbées par les effets fixes unité : log_med12, share_fsup, unemp_1524, pretrend_0811, dens_inter, dens_rural ; cellules −8 et +8 bornées",event,12517,18677,1444,0,2008,2024,,,,,,,,,,,
h1,H1,H1,"log(naissances+0,5 / 1 000 f. 15-44)","communes avec covariables, pondéré par les femmes 15-44 (RP 2011)",twfe,3,-0.006875307045316942,0.003604820981757695,-0.013940626340276343,0.0001900122496424593,0.056487782504658135,31194,530298,True,"complément A2 : pondération ; fenêtre 2008-2024 ; 18677 traitées, 12517 jamais traitées sur la fenêtre (dont 1444 traitées après 2024) ; effets fixes supplémentaires year^dens_cat ; covariables invariantes dans le temps absorbées par les effets fixes unité : log_med12, share_fsup, unemp_1524, pretrend_0811, dens_inter, dens_rural ; cellules −8 et +8 bornées",event,12517,18677,1444,0,2008,2024,,,,,,,,,,,
h1,H1,H1,"log(naissances+0,5 / 1 000 f. 15-44)","communes avec covariables, pondéré par les femmes 15-44 (RP 2011)",twfe,4,-0.00910660151238394,0.00461246622228082,-0.018146869187961864,-6.633383680601339e-05,0.048342480817748945,31194,530298,True,"complément A2 : pondération ; fenêtre 2008-2024 ; 18677 traitées, 12517 jamais traitées sur la fenêtre (dont 1444 traitées après 2024) ; effets fixes supplémentaires year^dens_cat ; covariables invariantes dans le temps absorbées par les effets fixes unité : log_med12, share_fsup, unemp_1524, pretrend_0811, dens_inter, dens_rural ; cellules −8 et +8 bornées",event,12517,18677,1444,0,2008,2024,,,,,,,,,,,
h1,H1,H1,"log(naissances+0,5 / 1 000 f. 15-44)","communes avec covariables, pondéré par les femmes 15-44 (RP 2011)",twfe,5,-0.01112759268388534,0.004794043968087515,-0.020523746201638358,-0.001731439166132321,0.020279902890028755,31194,530298,True,"complément A2 : pondération ; fenêtre 2008-2024 ; 18677 traitées, 12517 jamais traitées sur la fenêtre (dont 1444 traitées après 2024) ; effets fixes supplémentaires year^dens_cat ; covariables invariantes dans le temps absorbées par les effets fixes unité : log_med12, share_fsup, unemp_1524, pretrend_0811, dens_inter, dens_rural ; cellules −8 et +8 bornées",event,12517,18677,1444,0,2008,2024,,,,,,,,,,,
h1,H1,H1,"log(naissances+0,5 / 1 000 f. 15-44)","communes avec covariables, pondéré par les femmes 15-44 (RP 2011)",twfe,6,-0.012254365045799706,0.004864226302063082,-0.021788073410495795,-0.0027206566811036146,0.011759393380655571,31194,530298,True,"complément A2 : pondération ; fenêtre 2008-2024 ; 18677 traitées, 12517 jamais traitées sur la fenêtre (dont 1444 traitées après 2024) ; effets fixes supplémentaires year^dens_cat ; covariables invariantes dans le temps absorbées par les effets fixes unité : log_med12, share_fsup, unemp_1524, pretrend_0811, dens_inter, dens_rural ; cellules −8 et +8 bornées",event,12517,18677,1444,0,2008,2024,,,,,,,,,,,
h1,H1,H1,"log(naissances+0,5 / 1 000 f. 15-44)","communes avec covariables, pondéré par les femmes 15-44 (RP 2011)",twfe,7,-0.014855937804054354,0.005757192752394101,-0.026139828250801817,-0.0035720473573068907,0.009868207977146217,31194,530298,True,"complément A2 : pondération ; fenêtre 2008-2024 ; 18677 traitées, 12517 jamais traitées sur la fenêtre (dont 1444 traitées après 2024) ; effets fixes supplémentaires year^dens_cat ; covariables invariantes dans le temps absorbées par les effets fixes unité : log_med12, share_fsup, unemp_1524, pretrend_0811, dens_inter, dens_rural ; cellules −8 et +8 bornées",event,12517,18677,1444,0,2008,2024,,,,,,,,,,,
h1,H1,H1,"log(naissances+0,5 / 1 000 f. 15-44)","communes avec covariables, pondéré par les femmes 15-44 (RP 2011)",twfe,8,-0.02460428087863566,0.005956257750133587,-0.036278331551535065,-0.012930230205736257,3.6145774762005054e-05,31194,530298,True,"complément A2 : pondération ; fenêtre 2008-2024 ; 18677 traitées, 12517 jamais traitées sur la fenêtre (dont 1444 traitées après 2024) ; effets fixes supplémentaires year^dens_cat ; covariables invariantes dans le temps absorbées par les effets fixes unité : log_med12, share_fsup, unemp_1524, pretrend_0811, dens_inter, dens_rural ; cellules −8 et +8 bornées",event,12517,18677,1444,0,2008,2024,,,,,,,,,,,
h1,H1,H1,"log(naissances+0,5 / 1 000 f. 15-44)","communes avec covariables, pondéré par les femmes 15-44 (RP 2011)",twfe,"ATT[1,5]",-0.007158135904408204,0.0036436286017079563,-0.014299516736795836,-1.675507202057204e-05,0.04946490251544031,31194,530298,True,"complément A2 : pondération ; fenêtre 2008-2024 ; 18677 traitées, 12517 jamais traitées sur la fenêtre (dont 1444 traitées après 2024) ; effets fixes supplémentaires year^dens_cat ; covariables invariantes dans le temps absorbées par les effets fixes unité : log_med12, share_fsup, unemp_1524, pretrend_0811, dens_inter, dens_rural ; écart-type avec covariance complète (w'Vw)",post_avg,12517,18677,1444,0,2008,2024,,,,,,,,,,,
h1,H1,H1,"log(naissances+0,5 / 1 000 f. 15-44)","communes avec covariables, pondéré par les femmes 15-44 (RP 2011)",twfe,Wald pré (-8..−2),15.626270267307866,,,,0.028758972414138786,31194,530298,True,"test de Wald joint, covariance groupée, df = 7 ; fenêtre 2008-2024 ; 18677 traitées, 12517 jamais traitées sur la fenêtre (dont 1444 traitées après 2024)",pre_test,12517,18677,1444,0,2008,2024,,,,,,,,,,,7.0
h1,H1,H1,"log(naissances+0,5 / 1 000 f. 15-44)","communes avec covariables, pondéré par les femmes 15-44 (RP 2011)",twfe,ATT,-0.00810494172550877,0.0035698763584392514,-0.015101770817310704,-0.0011081126337068366,0.02318511700824598,31194,530298,True,"complément A2 : pondération ; fenêtre 2008-2024 ; 18677 traitées, 12517 jamais traitées sur la fenêtre (dont 1444 traitées après 2024) ; effets fixes supplémentaires year^dens_cat ; covariables invariantes dans le temps absorbées par les effets fixes unité : log_med12, share_fsup, unemp_1524, pretrend_0811, dens_inter, dens_rural",static,12517,18677,1444,0,2008,2024,,,,,,,,,,,
