part,family,hypothesis,outcome,sample,estimator,term,estimate,se,ci_low,ci_high,p,n_units,n_obs,exploratory,notes,aggregation,n_never,n_treated,n_late_recoded,n_unbalanced,year_min,year_max,years_model_min,years_model_max,n_clusters,k_post,est_method,n_cohorts,n_units_rel,cband_low,cband_high,k_periods,df,p_holm
h2,H2,H2b,log(naissances / 1 000 f. 25-39),"département, bascule D3 ≥ 50 %",cs,-8,-0.007317339748984662,0.00510150617903764,-0.017316108126806982,0.0026814286288376586,0.15147272375217635,96,2592,False,"test primaire du papier ; contrôle = not_yet_treated ; fenêtre 1998-2024 ; 96 traitées, 0 jamais traitées sur la fenêtre ; ATT(g,t) identifiés jusqu'en 2017 (sans unité jamais traitée, la dernière cohorte sert de contrôle) ; grappes = dep (96) ; bandes simultanées sup-t (bootstrap multiplicateur Rademacher, 999 tirages, valeur critique 2.75)",event,0.0,96.0,0.0,0.0,1998.0,2024.0,1998.0,2017.0,96.0,4.0,reg,5.0,89.0,-0.021353173321740235,0.006718493823770913,,,
h2,H2,H2b,log(naissances / 1 000 f. 25-39),"département, bascule D3 ≥ 50 %",cs,-7,-0.0033520948535511125,0.005217757191142685,-0.01357871102826565,0.006874521321163425,0.5205876689497462,96,2592,False,"test primaire du papier ; contrôle = not_yet_treated ; fenêtre 1998-2024 ; 96 traitées, 0 jamais traitées sur la fenêtre ; ATT(g,t) identifiés jusqu'en 2017 (sans unité jamais traitée, la dernière cohorte sert de contrôle) ; grappes = dep (96) ; bandes simultanées sup-t (bootstrap multiplicateur Rademacher, 999 tirages, valeur critique 2.75)",event,0.0,96.0,0.0,0.0,1998.0,2024.0,1998.0,2017.0,96.0,4.0,reg,5.0,89.0,-0.01770777119456118,0.011003581487458957,,,
h2,H2,H2b,log(naissances / 1 000 f. 25-39),"département, bascule D3 ≥ 50 %",cs,-6,0.005324208630932959,0.005878502749707084,-0.0061974450415126,0.01684586230337852,0.3650902772930841,96,2592,False,"test primaire du papier ; contrôle = not_yet_treated ; fenêtre 1998-2024 ; 96 traitées, 0 jamais traitées sur la fenêtre ; ATT(g,t) identifiés jusqu'en 2017 (sans unité jamais traitée, la dernière cohorte sert de contrôle) ; grappes = dep (96) ; bandes simultanées sup-t (bootstrap multiplicateur Rademacher, 999 tirages, valeur critique 2.75)",event,0.0,96.0,0.0,0.0,1998.0,2024.0,1998.0,2017.0,96.0,4.0,reg,5.0,89.0,-0.010849384687626827,0.021497801949492745,,,
h2,H2,H2b,log(naissances / 1 000 f. 25-39),"département, bascule D3 ≥ 50 %",cs,-5,0.0036725001671842773,0.004869421194666925,-0.005871389999918899,0.013216390334287453,0.45073127035083027,96,2592,False,"test primaire du papier ; contrôle = not_yet_treated ; fenêtre 1998-2024 ; 96 traitées, 0 jamais traitées sur la fenêtre ; ATT(g,t) identifiés jusqu'en 2017 (sans unité jamais traitée, la dernière cohorte sert de contrôle) ; grappes = dep (96) ; bandes simultanées sup-t (bootstrap multiplicateur Rademacher, 999 tirages, valeur critique 2.75)",event,0.0,96.0,0.0,0.0,1998.0,2024.0,1998.0,2017.0,96.0,4.0,reg,5.0,89.0,-0.009724795275646412,0.017069795610014968,,,
h2,H2,H2b,log(naissances / 1 000 f. 25-39),"département, bascule D3 ≥ 50 %",cs,-4,0.0074360503417078005,0.004427973577250876,-0.0012426183941989036,0.016114719077614505,0.09308680271875493,96,2592,False,"test primaire du papier ; contrôle = not_yet_treated ; fenêtre 1998-2024 ; 96 traitées, 0 jamais traitées sur la fenêtre ; ATT(g,t) identifiés jusqu'en 2017 (sans unité jamais traitée, la dernière cohorte sert de contrôle) ; grappes = dep (96) ; bandes simultanées sup-t (bootstrap multiplicateur Rademacher, 999 tirages, valeur critique 2.75)",event,0.0,96.0,0.0,0.0,1998.0,2024.0,1998.0,2017.0,96.0,4.0,reg,5.0,89.0,-0.004746685112035515,0.019618785795451114,,,
h2,H2,H2b,log(naissances / 1 000 f. 25-39),"département, bascule D3 ≥ 50 %",cs,-3,0.007096368269942985,0.004862135267185439,-0.0024332417417025076,0.016625978281588478,0.1444229108695066,96,2592,False,"test primaire du papier ; contrôle = not_yet_treated ; fenêtre 1998-2024 ; 96 traitées, 0 jamais traitées sur la fenêtre ; ATT(g,t) identifiés jusqu'en 2017 (sans unité jamais traitée, la dernière cohorte sert de contrôle) ; grappes = dep (96) ; bandes simultanées sup-t (bootstrap multiplicateur Rademacher, 999 tirages, valeur critique 2.75)",event,0.0,96.0,0.0,0.0,1998.0,2024.0,1998.0,2017.0,96.0,4.0,reg,5.0,89.0,-0.006280881315455735,0.020473617855341707,,,
h2,H2,H2b,log(naissances / 1 000 f. 25-39),"département, bascule D3 ≥ 50 %",cs,-2,0.002929078622572049,0.004354561902505145,-0.005605705874788253,0.011463863119932352,0.5011725328409993,96,2592,False,"test primaire du papier ; contrôle = not_yet_treated ; fenêtre 1998-2024 ; 96 traitées, 0 jamais traitées sur la fenêtre ; ATT(g,t) identifiés jusqu'en 2017 (sans unité jamais traitée, la dernière cohorte sert de contrôle) ; grappes = dep (96) ; bandes simultanées sup-t (bootstrap multiplicateur Rademacher, 999 tirages, valeur critique 2.75)",event,0.0,96.0,0.0,0.0,1998.0,2024.0,1998.0,2017.0,96.0,4.0,reg,5.0,89.0,-0.009051678432465744,0.014909835677609843,,,
h2,H2,H2b,log(naissances / 1 000 f. 25-39),"département, bascule D3 ≥ 50 %",cs,0,0.009790283759449542,0.005131945524913047,-0.00026814464000153235,0.019848712158900616,0.0564282055047849,96,2592,False,"test primaire du papier ; contrôle = not_yet_treated ; fenêtre 1998-2024 ; 96 traitées, 0 jamais traitées sur la fenêtre ; ATT(g,t) identifiés jusqu'en 2017 (sans unité jamais traitée, la dernière cohorte sert de contrôle) ; grappes = dep (96) ; bandes simultanées sup-t (bootstrap multiplicateur Rademacher, 999 tirages, valeur critique 2.75)",event,0.0,96.0,0.0,0.0,1998.0,2024.0,1998.0,2017.0,96.0,4.0,reg,5.0,89.0,-0.004329297941364038,0.02390986546026312,,,
h2,H2,H2b,log(naissances / 1 000 f. 25-39),"département, bascule D3 ≥ 50 %",cs,1,0.011117184617210826,0.008023288102948847,-0.0046081711021576065,0.02684254033657926,0.165864637402802,96,2592,False,"test primaire du papier ; contrôle = not_yet_treated ; fenêtre 1998-2024 ; 96 traitées, 0 jamais traitées sur la fenêtre ; ATT(g,t) identifiés jusqu'en 2017 (sans unité jamais traitée, la dernière cohorte sert de contrôle) ; grappes = dep (96) ; bandes simultanées sup-t (bootstrap multiplicateur Rademacher, 999 tirages, valeur critique 2.75)",event,0.0,96.0,0.0,0.0,1998.0,2024.0,1998.0,2017.0,96.0,4.0,reg,4.0,74.0,-0.01095738171027787,0.03319175094469952,,,
h2,H2,H2b,log(naissances / 1 000 f. 25-39),"département, bascule D3 ≥ 50 %",cs,2,0.011140706215811015,0.009398396033193094,-0.007279811521691559,0.02956122395331359,0.23586574184971043,96,2592,False,"test primaire du papier ; contrôle = not_yet_treated ; fenêtre 1998-2024 ; 96 traitées, 0 jamais traitées sur la fenêtre ; ATT(g,t) identifiés jusqu'en 2017 (sans unité jamais traitée, la dernière cohorte sert de contrôle) ; grappes = dep (96) ; bandes simultanées sup-t (bootstrap multiplicateur Rademacher, 999 tirages, valeur critique 2.75)",event,0.0,96.0,0.0,0.0,1998.0,2024.0,1998.0,2017.0,96.0,4.0,reg,3.0,51.0,-0.01471721063133256,0.036998623062954594,,,
h2,H2,H2b,log(naissances / 1 000 f. 25-39),"département, bascule D3 ≥ 50 %",cs,3,0.010794338383024146,0.019099657009524994,-0.026640301472712832,0.04822897823876113,0.5719657874648394,96,2592,False,"test primaire du papier ; contrôle = not_yet_treated ; fenêtre 1998-2024 ; 96 traitées, 0 jamais traitées sur la fenêtre ; ATT(g,t) identifiés jusqu'en 2017 (sans unité jamais traitée, la dernière cohorte sert de contrôle) ; grappes = dep (96) ; bandes simultanées sup-t (bootstrap multiplicateur Rademacher, 999 tirages, valeur critique 2.75)",event,0.0,96.0,0.0,0.0,1998.0,2024.0,1998.0,2017.0,96.0,4.0,reg,2.0,35.0,-0.04175477116896671,0.06334344793501501,,,
h2,H2,H2b,log(naissances / 1 000 f. 25-39),"département, bascule D3 ≥ 50 %",cs,4,0.03823269874377099,0.01544141990768439,0.007968071854549778,0.06849732563299221,0.013286977074500647,96,2592,False,"test primaire du papier ; contrôle = not_yet_treated ; fenêtre 1998-2024 ; 96 traitées, 0 jamais traitées sur la fenêtre ; ATT(g,t) identifiés jusqu'en 2017 (sans unité jamais traitée, la dernière cohorte sert de contrôle) ; grappes = dep (96) ; bandes simultanées sup-t (bootstrap multiplicateur Rademacher, 999 tirages, valeur critique 2.75)",event,0.0,96.0,0.0,0.0,1998.0,2024.0,1998.0,2017.0,96.0,4.0,reg,1.0,2.0,-0.004251460315343958,0.08071685780288594,,,
h2,H2,H2b,log(naissances / 1 000 f. 25-39),"département, bascule D3 ≥ 50 %",cs,"ATT[1,4]",0.017821231989954243,0.011326234587132498,-0.004377779881277341,0.04002024386118583,0.1156153072968515,96,2592,False,"test primaire du papier ; contrôle = not_yet_treated ; fenêtre 1998-2024 ; 96 traitées, 0 jamais traitées sur la fenêtre ; ATT(g,t) identifiés jusqu'en 2017 (sans unité jamais traitée, la dernière cohorte sert de contrôle) ; grappes = dep (96) ; bandes simultanées sup-t (bootstrap multiplicateur Rademacher, 999 tirages, valeur critique 2.75) ; écart-type avec covariance complète des coefficients (fonctions d'influence)",post_avg,0.0,96.0,0.0,0.0,1998.0,2024.0,1998.0,2017.0,96.0,4.0,reg,,,,,4.0,,
h2,H2,H2b,log(naissances / 1 000 f. 25-39),"département, bascule D3 ≥ 50 %",cs,ATT,0.010822510654041271,0.0077186609572780516,-0.004305786831099166,0.025950808139181707,0.1608785742504173,96,2592,False,"test primaire du papier ; contrôle = not_yet_treated ; fenêtre 1998-2024 ; 96 traitées, 0 jamais traitées sur la fenêtre ; ATT(g,t) identifiés jusqu'en 2017 (sans unité jamais traitée, la dernière cohorte sert de contrôle) ; grappes = dep (96) ; bandes simultanées sup-t (bootstrap multiplicateur Rademacher, 999 tirages, valeur critique 2.75) ; moyenne de tous les ATT(g,t) post",simple,0.0,96.0,0.0,0.0,1998.0,2024.0,1998.0,2017.0,96.0,4.0,reg,,,,,,,
h2,H2,H2b,log(naissances / 1 000 f. 25-39),"département, bascule D3 ≥ 50 %",cs,Wald pré (-8..-2),21.071508739390193,,,,0.0036657429461866295,96,2592,False,"H5c : test de Wald joint de nullité des coefficients pré avec covariance des fonctions d'influence, df = 7 ; fenêtre 1998-2024 ; 96 traitées, 0 jamais traitées sur la fenêtre",pre_test,0.0,96.0,0.0,0.0,1998.0,2024.0,1998.0,2017.0,96.0,4.0,reg,,,,,,7.0,
h2,H2,H2b,log(naissances / 1 000 f. 25-39),"département, bascule D3 ≥ 50 %",cs,"ATT[1,4]",0.017821231989954243,0.010930484297300348,-0.003602123735319738,0.03924458771522822,0.10301369220263747,96,2592,False,"écart-type par bootstrap par grappes stratifié par cohorte (200 tirages, grappe = dep) ; quantiles [+0.0009, +0.0408] ; fenêtre 1998-2024 ; 96 traitées, 0 jamais traitées sur la fenêtre",post_avg_boot,0.0,96.0,0.0,0.0,1998.0,2024.0,1998.0,2017.0,96.0,4.0,reg,,,,,,,
h2,H2,H2b,log(naissances / 1 000 f. 25-39),"département, bascule D3 ≥ 50 % ; cohortes observées jusqu'à +5 (≤ 2019)",cs,"ATT[1,4]",0.017821231989954243,0.011326234587132498,-0.004377779881277341,0.04002024386118583,0.1156153072968515,96,2592,False,"test primaire du papier ; contrôle = not_yet_treated ; fenêtre 1998-2024 ; 96 traitées, 0 jamais traitées sur la fenêtre ; ATT(g,t) identifiés jusqu'en 2017 (sans unité jamais traitée, la dernière cohorte sert de contrôle) ; grappes = dep (96) ; bandes simultanées sup-t (bootstrap multiplicateur Rademacher, 999 tirages, valeur critique 2.75) ; composition constante : cohortes > 2019 exclues de l'estimation",post_avg_balanced,0.0,96.0,0.0,0.0,1998.0,2024.0,1998.0,2017.0,96.0,4.0,reg,,,,,4.0,,
h2,H2,H2b,log(naissances / 1 000 f. 25-39),"département, bascule D3 ≥ 50 %",sunab/did2s,non estimable,,,,,,96,2592,False,"aucune unité jamais traitée dans ce panel : Sun & Abraham (contrôle = jamais traitées) et did2s (pyfixest 0.60) ne sont pas estimables ; comparaisons = TWFE, Poisson, D3 continu ; fenêtre 1998-2024 ; 96 traitées, 0 jamais traitées sur la fenêtre",note,0.0,96.0,0.0,0.0,1998.0,2024.0,,,,,,,,,,,,
h2,H2,H2b,log(naissances / 1 000 f. 25-39),"département, bascule D3 ≥ 50 %",twfe,-8,-0.02702457861799611,0.016288789009639742,-0.05895001842866186,0.00490086119266964,0.0970975138160895,96,2592,False,"test primaire du papier ; fenêtre 1998-2024 ; 96 traitées, 0 jamais traitées sur la fenêtre ; cellules −8 et +8 bornées",event,0.0,96.0,0.0,0.0,1998.0,2024.0,,,,,,,,,,,,
h2,H2,H2b,log(naissances / 1 000 f. 25-39),"département, bascule D3 ≥ 50 %",twfe,-7,-0.03131467929905166,0.014284877533322039,-0.05931252478792823,-0.0033168338101751023,0.028368247834906875,96,2592,False,"test primaire du papier ; fenêtre 1998-2024 ; 96 traitées, 0 jamais traitées sur la fenêtre ; cellules −8 et +8 bornées",event,0.0,96.0,0.0,0.0,1998.0,2024.0,,,,,,,,,,,,
h2,H2,H2b,log(naissances / 1 000 f. 25-39),"département, bascule D3 ≥ 50 %",twfe,-6,-0.02293587529888135,0.013285886268194491,-0.04897573388723782,0.0031039832894751117,0.08428736749261764,96,2592,False,"test primaire du papier ; fenêtre 1998-2024 ; 96 traitées, 0 jamais traitées sur la fenêtre ; cellules −8 et +8 bornées",event,0.0,96.0,0.0,0.0,1998.0,2024.0,,,,,,,,,,,,
h2,H2,H2b,log(naissances / 1 000 f. 25-39),"département, bascule D3 ≥ 50 %",twfe,-5,-0.01838370235364213,0.01149905404399155,-0.04092143413614523,0.004154029428860968,0.1098840945279563,96,2592,False,"test primaire du papier ; fenêtre 1998-2024 ; 96 traitées, 0 jamais traitées sur la fenêtre ; cellules −8 et +8 bornées",event,0.0,96.0,0.0,0.0,1998.0,2024.0,,,,,,,,,,,,
h2,H2,H2b,log(naissances / 1 000 f. 25-39),"département, bascule D3 ≥ 50 %",twfe,-4,-0.011150228352149924,0.009586902070884359,-0.029940211134395725,0.007639754430095879,0.2448015190997832,96,2592,False,"test primaire du papier ; fenêtre 1998-2024 ; 96 traitées, 0 jamais traitées sur la fenêtre ; cellules −8 et +8 bornées",event,0.0,96.0,0.0,0.0,1998.0,2024.0,,,,,,,,,,,,
h2,H2,H2b,log(naissances / 1 000 f. 25-39),"département, bascule D3 ≥ 50 %",twfe,-3,-0.0044515765020195055,0.0075791426761670205,-0.019306423180997387,0.010403270176958378,0.556971586087376,96,2592,False,"test primaire du papier ; fenêtre 1998-2024 ; 96 traitées, 0 jamais traitées sur la fenêtre ; cellules −8 et +8 bornées",event,0.0,96.0,0.0,0.0,1998.0,2024.0,,,,,,,,,,,,
h2,H2,H2b,log(naissances / 1 000 f. 25-39),"département, bascule D3 ≥ 50 %",twfe,-2,-0.0011940180871532235,0.00464271518680447,-0.010293572643767134,0.007905536469460687,0.797039058492975,96,2592,False,"test primaire du papier ; fenêtre 1998-2024 ; 96 traitées, 0 jamais traitées sur la fenêtre ; cellules −8 et +8 bornées",event,0.0,96.0,0.0,0.0,1998.0,2024.0,,,,,,,,,,,,
h2,H2,H2b,log(naissances / 1 000 f. 25-39),"département, bascule D3 ≥ 50 %",twfe,0,0.011578764037430342,0.0040842780979499825,0.0035737260626026203,0.019583802012258063,0.004583145880692324,96,2592,False,"test primaire du papier ; fenêtre 1998-2024 ; 96 traitées, 0 jamais traitées sur la fenêtre ; cellules −8 et +8 bornées",event,0.0,96.0,0.0,0.0,1998.0,2024.0,,,,,,,,,,,,
h2,H2,H2b,log(naissances / 1 000 f. 25-39),"département, bascule D3 ≥ 50 %",twfe,1,0.01592376431284551,0.007015502776722226,0.002173631537029203,0.02967389708866182,0.023219927288793116,96,2592,False,"test primaire du papier ; fenêtre 1998-2024 ; 96 traitées, 0 jamais traitées sur la fenêtre ; cellules −8 et +8 bornées",event,0.0,96.0,0.0,0.0,1998.0,2024.0,,,,,,,,,,,,
h2,H2,H2b,log(naissances / 1 000 f. 25-39),"département, bascule D3 ≥ 50 %",twfe,2,0.024529577305916088,0.009955300983429586,0.0050175459231379185,0.04404160868869426,0.013740705954156196,96,2592,False,"test primaire du papier ; fenêtre 1998-2024 ; 96 traitées, 0 jamais traitées sur la fenêtre ; cellules −8 et +8 bornées",event,0.0,96.0,0.0,0.0,1998.0,2024.0,,,,,,,,,,,,
h2,H2,H2b,log(naissances / 1 000 f. 25-39),"département, bascule D3 ≥ 50 %",twfe,3,0.038892189609168196,0.01322951118176485,0.01296282415983916,0.06482155505849724,0.003284183435621078,96,2592,False,"test primaire du papier ; fenêtre 1998-2024 ; 96 traitées, 0 jamais traitées sur la fenêtre ; cellules −8 et +8 bornées",event,0.0,96.0,0.0,0.0,1998.0,2024.0,,,,,,,,,,,,
h2,H2,H2b,log(naissances / 1 000 f. 25-39),"département, bascule D3 ≥ 50 %",twfe,4,0.04284187824450603,0.017045555653229887,0.009433203067702338,0.07625055342130974,0.01195820516489788,96,2592,False,"test primaire du papier ; fenêtre 1998-2024 ; 96 traitées, 0 jamais traitées sur la fenêtre ; cellules −8 et +8 bornées",event,0.0,96.0,0.0,0.0,1998.0,2024.0,,,,,,,,,,,,
h2,H2,H2b,log(naissances / 1 000 f. 25-39),"département, bascule D3 ≥ 50 %",twfe,5,0.05223840976778493,0.02057199553303495,0.011918039432917561,0.09255878010265231,0.011107543505307493,96,2592,False,"test primaire du papier ; fenêtre 1998-2024 ; 96 traitées, 0 jamais traitées sur la fenêtre ; cellules −8 et +8 bornées",event,0.0,96.0,0.0,0.0,1998.0,2024.0,,,,,,,,,,,,
h2,H2,H2b,log(naissances / 1 000 f. 25-39),"département, bascule D3 ≥ 50 %",twfe,6,0.051271790455599854,0.024395894635132552,0.0034567156001061305,0.09908686531109358,0.03558337697433133,96,2592,False,"test primaire du papier ; fenêtre 1998-2024 ; 96 traitées, 0 jamais traitées sur la fenêtre ; cellules −8 et +8 bornées",event,0.0,96.0,0.0,0.0,1998.0,2024.0,,,,,,,,,,,,
h2,H2,H2b,log(naissances / 1 000 f. 25-39),"département, bascule D3 ≥ 50 %",twfe,7,0.044124660470840564,0.02704884502778906,-0.008890101607031312,0.09713942254871244,0.10282797234573962,96,2592,False,"test primaire du papier ; fenêtre 1998-2024 ; 96 traitées, 0 jamais traitées sur la fenêtre ; cellules −8 et +8 bornées",event,0.0,96.0,0.0,0.0,1998.0,2024.0,,,,,,,,,,,,
h2,H2,H2b,log(naissances / 1 000 f. 25-39),"département, bascule D3 ≥ 50 %",twfe,8,0.040815354733080705,0.03387260999911668,-0.025573740927559305,0.10720445039372072,0.22821629826870415,96,2592,False,"test primaire du papier ; fenêtre 1998-2024 ; 96 traitées, 0 jamais traitées sur la fenêtre ; cellules −8 et +8 bornées",event,0.0,96.0,0.0,0.0,1998.0,2024.0,,,,,,,,,,,,
h2,H2,H2b,log(naissances / 1 000 f. 25-39),"département, bascule D3 ≥ 50 %",twfe,"ATT[1,5]",0.03488516384804415,0.013326598176994357,0.008765511384698072,0.061004816311390236,0.00885221070760459,96,2592,False,"test primaire du papier ; fenêtre 1998-2024 ; 96 traitées, 0 jamais traitées sur la fenêtre ; écart-type avec covariance complète (w'Vw)",post_avg,0.0,96.0,0.0,0.0,1998.0,2024.0,,,,,,,,,,,,
h2,H2,H2b,log(naissances / 1 000 f. 25-39),"département, bascule D3 ≥ 50 %",twfe,Wald pré (-8..−2),19.45854240444443,,,,0.0068659931583974635,96,2592,False,"test de Wald joint, covariance groupée, df = 7 ; fenêtre 1998-2024 ; 96 traitées, 0 jamais traitées sur la fenêtre",pre_test,0.0,96.0,0.0,0.0,1998.0,2024.0,,,,,,,,,,,7.0,
h2,H2,H2b,log(naissances / 1 000 f. 25-39),"département, bascule D3 ≥ 50 %",twfe,ATT,0.012281354014328841,0.004263548648166093,0.003924952217588866,0.020637755811068817,0.003969852424468338,96,2592,False,"test primaire du papier ; fenêtre 1998-2024 ; 96 traitées, 0 jamais traitées sur la fenêtre",static,0.0,96.0,0.0,0.0,1998.0,2024.0,,,,,,,,,,,,
h2,H2,H2b,log(naissances / 1 000 f. 25-39),"département, bascule D3 ≥ 50 %",twfe_poisson,ATT (log du taux contrefactuel),0.008139232167410264,0.008977678815299197,-0.009456694975344382,0.025735159310164908,0.36461432228323887,96,2592,False,"test primaire du papier ; fenêtre 1998-2024 ; 96 traitées, 0 jamais traitées sur la fenêtre ; Poisson à effets fixes, offset = log(women)",static,0.0,96.0,0.0,0.0,1998.0,2024.0,,,,,,,,,,,,
h2,H2,H2b,log(naissances / 1 000 f. 25-39),"département, bascule D3 ≥ 50 %",twfe_poisson,ATT en % du taux contrefactuel,0.8172445767462344,0.9051048408534925,-0.9412121190890077,2.6069167761958,0.3665640661572196,96,2592,False,"test primaire du papier ; fenêtre 1998-2024 ; 96 traitées, 0 jamais traitées sur la fenêtre ; Poisson à effets fixes, offset = log(women)",static,0.0,96.0,0.0,0.0,1998.0,2024.0,,,,,,,,,,,,
h2,H2,H2b,log(naissances / 1 000 f. 25-39),"département, bascule D3 ≥ 50 %, référence −2 (anticipation = 1)",cs,-8,-0.010246418371556711,0.00468029000246408,-0.019419618213589188,-0.0010732185295242325,0.028577223382864808,96,2592,True,"complément A2 : année −1 partiellement exposée ; contrôle = not_yet_treated ; fenêtre 1998-2024 ; 96 traitées, 0 jamais traitées sur la fenêtre ; ATT(g,t) identifiés jusqu'en 2016 (sans unité jamais traitée, la dernière cohorte sert de contrôle) ; référence −2 ; grappes = dep (96)",event,0.0,96.0,0.0,0.0,1998.0,2024.0,1998.0,2016.0,96.0,3.0,reg,5.0,89.0,,,,,
h2,H2,H2b,log(naissances / 1 000 f. 25-39),"département, bascule D3 ≥ 50 %, référence −2 (anticipation = 1)",cs,-7,-0.006281173476123162,0.005343056551136793,-0.01675337188371207,0.0041910249314657455,0.23976401938373493,96,2592,True,"complément A2 : année −1 partiellement exposée ; contrôle = not_yet_treated ; fenêtre 1998-2024 ; 96 traitées, 0 jamais traitées sur la fenêtre ; ATT(g,t) identifiés jusqu'en 2016 (sans unité jamais traitée, la dernière cohorte sert de contrôle) ; référence −2 ; grappes = dep (96)",event,0.0,96.0,0.0,0.0,1998.0,2024.0,1998.0,2016.0,96.0,3.0,reg,5.0,89.0,,,,,
h2,H2,H2b,log(naissances / 1 000 f. 25-39),"département, bascule D3 ≥ 50 %, référence −2 (anticipation = 1)",cs,-6,0.0023951300083609123,0.005954747978246086,-0.009275961566014117,0.014066221582735943,0.6875207309269278,96,2592,True,"complément A2 : année −1 partiellement exposée ; contrôle = not_yet_treated ; fenêtre 1998-2024 ; 96 traitées, 0 jamais traitées sur la fenêtre ; ATT(g,t) identifiés jusqu'en 2016 (sans unité jamais traitée, la dernière cohorte sert de contrôle) ; référence −2 ; grappes = dep (96)",event,0.0,96.0,0.0,0.0,1998.0,2024.0,1998.0,2016.0,96.0,3.0,reg,5.0,89.0,,,,,
h2,H2,H2b,log(naissances / 1 000 f. 25-39),"département, bascule D3 ≥ 50 %, référence −2 (anticipation = 1)",cs,-5,0.0007434215446122316,0.004494105862165365,-0.008064864087942212,0.009551707177166675,0.8686122652096862,96,2592,True,"complément A2 : année −1 partiellement exposée ; contrôle = not_yet_treated ; fenêtre 1998-2024 ; 96 traitées, 0 jamais traitées sur la fenêtre ; ATT(g,t) identifiés jusqu'en 2016 (sans unité jamais traitée, la dernière cohorte sert de contrôle) ; référence −2 ; grappes = dep (96)",event,0.0,96.0,0.0,0.0,1998.0,2024.0,1998.0,2016.0,96.0,3.0,reg,5.0,89.0,,,,,
h2,H2,H2b,log(naissances / 1 000 f. 25-39),"département, bascule D3 ≥ 50 %, référence −2 (anticipation = 1)",cs,-4,0.0045069717191357555,0.004528190482313335,-0.004368118541335436,0.013382061979606948,0.319583534580676,96,2592,True,"complément A2 : année −1 partiellement exposée ; contrôle = not_yet_treated ; fenêtre 1998-2024 ; 96 traitées, 0 jamais traitées sur la fenêtre ; ATT(g,t) identifiés jusqu'en 2016 (sans unité jamais traitée, la dernière cohorte sert de contrôle) ; référence −2 ; grappes = dep (96)",event,0.0,96.0,0.0,0.0,1998.0,2024.0,1998.0,2016.0,96.0,3.0,reg,5.0,89.0,,,,,
h2,H2,H2b,log(naissances / 1 000 f. 25-39),"département, bascule D3 ≥ 50 %, référence −2 (anticipation = 1)",cs,-3,0.004167289647370941,0.004405391625551721,-0.004467119276504797,0.012801698571246679,0.3441729963555824,96,2592,True,"complément A2 : année −1 partiellement exposée ; contrôle = not_yet_treated ; fenêtre 1998-2024 ; 96 traitées, 0 jamais traitées sur la fenêtre ; ATT(g,t) identifiés jusqu'en 2016 (sans unité jamais traitée, la dernière cohorte sert de contrôle) ; référence −2 ; grappes = dep (96)",event,0.0,96.0,0.0,0.0,1998.0,2024.0,1998.0,2016.0,96.0,3.0,reg,5.0,89.0,,,,,
h2,H2,H2b,log(naissances / 1 000 f. 25-39),"département, bascule D3 ≥ 50 %, référence −2 (anticipation = 1)",cs,-1,-0.002929078622572049,0.004354561902505145,-0.011463863119932352,0.005605705874788253,0.5011725328409993,96,2592,True,"complément A2 : année −1 partiellement exposée ; contrôle = not_yet_treated ; fenêtre 1998-2024 ; 96 traitées, 0 jamais traitées sur la fenêtre ; ATT(g,t) identifiés jusqu'en 2016 (sans unité jamais traitée, la dernière cohorte sert de contrôle) ; référence −2 ; grappes = dep (96)",event,0.0,96.0,0.0,0.0,1998.0,2024.0,1998.0,2016.0,96.0,3.0,reg,5.0,89.0,,,,,
h2,H2,H2b,log(naissances / 1 000 f. 25-39),"département, bascule D3 ≥ 50 %, référence −2 (anticipation = 1)",cs,0,-0.001063306756465368,0.006237306569591465,-0.01328820299339971,0.011161589480468975,0.8646363517405049,96,2592,True,"complément A2 : année −1 partiellement exposée ; contrôle = not_yet_treated ; fenêtre 1998-2024 ; 96 traitées, 0 jamais traitées sur la fenêtre ; ATT(g,t) identifiés jusqu'en 2016 (sans unité jamais traitée, la dernière cohorte sert de contrôle) ; référence −2 ; grappes = dep (96)",event,0.0,96.0,0.0,0.0,1998.0,2024.0,1998.0,2016.0,96.0,3.0,reg,4.0,74.0,,,,,
h2,H2,H2b,log(naissances / 1 000 f. 25-39),"département, bascule D3 ≥ 50 %, référence −2 (anticipation = 1)",cs,1,-0.0008472386225355094,0.006639839429775357,-0.013861084768024178,0.01216660752295316,0.8984661138269843,96,2592,True,"complément A2 : année −1 partiellement exposée ; contrôle = not_yet_treated ; fenêtre 1998-2024 ; 96 traitées, 0 jamais traitées sur la fenêtre ; ATT(g,t) identifiés jusqu'en 2016 (sans unité jamais traitée, la dernière cohorte sert de contrôle) ; référence −2 ; grappes = dep (96)",event,0.0,96.0,0.0,0.0,1998.0,2024.0,1998.0,2016.0,96.0,3.0,reg,3.0,51.0,,,,,
h2,H2,H2b,log(naissances / 1 000 f. 25-39),"département, bascule D3 ≥ 50 %, référence −2 (anticipation = 1)",cs,2,0.013840429755543615,0.011455750205876802,-0.008612428063862226,0.03629328757494946,0.22698402619302538,96,2592,True,"complément A2 : année −1 partiellement exposée ; contrôle = not_yet_treated ; fenêtre 1998-2024 ; 96 traitées, 0 jamais traitées sur la fenêtre ; ATT(g,t) identifiés jusqu'en 2016 (sans unité jamais traitée, la dernière cohorte sert de contrôle) ; référence −2 ; grappes = dep (96)",event,0.0,96.0,0.0,0.0,1998.0,2024.0,1998.0,2016.0,96.0,3.0,reg,2.0,35.0,,,,,
h2,H2,H2b,log(naissances / 1 000 f. 25-39),"département, bascule D3 ≥ 50 %, référence −2 (anticipation = 1)",cs,3,-0.011008514562675743,0.01708749011380986,-0.0444993797719273,0.022482350646575812,0.5194171628624831,96,2592,True,"complément A2 : année −1 partiellement exposée ; contrôle = not_yet_treated ; fenêtre 1998-2024 ; 96 traitées, 0 jamais traitées sur la fenêtre ; ATT(g,t) identifiés jusqu'en 2016 (sans unité jamais traitée, la dernière cohorte sert de contrôle) ; référence −2 ; grappes = dep (96)",event,0.0,96.0,0.0,0.0,1998.0,2024.0,1998.0,2016.0,96.0,3.0,reg,1.0,2.0,,,,,
h2,H2,H2b,log(naissances / 1 000 f. 25-39),"département, bascule D3 ≥ 50 %, référence −2 (anticipation = 1)",cs,"ATT[1,3]",0.000661558856777454,0.007391293283050333,-0.013825109777174015,0.015148227490728923,0.9286804563047145,96,2592,True,"complément A2 : année −1 partiellement exposée ; contrôle = not_yet_treated ; fenêtre 1998-2024 ; 96 traitées, 0 jamais traitées sur la fenêtre ; ATT(g,t) identifiés jusqu'en 2016 (sans unité jamais traitée, la dernière cohorte sert de contrôle) ; référence −2 ; grappes = dep (96) ; écart-type avec covariance complète des coefficients (fonctions d'influence)",post_avg,0.0,96.0,0.0,0.0,1998.0,2024.0,1998.0,2016.0,96.0,3.0,reg,,,,,3.0,,
h2,H2,H2b,log(naissances / 1 000 f. 25-39),"département, bascule D3 ≥ 50 %, référence −2 (anticipation = 1)",cs,ATT,0.0021018774234007826,0.006023818563230496,-0.009704590009934806,0.013908344856736369,0.7271435557066779,96,2592,True,"complément A2 : année −1 partiellement exposée ; contrôle = not_yet_treated ; fenêtre 1998-2024 ; 96 traitées, 0 jamais traitées sur la fenêtre ; ATT(g,t) identifiés jusqu'en 2016 (sans unité jamais traitée, la dernière cohorte sert de contrôle) ; référence −2 ; grappes = dep (96) ; moyenne de tous les ATT(g,t) post",simple,0.0,96.0,0.0,0.0,1998.0,2024.0,1998.0,2016.0,96.0,3.0,reg,,,,,,,
h2,H2,H2b,log(naissances / 1 000 f. 25-39),"département, bascule D3 ≥ 50 %, référence −2 (anticipation = 1)",cs,Wald pré (-8..-3),20.432573431458753,,,,0.0023186208498043397,96,2592,True,"H5c : test de Wald joint de nullité des coefficients pré avec covariance des fonctions d'influence, df = 6 ; fenêtre 1998-2024 ; 96 traitées, 0 jamais traitées sur la fenêtre",pre_test,0.0,96.0,0.0,0.0,1998.0,2024.0,1998.0,2016.0,96.0,3.0,reg,,,,,,6.0,
h2,H2,H2a,log(naissances / 1 000 f. 15-19),"département, bascule D3 ≥ 50 %",cs,-8,0.023463384573677724,0.03716864571257065,-0.04938582237708984,0.09631259152444528,0.5278651669857589,96,2592,False," ; contrôle = not_yet_treated ; fenêtre 1998-2024 ; 96 traitées, 0 jamais traitées sur la fenêtre ; ATT(g,t) identifiés jusqu'en 2017 (sans unité jamais traitée, la dernière cohorte sert de contrôle) ; grappes = dep (96)",event,0.0,96.0,0.0,0.0,1998.0,2024.0,1998.0,2017.0,96.0,4.0,reg,5.0,89.0,,,,,
h2,H2,H2a,log(naissances / 1 000 f. 15-19),"département, bascule D3 ≥ 50 %",cs,-7,0.044943112194428946,0.040877323136280674,-0.03517496893708707,0.12506119332594495,0.2715660803342542,96,2592,False," ; contrôle = not_yet_treated ; fenêtre 1998-2024 ; 96 traitées, 0 jamais traitées sur la fenêtre ; ATT(g,t) identifiés jusqu'en 2017 (sans unité jamais traitée, la dernière cohorte sert de contrôle) ; grappes = dep (96)",event,0.0,96.0,0.0,0.0,1998.0,2024.0,1998.0,2017.0,96.0,4.0,reg,5.0,89.0,,,,,
h2,H2,H2a,log(naissances / 1 000 f. 15-19),"département, bascule D3 ≥ 50 %",cs,-6,0.0649343003975815,0.03951752318856579,-0.012518621810233888,0.14238722260539688,0.10034623760051944,96,2592,False," ; contrôle = not_yet_treated ; fenêtre 1998-2024 ; 96 traitées, 0 jamais traitées sur la fenêtre ; ATT(g,t) identifiés jusqu'en 2017 (sans unité jamais traitée, la dernière cohorte sert de contrôle) ; grappes = dep (96)",event,0.0,96.0,0.0,0.0,1998.0,2024.0,1998.0,2017.0,96.0,4.0,reg,5.0,89.0,,,,,
h2,H2,H2a,log(naissances / 1 000 f. 15-19),"département, bascule D3 ≥ 50 %",cs,-5,0.05073650585398573,0.03899819026470965,-0.02569854252708574,0.12717155423505722,0.19325968072117317,96,2592,False," ; contrôle = not_yet_treated ; fenêtre 1998-2024 ; 96 traitées, 0 jamais traitées sur la fenêtre ; ATT(g,t) identifiés jusqu'en 2017 (sans unité jamais traitée, la dernière cohorte sert de contrôle) ; grappes = dep (96)",event,0.0,96.0,0.0,0.0,1998.0,2024.0,1998.0,2017.0,96.0,4.0,reg,5.0,89.0,,,,,
h2,H2,H2a,log(naissances / 1 000 f. 15-19),"département, bascule D3 ≥ 50 %",cs,-4,0.04788418956537993,0.03341621792122369,-0.01761039405976042,0.11337877319052028,0.15186853386877844,96,2592,False," ; contrôle = not_yet_treated ; fenêtre 1998-2024 ; 96 traitées, 0 jamais traitées sur la fenêtre ; ATT(g,t) identifiés jusqu'en 2017 (sans unité jamais traitée, la dernière cohorte sert de contrôle) ; grappes = dep (96)",event,0.0,96.0,0.0,0.0,1998.0,2024.0,1998.0,2017.0,96.0,4.0,reg,5.0,89.0,,,,,
h2,H2,H2a,log(naissances / 1 000 f. 15-19),"département, bascule D3 ≥ 50 %",cs,-3,-0.0006296097653914375,0.038058009189280845,-0.07522193709967631,0.07396271756889344,0.9868008598388814,96,2592,False," ; contrôle = not_yet_treated ; fenêtre 1998-2024 ; 96 traitées, 0 jamais traitées sur la fenêtre ; ATT(g,t) identifiés jusqu'en 2017 (sans unité jamais traitée, la dernière cohorte sert de contrôle) ; grappes = dep (96)",event,0.0,96.0,0.0,0.0,1998.0,2024.0,1998.0,2017.0,96.0,4.0,reg,5.0,89.0,,,,,
h2,H2,H2a,log(naissances / 1 000 f. 15-19),"département, bascule D3 ≥ 50 %",cs,-2,0.016250077022728793,0.03354683113236892,-0.049500503792161324,0.08200065783761891,0.6281021871691777,96,2592,False," ; contrôle = not_yet_treated ; fenêtre 1998-2024 ; 96 traitées, 0 jamais traitées sur la fenêtre ; ATT(g,t) identifiés jusqu'en 2017 (sans unité jamais traitée, la dernière cohorte sert de contrôle) ; grappes = dep (96)",event,0.0,96.0,0.0,0.0,1998.0,2024.0,1998.0,2017.0,96.0,4.0,reg,5.0,89.0,,,,,
h2,H2,H2a,log(naissances / 1 000 f. 15-19),"département, bascule D3 ≥ 50 %",cs,0,-0.015228405336188959,0.03475530356172839,-0.08334754858893326,0.052890737916555346,0.6612698535626651,96,2592,False," ; contrôle = not_yet_treated ; fenêtre 1998-2024 ; 96 traitées, 0 jamais traitées sur la fenêtre ; ATT(g,t) identifiés jusqu'en 2017 (sans unité jamais traitée, la dernière cohorte sert de contrôle) ; grappes = dep (96)",event,0.0,96.0,0.0,0.0,1998.0,2024.0,1998.0,2017.0,96.0,4.0,reg,5.0,89.0,,,,,
h2,H2,H2a,log(naissances / 1 000 f. 15-19),"département, bascule D3 ≥ 50 %",cs,1,-0.07444822465538996,0.043454484043398016,-0.15961744834722053,0.01072099903644061,0.08666727660433099,96,2592,False," ; contrôle = not_yet_treated ; fenêtre 1998-2024 ; 96 traitées, 0 jamais traitées sur la fenêtre ; ATT(g,t) identifiés jusqu'en 2017 (sans unité jamais traitée, la dernière cohorte sert de contrôle) ; grappes = dep (96)",event,0.0,96.0,0.0,0.0,1998.0,2024.0,1998.0,2017.0,96.0,4.0,reg,4.0,74.0,,,,,
h2,H2,H2a,log(naissances / 1 000 f. 15-19),"département, bascule D3 ≥ 50 %",cs,2,-0.003899790622336876,0.05965002484265505,-0.12081169099086028,0.11301210974618653,0.9478731562030087,96,2592,False," ; contrôle = not_yet_treated ; fenêtre 1998-2024 ; 96 traitées, 0 jamais traitées sur la fenêtre ; ATT(g,t) identifiés jusqu'en 2017 (sans unité jamais traitée, la dernière cohorte sert de contrôle) ; grappes = dep (96)",event,0.0,96.0,0.0,0.0,1998.0,2024.0,1998.0,2017.0,96.0,4.0,reg,3.0,51.0,,,,,
h2,H2,H2a,log(naissances / 1 000 f. 15-19),"département, bascule D3 ≥ 50 %",cs,3,-0.14486576914607577,0.11367699007190532,-0.3676685755579275,0.07793703726577594,0.20253473940093625,96,2592,False," ; contrôle = not_yet_treated ; fenêtre 1998-2024 ; 96 traitées, 0 jamais traitées sur la fenêtre ; ATT(g,t) identifiés jusqu'en 2017 (sans unité jamais traitée, la dernière cohorte sert de contrôle) ; grappes = dep (96)",event,0.0,96.0,0.0,0.0,1998.0,2024.0,1998.0,2017.0,96.0,4.0,reg,2.0,35.0,,,,,
h2,H2,H2a,log(naissances / 1 000 f. 15-19),"département, bascule D3 ≥ 50 %",cs,4,-0.11803468281981438,0.11084783782639263,-0.3352924527236806,0.09922308708405184,0.2869504997412967,96,2592,False," ; contrôle = not_yet_treated ; fenêtre 1998-2024 ; 96 traitées, 0 jamais traitées sur la fenêtre ; ATT(g,t) identifiés jusqu'en 2017 (sans unité jamais traitée, la dernière cohorte sert de contrôle) ; grappes = dep (96)",event,0.0,96.0,0.0,0.0,1998.0,2024.0,1998.0,2017.0,96.0,4.0,reg,1.0,2.0,,,,,
h2,H2,H2a,log(naissances / 1 000 f. 15-19),"département, bascule D3 ≥ 50 %",cs,"ATT[1,4]",-0.08531211681090425,0.06883559913594908,-0.22022741197160092,0.049603178349792415,0.2152120536557549,96,2592,False," ; contrôle = not_yet_treated ; fenêtre 1998-2024 ; 96 traitées, 0 jamais traitées sur la fenêtre ; ATT(g,t) identifiés jusqu'en 2017 (sans unité jamais traitée, la dernière cohorte sert de contrôle) ; grappes = dep (96) ; écart-type avec covariance complète des coefficients (fonctions d'influence)",post_avg,0.0,96.0,0.0,0.0,1998.0,2024.0,1998.0,2017.0,96.0,4.0,reg,,,,,4.0,,
h2,H2,H2a,log(naissances / 1 000 f. 15-19),"département, bascule D3 ≥ 50 %",cs,ATT,-0.049281901621159904,0.044840173556338826,-0.1371670268521093,0.0386032236097895,0.2717432529128163,96,2592,False," ; contrôle = not_yet_treated ; fenêtre 1998-2024 ; 96 traitées, 0 jamais traitées sur la fenêtre ; ATT(g,t) identifiés jusqu'en 2017 (sans unité jamais traitée, la dernière cohorte sert de contrôle) ; grappes = dep (96) ; moyenne de tous les ATT(g,t) post",simple,0.0,96.0,0.0,0.0,1998.0,2024.0,1998.0,2017.0,96.0,4.0,reg,,,,,,,
h2,H2,H2a,log(naissances / 1 000 f. 15-19),"département, bascule D3 ≥ 50 %",cs,Wald pré (-8..-2),11.276776995723324,,,,0.12699351996402963,96,2592,False,"H5c : test de Wald joint de nullité des coefficients pré avec covariance des fonctions d'influence, df = 7 ; fenêtre 1998-2024 ; 96 traitées, 0 jamais traitées sur la fenêtre",pre_test,0.0,96.0,0.0,0.0,1998.0,2024.0,1998.0,2017.0,96.0,4.0,reg,,,,,,7.0,
h2,H2,H2a,log(naissances / 1 000 f. 15-19),"département, bascule D3 ≥ 50 %",sunab/did2s,non estimable,,,,,,96,2592,False,"aucune unité jamais traitée dans ce panel : Sun & Abraham (contrôle = jamais traitées) et did2s (pyfixest 0.60) ne sont pas estimables ; comparaisons = TWFE, Poisson, D3 continu ; fenêtre 1998-2024 ; 96 traitées, 0 jamais traitées sur la fenêtre",note,0.0,96.0,0.0,0.0,1998.0,2024.0,,,,,,,,,,,,
h2,H2,H2a,log(naissances / 1 000 f. 15-19),"département, bascule D3 ≥ 50 %",twfe,-8,0.12160628292459437,0.07251233891789291,-0.020515289789237848,0.2637278556384266,0.09353414771763364,96,2592,False," ; fenêtre 1998-2024 ; 96 traitées, 0 jamais traitées sur la fenêtre ; cellules −8 et +8 bornées",event,0.0,96.0,0.0,0.0,1998.0,2024.0,,,,,,,,,,,,
h2,H2,H2a,log(naissances / 1 000 f. 15-19),"département, bascule D3 ≥ 50 %",twfe,-7,0.1069617749778782,0.0739541303715813,-0.0379856570584009,0.2519092070141573,0.1480858115309798,96,2592,False," ; fenêtre 1998-2024 ; 96 traitées, 0 jamais traitées sur la fenêtre ; cellules −8 et +8 bornées",event,0.0,96.0,0.0,0.0,1998.0,2024.0,,,,,,,,,,,,
h2,H2,H2a,log(naissances / 1 000 f. 15-19),"département, bascule D3 ≥ 50 %",twfe,-6,0.11298154371394233,0.060477161785514814,-0.005551515272868776,0.2315146027007534,0.06173855318551403,96,2592,False," ; fenêtre 1998-2024 ; 96 traitées, 0 jamais traitées sur la fenêtre ; cellules −8 et +8 bornées",event,0.0,96.0,0.0,0.0,1998.0,2024.0,,,,,,,,,,,,
h2,H2,H2a,log(naissances / 1 000 f. 15-19),"département, bascule D3 ≥ 50 %",twfe,-5,0.10325274980724393,0.05056750547413671,0.004142260289903957,0.2023632393245839,0.04116349159034263,96,2592,False," ; fenêtre 1998-2024 ; 96 traitées, 0 jamais traitées sur la fenêtre ; cellules −8 et +8 bornées",event,0.0,96.0,0.0,0.0,1998.0,2024.0,,,,,,,,,,,,
h2,H2,H2a,log(naissances / 1 000 f. 15-19),"département, bascule D3 ≥ 50 %",twfe,-4,0.10406136610626447,0.042606319228993564,0.02055451490362073,0.1875682173089082,0.014590263214095366,96,2592,False," ; fenêtre 1998-2024 ; 96 traitées, 0 jamais traitées sur la fenêtre ; cellules −8 et +8 bornées",event,0.0,96.0,0.0,0.0,1998.0,2024.0,,,,,,,,,,,,
h2,H2,H2a,log(naissances / 1 000 f. 15-19),"département, bascule D3 ≥ 50 %",twfe,-3,0.051800020271835626,0.033143317077551075,-0.013159687528355793,0.11675972807202704,0.11807377531796402,96,2592,False," ; fenêtre 1998-2024 ; 96 traitées, 0 jamais traitées sur la fenêtre ; cellules −8 et +8 bornées",event,0.0,96.0,0.0,0.0,1998.0,2024.0,,,,,,,,,,,,
h2,H2,H2a,log(naissances / 1 000 f. 15-19),"département, bascule D3 ≥ 50 %",twfe,-2,0.03369478986229276,0.02870743813022954,-0.02257075496136901,0.08996033468595453,0.24050307118113134,96,2592,False," ; fenêtre 1998-2024 ; 96 traitées, 0 jamais traitées sur la fenêtre ; cellules −8 et +8 bornées",event,0.0,96.0,0.0,0.0,1998.0,2024.0,,,,,,,,,,,,
h2,H2,H2a,log(naissances / 1 000 f. 15-19),"département, bascule D3 ≥ 50 %",twfe,0,-0.029509419044209964,0.022900955453639443,-0.0743944669448994,0.01537562885647948,0.1975486077753238,96,2592,False," ; fenêtre 1998-2024 ; 96 traitées, 0 jamais traitées sur la fenêtre ; cellules −8 et +8 bornées",event,0.0,96.0,0.0,0.0,1998.0,2024.0,,,,,,,,,,,,
h2,H2,H2a,log(naissances / 1 000 f. 15-19),"département, bascule D3 ≥ 50 %",twfe,1,-0.08998688710201355,0.032632370214323296,-0.15394515745226484,-0.026028616751762282,0.00582281481533968,96,2592,False," ; fenêtre 1998-2024 ; 96 traitées, 0 jamais traitées sur la fenêtre ; cellules −8 et +8 bornées",event,0.0,96.0,0.0,0.0,1998.0,2024.0,,,,,,,,,,,,
h2,H2,H2a,log(naissances / 1 000 f. 15-19),"département, bascule D3 ≥ 50 %",twfe,2,-0.11000738404351915,0.04613269647375368,-0.2004258076417943,-0.019588960445243983,0.017098349147016356,96,2592,False," ; fenêtre 1998-2024 ; 96 traitées, 0 jamais traitées sur la fenêtre ; cellules −8 et +8 bornées",event,0.0,96.0,0.0,0.0,1998.0,2024.0,,,,,,,,,,,,
h2,H2,H2a,log(naissances / 1 000 f. 15-19),"département, bascule D3 ≥ 50 %",twfe,3,-0.13763553206963455,0.04915158528561551,-0.2339708690124898,-0.04130019512677929,0.005106688832992065,96,2592,False," ; fenêtre 1998-2024 ; 96 traitées, 0 jamais traitées sur la fenêtre ; cellules −8 et +8 bornées",event,0.0,96.0,0.0,0.0,1998.0,2024.0,,,,,,,,,,,,
h2,H2,H2a,log(naissances / 1 000 f. 15-19),"département, bascule D3 ≥ 50 %",twfe,4,-0.15746102690926927,0.06306944845922999,-0.28107487441416523,-0.03384717940437329,0.012537998378072708,96,2592,False," ; fenêtre 1998-2024 ; 96 traitées, 0 jamais traitées sur la fenêtre ; cellules −8 et +8 bornées",event,0.0,96.0,0.0,0.0,1998.0,2024.0,,,,,,,,,,,,
h2,H2,H2a,log(naissances / 1 000 f. 15-19),"département, bascule D3 ≥ 50 %",twfe,5,-0.1872048632526885,0.07811637026083142,-0.3403101355669138,-0.03409959093846318,0.016553082143544916,96,2592,False," ; fenêtre 1998-2024 ; 96 traitées, 0 jamais traitées sur la fenêtre ; cellules −8 et +8 bornées",event,0.0,96.0,0.0,0.0,1998.0,2024.0,,,,,,,,,,,,
h2,H2,H2a,log(naissances / 1 000 f. 15-19),"département, bascule D3 ≥ 50 %",twfe,6,-0.21320082262430792,0.09272995570797196,-0.3949481960999274,-0.03145344914868847,0.021495967080577372,96,2592,False," ; fenêtre 1998-2024 ; 96 traitées, 0 jamais traitées sur la fenêtre ; cellules −8 et +8 bornées",event,0.0,96.0,0.0,0.0,1998.0,2024.0,,,,,,,,,,,,
h2,H2,H2a,log(naissances / 1 000 f. 15-19),"département, bascule D3 ≥ 50 %",twfe,7,-0.21127677919980217,0.10278473959185701,-0.4127311669601701,-0.009822391439434253,0.039828157037577576,96,2592,False," ; fenêtre 1998-2024 ; 96 traitées, 0 jamais traitées sur la fenêtre ; cellules −8 et +8 bornées",event,0.0,96.0,0.0,0.0,1998.0,2024.0,,,,,,,,,,,,
h2,H2,H2a,log(naissances / 1 000 f. 15-19),"département, bascule D3 ≥ 50 %",twfe,8,-0.320160468571891,0.12822517454006707,-0.5714771925817848,-0.06884374456199727,0.012529797497502815,96,2592,False," ; fenêtre 1998-2024 ; 96 traitées, 0 jamais traitées sur la fenêtre ; cellules −8 et +8 bornées",event,0.0,96.0,0.0,0.0,1998.0,2024.0,,,,,,,,,,,,
h2,H2,H2a,log(naissances / 1 000 f. 15-19),"département, bascule D3 ≥ 50 %",twfe,"ATT[1,5]",-0.13645913867542503,0.050966717092986134,-0.2363520685879198,-0.03656620876293025,0.007419230213973248,96,2592,False," ; fenêtre 1998-2024 ; 96 traitées, 0 jamais traitées sur la fenêtre ; écart-type avec covariance complète (w'Vw)",post_avg,0.0,96.0,0.0,0.0,1998.0,2024.0,,,,,,,,,,,,
h2,H2,H2a,log(naissances / 1 000 f. 15-19),"département, bascule D3 ≥ 50 %",twfe,Wald pré (-8..−2),12.069858531383684,,,,0.0982848109775816,96,2592,False,"test de Wald joint, covariance groupée, df = 7 ; fenêtre 1998-2024 ; 96 traitées, 0 jamais traitées sur la fenêtre",pre_test,0.0,96.0,0.0,0.0,1998.0,2024.0,,,,,,,,,,,7.0,
h2,H2,H2a,log(naissances / 1 000 f. 15-19),"département, bascule D3 ≥ 50 %",twfe,ATT,-0.051554723048378125,0.02204466492436695,-0.09476147235139074,-0.008347973745365507,0.019353631381467028,96,2592,False," ; fenêtre 1998-2024 ; 96 traitées, 0 jamais traitées sur la fenêtre",static,0.0,96.0,0.0,0.0,1998.0,2024.0,,,,,,,,,,,,
h2,H2,H2a,log(naissances / 1 000 f. 15-19),"département, bascule D3 ≥ 50 %",twfe_poisson,ATT (log du taux contrefactuel),-0.03373746520799934,0.02583466223173998,-0.08437247273496687,0.016897542318968194,0.1915868325417711,96,2592,False," ; fenêtre 1998-2024 ; 96 traitées, 0 jamais traitées sur la fenêtre ; Poisson à effets fixes, offset = log(women)",static,0.0,96.0,0.0,0.0,1998.0,2024.0,,,,,,,,,,,,
h2,H2,H2a,log(naissances / 1 000 f. 15-19),"département, bascule D3 ≥ 50 %",twfe_poisson,ATT en % du taux contrefactuel,-3.3174703400417282,2.4977604974752046,-8.091114357537244,1.7041113719049816,0.184119337140927,96,2592,False," ; fenêtre 1998-2024 ; 96 traitées, 0 jamais traitées sur la fenêtre ; Poisson à effets fixes, offset = log(women)",static,0.0,96.0,0.0,0.0,1998.0,2024.0,,,,,,,,,,,,
h2,H2,H2a,log(naissances / 1 000 f. 20-24),"département, bascule D3 ≥ 50 %",cs,-8,0.025407438371192734,0.01498734973978456,-0.003967227342490755,0.05478210408487622,0.09002631358780033,96,2592,False," ; contrôle = not_yet_treated ; fenêtre 1998-2024 ; 96 traitées, 0 jamais traitées sur la fenêtre ; ATT(g,t) identifiés jusqu'en 2017 (sans unité jamais traitée, la dernière cohorte sert de contrôle) ; grappes = dep (96)",event,0.0,96.0,0.0,0.0,1998.0,2024.0,1998.0,2017.0,96.0,4.0,reg,5.0,89.0,,,,,
h2,H2,H2a,log(naissances / 1 000 f. 20-24),"département, bascule D3 ≥ 50 %",cs,-7,0.014893508685384043,0.014192776174819557,-0.012923821457900444,0.04271083882866853,0.2940067206173621,96,2592,False," ; contrôle = not_yet_treated ; fenêtre 1998-2024 ; 96 traitées, 0 jamais traitées sur la fenêtre ; ATT(g,t) identifiés jusqu'en 2017 (sans unité jamais traitée, la dernière cohorte sert de contrôle) ; grappes = dep (96)",event,0.0,96.0,0.0,0.0,1998.0,2024.0,1998.0,2017.0,96.0,4.0,reg,5.0,89.0,,,,,
h2,H2,H2a,log(naissances / 1 000 f. 20-24),"département, bascule D3 ≥ 50 %",cs,-6,0.01538968252962907,0.011135559586957649,-0.006435613208507643,0.037214978267765784,0.16696234888055383,96,2592,False," ; contrôle = not_yet_treated ; fenêtre 1998-2024 ; 96 traitées, 0 jamais traitées sur la fenêtre ; ATT(g,t) identifiés jusqu'en 2017 (sans unité jamais traitée, la dernière cohorte sert de contrôle) ; grappes = dep (96)",event,0.0,96.0,0.0,0.0,1998.0,2024.0,1998.0,2017.0,96.0,4.0,reg,5.0,89.0,,,,,
h2,H2,H2a,log(naissances / 1 000 f. 20-24),"département, bascule D3 ≥ 50 %",cs,-5,0.015970825421663486,0.012706165621702863,-0.008932801578475109,0.040874452421802085,0.20877714111614654,96,2592,False," ; contrôle = not_yet_treated ; fenêtre 1998-2024 ; 96 traitées, 0 jamais traitées sur la fenêtre ; ATT(g,t) identifiés jusqu'en 2017 (sans unité jamais traitée, la dernière cohorte sert de contrôle) ; grappes = dep (96)",event,0.0,96.0,0.0,0.0,1998.0,2024.0,1998.0,2017.0,96.0,4.0,reg,5.0,89.0,,,,,
h2,H2,H2a,log(naissances / 1 000 f. 20-24),"département, bascule D3 ≥ 50 %",cs,-4,0.01239135161111787,0.013758299304844838,-0.014574419514900475,0.039357122737136215,0.36777678592525864,96,2592,False," ; contrôle = not_yet_treated ; fenêtre 1998-2024 ; 96 traitées, 0 jamais traitées sur la fenêtre ; ATT(g,t) identifiés jusqu'en 2017 (sans unité jamais traitée, la dernière cohorte sert de contrôle) ; grappes = dep (96)",event,0.0,96.0,0.0,0.0,1998.0,2024.0,1998.0,2017.0,96.0,4.0,reg,5.0,89.0,,,,,
h2,H2,H2a,log(naissances / 1 000 f. 20-24),"département, bascule D3 ≥ 50 %",cs,-3,0.021538749332178586,0.012986177118867305,-0.003913690117659456,0.04699118878201663,0.09719834777528892,96,2592,False," ; contrôle = not_yet_treated ; fenêtre 1998-2024 ; 96 traitées, 0 jamais traitées sur la fenêtre ; ATT(g,t) identifiés jusqu'en 2017 (sans unité jamais traitée, la dernière cohorte sert de contrôle) ; grappes = dep (96)",event,0.0,96.0,0.0,0.0,1998.0,2024.0,1998.0,2017.0,96.0,4.0,reg,5.0,89.0,,,,,
h2,H2,H2a,log(naissances / 1 000 f. 20-24),"département, bascule D3 ≥ 50 %",cs,-2,0.01317308961538855,0.010230263554430089,-0.006877858503647144,0.03322403773442424,0.19786473663589232,96,2592,False," ; contrôle = not_yet_treated ; fenêtre 1998-2024 ; 96 traitées, 0 jamais traitées sur la fenêtre ; ATT(g,t) identifiés jusqu'en 2017 (sans unité jamais traitée, la dernière cohorte sert de contrôle) ; grappes = dep (96)",event,0.0,96.0,0.0,0.0,1998.0,2024.0,1998.0,2017.0,96.0,4.0,reg,5.0,89.0,,,,,
h2,H2,H2a,log(naissances / 1 000 f. 20-24),"département, bascule D3 ≥ 50 %",cs,0,0.0035830034978623186,0.011031537285101867,-0.018038412275048106,0.025204419270772743,0.745335176125318,96,2592,False," ; contrôle = not_yet_treated ; fenêtre 1998-2024 ; 96 traitées, 0 jamais traitées sur la fenêtre ; ATT(g,t) identifiés jusqu'en 2017 (sans unité jamais traitée, la dernière cohorte sert de contrôle) ; grappes = dep (96)",event,0.0,96.0,0.0,0.0,1998.0,2024.0,1998.0,2017.0,96.0,4.0,reg,5.0,89.0,,,,,
h2,H2,H2a,log(naissances / 1 000 f. 20-24),"département, bascule D3 ≥ 50 %",cs,1,-0.013474806035101733,0.011996280915328667,-0.03698708457757111,0.010037472507367647,0.2613319167125133,96,2592,False," ; contrôle = not_yet_treated ; fenêtre 1998-2024 ; 96 traitées, 0 jamais traitées sur la fenêtre ; ATT(g,t) identifiés jusqu'en 2017 (sans unité jamais traitée, la dernière cohorte sert de contrôle) ; grappes = dep (96)",event,0.0,96.0,0.0,0.0,1998.0,2024.0,1998.0,2017.0,96.0,4.0,reg,4.0,74.0,,,,,
h2,H2,H2a,log(naissances / 1 000 f. 20-24),"département, bascule D3 ≥ 50 %",cs,2,-0.027872429576883535,0.02386987010093724,-0.07465651529036998,0.01891165613660292,0.24293485860571162,96,2592,False," ; contrôle = not_yet_treated ; fenêtre 1998-2024 ; 96 traitées, 0 jamais traitées sur la fenêtre ; ATT(g,t) identifiés jusqu'en 2017 (sans unité jamais traitée, la dernière cohorte sert de contrôle) ; grappes = dep (96)",event,0.0,96.0,0.0,0.0,1998.0,2024.0,1998.0,2017.0,96.0,4.0,reg,3.0,51.0,,,,,
h2,H2,H2a,log(naissances / 1 000 f. 20-24),"département, bascule D3 ≥ 50 %",cs,3,-0.030201546712148142,0.0417360377784967,-0.11200267761540476,0.05159958419110848,0.46929148101572693,96,2592,False," ; contrôle = not_yet_treated ; fenêtre 1998-2024 ; 96 traitées, 0 jamais traitées sur la fenêtre ; ATT(g,t) identifiés jusqu'en 2017 (sans unité jamais traitée, la dernière cohorte sert de contrôle) ; grappes = dep (96)",event,0.0,96.0,0.0,0.0,1998.0,2024.0,1998.0,2017.0,96.0,4.0,reg,2.0,35.0,,,,,
h2,H2,H2a,log(naissances / 1 000 f. 20-24),"département, bascule D3 ≥ 50 %",cs,4,0.004314765869433468,0.03579796228137753,-0.06584795092198979,0.07447748266085673,0.9040624870721037,96,2592,False," ; contrôle = not_yet_treated ; fenêtre 1998-2024 ; 96 traitées, 0 jamais traitées sur la fenêtre ; ATT(g,t) identifiés jusqu'en 2017 (sans unité jamais traitée, la dernière cohorte sert de contrôle) ; grappes = dep (96)",event,0.0,96.0,0.0,0.0,1998.0,2024.0,1998.0,2017.0,96.0,4.0,reg,1.0,2.0,,,,,
h2,H2,H2a,log(naissances / 1 000 f. 20-24),"département, bascule D3 ≥ 50 %",cs,"ATT[1,4]",-0.016808504113674985,0.020188469241390006,-0.05637717672979406,0.022760168502444094,0.40508196683698416,96,2592,False," ; contrôle = not_yet_treated ; fenêtre 1998-2024 ; 96 traitées, 0 jamais traitées sur la fenêtre ; ATT(g,t) identifiés jusqu'en 2017 (sans unité jamais traitée, la dernière cohorte sert de contrôle) ; grappes = dep (96) ; écart-type avec covariance complète des coefficients (fonctions d'influence)",post_avg,0.0,96.0,0.0,0.0,1998.0,2024.0,1998.0,2017.0,96.0,4.0,reg,,,,,4.0,,
h2,H2,H2a,log(naissances / 1 000 f. 20-24),"département, bascule D3 ≥ 50 %",cs,ATT,-0.012542497397988687,0.014134795470742745,-0.04024618744948435,0.015161192653506975,0.37489100277779264,96,2592,False," ; contrôle = not_yet_treated ; fenêtre 1998-2024 ; 96 traitées, 0 jamais traitées sur la fenêtre ; ATT(g,t) identifiés jusqu'en 2017 (sans unité jamais traitée, la dernière cohorte sert de contrôle) ; grappes = dep (96) ; moyenne de tous les ATT(g,t) post",simple,0.0,96.0,0.0,0.0,1998.0,2024.0,1998.0,2017.0,96.0,4.0,reg,,,,,,,
h2,H2,H2a,log(naissances / 1 000 f. 20-24),"département, bascule D3 ≥ 50 %",cs,Wald pré (-8..-2),5.575864947446522,,,,0.5900495951652124,96,2592,False,"H5c : test de Wald joint de nullité des coefficients pré avec covariance des fonctions d'influence, df = 7 ; fenêtre 1998-2024 ; 96 traitées, 0 jamais traitées sur la fenêtre",pre_test,0.0,96.0,0.0,0.0,1998.0,2024.0,1998.0,2017.0,96.0,4.0,reg,,,,,,7.0,
h2,H2,H2a,log(naissances / 1 000 f. 20-24),"département, bascule D3 ≥ 50 %",sunab/did2s,non estimable,,,,,,96,2592,False,"aucune unité jamais traitée dans ce panel : Sun & Abraham (contrôle = jamais traitées) et did2s (pyfixest 0.60) ne sont pas estimables ; comparaisons = TWFE, Poisson, D3 continu ; fenêtre 1998-2024 ; 96 traitées, 0 jamais traitées sur la fenêtre",note,0.0,96.0,0.0,0.0,1998.0,2024.0,,,,,,,,,,,,
h2,H2,H2a,log(naissances / 1 000 f. 20-24),"département, bascule D3 ≥ 50 %",twfe,-8,0.07479155370669285,0.04609472718444974,-0.015552451452028007,0.1651355588654137,0.1046830647626592,96,2592,False," ; fenêtre 1998-2024 ; 96 traitées, 0 jamais traitées sur la fenêtre ; cellules −8 et +8 bornées",event,0.0,96.0,0.0,0.0,1998.0,2024.0,,,,,,,,,,,,
h2,H2,H2a,log(naissances / 1 000 f. 20-24),"département, bascule D3 ≥ 50 %",twfe,-7,0.06709004924763312,0.04183687529344225,-0.0149087195532073,0.14908881804847354,0.10879995201433126,96,2592,False," ; fenêtre 1998-2024 ; 96 traitées, 0 jamais traitées sur la fenêtre ; cellules −8 et +8 bornées",event,0.0,96.0,0.0,0.0,1998.0,2024.0,,,,,,,,,,,,
h2,H2,H2a,log(naissances / 1 000 f. 20-24),"département, bascule D3 ≥ 50 %",twfe,-6,0.06378238073563906,0.035748555117637595,-0.006283499794275657,0.13384826126555377,0.0743920415859086,96,2592,False," ; fenêtre 1998-2024 ; 96 traitées, 0 jamais traitées sur la fenêtre ; cellules −8 et +8 bornées",event,0.0,96.0,0.0,0.0,1998.0,2024.0,,,,,,,,,,,,
h2,H2,H2a,log(naissances / 1 000 f. 20-24),"département, bascule D3 ≥ 50 %",twfe,-5,0.05315736087682601,0.03178197251204009,-0.009134160604414555,0.11544888235806658,0.09441329645837951,96,2592,False," ; fenêtre 1998-2024 ; 96 traitées, 0 jamais traitées sur la fenêtre ; cellules −8 et +8 bornées",event,0.0,96.0,0.0,0.0,1998.0,2024.0,,,,,,,,,,,,
h2,H2,H2a,log(naissances / 1 000 f. 20-24),"département, bascule D3 ≥ 50 %",twfe,-4,0.038537023593099344,0.02421477967732283,-0.00892307246802583,0.08599711965422452,0.11150450871331788,96,2592,False," ; fenêtre 1998-2024 ; 96 traitées, 0 jamais traitées sur la fenêtre ; cellules −8 et +8 bornées",event,0.0,96.0,0.0,0.0,1998.0,2024.0,,,,,,,,,,,,
h2,H2,H2a,log(naissances / 1 000 f. 20-24),"département, bascule D3 ≥ 50 %",twfe,-3,0.032088572102221866,0.01703284850574848,-0.0012951975231720314,0.06547234172761576,0.05957541508741988,96,2592,False," ; fenêtre 1998-2024 ; 96 traitées, 0 jamais traitées sur la fenêtre ; cellules −8 et +8 bornées",event,0.0,96.0,0.0,0.0,1998.0,2024.0,,,,,,,,,,,,
h2,H2,H2a,log(naissances / 1 000 f. 20-24),"département, bascule D3 ≥ 50 %",twfe,-2,0.02076317552833462,0.009170808527506147,0.0027887211053097653,0.03873762995135947,0.023570996245086982,96,2592,False," ; fenêtre 1998-2024 ; 96 traitées, 0 jamais traitées sur la fenêtre ; cellules −8 et +8 bornées",event,0.0,96.0,0.0,0.0,1998.0,2024.0,,,,,,,,,,,,
h2,H2,H2a,log(naissances / 1 000 f. 20-24),"département, bascule D3 ≥ 50 %",twfe,0,-0.016932072266191634,0.011517161971863327,-0.039505294935158065,0.005641150402774797,0.14151839187633394,96,2592,False," ; fenêtre 1998-2024 ; 96 traitées, 0 jamais traitées sur la fenêtre ; cellules −8 et +8 bornées",event,0.0,96.0,0.0,0.0,1998.0,2024.0,,,,,,,,,,,,
h2,H2,H2a,log(naissances / 1 000 f. 20-24),"département, bascule D3 ≥ 50 %",twfe,1,-0.03190630939320554,0.017156123714658755,-0.06553169398825023,0.00171907520183915,0.06291918570044029,96,2592,False," ; fenêtre 1998-2024 ; 96 traitées, 0 jamais traitées sur la fenêtre ; cellules −8 et +8 bornées",event,0.0,96.0,0.0,0.0,1998.0,2024.0,,,,,,,,,,,,
h2,H2,H2a,log(naissances / 1 000 f. 20-24),"département, bascule D3 ≥ 50 %",twfe,2,-0.0510490406933453,0.02651925704470421,-0.10302582939772567,0.0009277480110350608,0.054231854407223674,96,2592,False," ; fenêtre 1998-2024 ; 96 traitées, 0 jamais traitées sur la fenêtre ; cellules −8 et +8 bornées",event,0.0,96.0,0.0,0.0,1998.0,2024.0,,,,,,,,,,,,
h2,H2,H2a,log(naissances / 1 000 f. 20-24),"département, bascule D3 ≥ 50 %",twfe,3,-0.06362308693571964,0.03306662318073137,-0.1284324774603104,0.001186303588871132,0.05434357643883786,96,2592,False," ; fenêtre 1998-2024 ; 96 traitées, 0 jamais traitées sur la fenêtre ; cellules −8 et +8 bornées",event,0.0,96.0,0.0,0.0,1998.0,2024.0,,,,,,,,,,,,
h2,H2,H2a,log(naissances / 1 000 f. 20-24),"département, bascule D3 ≥ 50 %",twfe,4,-0.09719452375647003,0.040969350525773336,-0.17749297525698288,-0.01689607225595717,0.017674304913999895,96,2592,False," ; fenêtre 1998-2024 ; 96 traitées, 0 jamais traitées sur la fenêtre ; cellules −8 et +8 bornées",event,0.0,96.0,0.0,0.0,1998.0,2024.0,,,,,,,,,,,,
h2,H2,H2a,log(naissances / 1 000 f. 20-24),"département, bascule D3 ≥ 50 %",twfe,5,-0.11756714777233551,0.049576758429791236,-0.21473580876496884,-0.02039848677970217,0.01772004544877766,96,2592,False," ; fenêtre 1998-2024 ; 96 traitées, 0 jamais traitées sur la fenêtre ; cellules −8 et +8 bornées",event,0.0,96.0,0.0,0.0,1998.0,2024.0,,,,,,,,,,,,
h2,H2,H2a,log(naissances / 1 000 f. 20-24),"département, bascule D3 ≥ 50 %",twfe,6,-0.14996131970740412,0.05740594467589612,-0.2624749037706594,-0.037447735644148855,0.008993634853564829,96,2592,False," ; fenêtre 1998-2024 ; 96 traitées, 0 jamais traitées sur la fenêtre ; cellules −8 et +8 bornées",event,0.0,96.0,0.0,0.0,1998.0,2024.0,,,,,,,,,,,,
h2,H2,H2a,log(naissances / 1 000 f. 20-24),"département, bascule D3 ≥ 50 %",twfe,7,-0.1904241561892658,0.06559820186660564,-0.318994269298401,-0.061854043080130594,0.003697402224535997,96,2592,False," ; fenêtre 1998-2024 ; 96 traitées, 0 jamais traitées sur la fenêtre ; cellules −8 et +8 bornées",event,0.0,96.0,0.0,0.0,1998.0,2024.0,,,,,,,,,,,,
h2,H2,H2a,log(naissances / 1 000 f. 20-24),"département, bascule D3 ≥ 50 %",twfe,8,-0.2701841078287882,0.08458495240066334,-0.43596756816812315,-0.10440064748945327,0.0014020255576522175,96,2592,False," ; fenêtre 1998-2024 ; 96 traitées, 0 jamais traitées sur la fenêtre ; cellules −8 et +8 bornées",event,0.0,96.0,0.0,0.0,1998.0,2024.0,,,,,,,,,,,,
h2,H2,H2a,log(naissances / 1 000 f. 20-24),"département, bascule D3 ≥ 50 %",twfe,"ATT[1,5]",-0.07226802171021521,0.03274583916982184,-0.13644868712660702,-0.008087356293823414,0.027318423369443193,96,2592,False," ; fenêtre 1998-2024 ; 96 traitées, 0 jamais traitées sur la fenêtre ; écart-type avec covariance complète (w'Vw)",post_avg,0.0,96.0,0.0,0.0,1998.0,2024.0,,,,,,,,,,,,
h2,H2,H2a,log(naissances / 1 000 f. 20-24),"département, bascule D3 ≥ 50 %",twfe,Wald pré (-8..−2),6.343013208880733,,,,0.5003162068765532,96,2592,False,"test de Wald joint, covariance groupée, df = 7 ; fenêtre 1998-2024 ; 96 traitées, 0 jamais traitées sur la fenêtre",pre_test,0.0,96.0,0.0,0.0,1998.0,2024.0,,,,,,,,,,,7.0,
h2,H2,H2a,log(naissances / 1 000 f. 20-24),"département, bascule D3 ≥ 50 %",twfe,ATT,-0.011531182825459455,0.012479162272778298,-0.03598989143733593,0.012927525786417017,0.35546808859459667,96,2592,False," ; fenêtre 1998-2024 ; 96 traitées, 0 jamais traitées sur la fenêtre",static,0.0,96.0,0.0,0.0,1998.0,2024.0,,,,,,,,,,,,
h2,H2,H2a,log(naissances / 1 000 f. 20-24),"département, bascule D3 ≥ 50 %",twfe_poisson,ATT (log du taux contrefactuel),-0.03146348177037747,0.017270919530563793,-0.06531386203017192,0.0023868984894169776,0.06849130926217789,96,2592,False," ; fenêtre 1998-2024 ; 96 traitées, 0 jamais traitées sur la fenêtre ; Poisson à effets fixes, offset = log(women)",static,0.0,96.0,0.0,0.0,1998.0,2024.0,,,,,,,,,,,,
h2,H2,H2a,log(naissances / 1 000 f. 20-24),"département, bascule D3 ≥ 50 %",twfe_poisson,ATT en % du taux contrefactuel,-3.0973657065888505,1.6735975991811556,-6.32266006190495,0.2389749667088381,0.06420940166516094,96,2592,False," ; fenêtre 1998-2024 ; 96 traitées, 0 jamais traitées sur la fenêtre ; Poisson à effets fixes, offset = log(women)",static,0.0,96.0,0.0,0.0,1998.0,2024.0,,,,,,,,,,,,
h2,H2,H2c,log(naissances / 1 000 f. 25-29),"département, bascule D3 ≥ 50 %",cs,-8,0.0021673200699546783,0.008388155481259747,-0.01427316257003667,0.018607802709946025,0.7961147123277703,96,2592,False," ; contrôle = not_yet_treated ; fenêtre 1998-2024 ; 96 traitées, 0 jamais traitées sur la fenêtre ; ATT(g,t) identifiés jusqu'en 2017 (sans unité jamais traitée, la dernière cohorte sert de contrôle) ; grappes = dep (96)",event,0.0,96.0,0.0,0.0,1998.0,2024.0,1998.0,2017.0,96.0,4.0,reg,5.0,89.0,,,,,
h2,H2,H2c,log(naissances / 1 000 f. 25-29),"département, bascule D3 ≥ 50 %",cs,-7,0.001585783978887539,0.0073652095382746715,-0.012849761454721697,0.016021329412496774,0.829527675085349,96,2592,False," ; contrôle = not_yet_treated ; fenêtre 1998-2024 ; 96 traitées, 0 jamais traitées sur la fenêtre ; ATT(g,t) identifiés jusqu'en 2017 (sans unité jamais traitée, la dernière cohorte sert de contrôle) ; grappes = dep (96)",event,0.0,96.0,0.0,0.0,1998.0,2024.0,1998.0,2017.0,96.0,4.0,reg,5.0,89.0,,,,,
h2,H2,H2c,log(naissances / 1 000 f. 25-29),"département, bascule D3 ≥ 50 %",cs,-6,0.01127420301837187,0.0087787624389019,-0.005931855190708862,0.0284802612274526,0.1990514132760689,96,2592,False," ; contrôle = not_yet_treated ; fenêtre 1998-2024 ; 96 traitées, 0 jamais traitées sur la fenêtre ; ATT(g,t) identifiés jusqu'en 2017 (sans unité jamais traitée, la dernière cohorte sert de contrôle) ; grappes = dep (96)",event,0.0,96.0,0.0,0.0,1998.0,2024.0,1998.0,2017.0,96.0,4.0,reg,5.0,89.0,,,,,
h2,H2,H2c,log(naissances / 1 000 f. 25-29),"département, bascule D3 ≥ 50 %",cs,-5,0.011559530610986704,0.006994528782169824,-0.0021494938908949573,0.025268555112868366,0.09840145730522194,96,2592,False," ; contrôle = not_yet_treated ; fenêtre 1998-2024 ; 96 traitées, 0 jamais traitées sur la fenêtre ; ATT(g,t) identifiés jusqu'en 2017 (sans unité jamais traitée, la dernière cohorte sert de contrôle) ; grappes = dep (96)",event,0.0,96.0,0.0,0.0,1998.0,2024.0,1998.0,2017.0,96.0,4.0,reg,5.0,89.0,,,,,
h2,H2,H2c,log(naissances / 1 000 f. 25-29),"département, bascule D3 ≥ 50 %",cs,-4,0.008090934329181263,0.006677027120370271,-0.004995798350541657,0.021177667008904184,0.22560541412957258,96,2592,False," ; contrôle = not_yet_treated ; fenêtre 1998-2024 ; 96 traitées, 0 jamais traitées sur la fenêtre ; ATT(g,t) identifiés jusqu'en 2017 (sans unité jamais traitée, la dernière cohorte sert de contrôle) ; grappes = dep (96)",event,0.0,96.0,0.0,0.0,1998.0,2024.0,1998.0,2017.0,96.0,4.0,reg,5.0,89.0,,,,,
h2,H2,H2c,log(naissances / 1 000 f. 25-29),"département, bascule D3 ≥ 50 %",cs,-3,0.015852256460412235,0.006487997032328726,0.003136015945245178,0.02856849697557929,0.014552805051002964,96,2592,False," ; contrôle = not_yet_treated ; fenêtre 1998-2024 ; 96 traitées, 0 jamais traitées sur la fenêtre ; ATT(g,t) identifiés jusqu'en 2017 (sans unité jamais traitée, la dernière cohorte sert de contrôle) ; grappes = dep (96)",event,0.0,96.0,0.0,0.0,1998.0,2024.0,1998.0,2017.0,96.0,4.0,reg,5.0,89.0,,,,,
h2,H2,H2c,log(naissances / 1 000 f. 25-29),"département, bascule D3 ≥ 50 %",cs,-2,0.004638914212160402,0.006410242858000663,-0.007924930921676,0.017202759345996806,0.4692670367164592,96,2592,False," ; contrôle = not_yet_treated ; fenêtre 1998-2024 ; 96 traitées, 0 jamais traitées sur la fenêtre ; ATT(g,t) identifiés jusqu'en 2017 (sans unité jamais traitée, la dernière cohorte sert de contrôle) ; grappes = dep (96)",event,0.0,96.0,0.0,0.0,1998.0,2024.0,1998.0,2017.0,96.0,4.0,reg,5.0,89.0,,,,,
h2,H2,H2c,log(naissances / 1 000 f. 25-29),"département, bascule D3 ≥ 50 %",cs,0,0.012985350953321297,0.006572058907451284,0.0001043521904411232,0.02586634971620147,0.048172658733574514,96,2592,False," ; contrôle = not_yet_treated ; fenêtre 1998-2024 ; 96 traitées, 0 jamais traitées sur la fenêtre ; ATT(g,t) identifiés jusqu'en 2017 (sans unité jamais traitée, la dernière cohorte sert de contrôle) ; grappes = dep (96)",event,0.0,96.0,0.0,0.0,1998.0,2024.0,1998.0,2017.0,96.0,4.0,reg,5.0,89.0,,,,,
h2,H2,H2c,log(naissances / 1 000 f. 25-29),"département, bascule D3 ≥ 50 %",cs,1,0.007065734569464935,0.010671851099136362,-0.013850709233216525,0.027982178372146393,0.507913023280743,96,2592,False," ; contrôle = not_yet_treated ; fenêtre 1998-2024 ; 96 traitées, 0 jamais traitées sur la fenêtre ; ATT(g,t) identifiés jusqu'en 2017 (sans unité jamais traitée, la dernière cohorte sert de contrôle) ; grappes = dep (96)",event,0.0,96.0,0.0,0.0,1998.0,2024.0,1998.0,2017.0,96.0,4.0,reg,4.0,74.0,,,,,
h2,H2,H2c,log(naissances / 1 000 f. 25-29),"département, bascule D3 ≥ 50 %",cs,2,-0.0041441166792298405,0.010934647872319767,-0.025575632692604114,0.017287399334144436,0.7046956644831921,96,2592,False," ; contrôle = not_yet_treated ; fenêtre 1998-2024 ; 96 traitées, 0 jamais traitées sur la fenêtre ; ATT(g,t) identifiés jusqu'en 2017 (sans unité jamais traitée, la dernière cohorte sert de contrôle) ; grappes = dep (96)",event,0.0,96.0,0.0,0.0,1998.0,2024.0,1998.0,2017.0,96.0,4.0,reg,3.0,51.0,,,,,
h2,H2,H2c,log(naissances / 1 000 f. 25-29),"département, bascule D3 ≥ 50 %",cs,3,-0.013174594272799607,0.01616396002551968,-0.04485537377036332,0.018506185224764105,0.415038072185702,96,2592,False," ; contrôle = not_yet_treated ; fenêtre 1998-2024 ; 96 traitées, 0 jamais traitées sur la fenêtre ; ATT(g,t) identifiés jusqu'en 2017 (sans unité jamais traitée, la dernière cohorte sert de contrôle) ; grappes = dep (96)",event,0.0,96.0,0.0,0.0,1998.0,2024.0,1998.0,2017.0,96.0,4.0,reg,2.0,35.0,,,,,
h2,H2,H2c,log(naissances / 1 000 f. 25-29),"département, bascule D3 ≥ 50 %",cs,4,-0.06203626005903223,0.04585240833909929,-0.1519053290080909,0.027832808890026414,0.1760699028495366,96,2592,False," ; contrôle = not_yet_treated ; fenêtre 1998-2024 ; 96 traitées, 0 jamais traitées sur la fenêtre ; ATT(g,t) identifiés jusqu'en 2017 (sans unité jamais traitée, la dernière cohorte sert de contrôle) ; grappes = dep (96)",event,0.0,96.0,0.0,0.0,1998.0,2024.0,1998.0,2017.0,96.0,4.0,reg,1.0,2.0,,,,,
h2,H2,H2c,log(naissances / 1 000 f. 25-29),"département, bascule D3 ≥ 50 %",cs,"ATT[1,4]",-0.018072309110399185,0.01564868026540871,-0.04874315883618295,0.012598540615384582,0.24814058488418955,96,2592,False," ; contrôle = not_yet_treated ; fenêtre 1998-2024 ; 96 traitées, 0 jamais traitées sur la fenêtre ; ATT(g,t) identifiés jusqu'en 2017 (sans unité jamais traitée, la dernière cohorte sert de contrôle) ; grappes = dep (96) ; écart-type avec covariance complète des coefficients (fonctions d'influence)",post_avg,0.0,96.0,0.0,0.0,1998.0,2024.0,1998.0,2017.0,96.0,4.0,reg,,,,,4.0,,
h2,H2,H2c,log(naissances / 1 000 f. 25-29),"département, bascule D3 ≥ 50 %",cs,ATT,0.003514053078403299,0.00801583515031405,-0.01219669512222245,0.01922480127902905,0.6611043983669718,96,2592,False," ; contrôle = not_yet_treated ; fenêtre 1998-2024 ; 96 traitées, 0 jamais traitées sur la fenêtre ; ATT(g,t) identifiés jusqu'en 2017 (sans unité jamais traitée, la dernière cohorte sert de contrôle) ; grappes = dep (96) ; moyenne de tous les ATT(g,t) post",simple,0.0,96.0,0.0,0.0,1998.0,2024.0,1998.0,2017.0,96.0,4.0,reg,,,,,,,
h2,H2,H2c,log(naissances / 1 000 f. 25-29),"département, bascule D3 ≥ 50 %",cs,Wald pré (-8..-2),10.803942558656516,,,,0.14740253018544616,96,2592,False,"H5c : test de Wald joint de nullité des coefficients pré avec covariance des fonctions d'influence, df = 7 ; fenêtre 1998-2024 ; 96 traitées, 0 jamais traitées sur la fenêtre",pre_test,0.0,96.0,0.0,0.0,1998.0,2024.0,1998.0,2017.0,96.0,4.0,reg,,,,,,7.0,
h2,H2,H2c,log(naissances / 1 000 f. 25-29),"département, bascule D3 ≥ 50 %",sunab/did2s,non estimable,,,,,,96,2592,False,"aucune unité jamais traitée dans ce panel : Sun & Abraham (contrôle = jamais traitées) et did2s (pyfixest 0.60) ne sont pas estimables ; comparaisons = TWFE, Poisson, D3 continu ; fenêtre 1998-2024 ; 96 traitées, 0 jamais traitées sur la fenêtre",note,0.0,96.0,0.0,0.0,1998.0,2024.0,,,,,,,,,,,,
h2,H2,H2c,log(naissances / 1 000 f. 25-29),"département, bascule D3 ≥ 50 %",twfe,-8,0.04565289609970717,0.025403752025419578,-0.004137542942301654,0.09544333514171599,0.07232091204611221,96,2592,False," ; fenêtre 1998-2024 ; 96 traitées, 0 jamais traitées sur la fenêtre ; cellules −8 et +8 bornées",event,0.0,96.0,0.0,0.0,1998.0,2024.0,,,,,,,,,,,,
h2,H2,H2c,log(naissances / 1 000 f. 25-29),"département, bascule D3 ≥ 50 %",twfe,-7,0.02677941187295426,0.021871913523433918,-0.01608875090595077,0.06964757465185929,0.22081100693616318,96,2592,False," ; fenêtre 1998-2024 ; 96 traitées, 0 jamais traitées sur la fenêtre ; cellules −8 et +8 bornées",event,0.0,96.0,0.0,0.0,1998.0,2024.0,,,,,,,,,,,,
h2,H2,H2c,log(naissances / 1 000 f. 25-29),"département, bascule D3 ≥ 50 %",twfe,-6,0.02847635773300033,0.01932764739127263,-0.009405135059783552,0.06635785052578422,0.14065712494671406,96,2592,False," ; fenêtre 1998-2024 ; 96 traitées, 0 jamais traitées sur la fenêtre ; cellules −8 et +8 bornées",event,0.0,96.0,0.0,0.0,1998.0,2024.0,,,,,,,,,,,,
h2,H2,H2c,log(naissances / 1 000 f. 25-29),"département, bascule D3 ≥ 50 %",twfe,-5,0.027093843244978846,0.016824249038559044,-0.005881078937529514,0.06006876542748721,0.10730961924571197,96,2592,False," ; fenêtre 1998-2024 ; 96 traitées, 0 jamais traitées sur la fenêtre ; cellules −8 et +8 bornées",event,0.0,96.0,0.0,0.0,1998.0,2024.0,,,,,,,,,,,,
h2,H2,H2c,log(naissances / 1 000 f. 25-29),"département, bascule D3 ≥ 50 %",twfe,-4,0.018493151435839118,0.013704334631976987,-0.008366850874920752,0.045353153746598984,0.17719628655351294,96,2592,False," ; fenêtre 1998-2024 ; 96 traitées, 0 jamais traitées sur la fenêtre ; cellules −8 et +8 bornées",event,0.0,96.0,0.0,0.0,1998.0,2024.0,,,,,,,,,,,,
h2,H2,H2c,log(naissances / 1 000 f. 25-29),"département, bascule D3 ≥ 50 %",twfe,-3,0.02042279573268413,0.01029093843683313,0.000252927029372272,0.04059266443599599,0.04719549208832892,96,2592,False," ; fenêtre 1998-2024 ; 96 traitées, 0 jamais traitées sur la fenêtre ; cellules −8 et +8 bornées",event,0.0,96.0,0.0,0.0,1998.0,2024.0,,,,,,,,,,,,
h2,H2,H2c,log(naissances / 1 000 f. 25-29),"département, bascule D3 ≥ 50 %",twfe,-2,0.010879962400858622,0.006350826365104308,-0.0015674285468132466,0.02332735334853049,0.08668366700925975,96,2592,False," ; fenêtre 1998-2024 ; 96 traitées, 0 jamais traitées sur la fenêtre ; cellules −8 et +8 bornées",event,0.0,96.0,0.0,0.0,1998.0,2024.0,,,,,,,,,,,,
h2,H2,H2c,log(naissances / 1 000 f. 25-29),"département, bascule D3 ≥ 50 %",twfe,0,0.0020762471750130074,0.0068492359223579075,-0.01134800855442647,0.015500502904452484,0.761786532184535,96,2592,False," ; fenêtre 1998-2024 ; 96 traitées, 0 jamais traitées sur la fenêtre ; cellules −8 et +8 bornées",event,0.0,96.0,0.0,0.0,1998.0,2024.0,,,,,,,,,,,,
h2,H2,H2c,log(naissances / 1 000 f. 25-29),"département, bascule D3 ≥ 50 %",twfe,1,-0.012754450582400201,0.01122315560251341,-0.03475143135621542,0.009242530191415011,0.2557721787705628,96,2592,False," ; fenêtre 1998-2024 ; 96 traitées, 0 jamais traitées sur la fenêtre ; cellules −8 et +8 bornées",event,0.0,96.0,0.0,0.0,1998.0,2024.0,,,,,,,,,,,,
h2,H2,H2c,log(naissances / 1 000 f. 25-29),"département, bascule D3 ≥ 50 %",twfe,2,-0.01645519233421316,0.016852987559918417,-0.04948644098355483,0.016576056315128502,0.32886818380603733,96,2592,False," ; fenêtre 1998-2024 ; 96 traitées, 0 jamais traitées sur la fenêtre ; cellules −8 et +8 bornées",event,0.0,96.0,0.0,0.0,1998.0,2024.0,,,,,,,,,,,,
h2,H2,H2c,log(naissances / 1 000 f. 25-29),"département, bascule D3 ≥ 50 %",twfe,3,-0.019774509373927118,0.022018453361307384,-0.06292988495736448,0.023380866209510246,0.36913862074531545,96,2592,False," ; fenêtre 1998-2024 ; 96 traitées, 0 jamais traitées sur la fenêtre ; cellules −8 et +8 bornées",event,0.0,96.0,0.0,0.0,1998.0,2024.0,,,,,,,,,,,,
h2,H2,H2c,log(naissances / 1 000 f. 25-29),"département, bascule D3 ≥ 50 %",twfe,4,-0.038723198366146606,0.028728352296973726,-0.09502973420339364,0.017583337471100434,0.17768772300950686,96,2592,False," ; fenêtre 1998-2024 ; 96 traitées, 0 jamais traitées sur la fenêtre ; cellules −8 et +8 bornées",event,0.0,96.0,0.0,0.0,1998.0,2024.0,,,,,,,,,,,,
h2,H2,H2c,log(naissances / 1 000 f. 25-29),"département, bascule D3 ≥ 50 %",twfe,5,-0.054327489742764815,0.03514020006281856,-0.12320101627542134,0.014546036789891706,0.12209947902746768,96,2592,False," ; fenêtre 1998-2024 ; 96 traitées, 0 jamais traitées sur la fenêtre ; cellules −8 et +8 bornées",event,0.0,96.0,0.0,0.0,1998.0,2024.0,,,,,,,,,,,,
h2,H2,H2c,log(naissances / 1 000 f. 25-29),"département, bascule D3 ≥ 50 %",twfe,6,-0.08876434538506477,0.04242298095835815,-0.17191186018027524,-0.005616830589854294,0.03640590916913805,96,2592,False," ; fenêtre 1998-2024 ; 96 traitées, 0 jamais traitées sur la fenêtre ; cellules −8 et +8 bornées",event,0.0,96.0,0.0,0.0,1998.0,2024.0,,,,,,,,,,,,
h2,H2,H2c,log(naissances / 1 000 f. 25-29),"département, bascule D3 ≥ 50 %",twfe,7,-0.12084604236172479,0.04861383910561267,-0.21612741615895048,-0.025564668564499085,0.012924743032279999,96,2592,False," ; fenêtre 1998-2024 ; 96 traitées, 0 jamais traitées sur la fenêtre ; cellules −8 et +8 bornées",event,0.0,96.0,0.0,0.0,1998.0,2024.0,,,,,,,,,,,,
h2,H2,H2c,log(naissances / 1 000 f. 25-29),"département, bascule D3 ≥ 50 %",twfe,8,-0.1755203019347395,0.06363983689399429,-0.3002520902289717,-0.05078851364050732,0.005815163635406982,96,2592,False," ; fenêtre 1998-2024 ; 96 traitées, 0 jamais traitées sur la fenêtre ; cellules −8 et +8 bornées",event,0.0,96.0,0.0,0.0,1998.0,2024.0,,,,,,,,,,,,
h2,H2,H2c,log(naissances / 1 000 f. 25-29),"département, bascule D3 ≥ 50 %",twfe,"ATT[1,5]",-0.02840696807989038,0.02238735236017312,-0.07228537241503748,0.015471436255256713,0.2044822027840214,96,2592,False," ; fenêtre 1998-2024 ; 96 traitées, 0 jamais traitées sur la fenêtre ; écart-type avec covariance complète (w'Vw)",post_avg,0.0,96.0,0.0,0.0,1998.0,2024.0,,,,,,,,,,,,
h2,H2,H2c,log(naissances / 1 000 f. 25-29),"département, bascule D3 ≥ 50 %",twfe,Wald pré (-8..−2),14.708412815388565,,,,0.03992416163668285,96,2592,False,"test de Wald joint, covariance groupée, df = 7 ; fenêtre 1998-2024 ; 96 traitées, 0 jamais traitées sur la fenêtre",pre_test,0.0,96.0,0.0,0.0,1998.0,2024.0,,,,,,,,,,,7.0,
h2,H2,H2c,log(naissances / 1 000 f. 25-29),"département, bascule D3 ≥ 50 %",twfe,ATT,0.007009632953137365,0.006792768880212396,-0.006303949407383404,0.020323215313658133,0.3021069136301605,96,2592,False," ; fenêtre 1998-2024 ; 96 traitées, 0 jamais traitées sur la fenêtre",static,0.0,96.0,0.0,0.0,1998.0,2024.0,,,,,,,,,,,,
h2,H2,H2c,log(naissances / 1 000 f. 25-29),"département, bascule D3 ≥ 50 %",twfe_poisson,ATT (log du taux contrefactuel),0.0005729489531007345,0.012860262153038487,-0.024632701698598235,0.025778599604799703,0.9644644927350599,96,2592,False," ; fenêtre 1998-2024 ; 96 traitées, 0 jamais traitées sur la fenêtre ; Poisson à effets fixes, offset = log(women)",static,0.0,96.0,0.0,0.0,1998.0,2024.0,,,,,,,,,,,,
h2,H2,H2c,log(naissances / 1 000 f. 25-29),"département, bascule D3 ≥ 50 %",twfe_poisson,ATT en % du taux contrefactuel,0.05731131197037609,1.2867632538001224,-2.433179269498953,2.611374153865409,0.9644746640775879,96,2592,False," ; fenêtre 1998-2024 ; 96 traitées, 0 jamais traitées sur la fenêtre ; Poisson à effets fixes, offset = log(women)",static,0.0,96.0,0.0,0.0,1998.0,2024.0,,,,,,,,,,,,
h2,H2,H2c,log(naissances / 1 000 f. 30-34),"département, bascule D3 ≥ 50 %",cs,-8,-0.005680754117921106,0.006911016814164345,-0.019226098170233966,0.007864589934391753,0.41108527244798443,96,2592,False," ; contrôle = not_yet_treated ; fenêtre 1998-2024 ; 96 traitées, 0 jamais traitées sur la fenêtre ; ATT(g,t) identifiés jusqu'en 2017 (sans unité jamais traitée, la dernière cohorte sert de contrôle) ; grappes = dep (96)",event,0.0,96.0,0.0,0.0,1998.0,2024.0,1998.0,2017.0,96.0,4.0,reg,5.0,89.0,,,,,
h2,H2,H2c,log(naissances / 1 000 f. 30-34),"département, bascule D3 ≥ 50 %",cs,-7,0.004901529128220852,0.0086751400454509,-0.01210143292170408,0.021904491178145784,0.5720678836068177,96,2592,False," ; contrôle = not_yet_treated ; fenêtre 1998-2024 ; 96 traitées, 0 jamais traitées sur la fenêtre ; ATT(g,t) identifiés jusqu'en 2017 (sans unité jamais traitée, la dernière cohorte sert de contrôle) ; grappes = dep (96)",event,0.0,96.0,0.0,0.0,1998.0,2024.0,1998.0,2017.0,96.0,4.0,reg,5.0,89.0,,,,,
h2,H2,H2c,log(naissances / 1 000 f. 30-34),"département, bascule D3 ≥ 50 %",cs,-6,0.009015116941616795,0.008439424236780355,-0.0075258506127271335,0.025556084495960724,0.28542368000790685,96,2592,False," ; contrôle = not_yet_treated ; fenêtre 1998-2024 ; 96 traitées, 0 jamais traitées sur la fenêtre ; ATT(g,t) identifiés jusqu'en 2017 (sans unité jamais traitée, la dernière cohorte sert de contrôle) ; grappes = dep (96)",event,0.0,96.0,0.0,0.0,1998.0,2024.0,1998.0,2017.0,96.0,4.0,reg,5.0,89.0,,,,,
h2,H2,H2c,log(naissances / 1 000 f. 30-34),"département, bascule D3 ≥ 50 %",cs,-5,0.007363173447841464,0.00756284789739848,-0.0074597360516140306,0.02218608294729696,0.3302561889255402,96,2592,False," ; contrôle = not_yet_treated ; fenêtre 1998-2024 ; 96 traitées, 0 jamais traitées sur la fenêtre ; ATT(g,t) identifiés jusqu'en 2017 (sans unité jamais traitée, la dernière cohorte sert de contrôle) ; grappes = dep (96)",event,0.0,96.0,0.0,0.0,1998.0,2024.0,1998.0,2017.0,96.0,4.0,reg,5.0,89.0,,,,,
h2,H2,H2c,log(naissances / 1 000 f. 30-34),"département, bascule D3 ≥ 50 %",cs,-4,0.02164380823429241,0.007688802022179924,0.00657403318656102,0.0367135832820238,0.0048780579182114425,96,2592,False," ; contrôle = not_yet_treated ; fenêtre 1998-2024 ; 96 traitées, 0 jamais traitées sur la fenêtre ; ATT(g,t) identifiés jusqu'en 2017 (sans unité jamais traitée, la dernière cohorte sert de contrôle) ; grappes = dep (96)",event,0.0,96.0,0.0,0.0,1998.0,2024.0,1998.0,2017.0,96.0,4.0,reg,5.0,89.0,,,,,
h2,H2,H2c,log(naissances / 1 000 f. 30-34),"département, bascule D3 ≥ 50 %",cs,-3,0.007785523785347646,0.006939826686782693,-0.005816286579696362,0.021387334150391655,0.261921368685723,96,2592,False," ; contrôle = not_yet_treated ; fenêtre 1998-2024 ; 96 traitées, 0 jamais traitées sur la fenêtre ; ATT(g,t) identifiés jusqu'en 2017 (sans unité jamais traitée, la dernière cohorte sert de contrôle) ; grappes = dep (96)",event,0.0,96.0,0.0,0.0,1998.0,2024.0,1998.0,2017.0,96.0,4.0,reg,5.0,89.0,,,,,
h2,H2,H2c,log(naissances / 1 000 f. 30-34),"département, bascule D3 ≥ 50 %",cs,-2,0.0002828578451072967,0.007775785731395452,-0.014957402139928234,0.015523117830142825,0.9709819494887812,96,2592,False," ; contrôle = not_yet_treated ; fenêtre 1998-2024 ; 96 traitées, 0 jamais traitées sur la fenêtre ; ATT(g,t) identifiés jusqu'en 2017 (sans unité jamais traitée, la dernière cohorte sert de contrôle) ; grappes = dep (96)",event,0.0,96.0,0.0,0.0,1998.0,2024.0,1998.0,2017.0,96.0,4.0,reg,5.0,89.0,,,,,
h2,H2,H2c,log(naissances / 1 000 f. 30-34),"département, bascule D3 ≥ 50 %",cs,0,0.016050889451918432,0.007734680009457755,0.0008911952014393088,0.031210583702397557,0.037969422030830924,96,2592,False," ; contrôle = not_yet_treated ; fenêtre 1998-2024 ; 96 traitées, 0 jamais traitées sur la fenêtre ; ATT(g,t) identifiés jusqu'en 2017 (sans unité jamais traitée, la dernière cohorte sert de contrôle) ; grappes = dep (96)",event,0.0,96.0,0.0,0.0,1998.0,2024.0,1998.0,2017.0,96.0,4.0,reg,5.0,89.0,,,,,
h2,H2,H2c,log(naissances / 1 000 f. 30-34),"département, bascule D3 ≥ 50 %",cs,1,0.01847490403368454,0.011077814227798967,-0.003237212880226825,0.04018702094759591,0.09536752810254229,96,2592,False," ; contrôle = not_yet_treated ; fenêtre 1998-2024 ; 96 traitées, 0 jamais traitées sur la fenêtre ; ATT(g,t) identifiés jusqu'en 2017 (sans unité jamais traitée, la dernière cohorte sert de contrôle) ; grappes = dep (96)",event,0.0,96.0,0.0,0.0,1998.0,2024.0,1998.0,2017.0,96.0,4.0,reg,4.0,74.0,,,,,
h2,H2,H2c,log(naissances / 1 000 f. 30-34),"département, bascule D3 ≥ 50 %",cs,2,0.02563996920375558,0.016563659454172718,-0.006824206778609315,0.058104145186120476,0.12163066388290354,96,2592,False," ; contrôle = not_yet_treated ; fenêtre 1998-2024 ; 96 traitées, 0 jamais traitées sur la fenêtre ; ATT(g,t) identifiés jusqu'en 2017 (sans unité jamais traitée, la dernière cohorte sert de contrôle) ; grappes = dep (96)",event,0.0,96.0,0.0,0.0,1998.0,2024.0,1998.0,2017.0,96.0,4.0,reg,3.0,51.0,,,,,
h2,H2,H2c,log(naissances / 1 000 f. 30-34),"département, bascule D3 ≥ 50 %",cs,3,0.00306432611540144,0.033999307708264974,-0.06357309249209295,0.06970174472289584,0.9281846456408606,96,2592,False," ; contrôle = not_yet_treated ; fenêtre 1998-2024 ; 96 traitées, 0 jamais traitées sur la fenêtre ; ATT(g,t) identifiés jusqu'en 2017 (sans unité jamais traitée, la dernière cohorte sert de contrôle) ; grappes = dep (96)",event,0.0,96.0,0.0,0.0,1998.0,2024.0,1998.0,2017.0,96.0,4.0,reg,2.0,35.0,,,,,
h2,H2,H2c,log(naissances / 1 000 f. 30-34),"département, bascule D3 ≥ 50 %",cs,4,0.05071789232977292,0.023019433364097078,0.005600631991622945,0.09583515266792289,0.027576136060504342,96,2592,False," ; contrôle = not_yet_treated ; fenêtre 1998-2024 ; 96 traitées, 0 jamais traitées sur la fenêtre ; ATT(g,t) identifiés jusqu'en 2017 (sans unité jamais traitée, la dernière cohorte sert de contrôle) ; grappes = dep (96)",event,0.0,96.0,0.0,0.0,1998.0,2024.0,1998.0,2017.0,96.0,4.0,reg,1.0,2.0,,,,,
h2,H2,H2c,log(naissances / 1 000 f. 30-34),"département, bascule D3 ≥ 50 %",cs,"ATT[1,4]",0.02447427292065362,0.016915307000813215,-0.008679119588378519,0.05762766542968576,0.14793296121538205,96,2592,False," ; contrôle = not_yet_treated ; fenêtre 1998-2024 ; 96 traitées, 0 jamais traitées sur la fenêtre ; ATT(g,t) identifiés jusqu'en 2017 (sans unité jamais traitée, la dernière cohorte sert de contrôle) ; grappes = dep (96) ; écart-type avec covariance complète des coefficients (fonctions d'influence)",post_avg,0.0,96.0,0.0,0.0,1998.0,2024.0,1998.0,2017.0,96.0,4.0,reg,,,,,4.0,,
h2,H2,H2c,log(naissances / 1 000 f. 30-34),"département, bascule D3 ≥ 50 %",cs,ATT,0.01717927365658776,0.012144205527150956,-0.0066229317974803754,0.0409814791106559,0.1571838637679339,96,2592,False," ; contrôle = not_yet_treated ; fenêtre 1998-2024 ; 96 traitées, 0 jamais traitées sur la fenêtre ; ATT(g,t) identifiés jusqu'en 2017 (sans unité jamais traitée, la dernière cohorte sert de contrôle) ; grappes = dep (96) ; moyenne de tous les ATT(g,t) post",simple,0.0,96.0,0.0,0.0,1998.0,2024.0,1998.0,2017.0,96.0,4.0,reg,,,,,,,
h2,H2,H2c,log(naissances / 1 000 f. 30-34),"département, bascule D3 ≥ 50 %",cs,Wald pré (-8..-2),23.47765000366066,,,,0.0014068704147680567,96,2592,False,"H5c : test de Wald joint de nullité des coefficients pré avec covariance des fonctions d'influence, df = 7 ; fenêtre 1998-2024 ; 96 traitées, 0 jamais traitées sur la fenêtre",pre_test,0.0,96.0,0.0,0.0,1998.0,2024.0,1998.0,2017.0,96.0,4.0,reg,,,,,,7.0,
h2,H2,H2c,log(naissances / 1 000 f. 30-34),"département, bascule D3 ≥ 50 %",sunab/did2s,non estimable,,,,,,96,2592,False,"aucune unité jamais traitée dans ce panel : Sun & Abraham (contrôle = jamais traitées) et did2s (pyfixest 0.60) ne sont pas estimables ; comparaisons = TWFE, Poisson, D3 continu ; fenêtre 1998-2024 ; 96 traitées, 0 jamais traitées sur la fenêtre",note,0.0,96.0,0.0,0.0,1998.0,2024.0,,,,,,,,,,,,
h2,H2,H2c,log(naissances / 1 000 f. 30-34),"département, bascule D3 ≥ 50 %",twfe,-8,-0.03365604014984452,0.015782096399405164,-0.0645883806932179,-0.00272369960647113,0.03296202042790304,96,2592,False," ; fenêtre 1998-2024 ; 96 traitées, 0 jamais traitées sur la fenêtre ; cellules −8 et +8 bornées",event,0.0,96.0,0.0,0.0,1998.0,2024.0,,,,,,,,,,,,
h2,H2,H2c,log(naissances / 1 000 f. 30-34),"département, bascule D3 ≥ 50 %",twfe,-7,-0.030543433272855584,0.014255642227768215,-0.05848397861576962,-0.002602887929941542,0.03214921013869421,96,2592,False," ; fenêtre 1998-2024 ; 96 traitées, 0 jamais traitées sur la fenêtre ; cellules −8 et +8 bornées",event,0.0,96.0,0.0,0.0,1998.0,2024.0,,,,,,,,,,,,
h2,H2,H2c,log(naissances / 1 000 f. 30-34),"département, bascule D3 ≥ 50 %",twfe,-6,-0.022676786922595785,0.013376365717471719,-0.04889398197287663,0.0035404081276850623,0.09002087610699261,96,2592,False," ; fenêtre 1998-2024 ; 96 traitées, 0 jamais traitées sur la fenêtre ; cellules −8 et +8 bornées",event,0.0,96.0,0.0,0.0,1998.0,2024.0,,,,,,,,,,,,
h2,H2,H2c,log(naissances / 1 000 f. 30-34),"département, bascule D3 ≥ 50 %",twfe,-5,-0.018935674314620173,0.011881564239216722,-0.042223112303483995,0.004351763674243649,0.11100276545816505,96,2592,False," ; fenêtre 1998-2024 ; 96 traitées, 0 jamais traitées sur la fenêtre ; cellules −8 et +8 bornées",event,0.0,96.0,0.0,0.0,1998.0,2024.0,,,,,,,,,,,,
h2,H2,H2c,log(naissances / 1 000 f. 30-34),"département, bascule D3 ≥ 50 %",twfe,-4,-0.0019593779155980904,0.010282912463443953,-0.02211351600012628,0.018194760168930103,0.848880532756764,96,2592,False," ; fenêtre 1998-2024 ; 96 traitées, 0 jamais traitées sur la fenêtre ; cellules −8 et +8 bornées",event,0.0,96.0,0.0,0.0,1998.0,2024.0,,,,,,,,,,,,
h2,H2,H2c,log(naissances / 1 000 f. 30-34),"département, bascule D3 ≥ 50 %",twfe,-3,-0.00029286563901149905,0.008097658768348451,-0.016163985184069436,0.015578253906046436,0.9711494338629284,96,2592,False," ; fenêtre 1998-2024 ; 96 traitées, 0 jamais traitées sur la fenêtre ; cellules −8 et +8 bornées",event,0.0,96.0,0.0,0.0,1998.0,2024.0,,,,,,,,,,,,
h2,H2,H2c,log(naissances / 1 000 f. 30-34),"département, bascule D3 ≥ 50 %",twfe,-2,-0.0006730287862210073,0.006200865841090828,-0.0128265025077237,0.011480444935281685,0.913569040016,96,2592,False," ; fenêtre 1998-2024 ; 96 traitées, 0 jamais traitées sur la fenêtre ; cellules −8 et +8 bornées",event,0.0,96.0,0.0,0.0,1998.0,2024.0,,,,,,,,,,,,
h2,H2,H2c,log(naissances / 1 000 f. 30-34),"département, bascule D3 ≥ 50 %",twfe,0,0.018071449929093673,0.005496863953100573,0.007297794553100083,0.028845105305087264,0.0010104790730887986,96,2592,False," ; fenêtre 1998-2024 ; 96 traitées, 0 jamais traitées sur la fenêtre ; cellules −8 et +8 bornées",event,0.0,96.0,0.0,0.0,1998.0,2024.0,,,,,,,,,,,,
h2,H2,H2c,log(naissances / 1 000 f. 30-34),"département, bascule D3 ≥ 50 %",twfe,1,0.018596587761843572,0.007208941675701948,0.004467321710817927,0.032725853812869216,0.009889885288852804,96,2592,False," ; fenêtre 1998-2024 ; 96 traitées, 0 jamais traitées sur la fenêtre ; cellules −8 et +8 bornées",event,0.0,96.0,0.0,0.0,1998.0,2024.0,,,,,,,,,,,,
h2,H2,H2c,log(naissances / 1 000 f. 30-34),"département, bascule D3 ≥ 50 %",twfe,2,0.02902650301515366,0.010220854006702916,0.008993997270774039,0.049059008759533285,0.0045123529910298076,96,2592,False," ; fenêtre 1998-2024 ; 96 traitées, 0 jamais traitées sur la fenêtre ; cellules −8 et +8 bornées",event,0.0,96.0,0.0,0.0,1998.0,2024.0,,,,,,,,,,,,
h2,H2,H2c,log(naissances / 1 000 f. 30-34),"département, bascule D3 ≥ 50 %",twfe,3,0.044401485664513705,0.013031764587596067,0.018859696417820943,0.06994327491120647,0.0006563933810322262,96,2592,False," ; fenêtre 1998-2024 ; 96 traitées, 0 jamais traitées sur la fenêtre ; cellules −8 et +8 bornées",event,0.0,96.0,0.0,0.0,1998.0,2024.0,,,,,,,,,,,,
h2,H2,H2c,log(naissances / 1 000 f. 30-34),"département, bascule D3 ≥ 50 %",twfe,4,0.044363921194964254,0.015839137812793773,0.013319781535721935,0.07540806085420657,0.005095950935709385,96,2592,False," ; fenêtre 1998-2024 ; 96 traitées, 0 jamais traitées sur la fenêtre ; cellules −8 et +8 bornées",event,0.0,96.0,0.0,0.0,1998.0,2024.0,,,,,,,,,,,,
h2,H2,H2c,log(naissances / 1 000 f. 30-34),"département, bascule D3 ≥ 50 %",twfe,5,0.05414912149279383,0.019001888460263103,0.016906104472430884,0.09139213851315678,0.0043764538258549805,96,2592,False," ; fenêtre 1998-2024 ; 96 traitées, 0 jamais traitées sur la fenêtre ; cellules −8 et +8 bornées",event,0.0,96.0,0.0,0.0,1998.0,2024.0,,,,,,,,,,,,
h2,H2,H2c,log(naissances / 1 000 f. 30-34),"département, bascule D3 ≥ 50 %",twfe,6,0.059246167313486135,0.021982707087674334,0.016160853138951062,0.10233148148802121,0.007036200005250693,96,2592,False," ; fenêtre 1998-2024 ; 96 traitées, 0 jamais traitées sur la fenêtre ; cellules −8 et +8 bornées",event,0.0,96.0,0.0,0.0,1998.0,2024.0,,,,,,,,,,,,
h2,H2,H2c,log(naissances / 1 000 f. 30-34),"département, bascule D3 ≥ 50 %",twfe,7,0.05488267576295249,0.02522703293918278,0.00543859976534862,0.10432675176055636,0.029588912912542183,96,2592,False," ; fenêtre 1998-2024 ; 96 traitées, 0 jamais traitées sur la fenêtre ; cellules −8 et +8 bornées",event,0.0,96.0,0.0,0.0,1998.0,2024.0,,,,,,,,,,,,
h2,H2,H2c,log(naissances / 1 000 f. 30-34),"département, bascule D3 ≥ 50 %",twfe,8,0.046521590226516626,0.03139440352360395,-0.015010309995864488,0.10805349044889774,0.13838196331587374,96,2592,False," ; fenêtre 1998-2024 ; 96 traitées, 0 jamais traitées sur la fenêtre ; cellules −8 et +8 bornées",event,0.0,96.0,0.0,0.0,1998.0,2024.0,,,,,,,,,,,,
h2,H2,H2c,log(naissances / 1 000 f. 30-34),"département, bascule D3 ≥ 50 %",twfe,"ATT[1,5]",0.038107523825853806,0.012482468085804546,0.013642335939506266,0.06257271171220134,0.0022665373296177575,96,2592,False," ; fenêtre 1998-2024 ; 96 traitées, 0 jamais traitées sur la fenêtre ; écart-type avec covariance complète (w'Vw)",post_avg,0.0,96.0,0.0,0.0,1998.0,2024.0,,,,,,,,,,,,
h2,H2,H2c,log(naissances / 1 000 f. 30-34),"département, bascule D3 ≥ 50 %",twfe,Wald pré (-8..−2),19.643386740139256,,,,0.00639372465561098,96,2592,False,"test de Wald joint, covariance groupée, df = 7 ; fenêtre 1998-2024 ; 96 traitées, 0 jamais traitées sur la fenêtre",pre_test,0.0,96.0,0.0,0.0,1998.0,2024.0,,,,,,,,,,,7.0,
h2,H2,H2c,log(naissances / 1 000 f. 30-34),"département, bascule D3 ≥ 50 %",twfe,ATT,0.015305929006480156,0.004883494393766951,0.005734455875993668,0.024877402136966646,0.0017231363373187475,96,2592,False," ; fenêtre 1998-2024 ; 96 traitées, 0 jamais traitées sur la fenêtre",static,0.0,96.0,0.0,0.0,1998.0,2024.0,,,,,,,,,,,,
h2,H2,H2c,log(naissances / 1 000 f. 30-34),"département, bascule D3 ≥ 50 %",twfe_poisson,ATT (log du taux contrefactuel),0.015864246628788273,0.005949093980357386,0.004204236686643761,0.027524256570932784,0.007660776404301544,96,2592,False," ; fenêtre 1998-2024 ; 96 traitées, 0 jamais traitées sur la fenêtre ; Poisson à effets fixes, offset = log(women)",static,0.0,96.0,0.0,0.0,1998.0,2024.0,,,,,,,,,,,,
h2,H2,H2c,log(naissances / 1 000 f. 30-34),"département, bascule D3 ≥ 50 %",twfe_poisson,ATT en % du taux contrefactuel,1.599075187414889,0.6044224466073274,0.4213086795776366,2.7906548387494956,0.008154013366225938,96,2592,False," ; fenêtre 1998-2024 ; 96 traitées, 0 jamais traitées sur la fenêtre ; Poisson à effets fixes, offset = log(women)",static,0.0,96.0,0.0,0.0,1998.0,2024.0,,,,,,,,,,,,
h2,H2,H2c,log(naissances / 1 000 f. 35-39),"département, bascule D3 ≥ 50 %",cs,-8,-0.02465282748106836,0.008762327234126888,-0.04182667328071153,-0.007478981681425193,0.004900504159873184,96,2592,False," ; contrôle = not_yet_treated ; fenêtre 1998-2024 ; 96 traitées, 0 jamais traitées sur la fenêtre ; ATT(g,t) identifiés jusqu'en 2017 (sans unité jamais traitée, la dernière cohorte sert de contrôle) ; grappes = dep (96)",event,0.0,96.0,0.0,0.0,1998.0,2024.0,1998.0,2017.0,96.0,4.0,reg,5.0,89.0,,,,,
h2,H2,H2c,log(naissances / 1 000 f. 35-39),"département, bascule D3 ≥ 50 %",cs,-7,-0.026059177256516488,0.008017129332525165,-0.041772462007665455,-0.010345892505367521,0.0011522762166393536,96,2592,False," ; contrôle = not_yet_treated ; fenêtre 1998-2024 ; 96 traitées, 0 jamais traitées sur la fenêtre ; ATT(g,t) identifiés jusqu'en 2017 (sans unité jamais traitée, la dernière cohorte sert de contrôle) ; grappes = dep (96)",event,0.0,96.0,0.0,0.0,1998.0,2024.0,1998.0,2017.0,96.0,4.0,reg,5.0,89.0,,,,,
h2,H2,H2c,log(naissances / 1 000 f. 35-39),"département, bascule D3 ≥ 50 %",cs,-6,-0.011102099702027649,0.008613502965228299,-0.027984255294604077,0.00578005589054878,0.19742656785582802,96,2592,False," ; contrôle = not_yet_treated ; fenêtre 1998-2024 ; 96 traitées, 0 jamais traitées sur la fenêtre ; ATT(g,t) identifiés jusqu'en 2017 (sans unité jamais traitée, la dernière cohorte sert de contrôle) ; grappes = dep (96)",event,0.0,96.0,0.0,0.0,1998.0,2024.0,1998.0,2017.0,96.0,4.0,reg,5.0,89.0,,,,,
h2,H2,H2c,log(naissances / 1 000 f. 35-39),"département, bascule D3 ≥ 50 %",cs,-5,-0.018305695378242996,0.008354033940733469,-0.03467930102770582,-0.0019320897287801765,0.02843441169189592,96,2592,False," ; contrôle = not_yet_treated ; fenêtre 1998-2024 ; 96 traitées, 0 jamais traitées sur la fenêtre ; ATT(g,t) identifiés jusqu'en 2017 (sans unité jamais traitée, la dernière cohorte sert de contrôle) ; grappes = dep (96)",event,0.0,96.0,0.0,0.0,1998.0,2024.0,1998.0,2017.0,96.0,4.0,reg,5.0,89.0,,,,,
h2,H2,H2c,log(naissances / 1 000 f. 35-39),"département, bascule D3 ≥ 50 %",cs,-4,-0.02165721652226499,0.009146589261638135,-0.03958420205645654,-0.0037302309880734436,0.017894616069552952,96,2592,False," ; contrôle = not_yet_treated ; fenêtre 1998-2024 ; 96 traitées, 0 jamais traitées sur la fenêtre ; ATT(g,t) identifiés jusqu'en 2017 (sans unité jamais traitée, la dernière cohorte sert de contrôle) ; grappes = dep (96)",event,0.0,96.0,0.0,0.0,1998.0,2024.0,1998.0,2017.0,96.0,4.0,reg,5.0,89.0,,,,,
h2,H2,H2c,log(naissances / 1 000 f. 35-39),"département, bascule D3 ≥ 50 %",cs,-3,-0.015948592021965184,0.009771594891492775,-0.0351005660808066,0.0032033820368762324,0.10265040356122959,96,2592,False," ; contrôle = not_yet_treated ; fenêtre 1998-2024 ; 96 traitées, 0 jamais traitées sur la fenêtre ; ATT(g,t) identifiés jusqu'en 2017 (sans unité jamais traitée, la dernière cohorte sert de contrôle) ; grappes = dep (96)",event,0.0,96.0,0.0,0.0,1998.0,2024.0,1998.0,2017.0,96.0,4.0,reg,5.0,89.0,,,,,
h2,H2,H2c,log(naissances / 1 000 f. 35-39),"département, bascule D3 ≥ 50 %",cs,-2,-0.00010129954336051718,0.00830014575618249,-0.016369286291911173,0.016166687205190135,0.9902624197719349,96,2592,False," ; contrôle = not_yet_treated ; fenêtre 1998-2024 ; 96 traitées, 0 jamais traitées sur la fenêtre ; ATT(g,t) identifiés jusqu'en 2017 (sans unité jamais traitée, la dernière cohorte sert de contrôle) ; grappes = dep (96)",event,0.0,96.0,0.0,0.0,1998.0,2024.0,1998.0,2017.0,96.0,4.0,reg,5.0,89.0,,,,,
h2,H2,H2c,log(naissances / 1 000 f. 35-39),"département, bascule D3 ≥ 50 %",cs,0,-0.0031674063517762906,0.009072315062861583,-0.02094881713138523,0.014614004427832651,0.7269926259131134,96,2592,False," ; contrôle = not_yet_treated ; fenêtre 1998-2024 ; 96 traitées, 0 jamais traitées sur la fenêtre ; ATT(g,t) identifiés jusqu'en 2017 (sans unité jamais traitée, la dernière cohorte sert de contrôle) ; grappes = dep (96)",event,0.0,96.0,0.0,0.0,1998.0,2024.0,1998.0,2017.0,96.0,4.0,reg,5.0,89.0,,,,,
h2,H2,H2c,log(naissances / 1 000 f. 35-39),"département, bascule D3 ≥ 50 %",cs,1,0.011154340982172904,0.01501911658474844,-0.018282586603542254,0.04059126856788806,0.4576777201767125,96,2592,False," ; contrôle = not_yet_treated ; fenêtre 1998-2024 ; 96 traitées, 0 jamais traitées sur la fenêtre ; ATT(g,t) identifiés jusqu'en 2017 (sans unité jamais traitée, la dernière cohorte sert de contrôle) ; grappes = dep (96)",event,0.0,96.0,0.0,0.0,1998.0,2024.0,1998.0,2017.0,96.0,4.0,reg,4.0,74.0,,,,,
h2,H2,H2c,log(naissances / 1 000 f. 35-39),"département, bascule D3 ≥ 50 %",cs,2,0.014680055709378123,0.014002596203122365,-0.01276452853879902,0.04212463995755526,0.2944631071527032,96,2592,False," ; contrôle = not_yet_treated ; fenêtre 1998-2024 ; 96 traitées, 0 jamais traitées sur la fenêtre ; ATT(g,t) identifiés jusqu'en 2017 (sans unité jamais traitée, la dernière cohorte sert de contrôle) ; grappes = dep (96)",event,0.0,96.0,0.0,0.0,1998.0,2024.0,1998.0,2017.0,96.0,4.0,reg,3.0,51.0,,,,,
h2,H2,H2c,log(naissances / 1 000 f. 35-39),"département, bascule D3 ≥ 50 %",cs,3,0.06423499883743342,0.0373781617808292,-0.009024852061303351,0.13749484973617018,0.08570239347198148,96,2592,False," ; contrôle = not_yet_treated ; fenêtre 1998-2024 ; 96 traitées, 0 jamais traitées sur la fenêtre ; ATT(g,t) identifiés jusqu'en 2017 (sans unité jamais traitée, la dernière cohorte sert de contrôle) ; grappes = dep (96)",event,0.0,96.0,0.0,0.0,1998.0,2024.0,1998.0,2017.0,96.0,4.0,reg,2.0,35.0,,,,,
h2,H2,H2c,log(naissances / 1 000 f. 35-39),"département, bascule D3 ≥ 50 %",cs,4,0.0916859461148824,0.04216361606983545,0.009046777160030661,0.17432511506973414,0.029665536270164158,96,2592,False," ; contrôle = not_yet_treated ; fenêtre 1998-2024 ; 96 traitées, 0 jamais traitées sur la fenêtre ; ATT(g,t) identifiés jusqu'en 2017 (sans unité jamais traitée, la dernière cohorte sert de contrôle) ; grappes = dep (96)",event,0.0,96.0,0.0,0.0,1998.0,2024.0,1998.0,2017.0,96.0,4.0,reg,1.0,2.0,,,,,
h2,H2,H2c,log(naissances / 1 000 f. 35-39),"département, bascule D3 ≥ 50 %",cs,"ATT[1,4]",0.04543883541096671,0.0217281929008813,0.0028523598761004826,0.08802531094583294,0.03650668194759784,96,2592,False," ; contrôle = not_yet_treated ; fenêtre 1998-2024 ; 96 traitées, 0 jamais traitées sur la fenêtre ; ATT(g,t) identifiés jusqu'en 2017 (sans unité jamais traitée, la dernière cohorte sert de contrôle) ; grappes = dep (96) ; écart-type avec covariance complète des coefficients (fonctions d'influence)",post_avg,0.0,96.0,0.0,0.0,1998.0,2024.0,1998.0,2017.0,96.0,4.0,reg,,,,,4.0,,
h2,H2,H2c,log(naissances / 1 000 f. 35-39),"département, bascule D3 ≥ 50 %",cs,ATT,0.014835863586019616,0.013470237255501866,-0.011565316297973704,0.04123704347001293,0.27073086447094785,96,2592,False," ; contrôle = not_yet_treated ; fenêtre 1998-2024 ; 96 traitées, 0 jamais traitées sur la fenêtre ; ATT(g,t) identifiés jusqu'en 2017 (sans unité jamais traitée, la dernière cohorte sert de contrôle) ; grappes = dep (96) ; moyenne de tous les ATT(g,t) post",simple,0.0,96.0,0.0,0.0,1998.0,2024.0,1998.0,2017.0,96.0,4.0,reg,,,,,,,
h2,H2,H2c,log(naissances / 1 000 f. 35-39),"département, bascule D3 ≥ 50 %",cs,Wald pré (-8..-2),19.781623530266998,,,,0.006061197724801832,96,2592,False,"H5c : test de Wald joint de nullité des coefficients pré avec covariance des fonctions d'influence, df = 7 ; fenêtre 1998-2024 ; 96 traitées, 0 jamais traitées sur la fenêtre",pre_test,0.0,96.0,0.0,0.0,1998.0,2024.0,1998.0,2017.0,96.0,4.0,reg,,,,,,7.0,
h2,H2,H2c,log(naissances / 1 000 f. 35-39),"département, bascule D3 ≥ 50 %",sunab/did2s,non estimable,,,,,,96,2592,False,"aucune unité jamais traitée dans ce panel : Sun & Abraham (contrôle = jamais traitées) et did2s (pyfixest 0.60) ne sont pas estimables ; comparaisons = TWFE, Poisson, D3 continu ; fenêtre 1998-2024 ; 96 traitées, 0 jamais traitées sur la fenêtre",note,0.0,96.0,0.0,0.0,1998.0,2024.0,,,,,,,,,,,,
h2,H2,H2c,log(naissances / 1 000 f. 35-39),"département, bascule D3 ≥ 50 %",twfe,-8,-0.07615420074670798,0.01889099219678079,-0.11317986508462552,-0.03912853640879044,5.548238447932059e-05,96,2592,False," ; fenêtre 1998-2024 ; 96 traitées, 0 jamais traitées sur la fenêtre ; cellules −8 et +8 bornées",event,0.0,96.0,0.0,0.0,1998.0,2024.0,,,,,,,,,,,,
h2,H2,H2c,log(naissances / 1 000 f. 35-39),"département, bascule D3 ≥ 50 %",twfe,-7,-0.07901006257391137,0.01703350579038605,-0.11239512045352248,-0.045625004694300246,3.509323876055604e-06,96,2592,False," ; fenêtre 1998-2024 ; 96 traitées, 0 jamais traitées sur la fenêtre ; cellules −8 et +8 bornées",event,0.0,96.0,0.0,0.0,1998.0,2024.0,,,,,,,,,,,,
h2,H2,H2c,log(naissances / 1 000 f. 35-39),"département, bascule D3 ≥ 50 %",twfe,-6,-0.06394230522497525,0.015965020129577887,-0.0952331696914049,-0.032651440758545605,6.19780596936596e-05,96,2592,False," ; fenêtre 1998-2024 ; 96 traitées, 0 jamais traitées sur la fenêtre ; cellules −8 et +8 bornées",event,0.0,96.0,0.0,0.0,1998.0,2024.0,,,,,,,,,,,,
h2,H2,H2c,log(naissances / 1 000 f. 35-39),"département, bascule D3 ≥ 50 %",twfe,-5,-0.05741701337497734,0.014044847473377997,-0.0849444085911566,-0.029889618158798086,4.348843246174366e-05,96,2592,False," ; fenêtre 1998-2024 ; 96 traitées, 0 jamais traitées sur la fenêtre ; cellules −8 et +8 bornées",event,0.0,96.0,0.0,0.0,1998.0,2024.0,,,,,,,,,,,,
h2,H2,H2c,log(naissances / 1 000 f. 35-39),"département, bascule D3 ≥ 50 %",twfe,-4,-0.05028632292121492,0.011194548060230807,-0.07222723394247002,-0.028345411899959812,7.054519794439513e-06,96,2592,False," ; fenêtre 1998-2024 ; 96 traitées, 0 jamais traitées sur la fenêtre ; cellules −8 et +8 bornées",event,0.0,96.0,0.0,0.0,1998.0,2024.0,,,,,,,,,,,,
h2,H2,H2c,log(naissances / 1 000 f. 35-39),"département, bascule D3 ≥ 50 %",twfe,-3,-0.03962167300873764,0.010584628740164397,-0.060367164129187426,-0.018876181888287855,0.00018160330599620013,96,2592,False," ; fenêtre 1998-2024 ; 96 traitées, 0 jamais traitées sur la fenêtre ; cellules −8 et +8 bornées",event,0.0,96.0,0.0,0.0,1998.0,2024.0,,,,,,,,,,,,
h2,H2,H2c,log(naissances / 1 000 f. 35-39),"département, bascule D3 ≥ 50 %",twfe,-2,-0.01739321359672997,0.007127754574985578,-0.0313633558543423,-0.0034230713391176348,0.014678751242908532,96,2592,False," ; fenêtre 1998-2024 ; 96 traitées, 0 jamais traitées sur la fenêtre ; cellules −8 et +8 bornées",event,0.0,96.0,0.0,0.0,1998.0,2024.0,,,,,,,,,,,,
h2,H2,H2c,log(naissances / 1 000 f. 35-39),"département, bascule D3 ≥ 50 %",twfe,0,0.010092699529941273,0.006932449162216792,-0.0034946511526585105,0.023680050212541055,0.145430364317776,96,2592,False," ; fenêtre 1998-2024 ; 96 traitées, 0 jamais traitées sur la fenêtre ; cellules −8 et +8 bornées",event,0.0,96.0,0.0,0.0,1998.0,2024.0,,,,,,,,,,,,
h2,H2,H2c,log(naissances / 1 000 f. 35-39),"département, bascule D3 ≥ 50 %",twfe,1,0.047168256127195315,0.008349552445820245,0.030803434046359313,0.06353307820803132,1.6120022098587996e-08,96,2592,False," ; fenêtre 1998-2024 ; 96 traitées, 0 jamais traitées sur la fenêtre ; cellules −8 et +8 bornées",event,0.0,96.0,0.0,0.0,1998.0,2024.0,,,,,,,,,,,,
h2,H2,H2c,log(naissances / 1 000 f. 35-39),"département, bascule D3 ≥ 50 %",twfe,2,0.060729327429452876,0.010848240419401464,0.03946716691179432,0.08199148794711143,2.167376212694788e-08,96,2592,False," ; fenêtre 1998-2024 ; 96 traitées, 0 jamais traitées sur la fenêtre ; cellules −8 et +8 bornées",event,0.0,96.0,0.0,0.0,1998.0,2024.0,,,,,,,,,,,,
h2,H2,H2c,log(naissances / 1 000 f. 35-39),"département, bascule D3 ≥ 50 %",twfe,3,0.08913577307821367,0.013400931283896238,0.06287043040248094,0.1154011157539464,2.9019756674834024e-11,96,2592,False," ; fenêtre 1998-2024 ; 96 traitées, 0 jamais traitées sur la fenêtre ; cellules −8 et +8 bornées",event,0.0,96.0,0.0,0.0,1998.0,2024.0,,,,,,,,,,,,
h2,H2,H2c,log(naissances / 1 000 f. 35-39),"département, bascule D3 ≥ 50 %",twfe,4,0.11760864344525981,0.016169046826848853,0.08591789400029443,0.1492993928902252,3.497967335833881e-13,96,2592,False," ; fenêtre 1998-2024 ; 96 traitées, 0 jamais traitées sur la fenêtre ; cellules −8 et +8 bornées",event,0.0,96.0,0.0,0.0,1998.0,2024.0,,,,,,,,,,,,
h2,H2,H2c,log(naissances / 1 000 f. 35-39),"département, bascule D3 ≥ 50 %",twfe,5,0.1430001465811851,0.01980317239367684,0.10418664190994065,0.18181365125242954,5.157908589273829e-13,96,2592,False," ; fenêtre 1998-2024 ; 96 traitées, 0 jamais traitées sur la fenêtre ; cellules −8 et +8 bornées",event,0.0,96.0,0.0,0.0,1998.0,2024.0,,,,,,,,,,,,
h2,H2,H2c,log(naissances / 1 000 f. 35-39),"département, bascule D3 ≥ 50 %",twfe,6,0.158673491523361,0.023100600557192052,0.11339714641001866,0.20394983663670332,6.474250221841356e-12,96,2592,False," ; fenêtre 1998-2024 ; 96 traitées, 0 jamais traitées sur la fenêtre ; cellules −8 et +8 bornées",event,0.0,96.0,0.0,0.0,1998.0,2024.0,,,,,,,,,,,,
h2,H2,H2c,log(naissances / 1 000 f. 35-39),"département, bascule D3 ≥ 50 %",twfe,7,0.16471680786223744,0.024694028412979668,0.1163174015395885,0.21311621418488638,2.552648355611926e-11,96,2592,False," ; fenêtre 1998-2024 ; 96 traitées, 0 jamais traitées sur la fenêtre ; cellules −8 et +8 bornées",event,0.0,96.0,0.0,0.0,1998.0,2024.0,,,,,,,,,,,,
h2,H2,H2c,log(naissances / 1 000 f. 35-39),"département, bascule D3 ≥ 50 %",twfe,8,0.19463753886058274,0.03178390837857357,0.1323422231506577,0.2569328545705078,9.138328119676826e-10,96,2592,False," ; fenêtre 1998-2024 ; 96 traitées, 0 jamais traitées sur la fenêtre ; cellules −8 et +8 bornées",event,0.0,96.0,0.0,0.0,1998.0,2024.0,,,,,,,,,,,,
h2,H2,H2c,log(naissances / 1 000 f. 35-39),"département, bascule D3 ≥ 50 %",twfe,"ATT[1,5]",0.09152842933226137,0.012970740945255584,0.06610624422676141,0.11695061443776132,1.7071116186338683e-12,96,2592,False," ; fenêtre 1998-2024 ; 96 traitées, 0 jamais traitées sur la fenêtre ; écart-type avec covariance complète (w'Vw)",post_avg,0.0,96.0,0.0,0.0,1998.0,2024.0,,,,,,,,,,,,
h2,H2,H2c,log(naissances / 1 000 f. 35-39),"département, bascule D3 ≥ 50 %",twfe,Wald pré (-8..−2),27.66926704204221,,,,0.0002523916640820662,96,2592,False,"test de Wald joint, covariance groupée, df = 7 ; fenêtre 1998-2024 ; 96 traitées, 0 jamais traitées sur la fenêtre",pre_test,0.0,96.0,0.0,0.0,1998.0,2024.0,,,,,,,,,,,7.0,
h2,H2,H2c,log(naissances / 1 000 f. 35-39),"département, bascule D3 ≥ 50 %",twfe,ATT,0.022713011958079517,0.005839715387204321,0.01126738011919467,0.034158643796964365,0.0001004907404871551,96,2592,False," ; fenêtre 1998-2024 ; 96 traitées, 0 jamais traitées sur la fenêtre",static,0.0,96.0,0.0,0.0,1998.0,2024.0,,,,,,,,,,,,
h2,H2,H2c,log(naissances / 1 000 f. 35-39),"département, bascule D3 ≥ 50 %",twfe_poisson,ATT (log du taux contrefactuel),0.009764318881424124,0.010981817048441403,-0.011759647018328984,0.031288284781177234,0.373930482795198,96,2592,False," ; fenêtre 1998-2024 ; 96 traitées, 0 jamais traitées sur la fenêtre ; Poisson à effets fixes, offset = log(women)",static,0.0,96.0,0.0,0.0,1998.0,2024.0,,,,,,,,,,,,
h2,H2,H2c,log(naissances / 1 000 f. 35-39),"département, bascule D3 ≥ 50 %",twfe_poisson,ATT en % du taux contrefactuel,0.9812145380684312,1.1089572233864788,-1.1690772781053127,3.178290850099952,0.3762600406797718,96,2592,False," ; fenêtre 1998-2024 ; 96 traitées, 0 jamais traitées sur la fenêtre ; Poisson à effets fixes, offset = log(women)",static,0.0,96.0,0.0,0.0,1998.0,2024.0,,,,,,,,,,,,
h2,H2,H2c,log(naissances / 1 000 f. 40-49),"département, bascule D3 ≥ 50 %",cs,-8,-0.021564759809126498,0.02106197527143155,-0.06284547278440557,0.019715953166152572,0.3058958925561037,96,2592,False," ; contrôle = not_yet_treated ; fenêtre 1998-2024 ; 96 traitées, 0 jamais traitées sur la fenêtre ; ATT(g,t) identifiés jusqu'en 2017 (sans unité jamais traitée, la dernière cohorte sert de contrôle) ; grappes = dep (96)",event,0.0,96.0,0.0,0.0,1998.0,2024.0,1998.0,2017.0,96.0,4.0,reg,5.0,89.0,,,,,
h2,H2,H2c,log(naissances / 1 000 f. 40-49),"département, bascule D3 ≥ 50 %",cs,-7,-0.011837721616972182,0.01899250048247254,-0.04906233853897796,0.025386895305033595,0.533097912014243,96,2592,False," ; contrôle = not_yet_treated ; fenêtre 1998-2024 ; 96 traitées, 0 jamais traitées sur la fenêtre ; ATT(g,t) identifiés jusqu'en 2017 (sans unité jamais traitée, la dernière cohorte sert de contrôle) ; grappes = dep (96)",event,0.0,96.0,0.0,0.0,1998.0,2024.0,1998.0,2017.0,96.0,4.0,reg,5.0,89.0,,,,,
h2,H2,H2c,log(naissances / 1 000 f. 40-49),"département, bascule D3 ≥ 50 %",cs,-6,-0.00783198752081618,0.02058565740128258,-0.048179134625410444,0.03251515958377808,0.7036051261085285,96,2592,False," ; contrôle = not_yet_treated ; fenêtre 1998-2024 ; 96 traitées, 0 jamais traitées sur la fenêtre ; ATT(g,t) identifiés jusqu'en 2017 (sans unité jamais traitée, la dernière cohorte sert de contrôle) ; grappes = dep (96)",event,0.0,96.0,0.0,0.0,1998.0,2024.0,1998.0,2017.0,96.0,4.0,reg,5.0,89.0,,,,,
h2,H2,H2c,log(naissances / 1 000 f. 40-49),"département, bascule D3 ≥ 50 %",cs,-5,-0.00826782851368705,0.020667322190902986,-0.048775035664742346,0.03223937863736825,0.6891244558595362,96,2592,False," ; contrôle = not_yet_treated ; fenêtre 1998-2024 ; 96 traitées, 0 jamais traitées sur la fenêtre ; ATT(g,t) identifiés jusqu'en 2017 (sans unité jamais traitée, la dernière cohorte sert de contrôle) ; grappes = dep (96)",event,0.0,96.0,0.0,0.0,1998.0,2024.0,1998.0,2017.0,96.0,4.0,reg,5.0,89.0,,,,,
h2,H2,H2c,log(naissances / 1 000 f. 40-49),"département, bascule D3 ≥ 50 %",cs,-4,0.005561424596286578,0.01886560134582579,-0.031414474588222344,0.0425373237807955,0.7681529301747294,96,2592,False," ; contrôle = not_yet_treated ; fenêtre 1998-2024 ; 96 traitées, 0 jamais traitées sur la fenêtre ; ATT(g,t) identifiés jusqu'en 2017 (sans unité jamais traitée, la dernière cohorte sert de contrôle) ; grappes = dep (96)",event,0.0,96.0,0.0,0.0,1998.0,2024.0,1998.0,2017.0,96.0,4.0,reg,5.0,89.0,,,,,
h2,H2,H2c,log(naissances / 1 000 f. 40-49),"département, bascule D3 ≥ 50 %",cs,-3,0.017499915600379036,0.019027412567308288,-0.019793127750530014,0.054792958951288086,0.3577184469505589,96,2592,False," ; contrôle = not_yet_treated ; fenêtre 1998-2024 ; 96 traitées, 0 jamais traitées sur la fenêtre ; ATT(g,t) identifiés jusqu'en 2017 (sans unité jamais traitée, la dernière cohorte sert de contrôle) ; grappes = dep (96)",event,0.0,96.0,0.0,0.0,1998.0,2024.0,1998.0,2017.0,96.0,4.0,reg,5.0,89.0,,,,,
h2,H2,H2c,log(naissances / 1 000 f. 40-49),"département, bascule D3 ≥ 50 %",cs,-2,0.012497761547638087,0.01980519676096791,-0.026319710810588353,0.051315233905864524,0.5280179960443121,96,2592,False," ; contrôle = not_yet_treated ; fenêtre 1998-2024 ; 96 traitées, 0 jamais traitées sur la fenêtre ; ATT(g,t) identifiés jusqu'en 2017 (sans unité jamais traitée, la dernière cohorte sert de contrôle) ; grappes = dep (96)",event,0.0,96.0,0.0,0.0,1998.0,2024.0,1998.0,2017.0,96.0,4.0,reg,5.0,89.0,,,,,
h2,H2,H2c,log(naissances / 1 000 f. 40-49),"département, bascule D3 ≥ 50 %",cs,0,0.021889015888385675,0.020274110161470883,-0.017847509846694795,0.061625541623466146,0.2802964663258445,96,2592,False," ; contrôle = not_yet_treated ; fenêtre 1998-2024 ; 96 traitées, 0 jamais traitées sur la fenêtre ; ATT(g,t) identifiés jusqu'en 2017 (sans unité jamais traitée, la dernière cohorte sert de contrôle) ; grappes = dep (96)",event,0.0,96.0,0.0,0.0,1998.0,2024.0,1998.0,2017.0,96.0,4.0,reg,5.0,89.0,,,,,
h2,H2,H2c,log(naissances / 1 000 f. 40-49),"département, bascule D3 ≥ 50 %",cs,1,0.02052005113874096,0.027537594300026343,-0.033452641910186154,0.07449274418766808,0.45617198552858174,96,2592,False," ; contrôle = not_yet_treated ; fenêtre 1998-2024 ; 96 traitées, 0 jamais traitées sur la fenêtre ; ATT(g,t) identifiés jusqu'en 2017 (sans unité jamais traitée, la dernière cohorte sert de contrôle) ; grappes = dep (96)",event,0.0,96.0,0.0,0.0,1998.0,2024.0,1998.0,2017.0,96.0,4.0,reg,4.0,74.0,,,,,
h2,H2,H2c,log(naissances / 1 000 f. 40-49),"département, bascule D3 ≥ 50 %",cs,2,0.012541627997216382,0.03622445686581694,-0.05845700281930952,0.08354025881374227,0.7291774570449374,96,2592,False," ; contrôle = not_yet_treated ; fenêtre 1998-2024 ; 96 traitées, 0 jamais traitées sur la fenêtre ; ATT(g,t) identifiés jusqu'en 2017 (sans unité jamais traitée, la dernière cohorte sert de contrôle) ; grappes = dep (96)",event,0.0,96.0,0.0,0.0,1998.0,2024.0,1998.0,2017.0,96.0,4.0,reg,3.0,51.0,,,,,
h2,H2,H2c,log(naissances / 1 000 f. 40-49),"département, bascule D3 ≥ 50 %",cs,3,0.03148242195958656,0.07299618073455012,-0.11158746328910824,0.17455230720828135,0.6662585248093725,96,2592,False," ; contrôle = not_yet_treated ; fenêtre 1998-2024 ; 96 traitées, 0 jamais traitées sur la fenêtre ; ATT(g,t) identifiés jusqu'en 2017 (sans unité jamais traitée, la dernière cohorte sert de contrôle) ; grappes = dep (96)",event,0.0,96.0,0.0,0.0,1998.0,2024.0,1998.0,2017.0,96.0,4.0,reg,2.0,35.0,,,,,
h2,H2,H2c,log(naissances / 1 000 f. 40-49),"département, bascule D3 ≥ 50 %",cs,4,0.157877305782091,0.044443889007324565,0.07076888399483924,0.24498572756934275,0.0003819027519168793,96,2592,False," ; contrôle = not_yet_treated ; fenêtre 1998-2024 ; 96 traitées, 0 jamais traitées sur la fenêtre ; ATT(g,t) identifiés jusqu'en 2017 (sans unité jamais traitée, la dernière cohorte sert de contrôle) ; grappes = dep (96)",event,0.0,96.0,0.0,0.0,1998.0,2024.0,1998.0,2017.0,96.0,4.0,reg,1.0,2.0,,,,,
h2,H2,H2c,log(naissances / 1 000 f. 40-49),"département, bascule D3 ≥ 50 %",cs,"ATT[1,4]",0.055605351719408724,0.03815979089049535,-0.0191864640835418,0.13039716752235925,0.14506910351802293,96,2592,False," ; contrôle = not_yet_treated ; fenêtre 1998-2024 ; 96 traitées, 0 jamais traitées sur la fenêtre ; ATT(g,t) identifiés jusqu'en 2017 (sans unité jamais traitée, la dernière cohorte sert de contrôle) ; grappes = dep (96) ; écart-type avec covariance complète des coefficients (fonctions d'influence)",post_avg,0.0,96.0,0.0,0.0,1998.0,2024.0,1998.0,2017.0,96.0,4.0,reg,,,,,4.0,,
h2,H2,H2c,log(naissances / 1 000 f. 40-49),"département, bascule D3 ≥ 50 %",cs,ATT,0.022007444646776505,0.027947240962873984,-0.032768141107719,0.07678303040127202,0.43101032612331047,96,2592,False," ; contrôle = not_yet_treated ; fenêtre 1998-2024 ; 96 traitées, 0 jamais traitées sur la fenêtre ; ATT(g,t) identifiés jusqu'en 2017 (sans unité jamais traitée, la dernière cohorte sert de contrôle) ; grappes = dep (96) ; moyenne de tous les ATT(g,t) post",simple,0.0,96.0,0.0,0.0,1998.0,2024.0,1998.0,2017.0,96.0,4.0,reg,,,,,,,
h2,H2,H2c,log(naissances / 1 000 f. 40-49),"département, bascule D3 ≥ 50 %",cs,Wald pré (-8..-2),7.654257342749595,,,,0.36406564568340954,96,2592,False,"H5c : test de Wald joint de nullité des coefficients pré avec covariance des fonctions d'influence, df = 7 ; fenêtre 1998-2024 ; 96 traitées, 0 jamais traitées sur la fenêtre",pre_test,0.0,96.0,0.0,0.0,1998.0,2024.0,1998.0,2017.0,96.0,4.0,reg,,,,,,7.0,
h2,H2,H2c,log(naissances / 1 000 f. 40-49),"département, bascule D3 ≥ 50 %",sunab/did2s,non estimable,,,,,,96,2592,False,"aucune unité jamais traitée dans ce panel : Sun & Abraham (contrôle = jamais traitées) et did2s (pyfixest 0.60) ne sont pas estimables ; comparaisons = TWFE, Poisson, D3 continu ; fenêtre 1998-2024 ; 96 traitées, 0 jamais traitées sur la fenêtre",note,0.0,96.0,0.0,0.0,1998.0,2024.0,,,,,,,,,,,,
h2,H2,H2c,log(naissances / 1 000 f. 40-49),"département, bascule D3 ≥ 50 %",twfe,-8,-0.019530588688105397,0.04352028423008095,-0.10482877837601053,0.06576760099979974,0.6535977357768464,96,2592,False," ; fenêtre 1998-2024 ; 96 traitées, 0 jamais traitées sur la fenêtre ; cellules −8 et +8 bornées",event,0.0,96.0,0.0,0.0,1998.0,2024.0,,,,,,,,,,,,
h2,H2,H2c,log(naissances / 1 000 f. 40-49),"département, bascule D3 ≥ 50 %",twfe,-7,-0.03654667990166903,0.04037085402868642,-0.11567209982301815,0.042578740019680095,0.3653203074375223,96,2592,False," ; fenêtre 1998-2024 ; 96 traitées, 0 jamais traitées sur la fenêtre ; cellules −8 et +8 bornées",event,0.0,96.0,0.0,0.0,1998.0,2024.0,,,,,,,,,,,,
h2,H2,H2c,log(naissances / 1 000 f. 40-49),"département, bascule D3 ≥ 50 %",twfe,-6,-0.03285376944539603,0.03086564730308849,-0.09334932651896533,0.027641787628173264,0.2871420403269115,96,2592,False," ; fenêtre 1998-2024 ; 96 traitées, 0 jamais traitées sur la fenêtre ; cellules −8 et +8 bornées",event,0.0,96.0,0.0,0.0,1998.0,2024.0,,,,,,,,,,,,
h2,H2,H2c,log(naissances / 1 000 f. 40-49),"département, bascule D3 ≥ 50 %",twfe,-5,-0.030698366042844077,0.02545432550754884,-0.08058792728839903,0.01919119520271088,0.2278106818247856,96,2592,False," ; fenêtre 1998-2024 ; 96 traitées, 0 jamais traitées sur la fenêtre ; cellules −8 et +8 bornées",event,0.0,96.0,0.0,0.0,1998.0,2024.0,,,,,,,,,,,,
h2,H2,H2c,log(naissances / 1 000 f. 40-49),"département, bascule D3 ≥ 50 %",twfe,-4,-0.026359035312807613,0.02168316187240273,-0.06885725165366904,0.016139181028053822,0.22412004351484416,96,2592,False," ; fenêtre 1998-2024 ; 96 traitées, 0 jamais traitées sur la fenêtre ; cellules −8 et +8 bornées",event,0.0,96.0,0.0,0.0,1998.0,2024.0,,,,,,,,,,,,
h2,H2,H2c,log(naissances / 1 000 f. 40-49),"département, bascule D3 ≥ 50 %",twfe,-3,-0.012067149603898883,0.016997606278152597,-0.04538184573246988,0.021247546524672117,0.47774612357073976,96,2592,False," ; fenêtre 1998-2024 ; 96 traitées, 0 jamais traitées sur la fenêtre ; cellules −8 et +8 bornées",event,0.0,96.0,0.0,0.0,1998.0,2024.0,,,,,,,,,,,,
h2,H2,H2c,log(naissances / 1 000 f. 40-49),"département, bascule D3 ≥ 50 %",twfe,-2,-0.003408561824940119,0.015583720847533483,-0.033952093431231754,0.027134969781351513,0.8268636492984989,96,2592,False," ; fenêtre 1998-2024 ; 96 traitées, 0 jamais traitées sur la fenêtre ; cellules −8 et +8 bornées",event,0.0,96.0,0.0,0.0,1998.0,2024.0,,,,,,,,,,,,
h2,H2,H2c,log(naissances / 1 000 f. 40-49),"département, bascule D3 ≥ 50 %",twfe,0,0.028142535521449658,0.013020246971007916,0.002623320388457414,0.0536617506544419,0.03066105345214132,96,2592,False," ; fenêtre 1998-2024 ; 96 traitées, 0 jamais traitées sur la fenêtre ; cellules −8 et +8 bornées",event,0.0,96.0,0.0,0.0,1998.0,2024.0,,,,,,,,,,,,
h2,H2,H2c,log(naissances / 1 000 f. 40-49),"département, bascule D3 ≥ 50 %",twfe,1,0.04121004991436701,0.017275120320465135,0.0073514362576593065,0.07506866357107472,0.01705525028948206,96,2592,False," ; fenêtre 1998-2024 ; 96 traitées, 0 jamais traitées sur la fenêtre ; cellules −8 et +8 bornées",event,0.0,96.0,0.0,0.0,1998.0,2024.0,,,,,,,,,,,,
h2,H2,H2c,log(naissances / 1 000 f. 40-49),"département, bascule D3 ≥ 50 %",twfe,2,0.0812142122000443,0.020444779611978298,0.04114318048870805,0.12128524391138054,7.116132171485717e-05,96,2592,False," ; fenêtre 1998-2024 ; 96 traitées, 0 jamais traitées sur la fenêtre ; cellules −8 et +8 bornées",event,0.0,96.0,0.0,0.0,1998.0,2024.0,,,,,,,,,,,,
h2,H2,H2c,log(naissances / 1 000 f. 40-49),"département, bascule D3 ≥ 50 %",twfe,3,0.11575065762148369,0.025420661843691867,0.06592707594467606,0.16557423929829132,5.278363623593835e-06,96,2592,False," ; fenêtre 1998-2024 ; 96 traitées, 0 jamais traitées sur la fenêtre ; cellules −8 et +8 bornées",event,0.0,96.0,0.0,0.0,1998.0,2024.0,,,,,,,,,,,,
h2,H2,H2c,log(naissances / 1 000 f. 40-49),"département, bascule D3 ≥ 50 %",twfe,4,0.19151107597373954,0.029448568109837776,0.13379294308218273,0.24922920886529634,7.860876469045357e-11,96,2592,False," ; fenêtre 1998-2024 ; 96 traitées, 0 jamais traitées sur la fenêtre ; cellules −8 et +8 bornées",event,0.0,96.0,0.0,0.0,1998.0,2024.0,,,,,,,,,,,,
h2,H2,H2c,log(naissances / 1 000 f. 40-49),"département, bascule D3 ≥ 50 %",twfe,5,0.19363105718104975,0.03658214105180669,0.12193137824214444,0.26533073611995506,1.2029381411716852e-07,96,2592,False," ; fenêtre 1998-2024 ; 96 traitées, 0 jamais traitées sur la fenêtre ; cellules −8 et +8 bornées",event,0.0,96.0,0.0,0.0,1998.0,2024.0,,,,,,,,,,,,
h2,H2,H2c,log(naissances / 1 000 f. 40-49),"département, bascule D3 ≥ 50 %",twfe,6,0.22288210705360786,0.0428242970789292,0.1389480271156628,0.30681618699155294,1.944449702374175e-07,96,2592,False," ; fenêtre 1998-2024 ; 96 traitées, 0 jamais traitées sur la fenêtre ; cellules −8 et +8 bornées",event,0.0,96.0,0.0,0.0,1998.0,2024.0,,,,,,,,,,,,
h2,H2,H2c,log(naissances / 1 000 f. 40-49),"département, bascule D3 ≥ 50 %",twfe,7,0.24717293436766866,0.04633930424194715,0.1563495669848081,0.3379963017505292,9.60829698561296e-08,96,2592,False," ; fenêtre 1998-2024 ; 96 traitées, 0 jamais traitées sur la fenêtre ; cellules −8 et +8 bornées",event,0.0,96.0,0.0,0.0,1998.0,2024.0,,,,,,,,,,,,
h2,H2,H2c,log(naissances / 1 000 f. 40-49),"département, bascule D3 ≥ 50 %",twfe,8,0.2638705738724177,0.056821804087087445,0.15250188432513545,0.37523926341969993,3.420155581142726e-06,96,2592,False," ; fenêtre 1998-2024 ; 96 traitées, 0 jamais traitées sur la fenêtre ; cellules −8 et +8 bornées",event,0.0,96.0,0.0,0.0,1998.0,2024.0,,,,,,,,,,,,
h2,H2,H2c,log(naissances / 1 000 f. 40-49),"département, bascule D3 ≥ 50 %",twfe,"ATT[1,5]",0.12466341057813686,0.023863120100300533,0.07789255462279397,0.17143426653347976,1.7500082680781812e-07,96,2592,False," ; fenêtre 1998-2024 ; 96 traitées, 0 jamais traitées sur la fenêtre ; écart-type avec covariance complète (w'Vw)",post_avg,0.0,96.0,0.0,0.0,1998.0,2024.0,,,,,,,,,,,,
h2,H2,H2c,log(naissances / 1 000 f. 40-49),"département, bascule D3 ≥ 50 %",twfe,Wald pré (-8..−2),5.832790583124703,,,,0.5594037815906575,96,2592,False,"test de Wald joint, covariance groupée, df = 7 ; fenêtre 1998-2024 ; 96 traitées, 0 jamais traitées sur la fenêtre",pre_test,0.0,96.0,0.0,0.0,1998.0,2024.0,,,,,,,,,,,7.0,
h2,H2,H2c,log(naissances / 1 000 f. 40-49),"département, bascule D3 ≥ 50 %",twfe,ATT,0.023945214399416097,0.010530187786751855,0.0033064255869389193,0.04458400321189328,0.022968456846121213,96,2592,False," ; fenêtre 1998-2024 ; 96 traitées, 0 jamais traitées sur la fenêtre",static,0.0,96.0,0.0,0.0,1998.0,2024.0,,,,,,,,,,,,
h2,H2,H2c,log(naissances / 1 000 f. 40-49),"département, bascule D3 ≥ 50 %",twfe_poisson,ATT (log du taux contrefactuel),0.015567150269958469,0.007936934316054583,1.1044862831439961e-05,0.031123255677085498,0.04983755993460438,96,2592,False," ; fenêtre 1998-2024 ; 96 traitées, 0 jamais traitées sur la fenêtre ; Poisson à effets fixes, offset = log(women)",static,0.0,96.0,0.0,0.0,1998.0,2024.0,,,,,,,,,,,,
h2,H2,H2c,log(naissances / 1 000 f. 40-49),"département, bascule D3 ≥ 50 %",twfe_poisson,ATT en % du taux contrefactuel,1.568894955556721,0.8061456478165013,0.0011044801120130288,3.1612648292757894,0.051634548684511054,96,2592,False," ; fenêtre 1998-2024 ; 96 traitées, 0 jamais traitées sur la fenêtre ; Poisson à effets fixes, offset = log(women)",static,0.0,96.0,0.0,0.0,1998.0,2024.0,,,,,,,,,,,,
h2,H2,H2c,log(naissances / 1 000 f. 25-29),"département, bascule D3 ≥ 50 %",cs,"ATT[1,k] (Holm)",-0.018072309110399185,0.01564868026540871,-0.04874315907811071,0.012598540857312334,0.24814058488418955,96,2592,False,"p brut 0.2481, p Holm 0.4352 (famille : 25-29, 30-34, 35-39, 40-49, 4 tests)",post_avg_holm,,,,,,,,,,,,,,,,,,0.4352073105540688
h2,H2,H2c,log(naissances / 1 000 f. 30-34),"département, bascule D3 ≥ 50 %",cs,"ATT[1,k] (Holm)",0.02447427292065362,0.016915307000813215,-0.008679119849888249,0.05762766569119549,0.14793296121538205,96,2592,False,"p brut 0.1479, p Holm 0.4352 (famille : 25-29, 30-34, 35-39, 40-49, 4 tests)",post_avg_holm,,,,,,,,,,,,,,,,,,0.4352073105540688
h2,H2,H2c,log(naissances / 1 000 f. 35-39),"département, bascule D3 ≥ 50 %",cs,"ATT[1,k] (Holm)",0.04543883541096671,0.0217281929008813,0.0028523595401837923,0.08802531128174962,0.03650668194759784,96,2592,False,"p brut 0.0365, p Holm 0.1460 (famille : 25-29, 30-34, 35-39, 40-49, 4 tests)",post_avg_holm,,,,,,,,,,,,,,,,,,0.14602672779039136
h2,H2,H2c,log(naissances / 1 000 f. 40-49),"département, bascule D3 ≥ 50 %",cs,"ATT[1,k] (Holm)",0.055605351719408724,0.03815979089049535,-0.01918646467349011,0.13039716811230756,0.14506910351802293,96,2592,False,"p brut 0.1451, p Holm 0.4352 (famille : 25-29, 30-34, 35-39, 40-49, 4 tests)",post_avg_holm,,,,,,,,,,,,,,,,,,0.4352073105540688
h2,H2,H2a,log(naissances / 1 000 f. 15-19),"département, bascule D3 ≥ 50 %",cs,"ATT[1,k] (Holm)",-0.08531211681090425,0.06883559913594908,-0.22022741303579557,0.049603179413987064,0.2152120536557549,96,2592,False,"p brut 0.2152, p Holm 0.4304 (famille : 15-19, 20-24, 2 tests)",post_avg_holm,,,,,,,,,,,,,,,,,,0.4304241073115098
h2,H2,H2a,log(naissances / 1 000 f. 20-24),"département, bascule D3 ≥ 50 %",cs,"ATT[1,k] (Holm)",-0.016808504113674985,0.020188469241390006,-0.0563771770419067,0.022760168814556735,0.40508196683698416,96,2592,False,"p brut 0.4051, p Holm 0.4304 (famille : 15-19, 20-24, 2 tests)",post_avg_holm,,,,,,,,,,,,,,,,,,0.4304241073115098
h2,H2,H2d,log(naissances / 1 000 f. 15-24),"département, bascule D3 ≥ 50 %",cs,-8,0.026703962673076013,0.013726983872537278,-0.00020043133345921255,0.05360835667961124,0.05173133838389293,96,2592,False," ; contrôle = not_yet_treated ; fenêtre 1998-2024 ; 96 traitées, 0 jamais traitées sur la fenêtre ; ATT(g,t) identifiés jusqu'en 2017 (sans unité jamais traitée, la dernière cohorte sert de contrôle) ; grappes = dep (96)",event,0.0,96.0,0.0,0.0,1998.0,2024.0,1998.0,2017.0,96.0,4.0,reg,5.0,89.0,,,,,
h2,H2,H2d,log(naissances / 1 000 f. 15-24),"département, bascule D3 ≥ 50 %",cs,-7,0.02066531786864819,0.014452329744191222,-0.007660727922663577,0.04899136365995996,0.15274708123846956,96,2592,False," ; contrôle = not_yet_treated ; fenêtre 1998-2024 ; 96 traitées, 0 jamais traitées sur la fenêtre ; ATT(g,t) identifiés jusqu'en 2017 (sans unité jamais traitée, la dernière cohorte sert de contrôle) ; grappes = dep (96)",event,0.0,96.0,0.0,0.0,1998.0,2024.0,1998.0,2017.0,96.0,4.0,reg,5.0,89.0,,,,,
h2,H2,H2d,log(naissances / 1 000 f. 15-24),"département, bascule D3 ≥ 50 %",cs,-6,0.02274241810632221,0.010989626781021332,0.0012031454119835507,0.04428169080066087,0.03850443350077178,96,2592,False," ; contrôle = not_yet_treated ; fenêtre 1998-2024 ; 96 traitées, 0 jamais traitées sur la fenêtre ; ATT(g,t) identifiés jusqu'en 2017 (sans unité jamais traitée, la dernière cohorte sert de contrôle) ; grappes = dep (96)",event,0.0,96.0,0.0,0.0,1998.0,2024.0,1998.0,2017.0,96.0,4.0,reg,5.0,89.0,,,,,
h2,H2,H2d,log(naissances / 1 000 f. 15-24),"département, bascule D3 ≥ 50 %",cs,-5,0.021077954486346508,0.012290037187255593,-0.0030100757693324043,0.04516598474202542,0.08633716096731055,96,2592,False," ; contrôle = not_yet_treated ; fenêtre 1998-2024 ; 96 traitées, 0 jamais traitées sur la fenêtre ; ATT(g,t) identifiés jusqu'en 2017 (sans unité jamais traitée, la dernière cohorte sert de contrôle) ; grappes = dep (96)",event,0.0,96.0,0.0,0.0,1998.0,2024.0,1998.0,2017.0,96.0,4.0,reg,5.0,89.0,,,,,
h2,H2,H2d,log(naissances / 1 000 f. 15-24),"département, bascule D3 ≥ 50 %",cs,-4,0.018536195604189353,0.01207121401701939,-0.005122949118843721,0.04219534032722243,0.12464384625055705,96,2592,False," ; contrôle = not_yet_treated ; fenêtre 1998-2024 ; 96 traitées, 0 jamais traitées sur la fenêtre ; ATT(g,t) identifiés jusqu'en 2017 (sans unité jamais traitée, la dernière cohorte sert de contrôle) ; grappes = dep (96)",event,0.0,96.0,0.0,0.0,1998.0,2024.0,1998.0,2017.0,96.0,4.0,reg,5.0,89.0,,,,,
h2,H2,H2d,log(naissances / 1 000 f. 15-24),"département, bascule D3 ≥ 50 %",cs,-3,0.017242558666852613,0.011876306892232017,-0.006034575111266958,0.04051969244497218,0.14654466412674066,96,2592,False," ; contrôle = not_yet_treated ; fenêtre 1998-2024 ; 96 traitées, 0 jamais traitées sur la fenêtre ; ATT(g,t) identifiés jusqu'en 2017 (sans unité jamais traitée, la dernière cohorte sert de contrôle) ; grappes = dep (96)",event,0.0,96.0,0.0,0.0,1998.0,2024.0,1998.0,2017.0,96.0,4.0,reg,5.0,89.0,,,,,
h2,H2,H2d,log(naissances / 1 000 f. 15-24),"département, bascule D3 ≥ 50 %",cs,-2,0.012850740836696994,0.00987260908052645,-0.0064992173945779465,0.03220069906797193,0.19303400744928978,96,2592,False," ; contrôle = not_yet_treated ; fenêtre 1998-2024 ; 96 traitées, 0 jamais traitées sur la fenêtre ; ATT(g,t) identifiés jusqu'en 2017 (sans unité jamais traitée, la dernière cohorte sert de contrôle) ; grappes = dep (96)",event,0.0,96.0,0.0,0.0,1998.0,2024.0,1998.0,2017.0,96.0,4.0,reg,5.0,89.0,,,,,
h2,H2,H2d,log(naissances / 1 000 f. 15-24),"département, bascule D3 ≥ 50 %",cs,0,0.004886437560577973,0.010345742196632805,-0.01539084453815863,0.025163719659314576,0.6367027699300878,96,2592,False," ; contrôle = not_yet_treated ; fenêtre 1998-2024 ; 96 traitées, 0 jamais traitées sur la fenêtre ; ATT(g,t) identifiés jusqu'en 2017 (sans unité jamais traitée, la dernière cohorte sert de contrôle) ; grappes = dep (96)",event,0.0,96.0,0.0,0.0,1998.0,2024.0,1998.0,2017.0,96.0,4.0,reg,5.0,89.0,,,,,
h2,H2,H2d,log(naissances / 1 000 f. 15-24),"département, bascule D3 ≥ 50 %",cs,1,-0.008438053431393689,0.01260425610394067,-0.03314194144703654,0.016265834584249163,0.5032016767223699,96,2592,False," ; contrôle = not_yet_treated ; fenêtre 1998-2024 ; 96 traitées, 0 jamais traitées sur la fenêtre ; ATT(g,t) identifiés jusqu'en 2017 (sans unité jamais traitée, la dernière cohorte sert de contrôle) ; grappes = dep (96)",event,0.0,96.0,0.0,0.0,1998.0,2024.0,1998.0,2017.0,96.0,4.0,reg,4.0,74.0,,,,,
h2,H2,H2d,log(naissances / 1 000 f. 15-24),"département, bascule D3 ≥ 50 %",cs,2,-0.011543759301654376,0.02257767026051975,-0.05579517986709415,0.032707661263785395,0.6091473155128646,96,2592,False," ; contrôle = not_yet_treated ; fenêtre 1998-2024 ; 96 traitées, 0 jamais traitées sur la fenêtre ; ATT(g,t) identifiés jusqu'en 2017 (sans unité jamais traitée, la dernière cohorte sert de contrôle) ; grappes = dep (96)",event,0.0,96.0,0.0,0.0,1998.0,2024.0,1998.0,2017.0,96.0,4.0,reg,3.0,51.0,,,,,
h2,H2,H2d,log(naissances / 1 000 f. 15-24),"département, bascule D3 ≥ 50 %",cs,3,-0.0213709700766245,0.04296101358466372,-0.1055730094419014,0.0628310692886524,0.6188715262087752,96,2592,False," ; contrôle = not_yet_treated ; fenêtre 1998-2024 ; 96 traitées, 0 jamais traitées sur la fenêtre ; ATT(g,t) identifiés jusqu'en 2017 (sans unité jamais traitée, la dernière cohorte sert de contrôle) ; grappes = dep (96)",event,0.0,96.0,0.0,0.0,1998.0,2024.0,1998.0,2017.0,96.0,4.0,reg,2.0,35.0,,,,,
h2,H2,H2d,log(naissances / 1 000 f. 15-24),"département, bascule D3 ≥ 50 %",cs,4,0.030636332162581825,0.03666106887558502,-0.04121804246830715,0.1024907067934708,0.403344003816961,96,2592,False," ; contrôle = not_yet_treated ; fenêtre 1998-2024 ; 96 traitées, 0 jamais traitées sur la fenêtre ; ATT(g,t) identifiés jusqu'en 2017 (sans unité jamais traitée, la dernière cohorte sert de contrôle) ; grappes = dep (96)",event,0.0,96.0,0.0,0.0,1998.0,2024.0,1998.0,2017.0,96.0,4.0,reg,1.0,2.0,,,,,
h2,H2,H2d,log(naissances / 1 000 f. 15-24),"département, bascule D3 ≥ 50 %",cs,"ATT[1,4]",-0.002679112661772686,0.021524533399494793,-0.04486642290881197,0.03950819758526661,0.9009448445508496,96,2592,False," ; contrôle = not_yet_treated ; fenêtre 1998-2024 ; 96 traitées, 0 jamais traitées sur la fenêtre ; ATT(g,t) identifiés jusqu'en 2017 (sans unité jamais traitée, la dernière cohorte sert de contrôle) ; grappes = dep (96) ; écart-type avec covariance complète des coefficients (fonctions d'influence)",post_avg,0.0,96.0,0.0,0.0,1998.0,2024.0,1998.0,2017.0,96.0,4.0,reg,,,,,4.0,,
h2,H2,H2d,log(naissances / 1 000 f. 15-24),"département, bascule D3 ≥ 50 %",cs,ATT,-0.005836518022999044,0.014893076099058369,-0.03502641079616773,0.023353374750169645,0.6951359977048015,96,2592,False," ; contrôle = not_yet_treated ; fenêtre 1998-2024 ; 96 traitées, 0 jamais traitées sur la fenêtre ; ATT(g,t) identifiés jusqu'en 2017 (sans unité jamais traitée, la dernière cohorte sert de contrôle) ; grappes = dep (96) ; moyenne de tous les ATT(g,t) post",simple,0.0,96.0,0.0,0.0,1998.0,2024.0,1998.0,2017.0,96.0,4.0,reg,,,,,,,
h2,H2,H2d,log(naissances / 1 000 f. 15-24),"département, bascule D3 ≥ 50 %",cs,Wald pré (-8..-2),5.2994247426727075,,,,0.6234739347382932,96,2592,False,"H5c : test de Wald joint de nullité des coefficients pré avec covariance des fonctions d'influence, df = 7 ; fenêtre 1998-2024 ; 96 traitées, 0 jamais traitées sur la fenêtre",pre_test,0.0,96.0,0.0,0.0,1998.0,2024.0,1998.0,2017.0,96.0,4.0,reg,,,,,,7.0,
h2,H2,H2d,ATT 15-24 − ATT 25-39,"département, bascule D3 ≥ 50 %",cs,différence (bootstrap conjoint),-0.02050034465172693,0.025085636454268978,-0.06966728901918177,0.028666599715727912,0.4138058849034756,96,12960,False,"bootstrap par département stratifié par cohorte, 200 tirages, les deux ATT recalculés sur chaque tirage ; quantiles [-0.0730, +0.0180]",difference,,,,,,,,,,,,,,,,,,
h2,H2,H2d,ATT 15-24 − ATT 25-39,"département, bascule D3 ≥ 50 %",cs,différence (indépendance supposée),-0.02050034465172693,0.02432260528785359,-0.0681717754021296,0.02717108609867574,0.3993114942533673,96,12960,False,pour mémoire : écart-type sous indépendance des deux estimations (mêmes départements : approximation),difference_indep,,,,,,,,,,,,,,,,,,
h2,H2,H2 continu,"log(naissances / 1 000 f.), tous âges","département × âge, D3 continu",twfe_continuous,d3,-0.022561304282286306,0.03500131657987027,-0.09116262419031669,0.04604001562574407,0.5191965166707375,96,15552,False,effets fixes département × âge et année × âge ; interprétation sous traitement continu (hypothèses plus fortes),continuous,,,,,,,,,,,,,,,,,,
h2,H2,H2 continu,log(naissances / 1 000 f. 25-39),"département, D3 continu",twfe_continuous,d3,0.03930789565780912,0.025185767614478858,-0.010055301789564715,0.08867109310518295,0.11859016362436976,96,2592,False,effets fixes département et année,continuous,,,,,,,,,,,,,,,,,,
h2,H2,H2 continu,log(naissances / 1 000 f. 15-24),"département, D3 continu",twfe_continuous,d3,-0.13153007497855507,0.05506050716818103,-0.2394466859986994,-0.023613463958410755,0.016902218526658103,96,2592,False,effets fixes département et année,continuous,,,,,,,,,,,,,,,,,,
h2,H2,H2 continu,log(naissances / 1 000 f. 15-19),"département, D3 continu",twfe_continuous,d3,-0.22445900670363975,0.0802186429430722,-0.38168465776073945,-0.06723335564654007,0.0051405738897657635,96,2592,False,effets fixes département et année,continuous,,,,,,,,,,,,,,,,,,
h2,H2,H2 continu,log(naissances / 1 000 f. 20-24),"département, D3 continu",twfe_continuous,d3,-0.16006340368516017,0.0532759278826537,-0.2644823035781147,-0.05564450379220566,0.00266085419568687,96,2592,False,effets fixes département et année,continuous,,,,,,,,,,,,,,,,,,
h2,H2,H2 continu,log(naissances / 1 000 f. 25-29),"département, D3 continu",twfe_continuous,d3,-0.0679450314468758,0.042417314735317825,-0.15108144064899887,0.015191377755247273,0.10919474972320342,96,2592,False,effets fixes département et année,continuous,,,,,,,,,,,,,,,,,,
h2,H2,H2 continu,log(naissances / 1 000 f. 30-34),"département, D3 continu",twfe_continuous,d3,0.041836728415016636,0.022378189823036014,-0.0020237176773347174,0.085697174507368,0.06154892010974421,96,2592,False,effets fixes département et année,continuous,,,,,,,,,,,,,,,,,,
h2,H2,H2 continu,log(naissances / 1 000 f. 35-39),"département, D3 continu",twfe_continuous,d3,0.11940893201551268,0.023457330452693086,0.07343340915477958,0.16538445487624578,3.571694468121332e-07,96,2592,False,effets fixes département et année,continuous,,,,,,,,,,,,,,,,,,
h2,H2,H2 continu,log(naissances / 1 000 f. 40-49),"département, D3 continu",twfe_continuous,d3,0.1558539557114286,0.03499238669923074,0.08727013804783793,0.22443777337501927,8.430906395387034e-06,96,2592,False,effets fixes département et année,continuous,,,,,,,,,,,,,,,,,,
h2,H2,H2b,log(naissances / 1 000 f. 25-39),"département, bascule D3 ≥ 90 %",cs,-8,-0.001046309277992004,0.007235392873114723,-0.015227418723294646,0.01313480016731064,0.8850188979959281,96,2592,False," ; contrôle = not_yet_treated ; fenêtre 1998-2024 ; 36 traitées, 60 jamais traitées sur la fenêtre (dont 8 traitées après 2024) ; grappes = dep (96)",event,60.0,36.0,8.0,0.0,1998.0,2024.0,1998.0,2024.0,96.0,5.0,reg,12.0,36.0,,,,,
h2,H2,H2b,log(naissances / 1 000 f. 25-39),"département, bascule D3 ≥ 90 %",cs,-7,-0.0008518728558848888,0.0059722864689298275,-0.012557339240343244,0.010853593528573466,0.8865763678586553,96,2592,False," ; contrôle = not_yet_treated ; fenêtre 1998-2024 ; 36 traitées, 60 jamais traitées sur la fenêtre (dont 8 traitées après 2024) ; grappes = dep (96)",event,60.0,36.0,8.0,0.0,1998.0,2024.0,1998.0,2024.0,96.0,5.0,reg,12.0,36.0,,,,,
h2,H2,H2b,log(naissances / 1 000 f. 25-39),"département, bascule D3 ≥ 90 %",cs,-6,0.0012299996948290067,0.005157333098825261,-0.008878187435144857,0.011338186824802872,0.8114969617276572,96,2592,False," ; contrôle = not_yet_treated ; fenêtre 1998-2024 ; 36 traitées, 60 jamais traitées sur la fenêtre (dont 8 traitées après 2024) ; grappes = dep (96)",event,60.0,36.0,8.0,0.0,1998.0,2024.0,1998.0,2024.0,96.0,5.0,reg,12.0,36.0,,,,,
h2,H2,H2b,log(naissances / 1 000 f. 25-39),"département, bascule D3 ≥ 90 %",cs,-5,0.0021477018819521677,0.005448630692239517,-0.00853141803989683,0.012826821803801165,0.6934534840690332,96,2592,False," ; contrôle = not_yet_treated ; fenêtre 1998-2024 ; 36 traitées, 60 jamais traitées sur la fenêtre (dont 8 traitées après 2024) ; grappes = dep (96)",event,60.0,36.0,8.0,0.0,1998.0,2024.0,1998.0,2024.0,96.0,5.0,reg,12.0,36.0,,,,,
h2,H2,H2b,log(naissances / 1 000 f. 25-39),"département, bascule D3 ≥ 90 %",cs,-4,-0.005648995321404192,0.005111618266408622,-0.015667583026282156,0.004369592383473774,0.26910388793206297,96,2592,False," ; contrôle = not_yet_treated ; fenêtre 1998-2024 ; 36 traitées, 60 jamais traitées sur la fenêtre (dont 8 traitées après 2024) ; grappes = dep (96)",event,60.0,36.0,8.0,0.0,1998.0,2024.0,1998.0,2024.0,96.0,5.0,reg,12.0,36.0,,,,,
h2,H2,H2b,log(naissances / 1 000 f. 25-39),"département, bascule D3 ≥ 90 %",cs,-3,-0.0025448756403955233,0.004687390479305193,-0.011731992161309643,0.006642240880518596,0.5871852373001664,96,2592,False," ; contrôle = not_yet_treated ; fenêtre 1998-2024 ; 36 traitées, 60 jamais traitées sur la fenêtre (dont 8 traitées après 2024) ; grappes = dep (96)",event,60.0,36.0,8.0,0.0,1998.0,2024.0,1998.0,2024.0,96.0,5.0,reg,12.0,36.0,,,,,
h2,H2,H2b,log(naissances / 1 000 f. 25-39),"département, bascule D3 ≥ 90 %",cs,-2,-0.006476037997660252,0.004085099153717675,-0.014482685212221949,0.0015306092169014452,0.11290206332149702,96,2592,False," ; contrôle = not_yet_treated ; fenêtre 1998-2024 ; 36 traitées, 60 jamais traitées sur la fenêtre (dont 8 traitées après 2024) ; grappes = dep (96)",event,60.0,36.0,8.0,0.0,1998.0,2024.0,1998.0,2024.0,96.0,5.0,reg,12.0,36.0,,,,,
h2,H2,H2b,log(naissances / 1 000 f. 25-39),"département, bascule D3 ≥ 90 %",cs,0,0.00256347900091292,0.003030695783517692,-0.0033765755828791565,0.008503533584704997,0.397642876764545,96,2592,False," ; contrôle = not_yet_treated ; fenêtre 1998-2024 ; 36 traitées, 60 jamais traitées sur la fenêtre (dont 8 traitées après 2024) ; grappes = dep (96)",event,60.0,36.0,8.0,0.0,1998.0,2024.0,1998.0,2024.0,96.0,5.0,reg,12.0,36.0,,,,,
h2,H2,H2b,log(naissances / 1 000 f. 25-39),"département, bascule D3 ≥ 90 %",cs,1,0.005030001752016692,0.004271629234080235,-0.0033422377020889847,0.013402241206122368,0.23898121253287752,96,2592,False," ; contrôle = not_yet_treated ; fenêtre 1998-2024 ; 36 traitées, 60 jamais traitées sur la fenêtre (dont 8 traitées après 2024) ; grappes = dep (96)",event,60.0,36.0,8.0,0.0,1998.0,2024.0,1998.0,2024.0,96.0,5.0,reg,11.0,34.0,,,,,
h2,H2,H2b,log(naissances / 1 000 f. 25-39),"département, bascule D3 ≥ 90 %",cs,2,0.007727548937169338,0.005654686869626291,-0.0033554336711497327,0.01881053154548841,0.1717588223909583,96,2592,False," ; contrôle = not_yet_treated ; fenêtre 1998-2024 ; 36 traitées, 60 jamais traitées sur la fenêtre (dont 8 traitées après 2024) ; grappes = dep (96)",event,60.0,36.0,8.0,0.0,1998.0,2024.0,1998.0,2024.0,96.0,5.0,reg,10.0,32.0,,,,,
h2,H2,H2b,log(naissances / 1 000 f. 25-39),"département, bascule D3 ≥ 90 %",cs,3,0.0016732215894337034,0.007550618150731583,-0.013125718047014623,0.01647216122588203,0.8246248074488833,96,2592,False," ; contrôle = not_yet_treated ; fenêtre 1998-2024 ; 36 traitées, 60 jamais traitées sur la fenêtre (dont 8 traitées après 2024) ; grappes = dep (96)",event,60.0,36.0,8.0,0.0,1998.0,2024.0,1998.0,2024.0,96.0,5.0,reg,9.0,28.0,,,,,
h2,H2,H2b,log(naissances / 1 000 f. 25-39),"département, bascule D3 ≥ 90 %",cs,4,-0.00203353987052763,0.00830530395260312,-0.0183116364982879,0.01424455675723264,0.8065738643839889,96,2592,False," ; contrôle = not_yet_treated ; fenêtre 1998-2024 ; 36 traitées, 60 jamais traitées sur la fenêtre (dont 8 traitées après 2024) ; grappes = dep (96)",event,60.0,36.0,8.0,0.0,1998.0,2024.0,1998.0,2024.0,96.0,5.0,reg,8.0,25.0,,,,,
h2,H2,H2b,log(naissances / 1 000 f. 25-39),"département, bascule D3 ≥ 90 %",cs,5,-0.0021918065524957377,0.008803157019714472,-0.019445677261387063,0.015062064156395587,0.8033765580237372,96,2592,False," ; contrôle = not_yet_treated ; fenêtre 1998-2024 ; 36 traitées, 60 jamais traitées sur la fenêtre (dont 8 traitées après 2024) ; grappes = dep (96)",event,60.0,36.0,8.0,0.0,1998.0,2024.0,1998.0,2024.0,96.0,5.0,reg,7.0,23.0,,,,,
h2,H2,H2b,log(naissances / 1 000 f. 25-39),"département, bascule D3 ≥ 90 %",cs,6,-0.002381218509183859,0.01145221918621739,-0.02482715565722855,0.02006471863886083,0.8352864489287728,96,2592,False," ; contrôle = not_yet_treated ; fenêtre 1998-2024 ; 36 traitées, 60 jamais traitées sur la fenêtre (dont 8 traitées après 2024) ; grappes = dep (96)",event,60.0,36.0,8.0,0.0,1998.0,2024.0,1998.0,2024.0,96.0,5.0,reg,6.0,18.0,,,,,
h2,H2,H2b,log(naissances / 1 000 f. 25-39),"département, bascule D3 ≥ 90 %",cs,7,-0.0007101566328577748,0.01386347590401155,-0.027882070105259282,0.02646175683954373,0.9591462262934847,96,2592,False," ; contrôle = not_yet_treated ; fenêtre 1998-2024 ; 36 traitées, 60 jamais traitées sur la fenêtre (dont 8 traitées après 2024) ; grappes = dep (96)",event,60.0,36.0,8.0,0.0,1998.0,2024.0,1998.0,2024.0,96.0,5.0,reg,5.0,12.0,,,,,
h2,H2,H2b,log(naissances / 1 000 f. 25-39),"département, bascule D3 ≥ 90 %",cs,8,-0.0022598076944288087,0.014682640989269257,-0.031037255231328102,0.026517639842470485,0.8776805692506466,96,2592,False," ; contrôle = not_yet_treated ; fenêtre 1998-2024 ; 36 traitées, 60 jamais traitées sur la fenêtre (dont 8 traitées après 2024) ; grappes = dep (96)",event,60.0,36.0,8.0,0.0,1998.0,2024.0,1998.0,2024.0,96.0,5.0,reg,4.0,11.0,,,,,
h2,H2,H2b,log(naissances / 1 000 f. 25-39),"département, bascule D3 ≥ 90 %",cs,"ATT[1,5]",0.002041085171119273,0.006160884975988715,-0.010034027494712525,0.014116197836951071,0.7404198554087803,96,2592,False," ; contrôle = not_yet_treated ; fenêtre 1998-2024 ; 36 traitées, 60 jamais traitées sur la fenêtre (dont 8 traitées après 2024) ; grappes = dep (96) ; écart-type avec covariance complète des coefficients (fonctions d'influence)",post_avg,60.0,36.0,8.0,0.0,1998.0,2024.0,1998.0,2024.0,96.0,5.0,reg,,,,,5.0,,
h2,H2,H2b,log(naissances / 1 000 f. 25-39),"département, bascule D3 ≥ 90 %",cs,ATT,0.0010939448230939325,0.005344244154726632,-0.00938058124475897,0.011568470890946836,0.8378097303402926,96,2592,False," ; contrôle = not_yet_treated ; fenêtre 1998-2024 ; 36 traitées, 60 jamais traitées sur la fenêtre (dont 8 traitées après 2024) ; grappes = dep (96) ; moyenne de tous les ATT(g,t) post",simple,60.0,36.0,8.0,0.0,1998.0,2024.0,1998.0,2024.0,96.0,5.0,reg,,,,,,,
h2,H2,H2b,log(naissances / 1 000 f. 25-39),"département, bascule D3 ≥ 90 %",cs,Wald pré (-8..-2),8.408975950064654,,,,0.29791492434103234,96,2592,False,"H5c : test de Wald joint de nullité des coefficients pré avec covariance des fonctions d'influence, df = 7 ; fenêtre 1998-2024 ; 36 traitées, 60 jamais traitées sur la fenêtre (dont 8 traitées après 2024)",pre_test,60.0,36.0,8.0,0.0,1998.0,2024.0,1998.0,2024.0,96.0,5.0,reg,,,,,,7.0,
