part,family,hypothesis,outcome,sample,estimator,term,estimate,se,ci_low,ci_high,p,n_units,n_obs,exploratory,notes,aggregation,n_never,n_treated,n_late_recoded,n_unbalanced,year_min,year_max,years_model_min,years_model_max,n_clusters,k_post,est_method,n_cohorts,n_units_rel,cband_low,cband_high,k_periods,df
h3,H3,H3a,log(mariages de femmes / 1 000 f. 25-39),"département, bascule D3 ≥ 50 %",cs,-8,0.007991005578449372,0.012474629981773276,-0.0164588199062898,0.03244083106318855,0.5217952270260373,96,2592,False,"test H3a entrant dans la règle §6 ; contrôle = not_yet_treated ; fenêtre 1998-2024 ; 96 traitées, 0 jamais traitées sur la fenêtre ; ATT(g,t) identifiés jusqu'en 2017 (sans unité jamais traitée, la dernière cohorte sert de contrôle) ; grappes = dep (96) ; bandes simultanées sup-t (bootstrap multiplicateur Rademacher, 999 tirages, valeur critique 2.69)",event,0.0,96.0,0.0,0.0,1998.0,2024.0,1998.0,2017.0,96.0,4.0,reg,5.0,89.0,-0.025543288948260787,0.041525300105159535,,
h3,H3,H3a,log(mariages de femmes / 1 000 f. 25-39),"département, bascule D3 ≥ 50 %",cs,-7,0.0025815116391117348,0.011188814758253523,-0.019348162316755402,0.02451118559497887,0.8175303699634925,96,2592,False,"test H3a entrant dans la règle §6 ; contrôle = not_yet_treated ; fenêtre 1998-2024 ; 96 traitées, 0 jamais traitées sur la fenêtre ; ATT(g,t) identifiés jusqu'en 2017 (sans unité jamais traitée, la dernière cohorte sert de contrôle) ; grappes = dep (96) ; bandes simultanées sup-t (bootstrap multiplicateur Rademacher, 999 tirages, valeur critique 2.69)",event,0.0,96.0,0.0,0.0,1998.0,2024.0,1998.0,2017.0,96.0,4.0,reg,5.0,89.0,-0.02749625500056368,0.032659278278787146,,
h3,H3,H3a,log(mariages de femmes / 1 000 f. 25-39),"département, bascule D3 ≥ 50 %",cs,-6,0.004193069240728051,0.012442735639247542,-0.0201942444813501,0.028580382962806197,0.7361249378719671,96,2592,False,"test H3a entrant dans la règle §6 ; contrôle = not_yet_treated ; fenêtre 1998-2024 ; 96 traitées, 0 jamais traitées sur la fenêtre ; ATT(g,t) identifiés jusqu'en 2017 (sans unité jamais traitée, la dernière cohorte sert de contrôle) ; grappes = dep (96) ; bandes simultanées sup-t (bootstrap multiplicateur Rademacher, 999 tirages, valeur critique 2.69)",event,0.0,96.0,0.0,0.0,1998.0,2024.0,1998.0,2017.0,96.0,4.0,reg,5.0,89.0,-0.02925548692920868,0.03764162541066478,,
h3,H3,H3a,log(mariages de femmes / 1 000 f. 25-39),"département, bascule D3 ≥ 50 %",cs,-5,0.004721945467810278,0.011592135395464751,-0.01799822241121261,0.027442113346833167,0.6837579690858877,96,2592,False,"test H3a entrant dans la règle §6 ; contrôle = not_yet_treated ; fenêtre 1998-2024 ; 96 traitées, 0 jamais traitées sur la fenêtre ; ATT(g,t) identifiés jusqu'en 2017 (sans unité jamais traitée, la dernière cohorte sert de contrôle) ; grappes = dep (96) ; bandes simultanées sup-t (bootstrap multiplicateur Rademacher, 999 tirages, valeur critique 2.69)",event,0.0,96.0,0.0,0.0,1998.0,2024.0,1998.0,2017.0,96.0,4.0,reg,5.0,89.0,-0.026440027521608834,0.035883918457229394,,
h3,H3,H3a,log(mariages de femmes / 1 000 f. 25-39),"département, bascule D3 ≥ 50 %",cs,-4,-0.0021304344153201434,0.009783735235312828,-0.0213062031108088,0.017045334280168512,0.8276218278292515,96,2592,False,"test H3a entrant dans la règle §6 ; contrôle = not_yet_treated ; fenêtre 1998-2024 ; 96 traitées, 0 jamais traitées sur la fenêtre ; ATT(g,t) identifiés jusqu'en 2017 (sans unité jamais traitée, la dernière cohorte sert de contrôle) ; grappes = dep (96) ; bandes simultanées sup-t (bootstrap multiplicateur Rademacher, 999 tirages, valeur critique 2.69)",event,0.0,96.0,0.0,0.0,1998.0,2024.0,1998.0,2017.0,96.0,4.0,reg,5.0,89.0,-0.028431066933615808,0.02417019810297552,,
h3,H3,H3a,log(mariages de femmes / 1 000 f. 25-39),"département, bascule D3 ≥ 50 %",cs,-3,-0.016839094451253388,0.01009259936828761,-0.0366202257234888,0.0029420368209820275,0.09522452254175166,96,2592,False,"test H3a entrant dans la règle §6 ; contrôle = not_yet_treated ; fenêtre 1998-2024 ; 96 traitées, 0 jamais traitées sur la fenêtre ; ATT(g,t) identifiés jusqu'en 2017 (sans unité jamais traitée, la dernière cohorte sert de contrôle) ; grappes = dep (96) ; bandes simultanées sup-t (bootstrap multiplicateur Rademacher, 999 tirages, valeur critique 2.69)",event,0.0,96.0,0.0,0.0,1998.0,2024.0,1998.0,2017.0,96.0,4.0,reg,5.0,89.0,-0.04397001538844779,0.01029182648594101,,
h3,H3,H3a,log(mariages de femmes / 1 000 f. 25-39),"département, bascule D3 ≥ 50 %",cs,-2,-0.013885816380130322,0.009310475966296734,-0.03213401395299768,0.004362381192737033,0.13585164610356112,96,2592,False,"test H3a entrant dans la règle §6 ; contrôle = not_yet_treated ; fenêtre 1998-2024 ; 96 traitées, 0 jamais traitées sur la fenêtre ; ATT(g,t) identifiés jusqu'en 2017 (sans unité jamais traitée, la dernière cohorte sert de contrôle) ; grappes = dep (96) ; bandes simultanées sup-t (bootstrap multiplicateur Rademacher, 999 tirages, valeur critique 2.69)",event,0.0,96.0,0.0,0.0,1998.0,2024.0,1998.0,2017.0,96.0,4.0,reg,5.0,89.0,-0.03891423355112754,0.011142600790866899,,
h3,H3,H3a,log(mariages de femmes / 1 000 f. 25-39),"département, bascule D3 ≥ 50 %",cs,0,-0.013457729721028237,0.00983930091322248,-0.032742405143996366,0.00582694570193989,0.17138951916918221,96,2592,False,"test H3a entrant dans la règle §6 ; contrôle = not_yet_treated ; fenêtre 1998-2024 ; 96 traitées, 0 jamais traitées sur la fenêtre ; ATT(g,t) identifiés jusqu'en 2017 (sans unité jamais traitée, la dernière cohorte sert de contrôle) ; grappes = dep (96) ; bandes simultanées sup-t (bootstrap multiplicateur Rademacher, 999 tirages, valeur critique 2.69)",event,0.0,96.0,0.0,0.0,1998.0,2024.0,1998.0,2017.0,96.0,4.0,reg,5.0,89.0,-0.03990773386888896,0.012992274426832486,,
h3,H3,H3a,log(mariages de femmes / 1 000 f. 25-39),"département, bascule D3 ≥ 50 %",cs,1,-0.0006907658412778437,0.011121613214542645,-0.022488727191766165,0.021107195509210475,0.9504750584904126,96,2592,False,"test H3a entrant dans la règle §6 ; contrôle = not_yet_treated ; fenêtre 1998-2024 ; 96 traitées, 0 jamais traitées sur la fenêtre ; ATT(g,t) identifiés jusqu'en 2017 (sans unité jamais traitée, la dernière cohorte sert de contrôle) ; grappes = dep (96) ; bandes simultanées sup-t (bootstrap multiplicateur Rademacher, 999 tirages, valeur critique 2.69)",event,0.0,96.0,0.0,0.0,1998.0,2024.0,1998.0,2017.0,96.0,4.0,reg,4.0,74.0,-0.03058788132234231,0.029206349639786626,,
h3,H3,H3a,log(mariages de femmes / 1 000 f. 25-39),"département, bascule D3 ≥ 50 %",cs,2,0.03261918705847213,0.017334851549540082,-0.0013564976559747796,0.06659487177291903,0.05987521669502789,96,2592,False,"test H3a entrant dans la règle §6 ; contrôle = not_yet_treated ; fenêtre 1998-2024 ; 96 traitées, 0 jamais traitées sur la fenêtre ; ATT(g,t) identifiés jusqu'en 2017 (sans unité jamais traitée, la dernière cohorte sert de contrôle) ; grappes = dep (96) ; bandes simultanées sup-t (bootstrap multiplicateur Rademacher, 999 tirages, valeur critique 2.69)",event,0.0,96.0,0.0,0.0,1998.0,2024.0,1998.0,2017.0,96.0,4.0,reg,3.0,51.0,-0.013980352830761614,0.07921872694770588,,
h3,H3,H3a,log(mariages de femmes / 1 000 f. 25-39),"département, bascule D3 ≥ 50 %",cs,3,-0.005149476172212945,0.03244954081650299,-0.06874940748742125,0.05845045514299537,0.8739116957840966,96,2592,False,"test H3a entrant dans la règle §6 ; contrôle = not_yet_treated ; fenêtre 1998-2024 ; 96 traitées, 0 jamais traitées sur la fenêtre ; ATT(g,t) identifiés jusqu'en 2017 (sans unité jamais traitée, la dernière cohorte sert de contrôle) ; grappes = dep (96) ; bandes simultanées sup-t (bootstrap multiplicateur Rademacher, 999 tirages, valeur critique 2.69)",event,0.0,96.0,0.0,0.0,1998.0,2024.0,1998.0,2017.0,96.0,4.0,reg,2.0,35.0,-0.0923803167331792,0.0820813643887533,,
h3,H3,H3a,log(mariages de femmes / 1 000 f. 25-39),"département, bascule D3 ≥ 50 %",cs,4,-0.0074811589266873466,0.02447862380742526,-0.055458379980345585,0.04049606212697089,0.7598939311696524,96,2592,False,"test H3a entrant dans la règle §6 ; contrôle = not_yet_treated ; fenêtre 1998-2024 ; 96 traitées, 0 jamais traitées sur la fenêtre ; ATT(g,t) identifiés jusqu'en 2017 (sans unité jamais traitée, la dernière cohorte sert de contrôle) ; grappes = dep (96) ; bandes simultanées sup-t (bootstrap multiplicateur Rademacher, 999 tirages, valeur critique 2.69)",event,0.0,96.0,0.0,0.0,1998.0,2024.0,1998.0,2017.0,96.0,4.0,reg,1.0,2.0,-0.07328458408367547,0.05832226623030077,,
h3,H3,H3a,log(mariages de femmes / 1 000 f. 25-39),"département, bascule D3 ≥ 50 %",cs,"ATT[1,4]",0.004824446529573499,0.013879957944843502,-0.02237977114925035,0.03202866420839735,0.7281528823367216,96,2592,False,"test H3a entrant dans la règle §6 ; contrôle = not_yet_treated ; fenêtre 1998-2024 ; 96 traitées, 0 jamais traitées sur la fenêtre ; ATT(g,t) identifiés jusqu'en 2017 (sans unité jamais traitée, la dernière cohorte sert de contrôle) ; grappes = dep (96) ; bandes simultanées sup-t (bootstrap multiplicateur Rademacher, 999 tirages, valeur critique 2.69) ; écart-type avec covariance complète des coefficients (fonctions d'influence)",post_avg,0.0,96.0,0.0,0.0,1998.0,2024.0,1998.0,2017.0,96.0,4.0,reg,,,,,4.0,
h3,H3,H3a,log(mariages de femmes / 1 000 f. 25-39),"département, bascule D3 ≥ 50 %",cs,ATT,0.0008746212696222212,0.0109827130537479,-0.020651100768261578,0.022400343307506017,0.9365266222933878,96,2592,False,"test H3a entrant dans la règle §6 ; contrôle = not_yet_treated ; fenêtre 1998-2024 ; 96 traitées, 0 jamais traitées sur la fenêtre ; ATT(g,t) identifiés jusqu'en 2017 (sans unité jamais traitée, la dernière cohorte sert de contrôle) ; grappes = dep (96) ; bandes simultanées sup-t (bootstrap multiplicateur Rademacher, 999 tirages, valeur critique 2.69) ; moyenne de tous les ATT(g,t) post",simple,0.0,96.0,0.0,0.0,1998.0,2024.0,1998.0,2017.0,96.0,4.0,reg,,,,,,
h3,H3,H3a,log(mariages de femmes / 1 000 f. 25-39),"département, bascule D3 ≥ 50 %",cs,Wald pré (-8..-2),12.207208363366835,,,,0.09394733419608196,96,2592,False,"H5c : test de Wald joint de nullité des coefficients pré avec covariance des fonctions d'influence, df = 7 ; fenêtre 1998-2024 ; 96 traitées, 0 jamais traitées sur la fenêtre",pre_test,0.0,96.0,0.0,0.0,1998.0,2024.0,1998.0,2017.0,96.0,4.0,reg,,,,,,7.0
h3,H3,H3a,log(mariages de femmes / 1 000 f. 25-39),"département, bascule D3 ≥ 50 % ; fenêtre identifiée ≤ 2017, cohorte 2018 = contrôle",twfe,-8,0.04341481935866187,0.01526660474643689,0.013492823889437323,0.07333681482788643,0.004458223924693914,96,2592,False,"test H3a entrant dans la règle §6 ; fenêtre 1998-2024 ; 96 traitées, 0 jamais traitées sur la fenêtre ; comparaisons sur la fenêtre identifiée (années < 2018, cohorte 2018 recodée contrôle, 7 unités de contrôle) ; cellules −8 et +8 bornées",event,0.0,96.0,0.0,0.0,1998.0,2024.0,,,,,,,,,,,
h3,H3,H3a,log(mariages de femmes / 1 000 f. 25-39),"département, bascule D3 ≥ 50 % ; fenêtre identifiée ≤ 2017, cohorte 2018 = contrôle",twfe,-7,0.025863114827227477,0.01377072264376218,-0.0011270055956365925,0.05285323525009154,0.06036430183050194,96,2592,False,"test H3a entrant dans la règle §6 ; fenêtre 1998-2024 ; 96 traitées, 0 jamais traitées sur la fenêtre ; comparaisons sur la fenêtre identifiée (années < 2018, cohorte 2018 recodée contrôle, 7 unités de contrôle) ; cellules −8 et +8 bornées",event,0.0,96.0,0.0,0.0,1998.0,2024.0,,,,,,,,,,,
h3,H3,H3a,log(mariages de femmes / 1 000 f. 25-39),"département, bascule D3 ≥ 50 % ; fenêtre identifiée ≤ 2017, cohorte 2018 = contrôle",twfe,-6,0.03172034869666962,0.014223710732937628,0.003842387933596054,0.05959830945974319,0.025740565024337213,96,2592,False,"test H3a entrant dans la règle §6 ; fenêtre 1998-2024 ; 96 traitées, 0 jamais traitées sur la fenêtre ; comparaisons sur la fenêtre identifiée (années < 2018, cohorte 2018 recodée contrôle, 7 unités de contrôle) ; cellules −8 et +8 bornées",event,0.0,96.0,0.0,0.0,1998.0,2024.0,,,,,,,,,,,
h3,H3,H3a,log(mariages de femmes / 1 000 f. 25-39),"département, bascule D3 ≥ 50 % ; fenêtre identifiée ≤ 2017, cohorte 2018 = contrôle",twfe,-5,0.03606526919588451,0.012721695070126169,0.01113120503613646,0.060999333355632554,0.004583398878347535,96,2592,False,"test H3a entrant dans la règle §6 ; fenêtre 1998-2024 ; 96 traitées, 0 jamais traitées sur la fenêtre ; comparaisons sur la fenêtre identifiée (années < 2018, cohorte 2018 recodée contrôle, 7 unités de contrôle) ; cellules −8 et +8 bornées",event,0.0,96.0,0.0,0.0,1998.0,2024.0,,,,,,,,,,,
h3,H3,H3a,log(mariages de femmes / 1 000 f. 25-39),"département, bascule D3 ≥ 50 % ; fenêtre identifiée ≤ 2017, cohorte 2018 = contrôle",twfe,-4,0.027707466249254145,0.010325861822438729,0.007469148967937111,0.047945783530571176,0.007289784897908193,96,2592,False,"test H3a entrant dans la règle §6 ; fenêtre 1998-2024 ; 96 traitées, 0 jamais traitées sur la fenêtre ; comparaisons sur la fenêtre identifiée (années < 2018, cohorte 2018 recodée contrôle, 7 unités de contrôle) ; cellules −8 et +8 bornées",event,0.0,96.0,0.0,0.0,1998.0,2024.0,,,,,,,,,,,
h3,H3,H3a,log(mariages de femmes / 1 000 f. 25-39),"département, bascule D3 ≥ 50 % ; fenêtre identifiée ≤ 2017, cohorte 2018 = contrôle",twfe,-3,0.012951454469484225,0.008443256345710807,-0.0035970238803482244,0.029499932819316677,0.1250442443623502,96,2592,False,"test H3a entrant dans la règle §6 ; fenêtre 1998-2024 ; 96 traitées, 0 jamais traitées sur la fenêtre ; comparaisons sur la fenêtre identifiée (années < 2018, cohorte 2018 recodée contrôle, 7 unités de contrôle) ; cellules −8 et +8 bornées",event,0.0,96.0,0.0,0.0,1998.0,2024.0,,,,,,,,,,,
h3,H3,H3a,log(mariages de femmes / 1 000 f. 25-39),"département, bascule D3 ≥ 50 % ; fenêtre identifiée ≤ 2017, cohorte 2018 = contrôle",twfe,-2,0.005066745297487183,0.00680742577721833,-0.00827556405329033,0.018409054648264696,0.4566969300850555,96,2592,False,"test H3a entrant dans la règle §6 ; fenêtre 1998-2024 ; 96 traitées, 0 jamais traitées sur la fenêtre ; comparaisons sur la fenêtre identifiée (années < 2018, cohorte 2018 recodée contrôle, 7 unités de contrôle) ; cellules −8 et +8 bornées",event,0.0,96.0,0.0,0.0,1998.0,2024.0,,,,,,,,,,,
h3,H3,H3a,log(mariages de femmes / 1 000 f. 25-39),"département, bascule D3 ≥ 50 % ; fenêtre identifiée ≤ 2017, cohorte 2018 = contrôle",twfe,0,-0.011173701663477505,0.006738127351789521,-0.024380188596229216,0.0020327852692742076,0.09726096874829984,96,2592,False,"test H3a entrant dans la règle §6 ; fenêtre 1998-2024 ; 96 traitées, 0 jamais traitées sur la fenêtre ; comparaisons sur la fenêtre identifiée (années < 2018, cohorte 2018 recodée contrôle, 7 unités de contrôle) ; cellules −8 et +8 bornées",event,0.0,96.0,0.0,0.0,1998.0,2024.0,,,,,,,,,,,
h3,H3,H3a,log(mariages de femmes / 1 000 f. 25-39),"département, bascule D3 ≥ 50 % ; fenêtre identifiée ≤ 2017, cohorte 2018 = contrôle",twfe,1,-0.011104877050203058,0.01158769094869447,-0.03381633397362499,0.011606579873218873,0.33789441514815555,96,2592,False,"test H3a entrant dans la règle §6 ; fenêtre 1998-2024 ; 96 traitées, 0 jamais traitées sur la fenêtre ; comparaisons sur la fenêtre identifiée (années < 2018, cohorte 2018 recodée contrôle, 7 unités de contrôle) ; cellules −8 et +8 bornées",event,0.0,96.0,0.0,0.0,1998.0,2024.0,,,,,,,,,,,
h3,H3,H3a,log(mariages de femmes / 1 000 f. 25-39),"département, bascule D3 ≥ 50 % ; fenêtre identifiée ≤ 2017, cohorte 2018 = contrôle",twfe,2,-0.009756234661916292,0.01537628617500284,-0.039893201780903005,0.020380732457070422,0.5257553694123427,96,2592,False,"test H3a entrant dans la règle §6 ; fenêtre 1998-2024 ; 96 traitées, 0 jamais traitées sur la fenêtre ; comparaisons sur la fenêtre identifiée (années < 2018, cohorte 2018 recodée contrôle, 7 unités de contrôle) ; cellules −8 et +8 bornées",event,0.0,96.0,0.0,0.0,1998.0,2024.0,,,,,,,,,,,
h3,H3,H3a,log(mariages de femmes / 1 000 f. 25-39),"département, bascule D3 ≥ 50 % ; fenêtre identifiée ≤ 2017, cohorte 2018 = contrôle",twfe,3,-0.03153379128916894,0.020944058417218327,-0.07258339147701984,0.009515808898681956,0.13216477512748062,96,2592,False,"test H3a entrant dans la règle §6 ; fenêtre 1998-2024 ; 96 traitées, 0 jamais traitées sur la fenêtre ; comparaisons sur la fenêtre identifiée (années < 2018, cohorte 2018 recodée contrôle, 7 unités de contrôle) ; cellules −8 et +8 bornées",event,0.0,96.0,0.0,0.0,1998.0,2024.0,,,,,,,,,,,
h3,H3,H3a,log(mariages de femmes / 1 000 f. 25-39),"département, bascule D3 ≥ 50 % ; fenêtre identifiée ≤ 2017, cohorte 2018 = contrôle",twfe,4,-0.03532883369174376,0.018928418470691596,-0.07242785217860202,0.0017701847951144961,0.0619792675306536,96,2592,False,"test H3a entrant dans la règle §6 ; fenêtre 1998-2024 ; 96 traitées, 0 jamais traitées sur la fenêtre ; comparaisons sur la fenêtre identifiée (années < 2018, cohorte 2018 recodée contrôle, 7 unités de contrôle) ; cellules −8 et +8 bornées",event,0.0,96.0,0.0,0.0,1998.0,2024.0,,,,,,,,,,,
h3,H3,H3a,log(mariages de femmes / 1 000 f. 25-39),"département, bascule D3 ≥ 50 % ; fenêtre identifiée ≤ 2017, cohorte 2018 = contrôle",twfe,"ATT[1,4]",-0.02193093417325801,0.015160369152575301,-0.05164471170463762,0.0077828433581215994,0.14801001846981351,96,2592,False,"test H3a entrant dans la règle §6 ; fenêtre 1998-2024 ; 96 traitées, 0 jamais traitées sur la fenêtre ; comparaisons sur la fenêtre identifiée (années < 2018, cohorte 2018 recodée contrôle, 7 unités de contrôle) ; écart-type avec covariance complète (w'Vw)",post_avg,0.0,96.0,0.0,0.0,1998.0,2024.0,,,,,,,,,,,
h3,H3,H3a,log(mariages de femmes / 1 000 f. 25-39),"département, bascule D3 ≥ 50 % ; fenêtre identifiée ≤ 2017, cohorte 2018 = contrôle",twfe,Wald pré (-8..−2),15.393903252915187,,,,0.03126888331498395,96,2592,False,"test de Wald joint, covariance groupée, df = 7 ; fenêtre 1998-2024 ; 96 traitées, 0 jamais traitées sur la fenêtre",pre_test,0.0,96.0,0.0,0.0,1998.0,2024.0,,,,,,,,,,,7.0
h3,H3,H3a,log(mariages de femmes / 1 000 f. 25-39),"département, bascule D3 ≥ 50 % ; fenêtre identifiée ≤ 2017, cohorte 2018 = contrôle",twfe,ATT,-0.01805465968572841,0.008856084084363686,-0.03541226553513961,-0.0006970538363172026,0.04148267218591524,96,2592,False,"test H3a entrant dans la règle §6 ; fenêtre 1998-2024 ; 96 traitées, 0 jamais traitées sur la fenêtre ; comparaisons sur la fenêtre identifiée (années < 2018, cohorte 2018 recodée contrôle, 7 unités de contrôle)",static,0.0,96.0,0.0,0.0,1998.0,2024.0,,,,,,,,,,,
h3,H3,H3a,log(mariages de femmes / 1 000 f. 25-39),"département, bascule D3 ≥ 50 % ; fenêtre complète",twfe,ATT,-0.0068007134496792096,0.00736192811293273,-0.021229827407800283,0.007628400508441865,0.35560713056250703,96,2592,True,"test H3a entrant dans la règle §6 ; fenêtre 1998-2024 ; 96 traitées, 0 jamais traitées sur la fenêtre ; TWFE sur toutes les années (identification par le calendrier des bascules seulement)",static,0.0,96.0,0.0,0.0,1998.0,2024.0,,,,,,,,,,,
h3,H3,H3a,log(mariages de femmes / 1 000 f. 25-39),"département, bascule D3 ≥ 50 % ; fenêtre identifiée ≤ 2017, cohorte 2018 = contrôle",twfe_poisson,ATT (log du taux contrefactuel),-0.009679132974027034,0.00943144255309428,-0.028164420700350322,0.008806154752296251,0.3047680101127306,96,2592,False,"test H3a entrant dans la règle §6 ; fenêtre 1998-2024 ; 96 traitées, 0 jamais traitées sur la fenêtre ; comparaisons sur la fenêtre identifiée (années < 2018, cohorte 2018 recodée contrôle, 7 unités de contrôle) ; Poisson à effets fixes, offset = log(women)",static,0.0,96.0,0.0,0.0,1998.0,2024.0,,,,,,,,,,,
h3,H3,H3a,log(mariages de femmes / 1 000 f. 25-39),"département, bascule D3 ≥ 50 % ; fenêtre identifiée ≤ 2017, cohorte 2018 = contrôle",twfe_poisson,ATT en % du taux contrefactuel,-0.9632440934049025,0.9340594739778724,-2.77715009736611,0.8845043148316467,0.3047680101127306,96,2592,False,"test H3a entrant dans la règle §6 ; fenêtre 1998-2024 ; 96 traitées, 0 jamais traitées sur la fenêtre ; comparaisons sur la fenêtre identifiée (années < 2018, cohorte 2018 recodée contrôle, 7 unités de contrôle) ; Poisson à effets fixes, offset = log(women)",static,0.0,96.0,0.0,0.0,1998.0,2024.0,,,,,,,,,,,
h3,H3,H3a,log(mariages de femmes / 1 000 f. 25-39),"département, bascule D3 ≥ 50 %, covariables de pré-période agrégées",cs,-8,0.028908144504242526,0.016253088435442018,-0.0029473234667682854,0.06076361247525334,0.07530131221454124,96,2592,True,"forme préenregistrée (doublement robuste) ; conditionnement numériquement instable à 96 unités (cohortes de 2 à 33 départements, 6 covariables : estimations de plusieurs log-points au test de fonctionnement) ; rapporté, non interprétable, hors familles de Holm (A2.5) ; covariables : log_med12, share_fsup, unemp_1524, dens_inter, dens_rural, pretrend_0811 (doublement robuste) ; contrôle = not_yet_treated ; fenêtre 1998-2024 ; 96 traitées, 0 jamais traitées sur la fenêtre ; ATT(g,t) identifiés jusqu'en 2017 (sans unité jamais traitée, la dernière cohorte sert de contrôle) ; grappes = dep (96)",event,0.0,96.0,0.0,0.0,1998.0,2024.0,1998.0,2017.0,96.0,2.0,dr,5.0,89.0,,,,
h3,H3,H3a,log(mariages de femmes / 1 000 f. 25-39),"département, bascule D3 ≥ 50 %, covariables de pré-période agrégées",cs,-7,0.007116504199887606,0.017672838256196366,-0.027521622286858925,0.04175463068663414,0.6871834119152508,96,2592,True,"forme préenregistrée (doublement robuste) ; conditionnement numériquement instable à 96 unités (cohortes de 2 à 33 départements, 6 covariables : estimations de plusieurs log-points au test de fonctionnement) ; rapporté, non interprétable, hors familles de Holm (A2.5) ; covariables : log_med12, share_fsup, unemp_1524, dens_inter, dens_rural, pretrend_0811 (doublement robuste) ; contrôle = not_yet_treated ; fenêtre 1998-2024 ; 96 traitées, 0 jamais traitées sur la fenêtre ; ATT(g,t) identifiés jusqu'en 2017 (sans unité jamais traitée, la dernière cohorte sert de contrôle) ; grappes = dep (96)",event,0.0,96.0,0.0,0.0,1998.0,2024.0,1998.0,2017.0,96.0,2.0,dr,5.0,89.0,,,,
h3,H3,H3a,log(mariages de femmes / 1 000 f. 25-39),"département, bascule D3 ≥ 50 %, covariables de pré-période agrégées",cs,-6,0.02667587335455613,0.016025644509815768,-0.004733812713724826,0.05808555942283709,0.09599774909261663,96,2592,True,"forme préenregistrée (doublement robuste) ; conditionnement numériquement instable à 96 unités (cohortes de 2 à 33 départements, 6 covariables : estimations de plusieurs log-points au test de fonctionnement) ; rapporté, non interprétable, hors familles de Holm (A2.5) ; covariables : log_med12, share_fsup, unemp_1524, dens_inter, dens_rural, pretrend_0811 (doublement robuste) ; contrôle = not_yet_treated ; fenêtre 1998-2024 ; 96 traitées, 0 jamais traitées sur la fenêtre ; ATT(g,t) identifiés jusqu'en 2017 (sans unité jamais traitée, la dernière cohorte sert de contrôle) ; grappes = dep (96)",event,0.0,96.0,0.0,0.0,1998.0,2024.0,1998.0,2017.0,96.0,2.0,dr,5.0,89.0,,,,
h3,H3,H3a,log(mariages de femmes / 1 000 f. 25-39),"département, bascule D3 ≥ 50 %, covariables de pré-période agrégées",cs,-5,0.019972178280773488,0.01814818307716471,-0.015597606935308636,0.05554196349685561,0.27111186284563327,96,2592,True,"forme préenregistrée (doublement robuste) ; conditionnement numériquement instable à 96 unités (cohortes de 2 à 33 départements, 6 covariables : estimations de plusieurs log-points au test de fonctionnement) ; rapporté, non interprétable, hors familles de Holm (A2.5) ; covariables : log_med12, share_fsup, unemp_1524, dens_inter, dens_rural, pretrend_0811 (doublement robuste) ; contrôle = not_yet_treated ; fenêtre 1998-2024 ; 96 traitées, 0 jamais traitées sur la fenêtre ; ATT(g,t) identifiés jusqu'en 2017 (sans unité jamais traitée, la dernière cohorte sert de contrôle) ; grappes = dep (96)",event,0.0,96.0,0.0,0.0,1998.0,2024.0,1998.0,2017.0,96.0,2.0,dr,5.0,89.0,,,,
h3,H3,H3a,log(mariages de femmes / 1 000 f. 25-39),"département, bascule D3 ≥ 50 %, covariables de pré-période agrégées",cs,-4,0.0018794709204863966,0.0152883471121586,-0.028085138802491402,0.031844080643464195,0.9021586750722773,96,2592,True,"forme préenregistrée (doublement robuste) ; conditionnement numériquement instable à 96 unités (cohortes de 2 à 33 départements, 6 covariables : estimations de plusieurs log-points au test de fonctionnement) ; rapporté, non interprétable, hors familles de Holm (A2.5) ; covariables : log_med12, share_fsup, unemp_1524, dens_inter, dens_rural, pretrend_0811 (doublement robuste) ; contrôle = not_yet_treated ; fenêtre 1998-2024 ; 96 traitées, 0 jamais traitées sur la fenêtre ; ATT(g,t) identifiés jusqu'en 2017 (sans unité jamais traitée, la dernière cohorte sert de contrôle) ; grappes = dep (96)",event,0.0,96.0,0.0,0.0,1998.0,2024.0,1998.0,2017.0,96.0,2.0,dr,5.0,89.0,,,,
h3,H3,H3a,log(mariages de femmes / 1 000 f. 25-39),"département, bascule D3 ≥ 50 %, covariables de pré-période agrégées",cs,-3,0.030503034344998674,0.016610433445950423,-0.0020528169766637003,0.06305888566666104,0.06630177282098988,96,2592,True,"forme préenregistrée (doublement robuste) ; conditionnement numériquement instable à 96 unités (cohortes de 2 à 33 départements, 6 covariables : estimations de plusieurs log-points au test de fonctionnement) ; rapporté, non interprétable, hors familles de Holm (A2.5) ; covariables : log_med12, share_fsup, unemp_1524, dens_inter, dens_rural, pretrend_0811 (doublement robuste) ; contrôle = not_yet_treated ; fenêtre 1998-2024 ; 96 traitées, 0 jamais traitées sur la fenêtre ; ATT(g,t) identifiés jusqu'en 2017 (sans unité jamais traitée, la dernière cohorte sert de contrôle) ; grappes = dep (96)",event,0.0,96.0,0.0,0.0,1998.0,2024.0,1998.0,2017.0,96.0,2.0,dr,5.0,89.0,,,,
h3,H3,H3a,log(mariages de femmes / 1 000 f. 25-39),"département, bascule D3 ≥ 50 %, covariables de pré-période agrégées",cs,-2,0.005612967552805129,0.01870051393398141,-0.03103936625018788,0.04226530135579814,0.7640624035013138,96,2592,True,"forme préenregistrée (doublement robuste) ; conditionnement numériquement instable à 96 unités (cohortes de 2 à 33 départements, 6 covariables : estimations de plusieurs log-points au test de fonctionnement) ; rapporté, non interprétable, hors familles de Holm (A2.5) ; covariables : log_med12, share_fsup, unemp_1524, dens_inter, dens_rural, pretrend_0811 (doublement robuste) ; contrôle = not_yet_treated ; fenêtre 1998-2024 ; 96 traitées, 0 jamais traitées sur la fenêtre ; ATT(g,t) identifiés jusqu'en 2017 (sans unité jamais traitée, la dernière cohorte sert de contrôle) ; grappes = dep (96)",event,0.0,96.0,0.0,0.0,1998.0,2024.0,1998.0,2017.0,96.0,2.0,dr,5.0,89.0,,,,
h3,H3,H3a,log(mariages de femmes / 1 000 f. 25-39),"département, bascule D3 ≥ 50 %, covariables de pré-période agrégées",cs,0,-0.003039423160443727,0.021773687249355175,-0.045715065979818864,0.03963621965893141,0.8889827025641868,96,2592,True,"forme préenregistrée (doublement robuste) ; conditionnement numériquement instable à 96 unités (cohortes de 2 à 33 départements, 6 covariables : estimations de plusieurs log-points au test de fonctionnement) ; rapporté, non interprétable, hors familles de Holm (A2.5) ; covariables : log_med12, share_fsup, unemp_1524, dens_inter, dens_rural, pretrend_0811 (doublement robuste) ; contrôle = not_yet_treated ; fenêtre 1998-2024 ; 96 traitées, 0 jamais traitées sur la fenêtre ; ATT(g,t) identifiés jusqu'en 2017 (sans unité jamais traitée, la dernière cohorte sert de contrôle) ; grappes = dep (96)",event,0.0,96.0,0.0,0.0,1998.0,2024.0,1998.0,2017.0,96.0,2.0,dr,5.0,89.0,,,,
h3,H3,H3a,log(mariages de femmes / 1 000 f. 25-39),"département, bascule D3 ≥ 50 %, covariables de pré-période agrégées",cs,2,0.13007029494830036,0.08956830613376568,-0.04548035923013838,0.3056209491267391,0.1464484830712801,96,2592,True,"forme préenregistrée (doublement robuste) ; conditionnement numériquement instable à 96 unités (cohortes de 2 à 33 départements, 6 covariables : estimations de plusieurs log-points au test de fonctionnement) ; rapporté, non interprétable, hors familles de Holm (A2.5) ; covariables : log_med12, share_fsup, unemp_1524, dens_inter, dens_rural, pretrend_0811 (doublement robuste) ; contrôle = not_yet_treated ; fenêtre 1998-2024 ; 96 traitées, 0 jamais traitées sur la fenêtre ; ATT(g,t) identifiés jusqu'en 2017 (sans unité jamais traitée, la dernière cohorte sert de contrôle) ; grappes = dep (96)",event,0.0,96.0,0.0,0.0,1998.0,2024.0,1998.0,2017.0,96.0,2.0,dr,3.0,51.0,,,,
h3,H3,H3a,log(mariages de femmes / 1 000 f. 25-39),"département, bascule D3 ≥ 50 %, covariables de pré-période agrégées",cs,4,-3.401156280207251,1.4567275553426657,-6.256289823965954,-0.5460227364485477,0.01955427362005479,96,2592,True,"forme préenregistrée (doublement robuste) ; conditionnement numériquement instable à 96 unités (cohortes de 2 à 33 départements, 6 covariables : estimations de plusieurs log-points au test de fonctionnement) ; rapporté, non interprétable, hors familles de Holm (A2.5) ; covariables : log_med12, share_fsup, unemp_1524, dens_inter, dens_rural, pretrend_0811 (doublement robuste) ; contrôle = not_yet_treated ; fenêtre 1998-2024 ; 96 traitées, 0 jamais traitées sur la fenêtre ; ATT(g,t) identifiés jusqu'en 2017 (sans unité jamais traitée, la dernière cohorte sert de contrôle) ; grappes = dep (96)",event,0.0,96.0,0.0,0.0,1998.0,2024.0,1998.0,2017.0,96.0,2.0,dr,1.0,2.0,,,,
h3,H3,H3a,log(mariages de femmes / 1 000 f. 25-39),"département, bascule D3 ≥ 50 %, covariables de pré-période agrégées",cs,"ATT[1,4]",-1.6355429926294753,0.723263008935306,-3.0531124414927464,-0.21797354376620426,0.023738260705403885,96,2592,True,"forme préenregistrée (doublement robuste) ; conditionnement numériquement instable à 96 unités (cohortes de 2 à 33 départements, 6 covariables : estimations de plusieurs log-points au test de fonctionnement) ; rapporté, non interprétable, hors familles de Holm (A2.5) ; covariables : log_med12, share_fsup, unemp_1524, dens_inter, dens_rural, pretrend_0811 (doublement robuste) ; contrôle = not_yet_treated ; fenêtre 1998-2024 ; 96 traitées, 0 jamais traitées sur la fenêtre ; ATT(g,t) identifiés jusqu'en 2017 (sans unité jamais traitée, la dernière cohorte sert de contrôle) ; grappes = dep (96) ; écart-type avec covariance complète des coefficients (fonctions d'influence)",post_avg,0.0,96.0,0.0,0.0,1998.0,2024.0,1998.0,2017.0,96.0,2.0,dr,,,,,2.0,
h3,H3,H3a,log(mariages de femmes / 1 000 f. 25-39),"département, bascule D3 ≥ 50 %, covariables de pré-période agrégées",cs,ATT,-0.08896066365881379,0.07310120953540476,-0.23223640157452308,0.05431507425689551,0.22362247650673928,96,2592,True,"forme préenregistrée (doublement robuste) ; conditionnement numériquement instable à 96 unités (cohortes de 2 à 33 départements, 6 covariables : estimations de plusieurs log-points au test de fonctionnement) ; rapporté, non interprétable, hors familles de Holm (A2.5) ; covariables : log_med12, share_fsup, unemp_1524, dens_inter, dens_rural, pretrend_0811 (doublement robuste) ; contrôle = not_yet_treated ; fenêtre 1998-2024 ; 96 traitées, 0 jamais traitées sur la fenêtre ; ATT(g,t) identifiés jusqu'en 2017 (sans unité jamais traitée, la dernière cohorte sert de contrôle) ; grappes = dep (96) ; moyenne de tous les ATT(g,t) post",simple,0.0,96.0,0.0,0.0,1998.0,2024.0,1998.0,2017.0,96.0,2.0,dr,,,,,,
h3,H3,H3a,log(mariages de femmes / 1 000 f. 25-39),"département, bascule D3 ≥ 50 %, covariables de pré-période agrégées",cs,Wald pré (-8..-2),11.969716204619662,,,,0.1015591761840494,96,2592,True,"H5c : test de Wald joint de nullité des coefficients pré avec covariance des fonctions d'influence, df = 7 ; fenêtre 1998-2024 ; 96 traitées, 0 jamais traitées sur la fenêtre",pre_test,0.0,96.0,0.0,0.0,1998.0,2024.0,1998.0,2017.0,96.0,2.0,dr,,,,,,7.0
h3,H3,H3a,log(mariages de femmes / 1 000 f. 15-24),"département, bascule D3 ≥ 50 %",cs,-8,0.0037673006440996637,0.028371902545452053,-0.05184060651786664,0.05937520780606597,0.8943651579878061,96,2592,False," ; contrôle = not_yet_treated ; fenêtre 1998-2024 ; 96 traitées, 0 jamais traitées sur la fenêtre ; ATT(g,t) identifiés jusqu'en 2017 (sans unité jamais traitée, la dernière cohorte sert de contrôle) ; grappes = dep (96)",event,0.0,96.0,0.0,0.0,1998.0,2024.0,1998.0,2017.0,96.0,4.0,reg,5.0,89.0,,,,
h3,H3,H3a,log(mariages de femmes / 1 000 f. 15-24),"département, bascule D3 ≥ 50 %",cs,-7,-0.0011237840176539504,0.022715725176365196,-0.0456457872460395,0.0433982192107316,0.9605434431526755,96,2592,False," ; contrôle = not_yet_treated ; fenêtre 1998-2024 ; 96 traitées, 0 jamais traitées sur la fenêtre ; ATT(g,t) identifiés jusqu'en 2017 (sans unité jamais traitée, la dernière cohorte sert de contrôle) ; grappes = dep (96)",event,0.0,96.0,0.0,0.0,1998.0,2024.0,1998.0,2017.0,96.0,4.0,reg,5.0,89.0,,,,
h3,H3,H3a,log(mariages de femmes / 1 000 f. 15-24),"département, bascule D3 ≥ 50 %",cs,-6,-0.04261229773901411,0.02980890463388781,-0.10103667724002334,0.015812081761995125,0.15285606027402654,96,2592,False," ; contrôle = not_yet_treated ; fenêtre 1998-2024 ; 96 traitées, 0 jamais traitées sur la fenêtre ; ATT(g,t) identifiés jusqu'en 2017 (sans unité jamais traitée, la dernière cohorte sert de contrôle) ; grappes = dep (96)",event,0.0,96.0,0.0,0.0,1998.0,2024.0,1998.0,2017.0,96.0,4.0,reg,5.0,89.0,,,,
h3,H3,H3a,log(mariages de femmes / 1 000 f. 15-24),"département, bascule D3 ≥ 50 %",cs,-5,-0.01556168234225232,0.02663741953074156,-0.06777006526358961,0.036646700579084965,0.5590831893140827,96,2592,False," ; contrôle = not_yet_treated ; fenêtre 1998-2024 ; 96 traitées, 0 jamais traitées sur la fenêtre ; ATT(g,t) identifiés jusqu'en 2017 (sans unité jamais traitée, la dernière cohorte sert de contrôle) ; grappes = dep (96)",event,0.0,96.0,0.0,0.0,1998.0,2024.0,1998.0,2017.0,96.0,4.0,reg,5.0,89.0,,,,
h3,H3,H3a,log(mariages de femmes / 1 000 f. 15-24),"département, bascule D3 ≥ 50 %",cs,-4,-0.03642576068406139,0.02374325799812783,-0.08296169123603453,0.010110169867911738,0.12499232588578825,96,2592,False," ; contrôle = not_yet_treated ; fenêtre 1998-2024 ; 96 traitées, 0 jamais traitées sur la fenêtre ; ATT(g,t) identifiés jusqu'en 2017 (sans unité jamais traitée, la dernière cohorte sert de contrôle) ; grappes = dep (96)",event,0.0,96.0,0.0,0.0,1998.0,2024.0,1998.0,2017.0,96.0,4.0,reg,5.0,89.0,,,,
h3,H3,H3a,log(mariages de femmes / 1 000 f. 15-24),"département, bascule D3 ≥ 50 %",cs,-3,-0.01730484807433156,0.02076843261662832,-0.05801022801827002,0.023400531869606903,0.4047159231342168,96,2592,False," ; contrôle = not_yet_treated ; fenêtre 1998-2024 ; 96 traitées, 0 jamais traitées sur la fenêtre ; ATT(g,t) identifiés jusqu'en 2017 (sans unité jamais traitée, la dernière cohorte sert de contrôle) ; grappes = dep (96)",event,0.0,96.0,0.0,0.0,1998.0,2024.0,1998.0,2017.0,96.0,4.0,reg,5.0,89.0,,,,
h3,H3,H3a,log(mariages de femmes / 1 000 f. 15-24),"département, bascule D3 ≥ 50 %",cs,-2,-0.006877761219313092,0.021737235811582954,-0.049481960533469975,0.03572643809484379,0.7516954322666883,96,2592,False," ; contrôle = not_yet_treated ; fenêtre 1998-2024 ; 96 traitées, 0 jamais traitées sur la fenêtre ; ATT(g,t) identifiés jusqu'en 2017 (sans unité jamais traitée, la dernière cohorte sert de contrôle) ; grappes = dep (96)",event,0.0,96.0,0.0,0.0,1998.0,2024.0,1998.0,2017.0,96.0,4.0,reg,5.0,89.0,,,,
h3,H3,H3a,log(mariages de femmes / 1 000 f. 15-24),"département, bascule D3 ≥ 50 %",cs,0,0.03231418810277588,0.02749054457930528,-0.021566289188055282,0.08619466539360704,0.23980851194785324,96,2592,False," ; contrôle = not_yet_treated ; fenêtre 1998-2024 ; 96 traitées, 0 jamais traitées sur la fenêtre ; ATT(g,t) identifiés jusqu'en 2017 (sans unité jamais traitée, la dernière cohorte sert de contrôle) ; grappes = dep (96)",event,0.0,96.0,0.0,0.0,1998.0,2024.0,1998.0,2017.0,96.0,4.0,reg,5.0,89.0,,,,
h3,H3,H3a,log(mariages de femmes / 1 000 f. 15-24),"département, bascule D3 ≥ 50 %",cs,1,0.055303409712444684,0.0332350953377396,-0.009836180172279996,0.12044299959716936,0.09611116025009545,96,2592,False," ; contrôle = not_yet_treated ; fenêtre 1998-2024 ; 96 traitées, 0 jamais traitées sur la fenêtre ; ATT(g,t) identifiés jusqu'en 2017 (sans unité jamais traitée, la dernière cohorte sert de contrôle) ; grappes = dep (96)",event,0.0,96.0,0.0,0.0,1998.0,2024.0,1998.0,2017.0,96.0,4.0,reg,4.0,74.0,,,,
h3,H3,H3a,log(mariages de femmes / 1 000 f. 15-24),"département, bascule D3 ≥ 50 %",cs,2,0.09662412478849973,0.0539458642491192,-0.009107826254660792,0.20235607583166026,0.07327223091147055,96,2592,False," ; contrôle = not_yet_treated ; fenêtre 1998-2024 ; 96 traitées, 0 jamais traitées sur la fenêtre ; ATT(g,t) identifiés jusqu'en 2017 (sans unité jamais traitée, la dernière cohorte sert de contrôle) ; grappes = dep (96)",event,0.0,96.0,0.0,0.0,1998.0,2024.0,1998.0,2017.0,96.0,4.0,reg,3.0,51.0,,,,
h3,H3,H3a,log(mariages de femmes / 1 000 f. 15-24),"département, bascule D3 ≥ 50 %",cs,3,0.23773461588539319,0.13672604939596245,-0.030243516679137605,0.505712748449924,0.08207591867790925,96,2592,False," ; contrôle = not_yet_treated ; fenêtre 1998-2024 ; 96 traitées, 0 jamais traitées sur la fenêtre ; ATT(g,t) identifiés jusqu'en 2017 (sans unité jamais traitée, la dernière cohorte sert de contrôle) ; grappes = dep (96)",event,0.0,96.0,0.0,0.0,1998.0,2024.0,1998.0,2017.0,96.0,4.0,reg,2.0,35.0,,,,
h3,H3,H3a,log(mariages de femmes / 1 000 f. 15-24),"département, bascule D3 ≥ 50 %",cs,4,0.2131991447918805,0.10331376526859322,0.010707885758212687,0.41569040382554834,0.03905486883050743,96,2592,False," ; contrôle = not_yet_treated ; fenêtre 1998-2024 ; 96 traitées, 0 jamais traitées sur la fenêtre ; ATT(g,t) identifiés jusqu'en 2017 (sans unité jamais traitée, la dernière cohorte sert de contrôle) ; grappes = dep (96)",event,0.0,96.0,0.0,0.0,1998.0,2024.0,1998.0,2017.0,96.0,4.0,reg,1.0,2.0,,,,
h3,H3,H3a,log(mariages de femmes / 1 000 f. 15-24),"département, bascule D3 ≥ 50 %",cs,"ATT[1,4]",0.15071532379455455,0.07097024422361063,0.011616201142265886,0.2898144464468432,0.03370017040970451,96,2592,False," ; contrôle = not_yet_treated ; fenêtre 1998-2024 ; 96 traitées, 0 jamais traitées sur la fenêtre ; ATT(g,t) identifiés jusqu'en 2017 (sans unité jamais traitée, la dernière cohorte sert de contrôle) ; grappes = dep (96) ; écart-type avec covariance complète des coefficients (fonctions d'influence)",post_avg,0.0,96.0,0.0,0.0,1998.0,2024.0,1998.0,2017.0,96.0,4.0,reg,,,,,4.0,
h3,H3,H3a,log(mariages de femmes / 1 000 f. 15-24),"département, bascule D3 ≥ 50 %",cs,ATT,0.08224444330539431,0.0428218944152396,-0.0016849274982521784,0.1661738141090408,0.05478005479158153,96,2592,False," ; contrôle = not_yet_treated ; fenêtre 1998-2024 ; 96 traitées, 0 jamais traitées sur la fenêtre ; ATT(g,t) identifiés jusqu'en 2017 (sans unité jamais traitée, la dernière cohorte sert de contrôle) ; grappes = dep (96) ; moyenne de tous les ATT(g,t) post",simple,0.0,96.0,0.0,0.0,1998.0,2024.0,1998.0,2017.0,96.0,4.0,reg,,,,,,
h3,H3,H3a,log(mariages de femmes / 1 000 f. 15-24),"département, bascule D3 ≥ 50 %",cs,Wald pré (-8..-2),9.216879580750417,,,,0.23745783374986498,96,2592,False,"H5c : test de Wald joint de nullité des coefficients pré avec covariance des fonctions d'influence, df = 7 ; fenêtre 1998-2024 ; 96 traitées, 0 jamais traitées sur la fenêtre",pre_test,0.0,96.0,0.0,0.0,1998.0,2024.0,1998.0,2017.0,96.0,4.0,reg,,,,,,7.0
h3,H3,H3a,log(mariages de femmes / 1 000 f. 15-24),"département, bascule D3 ≥ 50 % ; fenêtre identifiée ≤ 2017, cohorte 2018 = contrôle",twfe,-8,-0.011305017562105155,0.030608688411422908,-0.07129694446250257,0.04868690933829226,0.7118742025744369,96,2592,False," ; fenêtre 1998-2024 ; 96 traitées, 0 jamais traitées sur la fenêtre ; comparaisons sur la fenêtre identifiée (années < 2018, cohorte 2018 recodée contrôle, 7 unités de contrôle) ; cellules −8 et +8 bornées",event,0.0,96.0,0.0,0.0,1998.0,2024.0,,,,,,,,,,,
h3,H3,H3a,log(mariages de femmes / 1 000 f. 15-24),"département, bascule D3 ≥ 50 % ; fenêtre identifiée ≤ 2017, cohorte 2018 = contrôle",twfe,-7,-0.002291213267216459,0.031623915161944786,-0.0642729480347784,0.05969052150034548,0.9422422697601445,96,2592,False," ; fenêtre 1998-2024 ; 96 traitées, 0 jamais traitées sur la fenêtre ; comparaisons sur la fenêtre identifiée (années < 2018, cohorte 2018 recodée contrôle, 7 unités de contrôle) ; cellules −8 et +8 bornées",event,0.0,96.0,0.0,0.0,1998.0,2024.0,,,,,,,,,,,
h3,H3,H3a,log(mariages de femmes / 1 000 f. 15-24),"département, bascule D3 ≥ 50 % ; fenêtre identifiée ≤ 2017, cohorte 2018 = contrôle",twfe,-6,-0.04553743301337814,0.031118964011231955,-0.10652948171159086,0.015454615684834583,0.1433760531690737,96,2592,False," ; fenêtre 1998-2024 ; 96 traitées, 0 jamais traitées sur la fenêtre ; comparaisons sur la fenêtre identifiée (années < 2018, cohorte 2018 recodée contrôle, 7 unités de contrôle) ; cellules −8 et +8 bornées",event,0.0,96.0,0.0,0.0,1998.0,2024.0,,,,,,,,,,,
h3,H3,H3a,log(mariages de femmes / 1 000 f. 15-24),"département, bascule D3 ≥ 50 % ; fenêtre identifiée ≤ 2017, cohorte 2018 = contrôle",twfe,-5,-0.0337055707276136,0.03108500316204534,-0.09463105738453616,0.02721991592930896,0.27823035376108973,96,2592,False," ; fenêtre 1998-2024 ; 96 traitées, 0 jamais traitées sur la fenêtre ; comparaisons sur la fenêtre identifiée (années < 2018, cohorte 2018 recodée contrôle, 7 unités de contrôle) ; cellules −8 et +8 bornées",event,0.0,96.0,0.0,0.0,1998.0,2024.0,,,,,,,,,,,
h3,H3,H3a,log(mariages de femmes / 1 000 f. 15-24),"département, bascule D3 ≥ 50 % ; fenêtre identifiée ≤ 2017, cohorte 2018 = contrôle",twfe,-4,-0.04820063879271721,0.027031450402608827,-0.10118130803171124,0.0047800304462768325,0.0745648511388498,96,2592,False," ; fenêtre 1998-2024 ; 96 traitées, 0 jamais traitées sur la fenêtre ; comparaisons sur la fenêtre identifiée (années < 2018, cohorte 2018 recodée contrôle, 7 unités de contrôle) ; cellules −8 et +8 bornées",event,0.0,96.0,0.0,0.0,1998.0,2024.0,,,,,,,,,,,
h3,H3,H3a,log(mariages de femmes / 1 000 f. 15-24),"département, bascule D3 ≥ 50 % ; fenêtre identifiée ≤ 2017, cohorte 2018 = contrôle",twfe,-3,-0.03634955368708287,0.02139109306293495,-0.07827532568037995,0.0055762183062142215,0.08926558451287224,96,2592,False," ; fenêtre 1998-2024 ; 96 traitées, 0 jamais traitées sur la fenêtre ; comparaisons sur la fenêtre identifiée (années < 2018, cohorte 2018 recodée contrôle, 7 unités de contrôle) ; cellules −8 et +8 bornées",event,0.0,96.0,0.0,0.0,1998.0,2024.0,,,,,,,,,,,
h3,H3,H3a,log(mariages de femmes / 1 000 f. 15-24),"département, bascule D3 ≥ 50 % ; fenêtre identifiée ≤ 2017, cohorte 2018 = contrôle",twfe,-2,-0.03459610442324882,0.0170321129725004,-0.06797843242996705,-0.0012137764165305875,0.042231873325646443,96,2592,False," ; fenêtre 1998-2024 ; 96 traitées, 0 jamais traitées sur la fenêtre ; comparaisons sur la fenêtre identifiée (années < 2018, cohorte 2018 recodée contrôle, 7 unités de contrôle) ; cellules −8 et +8 bornées",event,0.0,96.0,0.0,0.0,1998.0,2024.0,,,,,,,,,,,
h3,H3,H3a,log(mariages de femmes / 1 000 f. 15-24),"département, bascule D3 ≥ 50 % ; fenêtre identifiée ≤ 2017, cohorte 2018 = contrôle",twfe,0,0.039078019126082254,0.018735230873048164,0.002357641372864941,0.07579839687929957,0.03699638273747716,96,2592,False," ; fenêtre 1998-2024 ; 96 traitées, 0 jamais traitées sur la fenêtre ; comparaisons sur la fenêtre identifiée (années < 2018, cohorte 2018 recodée contrôle, 7 unités de contrôle) ; cellules −8 et +8 bornées",event,0.0,96.0,0.0,0.0,1998.0,2024.0,,,,,,,,,,,
h3,H3,H3a,log(mariages de femmes / 1 000 f. 15-24),"département, bascule D3 ≥ 50 % ; fenêtre identifiée ≤ 2017, cohorte 2018 = contrôle",twfe,1,0.09664207589262892,0.030326870868635187,0.037202501226307014,0.15608165055895085,0.0014391519948249666,96,2592,False," ; fenêtre 1998-2024 ; 96 traitées, 0 jamais traitées sur la fenêtre ; comparaisons sur la fenêtre identifiée (années < 2018, cohorte 2018 recodée contrôle, 7 unités de contrôle) ; cellules −8 et +8 bornées",event,0.0,96.0,0.0,0.0,1998.0,2024.0,,,,,,,,,,,
h3,H3,H3a,log(mariages de femmes / 1 000 f. 15-24),"département, bascule D3 ≥ 50 % ; fenêtre identifiée ≤ 2017, cohorte 2018 = contrôle",twfe,2,0.1456454365752542,0.04325806165872133,0.06086119368314741,0.23042967946736098,0.0007601908473594635,96,2592,False," ; fenêtre 1998-2024 ; 96 traitées, 0 jamais traitées sur la fenêtre ; comparaisons sur la fenêtre identifiée (années < 2018, cohorte 2018 recodée contrôle, 7 unités de contrôle) ; cellules −8 et +8 bornées",event,0.0,96.0,0.0,0.0,1998.0,2024.0,,,,,,,,,,,
h3,H3,H3a,log(mariages de femmes / 1 000 f. 15-24),"département, bascule D3 ≥ 50 % ; fenêtre identifiée ≤ 2017, cohorte 2018 = contrôle",twfe,3,0.23186481799539999,0.06235478893056773,0.1096516774278904,0.3540779585629096,0.0002004279249792203,96,2592,False," ; fenêtre 1998-2024 ; 96 traitées, 0 jamais traitées sur la fenêtre ; comparaisons sur la fenêtre identifiée (années < 2018, cohorte 2018 recodée contrôle, 7 unités de contrôle) ; cellules −8 et +8 bornées",event,0.0,96.0,0.0,0.0,1998.0,2024.0,,,,,,,,,,,
h3,H3,H3a,log(mariages de femmes / 1 000 f. 15-24),"département, bascule D3 ≥ 50 % ; fenêtre identifiée ≤ 2017, cohorte 2018 = contrôle",twfe,4,0.22847857831751958,0.14424472172735472,-0.05423588122809789,0.5111930378631371,0.11320170355195396,96,2592,False," ; fenêtre 1998-2024 ; 96 traitées, 0 jamais traitées sur la fenêtre ; comparaisons sur la fenêtre identifiée (années < 2018, cohorte 2018 recodée contrôle, 7 unités de contrôle) ; cellules −8 et +8 bornées",event,0.0,96.0,0.0,0.0,1998.0,2024.0,,,,,,,,,,,
h3,H3,H3a,log(mariages de femmes / 1 000 f. 15-24),"département, bascule D3 ≥ 50 % ; fenêtre identifiée ≤ 2017, cohorte 2018 = contrôle",twfe,"ATT[1,4]",0.17565772719520067,0.05983366163102954,0.05838590533522667,0.29292954905517465,0.003327234559778637,96,2592,False," ; fenêtre 1998-2024 ; 96 traitées, 0 jamais traitées sur la fenêtre ; comparaisons sur la fenêtre identifiée (années < 2018, cohorte 2018 recodée contrôle, 7 unités de contrôle) ; écart-type avec covariance complète (w'Vw)",post_avg,0.0,96.0,0.0,0.0,1998.0,2024.0,,,,,,,,,,,
h3,H3,H3a,log(mariages de femmes / 1 000 f. 15-24),"département, bascule D3 ≥ 50 % ; fenêtre identifiée ≤ 2017, cohorte 2018 = contrôle",twfe,Wald pré (-8..−2),19.701553824024813,,,,0.006251711421554256,96,2592,False,"test de Wald joint, covariance groupée, df = 7 ; fenêtre 1998-2024 ; 96 traitées, 0 jamais traitées sur la fenêtre",pre_test,0.0,96.0,0.0,0.0,1998.0,2024.0,,,,,,,,,,,7.0
h3,H3,H3a,log(mariages de femmes / 1 000 f. 15-24),"département, bascule D3 ≥ 50 % ; fenêtre identifiée ≤ 2017, cohorte 2018 = contrôle",twfe,ATT,0.08603300167205201,0.024374850987707686,0.03825917160761438,0.13380683173648963,0.0004162188693491693,96,2592,False," ; fenêtre 1998-2024 ; 96 traitées, 0 jamais traitées sur la fenêtre ; comparaisons sur la fenêtre identifiée (années < 2018, cohorte 2018 recodée contrôle, 7 unités de contrôle)",static,0.0,96.0,0.0,0.0,1998.0,2024.0,,,,,,,,,,,
h3,H3,H3a,log(mariages de femmes / 1 000 f. 15-24),"département, bascule D3 ≥ 50 % ; fenêtre complète",twfe,ATT,0.03435981721548695,0.018174741191889648,-0.0012620209489533352,0.06998165537992723,0.05868767275829814,96,2592,True," ; fenêtre 1998-2024 ; 96 traitées, 0 jamais traitées sur la fenêtre ; TWFE sur toutes les années (identification par le calendrier des bascules seulement)",static,0.0,96.0,0.0,0.0,1998.0,2024.0,,,,,,,,,,,
h3,H3,H3a,log(mariages de femmes / 1 000 f. 15-24),"département, bascule D3 ≥ 50 % ; fenêtre identifiée ≤ 2017, cohorte 2018 = contrôle",twfe_poisson,ATT (log du taux contrefactuel),0.0867774292859749,0.040662316926193466,0.007080752582682273,0.16647410598926754,0.03283463869493964,96,2592,False," ; fenêtre 1998-2024 ; 96 traitées, 0 jamais traitées sur la fenêtre ; comparaisons sur la fenêtre identifiée (années < 2018, cohorte 2018 recodée contrôle, 7 unités de contrôle) ; Poisson à effets fixes, offset = log(women)",static,0.0,96.0,0.0,0.0,1998.0,2024.0,,,,,,,,,,,
h3,H3,H3a,log(mariages de femmes / 1 000 f. 15-24),"département, bascule D3 ≥ 50 % ; fenêtre identifiée ≤ 2017, cohorte 2018 = contrôle",twfe_poisson,ATT en % du taux contrefactuel,9.065390508360927,4.434851474530024,0.7105879751049704,18.11329519475846,0.03283463869493964,96,2592,False," ; fenêtre 1998-2024 ; 96 traitées, 0 jamais traitées sur la fenêtre ; comparaisons sur la fenêtre identifiée (années < 2018, cohorte 2018 recodée contrôle, 7 unités de contrôle) ; Poisson à effets fixes, offset = log(women)",static,0.0,96.0,0.0,0.0,1998.0,2024.0,,,,,,,,,,,
h3,H3,H3a,log(mariages de femmes / 1 000 f. 20-34),"département, bascule D3 ≥ 50 %",cs,-8,-2.37767096743155e-05,0.01233988111394096,-0.0242094992665046,0.024161945847155968,0.9984626223184885,96,2592,True,"agrégat 20-34 : complément ; contrôle = not_yet_treated ; fenêtre 1998-2024 ; 96 traitées, 0 jamais traitées sur la fenêtre ; ATT(g,t) identifiés jusqu'en 2017 (sans unité jamais traitée, la dernière cohorte sert de contrôle) ; grappes = dep (96)",event,0.0,96.0,0.0,0.0,1998.0,2024.0,1998.0,2017.0,96.0,4.0,reg,5.0,89.0,,,,
h3,H3,H3a,log(mariages de femmes / 1 000 f. 20-34),"département, bascule D3 ≥ 50 %",cs,-7,-0.004095511469095921,0.01108562513755317,-0.025822937484812018,0.017631914546620175,0.7117972251576604,96,2592,True,"agrégat 20-34 : complément ; contrôle = not_yet_treated ; fenêtre 1998-2024 ; 96 traitées, 0 jamais traitées sur la fenêtre ; ATT(g,t) identifiés jusqu'en 2017 (sans unité jamais traitée, la dernière cohorte sert de contrôle) ; grappes = dep (96)",event,0.0,96.0,0.0,0.0,1998.0,2024.0,1998.0,2017.0,96.0,4.0,reg,5.0,89.0,,,,
h3,H3,H3a,log(mariages de femmes / 1 000 f. 20-34),"département, bascule D3 ≥ 50 %",cs,-6,-0.01240921776801832,0.012445283770004171,-0.03680152573460736,0.01198309019857072,0.31871498556324307,96,2592,True,"agrégat 20-34 : complément ; contrôle = not_yet_treated ; fenêtre 1998-2024 ; 96 traitées, 0 jamais traitées sur la fenêtre ; ATT(g,t) identifiés jusqu'en 2017 (sans unité jamais traitée, la dernière cohorte sert de contrôle) ; grappes = dep (96)",event,0.0,96.0,0.0,0.0,1998.0,2024.0,1998.0,2017.0,96.0,4.0,reg,5.0,89.0,,,,
h3,H3,H3a,log(mariages de femmes / 1 000 f. 20-34),"département, bascule D3 ≥ 50 %",cs,-5,-0.003984995187802048,0.011093075117261911,-0.025727022895432827,0.017757032519828735,0.7194210252774249,96,2592,True,"agrégat 20-34 : complément ; contrôle = not_yet_treated ; fenêtre 1998-2024 ; 96 traitées, 0 jamais traitées sur la fenêtre ; ATT(g,t) identifiés jusqu'en 2017 (sans unité jamais traitée, la dernière cohorte sert de contrôle) ; grappes = dep (96)",event,0.0,96.0,0.0,0.0,1998.0,2024.0,1998.0,2017.0,96.0,4.0,reg,5.0,89.0,,,,
h3,H3,H3a,log(mariages de femmes / 1 000 f. 20-34),"département, bascule D3 ≥ 50 %",cs,-4,-0.015080065535678191,0.01006736853890614,-0.034811745291025854,0.00465161421966947,0.13415525360892344,96,2592,True,"agrégat 20-34 : complément ; contrôle = not_yet_treated ; fenêtre 1998-2024 ; 96 traitées, 0 jamais traitées sur la fenêtre ; ATT(g,t) identifiés jusqu'en 2017 (sans unité jamais traitée, la dernière cohorte sert de contrôle) ; grappes = dep (96)",event,0.0,96.0,0.0,0.0,1998.0,2024.0,1998.0,2017.0,96.0,4.0,reg,5.0,89.0,,,,
h3,H3,H3a,log(mariages de femmes / 1 000 f. 20-34),"département, bascule D3 ≥ 50 %",cs,-3,-0.024847351801822213,0.010221981505030649,-0.04488206740231682,-0.0048126362013276025,0.015066507773737843,96,2592,True,"agrégat 20-34 : complément ; contrôle = not_yet_treated ; fenêtre 1998-2024 ; 96 traitées, 0 jamais traitées sur la fenêtre ; ATT(g,t) identifiés jusqu'en 2017 (sans unité jamais traitée, la dernière cohorte sert de contrôle) ; grappes = dep (96)",event,0.0,96.0,0.0,0.0,1998.0,2024.0,1998.0,2017.0,96.0,4.0,reg,5.0,89.0,,,,
h3,H3,H3a,log(mariages de femmes / 1 000 f. 20-34),"département, bascule D3 ≥ 50 %",cs,-2,-0.01756201064934878,0.008335806857059671,-0.033899891871267754,-0.0012241294274298008,0.03513353838883842,96,2592,True,"agrégat 20-34 : complément ; contrôle = not_yet_treated ; fenêtre 1998-2024 ; 96 traitées, 0 jamais traitées sur la fenêtre ; ATT(g,t) identifiés jusqu'en 2017 (sans unité jamais traitée, la dernière cohorte sert de contrôle) ; grappes = dep (96)",event,0.0,96.0,0.0,0.0,1998.0,2024.0,1998.0,2017.0,96.0,4.0,reg,5.0,89.0,,,,
h3,H3,H3a,log(mariages de femmes / 1 000 f. 20-34),"département, bascule D3 ≥ 50 %",cs,0,-0.0018142072483406952,0.010618790136216891,-0.02262665347471498,0.018998238978033585,0.8643426787920467,96,2592,True,"agrégat 20-34 : complément ; contrôle = not_yet_treated ; fenêtre 1998-2024 ; 96 traitées, 0 jamais traitées sur la fenêtre ; ATT(g,t) identifiés jusqu'en 2017 (sans unité jamais traitée, la dernière cohorte sert de contrôle) ; grappes = dep (96)",event,0.0,96.0,0.0,0.0,1998.0,2024.0,1998.0,2017.0,96.0,4.0,reg,5.0,89.0,,,,
h3,H3,H3a,log(mariages de femmes / 1 000 f. 20-34),"département, bascule D3 ≥ 50 %",cs,1,0.020406697630532947,0.014319699292674407,-0.007659397252552578,0.04847279251361847,0.15413446955636206,96,2592,True,"agrégat 20-34 : complément ; contrôle = not_yet_treated ; fenêtre 1998-2024 ; 96 traitées, 0 jamais traitées sur la fenêtre ; ATT(g,t) identifiés jusqu'en 2017 (sans unité jamais traitée, la dernière cohorte sert de contrôle) ; grappes = dep (96)",event,0.0,96.0,0.0,0.0,1998.0,2024.0,1998.0,2017.0,96.0,4.0,reg,4.0,74.0,,,,
h3,H3,H3a,log(mariages de femmes / 1 000 f. 20-34),"département, bascule D3 ≥ 50 %",cs,2,0.061477576914836886,0.019665045621936605,0.022934795741504074,0.1000203580881697,0.001770592962403681,96,2592,True,"agrégat 20-34 : complément ; contrôle = not_yet_treated ; fenêtre 1998-2024 ; 96 traitées, 0 jamais traitées sur la fenêtre ; ATT(g,t) identifiés jusqu'en 2017 (sans unité jamais traitée, la dernière cohorte sert de contrôle) ; grappes = dep (96)",event,0.0,96.0,0.0,0.0,1998.0,2024.0,1998.0,2017.0,96.0,4.0,reg,3.0,51.0,,,,
h3,H3,H3a,log(mariages de femmes / 1 000 f. 20-34),"département, bascule D3 ≥ 50 %",cs,3,0.04954602990785937,0.036363145323400646,-0.021724425290602,0.12081648510632073,0.1730293517864252,96,2592,True,"agrégat 20-34 : complément ; contrôle = not_yet_treated ; fenêtre 1998-2024 ; 96 traitées, 0 jamais traitées sur la fenêtre ; ATT(g,t) identifiés jusqu'en 2017 (sans unité jamais traitée, la dernière cohorte sert de contrôle) ; grappes = dep (96)",event,0.0,96.0,0.0,0.0,1998.0,2024.0,1998.0,2017.0,96.0,4.0,reg,2.0,35.0,,,,
h3,H3,H3a,log(mariages de femmes / 1 000 f. 20-34),"département, bascule D3 ≥ 50 %",cs,4,0.058892276738970434,0.037896287229883814,-0.015383081379387015,0.13316763485732788,0.12017531284985665,96,2592,True,"agrégat 20-34 : complément ; contrôle = not_yet_treated ; fenêtre 1998-2024 ; 96 traitées, 0 jamais traitées sur la fenêtre ; ATT(g,t) identifiés jusqu'en 2017 (sans unité jamais traitée, la dernière cohorte sert de contrôle) ; grappes = dep (96)",event,0.0,96.0,0.0,0.0,1998.0,2024.0,1998.0,2017.0,96.0,4.0,reg,1.0,2.0,,,,
h3,H3,H3a,log(mariages de femmes / 1 000 f. 20-34),"département, bascule D3 ≥ 50 %",cs,"ATT[1,4]",0.04758064529804991,0.019759736916089274,0.008852272598528374,0.08630901799757144,0.016041962573636288,96,2592,True,"agrégat 20-34 : complément ; contrôle = not_yet_treated ; fenêtre 1998-2024 ; 96 traitées, 0 jamais traitées sur la fenêtre ; ATT(g,t) identifiés jusqu'en 2017 (sans unité jamais traitée, la dernière cohorte sert de contrôle) ; grappes = dep (96) ; écart-type avec covariance complète des coefficients (fonctions d'influence)",post_avg,0.0,96.0,0.0,0.0,1998.0,2024.0,1998.0,2017.0,96.0,4.0,reg,,,,,4.0,
h3,H3,H3a,log(mariages de femmes / 1 000 f. 20-34),"département, bascule D3 ≥ 50 %",cs,ATT,0.025242562559628753,0.013755070927593182,-0.0017168810632478375,0.05220200618250534,0.06648406869474356,96,2592,True,"agrégat 20-34 : complément ; contrôle = not_yet_treated ; fenêtre 1998-2024 ; 96 traitées, 0 jamais traitées sur la fenêtre ; ATT(g,t) identifiés jusqu'en 2017 (sans unité jamais traitée, la dernière cohorte sert de contrôle) ; grappes = dep (96) ; moyenne de tous les ATT(g,t) post",simple,0.0,96.0,0.0,0.0,1998.0,2024.0,1998.0,2017.0,96.0,4.0,reg,,,,,,
h3,H3,H3a,log(mariages de femmes / 1 000 f. 20-34),"département, bascule D3 ≥ 50 %",cs,Wald pré (-8..-2),10.68029669812191,,,,0.1531850280124508,96,2592,True,"H5c : test de Wald joint de nullité des coefficients pré avec covariance des fonctions d'influence, df = 7 ; fenêtre 1998-2024 ; 96 traitées, 0 jamais traitées sur la fenêtre",pre_test,0.0,96.0,0.0,0.0,1998.0,2024.0,1998.0,2017.0,96.0,4.0,reg,,,,,,7.0
h3,H3,H3a,log(mariages de femmes / 1 000 f. 20-34),"département, bascule D3 ≥ 50 % ; fenêtre identifiée ≤ 2017, cohorte 2018 = contrôle",twfe,-8,0.02074154871002753,0.01571719621282551,-0.010063589805059805,0.051546687225114865,0.1869444472098588,96,2592,True,"agrégat 20-34 : complément ; fenêtre 1998-2024 ; 96 traitées, 0 jamais traitées sur la fenêtre ; comparaisons sur la fenêtre identifiée (années < 2018, cohorte 2018 recodée contrôle, 7 unités de contrôle) ; cellules −8 et +8 bornées",event,0.0,96.0,0.0,0.0,1998.0,2024.0,,,,,,,,,,,
h3,H3,H3a,log(mariages de femmes / 1 000 f. 20-34),"département, bascule D3 ≥ 50 % ; fenêtre identifiée ≤ 2017, cohorte 2018 = contrôle",twfe,-7,0.00898364067691291,0.014956109260070412,-0.02032979482167109,0.038297076175496915,0.5480618297536766,96,2592,True,"agrégat 20-34 : complément ; fenêtre 1998-2024 ; 96 traitées, 0 jamais traitées sur la fenêtre ; comparaisons sur la fenêtre identifiée (années < 2018, cohorte 2018 recodée contrôle, 7 unités de contrôle) ; cellules −8 et +8 bornées",event,0.0,96.0,0.0,0.0,1998.0,2024.0,,,,,,,,,,,
h3,H3,H3a,log(mariages de femmes / 1 000 f. 20-34),"département, bascule D3 ≥ 50 % ; fenêtre identifiée ≤ 2017, cohorte 2018 = contrôle",twfe,-6,0.00859945784000229,0.015166865192192111,-0.021127051695068413,0.03832596737507299,0.5707211125636746,96,2592,True,"agrégat 20-34 : complément ; fenêtre 1998-2024 ; 96 traitées, 0 jamais traitées sur la fenêtre ; comparaisons sur la fenêtre identifiée (années < 2018, cohorte 2018 recodée contrôle, 7 unités de contrôle) ; cellules −8 et +8 bornées",event,0.0,96.0,0.0,0.0,1998.0,2024.0,,,,,,,,,,,
h3,H3,H3a,log(mariages de femmes / 1 000 f. 20-34),"département, bascule D3 ≥ 50 % ; fenêtre identifiée ≤ 2017, cohorte 2018 = contrôle",twfe,-5,0.016193255494990892,0.013394067098108694,-0.010058633623815063,0.04244514461379685,0.22666776821662027,96,2592,True,"agrégat 20-34 : complément ; fenêtre 1998-2024 ; 96 traitées, 0 jamais traitées sur la fenêtre ; comparaisons sur la fenêtre identifiée (années < 2018, cohorte 2018 recodée contrôle, 7 unités de contrôle) ; cellules −8 et +8 bornées",event,0.0,96.0,0.0,0.0,1998.0,2024.0,,,,,,,,,,,
h3,H3,H3a,log(mariages de femmes / 1 000 f. 20-34),"département, bascule D3 ≥ 50 % ; fenêtre identifiée ≤ 2017, cohorte 2018 = contrôle",twfe,-4,0.005238410542101195,0.011469609487501432,-0.017241610970140517,0.02771843205434291,0.6478716556765459,96,2592,True,"agrégat 20-34 : complément ; fenêtre 1998-2024 ; 96 traitées, 0 jamais traitées sur la fenêtre ; comparaisons sur la fenêtre identifiée (années < 2018, cohorte 2018 recodée contrôle, 7 unités de contrôle) ; cellules −8 et +8 bornées",event,0.0,96.0,0.0,0.0,1998.0,2024.0,,,,,,,,,,,
h3,H3,H3a,log(mariages de femmes / 1 000 f. 20-34),"département, bascule D3 ≥ 50 % ; fenêtre identifiée ≤ 2017, cohorte 2018 = contrôle",twfe,-3,-0.0034693930244363244,0.00872653832956511,-0.020573093860092265,0.013634307811219616,0.6909485989806221,96,2592,True,"agrégat 20-34 : complément ; fenêtre 1998-2024 ; 96 traitées, 0 jamais traitées sur la fenêtre ; comparaisons sur la fenêtre identifiée (années < 2018, cohorte 2018 recodée contrôle, 7 unités de contrôle) ; cellules −8 et +8 bornées",event,0.0,96.0,0.0,0.0,1998.0,2024.0,,,,,,,,,,,
h3,H3,H3a,log(mariages de femmes / 1 000 f. 20-34),"département, bascule D3 ≥ 50 % ; fenêtre identifiée ≤ 2017, cohorte 2018 = contrôle",twfe,-2,-0.004702495763749726,0.006274845606916281,-0.017000967161855014,0.0075959756343555625,0.453604007094631,96,2592,True,"agrégat 20-34 : complément ; fenêtre 1998-2024 ; 96 traitées, 0 jamais traitées sur la fenêtre ; comparaisons sur la fenêtre identifiée (années < 2018, cohorte 2018 recodée contrôle, 7 unités de contrôle) ; cellules −8 et +8 bornées",event,0.0,96.0,0.0,0.0,1998.0,2024.0,,,,,,,,,,,
h3,H3,H3a,log(mariages de femmes / 1 000 f. 20-34),"département, bascule D3 ≥ 50 % ; fenêtre identifiée ≤ 2017, cohorte 2018 = contrôle",twfe,0,0.006467616409313065,0.007093771489531472,-0.007435920224725674,0.020371153043351804,0.3619099670960281,96,2592,True,"agrégat 20-34 : complément ; fenêtre 1998-2024 ; 96 traitées, 0 jamais traitées sur la fenêtre ; comparaisons sur la fenêtre identifiée (années < 2018, cohorte 2018 recodée contrôle, 7 unités de contrôle) ; cellules −8 et +8 bornées",event,0.0,96.0,0.0,0.0,1998.0,2024.0,,,,,,,,,,,
h3,H3,H3a,log(mariages de femmes / 1 000 f. 20-34),"département, bascule D3 ≥ 50 % ; fenêtre identifiée ≤ 2017, cohorte 2018 = contrôle",twfe,1,0.021763429048481844,0.012713188136040988,-0.0031539618268403916,0.04668081992380408,0.08691912522744183,96,2592,True,"agrégat 20-34 : complément ; fenêtre 1998-2024 ; 96 traitées, 0 jamais traitées sur la fenêtre ; comparaisons sur la fenêtre identifiée (années < 2018, cohorte 2018 recodée contrôle, 7 unités de contrôle) ; cellules −8 et +8 bornées",event,0.0,96.0,0.0,0.0,1998.0,2024.0,,,,,,,,,,,
h3,H3,H3a,log(mariages de femmes / 1 000 f. 20-34),"département, bascule D3 ≥ 50 % ; fenêtre identifiée ≤ 2017, cohorte 2018 = contrôle",twfe,2,0.03883772475593921,0.01756512402512255,0.004410714282719781,0.07326473522915863,0.027030966466942363,96,2592,True,"agrégat 20-34 : complément ; fenêtre 1998-2024 ; 96 traitées, 0 jamais traitées sur la fenêtre ; comparaisons sur la fenêtre identifiée (années < 2018, cohorte 2018 recodée contrôle, 7 unités de contrôle) ; cellules −8 et +8 bornées",event,0.0,96.0,0.0,0.0,1998.0,2024.0,,,,,,,,,,,
h3,H3,H3a,log(mariages de femmes / 1 000 f. 20-34),"département, bascule D3 ≥ 50 % ; fenêtre identifiée ≤ 2017, cohorte 2018 = contrôle",twfe,3,0.04582381711711578,0.025116637891485914,-0.0034038885629306542,0.09505152279716221,0.06808546945534362,96,2592,True,"agrégat 20-34 : complément ; fenêtre 1998-2024 ; 96 traitées, 0 jamais traitées sur la fenêtre ; comparaisons sur la fenêtre identifiée (années < 2018, cohorte 2018 recodée contrôle, 7 unités de contrôle) ; cellules −8 et +8 bornées",event,0.0,96.0,0.0,0.0,1998.0,2024.0,,,,,,,,,,,
h3,H3,H3a,log(mariages de femmes / 1 000 f. 20-34),"département, bascule D3 ≥ 50 % ; fenêtre identifiée ≤ 2017, cohorte 2018 = contrôle",twfe,4,0.0588752881294009,0.019498941532550204,0.020658064988950252,0.09709251126985155,0.0025326799773446595,96,2592,True,"agrégat 20-34 : complément ; fenêtre 1998-2024 ; 96 traitées, 0 jamais traitées sur la fenêtre ; comparaisons sur la fenêtre identifiée (années < 2018, cohorte 2018 recodée contrôle, 7 unités de contrôle) ; cellules −8 et +8 bornées",event,0.0,96.0,0.0,0.0,1998.0,2024.0,,,,,,,,,,,
h3,H3,H3a,log(mariages de femmes / 1 000 f. 20-34),"département, bascule D3 ≥ 50 % ; fenêtre identifiée ≤ 2017, cohorte 2018 = contrôle",twfe,"ATT[1,4]",0.04132506476273443,0.017559813386584168,0.0069084629497851435,0.07574166657568372,0.018603180820198826,96,2592,True,"agrégat 20-34 : complément ; fenêtre 1998-2024 ; 96 traitées, 0 jamais traitées sur la fenêtre ; comparaisons sur la fenêtre identifiée (années < 2018, cohorte 2018 recodée contrôle, 7 unités de contrôle) ; écart-type avec covariance complète (w'Vw)",post_avg,0.0,96.0,0.0,0.0,1998.0,2024.0,,,,,,,,,,,
h3,H3,H3a,log(mariages de femmes / 1 000 f. 20-34),"département, bascule D3 ≥ 50 % ; fenêtre identifiée ≤ 2017, cohorte 2018 = contrôle",twfe,Wald pré (-8..−2),11.453547424647184,,,,0.1200226449555431,96,2592,True,"test de Wald joint, covariance groupée, df = 7 ; fenêtre 1998-2024 ; 96 traitées, 0 jamais traitées sur la fenêtre",pre_test,0.0,96.0,0.0,0.0,1998.0,2024.0,,,,,,,,,,,7.0
h3,H3,H3a,log(mariages de femmes / 1 000 f. 20-34),"département, bascule D3 ≥ 50 % ; fenêtre identifiée ≤ 2017, cohorte 2018 = contrôle",twfe,ATT,0.014997282009917604,0.009747842366944162,-0.004108137956266628,0.03410270197610184,0.12392073095519011,96,2592,True,"agrégat 20-34 : complément ; fenêtre 1998-2024 ; 96 traitées, 0 jamais traitées sur la fenêtre ; comparaisons sur la fenêtre identifiée (années < 2018, cohorte 2018 recodée contrôle, 7 unités de contrôle)",static,0.0,96.0,0.0,0.0,1998.0,2024.0,,,,,,,,,,,
h3,H3,H3a,log(mariages de femmes / 1 000 f. 20-34),"département, bascule D3 ≥ 50 % ; fenêtre complète",twfe,ATT,0.010760540359254634,0.007186492518036259,-0.0033247261512629987,0.024845806869772266,0.13430779186637248,96,2592,True,"agrégat 20-34 : complément ; fenêtre 1998-2024 ; 96 traitées, 0 jamais traitées sur la fenêtre ; TWFE sur toutes les années (identification par le calendrier des bascules seulement)",static,0.0,96.0,0.0,0.0,1998.0,2024.0,,,,,,,,,,,
h3,H3,H3a,log(mariages de femmes / 1 000 f. 20-34),"département, bascule D3 ≥ 50 % ; fenêtre identifiée ≤ 2017, cohorte 2018 = contrôle",twfe_poisson,ATT (log du taux contrefactuel),0.024357909110763253,0.009797499696302036,0.005155162567469146,0.04356065565405736,0.012913888485374312,96,2592,True,"agrégat 20-34 : complément ; fenêtre 1998-2024 ; 96 traitées, 0 jamais traitées sur la fenêtre ; comparaisons sur la fenêtre identifiée (années < 2018, cohorte 2018 recodée contrôle, 7 unités de contrôle) ; Poisson à effets fixes, offset = log(women)",static,0.0,96.0,0.0,0.0,1998.0,2024.0,,,,,,,,,,,
h3,H3,H3a,log(mariages de femmes / 1 000 f. 20-34),"département, bascule D3 ≥ 50 % ; fenêtre identifiée ≤ 2017, cohorte 2018 = contrôle",twfe_poisson,ATT en % du taux contrefactuel,2.465698634053637,1.0039076512485166,0.5168473128900786,4.452334879571018,0.012913888485374312,96,2592,True,"agrégat 20-34 : complément ; fenêtre 1998-2024 ; 96 traitées, 0 jamais traitées sur la fenêtre ; comparaisons sur la fenêtre identifiée (années < 2018, cohorte 2018 recodée contrôle, 7 unités de contrôle) ; Poisson à effets fixes, offset = log(women)",static,0.0,96.0,0.0,0.0,1998.0,2024.0,,,,,,,,,,,
h3,H3,H3a,asinh(mariages de femmes / 1 000 f. 15-19),"département, bascule D3 ≥ 50 %",cs,-8,-0.034997001040906126,0.05193825423237492,-0.136794108756246,0.06680010667443376,0.5004261671789068,96,2592,False,"76 cellules à zéro mariage (codées 0, A2) : asinh au lieu du log, Poisson en comparaison ; contrôle = not_yet_treated ; fenêtre 1998-2024 ; 96 traitées, 0 jamais traitées sur la fenêtre ; ATT(g,t) identifiés jusqu'en 2017 (sans unité jamais traitée, la dernière cohorte sert de contrôle) ; grappes = dep (96)",event,0.0,96.0,0.0,0.0,1998.0,2024.0,1998.0,2017.0,96.0,4.0,reg,5.0,89.0,,,,
h3,H3,H3a,asinh(mariages de femmes / 1 000 f. 15-19),"département, bascule D3 ≥ 50 %",cs,-7,-0.0724158683154863,0.05230650102566776,-0.1749347264831025,0.030102989852129905,0.1662199300791426,96,2592,False,"76 cellules à zéro mariage (codées 0, A2) : asinh au lieu du log, Poisson en comparaison ; contrôle = not_yet_treated ; fenêtre 1998-2024 ; 96 traitées, 0 jamais traitées sur la fenêtre ; ATT(g,t) identifiés jusqu'en 2017 (sans unité jamais traitée, la dernière cohorte sert de contrôle) ; grappes = dep (96)",event,0.0,96.0,0.0,0.0,1998.0,2024.0,1998.0,2017.0,96.0,4.0,reg,5.0,89.0,,,,
h3,H3,H3a,asinh(mariages de femmes / 1 000 f. 15-19),"département, bascule D3 ≥ 50 %",cs,-6,-0.03202265619456747,0.047966061589507,-0.12603440939023125,0.06198909700109631,0.5043821226050048,96,2592,False,"76 cellules à zéro mariage (codées 0, A2) : asinh au lieu du log, Poisson en comparaison ; contrôle = not_yet_treated ; fenêtre 1998-2024 ; 96 traitées, 0 jamais traitées sur la fenêtre ; ATT(g,t) identifiés jusqu'en 2017 (sans unité jamais traitée, la dernière cohorte sert de contrôle) ; grappes = dep (96)",event,0.0,96.0,0.0,0.0,1998.0,2024.0,1998.0,2017.0,96.0,4.0,reg,5.0,89.0,,,,
h3,H3,H3a,asinh(mariages de femmes / 1 000 f. 15-19),"département, bascule D3 ≥ 50 %",cs,-5,-0.04053470195073615,0.05098979963535163,-0.14047287281493892,0.05940346891346662,0.4266384722181159,96,2592,False,"76 cellules à zéro mariage (codées 0, A2) : asinh au lieu du log, Poisson en comparaison ; contrôle = not_yet_treated ; fenêtre 1998-2024 ; 96 traitées, 0 jamais traitées sur la fenêtre ; ATT(g,t) identifiés jusqu'en 2017 (sans unité jamais traitée, la dernière cohorte sert de contrôle) ; grappes = dep (96)",event,0.0,96.0,0.0,0.0,1998.0,2024.0,1998.0,2017.0,96.0,4.0,reg,5.0,89.0,,,,
h3,H3,H3a,asinh(mariages de femmes / 1 000 f. 15-19),"département, bascule D3 ≥ 50 %",cs,-4,-0.04936232839320477,0.04770080321575487,-0.14285418472971673,0.04412952794330717,0.30074727000438295,96,2592,False,"76 cellules à zéro mariage (codées 0, A2) : asinh au lieu du log, Poisson en comparaison ; contrôle = not_yet_treated ; fenêtre 1998-2024 ; 96 traitées, 0 jamais traitées sur la fenêtre ; ATT(g,t) identifiés jusqu'en 2017 (sans unité jamais traitée, la dernière cohorte sert de contrôle) ; grappes = dep (96)",event,0.0,96.0,0.0,0.0,1998.0,2024.0,1998.0,2017.0,96.0,4.0,reg,5.0,89.0,,,,
h3,H3,H3a,asinh(mariages de femmes / 1 000 f. 15-19),"département, bascule D3 ≥ 50 %",cs,-3,-0.061704776873653236,0.046606795185581265,-0.15305241687222731,0.02964286312492083,0.1855217148040682,96,2592,False,"76 cellules à zéro mariage (codées 0, A2) : asinh au lieu du log, Poisson en comparaison ; contrôle = not_yet_treated ; fenêtre 1998-2024 ; 96 traitées, 0 jamais traitées sur la fenêtre ; ATT(g,t) identifiés jusqu'en 2017 (sans unité jamais traitée, la dernière cohorte sert de contrôle) ; grappes = dep (96)",event,0.0,96.0,0.0,0.0,1998.0,2024.0,1998.0,2017.0,96.0,4.0,reg,5.0,89.0,,,,
h3,H3,H3a,asinh(mariages de femmes / 1 000 f. 15-19),"département, bascule D3 ≥ 50 %",cs,-2,-0.05860946013981415,0.04932343412614298,-0.15528161462088821,0.03806269434125992,0.23472782701739203,96,2592,False,"76 cellules à zéro mariage (codées 0, A2) : asinh au lieu du log, Poisson en comparaison ; contrôle = not_yet_treated ; fenêtre 1998-2024 ; 96 traitées, 0 jamais traitées sur la fenêtre ; ATT(g,t) identifiés jusqu'en 2017 (sans unité jamais traitée, la dernière cohorte sert de contrôle) ; grappes = dep (96)",event,0.0,96.0,0.0,0.0,1998.0,2024.0,1998.0,2017.0,96.0,4.0,reg,5.0,89.0,,,,
h3,H3,H3a,asinh(mariages de femmes / 1 000 f. 15-19),"département, bascule D3 ≥ 50 %",cs,0,-0.06854222396574024,0.04653734146458075,-0.159753737172561,0.022669289241080526,0.14079322193273838,96,2592,False,"76 cellules à zéro mariage (codées 0, A2) : asinh au lieu du log, Poisson en comparaison ; contrôle = not_yet_treated ; fenêtre 1998-2024 ; 96 traitées, 0 jamais traitées sur la fenêtre ; ATT(g,t) identifiés jusqu'en 2017 (sans unité jamais traitée, la dernière cohorte sert de contrôle) ; grappes = dep (96)",event,0.0,96.0,0.0,0.0,1998.0,2024.0,1998.0,2017.0,96.0,4.0,reg,5.0,89.0,,,,
h3,H3,H3a,asinh(mariages de femmes / 1 000 f. 15-19),"département, bascule D3 ≥ 50 %",cs,1,-0.03353659780783453,0.06503561802636793,-0.16100406685181956,0.09393087123615051,0.6060883410053124,96,2592,False,"76 cellules à zéro mariage (codées 0, A2) : asinh au lieu du log, Poisson en comparaison ; contrôle = not_yet_treated ; fenêtre 1998-2024 ; 96 traitées, 0 jamais traitées sur la fenêtre ; ATT(g,t) identifiés jusqu'en 2017 (sans unité jamais traitée, la dernière cohorte sert de contrôle) ; grappes = dep (96)",event,0.0,96.0,0.0,0.0,1998.0,2024.0,1998.0,2017.0,96.0,4.0,reg,4.0,74.0,,,,
h3,H3,H3a,asinh(mariages de femmes / 1 000 f. 15-19),"département, bascule D3 ≥ 50 %",cs,2,-0.024624582417991016,0.09029032466177825,-0.201590366907505,0.152341202071523,0.7850633077193748,96,2592,False,"76 cellules à zéro mariage (codées 0, A2) : asinh au lieu du log, Poisson en comparaison ; contrôle = not_yet_treated ; fenêtre 1998-2024 ; 96 traitées, 0 jamais traitées sur la fenêtre ; ATT(g,t) identifiés jusqu'en 2017 (sans unité jamais traitée, la dernière cohorte sert de contrôle) ; grappes = dep (96)",event,0.0,96.0,0.0,0.0,1998.0,2024.0,1998.0,2017.0,96.0,4.0,reg,3.0,51.0,,,,
h3,H3,H3a,asinh(mariages de femmes / 1 000 f. 15-19),"département, bascule D3 ≥ 50 %",cs,3,0.11551169022006658,0.13247091660772697,-0.14412653533008718,0.37514991577022033,0.3832205224058891,96,2592,False,"76 cellules à zéro mariage (codées 0, A2) : asinh au lieu du log, Poisson en comparaison ; contrôle = not_yet_treated ; fenêtre 1998-2024 ; 96 traitées, 0 jamais traitées sur la fenêtre ; ATT(g,t) identifiés jusqu'en 2017 (sans unité jamais traitée, la dernière cohorte sert de contrôle) ; grappes = dep (96)",event,0.0,96.0,0.0,0.0,1998.0,2024.0,1998.0,2017.0,96.0,4.0,reg,2.0,35.0,,,,
h3,H3,H3a,asinh(mariages de femmes / 1 000 f. 15-19),"département, bascule D3 ≥ 50 %",cs,4,0.04264485119571909,0.20692425157838668,-0.3629192294258242,0.4482089318172624,0.8367212434263805,96,2592,False,"76 cellules à zéro mariage (codées 0, A2) : asinh au lieu du log, Poisson en comparaison ; contrôle = not_yet_treated ; fenêtre 1998-2024 ; 96 traitées, 0 jamais traitées sur la fenêtre ; ATT(g,t) identifiés jusqu'en 2017 (sans unité jamais traitée, la dernière cohorte sert de contrôle) ; grappes = dep (96)",event,0.0,96.0,0.0,0.0,1998.0,2024.0,1998.0,2017.0,96.0,4.0,reg,1.0,2.0,,,,
h3,H3,H3a,asinh(mariages de femmes / 1 000 f. 15-19),"département, bascule D3 ≥ 50 %",cs,"ATT[1,4]",0.02499884029749003,0.10083971082871464,-0.17264336113822434,0.2226410417332044,0.8042065931097044,96,2592,False,"76 cellules à zéro mariage (codées 0, A2) : asinh au lieu du log, Poisson en comparaison ; contrôle = not_yet_treated ; fenêtre 1998-2024 ; 96 traitées, 0 jamais traitées sur la fenêtre ; ATT(g,t) identifiés jusqu'en 2017 (sans unité jamais traitée, la dernière cohorte sert de contrôle) ; grappes = dep (96) ; écart-type avec covariance complète des coefficients (fonctions d'influence)",post_avg,0.0,96.0,0.0,0.0,1998.0,2024.0,1998.0,2017.0,96.0,4.0,reg,,,,,4.0,
h3,H3,H3a,asinh(mariages de femmes / 1 000 f. 15-19),"département, bascule D3 ≥ 50 %",cs,ATT,-0.02274749407949965,0.060130824305279135,-0.14060174407855247,0.09510675591955317,0.705207705339705,96,2592,False,"76 cellules à zéro mariage (codées 0, A2) : asinh au lieu du log, Poisson en comparaison ; contrôle = not_yet_treated ; fenêtre 1998-2024 ; 96 traitées, 0 jamais traitées sur la fenêtre ; ATT(g,t) identifiés jusqu'en 2017 (sans unité jamais traitée, la dernière cohorte sert de contrôle) ; grappes = dep (96) ; moyenne de tous les ATT(g,t) post",simple,0.0,96.0,0.0,0.0,1998.0,2024.0,1998.0,2017.0,96.0,4.0,reg,,,,,,
h3,H3,H3a,asinh(mariages de femmes / 1 000 f. 15-19),"département, bascule D3 ≥ 50 %",cs,Wald pré (-8..-2),3.0862418344697704,,,,0.8769111406496496,96,2592,False,"H5c : test de Wald joint de nullité des coefficients pré avec covariance des fonctions d'influence, df = 7 ; fenêtre 1998-2024 ; 96 traitées, 0 jamais traitées sur la fenêtre",pre_test,0.0,96.0,0.0,0.0,1998.0,2024.0,1998.0,2017.0,96.0,4.0,reg,,,,,,7.0
h3,H3,H3a,asinh(mariages de femmes / 1 000 f. 15-19),"département, bascule D3 ≥ 50 % ; fenêtre identifiée ≤ 2017, cohorte 2018 = contrôle",twfe,-8,0.016137942236637746,0.045812775111332825,-0.07365344701340756,0.10592933148668304,0.7246443624260932,96,2592,False,"76 cellules à zéro mariage (codées 0, A2) : asinh au lieu du log, Poisson en comparaison ; fenêtre 1998-2024 ; 96 traitées, 0 jamais traitées sur la fenêtre ; comparaisons sur la fenêtre identifiée (années < 2018, cohorte 2018 recodée contrôle, 7 unités de contrôle) ; cellules −8 et +8 bornées",event,0.0,96.0,0.0,0.0,1998.0,2024.0,,,,,,,,,,,
h3,H3,H3a,asinh(mariages de femmes / 1 000 f. 15-19),"département, bascule D3 ≥ 50 % ; fenêtre identifiée ≤ 2017, cohorte 2018 = contrôle",twfe,-7,0.020529551061907216,0.056607220001641846,-0.09041856140624618,0.1314776635300606,0.7168539125086104,96,2592,False,"76 cellules à zéro mariage (codées 0, A2) : asinh au lieu du log, Poisson en comparaison ; fenêtre 1998-2024 ; 96 traitées, 0 jamais traitées sur la fenêtre ; comparaisons sur la fenêtre identifiée (années < 2018, cohorte 2018 recodée contrôle, 7 unités de contrôle) ; cellules −8 et +8 bornées",event,0.0,96.0,0.0,0.0,1998.0,2024.0,,,,,,,,,,,
h3,H3,H3a,asinh(mariages de femmes / 1 000 f. 15-19),"département, bascule D3 ≥ 50 % ; fenêtre identifiée ≤ 2017, cohorte 2018 = contrôle",twfe,-6,-0.0020471104399067725,0.05053859470461822,-0.10110093589022516,0.09700671501041162,0.9676898163716848,96,2592,False,"76 cellules à zéro mariage (codées 0, A2) : asinh au lieu du log, Poisson en comparaison ; fenêtre 1998-2024 ; 96 traitées, 0 jamais traitées sur la fenêtre ; comparaisons sur la fenêtre identifiée (années < 2018, cohorte 2018 recodée contrôle, 7 unités de contrôle) ; cellules −8 et +8 bornées",event,0.0,96.0,0.0,0.0,1998.0,2024.0,,,,,,,,,,,
h3,H3,H3a,asinh(mariages de femmes / 1 000 f. 15-19),"département, bascule D3 ≥ 50 % ; fenêtre identifiée ≤ 2017, cohorte 2018 = contrôle",twfe,-5,-0.015326530689633832,0.04629743425050211,-0.10606783439722911,0.07541477301796146,0.7406105509701757,96,2592,False,"76 cellules à zéro mariage (codées 0, A2) : asinh au lieu du log, Poisson en comparaison ; fenêtre 1998-2024 ; 96 traitées, 0 jamais traitées sur la fenêtre ; comparaisons sur la fenêtre identifiée (années < 2018, cohorte 2018 recodée contrôle, 7 unités de contrôle) ; cellules −8 et +8 bornées",event,0.0,96.0,0.0,0.0,1998.0,2024.0,,,,,,,,,,,
h3,H3,H3a,asinh(mariages de femmes / 1 000 f. 15-19),"département, bascule D3 ≥ 50 % ; fenêtre identifiée ≤ 2017, cohorte 2018 = contrôle",twfe,-4,-0.010858009833818436,0.04073878161765819,-0.09070455457847089,0.06898853491083402,0.7898329034681777,96,2592,False,"76 cellules à zéro mariage (codées 0, A2) : asinh au lieu du log, Poisson en comparaison ; fenêtre 1998-2024 ; 96 traitées, 0 jamais traitées sur la fenêtre ; comparaisons sur la fenêtre identifiée (années < 2018, cohorte 2018 recodée contrôle, 7 unités de contrôle) ; cellules −8 et +8 bornées",event,0.0,96.0,0.0,0.0,1998.0,2024.0,,,,,,,,,,,
h3,H3,H3a,asinh(mariages de femmes / 1 000 f. 15-19),"département, bascule D3 ≥ 50 % ; fenêtre identifiée ≤ 2017, cohorte 2018 = contrôle",twfe,-3,-0.03442779785079346,0.03054118174090654,-0.09428741410826258,0.025431818406675667,0.25963332579707865,96,2592,False,"76 cellules à zéro mariage (codées 0, A2) : asinh au lieu du log, Poisson en comparaison ; fenêtre 1998-2024 ; 96 traitées, 0 jamais traitées sur la fenêtre ; comparaisons sur la fenêtre identifiée (années < 2018, cohorte 2018 recodée contrôle, 7 unités de contrôle) ; cellules −8 et +8 bornées",event,0.0,96.0,0.0,0.0,1998.0,2024.0,,,,,,,,,,,
h3,H3,H3a,asinh(mariages de femmes / 1 000 f. 15-19),"département, bascule D3 ≥ 50 % ; fenêtre identifiée ≤ 2017, cohorte 2018 = contrôle",twfe,-2,-0.05001334095355392,0.030981510847636305,-0.11073598640155807,0.01070930449445024,0.10646315392575245,96,2592,False,"76 cellules à zéro mariage (codées 0, A2) : asinh au lieu du log, Poisson en comparaison ; fenêtre 1998-2024 ; 96 traitées, 0 jamais traitées sur la fenêtre ; comparaisons sur la fenêtre identifiée (années < 2018, cohorte 2018 recodée contrôle, 7 unités de contrôle) ; cellules −8 et +8 bornées",event,0.0,96.0,0.0,0.0,1998.0,2024.0,,,,,,,,,,,
h3,H3,H3a,asinh(mariages de femmes / 1 000 f. 15-19),"département, bascule D3 ≥ 50 % ; fenêtre identifiée ≤ 2017, cohorte 2018 = contrôle",twfe,0,-0.06447939057932876,0.035101844208461866,-0.1332777410188499,0.004318959860192373,0.06622123976462527,96,2592,False,"76 cellules à zéro mariage (codées 0, A2) : asinh au lieu du log, Poisson en comparaison ; fenêtre 1998-2024 ; 96 traitées, 0 jamais traitées sur la fenêtre ; comparaisons sur la fenêtre identifiée (années < 2018, cohorte 2018 recodée contrôle, 7 unités de contrôle) ; cellules −8 et +8 bornées",event,0.0,96.0,0.0,0.0,1998.0,2024.0,,,,,,,,,,,
h3,H3,H3a,asinh(mariages de femmes / 1 000 f. 15-19),"département, bascule D3 ≥ 50 % ; fenêtre identifiée ≤ 2017, cohorte 2018 = contrôle",twfe,1,-0.04901975254597617,0.042395438976113184,-0.13211328604792366,0.03407378095597134,0.24757866050992638,96,2592,False,"76 cellules à zéro mariage (codées 0, A2) : asinh au lieu du log, Poisson en comparaison ; fenêtre 1998-2024 ; 96 traitées, 0 jamais traitées sur la fenêtre ; comparaisons sur la fenêtre identifiée (années < 2018, cohorte 2018 recodée contrôle, 7 unités de contrôle) ; cellules −8 et +8 bornées",event,0.0,96.0,0.0,0.0,1998.0,2024.0,,,,,,,,,,,
h3,H3,H3a,asinh(mariages de femmes / 1 000 f. 15-19),"département, bascule D3 ≥ 50 % ; fenêtre identifiée ≤ 2017, cohorte 2018 = contrôle",twfe,2,-0.0533113797501174,0.04838237650022767,-0.1481390951770207,0.0415163356767859,0.2705155814469743,96,2592,False,"76 cellules à zéro mariage (codées 0, A2) : asinh au lieu du log, Poisson en comparaison ; fenêtre 1998-2024 ; 96 traitées, 0 jamais traitées sur la fenêtre ; comparaisons sur la fenêtre identifiée (années < 2018, cohorte 2018 recodée contrôle, 7 unités de contrôle) ; cellules −8 et +8 bornées",event,0.0,96.0,0.0,0.0,1998.0,2024.0,,,,,,,,,,,
h3,H3,H3a,asinh(mariages de femmes / 1 000 f. 15-19),"département, bascule D3 ≥ 50 % ; fenêtre identifiée ≤ 2017, cohorte 2018 = contrôle",twfe,3,-0.07035032244821744,0.061532924735714464,-0.1909526387936316,0.05025199389719673,0.2529158789257234,96,2592,False,"76 cellules à zéro mariage (codées 0, A2) : asinh au lieu du log, Poisson en comparaison ; fenêtre 1998-2024 ; 96 traitées, 0 jamais traitées sur la fenêtre ; comparaisons sur la fenêtre identifiée (années < 2018, cohorte 2018 recodée contrôle, 7 unités de contrôle) ; cellules −8 et +8 bornées",event,0.0,96.0,0.0,0.0,1998.0,2024.0,,,,,,,,,,,
h3,H3,H3a,asinh(mariages de femmes / 1 000 f. 15-19),"département, bascule D3 ≥ 50 % ; fenêtre identifiée ≤ 2017, cohorte 2018 = contrôle",twfe,4,-0.18569438292844032,0.23974368241081506,-0.6555833659746466,0.28419460011776604,0.4386033593358416,96,2592,False,"76 cellules à zéro mariage (codées 0, A2) : asinh au lieu du log, Poisson en comparaison ; fenêtre 1998-2024 ; 96 traitées, 0 jamais traitées sur la fenêtre ; comparaisons sur la fenêtre identifiée (années < 2018, cohorte 2018 recodée contrôle, 7 unités de contrôle) ; cellules −8 et +8 bornées",event,0.0,96.0,0.0,0.0,1998.0,2024.0,,,,,,,,,,,
h3,H3,H3a,asinh(mariages de femmes / 1 000 f. 15-19),"département, bascule D3 ≥ 50 % ; fenêtre identifiée ≤ 2017, cohorte 2018 = contrôle",twfe,"ATT[1,4]",-0.08959395941818783,0.0834208585590703,-0.2530958377533755,0.07390791891699987,0.28282291082579347,96,2592,False,"76 cellules à zéro mariage (codées 0, A2) : asinh au lieu du log, Poisson en comparaison ; fenêtre 1998-2024 ; 96 traitées, 0 jamais traitées sur la fenêtre ; comparaisons sur la fenêtre identifiée (années < 2018, cohorte 2018 recodée contrôle, 7 unités de contrôle) ; écart-type avec covariance complète (w'Vw)",post_avg,0.0,96.0,0.0,0.0,1998.0,2024.0,,,,,,,,,,,
h3,H3,H3a,asinh(mariages de femmes / 1 000 f. 15-19),"département, bascule D3 ≥ 50 % ; fenêtre identifiée ≤ 2017, cohorte 2018 = contrôle",twfe,Wald pré (-8..−2),4.942234112222429,,,,0.6670126721835324,96,2592,False,"test de Wald joint, covariance groupée, df = 7 ; fenêtre 1998-2024 ; 96 traitées, 0 jamais traitées sur la fenêtre",pre_test,0.0,96.0,0.0,0.0,1998.0,2024.0,,,,,,,,,,,7.0
h3,H3,H3a,asinh(mariages de femmes / 1 000 f. 15-19),"département, bascule D3 ≥ 50 % ; fenêtre identifiée ≤ 2017, cohorte 2018 = contrôle",twfe,ATT,-0.041137150624882546,0.02973499963245332,-0.0994166789848028,0.017142377735037705,0.16652419353652914,96,2592,False,"76 cellules à zéro mariage (codées 0, A2) : asinh au lieu du log, Poisson en comparaison ; fenêtre 1998-2024 ; 96 traitées, 0 jamais traitées sur la fenêtre ; comparaisons sur la fenêtre identifiée (années < 2018, cohorte 2018 recodée contrôle, 7 unités de contrôle)",static,0.0,96.0,0.0,0.0,1998.0,2024.0,,,,,,,,,,,
h3,H3,H3a,asinh(mariages de femmes / 1 000 f. 15-19),"département, bascule D3 ≥ 50 % ; fenêtre complète",twfe,ATT,-0.01854154144387554,0.027813096223648272,-0.07305420834077314,0.03597112545302206,0.5049970822566401,96,2592,True,"76 cellules à zéro mariage (codées 0, A2) : asinh au lieu du log, Poisson en comparaison ; fenêtre 1998-2024 ; 96 traitées, 0 jamais traitées sur la fenêtre ; TWFE sur toutes les années (identification par le calendrier des bascules seulement)",static,0.0,96.0,0.0,0.0,1998.0,2024.0,,,,,,,,,,,
h3,H3,H3a,asinh(mariages de femmes / 1 000 f. 15-19),"département, bascule D3 ≥ 50 % ; fenêtre identifiée ≤ 2017, cohorte 2018 = contrôle",twfe_poisson,ATT (log du taux contrefactuel),-0.021586695824568007,0.06753622335420767,-0.15395526125066794,0.11078186960153191,0.7492477885018511,96,2592,False,"76 cellules à zéro mariage (codées 0, A2) : asinh au lieu du log, Poisson en comparaison ; fenêtre 1998-2024 ; 96 traitées, 0 jamais traitées sur la fenêtre ; comparaisons sur la fenêtre identifiée (années < 2018, cohorte 2018 recodée contrôle, 7 unités de contrôle) ; Poisson à effets fixes, offset = log(women)",static,0.0,96.0,0.0,0.0,1998.0,2024.0,,,,,,,,,,,
h3,H3,H3a,asinh(mariages de femmes / 1 000 f. 15-19),"département, bascule D3 ≥ 50 % ; fenêtre identifiée ≤ 2017, cohorte 2018 = contrôle",twfe_poisson,ATT en % du taux contrefactuel,-2.13553706118903,6.609396227475116,-14.268962574765675,11.715119680598306,0.7492477885018511,96,2592,False,"76 cellules à zéro mariage (codées 0, A2) : asinh au lieu du log, Poisson en comparaison ; fenêtre 1998-2024 ; 96 traitées, 0 jamais traitées sur la fenêtre ; comparaisons sur la fenêtre identifiée (années < 2018, cohorte 2018 recodée contrôle, 7 unités de contrôle) ; Poisson à effets fixes, offset = log(women)",static,0.0,96.0,0.0,0.0,1998.0,2024.0,,,,,,,,,,,
h3,H3,H3a,log(mariages de femmes / 1 000 f. 20-24),"département, bascule D3 ≥ 50 %",cs,-8,0.010502403544811054,0.027242315734164385,-0.04289155414961998,0.0638963612392421,0.6998536603631793,96,2592,False," ; contrôle = not_yet_treated ; fenêtre 1998-2024 ; 96 traitées, 0 jamais traitées sur la fenêtre ; ATT(g,t) identifiés jusqu'en 2017 (sans unité jamais traitée, la dernière cohorte sert de contrôle) ; grappes = dep (96)",event,0.0,96.0,0.0,0.0,1998.0,2024.0,1998.0,2017.0,96.0,4.0,reg,5.0,89.0,,,,
h3,H3,H3a,log(mariages de femmes / 1 000 f. 20-24),"département, bascule D3 ≥ 50 %",cs,-7,0.008019308333633787,0.02373283285999023,-0.03849618932305579,0.05453480599032337,0.7354390521210417,96,2592,False," ; contrôle = not_yet_treated ; fenêtre 1998-2024 ; 96 traitées, 0 jamais traitées sur la fenêtre ; ATT(g,t) identifiés jusqu'en 2017 (sans unité jamais traitée, la dernière cohorte sert de contrôle) ; grappes = dep (96)",event,0.0,96.0,0.0,0.0,1998.0,2024.0,1998.0,2017.0,96.0,4.0,reg,5.0,89.0,,,,
h3,H3,H3a,log(mariages de femmes / 1 000 f. 20-24),"département, bascule D3 ≥ 50 %",cs,-6,-0.04322101489182224,0.032146390824272265,-0.10622678314034474,0.019784753356700255,0.1787848220410284,96,2592,False," ; contrôle = not_yet_treated ; fenêtre 1998-2024 ; 96 traitées, 0 jamais traitées sur la fenêtre ; ATT(g,t) identifiés jusqu'en 2017 (sans unité jamais traitée, la dernière cohorte sert de contrôle) ; grappes = dep (96)",event,0.0,96.0,0.0,0.0,1998.0,2024.0,1998.0,2017.0,96.0,4.0,reg,5.0,89.0,,,,
h3,H3,H3a,log(mariages de femmes / 1 000 f. 20-24),"département, bascule D3 ≥ 50 %",cs,-5,-0.01067008859131299,0.02768230385092912,-0.0649264071482285,0.04358622996560253,0.6999055273873206,96,2592,False," ; contrôle = not_yet_treated ; fenêtre 1998-2024 ; 96 traitées, 0 jamais traitées sur la fenêtre ; ATT(g,t) identifiés jusqu'en 2017 (sans unité jamais traitée, la dernière cohorte sert de contrôle) ; grappes = dep (96)",event,0.0,96.0,0.0,0.0,1998.0,2024.0,1998.0,2017.0,96.0,4.0,reg,5.0,89.0,,,,
h3,H3,H3a,log(mariages de femmes / 1 000 f. 20-24),"département, bascule D3 ≥ 50 %",cs,-4,-0.03041634372799576,0.02666960225962879,-0.08268780363887623,0.021855116182884715,0.25408332427229674,96,2592,False," ; contrôle = not_yet_treated ; fenêtre 1998-2024 ; 96 traitées, 0 jamais traitées sur la fenêtre ; ATT(g,t) identifiés jusqu'en 2017 (sans unité jamais traitée, la dernière cohorte sert de contrôle) ; grappes = dep (96)",event,0.0,96.0,0.0,0.0,1998.0,2024.0,1998.0,2017.0,96.0,4.0,reg,5.0,89.0,,,,
h3,H3,H3a,log(mariages de femmes / 1 000 f. 20-24),"département, bascule D3 ≥ 50 %",cs,-3,-0.006180047858808978,0.021509726504319458,-0.04833833712458175,0.0359782414069638,0.773871822127259,96,2592,False," ; contrôle = not_yet_treated ; fenêtre 1998-2024 ; 96 traitées, 0 jamais traitées sur la fenêtre ; ATT(g,t) identifiés jusqu'en 2017 (sans unité jamais traitée, la dernière cohorte sert de contrôle) ; grappes = dep (96)",event,0.0,96.0,0.0,0.0,1998.0,2024.0,1998.0,2017.0,96.0,4.0,reg,5.0,89.0,,,,
h3,H3,H3a,log(mariages de femmes / 1 000 f. 20-24),"département, bascule D3 ≥ 50 %",cs,-2,0.003109783935092099,0.02120701999211751,-0.03845521146887912,0.04467477933906332,0.8834166811269534,96,2592,False," ; contrôle = not_yet_treated ; fenêtre 1998-2024 ; 96 traitées, 0 jamais traitées sur la fenêtre ; ATT(g,t) identifiés jusqu'en 2017 (sans unité jamais traitée, la dernière cohorte sert de contrôle) ; grappes = dep (96)",event,0.0,96.0,0.0,0.0,1998.0,2024.0,1998.0,2017.0,96.0,4.0,reg,5.0,89.0,,,,
h3,H3,H3a,log(mariages de femmes / 1 000 f. 20-24),"département, bascule D3 ≥ 50 %",cs,0,0.03735158719994411,0.027740105738281968,-0.017018020974421434,0.09172119537430964,0.17814672485988114,96,2592,False," ; contrôle = not_yet_treated ; fenêtre 1998-2024 ; 96 traitées, 0 jamais traitées sur la fenêtre ; ATT(g,t) identifiés jusqu'en 2017 (sans unité jamais traitée, la dernière cohorte sert de contrôle) ; grappes = dep (96)",event,0.0,96.0,0.0,0.0,1998.0,2024.0,1998.0,2017.0,96.0,4.0,reg,5.0,89.0,,,,
h3,H3,H3a,log(mariages de femmes / 1 000 f. 20-24),"département, bascule D3 ≥ 50 %",cs,1,0.04702931732353425,0.039105272219033996,-0.029615607831407105,0.12367424247847561,0.2291181094906597,96,2592,False," ; contrôle = not_yet_treated ; fenêtre 1998-2024 ; 96 traitées, 0 jamais traitées sur la fenêtre ; ATT(g,t) identifiés jusqu'en 2017 (sans unité jamais traitée, la dernière cohorte sert de contrôle) ; grappes = dep (96)",event,0.0,96.0,0.0,0.0,1998.0,2024.0,1998.0,2017.0,96.0,4.0,reg,4.0,74.0,,,,
h3,H3,H3a,log(mariages de femmes / 1 000 f. 20-24),"département, bascule D3 ≥ 50 %",cs,2,0.07834255227033092,0.062280524697931265,-0.043725033075871694,0.20041013761653353,0.20842861914399968,96,2592,False," ; contrôle = not_yet_treated ; fenêtre 1998-2024 ; 96 traitées, 0 jamais traitées sur la fenêtre ; ATT(g,t) identifiés jusqu'en 2017 (sans unité jamais traitée, la dernière cohorte sert de contrôle) ; grappes = dep (96)",event,0.0,96.0,0.0,0.0,1998.0,2024.0,1998.0,2017.0,96.0,4.0,reg,3.0,51.0,,,,
h3,H3,H3a,log(mariages de femmes / 1 000 f. 20-24),"département, bascule D3 ≥ 50 %",cs,3,0.1872411688072561,0.15440653151897693,-0.11539007194768736,0.4898724095621996,0.22526344490888917,96,2592,False," ; contrôle = not_yet_treated ; fenêtre 1998-2024 ; 96 traitées, 0 jamais traitées sur la fenêtre ; ATT(g,t) identifiés jusqu'en 2017 (sans unité jamais traitée, la dernière cohorte sert de contrôle) ; grappes = dep (96)",event,0.0,96.0,0.0,0.0,1998.0,2024.0,1998.0,2017.0,96.0,4.0,reg,2.0,35.0,,,,
h3,H3,H3a,log(mariages de femmes / 1 000 f. 20-24),"département, bascule D3 ≥ 50 %",cs,4,0.1538107757263789,0.10744327660200188,-0.05677417679451985,0.3643957282472777,0.1522717066523515,96,2592,False," ; contrôle = not_yet_treated ; fenêtre 1998-2024 ; 96 traitées, 0 jamais traitées sur la fenêtre ; ATT(g,t) identifiés jusqu'en 2017 (sans unité jamais traitée, la dernière cohorte sert de contrôle) ; grappes = dep (96)",event,0.0,96.0,0.0,0.0,1998.0,2024.0,1998.0,2017.0,96.0,4.0,reg,1.0,2.0,,,,
h3,H3,H3a,log(mariages de femmes / 1 000 f. 20-24),"département, bascule D3 ≥ 50 %",cs,"ATT[1,4]",0.11660595353187506,0.08142696751585478,-0.04298797016951322,0.27619987723326334,0.15213490814206135,96,2592,False," ; contrôle = not_yet_treated ; fenêtre 1998-2024 ; 96 traitées, 0 jamais traitées sur la fenêtre ; ATT(g,t) identifiés jusqu'en 2017 (sans unité jamais traitée, la dernière cohorte sert de contrôle) ; grappes = dep (96) ; écart-type avec covariance complète des coefficients (fonctions d'influence)",post_avg,0.0,96.0,0.0,0.0,1998.0,2024.0,1998.0,2017.0,96.0,4.0,reg,,,,,4.0,
h3,H3,H3a,log(mariages de femmes / 1 000 f. 20-24),"département, bascule D3 ≥ 50 %",cs,ATT,0.07036252337940302,0.049313731968007084,-0.02629061522115239,0.16701566197995843,0.15362766691834961,96,2592,False," ; contrôle = not_yet_treated ; fenêtre 1998-2024 ; 96 traitées, 0 jamais traitées sur la fenêtre ; ATT(g,t) identifiés jusqu'en 2017 (sans unité jamais traitée, la dernière cohorte sert de contrôle) ; grappes = dep (96) ; moyenne de tous les ATT(g,t) post",simple,0.0,96.0,0.0,0.0,1998.0,2024.0,1998.0,2017.0,96.0,4.0,reg,,,,,,
h3,H3,H3a,log(mariages de femmes / 1 000 f. 20-24),"département, bascule D3 ≥ 50 %",cs,Wald pré (-8..-2),12.365859230852475,,,,0.08915132181736052,96,2592,False,"H5c : test de Wald joint de nullité des coefficients pré avec covariance des fonctions d'influence, df = 7 ; fenêtre 1998-2024 ; 96 traitées, 0 jamais traitées sur la fenêtre",pre_test,0.0,96.0,0.0,0.0,1998.0,2024.0,1998.0,2017.0,96.0,4.0,reg,,,,,,7.0
h3,H3,H3a,log(mariages de femmes / 1 000 f. 20-24),"département, bascule D3 ≥ 50 % ; fenêtre identifiée ≤ 2017, cohorte 2018 = contrôle",twfe,-8,-0.006212109998556939,0.03129755805405959,-0.06755419658856524,0.055129976591451364,0.8426652649038469,96,2592,False," ; fenêtre 1998-2024 ; 96 traitées, 0 jamais traitées sur la fenêtre ; comparaisons sur la fenêtre identifiée (années < 2018, cohorte 2018 recodée contrôle, 7 unités de contrôle) ; cellules −8 et +8 bornées",event,0.0,96.0,0.0,0.0,1998.0,2024.0,,,,,,,,,,,
h3,H3,H3a,log(mariages de femmes / 1 000 f. 20-24),"département, bascule D3 ≥ 50 % ; fenêtre identifiée ≤ 2017, cohorte 2018 = contrôle",twfe,-7,0.0010843078997489354,0.03136456620523468,-0.06038911225323315,0.06255772805273102,0.9724217378065257,96,2592,False," ; fenêtre 1998-2024 ; 96 traitées, 0 jamais traitées sur la fenêtre ; comparaisons sur la fenêtre identifiée (années < 2018, cohorte 2018 recodée contrôle, 7 unités de contrôle) ; cellules −8 et +8 bornées",event,0.0,96.0,0.0,0.0,1998.0,2024.0,,,,,,,,,,,
h3,H3,H3a,log(mariages de femmes / 1 000 f. 20-24),"département, bascule D3 ≥ 50 % ; fenêtre identifiée ≤ 2017, cohorte 2018 = contrôle",twfe,-6,-0.045070912639038084,0.031300553129557714,-0.10641886946915369,0.016277044191077512,0.14988442773788307,96,2592,False," ; fenêtre 1998-2024 ; 96 traitées, 0 jamais traitées sur la fenêtre ; comparaisons sur la fenêtre identifiée (années < 2018, cohorte 2018 recodée contrôle, 7 unités de contrôle) ; cellules −8 et +8 bornées",event,0.0,96.0,0.0,0.0,1998.0,2024.0,,,,,,,,,,,
h3,H3,H3a,log(mariages de femmes / 1 000 f. 20-24),"département, bascule D3 ≥ 50 % ; fenêtre identifiée ≤ 2017, cohorte 2018 = contrôle",twfe,-5,-0.02978320310974349,0.030716409066345204,-0.08998625861417968,0.030419852394692696,0.3322366129226506,96,2592,False," ; fenêtre 1998-2024 ; 96 traitées, 0 jamais traitées sur la fenêtre ; comparaisons sur la fenêtre identifiée (années < 2018, cohorte 2018 recodée contrôle, 7 unités de contrôle) ; cellules −8 et +8 bornées",event,0.0,96.0,0.0,0.0,1998.0,2024.0,,,,,,,,,,,
h3,H3,H3a,log(mariages de femmes / 1 000 f. 20-24),"département, bascule D3 ≥ 50 % ; fenêtre identifiée ≤ 2017, cohorte 2018 = contrôle",twfe,-4,-0.04748900313885872,0.027087280736183064,-0.10057909782090313,0.005601091543185686,0.07957032748103533,96,2592,False," ; fenêtre 1998-2024 ; 96 traitées, 0 jamais traitées sur la fenêtre ; comparaisons sur la fenêtre identifiée (années < 2018, cohorte 2018 recodée contrôle, 7 unités de contrôle) ; cellules −8 et +8 bornées",event,0.0,96.0,0.0,0.0,1998.0,2024.0,,,,,,,,,,,
h3,H3,H3a,log(mariages de femmes / 1 000 f. 20-24),"département, bascule D3 ≥ 50 % ; fenêtre identifiée ≤ 2017, cohorte 2018 = contrôle",twfe,-3,-0.031082723476586662,0.021991053564849133,-0.07418439644578213,0.012018949492608805,0.15753055073642486,96,2592,False," ; fenêtre 1998-2024 ; 96 traitées, 0 jamais traitées sur la fenêtre ; comparaisons sur la fenêtre identifiée (années < 2018, cohorte 2018 recodée contrôle, 7 unités de contrôle) ; cellules −8 et +8 bornées",event,0.0,96.0,0.0,0.0,1998.0,2024.0,,,,,,,,,,,
h3,H3,H3a,log(mariages de femmes / 1 000 f. 20-24),"département, bascule D3 ≥ 50 % ; fenêtre identifiée ≤ 2017, cohorte 2018 = contrôle",twfe,-2,-0.027097973884308627,0.016763421128348856,-0.059953675553550176,0.005757727784932925,0.10598749533404445,96,2592,False," ; fenêtre 1998-2024 ; 96 traitées, 0 jamais traitées sur la fenêtre ; comparaisons sur la fenêtre identifiée (années < 2018, cohorte 2018 recodée contrôle, 7 unités de contrôle) ; cellules −8 et +8 bornées",event,0.0,96.0,0.0,0.0,1998.0,2024.0,,,,,,,,,,,
h3,H3,H3a,log(mariages de femmes / 1 000 f. 20-24),"département, bascule D3 ≥ 50 % ; fenêtre identifiée ≤ 2017, cohorte 2018 = contrôle",twfe,0,0.04186853963726084,0.019147843664304543,0.004339455673620478,0.07939762360090119,0.028772253716616437,96,2592,False," ; fenêtre 1998-2024 ; 96 traitées, 0 jamais traitées sur la fenêtre ; comparaisons sur la fenêtre identifiée (années < 2018, cohorte 2018 recodée contrôle, 7 unités de contrôle) ; cellules −8 et +8 bornées",event,0.0,96.0,0.0,0.0,1998.0,2024.0,,,,,,,,,,,
h3,H3,H3a,log(mariages de femmes / 1 000 f. 20-24),"département, bascule D3 ≥ 50 % ; fenêtre identifiée ≤ 2017, cohorte 2018 = contrôle",twfe,1,0.09058191517791095,0.029925966900669006,0.031928097850061954,0.14923573250575994,0.0024710283235986753,96,2592,False," ; fenêtre 1998-2024 ; 96 traitées, 0 jamais traitées sur la fenêtre ; comparaisons sur la fenêtre identifiée (années < 2018, cohorte 2018 recodée contrôle, 7 unités de contrôle) ; cellules −8 et +8 bornées",event,0.0,96.0,0.0,0.0,1998.0,2024.0,,,,,,,,,,,
h3,H3,H3a,log(mariages de femmes / 1 000 f. 20-24),"département, bascule D3 ≥ 50 % ; fenêtre identifiée ≤ 2017, cohorte 2018 = contrôle",twfe,2,0.13306387237696035,0.042908723365407415,0.04896431995816952,0.21716342479575118,0.0019280877611906973,96,2592,False," ; fenêtre 1998-2024 ; 96 traitées, 0 jamais traitées sur la fenêtre ; comparaisons sur la fenêtre identifiée (années < 2018, cohorte 2018 recodée contrôle, 7 unités de contrôle) ; cellules −8 et +8 bornées",event,0.0,96.0,0.0,0.0,1998.0,2024.0,,,,,,,,,,,
h3,H3,H3a,log(mariages de femmes / 1 000 f. 20-24),"département, bascule D3 ≥ 50 % ; fenêtre identifiée ≤ 2017, cohorte 2018 = contrôle",twfe,3,0.20888290423978534,0.061237993124408814,0.0888586432304326,0.3289071652491381,0.0006472466629523398,96,2592,False," ; fenêtre 1998-2024 ; 96 traitées, 0 jamais traitées sur la fenêtre ; comparaisons sur la fenêtre identifiée (années < 2018, cohorte 2018 recodée contrôle, 7 unités de contrôle) ; cellules −8 et +8 bornées",event,0.0,96.0,0.0,0.0,1998.0,2024.0,,,,,,,,,,,
h3,H3,H3a,log(mariages de femmes / 1 000 f. 20-24),"département, bascule D3 ≥ 50 % ; fenêtre identifiée ≤ 2017, cohorte 2018 = contrôle",twfe,4,0.18468685049830474,0.13008111423956906,-0.07026744848009098,0.43964114947670047,0.15567109871747487,96,2592,False," ; fenêtre 1998-2024 ; 96 traitées, 0 jamais traitées sur la fenêtre ; comparaisons sur la fenêtre identifiée (années < 2018, cohorte 2018 recodée contrôle, 7 unités de contrôle) ; cellules −8 et +8 bornées",event,0.0,96.0,0.0,0.0,1998.0,2024.0,,,,,,,,,,,
h3,H3,H3a,log(mariages de femmes / 1 000 f. 20-24),"département, bascule D3 ≥ 50 % ; fenêtre identifiée ≤ 2017, cohorte 2018 = contrôle",twfe,"ATT[1,4]",0.15430388557324035,0.05639574448146111,0.04377025750825306,0.2648375136382276,0.006217384113376152,96,2592,False," ; fenêtre 1998-2024 ; 96 traitées, 0 jamais traitées sur la fenêtre ; comparaisons sur la fenêtre identifiée (années < 2018, cohorte 2018 recodée contrôle, 7 unités de contrôle) ; écart-type avec covariance complète (w'Vw)",post_avg,0.0,96.0,0.0,0.0,1998.0,2024.0,,,,,,,,,,,
h3,H3,H3a,log(mariages de femmes / 1 000 f. 20-24),"département, bascule D3 ≥ 50 % ; fenêtre identifiée ≤ 2017, cohorte 2018 = contrôle",twfe,Wald pré (-8..−2),21.20177964587359,,,,0.0034827074202283454,96,2592,False,"test de Wald joint, covariance groupée, df = 7 ; fenêtre 1998-2024 ; 96 traitées, 0 jamais traitées sur la fenêtre",pre_test,0.0,96.0,0.0,0.0,1998.0,2024.0,,,,,,,,,,,7.0
h3,H3,H3a,log(mariages de femmes / 1 000 f. 20-24),"département, bascule D3 ≥ 50 % ; fenêtre identifiée ≤ 2017, cohorte 2018 = contrôle",twfe,ATT,0.08121255971537064,0.02447829442689002,0.03323598423569868,0.1291891351950426,0.0009074966938438962,96,2592,False," ; fenêtre 1998-2024 ; 96 traitées, 0 jamais traitées sur la fenêtre ; comparaisons sur la fenêtre identifiée (années < 2018, cohorte 2018 recodée contrôle, 7 unités de contrôle)",static,0.0,96.0,0.0,0.0,1998.0,2024.0,,,,,,,,,,,
h3,H3,H3a,log(mariages de femmes / 1 000 f. 20-24),"département, bascule D3 ≥ 50 % ; fenêtre complète",twfe,ATT,0.03199479750956442,0.018374823860693282,-0.004019195479661647,0.06800879049879048,0.08164324241953062,96,2592,True," ; fenêtre 1998-2024 ; 96 traitées, 0 jamais traitées sur la fenêtre ; TWFE sur toutes les années (identification par le calendrier des bascules seulement)",static,0.0,96.0,0.0,0.0,1998.0,2024.0,,,,,,,,,,,
h3,H3,H3a,log(mariages de femmes / 1 000 f. 20-24),"département, bascule D3 ≥ 50 % ; fenêtre identifiée ≤ 2017, cohorte 2018 = contrôle",twfe_poisson,ATT (log du taux contrefactuel),0.08481545916416668,0.03865950278204024,0.009044226051141774,0.16058669227719158,0.02824190003432976,96,2592,False," ; fenêtre 1998-2024 ; 96 traitées, 0 jamais traitées sur la fenêtre ; comparaisons sur la fenêtre identifiée (années < 2018, cohorte 2018 recodée contrôle, 7 unités de contrôle) ; Poisson à effets fixes, offset = log(women)",static,0.0,96.0,0.0,0.0,1998.0,2024.0,,,,,,,,,,,
h3,H3,H3a,log(mariages de femmes / 1 000 f. 20-24),"département, bascule D3 ≥ 50 % ; fenêtre identifiée ≤ 2017, cohorte 2018 = contrôle",twfe_poisson,ATT en % du taux contrefactuel,8.851617247808786,4.208149399821243,0.9085248039734539,17.41995634641269,0.02824190003432976,96,2592,False," ; fenêtre 1998-2024 ; 96 traitées, 0 jamais traitées sur la fenêtre ; comparaisons sur la fenêtre identifiée (années < 2018, cohorte 2018 recodée contrôle, 7 unités de contrôle) ; Poisson à effets fixes, offset = log(women)",static,0.0,96.0,0.0,0.0,1998.0,2024.0,,,,,,,,,,,
h3,H3,H3a,log(mariages de femmes / 1 000 f. 25-29),"département, bascule D3 ≥ 50 %",cs,-8,-0.019166731478378735,0.016071155903612397,-0.0506656182393873,0.01233215528262983,0.23301946004144558,96,2592,False," ; contrôle = not_yet_treated ; fenêtre 1998-2024 ; 96 traitées, 0 jamais traitées sur la fenêtre ; ATT(g,t) identifiés jusqu'en 2017 (sans unité jamais traitée, la dernière cohorte sert de contrôle) ; grappes = dep (96)",event,0.0,96.0,0.0,0.0,1998.0,2024.0,1998.0,2017.0,96.0,4.0,reg,5.0,89.0,,,,
h3,H3,H3a,log(mariages de femmes / 1 000 f. 25-29),"département, bascule D3 ≥ 50 %",cs,-7,-0.03310822836339197,0.017315317924251956,-0.06704562787578666,0.0008291711490027096,0.05586626501846891,96,2592,False," ; contrôle = not_yet_treated ; fenêtre 1998-2024 ; 96 traitées, 0 jamais traitées sur la fenêtre ; ATT(g,t) identifiés jusqu'en 2017 (sans unité jamais traitée, la dernière cohorte sert de contrôle) ; grappes = dep (96)",event,0.0,96.0,0.0,0.0,1998.0,2024.0,1998.0,2017.0,96.0,4.0,reg,5.0,89.0,,,,
h3,H3,H3a,log(mariages de femmes / 1 000 f. 25-29),"département, bascule D3 ≥ 50 %",cs,-6,-0.0094904697502209,0.019373513465524156,-0.047461858396650014,0.028480918896208213,0.6242271090298228,96,2592,False," ; contrôle = not_yet_treated ; fenêtre 1998-2024 ; 96 traitées, 0 jamais traitées sur la fenêtre ; ATT(g,t) identifiés jusqu'en 2017 (sans unité jamais traitée, la dernière cohorte sert de contrôle) ; grappes = dep (96)",event,0.0,96.0,0.0,0.0,1998.0,2024.0,1998.0,2017.0,96.0,4.0,reg,5.0,89.0,,,,
h3,H3,H3a,log(mariages de femmes / 1 000 f. 25-29),"département, bascule D3 ≥ 50 %",cs,-5,-0.011692994170935602,0.01743970203301445,-0.045874182056753886,0.022488193714882677,0.5025510203657289,96,2592,False," ; contrôle = not_yet_treated ; fenêtre 1998-2024 ; 96 traitées, 0 jamais traitées sur la fenêtre ; ATT(g,t) identifiés jusqu'en 2017 (sans unité jamais traitée, la dernière cohorte sert de contrôle) ; grappes = dep (96)",event,0.0,96.0,0.0,0.0,1998.0,2024.0,1998.0,2017.0,96.0,4.0,reg,5.0,89.0,,,,
h3,H3,H3a,log(mariages de femmes / 1 000 f. 25-29),"département, bascule D3 ≥ 50 %",cs,-4,-0.014172545063439212,0.01606154965803861,-0.045652603929096515,0.017307513802218087,0.37756613475260703,96,2592,False," ; contrôle = not_yet_treated ; fenêtre 1998-2024 ; 96 traitées, 0 jamais traitées sur la fenêtre ; ATT(g,t) identifiés jusqu'en 2017 (sans unité jamais traitée, la dernière cohorte sert de contrôle) ; grappes = dep (96)",event,0.0,96.0,0.0,0.0,1998.0,2024.0,1998.0,2017.0,96.0,4.0,reg,5.0,89.0,,,,
h3,H3,H3a,log(mariages de femmes / 1 000 f. 25-29),"département, bascule D3 ≥ 50 %",cs,-3,-0.033891087235938464,0.01567032621847673,-0.0646043622501466,-0.0031778122217303306,0.030559975071621517,96,2592,False," ; contrôle = not_yet_treated ; fenêtre 1998-2024 ; 96 traitées, 0 jamais traitées sur la fenêtre ; ATT(g,t) identifiés jusqu'en 2017 (sans unité jamais traitée, la dernière cohorte sert de contrôle) ; grappes = dep (96)",event,0.0,96.0,0.0,0.0,1998.0,2024.0,1998.0,2017.0,96.0,4.0,reg,5.0,89.0,,,,
h3,H3,H3a,log(mariages de femmes / 1 000 f. 25-29),"département, bascule D3 ≥ 50 %",cs,-2,-0.031576620786903174,0.014408886188088488,-0.059817518772893236,-0.0033357228009131094,0.02841790388356983,96,2592,False," ; contrôle = not_yet_treated ; fenêtre 1998-2024 ; 96 traitées, 0 jamais traitées sur la fenêtre ; ATT(g,t) identifiés jusqu'en 2017 (sans unité jamais traitée, la dernière cohorte sert de contrôle) ; grappes = dep (96)",event,0.0,96.0,0.0,0.0,1998.0,2024.0,1998.0,2017.0,96.0,4.0,reg,5.0,89.0,,,,
h3,H3,H3a,log(mariages de femmes / 1 000 f. 25-29),"département, bascule D3 ≥ 50 %",cs,0,-0.015731965062125014,0.012443519564860625,-0.04012081525017136,0.008656885125921335,0.20613323205850542,96,2592,False," ; contrôle = not_yet_treated ; fenêtre 1998-2024 ; 96 traitées, 0 jamais traitées sur la fenêtre ; ATT(g,t) identifiés jusqu'en 2017 (sans unité jamais traitée, la dernière cohorte sert de contrôle) ; grappes = dep (96)",event,0.0,96.0,0.0,0.0,1998.0,2024.0,1998.0,2017.0,96.0,4.0,reg,5.0,89.0,,,,
h3,H3,H3a,log(mariages de femmes / 1 000 f. 25-29),"département, bascule D3 ≥ 50 %",cs,1,-0.010142125711794478,0.019834026910892474,-0.04901610412554195,0.02873185270195299,0.6091061389177062,96,2592,False," ; contrôle = not_yet_treated ; fenêtre 1998-2024 ; 96 traitées, 0 jamais traitées sur la fenêtre ; ATT(g,t) identifiés jusqu'en 2017 (sans unité jamais traitée, la dernière cohorte sert de contrôle) ; grappes = dep (96)",event,0.0,96.0,0.0,0.0,1998.0,2024.0,1998.0,2017.0,96.0,4.0,reg,4.0,74.0,,,,
h3,H3,H3a,log(mariages de femmes / 1 000 f. 25-29),"département, bascule D3 ≥ 50 %",cs,2,0.04222109584222125,0.03202388417939715,-0.020544563794479193,0.1049867554789217,0.18736135018423528,96,2592,False," ; contrôle = not_yet_treated ; fenêtre 1998-2024 ; 96 traitées, 0 jamais traitées sur la fenêtre ; ATT(g,t) identifiés jusqu'en 2017 (sans unité jamais traitée, la dernière cohorte sert de contrôle) ; grappes = dep (96)",event,0.0,96.0,0.0,0.0,1998.0,2024.0,1998.0,2017.0,96.0,4.0,reg,3.0,51.0,,,,
h3,H3,H3a,log(mariages de femmes / 1 000 f. 25-29),"département, bascule D3 ≥ 50 %",cs,3,-0.042010724035102684,0.047694899432564934,-0.13549100916918982,0.05146956109898444,0.37841408708876767,96,2592,False," ; contrôle = not_yet_treated ; fenêtre 1998-2024 ; 96 traitées, 0 jamais traitées sur la fenêtre ; ATT(g,t) identifiés jusqu'en 2017 (sans unité jamais traitée, la dernière cohorte sert de contrôle) ; grappes = dep (96)",event,0.0,96.0,0.0,0.0,1998.0,2024.0,1998.0,2017.0,96.0,4.0,reg,2.0,35.0,,,,
h3,H3,H3a,log(mariages de femmes / 1 000 f. 25-29),"département, bascule D3 ≥ 50 %",cs,4,-0.0011914024894177366,0.037647158222786345,-0.07497847672635992,0.07259567174752445,0.9747539243638448,96,2592,False," ; contrôle = not_yet_treated ; fenêtre 1998-2024 ; 96 traitées, 0 jamais traitées sur la fenêtre ; ATT(g,t) identifiés jusqu'en 2017 (sans unité jamais traitée, la dernière cohorte sert de contrôle) ; grappes = dep (96)",event,0.0,96.0,0.0,0.0,1998.0,2024.0,1998.0,2017.0,96.0,4.0,reg,1.0,2.0,,,,
h3,H3,H3a,log(mariages de femmes / 1 000 f. 25-29),"département, bascule D3 ≥ 50 %",cs,"ATT[1,4]",-0.002780789098523412,0.018715462764218354,-0.03946242207039183,0.03390084387334501,0.8818831310805155,96,2592,False," ; contrôle = not_yet_treated ; fenêtre 1998-2024 ; 96 traitées, 0 jamais traitées sur la fenêtre ; ATT(g,t) identifiés jusqu'en 2017 (sans unité jamais traitée, la dernière cohorte sert de contrôle) ; grappes = dep (96) ; écart-type avec covariance complète des coefficients (fonctions d'influence)",post_avg,0.0,96.0,0.0,0.0,1998.0,2024.0,1998.0,2017.0,96.0,4.0,reg,,,,,4.0,
h3,H3,H3a,log(mariages de femmes / 1 000 f. 25-29),"département, bascule D3 ≥ 50 %",cs,ATT,-0.005857149208988299,0.017481648566726363,-0.04012055079015822,0.028406252372181626,0.7375906979604958,96,2592,False," ; contrôle = not_yet_treated ; fenêtre 1998-2024 ; 96 traitées, 0 jamais traitées sur la fenêtre ; ATT(g,t) identifiés jusqu'en 2017 (sans unité jamais traitée, la dernière cohorte sert de contrôle) ; grappes = dep (96) ; moyenne de tous les ATT(g,t) post",simple,0.0,96.0,0.0,0.0,1998.0,2024.0,1998.0,2017.0,96.0,4.0,reg,,,,,,
h3,H3,H3a,log(mariages de femmes / 1 000 f. 25-29),"département, bascule D3 ≥ 50 %",cs,Wald pré (-8..-2),13.224191098470985,,,,0.06683079844391882,96,2592,False,"H5c : test de Wald joint de nullité des coefficients pré avec covariance des fonctions d'influence, df = 7 ; fenêtre 1998-2024 ; 96 traitées, 0 jamais traitées sur la fenêtre",pre_test,0.0,96.0,0.0,0.0,1998.0,2024.0,1998.0,2017.0,96.0,4.0,reg,,,,,,7.0
h3,H3,H3a,log(mariages de femmes / 1 000 f. 25-29),"département, bascule D3 ≥ 50 % ; fenêtre identifiée ≤ 2017, cohorte 2018 = contrôle",twfe,-8,0.0020706985440880855,0.022734412138528656,-0.042487930457118316,0.04662932754529448,0.9274273366253426,96,2592,False," ; fenêtre 1998-2024 ; 96 traitées, 0 jamais traitées sur la fenêtre ; comparaisons sur la fenêtre identifiée (années < 2018, cohorte 2018 recodée contrôle, 7 unités de contrôle) ; cellules −8 et +8 bornées",event,0.0,96.0,0.0,0.0,1998.0,2024.0,,,,,,,,,,,
h3,H3,H3a,log(mariages de femmes / 1 000 f. 25-29),"département, bascule D3 ≥ 50 % ; fenêtre identifiée ≤ 2017, cohorte 2018 = contrôle",twfe,-7,-0.0216464412572887,0.020594411764487425,-0.062010746598472034,0.018717864083894635,0.29322035614309827,96,2592,False," ; fenêtre 1998-2024 ; 96 traitées, 0 jamais traitées sur la fenêtre ; comparaisons sur la fenêtre identifiée (années < 2018, cohorte 2018 recodée contrôle, 7 unités de contrôle) ; cellules −8 et +8 bornées",event,0.0,96.0,0.0,0.0,1998.0,2024.0,,,,,,,,,,,
h3,H3,H3a,log(mariages de femmes / 1 000 f. 25-29),"département, bascule D3 ≥ 50 % ; fenêtre identifiée ≤ 2017, cohorte 2018 = contrôle",twfe,-6,-0.004947486647006486,0.020707990038813323,-0.04553440131529479,0.035639428021281824,0.8111701007640012,96,2592,False," ; fenêtre 1998-2024 ; 96 traitées, 0 jamais traitées sur la fenêtre ; comparaisons sur la fenêtre identifiée (années < 2018, cohorte 2018 recodée contrôle, 7 unités de contrôle) ; cellules −8 et +8 bornées",event,0.0,96.0,0.0,0.0,1998.0,2024.0,,,,,,,,,,,
h3,H3,H3a,log(mariages de femmes / 1 000 f. 25-29),"département, bascule D3 ≥ 50 % ; fenêtre identifiée ≤ 2017, cohorte 2018 = contrôle",twfe,-5,0.003530885969064019,0.018512271484293352,-0.032752499412178795,0.03981427135030684,0.8487354224438283,96,2592,False," ; fenêtre 1998-2024 ; 96 traitées, 0 jamais traitées sur la fenêtre ; comparaisons sur la fenêtre identifiée (années < 2018, cohorte 2018 recodée contrôle, 7 unités de contrôle) ; cellules −8 et +8 bornées",event,0.0,96.0,0.0,0.0,1998.0,2024.0,,,,,,,,,,,
h3,H3,H3a,log(mariages de femmes / 1 000 f. 25-29),"département, bascule D3 ≥ 50 % ; fenêtre identifiée ≤ 2017, cohorte 2018 = contrôle",twfe,-4,-0.002590856439637907,0.016271577270579814,-0.0344825618616349,0.029300848982359084,0.8734909035511425,96,2592,False," ; fenêtre 1998-2024 ; 96 traitées, 0 jamais traitées sur la fenêtre ; comparaisons sur la fenêtre identifiée (années < 2018, cohorte 2018 recodée contrôle, 7 unités de contrôle) ; cellules −8 et +8 bornées",event,0.0,96.0,0.0,0.0,1998.0,2024.0,,,,,,,,,,,
h3,H3,H3a,log(mariages de femmes / 1 000 f. 25-29),"département, bascule D3 ≥ 50 % ; fenêtre identifiée ≤ 2017, cohorte 2018 = contrôle",twfe,-3,-0.012434947331700839,0.011876663026391435,-0.03571277911994653,0.010842884456544855,0.29509642713058637,96,2592,False," ; fenêtre 1998-2024 ; 96 traitées, 0 jamais traitées sur la fenêtre ; comparaisons sur la fenêtre identifiée (années < 2018, cohorte 2018 recodée contrôle, 7 unités de contrôle) ; cellules −8 et +8 bornées",event,0.0,96.0,0.0,0.0,1998.0,2024.0,,,,,,,,,,,
h3,H3,H3a,log(mariages de femmes / 1 000 f. 25-29),"département, bascule D3 ≥ 50 % ; fenêtre identifiée ≤ 2017, cohorte 2018 = contrôle",twfe,-2,-0.015803148424394568,0.00960836889714467,-0.034635205412972964,0.003028908564183825,0.10002602187700113,96,2592,False," ; fenêtre 1998-2024 ; 96 traitées, 0 jamais traitées sur la fenêtre ; comparaisons sur la fenêtre identifiée (années < 2018, cohorte 2018 recodée contrôle, 7 unités de contrôle) ; cellules −8 et +8 bornées",event,0.0,96.0,0.0,0.0,1998.0,2024.0,,,,,,,,,,,
h3,H3,H3a,log(mariages de femmes / 1 000 f. 25-29),"département, bascule D3 ≥ 50 % ; fenêtre identifiée ≤ 2017, cohorte 2018 = contrôle",twfe,0,0.003218705891485762,0.008963126638943433,-0.014348699509714912,0.020786111292686437,0.71951634935227,96,2592,False," ; fenêtre 1998-2024 ; 96 traitées, 0 jamais traitées sur la fenêtre ; comparaisons sur la fenêtre identifiée (années < 2018, cohorte 2018 recodée contrôle, 7 unités de contrôle) ; cellules −8 et +8 bornées",event,0.0,96.0,0.0,0.0,1998.0,2024.0,,,,,,,,,,,
h3,H3,H3a,log(mariages de femmes / 1 000 f. 25-29),"département, bascule D3 ≥ 50 % ; fenêtre identifiée ≤ 2017, cohorte 2018 = contrôle",twfe,1,0.012284099098522698,0.015951002595129427,-0.018979291505235918,0.04354748970228131,0.44123194906154906,96,2592,False," ; fenêtre 1998-2024 ; 96 traitées, 0 jamais traitées sur la fenêtre ; comparaisons sur la fenêtre identifiée (années < 2018, cohorte 2018 recodée contrôle, 7 unités de contrôle) ; cellules −8 et +8 bornées",event,0.0,96.0,0.0,0.0,1998.0,2024.0,,,,,,,,,,,
h3,H3,H3a,log(mariages de femmes / 1 000 f. 25-29),"département, bascule D3 ≥ 50 % ; fenêtre identifiée ≤ 2017, cohorte 2018 = contrôle",twfe,2,0.036358652337201855,0.020967261596269528,-0.00473642524591622,0.07745372992031993,0.08290606120514532,96,2592,False," ; fenêtre 1998-2024 ; 96 traitées, 0 jamais traitées sur la fenêtre ; comparaisons sur la fenêtre identifiée (années < 2018, cohorte 2018 recodée contrôle, 7 unités de contrôle) ; cellules −8 et +8 bornées",event,0.0,96.0,0.0,0.0,1998.0,2024.0,,,,,,,,,,,
h3,H3,H3a,log(mariages de femmes / 1 000 f. 25-29),"département, bascule D3 ≥ 50 % ; fenêtre identifiée ≤ 2017, cohorte 2018 = contrôle",twfe,3,0.052945025954576695,0.029951125632476528,-0.00575810158151175,0.11164815349066515,0.07710871793586134,96,2592,False," ; fenêtre 1998-2024 ; 96 traitées, 0 jamais traitées sur la fenêtre ; comparaisons sur la fenêtre identifiée (années < 2018, cohorte 2018 recodée contrôle, 7 unités de contrôle) ; cellules −8 et +8 bornées",event,0.0,96.0,0.0,0.0,1998.0,2024.0,,,,,,,,,,,
h3,H3,H3a,log(mariages de femmes / 1 000 f. 25-29),"département, bascule D3 ≥ 50 % ; fenêtre identifiée ≤ 2017, cohorte 2018 = contrôle",twfe,4,0.05162239134060669,0.025567132167592342,0.0015117331041502174,0.10173304957706317,0.04347766097658785,96,2592,False," ; fenêtre 1998-2024 ; 96 traitées, 0 jamais traitées sur la fenêtre ; comparaisons sur la fenêtre identifiée (années < 2018, cohorte 2018 recodée contrôle, 7 unités de contrôle) ; cellules −8 et +8 bornées",event,0.0,96.0,0.0,0.0,1998.0,2024.0,,,,,,,,,,,
h3,H3,H3a,log(mariages de femmes / 1 000 f. 25-29),"département, bascule D3 ≥ 50 % ; fenêtre identifiée ≤ 2017, cohorte 2018 = contrôle",twfe,"ATT[1,4]",0.03830254218272699,0.021289817786350026,-0.0034247339159393236,0.0800298182813933,0.0720026333482947,96,2592,False," ; fenêtre 1998-2024 ; 96 traitées, 0 jamais traitées sur la fenêtre ; comparaisons sur la fenêtre identifiée (années < 2018, cohorte 2018 recodée contrôle, 7 unités de contrôle) ; écart-type avec covariance complète (w'Vw)",post_avg,0.0,96.0,0.0,0.0,1998.0,2024.0,,,,,,,,,,,
h3,H3,H3a,log(mariages de femmes / 1 000 f. 25-29),"département, bascule D3 ≥ 50 % ; fenêtre identifiée ≤ 2017, cohorte 2018 = contrôle",twfe,Wald pré (-8..−2),18.125454750680127,,,,0.011416616723948675,96,2592,False,"test de Wald joint, covariance groupée, df = 7 ; fenêtre 1998-2024 ; 96 traitées, 0 jamais traitées sur la fenêtre",pre_test,0.0,96.0,0.0,0.0,1998.0,2024.0,,,,,,,,,,,7.0
h3,H3,H3a,log(mariages de femmes / 1 000 f. 25-29),"département, bascule D3 ≥ 50 % ; fenêtre identifiée ≤ 2017, cohorte 2018 = contrôle",twfe,ATT,0.01594813373589709,0.012482321956396106,-0.008516767742072825,0.04041303521386701,0.2013701751414192,96,2592,False," ; fenêtre 1998-2024 ; 96 traitées, 0 jamais traitées sur la fenêtre ; comparaisons sur la fenêtre identifiée (années < 2018, cohorte 2018 recodée contrôle, 7 unités de contrôle)",static,0.0,96.0,0.0,0.0,1998.0,2024.0,,,,,,,,,,,
h3,H3,H3a,log(mariages de femmes / 1 000 f. 25-29),"département, bascule D3 ≥ 50 % ; fenêtre complète",twfe,ATT,0.013054310625566622,0.009968609507647054,-0.006483804985365164,0.03259242623649841,0.19035089542487182,96,2592,True," ; fenêtre 1998-2024 ; 96 traitées, 0 jamais traitées sur la fenêtre ; TWFE sur toutes les années (identification par le calendrier des bascules seulement)",static,0.0,96.0,0.0,0.0,1998.0,2024.0,,,,,,,,,,,
h3,H3,H3a,log(mariages de femmes / 1 000 f. 25-29),"département, bascule D3 ≥ 50 % ; fenêtre identifiée ≤ 2017, cohorte 2018 = contrôle",twfe_poisson,ATT (log du taux contrefactuel),0.03741177898692073,0.010909684101033823,0.0160291910661852,0.05879436690765626,0.0006053039155548188,96,2592,False," ; fenêtre 1998-2024 ; 96 traitées, 0 jamais traitées sur la fenêtre ; comparaisons sur la fenêtre identifiée (années < 2018, cohorte 2018 recodée contrôle, 7 unités de contrôle) ; Poisson à effets fixes, offset = log(women)",static,0.0,96.0,0.0,0.0,1998.0,2024.0,,,,,,,,,,,
h3,H3,H3a,log(mariages de femmes / 1 000 f. 25-29),"département, bascule D3 ≥ 50 % ; fenêtre identifiée ≤ 2017, cohorte 2018 = contrôle",twfe_poisson,ATT en % du taux contrefactuel,3.812040900770719,1.1325565721110114,1.6158347547349905,6.055713285188746,0.0006053039155548188,96,2592,False," ; fenêtre 1998-2024 ; 96 traitées, 0 jamais traitées sur la fenêtre ; comparaisons sur la fenêtre identifiée (années < 2018, cohorte 2018 recodée contrôle, 7 unités de contrôle) ; Poisson à effets fixes, offset = log(women)",static,0.0,96.0,0.0,0.0,1998.0,2024.0,,,,,,,,,,,
h3,H3,H3a,log(mariages de femmes / 1 000 f. 30-34),"département, bascule D3 ≥ 50 %",cs,-8,0.01922800675770269,0.021223903837663607,-0.022370080375459414,0.060826093890864796,0.3649570536301271,96,2592,False," ; contrôle = not_yet_treated ; fenêtre 1998-2024 ; 96 traitées, 0 jamais traitées sur la fenêtre ; ATT(g,t) identifiés jusqu'en 2017 (sans unité jamais traitée, la dernière cohorte sert de contrôle) ; grappes = dep (96)",event,0.0,96.0,0.0,0.0,1998.0,2024.0,1998.0,2017.0,96.0,4.0,reg,5.0,89.0,,,,
h3,H3,H3a,log(mariages de femmes / 1 000 f. 30-34),"département, bascule D3 ≥ 50 %",cs,-7,0.02810798243269801,0.023851133777257075,-0.01863938076117264,0.07485534562656866,0.23860699998911794,96,2592,False," ; contrôle = not_yet_treated ; fenêtre 1998-2024 ; 96 traitées, 0 jamais traitées sur la fenêtre ; ATT(g,t) identifiés jusqu'en 2017 (sans unité jamais traitée, la dernière cohorte sert de contrôle) ; grappes = dep (96)",event,0.0,96.0,0.0,0.0,1998.0,2024.0,1998.0,2017.0,96.0,4.0,reg,5.0,89.0,,,,
h3,H3,H3a,log(mariages de femmes / 1 000 f. 30-34),"département, bascule D3 ≥ 50 %",cs,-6,0.012982806156530032,0.025177667033817294,-0.036364514444493276,0.06233012675755334,0.6061004870653666,96,2592,False," ; contrôle = not_yet_treated ; fenêtre 1998-2024 ; 96 traitées, 0 jamais traitées sur la fenêtre ; ATT(g,t) identifiés jusqu'en 2017 (sans unité jamais traitée, la dernière cohorte sert de contrôle) ; grappes = dep (96)",event,0.0,96.0,0.0,0.0,1998.0,2024.0,1998.0,2017.0,96.0,4.0,reg,5.0,89.0,,,,
h3,H3,H3a,log(mariages de femmes / 1 000 f. 30-34),"département, bascule D3 ≥ 50 %",cs,-5,0.017403453534260184,0.020511221761512932,-0.022797802397219367,0.057604709465739735,0.3961682066387888,96,2592,False," ; contrôle = not_yet_treated ; fenêtre 1998-2024 ; 96 traitées, 0 jamais traitées sur la fenêtre ; ATT(g,t) identifiés jusqu'en 2017 (sans unité jamais traitée, la dernière cohorte sert de contrôle) ; grappes = dep (96)",event,0.0,96.0,0.0,0.0,1998.0,2024.0,1998.0,2017.0,96.0,4.0,reg,5.0,89.0,,,,
h3,H3,H3a,log(mariages de femmes / 1 000 f. 30-34),"département, bascule D3 ≥ 50 %",cs,-4,-0.00038911594699719484,0.01851743247218015,-0.036682616678622784,0.03590438478462839,0.9832348917918181,96,2592,False," ; contrôle = not_yet_treated ; fenêtre 1998-2024 ; 96 traitées, 0 jamais traitées sur la fenêtre ; ATT(g,t) identifiés jusqu'en 2017 (sans unité jamais traitée, la dernière cohorte sert de contrôle) ; grappes = dep (96)",event,0.0,96.0,0.0,0.0,1998.0,2024.0,1998.0,2017.0,96.0,4.0,reg,5.0,89.0,,,,
h3,H3,H3a,log(mariages de femmes / 1 000 f. 30-34),"département, bascule D3 ≥ 50 %",cs,-3,-0.019641301950400293,0.017073743972076345,-0.05310522521692777,0.013822621316127187,0.24998719233000521,96,2592,False," ; contrôle = not_yet_treated ; fenêtre 1998-2024 ; 96 traitées, 0 jamais traitées sur la fenêtre ; ATT(g,t) identifiés jusqu'en 2017 (sans unité jamais traitée, la dernière cohorte sert de contrôle) ; grappes = dep (96)",event,0.0,96.0,0.0,0.0,1998.0,2024.0,1998.0,2017.0,96.0,4.0,reg,5.0,89.0,,,,
h3,H3,H3a,log(mariages de femmes / 1 000 f. 30-34),"département, bascule D3 ≥ 50 %",cs,-2,-0.0102625352008795,0.01698862533758255,-0.04355962900938591,0.023034558607626914,0.5457886397132707,96,2592,False," ; contrôle = not_yet_treated ; fenêtre 1998-2024 ; 96 traitées, 0 jamais traitées sur la fenêtre ; ATT(g,t) identifiés jusqu'en 2017 (sans unité jamais traitée, la dernière cohorte sert de contrôle) ; grappes = dep (96)",event,0.0,96.0,0.0,0.0,1998.0,2024.0,1998.0,2017.0,96.0,4.0,reg,5.0,89.0,,,,
h3,H3,H3a,log(mariages de femmes / 1 000 f. 30-34),"département, bascule D3 ≥ 50 %",cs,0,0.0005193243519338656,0.019358740066607157,-0.03742310896468869,0.03846175766855642,0.9785982358848124,96,2592,False," ; contrôle = not_yet_treated ; fenêtre 1998-2024 ; 96 traitées, 0 jamais traitées sur la fenêtre ; ATT(g,t) identifiés jusqu'en 2017 (sans unité jamais traitée, la dernière cohorte sert de contrôle) ; grappes = dep (96)",event,0.0,96.0,0.0,0.0,1998.0,2024.0,1998.0,2017.0,96.0,4.0,reg,5.0,89.0,,,,
h3,H3,H3a,log(mariages de femmes / 1 000 f. 30-34),"département, bascule D3 ≥ 50 %",cs,1,0.04933767755206536,0.021696069049160487,0.006814163609616633,0.09186119149451409,0.02296372380825392,96,2592,False," ; contrôle = not_yet_treated ; fenêtre 1998-2024 ; 96 traitées, 0 jamais traitées sur la fenêtre ; ATT(g,t) identifiés jusqu'en 2017 (sans unité jamais traitée, la dernière cohorte sert de contrôle) ; grappes = dep (96)",event,0.0,96.0,0.0,0.0,1998.0,2024.0,1998.0,2017.0,96.0,4.0,reg,4.0,74.0,,,,
h3,H3,H3a,log(mariages de femmes / 1 000 f. 30-34),"département, bascule D3 ≥ 50 %",cs,2,0.0877419493571486,0.023607600778660972,0.04147190206957336,0.13401199664472385,0.00020185609571357141,96,2592,False," ; contrôle = not_yet_treated ; fenêtre 1998-2024 ; 96 traitées, 0 jamais traitées sur la fenêtre ; ATT(g,t) identifiés jusqu'en 2017 (sans unité jamais traitée, la dernière cohorte sert de contrôle) ; grappes = dep (96)",event,0.0,96.0,0.0,0.0,1998.0,2024.0,1998.0,2017.0,96.0,4.0,reg,3.0,51.0,,,,
h3,H3,H3a,log(mariages de femmes / 1 000 f. 30-34),"département, bascule D3 ≥ 50 %",cs,3,0.10623031382958556,0.056542410816425345,-0.004590774969676109,0.21705140262884723,0.060275594186622386,96,2592,False," ; contrôle = not_yet_treated ; fenêtre 1998-2024 ; 96 traitées, 0 jamais traitées sur la fenêtre ; ATT(g,t) identifiés jusqu'en 2017 (sans unité jamais traitée, la dernière cohorte sert de contrôle) ; grappes = dep (96)",event,0.0,96.0,0.0,0.0,1998.0,2024.0,1998.0,2017.0,96.0,4.0,reg,2.0,35.0,,,,
h3,H3,H3a,log(mariages de femmes / 1 000 f. 30-34),"département, bascule D3 ≥ 50 %",cs,4,0.0966030185076602,0.05213198908843706,-0.005573802548111517,0.19877983956343193,0.0638756429267439,96,2592,False," ; contrôle = not_yet_treated ; fenêtre 1998-2024 ; 96 traitées, 0 jamais traitées sur la fenêtre ; ATT(g,t) identifiés jusqu'en 2017 (sans unité jamais traitée, la dernière cohorte sert de contrôle) ; grappes = dep (96)",event,0.0,96.0,0.0,0.0,1998.0,2024.0,1998.0,2017.0,96.0,4.0,reg,1.0,2.0,,,,
h3,H3,H3a,log(mariages de femmes / 1 000 f. 30-34),"département, bascule D3 ≥ 50 %",cs,"ATT[1,4]",0.08497823981161493,0.029971216725171015,0.026235734457435232,0.1437207451657946,0.004577861126234586,96,2592,False," ; contrôle = not_yet_treated ; fenêtre 1998-2024 ; 96 traitées, 0 jamais traitées sur la fenêtre ; ATT(g,t) identifiés jusqu'en 2017 (sans unité jamais traitée, la dernière cohorte sert de contrôle) ; grappes = dep (96) ; écart-type avec covariance complète des coefficients (fonctions d'influence)",post_avg,0.0,96.0,0.0,0.0,1998.0,2024.0,1998.0,2017.0,96.0,4.0,reg,,,,,4.0,
h3,H3,H3a,log(mariages de femmes / 1 000 f. 30-34),"département, bascule D3 ≥ 50 %",cs,ATT,0.0481406949977703,0.021109051822293407,0.006767713678285624,0.08951367631725499,0.022573834948291044,96,2592,False," ; contrôle = not_yet_treated ; fenêtre 1998-2024 ; 96 traitées, 0 jamais traitées sur la fenêtre ; ATT(g,t) identifiés jusqu'en 2017 (sans unité jamais traitée, la dernière cohorte sert de contrôle) ; grappes = dep (96) ; moyenne de tous les ATT(g,t) post",simple,0.0,96.0,0.0,0.0,1998.0,2024.0,1998.0,2017.0,96.0,4.0,reg,,,,,,
h3,H3,H3a,log(mariages de femmes / 1 000 f. 30-34),"département, bascule D3 ≥ 50 %",cs,Wald pré (-8..-2),15.071204230706009,,,,0.0350974259120406,96,2592,False,"H5c : test de Wald joint de nullité des coefficients pré avec covariance des fonctions d'influence, df = 7 ; fenêtre 1998-2024 ; 96 traitées, 0 jamais traitées sur la fenêtre",pre_test,0.0,96.0,0.0,0.0,1998.0,2024.0,1998.0,2017.0,96.0,4.0,reg,,,,,,7.0
h3,H3,H3a,log(mariages de femmes / 1 000 f. 30-34),"département, bascule D3 ≥ 50 % ; fenêtre identifiée ≤ 2017, cohorte 2018 = contrôle",twfe,-8,0.048229566242257355,0.026316453252744273,-0.003349734333953379,0.0998088668184681,0.0668505764372482,96,2592,False," ; fenêtre 1998-2024 ; 96 traitées, 0 jamais traitées sur la fenêtre ; comparaisons sur la fenêtre identifiée (années < 2018, cohorte 2018 recodée contrôle, 7 unités de contrôle) ; cellules −8 et +8 bornées",event,0.0,96.0,0.0,0.0,1998.0,2024.0,,,,,,,,,,,
h3,H3,H3a,log(mariages de femmes / 1 000 f. 30-34),"département, bascule D3 ≥ 50 % ; fenêtre identifiée ≤ 2017, cohorte 2018 = contrôle",twfe,-7,0.044280621544721885,0.02397672601217607,-0.0027128979063278866,0.09127414099577166,0.06477368931298282,96,2592,False," ; fenêtre 1998-2024 ; 96 traitées, 0 jamais traitées sur la fenêtre ; comparaisons sur la fenêtre identifiée (années < 2018, cohorte 2018 recodée contrôle, 7 unités de contrôle) ; cellules −8 et +8 bornées",event,0.0,96.0,0.0,0.0,1998.0,2024.0,,,,,,,,,,,
h3,H3,H3a,log(mariages de femmes / 1 000 f. 30-34),"département, bascule D3 ≥ 50 % ; fenêtre identifiée ≤ 2017, cohorte 2018 = contrôle",twfe,-6,0.05352515369928567,0.022037491654506212,0.010332463746851483,0.09671784365171986,0.015147949921602575,96,2592,False," ; fenêtre 1998-2024 ; 96 traitées, 0 jamais traitées sur la fenêtre ; comparaisons sur la fenêtre identifiée (années < 2018, cohorte 2018 recodée contrôle, 7 unités de contrôle) ; cellules −8 et +8 bornées",event,0.0,96.0,0.0,0.0,1998.0,2024.0,,,,,,,,,,,
h3,H3,H3a,log(mariages de femmes / 1 000 f. 30-34),"département, bascule D3 ≥ 50 % ; fenêtre identifiée ≤ 2017, cohorte 2018 = contrôle",twfe,-5,0.05752654468369817,0.01928127057066059,0.019735948789031357,0.09531714057836499,0.002849298303592198,96,2592,False," ; fenêtre 1998-2024 ; 96 traitées, 0 jamais traitées sur la fenêtre ; comparaisons sur la fenêtre identifiée (années < 2018, cohorte 2018 recodée contrôle, 7 unités de contrôle) ; cellules −8 et +8 bornées",event,0.0,96.0,0.0,0.0,1998.0,2024.0,,,,,,,,,,,
h3,H3,H3a,log(mariages de femmes / 1 000 f. 30-34),"département, bascule D3 ≥ 50 % ; fenêtre identifiée ≤ 2017, cohorte 2018 = contrôle",twfe,-4,0.045817833106191225,0.015865094160666615,0.01472281993994794,0.07691284627243451,0.0038774329078256806,96,2592,False," ; fenêtre 1998-2024 ; 96 traitées, 0 jamais traitées sur la fenêtre ; comparaisons sur la fenêtre identifiée (années < 2018, cohorte 2018 recodée contrôle, 7 unités de contrôle) ; cellules −8 et +8 bornées",event,0.0,96.0,0.0,0.0,1998.0,2024.0,,,,,,,,,,,
h3,H3,H3a,log(mariages de femmes / 1 000 f. 30-34),"département, bascule D3 ≥ 50 % ; fenêtre identifiée ≤ 2017, cohorte 2018 = contrôle",twfe,-3,0.02521290811164456,0.013416691671106814,-0.0010833243554033076,0.05150914057869243,0.06021453320719892,96,2592,False," ; fenêtre 1998-2024 ; 96 traitées, 0 jamais traitées sur la fenêtre ; comparaisons sur la fenêtre identifiée (années < 2018, cohorte 2018 recodée contrôle, 7 unités de contrôle) ; cellules −8 et +8 bornées",event,0.0,96.0,0.0,0.0,1998.0,2024.0,,,,,,,,,,,
h3,H3,H3a,log(mariages de femmes / 1 000 f. 30-34),"département, bascule D3 ≥ 50 % ; fenêtre identifiée ≤ 2017, cohorte 2018 = contrôle",twfe,-2,0.020056261795508686,0.01081270028659097,-0.0011362413418355352,0.041248764932852906,0.06361336079052733,96,2592,False," ; fenêtre 1998-2024 ; 96 traitées, 0 jamais traitées sur la fenêtre ; comparaisons sur la fenêtre identifiée (années < 2018, cohorte 2018 recodée contrôle, 7 unités de contrôle) ; cellules −8 et +8 bornées",event,0.0,96.0,0.0,0.0,1998.0,2024.0,,,,,,,,,,,
h3,H3,H3a,log(mariages de femmes / 1 000 f. 30-34),"département, bascule D3 ≥ 50 % ; fenêtre identifiée ≤ 2017, cohorte 2018 = contrôle",twfe,0,-0.006499969964200127,0.011585537119837406,-0.02920720546063335,0.016207265532233096,0.5747690794584639,96,2592,False," ; fenêtre 1998-2024 ; 96 traitées, 0 jamais traitées sur la fenêtre ; comparaisons sur la fenêtre identifiée (années < 2018, cohorte 2018 recodée contrôle, 7 unités de contrôle) ; cellules −8 et +8 bornées",event,0.0,96.0,0.0,0.0,1998.0,2024.0,,,,,,,,,,,
h3,H3,H3a,log(mariages de femmes / 1 000 f. 30-34),"département, bascule D3 ≥ 50 % ; fenêtre identifiée ≤ 2017, cohorte 2018 = contrôle",twfe,1,-0.0016631693123207595,0.01600154336738243,-0.0330256180094461,0.029699279384804586,0.9172185062413369,96,2592,False," ; fenêtre 1998-2024 ; 96 traitées, 0 jamais traitées sur la fenêtre ; comparaisons sur la fenêtre identifiée (années < 2018, cohorte 2018 recodée contrôle, 7 unités de contrôle) ; cellules −8 et +8 bornées",event,0.0,96.0,0.0,0.0,1998.0,2024.0,,,,,,,,,,,
h3,H3,H3a,log(mariages de femmes / 1 000 f. 30-34),"département, bascule D3 ≥ 50 % ; fenêtre identifiée ≤ 2017, cohorte 2018 = contrôle",twfe,2,0.0006258929800841762,0.02077903604737208,-0.040100269306224616,0.04135205526639297,0.9759702596989229,96,2592,False," ; fenêtre 1998-2024 ; 96 traitées, 0 jamais traitées sur la fenêtre ; comparaisons sur la fenêtre identifiée (années < 2018, cohorte 2018 recodée contrôle, 7 unités de contrôle) ; cellules −8 et +8 bornées",event,0.0,96.0,0.0,0.0,1998.0,2024.0,,,,,,,,,,,
h3,H3,H3a,log(mariages de femmes / 1 000 f. 30-34),"département, bascule D3 ≥ 50 % ; fenêtre identifiée ≤ 2017, cohorte 2018 = contrôle",twfe,3,-0.030841788980944022,0.026573896496491806,-0.08292566904296308,0.02124209108107504,0.24580269612097916,96,2592,False," ; fenêtre 1998-2024 ; 96 traitées, 0 jamais traitées sur la fenêtre ; comparaisons sur la fenêtre identifiée (années < 2018, cohorte 2018 recodée contrôle, 7 unités de contrôle) ; cellules −8 et +8 bornées",event,0.0,96.0,0.0,0.0,1998.0,2024.0,,,,,,,,,,,
h3,H3,H3a,log(mariages de femmes / 1 000 f. 30-34),"département, bascule D3 ≥ 50 % ; fenêtre identifiée ≤ 2017, cohorte 2018 = contrôle",twfe,4,-0.0014913239050270179,0.03667421177195311,-0.07337145813945,0.07038881032939596,0.9675636800002929,96,2592,False," ; fenêtre 1998-2024 ; 96 traitées, 0 jamais traitées sur la fenêtre ; comparaisons sur la fenêtre identifiée (années < 2018, cohorte 2018 recodée contrôle, 7 unités de contrôle) ; cellules −8 et +8 bornées",event,0.0,96.0,0.0,0.0,1998.0,2024.0,,,,,,,,,,,
h3,H3,H3a,log(mariages de femmes / 1 000 f. 30-34),"département, bascule D3 ≥ 50 % ; fenêtre identifiée ≤ 2017, cohorte 2018 = contrôle",twfe,"ATT[1,4]",-0.008342597304551905,0.02180202556463805,-0.05107378220126402,0.03438858759216021,0.7019775157539119,96,2592,False," ; fenêtre 1998-2024 ; 96 traitées, 0 jamais traitées sur la fenêtre ; comparaisons sur la fenêtre identifiée (années < 2018, cohorte 2018 recodée contrôle, 7 unités de contrôle) ; écart-type avec covariance complète (w'Vw)",post_avg,0.0,96.0,0.0,0.0,1998.0,2024.0,,,,,,,,,,,
h3,H3,H3a,log(mariages de femmes / 1 000 f. 30-34),"département, bascule D3 ≥ 50 % ; fenêtre identifiée ≤ 2017, cohorte 2018 = contrôle",twfe,Wald pré (-8..−2),14.75631632320747,,,,0.03925307436756045,96,2592,False,"test de Wald joint, covariance groupée, df = 7 ; fenêtre 1998-2024 ; 96 traitées, 0 jamais traitées sur la fenêtre",pre_test,0.0,96.0,0.0,0.0,1998.0,2024.0,,,,,,,,,,,7.0
h3,H3,H3a,log(mariages de femmes / 1 000 f. 30-34),"département, bascule D3 ≥ 50 % ; fenêtre identifiée ≤ 2017, cohorte 2018 = contrôle",twfe,ATT,-0.018344269790554014,0.012560741655138388,-0.04296287105373728,0.006274331472629253,0.1441678688260933,96,2592,False," ; fenêtre 1998-2024 ; 96 traitées, 0 jamais traitées sur la fenêtre ; comparaisons sur la fenêtre identifiée (années < 2018, cohorte 2018 recodée contrôle, 7 unités de contrôle)",static,0.0,96.0,0.0,0.0,1998.0,2024.0,,,,,,,,,,,
h3,H3,H3a,log(mariages de femmes / 1 000 f. 30-34),"département, bascule D3 ≥ 50 % ; fenêtre complète",twfe,ATT,-0.007164425163242965,0.010527088140109397,-0.02779713877993612,0.013468288453450194,0.49614332708659326,96,2592,True," ; fenêtre 1998-2024 ; 96 traitées, 0 jamais traitées sur la fenêtre ; TWFE sur toutes les années (identification par le calendrier des bascules seulement)",static,0.0,96.0,0.0,0.0,1998.0,2024.0,,,,,,,,,,,
h3,H3,H3a,log(mariages de femmes / 1 000 f. 30-34),"département, bascule D3 ≥ 50 % ; fenêtre identifiée ≤ 2017, cohorte 2018 = contrôle",twfe_poisson,ATT (log du taux contrefactuel),-0.014764660643140188,0.015092512090707893,-0.04434544077716297,0.014816119490882596,0.3279372376056644,96,2592,False," ; fenêtre 1998-2024 ; 96 traitées, 0 jamais traitées sur la fenêtre ; comparaisons sur la fenêtre identifiée (années < 2018, cohorte 2018 recodée contrôle, 7 unités de contrôle) ; Poisson à effets fixes, offset = log(women)",static,0.0,96.0,0.0,0.0,1998.0,2024.0,,,,,,,,,,,
h3,H3,H3a,log(mariages de femmes / 1 000 f. 30-34),"département, bascule D3 ≥ 50 % ; fenêtre identifiée ≤ 2017, cohorte 2018 = contrôle",twfe_poisson,ATT en % du taux contrefactuel,-1.4656197504474333,1.4871313252667813,-4.337655657917672,1.492642250586873,0.3279372376056644,96,2592,False," ; fenêtre 1998-2024 ; 96 traitées, 0 jamais traitées sur la fenêtre ; comparaisons sur la fenêtre identifiée (années < 2018, cohorte 2018 recodée contrôle, 7 unités de contrôle) ; Poisson à effets fixes, offset = log(women)",static,0.0,96.0,0.0,0.0,1998.0,2024.0,,,,,,,,,,,
h3,H3,H3a,log(mariages de femmes / 1 000 f. 35-39),"département, bascule D3 ≥ 50 %",cs,-8,0.01829040158253479,0.019190020971968293,-0.019321348385091384,0.05590215155016096,0.3405290416559169,96,2592,False," ; contrôle = not_yet_treated ; fenêtre 1998-2024 ; 96 traitées, 0 jamais traitées sur la fenêtre ; ATT(g,t) identifiés jusqu'en 2017 (sans unité jamais traitée, la dernière cohorte sert de contrôle) ; grappes = dep (96)",event,0.0,96.0,0.0,0.0,1998.0,2024.0,1998.0,2017.0,96.0,4.0,reg,5.0,89.0,,,,
h3,H3,H3a,log(mariages de femmes / 1 000 f. 35-39),"département, bascule D3 ≥ 50 %",cs,-7,0.012362709068727523,0.019010738874628993,-0.024897654445040822,0.04962307258249587,0.5154975881560971,96,2592,False," ; contrôle = not_yet_treated ; fenêtre 1998-2024 ; 96 traitées, 0 jamais traitées sur la fenêtre ; ATT(g,t) identifiés jusqu'en 2017 (sans unité jamais traitée, la dernière cohorte sert de contrôle) ; grappes = dep (96)",event,0.0,96.0,0.0,0.0,1998.0,2024.0,1998.0,2017.0,96.0,4.0,reg,5.0,89.0,,,,
h3,H3,H3a,log(mariages de femmes / 1 000 f. 35-39),"département, bascule D3 ≥ 50 %",cs,-6,0.004423754106660332,0.020755186050725925,-0.036255663045190595,0.045103171258511265,0.8312180006963309,96,2592,False," ; contrôle = not_yet_treated ; fenêtre 1998-2024 ; 96 traitées, 0 jamais traitées sur la fenêtre ; ATT(g,t) identifiés jusqu'en 2017 (sans unité jamais traitée, la dernière cohorte sert de contrôle) ; grappes = dep (96)",event,0.0,96.0,0.0,0.0,1998.0,2024.0,1998.0,2017.0,96.0,4.0,reg,5.0,89.0,,,,
h3,H3,H3a,log(mariages de femmes / 1 000 f. 35-39),"département, bascule D3 ≥ 50 %",cs,-5,0.00019544593875038888,0.02049686202697273,-0.03997766543020281,0.040368557307703584,0.9923919606004671,96,2592,False," ; contrôle = not_yet_treated ; fenêtre 1998-2024 ; 96 traitées, 0 jamais traitées sur la fenêtre ; ATT(g,t) identifiés jusqu'en 2017 (sans unité jamais traitée, la dernière cohorte sert de contrôle) ; grappes = dep (96)",event,0.0,96.0,0.0,0.0,1998.0,2024.0,1998.0,2017.0,96.0,4.0,reg,5.0,89.0,,,,
h3,H3,H3a,log(mariages de femmes / 1 000 f. 35-39),"département, bascule D3 ≥ 50 %",cs,-4,0.006555639534160464,0.019372336530916728,-0.031413442362825936,0.04452472143114686,0.7350601851952866,96,2592,False," ; contrôle = not_yet_treated ; fenêtre 1998-2024 ; 96 traitées, 0 jamais traitées sur la fenêtre ; ATT(g,t) identifiés jusqu'en 2017 (sans unité jamais traitée, la dernière cohorte sert de contrôle) ; grappes = dep (96)",event,0.0,96.0,0.0,0.0,1998.0,2024.0,1998.0,2017.0,96.0,4.0,reg,5.0,89.0,,,,
h3,H3,H3a,log(mariages de femmes / 1 000 f. 35-39),"département, bascule D3 ≥ 50 %",cs,-3,0.0022024910930451887,0.0203238095427607,-0.03763144363941724,0.04203642582550762,0.9137022032315764,96,2592,False," ; contrôle = not_yet_treated ; fenêtre 1998-2024 ; 96 traitées, 0 jamais traitées sur la fenêtre ; ATT(g,t) identifiés jusqu'en 2017 (sans unité jamais traitée, la dernière cohorte sert de contrôle) ; grappes = dep (96)",event,0.0,96.0,0.0,0.0,1998.0,2024.0,1998.0,2017.0,96.0,4.0,reg,5.0,89.0,,,,
h3,H3,H3a,log(mariages de femmes / 1 000 f. 35-39),"département, bascule D3 ≥ 50 %",cs,-2,-0.0002590083963908297,0.019122894054066863,-0.037739192022537026,0.03722117522975537,0.9891934514955965,96,2592,False," ; contrôle = not_yet_treated ; fenêtre 1998-2024 ; 96 traitées, 0 jamais traitées sur la fenêtre ; ATT(g,t) identifiés jusqu'en 2017 (sans unité jamais traitée, la dernière cohorte sert de contrôle) ; grappes = dep (96)",event,0.0,96.0,0.0,0.0,1998.0,2024.0,1998.0,2017.0,96.0,4.0,reg,5.0,89.0,,,,
h3,H3,H3a,log(mariages de femmes / 1 000 f. 35-39),"département, bascule D3 ≥ 50 %",cs,0,-0.02497422043231108,0.016268396718479735,-0.056859692086740965,0.006911251222118803,0.12475013867730962,96,2592,False," ; contrôle = not_yet_treated ; fenêtre 1998-2024 ; 96 traitées, 0 jamais traitées sur la fenêtre ; ATT(g,t) identifiés jusqu'en 2017 (sans unité jamais traitée, la dernière cohorte sert de contrôle) ; grappes = dep (96)",event,0.0,96.0,0.0,0.0,1998.0,2024.0,1998.0,2017.0,96.0,4.0,reg,5.0,89.0,,,,
h3,H3,H3a,log(mariages de femmes / 1 000 f. 35-39),"département, bascule D3 ≥ 50 %",cs,1,-0.037279367366046964,0.01893255090002765,-0.07438648526557254,-0.00017224946652139028,0.04894596683030353,96,2592,False," ; contrôle = not_yet_treated ; fenêtre 1998-2024 ; 96 traitées, 0 jamais traitées sur la fenêtre ; ATT(g,t) identifiés jusqu'en 2017 (sans unité jamais traitée, la dernière cohorte sert de contrôle) ; grappes = dep (96)",event,0.0,96.0,0.0,0.0,1998.0,2024.0,1998.0,2017.0,96.0,4.0,reg,4.0,74.0,,,,
h3,H3,H3a,log(mariages de femmes / 1 000 f. 35-39),"département, bascule D3 ≥ 50 %",cs,2,-0.021234570327917614,0.022924222621976974,-0.06616522104057085,0.023696080384735623,0.3542932027976001,96,2592,False," ; contrôle = not_yet_treated ; fenêtre 1998-2024 ; 96 traitées, 0 jamais traitées sur la fenêtre ; ATT(g,t) identifiés jusqu'en 2017 (sans unité jamais traitée, la dernière cohorte sert de contrôle) ; grappes = dep (96)",event,0.0,96.0,0.0,0.0,1998.0,2024.0,1998.0,2017.0,96.0,4.0,reg,3.0,51.0,,,,
h3,H3,H3a,log(mariages de femmes / 1 000 f. 35-39),"département, bascule D3 ≥ 50 %",cs,3,-0.057829362067910485,0.05734821794291483,-0.17022980381357725,0.05457107967775628,0.3132673338525447,96,2592,False," ; contrôle = not_yet_treated ; fenêtre 1998-2024 ; 96 traitées, 0 jamais traitées sur la fenêtre ; ATT(g,t) identifiés jusqu'en 2017 (sans unité jamais traitée, la dernière cohorte sert de contrôle) ; grappes = dep (96)",event,0.0,96.0,0.0,0.0,1998.0,2024.0,1998.0,2017.0,96.0,4.0,reg,2.0,35.0,,,,
h3,H3,H3a,log(mariages de femmes / 1 000 f. 35-39),"département, bascule D3 ≥ 50 %",cs,4,-0.06601411777243046,0.04223133019567665,-0.14878600397517558,0.01675776843031465,0.11801612595847535,96,2592,False," ; contrôle = not_yet_treated ; fenêtre 1998-2024 ; 96 traitées, 0 jamais traitées sur la fenêtre ; ATT(g,t) identifiés jusqu'en 2017 (sans unité jamais traitée, la dernière cohorte sert de contrôle) ; grappes = dep (96)",event,0.0,96.0,0.0,0.0,1998.0,2024.0,1998.0,2017.0,96.0,4.0,reg,1.0,2.0,,,,
h3,H3,H3a,log(mariages de femmes / 1 000 f. 35-39),"département, bascule D3 ≥ 50 %",cs,"ATT[1,4]",-0.045589354383576385,0.023205145159147646,-0.09107060315152976,-0.00010810561562301507,0.04945792542160521,96,2592,False," ; contrôle = not_yet_treated ; fenêtre 1998-2024 ; 96 traitées, 0 jamais traitées sur la fenêtre ; ATT(g,t) identifiés jusqu'en 2017 (sans unité jamais traitée, la dernière cohorte sert de contrôle) ; grappes = dep (96) ; écart-type avec covariance complète des coefficients (fonctions d'influence)",post_avg,0.0,96.0,0.0,0.0,1998.0,2024.0,1998.0,2017.0,96.0,4.0,reg,,,,,4.0,
h3,H3,H3a,log(mariages de femmes / 1 000 f. 35-39),"département, bascule D3 ≥ 50 %",cs,ATT,-0.032750588837484815,0.01691886352711566,-0.06591095200997982,0.0004097743350101879,0.05289906060682889,96,2592,False," ; contrôle = not_yet_treated ; fenêtre 1998-2024 ; 96 traitées, 0 jamais traitées sur la fenêtre ; ATT(g,t) identifiés jusqu'en 2017 (sans unité jamais traitée, la dernière cohorte sert de contrôle) ; grappes = dep (96) ; moyenne de tous les ATT(g,t) post",simple,0.0,96.0,0.0,0.0,1998.0,2024.0,1998.0,2017.0,96.0,4.0,reg,,,,,,
h3,H3,H3a,log(mariages de femmes / 1 000 f. 35-39),"département, bascule D3 ≥ 50 %",cs,Wald pré (-8..-2),1.6140722018981803,,,,0.9780957593211734,96,2592,False,"H5c : test de Wald joint de nullité des coefficients pré avec covariance des fonctions d'influence, df = 7 ; fenêtre 1998-2024 ; 96 traitées, 0 jamais traitées sur la fenêtre",pre_test,0.0,96.0,0.0,0.0,1998.0,2024.0,1998.0,2017.0,96.0,4.0,reg,,,,,,7.0
h3,H3,H3a,log(mariages de femmes / 1 000 f. 35-39),"département, bascule D3 ≥ 50 % ; fenêtre identifiée ≤ 2017, cohorte 2018 = contrôle",twfe,-8,0.10112912246556191,0.029462271851419204,0.04338413073405205,0.15887411419707176,0.0005980532887945953,96,2592,False," ; fenêtre 1998-2024 ; 96 traitées, 0 jamais traitées sur la fenêtre ; comparaisons sur la fenêtre identifiée (années < 2018, cohorte 2018 recodée contrôle, 7 unités de contrôle) ; cellules −8 et +8 bornées",event,0.0,96.0,0.0,0.0,1998.0,2024.0,,,,,,,,,,,
h3,H3,H3a,log(mariages de femmes / 1 000 f. 35-39),"département, bascule D3 ≥ 50 % ; fenêtre identifiée ≤ 2017, cohorte 2018 = contrôle",twfe,-7,0.07407596420985986,0.026797003805817267,0.021554801856875257,0.12659712656284447,0.005703849825538062,96,2592,False," ; fenêtre 1998-2024 ; 96 traitées, 0 jamais traitées sur la fenêtre ; comparaisons sur la fenêtre identifiée (années < 2018, cohorte 2018 recodée contrôle, 7 unités de contrôle) ; cellules −8 et +8 bornées",event,0.0,96.0,0.0,0.0,1998.0,2024.0,,,,,,,,,,,
h3,H3,H3a,log(mariages de femmes / 1 000 f. 35-39),"département, bascule D3 ≥ 50 % ; fenêtre identifiée ≤ 2017, cohorte 2018 = contrôle",twfe,-6,0.059247083475752166,0.02534351527744615,0.009574706290317078,0.10891946066118725,0.019399645991210995,96,2592,False," ; fenêtre 1998-2024 ; 96 traitées, 0 jamais traitées sur la fenêtre ; comparaisons sur la fenêtre identifiée (années < 2018, cohorte 2018 recodée contrôle, 7 unités de contrôle) ; cellules −8 et +8 bornées",event,0.0,96.0,0.0,0.0,1998.0,2024.0,,,,,,,,,,,
h3,H3,H3a,log(mariages de femmes / 1 000 f. 35-39),"département, bascule D3 ≥ 50 % ; fenêtre identifiée ≤ 2017, cohorte 2018 = contrôle",twfe,-5,0.05494474958206241,0.023278833283828716,0.00931907474364585,0.10057042442047898,0.01826075496010753,96,2592,False," ; fenêtre 1998-2024 ; 96 traitées, 0 jamais traitées sur la fenêtre ; comparaisons sur la fenêtre identifiée (années < 2018, cohorte 2018 recodée contrôle, 7 unités de contrôle) ; cellules −8 et +8 bornées",event,0.0,96.0,0.0,0.0,1998.0,2024.0,,,,,,,,,,,
h3,H3,H3a,log(mariages de femmes / 1 000 f. 35-39),"département, bascule D3 ≥ 50 % ; fenêtre identifiée ≤ 2017, cohorte 2018 = contrôle",twfe,-4,0.04889875896189558,0.020151634273601404,0.009402281556013851,0.0883952363677773,0.015243544120486499,96,2592,False," ; fenêtre 1998-2024 ; 96 traitées, 0 jamais traitées sur la fenêtre ; comparaisons sur la fenêtre identifiée (années < 2018, cohorte 2018 recodée contrôle, 7 unités de contrôle) ; cellules −8 et +8 bornées",event,0.0,96.0,0.0,0.0,1998.0,2024.0,,,,,,,,,,,
h3,H3,H3a,log(mariages de femmes / 1 000 f. 35-39),"département, bascule D3 ≥ 50 % ; fenêtre identifiée ≤ 2017, cohorte 2018 = contrôle",twfe,-3,0.03188768911159752,0.017707333829028952,-0.0028180474555269536,0.06659342567872199,0.07173153858872552,96,2592,False," ; fenêtre 1998-2024 ; 96 traitées, 0 jamais traitées sur la fenêtre ; comparaisons sur la fenêtre identifiée (années < 2018, cohorte 2018 recodée contrôle, 7 unités de contrôle) ; cellules −8 et +8 bornées",event,0.0,96.0,0.0,0.0,1998.0,2024.0,,,,,,,,,,,
h3,H3,H3a,log(mariages de femmes / 1 000 f. 35-39),"département, bascule D3 ≥ 50 % ; fenêtre identifiée ≤ 2017, cohorte 2018 = contrôle",twfe,-2,0.01274220687161633,0.015235485851891745,-0.017118796685061034,0.042603210428293695,0.40295772666704055,96,2592,False," ; fenêtre 1998-2024 ; 96 traitées, 0 jamais traitées sur la fenêtre ; comparaisons sur la fenêtre identifiée (années < 2018, cohorte 2018 recodée contrôle, 7 unités de contrôle) ; cellules −8 et +8 bornées",event,0.0,96.0,0.0,0.0,1998.0,2024.0,,,,,,,,,,,
h3,H3,H3a,log(mariages de femmes / 1 000 f. 35-39),"département, bascule D3 ≥ 50 % ; fenêtre identifiée ≤ 2017, cohorte 2018 = contrôle",twfe,0,-0.03372539653860373,0.013495014072679567,-0.06017513809191688,-0.007275654985290581,0.012450899224050507,96,2592,False," ; fenêtre 1998-2024 ; 96 traitées, 0 jamais traitées sur la fenêtre ; comparaisons sur la fenêtre identifiée (années < 2018, cohorte 2018 recodée contrôle, 7 unités de contrôle) ; cellules −8 et +8 bornées",event,0.0,96.0,0.0,0.0,1998.0,2024.0,,,,,,,,,,,
h3,H3,H3a,log(mariages de femmes / 1 000 f. 35-39),"département, bascule D3 ≥ 50 % ; fenêtre identifiée ≤ 2017, cohorte 2018 = contrôle",twfe,1,-0.05011725717993407,0.017357489047992773,-0.08413731057604834,-0.016097203783819805,0.0038849389011292894,96,2592,False," ; fenêtre 1998-2024 ; 96 traitées, 0 jamais traitées sur la fenêtre ; comparaisons sur la fenêtre identifiée (années < 2018, cohorte 2018 recodée contrôle, 7 unités de contrôle) ; cellules −8 et +8 bornées",event,0.0,96.0,0.0,0.0,1998.0,2024.0,,,,,,,,,,,
h3,H3,H3a,log(mariages de femmes / 1 000 f. 35-39),"département, bascule D3 ≥ 50 % ; fenêtre identifiée ≤ 2017, cohorte 2018 = contrôle",twfe,2,-0.06648596495579263,0.023601955774945817,-0.11274494823939357,-0.02022698167219169,0.004847928652750719,96,2592,False," ; fenêtre 1998-2024 ; 96 traitées, 0 jamais traitées sur la fenêtre ; comparaisons sur la fenêtre identifiée (années < 2018, cohorte 2018 recodée contrôle, 7 unités de contrôle) ; cellules −8 et +8 bornées",event,0.0,96.0,0.0,0.0,1998.0,2024.0,,,,,,,,,,,
h3,H3,H3a,log(mariages de femmes / 1 000 f. 35-39),"département, bascule D3 ≥ 50 % ; fenêtre identifiée ≤ 2017, cohorte 2018 = contrôle",twfe,3,-0.1353352757365776,0.031243462504116068,-0.1965713369969727,-0.0740992144761825,1.4800615365342808e-05,96,2592,False," ; fenêtre 1998-2024 ; 96 traitées, 0 jamais traitées sur la fenêtre ; comparaisons sur la fenêtre identifiée (années < 2018, cohorte 2018 recodée contrôle, 7 unités de contrôle) ; cellules −8 et +8 bornées",event,0.0,96.0,0.0,0.0,1998.0,2024.0,,,,,,,,,,,
h3,H3,H3a,log(mariages de femmes / 1 000 f. 35-39),"département, bascule D3 ≥ 50 % ; fenêtre identifiée ≤ 2017, cohorte 2018 = contrôle",twfe,4,-0.15214312655219553,0.027762504325281673,-0.20655663515038508,-0.09772961795400598,4.249274606342152e-08,96,2592,False," ; fenêtre 1998-2024 ; 96 traitées, 0 jamais traitées sur la fenêtre ; comparaisons sur la fenêtre identifiée (années < 2018, cohorte 2018 recodée contrôle, 7 unités de contrôle) ; cellules −8 et +8 bornées",event,0.0,96.0,0.0,0.0,1998.0,2024.0,,,,,,,,,,,
h3,H3,H3a,log(mariages de femmes / 1 000 f. 35-39),"département, bascule D3 ≥ 50 % ; fenêtre identifiée ≤ 2017, cohorte 2018 = contrôle",twfe,"ATT[1,4]",-0.10102040610612496,0.022911444445255433,-0.1459260120526159,-0.056114800159634035,1.037685384651892e-05,96,2592,False," ; fenêtre 1998-2024 ; 96 traitées, 0 jamais traitées sur la fenêtre ; comparaisons sur la fenêtre identifiée (années < 2018, cohorte 2018 recodée contrôle, 7 unités de contrôle) ; écart-type avec covariance complète (w'Vw)",post_avg,0.0,96.0,0.0,0.0,1998.0,2024.0,,,,,,,,,,,
h3,H3,H3a,log(mariages de femmes / 1 000 f. 35-39),"département, bascule D3 ≥ 50 % ; fenêtre identifiée ≤ 2017, cohorte 2018 = contrôle",twfe,Wald pré (-8..−2),14.52069995528108,,,,0.042658346364421125,96,2592,False,"test de Wald joint, covariance groupée, df = 7 ; fenêtre 1998-2024 ; 96 traitées, 0 jamais traitées sur la fenêtre",pre_test,0.0,96.0,0.0,0.0,1998.0,2024.0,,,,,,,,,,,7.0
h3,H3,H3a,log(mariages de femmes / 1 000 f. 35-39),"département, bascule D3 ≥ 50 % ; fenêtre identifiée ≤ 2017, cohorte 2018 = contrôle",twfe,ATT,-0.05883336294137729,0.015212225316025526,-0.08864877668549576,-0.029017949197258815,0.00010995441263764275,96,2592,False," ; fenêtre 1998-2024 ; 96 traitées, 0 jamais traitées sur la fenêtre ; comparaisons sur la fenêtre identifiée (années < 2018, cohorte 2018 recodée contrôle, 7 unités de contrôle)",static,0.0,96.0,0.0,0.0,1998.0,2024.0,,,,,,,,,,,
h3,H3,H3a,log(mariages de femmes / 1 000 f. 35-39),"département, bascule D3 ≥ 50 % ; fenêtre complète",twfe,ATT,-0.03319604153699853,0.013290331255103866,-0.05924461213960912,-0.0071474709343879415,0.012498120785177211,96,2592,True," ; fenêtre 1998-2024 ; 96 traitées, 0 jamais traitées sur la fenêtre ; TWFE sur toutes les années (identification par le calendrier des bascules seulement)",static,0.0,96.0,0.0,0.0,1998.0,2024.0,,,,,,,,,,,
h3,H3,H3a,log(mariages de femmes / 1 000 f. 35-39),"département, bascule D3 ≥ 50 % ; fenêtre identifiée ≤ 2017, cohorte 2018 = contrôle",twfe_poisson,ATT (log du taux contrefactuel),-0.058855999830045566,0.014559807090251418,-0.08739269734878927,-0.030319302311301866,5.291562754008129e-05,96,2592,False," ; fenêtre 1998-2024 ; 96 traitées, 0 jamais traitées sur la fenêtre ; comparaisons sur la fenêtre identifiée (années < 2018, cohorte 2018 recodée contrôle, 7 unités de contrôle) ; Poisson à effets fixes, offset = log(women)",static,0.0,96.0,0.0,0.0,1998.0,2024.0,,,,,,,,,,,
h3,H3,H3a,log(mariages de femmes / 1 000 f. 35-39),"département, bascule D3 ≥ 50 % ; fenêtre identifiée ≤ 2017, cohorte 2018 = contrôle",twfe_poisson,ATT en % du taux contrefactuel,-5.715747113344838,1.3727605336781796,-8.368281056656624,-2.986428226985427,5.291562754008129e-05,96,2592,False," ; fenêtre 1998-2024 ; 96 traitées, 0 jamais traitées sur la fenêtre ; comparaisons sur la fenêtre identifiée (années < 2018, cohorte 2018 recodée contrôle, 7 unités de contrôle) ; Poisson à effets fixes, offset = log(women)",static,0.0,96.0,0.0,0.0,1998.0,2024.0,,,,,,,,,,,
h3,H3,H3a,log(mariages de femmes / 1 000 f. 40-49),"département, bascule D3 ≥ 50 %",cs,-8,0.02615406955893592,0.017165329608724286,-0.0074893582569227,0.05979749737479454,0.12759448992966538,96,2592,False," ; contrôle = not_yet_treated ; fenêtre 1998-2024 ; 96 traitées, 0 jamais traitées sur la fenêtre ; ATT(g,t) identifiés jusqu'en 2017 (sans unité jamais traitée, la dernière cohorte sert de contrôle) ; grappes = dep (96)",event,0.0,96.0,0.0,0.0,1998.0,2024.0,1998.0,2017.0,96.0,4.0,reg,5.0,89.0,,,,
h3,H3,H3a,log(mariages de femmes / 1 000 f. 40-49),"département, bascule D3 ≥ 50 %",cs,-7,0.015163387698312172,0.016210917363760676,-0.016609426491013754,0.0469362018876381,0.34959187051825036,96,2592,False," ; contrôle = not_yet_treated ; fenêtre 1998-2024 ; 96 traitées, 0 jamais traitées sur la fenêtre ; ATT(g,t) identifiés jusqu'en 2017 (sans unité jamais traitée, la dernière cohorte sert de contrôle) ; grappes = dep (96)",event,0.0,96.0,0.0,0.0,1998.0,2024.0,1998.0,2017.0,96.0,4.0,reg,5.0,89.0,,,,
h3,H3,H3a,log(mariages de femmes / 1 000 f. 40-49),"département, bascule D3 ≥ 50 %",cs,-6,0.009468871096154102,0.013076490368039349,-0.016160579069387938,0.03509832126169614,0.46899568692390137,96,2592,False," ; contrôle = not_yet_treated ; fenêtre 1998-2024 ; 96 traitées, 0 jamais traitées sur la fenêtre ; ATT(g,t) identifiés jusqu'en 2017 (sans unité jamais traitée, la dernière cohorte sert de contrôle) ; grappes = dep (96)",event,0.0,96.0,0.0,0.0,1998.0,2024.0,1998.0,2017.0,96.0,4.0,reg,5.0,89.0,,,,
h3,H3,H3a,log(mariages de femmes / 1 000 f. 40-49),"département, bascule D3 ≥ 50 %",cs,-5,0.019100334769581048,0.01426035473003884,-0.008849446908060481,0.04705011644722258,0.18044013247599078,96,2592,False," ; contrôle = not_yet_treated ; fenêtre 1998-2024 ; 96 traitées, 0 jamais traitées sur la fenêtre ; ATT(g,t) identifiés jusqu'en 2017 (sans unité jamais traitée, la dernière cohorte sert de contrôle) ; grappes = dep (96)",event,0.0,96.0,0.0,0.0,1998.0,2024.0,1998.0,2017.0,96.0,4.0,reg,5.0,89.0,,,,
h3,H3,H3a,log(mariages de femmes / 1 000 f. 40-49),"département, bascule D3 ≥ 50 %",cs,-4,0.007335098135289307,0.013776925986003377,-0.019667180614951287,0.0343373768855299,0.5944357794657698,96,2592,False," ; contrôle = not_yet_treated ; fenêtre 1998-2024 ; 96 traitées, 0 jamais traitées sur la fenêtre ; ATT(g,t) identifiés jusqu'en 2017 (sans unité jamais traitée, la dernière cohorte sert de contrôle) ; grappes = dep (96)",event,0.0,96.0,0.0,0.0,1998.0,2024.0,1998.0,2017.0,96.0,4.0,reg,5.0,89.0,,,,
h3,H3,H3a,log(mariages de femmes / 1 000 f. 40-49),"département, bascule D3 ≥ 50 %",cs,-3,-0.0005361100018101382,0.012598714139285358,-0.025229135966324985,0.02415691596270471,0.9660580570342006,96,2592,False," ; contrôle = not_yet_treated ; fenêtre 1998-2024 ; 96 traitées, 0 jamais traitées sur la fenêtre ; ATT(g,t) identifiés jusqu'en 2017 (sans unité jamais traitée, la dernière cohorte sert de contrôle) ; grappes = dep (96)",event,0.0,96.0,0.0,0.0,1998.0,2024.0,1998.0,2017.0,96.0,4.0,reg,5.0,89.0,,,,
h3,H3,H3a,log(mariages de femmes / 1 000 f. 40-49),"département, bascule D3 ≥ 50 %",cs,-2,0.006169719421220595,0.012498531393642848,-0.018326951969962597,0.030666390812403785,0.6215635893087548,96,2592,False," ; contrôle = not_yet_treated ; fenêtre 1998-2024 ; 96 traitées, 0 jamais traitées sur la fenêtre ; ATT(g,t) identifiés jusqu'en 2017 (sans unité jamais traitée, la dernière cohorte sert de contrôle) ; grappes = dep (96)",event,0.0,96.0,0.0,0.0,1998.0,2024.0,1998.0,2017.0,96.0,4.0,reg,5.0,89.0,,,,
h3,H3,H3a,log(mariages de femmes / 1 000 f. 40-49),"département, bascule D3 ≥ 50 %",cs,0,-0.007885710079562621,0.012530243983439502,-0.03244453700460374,0.016673116845478505,0.529130337743804,96,2592,False," ; contrôle = not_yet_treated ; fenêtre 1998-2024 ; 96 traitées, 0 jamais traitées sur la fenêtre ; ATT(g,t) identifiés jusqu'en 2017 (sans unité jamais traitée, la dernière cohorte sert de contrôle) ; grappes = dep (96)",event,0.0,96.0,0.0,0.0,1998.0,2024.0,1998.0,2017.0,96.0,4.0,reg,5.0,89.0,,,,
h3,H3,H3a,log(mariages de femmes / 1 000 f. 40-49),"département, bascule D3 ≥ 50 %",cs,1,-0.03309610835766171,0.015174907617988682,-0.06283838075764203,-0.003353835957681392,0.029185196349930043,96,2592,False," ; contrôle = not_yet_treated ; fenêtre 1998-2024 ; 96 traitées, 0 jamais traitées sur la fenêtre ; ATT(g,t) identifiés jusqu'en 2017 (sans unité jamais traitée, la dernière cohorte sert de contrôle) ; grappes = dep (96)",event,0.0,96.0,0.0,0.0,1998.0,2024.0,1998.0,2017.0,96.0,4.0,reg,4.0,74.0,,,,
h3,H3,H3a,log(mariages de femmes / 1 000 f. 40-49),"département, bascule D3 ≥ 50 %",cs,2,-0.053411696974891246,0.024298868974358144,-0.10103660502969093,-0.0057867889200915595,0.02794094528120164,96,2592,False," ; contrôle = not_yet_treated ; fenêtre 1998-2024 ; 96 traitées, 0 jamais traitées sur la fenêtre ; ATT(g,t) identifiés jusqu'en 2017 (sans unité jamais traitée, la dernière cohorte sert de contrôle) ; grappes = dep (96)",event,0.0,96.0,0.0,0.0,1998.0,2024.0,1998.0,2017.0,96.0,4.0,reg,3.0,51.0,,,,
h3,H3,H3a,log(mariages de femmes / 1 000 f. 40-49),"département, bascule D3 ≥ 50 %",cs,3,-0.06960843928787427,0.056568762199675264,-0.1804811758492486,0.04126429727350005,0.2185061071294262,96,2592,False," ; contrôle = not_yet_treated ; fenêtre 1998-2024 ; 96 traitées, 0 jamais traitées sur la fenêtre ; ATT(g,t) identifiés jusqu'en 2017 (sans unité jamais traitée, la dernière cohorte sert de contrôle) ; grappes = dep (96)",event,0.0,96.0,0.0,0.0,1998.0,2024.0,1998.0,2017.0,96.0,4.0,reg,2.0,35.0,,,,
h3,H3,H3a,log(mariages de femmes / 1 000 f. 40-49),"département, bascule D3 ≥ 50 %",cs,4,-0.08329192401531738,0.06198405089314495,-0.20477843138177926,0.03819458335114451,0.17902477763240265,96,2592,False," ; contrôle = not_yet_treated ; fenêtre 1998-2024 ; 96 traitées, 0 jamais traitées sur la fenêtre ; ATT(g,t) identifiés jusqu'en 2017 (sans unité jamais traitée, la dernière cohorte sert de contrôle) ; grappes = dep (96)",event,0.0,96.0,0.0,0.0,1998.0,2024.0,1998.0,2017.0,96.0,4.0,reg,1.0,2.0,,,,
h3,H3,H3a,log(mariages de femmes / 1 000 f. 40-49),"département, bascule D3 ≥ 50 %",cs,"ATT[1,4]",-0.05985204215893615,0.03375969700663218,-0.1260198324209199,0.006315748103047594,0.0762478543913507,96,2592,False," ; contrôle = not_yet_treated ; fenêtre 1998-2024 ; 96 traitées, 0 jamais traitées sur la fenêtre ; ATT(g,t) identifiés jusqu'en 2017 (sans unité jamais traitée, la dernière cohorte sert de contrôle) ; grappes = dep (96) ; écart-type avec covariance complète des coefficients (fonctions d'influence)",post_avg,0.0,96.0,0.0,0.0,1998.0,2024.0,1998.0,2017.0,96.0,4.0,reg,,,,,4.0,
h3,H3,H3a,log(mariages de femmes / 1 000 f. 40-49),"département, bascule D3 ≥ 50 %",cs,ATT,-0.03377615930029373,0.01836198064905892,-0.06976498005727061,0.0022126614566831612,0.06584731296147123,96,2592,False," ; contrôle = not_yet_treated ; fenêtre 1998-2024 ; 96 traitées, 0 jamais traitées sur la fenêtre ; ATT(g,t) identifiés jusqu'en 2017 (sans unité jamais traitée, la dernière cohorte sert de contrôle) ; grappes = dep (96) ; moyenne de tous les ATT(g,t) post",simple,0.0,96.0,0.0,0.0,1998.0,2024.0,1998.0,2017.0,96.0,4.0,reg,,,,,,
h3,H3,H3a,log(mariages de femmes / 1 000 f. 40-49),"département, bascule D3 ≥ 50 %",cs,Wald pré (-8..-2),3.9843912173302893,,,,0.7815734752915122,96,2592,False,"H5c : test de Wald joint de nullité des coefficients pré avec covariance des fonctions d'influence, df = 7 ; fenêtre 1998-2024 ; 96 traitées, 0 jamais traitées sur la fenêtre",pre_test,0.0,96.0,0.0,0.0,1998.0,2024.0,1998.0,2017.0,96.0,4.0,reg,,,,,,7.0
h3,H3,H3a,log(mariages de femmes / 1 000 f. 40-49),"département, bascule D3 ≥ 50 % ; fenêtre identifiée ≤ 2017, cohorte 2018 = contrôle",twfe,-8,0.10750938729586212,0.028616631819147087,0.051421819571490904,0.16359695502023336,0.00017204168863609138,96,2592,False," ; fenêtre 1998-2024 ; 96 traitées, 0 jamais traitées sur la fenêtre ; comparaisons sur la fenêtre identifiée (années < 2018, cohorte 2018 recodée contrôle, 7 unités de contrôle) ; cellules −8 et +8 bornées",event,0.0,96.0,0.0,0.0,1998.0,2024.0,,,,,,,,,,,
h3,H3,H3a,log(mariages de femmes / 1 000 f. 40-49),"département, bascule D3 ≥ 50 % ; fenêtre identifiée ≤ 2017, cohorte 2018 = contrôle",twfe,-7,0.08278263952264013,0.026193810652529785,0.03144371402582014,0.13412156501946013,0.0015755845183108026,96,2592,False," ; fenêtre 1998-2024 ; 96 traitées, 0 jamais traitées sur la fenêtre ; comparaisons sur la fenêtre identifiée (années < 2018, cohorte 2018 recodée contrôle, 7 unités de contrôle) ; cellules −8 et +8 bornées",event,0.0,96.0,0.0,0.0,1998.0,2024.0,,,,,,,,,,,
h3,H3,H3a,log(mariages de femmes / 1 000 f. 40-49),"département, bascule D3 ≥ 50 % ; fenêtre identifiée ≤ 2017, cohorte 2018 = contrôle",twfe,-6,0.07934854896302647,0.02299431881849971,0.03428051222973543,0.1244165856963175,0.0005589497864558339,96,2592,False," ; fenêtre 1998-2024 ; 96 traitées, 0 jamais traitées sur la fenêtre ; comparaisons sur la fenêtre identifiée (années < 2018, cohorte 2018 recodée contrôle, 7 unités de contrôle) ; cellules −8 et +8 bornées",event,0.0,96.0,0.0,0.0,1998.0,2024.0,,,,,,,,,,,
h3,H3,H3a,log(mariages de femmes / 1 000 f. 40-49),"département, bascule D3 ≥ 50 % ; fenêtre identifiée ≤ 2017, cohorte 2018 = contrôle",twfe,-5,0.07961512461744345,0.022016409807343627,0.03646375432617552,0.12276649490871139,0.00029899175264427803,96,2592,False," ; fenêtre 1998-2024 ; 96 traitées, 0 jamais traitées sur la fenêtre ; comparaisons sur la fenêtre identifiée (années < 2018, cohorte 2018 recodée contrôle, 7 unités de contrôle) ; cellules −8 et +8 bornées",event,0.0,96.0,0.0,0.0,1998.0,2024.0,,,,,,,,,,,
h3,H3,H3a,log(mariages de femmes / 1 000 f. 40-49),"département, bascule D3 ≥ 50 % ; fenêtre identifiée ≤ 2017, cohorte 2018 = contrôle",twfe,-4,0.05952853979125405,0.017862620930422974,0.024518446098133667,0.09453863348437443,0.0008604600052913942,96,2592,False," ; fenêtre 1998-2024 ; 96 traitées, 0 jamais traitées sur la fenêtre ; comparaisons sur la fenêtre identifiée (années < 2018, cohorte 2018 recodée contrôle, 7 unités de contrôle) ; cellules −8 et +8 bornées",event,0.0,96.0,0.0,0.0,1998.0,2024.0,,,,,,,,,,,
h3,H3,H3a,log(mariages de femmes / 1 000 f. 40-49),"département, bascule D3 ≥ 50 % ; fenêtre identifiée ≤ 2017, cohorte 2018 = contrôle",twfe,-3,0.026224782273239763,0.014481135886148947,-0.002157722518842692,0.05460728706532222,0.07014678255464646,96,2592,False," ; fenêtre 1998-2024 ; 96 traitées, 0 jamais traitées sur la fenêtre ; comparaisons sur la fenêtre identifiée (années < 2018, cohorte 2018 recodée contrôle, 7 unités de contrôle) ; cellules −8 et +8 bornées",event,0.0,96.0,0.0,0.0,1998.0,2024.0,,,,,,,,,,,
h3,H3,H3a,log(mariages de femmes / 1 000 f. 40-49),"département, bascule D3 ≥ 50 % ; fenêtre identifiée ≤ 2017, cohorte 2018 = contrôle",twfe,-2,0.018575806977026984,0.010938816440910958,-0.002863879280653108,0.04001549323470707,0.08947849150176838,96,2592,False," ; fenêtre 1998-2024 ; 96 traitées, 0 jamais traitées sur la fenêtre ; comparaisons sur la fenêtre identifiée (années < 2018, cohorte 2018 recodée contrôle, 7 unités de contrôle) ; cellules −8 et +8 bornées",event,0.0,96.0,0.0,0.0,1998.0,2024.0,,,,,,,,,,,
h3,H3,H3a,log(mariages de femmes / 1 000 f. 40-49),"département, bascule D3 ≥ 50 % ; fenêtre identifiée ≤ 2017, cohorte 2018 = contrôle",twfe,0,-0.02434226435595025,0.00952620598233798,-0.04301328499064269,-0.005671243721257806,0.010609790577283316,96,2592,False," ; fenêtre 1998-2024 ; 96 traitées, 0 jamais traitées sur la fenêtre ; comparaisons sur la fenêtre identifiée (années < 2018, cohorte 2018 recodée contrôle, 7 unités de contrôle) ; cellules −8 et +8 bornées",event,0.0,96.0,0.0,0.0,1998.0,2024.0,,,,,,,,,,,
h3,H3,H3a,log(mariages de femmes / 1 000 f. 40-49),"département, bascule D3 ≥ 50 % ; fenêtre identifiée ≤ 2017, cohorte 2018 = contrôle",twfe,1,-0.05413135923138197,0.013470703550810908,-0.08053345303738718,-0.02772926542537677,5.8582042147059635e-05,96,2592,False," ; fenêtre 1998-2024 ; 96 traitées, 0 jamais traitées sur la fenêtre ; comparaisons sur la fenêtre identifiée (années < 2018, cohorte 2018 recodée contrôle, 7 unités de contrôle) ; cellules −8 et +8 bornées",event,0.0,96.0,0.0,0.0,1998.0,2024.0,,,,,,,,,,,
h3,H3,H3a,log(mariages de femmes / 1 000 f. 40-49),"département, bascule D3 ≥ 50 % ; fenêtre identifiée ≤ 2017, cohorte 2018 = contrôle",twfe,2,-0.09086877731554996,0.020972613716968756,-0.13197434486247944,-0.04976320976862048,1.4726833850713349e-05,96,2592,False," ; fenêtre 1998-2024 ; 96 traitées, 0 jamais traitées sur la fenêtre ; comparaisons sur la fenêtre identifiée (années < 2018, cohorte 2018 recodée contrôle, 7 unités de contrôle) ; cellules −8 et +8 bornées",event,0.0,96.0,0.0,0.0,1998.0,2024.0,,,,,,,,,,,
h3,H3,H3a,log(mariages de femmes / 1 000 f. 40-49),"département, bascule D3 ≥ 50 % ; fenêtre identifiée ≤ 2017, cohorte 2018 = contrôle",twfe,3,-0.13740668148815513,0.029766424704632862,-0.19574780185775886,-0.0790655611185514,3.908991354734212e-06,96,2592,False," ; fenêtre 1998-2024 ; 96 traitées, 0 jamais traitées sur la fenêtre ; comparaisons sur la fenêtre identifiée (années < 2018, cohorte 2018 recodée contrôle, 7 unités de contrôle) ; cellules −8 et +8 bornées",event,0.0,96.0,0.0,0.0,1998.0,2024.0,,,,,,,,,,,
h3,H3,H3a,log(mariages de femmes / 1 000 f. 40-49),"département, bascule D3 ≥ 50 % ; fenêtre identifiée ≤ 2017, cohorte 2018 = contrôle",twfe,4,-0.23116417750604237,0.06752272351253158,-0.3635062837286602,-0.09882207128342457,0.0006181980188802864,96,2592,False," ; fenêtre 1998-2024 ; 96 traitées, 0 jamais traitées sur la fenêtre ; comparaisons sur la fenêtre identifiée (années < 2018, cohorte 2018 recodée contrôle, 7 unités de contrôle) ; cellules −8 et +8 bornées",event,0.0,96.0,0.0,0.0,1998.0,2024.0,,,,,,,,,,,
h3,H3,H3a,log(mariages de femmes / 1 000 f. 40-49),"département, bascule D3 ≥ 50 % ; fenêtre identifiée ≤ 2017, cohorte 2018 = contrôle",twfe,"ATT[1,4]",-0.12839274888528235,0.026563068699664783,-0.18045540685548853,-0.07633009091507617,1.3414931139675205e-06,96,2592,False," ; fenêtre 1998-2024 ; 96 traitées, 0 jamais traitées sur la fenêtre ; comparaisons sur la fenêtre identifiée (années < 2018, cohorte 2018 recodée contrôle, 7 unités de contrôle) ; écart-type avec covariance complète (w'Vw)",post_avg,0.0,96.0,0.0,0.0,1998.0,2024.0,,,,,,,,,,,
h3,H3,H3a,log(mariages de femmes / 1 000 f. 40-49),"département, bascule D3 ≥ 50 % ; fenêtre identifiée ≤ 2017, cohorte 2018 = contrôle",twfe,Wald pré (-8..−2),25.57656793352938,,,,0.0005993480336580869,96,2592,False,"test de Wald joint, covariance groupée, df = 7 ; fenêtre 1998-2024 ; 96 traitées, 0 jamais traitées sur la fenêtre",pre_test,0.0,96.0,0.0,0.0,1998.0,2024.0,,,,,,,,,,,7.0
h3,H3,H3a,log(mariages de femmes / 1 000 f. 40-49),"département, bascule D3 ≥ 50 % ; fenêtre identifiée ≤ 2017, cohorte 2018 = contrôle",twfe,ATT,-0.05962948977008355,0.011539275966484082,-0.08224605507206098,-0.037012924468106126,2.3721504441954767e-07,96,2592,False," ; fenêtre 1998-2024 ; 96 traitées, 0 jamais traitées sur la fenêtre ; comparaisons sur la fenêtre identifiée (années < 2018, cohorte 2018 recodée contrôle, 7 unités de contrôle)",static,0.0,96.0,0.0,0.0,1998.0,2024.0,,,,,,,,,,,
h3,H3,H3a,log(mariages de femmes / 1 000 f. 40-49),"département, bascule D3 ≥ 50 % ; fenêtre complète",twfe,ATT,-0.024426566439744436,0.008417445702769628,-0.04092445685899435,-0.007928676020494518,0.003709096263364254,96,2592,True," ; fenêtre 1998-2024 ; 96 traitées, 0 jamais traitées sur la fenêtre ; TWFE sur toutes les années (identification par le calendrier des bascules seulement)",static,0.0,96.0,0.0,0.0,1998.0,2024.0,,,,,,,,,,,
h3,H3,H3a,log(mariages de femmes / 1 000 f. 40-49),"département, bascule D3 ≥ 50 % ; fenêtre identifiée ≤ 2017, cohorte 2018 = contrôle",twfe_poisson,ATT (log du taux contrefactuel),-0.05053659702694707,0.010706068692046437,-0.07152010607936993,-0.029553087974524214,2.3541693915231206e-06,96,2592,False," ; fenêtre 1998-2024 ; 96 traitées, 0 jamais traitées sur la fenêtre ; comparaisons sur la fenêtre identifiée (années < 2018, cohorte 2018 recodée contrôle, 7 unités de contrôle) ; Poisson à effets fixes, offset = log(women)",static,0.0,96.0,0.0,0.0,1998.0,2024.0,,,,,,,,,,,
h3,H3,H3a,log(mariages de femmes / 1 000 f. 40-49),"département, bascule D3 ≥ 50 % ; fenêtre identifiée ≤ 2017, cohorte 2018 = contrôle",twfe_poisson,ATT en % du taux contrefactuel,-4.928086545813604,1.0178464361248134,-6.902244105610123,-2.912066558362836,2.3541693915231206e-06,96,2592,False," ; fenêtre 1998-2024 ; 96 traitées, 0 jamais traitées sur la fenêtre ; comparaisons sur la fenêtre identifiée (années < 2018, cohorte 2018 recodée contrôle, 7 unités de contrôle) ; Poisson à effets fixes, offset = log(women)",static,0.0,96.0,0.0,0.0,1998.0,2024.0,,,,,,,,,,,
h3,H3,H3a,log(PACS / 1 000 f. 15-49),"département, 2007-2016 (série PACS disponible)",cs,-8,0.002040291659445445,0.028557225798531153,-0.0539308424040537,0.058011425722944585,0.9430430204384844,96,960,False,"fenêtre courte : effets +1..+3 seulement pour les cohortes 2013-2015 ; contrôle = not_yet_treated ; fenêtre 2007-2016 ; 74 traitées, 22 jamais traitées sur la fenêtre (dont 22 traitées après 2016) ; grappes = dep (96)",event,22.0,74.0,22.0,0.0,2007.0,2016.0,2007.0,2016.0,96.0,3.0,reg,2.0,39.0,,,,
h3,H3,H3a,log(PACS / 1 000 f. 15-49),"département, 2007-2016 (série PACS disponible)",cs,-7,0.05767949745109555,0.02233331711846924,0.013907000243583982,0.10145199465860713,0.009804020186015715,96,960,False,"fenêtre courte : effets +1..+3 seulement pour les cohortes 2013-2015 ; contrôle = not_yet_treated ; fenêtre 2007-2016 ; 74 traitées, 22 jamais traitées sur la fenêtre (dont 22 traitées après 2016) ; grappes = dep (96)",event,22.0,74.0,22.0,0.0,2007.0,2016.0,2007.0,2016.0,96.0,3.0,reg,3.0,72.0,,,,
h3,H3,H3a,log(PACS / 1 000 f. 15-49),"département, 2007-2016 (série PACS disponible)",cs,-6,0.03384097053748864,0.019678620086240148,-0.004728416096988541,0.07241035717196583,0.08549024496481489,96,960,False,"fenêtre courte : effets +1..+3 seulement pour les cohortes 2013-2015 ; contrôle = not_yet_treated ; fenêtre 2007-2016 ; 74 traitées, 22 jamais traitées sur la fenêtre (dont 22 traitées après 2016) ; grappes = dep (96)",event,22.0,74.0,22.0,0.0,2007.0,2016.0,2007.0,2016.0,96.0,3.0,reg,4.0,74.0,,,,
h3,H3,H3a,log(PACS / 1 000 f. 15-49),"département, 2007-2016 (série PACS disponible)",cs,-5,0.014932597738455622,0.016463725606044338,-0.017335711500741154,0.0472009069776524,0.36440684175551685,96,960,False,"fenêtre courte : effets +1..+3 seulement pour les cohortes 2013-2015 ; contrôle = not_yet_treated ; fenêtre 2007-2016 ; 74 traitées, 22 jamais traitées sur la fenêtre (dont 22 traitées après 2016) ; grappes = dep (96)",event,22.0,74.0,22.0,0.0,2007.0,2016.0,2007.0,2016.0,96.0,3.0,reg,4.0,74.0,,,,
h3,H3,H3a,log(PACS / 1 000 f. 15-49),"département, 2007-2016 (série PACS disponible)",cs,-4,0.014665706294799392,0.014878897246711867,-0.014496396438428037,0.04382780902802682,0.324294295442084,96,960,False,"fenêtre courte : effets +1..+3 seulement pour les cohortes 2013-2015 ; contrôle = not_yet_treated ; fenêtre 2007-2016 ; 74 traitées, 22 jamais traitées sur la fenêtre (dont 22 traitées après 2016) ; grappes = dep (96)",event,22.0,74.0,22.0,0.0,2007.0,2016.0,2007.0,2016.0,96.0,3.0,reg,4.0,74.0,,,,
h3,H3,H3a,log(PACS / 1 000 f. 15-49),"département, 2007-2016 (série PACS disponible)",cs,-3,0.0024379119463081855,0.013568189380954884,-0.024155250575782196,0.029031074468398567,0.8574049714688415,96,960,False,"fenêtre courte : effets +1..+3 seulement pour les cohortes 2013-2015 ; contrôle = not_yet_treated ; fenêtre 2007-2016 ; 74 traitées, 22 jamais traitées sur la fenêtre (dont 22 traitées après 2016) ; grappes = dep (96)",event,22.0,74.0,22.0,0.0,2007.0,2016.0,2007.0,2016.0,96.0,3.0,reg,4.0,74.0,,,,
h3,H3,H3a,log(PACS / 1 000 f. 15-49),"département, 2007-2016 (série PACS disponible)",cs,-2,0.0007429608475843586,0.017674039476918108,-0.03389751998851427,0.03538344168368299,0.9664693264726893,96,960,False,"fenêtre courte : effets +1..+3 seulement pour les cohortes 2013-2015 ; contrôle = not_yet_treated ; fenêtre 2007-2016 ; 74 traitées, 22 jamais traitées sur la fenêtre (dont 22 traitées après 2016) ; grappes = dep (96)",event,22.0,74.0,22.0,0.0,2007.0,2016.0,2007.0,2016.0,96.0,3.0,reg,4.0,74.0,,,,
h3,H3,H3a,log(PACS / 1 000 f. 15-49),"département, 2007-2016 (série PACS disponible)",cs,0,-0.007360273680240158,0.012084003520752376,-0.03104448536997003,0.01632393800948971,0.542463251095823,96,960,False,"fenêtre courte : effets +1..+3 seulement pour les cohortes 2013-2015 ; contrôle = not_yet_treated ; fenêtre 2007-2016 ; 74 traitées, 22 jamais traitées sur la fenêtre (dont 22 traitées après 2016) ; grappes = dep (96)",event,22.0,74.0,22.0,0.0,2007.0,2016.0,2007.0,2016.0,96.0,3.0,reg,4.0,74.0,,,,
h3,H3,H3a,log(PACS / 1 000 f. 15-49),"département, 2007-2016 (série PACS disponible)",cs,1,-0.033696350114949,0.013524789978121622,-0.06020445137053565,-0.007188248859362357,0.012722255128978533,96,960,False,"fenêtre courte : effets +1..+3 seulement pour les cohortes 2013-2015 ; contrôle = not_yet_treated ; fenêtre 2007-2016 ; 74 traitées, 22 jamais traitées sur la fenêtre (dont 22 traitées après 2016) ; grappes = dep (96)",event,22.0,74.0,22.0,0.0,2007.0,2016.0,2007.0,2016.0,96.0,3.0,reg,3.0,51.0,,,,
h3,H3,H3a,log(PACS / 1 000 f. 15-49),"département, 2007-2016 (série PACS disponible)",cs,2,-0.05176600021421985,0.01884969061855126,-0.08871071494630287,-0.014821285482136841,0.006028044491568624,96,960,False,"fenêtre courte : effets +1..+3 seulement pour les cohortes 2013-2015 ; contrôle = not_yet_treated ; fenêtre 2007-2016 ; 74 traitées, 22 jamais traitées sur la fenêtre (dont 22 traitées après 2016) ; grappes = dep (96)",event,22.0,74.0,22.0,0.0,2007.0,2016.0,2007.0,2016.0,96.0,3.0,reg,2.0,35.0,,,,
h3,H3,H3a,log(PACS / 1 000 f. 15-49),"département, 2007-2016 (série PACS disponible)",cs,3,0.002379671779878856,0.03897999229335488,-0.07401970923274558,0.07877905279250329,0.9513205484940921,96,960,False,"fenêtre courte : effets +1..+3 seulement pour les cohortes 2013-2015 ; contrôle = not_yet_treated ; fenêtre 2007-2016 ; 74 traitées, 22 jamais traitées sur la fenêtre (dont 22 traitées après 2016) ; grappes = dep (96)",event,22.0,74.0,22.0,0.0,2007.0,2016.0,2007.0,2016.0,96.0,3.0,reg,1.0,2.0,,,,
h3,H3,H3a,log(PACS / 1 000 f. 15-49),"département, 2007-2016 (série PACS disponible)",cs,"ATT[1,3]",-0.02769422618309666,0.018367527896264325,-0.06369391934480949,0.008305466978616161,0.13161035506738636,96,960,False,"fenêtre courte : effets +1..+3 seulement pour les cohortes 2013-2015 ; contrôle = not_yet_treated ; fenêtre 2007-2016 ; 74 traitées, 22 jamais traitées sur la fenêtre (dont 22 traitées après 2016) ; grappes = dep (96) ; écart-type avec covariance complète des coefficients (fonctions d'influence)",post_avg,22.0,74.0,22.0,0.0,2007.0,2016.0,2007.0,2016.0,96.0,3.0,reg,,,,,3.0,
h3,H3,H3a,log(PACS / 1 000 f. 15-49),"département, 2007-2016 (série PACS disponible)",cs,ATT,-0.025124844272457453,0.011182841997185196,-0.0470428118317424,-0.003206876713172501,0.024657186706715142,96,960,False,"fenêtre courte : effets +1..+3 seulement pour les cohortes 2013-2015 ; contrôle = not_yet_treated ; fenêtre 2007-2016 ; 74 traitées, 22 jamais traitées sur la fenêtre (dont 22 traitées après 2016) ; grappes = dep (96) ; moyenne de tous les ATT(g,t) post",simple,22.0,74.0,22.0,0.0,2007.0,2016.0,2007.0,2016.0,96.0,3.0,reg,,,,,,
h3,H3,H3a,log(PACS / 1 000 f. 15-49),"département, 2007-2016 (série PACS disponible)",cs,Wald pré (-8..-2),13.276335865463393,,,,0.06565498956592383,96,960,False,"H5c : test de Wald joint de nullité des coefficients pré avec covariance des fonctions d'influence, df = 7 ; fenêtre 2007-2016 ; 74 traitées, 22 jamais traitées sur la fenêtre (dont 22 traitées après 2016)",pre_test,22.0,74.0,22.0,0.0,2007.0,2016.0,2007.0,2016.0,96.0,3.0,reg,,,,,,7.0
h3,H3,H3a,log(PACS / 1 000 f. 15-49),"département, 2007-2016 (série PACS disponible)",twfe,-8,0.016703835921749174,0.03352068246130837,-0.048995494439618675,0.08240316628311703,0.6182625196565641,96,960,False,"fenêtre courte : effets +1..+3 seulement pour les cohortes 2013-2015 ; fenêtre 2007-2016 ; 74 traitées, 22 jamais traitées sur la fenêtre (dont 22 traitées après 2016) ; cellules −8 et +8 bornées",event,22.0,74.0,22.0,0.0,2007.0,2016.0,,,,,,,,,,,
h3,H3,H3a,log(PACS / 1 000 f. 15-49),"département, 2007-2016 (série PACS disponible)",twfe,-7,0.061938643542232955,0.02751478250002666,0.008010660799727752,0.11586662628473815,0.024378935958982672,96,960,False,"fenêtre courte : effets +1..+3 seulement pour les cohortes 2013-2015 ; fenêtre 2007-2016 ; 74 traitées, 22 jamais traitées sur la fenêtre (dont 22 traitées après 2016) ; cellules −8 et +8 bornées",event,22.0,74.0,22.0,0.0,2007.0,2016.0,,,,,,,,,,,
h3,H3,H3a,log(PACS / 1 000 f. 15-49),"département, 2007-2016 (série PACS disponible)",twfe,-6,0.04585026987141233,0.024303368464204583,-0.0017834570214351822,0.09348399676425984,0.05921672262025093,96,960,False,"fenêtre courte : effets +1..+3 seulement pour les cohortes 2013-2015 ; fenêtre 2007-2016 ; 74 traitées, 22 jamais traitées sur la fenêtre (dont 22 traitées après 2016) ; cellules −8 et +8 bornées",event,22.0,74.0,22.0,0.0,2007.0,2016.0,,,,,,,,,,,
h3,H3,H3a,log(PACS / 1 000 f. 15-49),"département, 2007-2016 (série PACS disponible)",twfe,-5,0.03647346772104705,0.02146172490171546,-0.0055907401324216816,0.07853767557451578,0.0892314510671083,96,960,False,"fenêtre courte : effets +1..+3 seulement pour les cohortes 2013-2015 ; fenêtre 2007-2016 ; 74 traitées, 22 jamais traitées sur la fenêtre (dont 22 traitées après 2016) ; cellules −8 et +8 bornées",event,22.0,74.0,22.0,0.0,2007.0,2016.0,,,,,,,,,,,
h3,H3,H3a,log(PACS / 1 000 f. 15-49),"département, 2007-2016 (série PACS disponible)",twfe,-4,0.03663575113912301,0.017209080296825323,0.0029065735502875195,0.0703649287279585,0.03326570817816298,96,960,False,"fenêtre courte : effets +1..+3 seulement pour les cohortes 2013-2015 ; fenêtre 2007-2016 ; 74 traitées, 22 jamais traitées sur la fenêtre (dont 22 traitées après 2016) ; cellules −8 et +8 bornées",event,22.0,74.0,22.0,0.0,2007.0,2016.0,,,,,,,,,,,
h3,H3,H3a,log(PACS / 1 000 f. 15-49),"département, 2007-2016 (série PACS disponible)",twfe,-3,0.013666020343375253,0.012860943696599724,-0.011540966109157634,0.03887300679590814,0.287964037122195,96,960,False,"fenêtre courte : effets +1..+3 seulement pour les cohortes 2013-2015 ; fenêtre 2007-2016 ; 74 traitées, 22 jamais traitées sur la fenêtre (dont 22 traitées après 2016) ; cellules −8 et +8 bornées",event,22.0,74.0,22.0,0.0,2007.0,2016.0,,,,,,,,,,,
h3,H3,H3a,log(PACS / 1 000 f. 15-49),"département, 2007-2016 (série PACS disponible)",twfe,-2,0.006097810233826463,0.016325699819984312,-0.02589997343575483,0.038095593903407755,0.7087689909375807,96,960,False,"fenêtre courte : effets +1..+3 seulement pour les cohortes 2013-2015 ; fenêtre 2007-2016 ; 74 traitées, 22 jamais traitées sur la fenêtre (dont 22 traitées après 2016) ; cellules −8 et +8 bornées",event,22.0,74.0,22.0,0.0,2007.0,2016.0,,,,,,,,,,,
h3,H3,H3a,log(PACS / 1 000 f. 15-49),"département, 2007-2016 (série PACS disponible)",twfe,0,-0.009755115731989894,0.010980899228209976,-0.031277282737145126,0.011767051273165335,0.37434105765963466,96,960,False,"fenêtre courte : effets +1..+3 seulement pour les cohortes 2013-2015 ; fenêtre 2007-2016 ; 74 traitées, 22 jamais traitées sur la fenêtre (dont 22 traitées après 2016) ; cellules −8 et +8 bornées",event,22.0,74.0,22.0,0.0,2007.0,2016.0,,,,,,,,,,,
h3,H3,H3a,log(PACS / 1 000 f. 15-49),"département, 2007-2016 (série PACS disponible)",twfe,1,-0.03255919037229209,0.013031699929429206,-0.058100852891306495,-0.00701752785327768,0.01247339656018447,96,960,False,"fenêtre courte : effets +1..+3 seulement pour les cohortes 2013-2015 ; fenêtre 2007-2016 ; 74 traitées, 22 jamais traitées sur la fenêtre (dont 22 traitées après 2016) ; cellules −8 et +8 bornées",event,22.0,74.0,22.0,0.0,2007.0,2016.0,,,,,,,,,,,
h3,H3,H3a,log(PACS / 1 000 f. 15-49),"département, 2007-2016 (série PACS disponible)",twfe,2,-0.05555674941670453,0.01871522188478043,-0.09223791027355,-0.018875588559859054,0.00299225196909373,96,960,False,"fenêtre courte : effets +1..+3 seulement pour les cohortes 2013-2015 ; fenêtre 2007-2016 ; 74 traitées, 22 jamais traitées sur la fenêtre (dont 22 traitées après 2016) ; cellules −8 et +8 bornées",event,22.0,74.0,22.0,0.0,2007.0,2016.0,,,,,,,,,,,
h3,H3,H3a,log(PACS / 1 000 f. 15-49),"département, 2007-2016 (série PACS disponible)",twfe,3,-0.06522550919492644,0.020796461079765956,-0.10598582391715668,-0.024465194472696197,0.0017105009512224387,96,960,False,"fenêtre courte : effets +1..+3 seulement pour les cohortes 2013-2015 ; fenêtre 2007-2016 ; 74 traitées, 22 jamais traitées sur la fenêtre (dont 22 traitées après 2016) ; cellules −8 et +8 bornées",event,22.0,74.0,22.0,0.0,2007.0,2016.0,,,,,,,,,,,
h3,H3,H3a,log(PACS / 1 000 f. 15-49),"département, 2007-2016 (série PACS disponible)",twfe,"ATT[1,3]",-0.05111381632797435,0.015196067757418174,-0.08089756183914432,-0.02133007081680438,0.0007692703798022807,96,960,False,"fenêtre courte : effets +1..+3 seulement pour les cohortes 2013-2015 ; fenêtre 2007-2016 ; 74 traitées, 22 jamais traitées sur la fenêtre (dont 22 traitées après 2016) ; écart-type avec covariance complète (w'Vw)",post_avg,22.0,74.0,22.0,0.0,2007.0,2016.0,,,,,,,,,,,
h3,H3,H3a,log(PACS / 1 000 f. 15-49),"département, 2007-2016 (série PACS disponible)",twfe,Wald pré (-8..−2),15.48920736851394,,,,0.030215505909412955,96,960,False,"test de Wald joint, covariance groupée, df = 7 ; fenêtre 2007-2016 ; 74 traitées, 22 jamais traitées sur la fenêtre (dont 22 traitées après 2016)",pre_test,22.0,74.0,22.0,0.0,2007.0,2016.0,,,,,,,,,,,7.0
h3,H3,H3a,log(PACS / 1 000 f. 15-49),"département, 2007-2016 (série PACS disponible)",twfe,ATT,-0.03427673565130661,0.013004912120353521,-0.05976589502930794,-0.00878757627330528,0.008396984981587172,96,960,False,"fenêtre courte : effets +1..+3 seulement pour les cohortes 2013-2015 ; fenêtre 2007-2016 ; 74 traitées, 22 jamais traitées sur la fenêtre (dont 22 traitées après 2016)",static,22.0,74.0,22.0,0.0,2007.0,2016.0,,,,,,,,,,,
h3,H3,H3a,"part des 15-24 ans en couple (RP 2011 → 2016, deux sexes)","commune, différence longue entre millésimes",long_diff,Δ2011→2016 sur treated_by_2016,-0.00041421081973605186,0.0011316668364901026,-0.002632237061755031,0.0018038154222829272,0.714351388562033,31192,31192,False,Δ régressée sur bascule 4G ≤ 2016 et les covariables de pré-période ; erreurs groupées par département ; observé aux seuls millésimes RP (A2),long_diff,,,,,,,,,,,,,,,,,
h3,H3,H3a,"part des 15-24 ans en couple (RP 2011 → 2021, deux sexes)","commune, différence longue entre millésimes",long_diff,Δ2011→2021 sur exposure_2021,-0.00037458268907392074,0.0001950197505428661,-0.000756814376411924,7.648998264082473e-06,0.05476420081886603,31191,31191,False,Δ régressée sur années d'exposition à la 4G en 2021 et les covariables de pré-période ; erreurs groupées par département ; observé aux seuls millésimes RP (A2),long_diff,,,,,,,,,,,,,,,,,
h3,H3,H3a,"part des 15-24 ans en couple (RP, deux sexes, millésimes interpolés)",commune,cs,-8,0.0018031532888575278,0.0009202985246451659,-5.986744723448199e-07,0.0036069052521874004,0.050076088102391884,34258,582386,True,"résultat interpolé linéairement entre millésimes RP : coefficients pré mécaniquement contaminés et effet lissé ; lecture descriptive seulement (A2) ; contrôle = not_yet_treated ; fenêtre 2008-2024 ; 19636 traitées, 14622 jamais traitées sur la fenêtre (dont 1603 traitées après 2024) ; 424 unités incomplètes exclues",event,14622.0,19636.0,1603.0,424.0,2008.0,2024.0,2008.0,2024.0,34258.0,5.0,reg,9.0,15936.0,,,,
h3,H3,H3a,"part des 15-24 ans en couple (RP, deux sexes, millésimes interpolés)",commune,cs,-7,0.0016918912606678652,0.0008541674360916521,1.775384916130867e-05,0.0033660286721744217,0.04761943321347757,34258,582386,True,"résultat interpolé linéairement entre millésimes RP : coefficients pré mécaniquement contaminés et effet lissé ; lecture descriptive seulement (A2) ; contrôle = not_yet_treated ; fenêtre 2008-2024 ; 19636 traitées, 14622 jamais traitées sur la fenêtre (dont 1603 traitées après 2024) ; 424 unités incomplètes exclues",event,14622.0,19636.0,1603.0,424.0,2008.0,2024.0,2008.0,2024.0,34258.0,5.0,reg,10.0,17207.0,,,,
h3,H3,H3a,"part des 15-24 ans en couple (RP, deux sexes, millésimes interpolés)",commune,cs,-6,0.0014148786034843379,0.0007258248413082332,-7.711944564299262e-06,0.002837469151532975,0.05125496502642472,34258,582386,True,"résultat interpolé linéairement entre millésimes RP : coefficients pré mécaniquement contaminés et effet lissé ; lecture descriptive seulement (A2) ; contrôle = not_yet_treated ; fenêtre 2008-2024 ; 19636 traitées, 14622 jamais traitées sur la fenêtre (dont 1603 traitées après 2024) ; 424 unités incomplètes exclues",event,14622.0,19636.0,1603.0,424.0,2008.0,2024.0,2008.0,2024.0,34258.0,5.0,reg,11.0,19498.0,,,,
h3,H3,H3a,"part des 15-24 ans en couple (RP, deux sexes, millésimes interpolés)",commune,cs,-5,0.0009560758617632451,0.0006200710867917063,-0.00025924113620310934,0.0021713928597295994,0.12310250036098173,34258,582386,True,"résultat interpolé linéairement entre millésimes RP : coefficients pré mécaniquement contaminés et effet lissé ; lecture descriptive seulement (A2) ; contrôle = not_yet_treated ; fenêtre 2008-2024 ; 19636 traitées, 14622 jamais traitées sur la fenêtre (dont 1603 traitées après 2024) ; 424 unités incomplètes exclues",event,14622.0,19636.0,1603.0,424.0,2008.0,2024.0,2008.0,2024.0,34258.0,5.0,reg,12.0,19636.0,,,,
h3,H3,H3a,"part des 15-24 ans en couple (RP, deux sexes, millésimes interpolés)",commune,cs,-4,0.0008078029154088782,0.0004969143824895741,-0.00016613137767064793,0.0017817372084884043,0.10402668110554524,34258,582386,True,"résultat interpolé linéairement entre millésimes RP : coefficients pré mécaniquement contaminés et effet lissé ; lecture descriptive seulement (A2) ; contrôle = not_yet_treated ; fenêtre 2008-2024 ; 19636 traitées, 14622 jamais traitées sur la fenêtre (dont 1603 traitées après 2024) ; 424 unités incomplètes exclues",event,14622.0,19636.0,1603.0,424.0,2008.0,2024.0,2008.0,2024.0,34258.0,5.0,reg,12.0,19636.0,,,,
h3,H3,H3a,"part des 15-24 ans en couple (RP, deux sexes, millésimes interpolés)",commune,cs,-3,0.00029241497411767157,0.0003721174125242567,-0.00043692175245010564,0.001021751700685449,0.43197661820050115,34258,582386,True,"résultat interpolé linéairement entre millésimes RP : coefficients pré mécaniquement contaminés et effet lissé ; lecture descriptive seulement (A2) ; contrôle = not_yet_treated ; fenêtre 2008-2024 ; 19636 traitées, 14622 jamais traitées sur la fenêtre (dont 1603 traitées après 2024) ; 424 unités incomplètes exclues",event,14622.0,19636.0,1603.0,424.0,2008.0,2024.0,2008.0,2024.0,34258.0,5.0,reg,12.0,19636.0,,,,
h3,H3,H3a,"part des 15-24 ans en couple (RP, deux sexes, millésimes interpolés)",commune,cs,-2,9.936925728003485e-05,0.00023134453137751051,-0.00035405769224018224,0.0005527962068002519,0.6675380674537224,34258,582386,True,"résultat interpolé linéairement entre millésimes RP : coefficients pré mécaniquement contaminés et effet lissé ; lecture descriptive seulement (A2) ; contrôle = not_yet_treated ; fenêtre 2008-2024 ; 19636 traitées, 14622 jamais traitées sur la fenêtre (dont 1603 traitées après 2024) ; 424 unités incomplètes exclues",event,14622.0,19636.0,1603.0,424.0,2008.0,2024.0,2008.0,2024.0,34258.0,5.0,reg,12.0,19636.0,,,,
h3,H3,H3a,"part des 15-24 ans en couple (RP, deux sexes, millésimes interpolés)",commune,cs,0,0.0001442935408705688,0.0001897479127914958,-0.00022760553434241003,0.0005161926160835476,0.44698646263129793,34258,582386,True,"résultat interpolé linéairement entre millésimes RP : coefficients pré mécaniquement contaminés et effet lissé ; lecture descriptive seulement (A2) ; contrôle = not_yet_treated ; fenêtre 2008-2024 ; 19636 traitées, 14622 jamais traitées sur la fenêtre (dont 1603 traitées après 2024) ; 424 unités incomplètes exclues",event,14622.0,19636.0,1603.0,424.0,2008.0,2024.0,2008.0,2024.0,34258.0,5.0,reg,12.0,19636.0,,,,
h3,H3,H3a,"part des 15-24 ans en couple (RP, deux sexes, millésimes interpolés)",commune,cs,1,0.00022106074879783128,0.0003433755501317292,-0.00045194296263198583,0.0008940644602276484,0.5197135015564724,34258,582386,True,"résultat interpolé linéairement entre millésimes RP : coefficients pré mécaniquement contaminés et effet lissé ; lecture descriptive seulement (A2) ; contrôle = not_yet_treated ; fenêtre 2008-2024 ; 19636 traitées, 14622 jamais traitées sur la fenêtre (dont 1603 traitées après 2024) ; 424 unités incomplètes exclues",event,14622.0,19636.0,1603.0,424.0,2008.0,2024.0,2008.0,2024.0,34258.0,5.0,reg,11.0,18809.0,,,,
h3,H3,H3a,"part des 15-24 ans en couple (RP, deux sexes, millésimes interpolés)",commune,cs,2,-2.9155337818663994e-06,0.0004963321453946003,-0.0009757086631247806,0.0009698775955610478,0.9953131264325966,34258,582386,True,"résultat interpolé linéairement entre millésimes RP : coefficients pré mécaniquement contaminés et effet lissé ; lecture descriptive seulement (A2) ; contrôle = not_yet_treated ; fenêtre 2008-2024 ; 19636 traitées, 14622 jamais traitées sur la fenêtre (dont 1603 traitées après 2024) ; 424 unités incomplètes exclues",event,14622.0,19636.0,1603.0,424.0,2008.0,2024.0,2008.0,2024.0,34258.0,5.0,reg,10.0,17605.0,,,,
h3,H3,H3a,"part des 15-24 ans en couple (RP, deux sexes, millésimes interpolés)",commune,cs,3,-0.0005460269453753232,0.0006600099945709655,-0.0018396227641708923,0.000747568873420246,0.40806646265173185,34258,582386,True,"résultat interpolé linéairement entre millésimes RP : coefficients pré mécaniquement contaminés et effet lissé ; lecture descriptive seulement (A2) ; contrôle = not_yet_treated ; fenêtre 2008-2024 ; 19636 traitées, 14622 jamais traitées sur la fenêtre (dont 1603 traitées après 2024) ; 424 unités incomplètes exclues",event,14622.0,19636.0,1603.0,424.0,2008.0,2024.0,2008.0,2024.0,34258.0,5.0,reg,9.0,16270.0,,,,
h3,H3,H3a,"part des 15-24 ans en couple (RP, deux sexes, millésimes interpolés)",commune,cs,4,-0.0008889631367664392,0.0008513106425342587,-0.0025575013357892386,0.0007795750622563601,0.29637952025780256,34258,582386,True,"résultat interpolé linéairement entre millésimes RP : coefficients pré mécaniquement contaminés et effet lissé ; lecture descriptive seulement (A2) ; contrôle = not_yet_treated ; fenêtre 2008-2024 ; 19636 traitées, 14622 jamais traitées sur la fenêtre (dont 1603 traitées après 2024) ; 424 unités incomplètes exclues",event,14622.0,19636.0,1603.0,424.0,2008.0,2024.0,2008.0,2024.0,34258.0,5.0,reg,8.0,13937.0,,,,
h3,H3,H3a,"part des 15-24 ans en couple (RP, deux sexes, millésimes interpolés)",commune,cs,5,-0.0009048743387193236,0.0009788507217345997,-0.0028233864995601773,0.00101363782212153,0.3552649450744534,34258,582386,True,"résultat interpolé linéairement entre millésimes RP : coefficients pré mécaniquement contaminés et effet lissé ; lecture descriptive seulement (A2) ; contrôle = not_yet_treated ; fenêtre 2008-2024 ; 19636 traitées, 14622 jamais traitées sur la fenêtre (dont 1603 traitées après 2024) ; 424 unités incomplètes exclues",event,14622.0,19636.0,1603.0,424.0,2008.0,2024.0,2008.0,2024.0,34258.0,5.0,reg,7.0,13442.0,,,,
h3,H3,H3a,"part des 15-24 ans en couple (RP, deux sexes, millésimes interpolés)",commune,cs,6,-0.0007066408650682399,0.001120635655182468,-0.002903046389017324,0.0014897646588808442,0.5283207624768713,34258,582386,True,"résultat interpolé linéairement entre millésimes RP : coefficients pré mécaniquement contaminés et effet lissé ; lecture descriptive seulement (A2) ; contrôle = not_yet_treated ; fenêtre 2008-2024 ; 19636 traitées, 14622 jamais traitées sur la fenêtre (dont 1603 traitées après 2024) ; 424 unités incomplètes exclues",event,14622.0,19636.0,1603.0,424.0,2008.0,2024.0,2008.0,2024.0,34258.0,5.0,reg,6.0,11332.0,,,,
h3,H3,H3a,"part des 15-24 ans en couple (RP, deux sexes, millésimes interpolés)",commune,cs,7,-0.0003023088388841198,0.0012612887501093398,-0.0027743893632039664,0.0021697716854357264,0.8105764037361312,34258,582386,True,"résultat interpolé linéairement entre millésimes RP : coefficients pré mécaniquement contaminés et effet lissé ; lecture descriptive seulement (A2) ; contrôle = not_yet_treated ; fenêtre 2008-2024 ; 19636 traitées, 14622 jamais traitées sur la fenêtre (dont 1603 traitées après 2024) ; 424 unités incomplètes exclues",event,14622.0,19636.0,1603.0,424.0,2008.0,2024.0,2008.0,2024.0,34258.0,5.0,reg,5.0,8709.0,,,,
h3,H3,H3a,"part des 15-24 ans en couple (RP, deux sexes, millésimes interpolés)",commune,cs,8,-0.0003583062218330445,0.0013384880042716242,-0.002981694503944322,0.002265082060278233,0.7889342854331522,34258,582386,True,"résultat interpolé linéairement entre millésimes RP : coefficients pré mécaniquement contaminés et effet lissé ; lecture descriptive seulement (A2) ; contrôle = not_yet_treated ; fenêtre 2008-2024 ; 19636 traitées, 14622 jamais traitées sur la fenêtre (dont 1603 traitées après 2024) ; 424 unités incomplètes exclues",event,14622.0,19636.0,1603.0,424.0,2008.0,2024.0,2008.0,2024.0,34258.0,5.0,reg,4.0,5899.0,,,,
h3,H3,H3a,"part des 15-24 ans en couple (RP, deux sexes, millésimes interpolés)",commune,cs,"ATT[1,5]",-0.00042434384116902423,0.0006321651142598043,-0.0016633646974008886,0.0008146770150628403,0.5020582501969897,34258,582386,True,"résultat interpolé linéairement entre millésimes RP : coefficients pré mécaniquement contaminés et effet lissé ; lecture descriptive seulement (A2) ; contrôle = not_yet_treated ; fenêtre 2008-2024 ; 19636 traitées, 14622 jamais traitées sur la fenêtre (dont 1603 traitées après 2024) ; 424 unités incomplètes exclues ; écart-type avec covariance complète des coefficients (fonctions d'influence)",post_avg,14622.0,19636.0,1603.0,424.0,2008.0,2024.0,2008.0,2024.0,34258.0,5.0,reg,,,,,5.0,
h3,H3,H3a,"part des 15-24 ans en couple (RP, deux sexes, millésimes interpolés)",commune,cs,ATT,-0.00022609826892276818,0.0006364595762540493,-0.001473536115996329,0.0010213395781507924,0.7224070123913453,34258,582386,True,"résultat interpolé linéairement entre millésimes RP : coefficients pré mécaniquement contaminés et effet lissé ; lecture descriptive seulement (A2) ; contrôle = not_yet_treated ; fenêtre 2008-2024 ; 19636 traitées, 14622 jamais traitées sur la fenêtre (dont 1603 traitées après 2024) ; 424 unités incomplètes exclues ; moyenne de tous les ATT(g,t) post",simple,14622.0,19636.0,1603.0,424.0,2008.0,2024.0,2008.0,2024.0,34258.0,5.0,reg,,,,,,
h3,H3,H3a,"part des 15-24 ans en couple (RP, deux sexes, millésimes interpolés)",commune,cs,Wald pré (-8..-2),9.678318085219008,,,,0.2075474727242083,34258,582386,True,"H5c : test de Wald joint de nullité des coefficients pré avec covariance des fonctions d'influence, df = 7 ; fenêtre 2008-2024 ; 19636 traitées, 14622 jamais traitées sur la fenêtre (dont 1603 traitées après 2024) ; 424 unités incomplètes exclues",pre_test,14622.0,19636.0,1603.0,424.0,2008.0,2024.0,2008.0,2024.0,34258.0,5.0,reg,,,,,,7.0
h3,H3,H3a,"part des 15-24 ans en couple (RP, deux sexes, millésimes interpolés)",commune,twfe,-8,0.0008977309351243567,0.0012130538908499875,-0.0014798110022478006,0.003275272872496514,0.459264452413203,34258,582386,True,"résultat interpolé linéairement entre millésimes RP : coefficients pré mécaniquement contaminés et effet lissé ; lecture descriptive seulement (A2) ; fenêtre 2008-2024 ; 19636 traitées, 14622 jamais traitées sur la fenêtre (dont 1603 traitées après 2024) ; 424 unités incomplètes exclues ; cellules −8 et +8 bornées",event,14622.0,19636.0,1603.0,424.0,2008.0,2024.0,,,,,,,,,,,
h3,H3,H3a,"part des 15-24 ans en couple (RP, deux sexes, millésimes interpolés)",commune,twfe,-7,0.0017674415102602666,0.000938342137920597,-7.167528524041982e-05,0.003606558305760953,0.05962194975624627,34258,582386,True,"résultat interpolé linéairement entre millésimes RP : coefficients pré mécaniquement contaminés et effet lissé ; lecture descriptive seulement (A2) ; fenêtre 2008-2024 ; 19636 traitées, 14622 jamais traitées sur la fenêtre (dont 1603 traitées après 2024) ; 424 unités incomplètes exclues ; cellules −8 et +8 bornées",event,14622.0,19636.0,1603.0,424.0,2008.0,2024.0,,,,,,,,,,,
h3,H3,H3a,"part des 15-24 ans en couple (RP, deux sexes, millésimes interpolés)",commune,twfe,-6,0.0014685507674232795,0.0008094834666716867,-0.00011800767333385552,0.0030551092081804146,0.06964962811995166,34258,582386,True,"résultat interpolé linéairement entre millésimes RP : coefficients pré mécaniquement contaminés et effet lissé ; lecture descriptive seulement (A2) ; fenêtre 2008-2024 ; 19636 traitées, 14622 jamais traitées sur la fenêtre (dont 1603 traitées après 2024) ; 424 unités incomplètes exclues ; cellules −8 et +8 bornées",event,14622.0,19636.0,1603.0,424.0,2008.0,2024.0,,,,,,,,,,,
h3,H3,H3a,"part des 15-24 ans en couple (RP, deux sexes, millésimes interpolés)",commune,twfe,-5,0.0010568763397746958,0.0006829921594250557,-0.0002817636944216523,0.0023955163739710437,0.12176178550906372,34258,582386,True,"résultat interpolé linéairement entre millésimes RP : coefficients pré mécaniquement contaminés et effet lissé ; lecture descriptive seulement (A2) ; fenêtre 2008-2024 ; 19636 traitées, 14622 jamais traitées sur la fenêtre (dont 1603 traitées après 2024) ; 424 unités incomplètes exclues ; cellules −8 et +8 bornées",event,14622.0,19636.0,1603.0,424.0,2008.0,2024.0,,,,,,,,,,,
h3,H3,H3a,"part des 15-24 ans en couple (RP, deux sexes, millésimes interpolés)",commune,twfe,-4,0.0009410698601351686,0.0005381390137091752,-0.00011366322541072119,0.0019958029456810583,0.08033448088483804,34258,582386,True,"résultat interpolé linéairement entre millésimes RP : coefficients pré mécaniquement contaminés et effet lissé ; lecture descriptive seulement (A2) ; fenêtre 2008-2024 ; 19636 traitées, 14622 jamais traitées sur la fenêtre (dont 1603 traitées après 2024) ; 424 unités incomplètes exclues ; cellules −8 et +8 bornées",event,14622.0,19636.0,1603.0,424.0,2008.0,2024.0,,,,,,,,,,,
h3,H3,H3a,"part des 15-24 ans en couple (RP, deux sexes, millésimes interpolés)",commune,twfe,-3,0.00041522767225850624,0.00039386641935710496,-0.0003567363244011691,0.0011871916689181815,0.291775446873336,34258,582386,True,"résultat interpolé linéairement entre millésimes RP : coefficients pré mécaniquement contaminés et effet lissé ; lecture descriptive seulement (A2) ; fenêtre 2008-2024 ; 19636 traitées, 14622 jamais traitées sur la fenêtre (dont 1603 traitées après 2024) ; 424 unités incomplètes exclues ; cellules −8 et +8 bornées",event,14622.0,19636.0,1603.0,424.0,2008.0,2024.0,,,,,,,,,,,
h3,H3,H3a,"part des 15-24 ans en couple (RP, deux sexes, millésimes interpolés)",commune,twfe,-2,0.00016532379121555668,0.00023688429066549726,-0.0002989608869921357,0.000629608469423249,0.48523380777452174,34258,582386,True,"résultat interpolé linéairement entre millésimes RP : coefficients pré mécaniquement contaminés et effet lissé ; lecture descriptive seulement (A2) ; fenêtre 2008-2024 ; 19636 traitées, 14622 jamais traitées sur la fenêtre (dont 1603 traitées après 2024) ; 424 unités incomplètes exclues ; cellules −8 et +8 bornées",event,14622.0,19636.0,1603.0,424.0,2008.0,2024.0,,,,,,,,,,,
h3,H3,H3a,"part des 15-24 ans en couple (RP, deux sexes, millésimes interpolés)",commune,twfe,0,8.147551076007534e-05,0.00019743099839911928,-0.0003054821355339835,0.0004684331570541342,0.6798422440134921,34258,582386,True,"résultat interpolé linéairement entre millésimes RP : coefficients pré mécaniquement contaminés et effet lissé ; lecture descriptive seulement (A2) ; fenêtre 2008-2024 ; 19636 traitées, 14622 jamais traitées sur la fenêtre (dont 1603 traitées après 2024) ; 424 unités incomplètes exclues ; cellules −8 et +8 bornées",event,14622.0,19636.0,1603.0,424.0,2008.0,2024.0,,,,,,,,,,,
h3,H3,H3a,"part des 15-24 ans en couple (RP, deux sexes, millésimes interpolés)",commune,twfe,1,-7.435346481114584e-05,0.00036458356238286004,-0.0007889241164368635,0.0006402171868145718,0.8383997581803796,34258,582386,True,"résultat interpolé linéairement entre millésimes RP : coefficients pré mécaniquement contaminés et effet lissé ; lecture descriptive seulement (A2) ; fenêtre 2008-2024 ; 19636 traitées, 14622 jamais traitées sur la fenêtre (dont 1603 traitées après 2024) ; 424 unités incomplètes exclues ; cellules −8 et +8 bornées",event,14622.0,19636.0,1603.0,424.0,2008.0,2024.0,,,,,,,,,,,
h3,H3,H3a,"part des 15-24 ans en couple (RP, deux sexes, millésimes interpolés)",commune,twfe,2,-0.00032108060352183977,0.0005084880761887703,-0.0013176989194198887,0.0006755377123762092,0.5277517212347418,34258,582386,True,"résultat interpolé linéairement entre millésimes RP : coefficients pré mécaniquement contaminés et effet lissé ; lecture descriptive seulement (A2) ; fenêtre 2008-2024 ; 19636 traitées, 14622 jamais traitées sur la fenêtre (dont 1603 traitées après 2024) ; 424 unités incomplètes exclues ; cellules −8 et +8 bornées",event,14622.0,19636.0,1603.0,424.0,2008.0,2024.0,,,,,,,,,,,
h3,H3,H3a,"part des 15-24 ans en couple (RP, deux sexes, millésimes interpolés)",commune,twfe,3,-0.0007059694293385961,0.0006390590832532163,-0.001958502216508084,0.0005465633578308917,0.2692890200620597,34258,582386,True,"résultat interpolé linéairement entre millésimes RP : coefficients pré mécaniquement contaminés et effet lissé ; lecture descriptive seulement (A2) ; fenêtre 2008-2024 ; 19636 traitées, 14622 jamais traitées sur la fenêtre (dont 1603 traitées après 2024) ; 424 unités incomplètes exclues ; cellules −8 et +8 bornées",event,14622.0,19636.0,1603.0,424.0,2008.0,2024.0,,,,,,,,,,,
h3,H3,H3a,"part des 15-24 ans en couple (RP, deux sexes, millésimes interpolés)",commune,twfe,4,-0.0007079003413068684,0.0007721971346566673,-0.0022213789141989626,0.0008055782315852258,0.35928138436859725,34258,582386,True,"résultat interpolé linéairement entre millésimes RP : coefficients pré mécaniquement contaminés et effet lissé ; lecture descriptive seulement (A2) ; fenêtre 2008-2024 ; 19636 traitées, 14622 jamais traitées sur la fenêtre (dont 1603 traitées après 2024) ; 424 unités incomplètes exclues ; cellules −8 et +8 bornées",event,14622.0,19636.0,1603.0,424.0,2008.0,2024.0,,,,,,,,,,,
h3,H3,H3a,"part des 15-24 ans en couple (RP, deux sexes, millésimes interpolés)",commune,twfe,5,-0.0007363276526498356,0.0008656692415158886,-0.0024330081885450827,0.0009603528832454117,0.3949983964724938,34258,582386,True,"résultat interpolé linéairement entre millésimes RP : coefficients pré mécaniquement contaminés et effet lissé ; lecture descriptive seulement (A2) ; fenêtre 2008-2024 ; 19636 traitées, 14622 jamais traitées sur la fenêtre (dont 1603 traitées après 2024) ; 424 unités incomplètes exclues ; cellules −8 et +8 bornées",event,14622.0,19636.0,1603.0,424.0,2008.0,2024.0,,,,,,,,,,,
h3,H3,H3a,"part des 15-24 ans en couple (RP, deux sexes, millésimes interpolés)",commune,twfe,6,-0.0004373135050401493,0.0009651885606053874,-0.0023290483221167636,0.0014544213120364653,0.6504867556948203,34258,582386,True,"résultat interpolé linéairement entre millésimes RP : coefficients pré mécaniquement contaminés et effet lissé ; lecture descriptive seulement (A2) ; fenêtre 2008-2024 ; 19636 traitées, 14622 jamais traitées sur la fenêtre (dont 1603 traitées après 2024) ; 424 unités incomplètes exclues ; cellules −8 et +8 bornées",event,14622.0,19636.0,1603.0,424.0,2008.0,2024.0,,,,,,,,,,,
h3,H3,H3a,"part des 15-24 ans en couple (RP, deux sexes, millésimes interpolés)",commune,twfe,7,-2.053661305330149e-05,0.0010679327579320517,-0.0021136463565106546,0.0020725731304040516,0.9846574266969432,34258,582386,True,"résultat interpolé linéairement entre millésimes RP : coefficients pré mécaniquement contaminés et effet lissé ; lecture descriptive seulement (A2) ; fenêtre 2008-2024 ; 19636 traitées, 14622 jamais traitées sur la fenêtre (dont 1603 traitées après 2024) ; 424 unités incomplètes exclues ; cellules −8 et +8 bornées",event,14622.0,19636.0,1603.0,424.0,2008.0,2024.0,,,,,,,,,,,
h3,H3,H3a,"part des 15-24 ans en couple (RP, deux sexes, millésimes interpolés)",commune,twfe,8,0.0006312588928121271,0.001165333646299916,-0.0016527530839084465,0.002915270869532701,0.5880265752757559,34258,582386,True,"résultat interpolé linéairement entre millésimes RP : coefficients pré mécaniquement contaminés et effet lissé ; lecture descriptive seulement (A2) ; fenêtre 2008-2024 ; 19636 traitées, 14622 jamais traitées sur la fenêtre (dont 1603 traitées après 2024) ; 424 unités incomplètes exclues ; cellules −8 et +8 bornées",event,14622.0,19636.0,1603.0,424.0,2008.0,2024.0,,,,,,,,,,,
h3,H3,H3a,"part des 15-24 ans en couple (RP, deux sexes, millésimes interpolés)",commune,twfe,"ATT[1,5]",-0.0005091262983256572,0.0005880547747949813,-0.0016616924778606328,0.0006434398812093185,0.38661059941888465,34258,582386,True,"résultat interpolé linéairement entre millésimes RP : coefficients pré mécaniquement contaminés et effet lissé ; lecture descriptive seulement (A2) ; fenêtre 2008-2024 ; 19636 traitées, 14622 jamais traitées sur la fenêtre (dont 1603 traitées après 2024) ; 424 unités incomplètes exclues ; écart-type avec covariance complète (w'Vw)",post_avg,14622.0,19636.0,1603.0,424.0,2008.0,2024.0,,,,,,,,,,,
h3,H3,H3a,"part des 15-24 ans en couple (RP, deux sexes, millésimes interpolés)",commune,twfe,Wald pré (-8..−2),11.857753770375126,,,,0.10533482330313504,34258,582386,True,"test de Wald joint, covariance groupée, df = 7 ; fenêtre 2008-2024 ; 19636 traitées, 14622 jamais traitées sur la fenêtre (dont 1603 traitées après 2024) ; 424 unités incomplètes exclues",pre_test,14622.0,19636.0,1603.0,424.0,2008.0,2024.0,,,,,,,,,,,7.0
h3,H3,H3a,"part des 15-24 ans en couple (RP, deux sexes, millésimes interpolés)",commune,twfe,ATT,-0.0009440767413643808,0.0006998716459515978,-0.0023157999612302806,0.00042764647850151885,0.17735996428930123,34258,582386,True,"résultat interpolé linéairement entre millésimes RP : coefficients pré mécaniquement contaminés et effet lissé ; lecture descriptive seulement (A2) ; fenêtre 2008-2024 ; 19636 traitées, 14622 jamais traitées sur la fenêtre (dont 1603 traitées après 2024) ; 424 unités incomplètes exclues",static,14622.0,19636.0,1603.0,424.0,2008.0,2024.0,,,,,,,,,,,
h3,H3,H3a,"part des 25-39 ans en couple (RP 2011 → 2016, deux sexes)","commune, différence longue entre millésimes",long_diff,Δ2011→2016 sur treated_by_2016,-0.0007076728965459416,0.0011378255880311165,-0.0029377700697750387,0.0015224242766831556,0.5339734329869086,31194,31194,False,Δ régressée sur bascule 4G ≤ 2016 et les covariables de pré-période ; erreurs groupées par département ; observé aux seuls millésimes RP (A2),long_diff,,,,,,,,,,,,,,,,,
h3,H3,H3a,"part des 25-39 ans en couple (RP 2011 → 2021, deux sexes)","commune, différence longue entre millésimes",long_diff,Δ2011→2021 sur exposure_2021,-0.00014668696515475463,0.00022256901073841544,-0.0005829142102767574,0.0002895402799672482,0.5098554143009437,31194,31194,False,Δ régressée sur années d'exposition à la 4G en 2021 et les covariables de pré-période ; erreurs groupées par département ; observé aux seuls millésimes RP (A2),long_diff,,,,,,,,,,,,,,,,,
h3,H3,H3a,"part des 25-39 ans en couple (RP, deux sexes, millésimes interpolés)",commune,cs,-8,0.001298189534274879,0.0008171530459647791,-0.0003034010056732913,0.0028997800742230494,0.11213408475222504,34528,586976,True,"résultat interpolé linéairement entre millésimes RP : coefficients pré mécaniquement contaminés et effet lissé ; lecture descriptive seulement (A2) ; contrôle = not_yet_treated ; fenêtre 2008-2024 ; 19724 traitées, 14804 jamais traitées sur la fenêtre (dont 1604 traitées après 2024) ; 165 unités incomplètes exclues",event,14804.0,19724.0,1604.0,165.0,2008.0,2024.0,2008.0,2024.0,34528.0,5.0,reg,9.0,16022.0,,,,
h3,H3,H3a,"part des 25-39 ans en couple (RP, deux sexes, millésimes interpolés)",commune,cs,-7,0.0017040746450675938,0.0007443270858477972,0.0002452203640882582,0.0031629289260469294,0.022055169553957876,34528,586976,True,"résultat interpolé linéairement entre millésimes RP : coefficients pré mécaniquement contaminés et effet lissé ; lecture descriptive seulement (A2) ; contrôle = not_yet_treated ; fenêtre 2008-2024 ; 19724 traitées, 14804 jamais traitées sur la fenêtre (dont 1604 traitées après 2024) ; 165 unités incomplètes exclues",event,14804.0,19724.0,1604.0,165.0,2008.0,2024.0,2008.0,2024.0,34528.0,5.0,reg,10.0,17294.0,,,,
h3,H3,H3a,"part des 25-39 ans en couple (RP, deux sexes, millésimes interpolés)",commune,cs,-6,0.0015681443551688044,0.0006339081810968836,0.0003257071507136182,0.0028105815596239907,0.013369496175707537,34528,586976,True,"résultat interpolé linéairement entre millésimes RP : coefficients pré mécaniquement contaminés et effet lissé ; lecture descriptive seulement (A2) ; contrôle = not_yet_treated ; fenêtre 2008-2024 ; 19724 traitées, 14804 jamais traitées sur la fenêtre (dont 1604 traitées après 2024) ; 165 unités incomplètes exclues",event,14804.0,19724.0,1604.0,165.0,2008.0,2024.0,2008.0,2024.0,34528.0,5.0,reg,11.0,19585.0,,,,
h3,H3,H3a,"part des 25-39 ans en couple (RP, deux sexes, millésimes interpolés)",commune,cs,-5,0.0007477686871876356,0.0005430469491198519,-0.00031658377500162933,0.0018121211493769005,0.16851621140299955,34528,586976,True,"résultat interpolé linéairement entre millésimes RP : coefficients pré mécaniquement contaminés et effet lissé ; lecture descriptive seulement (A2) ; contrôle = not_yet_treated ; fenêtre 2008-2024 ; 19724 traitées, 14804 jamais traitées sur la fenêtre (dont 1604 traitées après 2024) ; 165 unités incomplètes exclues",event,14804.0,19724.0,1604.0,165.0,2008.0,2024.0,2008.0,2024.0,34528.0,5.0,reg,12.0,19724.0,,,,
h3,H3,H3a,"part des 25-39 ans en couple (RP, deux sexes, millésimes interpolés)",commune,cs,-4,0.000450551284737593,0.0004304414077945273,-0.0003930983719943991,0.0012942009414695851,0.29522910713574924,34528,586976,True,"résultat interpolé linéairement entre millésimes RP : coefficients pré mécaniquement contaminés et effet lissé ; lecture descriptive seulement (A2) ; contrôle = not_yet_treated ; fenêtre 2008-2024 ; 19724 traitées, 14804 jamais traitées sur la fenêtre (dont 1604 traitées après 2024) ; 165 unités incomplètes exclues",event,14804.0,19724.0,1604.0,165.0,2008.0,2024.0,2008.0,2024.0,34528.0,5.0,reg,12.0,19724.0,,,,
h3,H3,H3a,"part des 25-39 ans en couple (RP, deux sexes, millésimes interpolés)",commune,cs,-3,0.000333185813098437,0.00031625774688066026,-0.0002866679806194417,0.0009530396068163157,0.2920999062011187,34528,586976,True,"résultat interpolé linéairement entre millésimes RP : coefficients pré mécaniquement contaminés et effet lissé ; lecture descriptive seulement (A2) ; contrôle = not_yet_treated ; fenêtre 2008-2024 ; 19724 traitées, 14804 jamais traitées sur la fenêtre (dont 1604 traitées après 2024) ; 165 unités incomplètes exclues",event,14804.0,19724.0,1604.0,165.0,2008.0,2024.0,2008.0,2024.0,34528.0,5.0,reg,12.0,19724.0,,,,
h3,H3,H3a,"part des 25-39 ans en couple (RP, deux sexes, millésimes interpolés)",commune,cs,-2,0.00017248801187451327,0.000200007512518846,-0.0002195195092998689,0.0005644955330488954,0.3884632240024266,34528,586976,True,"résultat interpolé linéairement entre millésimes RP : coefficients pré mécaniquement contaminés et effet lissé ; lecture descriptive seulement (A2) ; contrôle = not_yet_treated ; fenêtre 2008-2024 ; 19724 traitées, 14804 jamais traitées sur la fenêtre (dont 1604 traitées après 2024) ; 165 unités incomplètes exclues",event,14804.0,19724.0,1604.0,165.0,2008.0,2024.0,2008.0,2024.0,34528.0,5.0,reg,12.0,19724.0,,,,
h3,H3,H3a,"part des 25-39 ans en couple (RP, deux sexes, millésimes interpolés)",commune,cs,0,-0.00017737937857034903,0.00018438989407592145,-0.0005387769300723105,0.00018401817293161248,0.33605968244154083,34528,586976,True,"résultat interpolé linéairement entre millésimes RP : coefficients pré mécaniquement contaminés et effet lissé ; lecture descriptive seulement (A2) ; contrôle = not_yet_treated ; fenêtre 2008-2024 ; 19724 traitées, 14804 jamais traitées sur la fenêtre (dont 1604 traitées après 2024) ; 165 unités incomplètes exclues",event,14804.0,19724.0,1604.0,165.0,2008.0,2024.0,2008.0,2024.0,34528.0,5.0,reg,12.0,19724.0,,,,
h3,H3,H3a,"part des 25-39 ans en couple (RP, deux sexes, millésimes interpolés)",commune,cs,1,-0.00044049139242627577,0.0003482974182683985,-0.0011231417881406199,0.00024215900328806837,0.2059792528621509,34528,586976,True,"résultat interpolé linéairement entre millésimes RP : coefficients pré mécaniquement contaminés et effet lissé ; lecture descriptive seulement (A2) ; contrôle = not_yet_treated ; fenêtre 2008-2024 ; 19724 traitées, 14804 jamais traitées sur la fenêtre (dont 1604 traitées après 2024) ; 165 unités incomplètes exclues",event,14804.0,19724.0,1604.0,165.0,2008.0,2024.0,2008.0,2024.0,34528.0,5.0,reg,11.0,18886.0,,,,
h3,H3,H3a,"part des 25-39 ans en couple (RP, deux sexes, millésimes interpolés)",commune,cs,2,-0.00036629149118362766,0.0004909260881903519,-0.0013284889431078516,0.0005959059607405963,0.4555928146210104,34528,586976,True,"résultat interpolé linéairement entre millésimes RP : coefficients pré mécaniquement contaminés et effet lissé ; lecture descriptive seulement (A2) ; contrôle = not_yet_treated ; fenêtre 2008-2024 ; 19724 traitées, 14804 jamais traitées sur la fenêtre (dont 1604 traitées après 2024) ; 165 unités incomplètes exclues",event,14804.0,19724.0,1604.0,165.0,2008.0,2024.0,2008.0,2024.0,34528.0,5.0,reg,10.0,17667.0,,,,
h3,H3,H3a,"part des 25-39 ans en couple (RP, deux sexes, millésimes interpolés)",commune,cs,3,-0.00047886999587614504,0.0006423300367160844,-0.001737813734027961,0.0007800737422756709,0.4559573245666897,34528,586976,True,"résultat interpolé linéairement entre millésimes RP : coefficients pré mécaniquement contaminés et effet lissé ; lecture descriptive seulement (A2) ; contrôle = not_yet_treated ; fenêtre 2008-2024 ; 19724 traitées, 14804 jamais traitées sur la fenêtre (dont 1604 traitées après 2024) ; 165 unités incomplètes exclues",event,14804.0,19724.0,1604.0,165.0,2008.0,2024.0,2008.0,2024.0,34528.0,5.0,reg,9.0,16326.0,,,,
h3,H3,H3a,"part des 25-39 ans en couple (RP, deux sexes, millésimes interpolés)",commune,cs,4,-7.678643705941624e-05,0.0008024857444706327,-0.0016496295943286693,0.0014960567202098366,0.9237701719458423,34528,586976,True,"résultat interpolé linéairement entre millésimes RP : coefficients pré mécaniquement contaminés et effet lissé ; lecture descriptive seulement (A2) ; contrôle = not_yet_treated ; fenêtre 2008-2024 ; 19724 traitées, 14804 jamais traitées sur la fenêtre (dont 1604 traitées après 2024) ; 165 unités incomplètes exclues",event,14804.0,19724.0,1604.0,165.0,2008.0,2024.0,2008.0,2024.0,34528.0,5.0,reg,8.0,13970.0,,,,
h3,H3,H3a,"part des 25-39 ans en couple (RP, deux sexes, millésimes interpolés)",commune,cs,5,0.0005903547443680252,0.0009273229649528911,-0.0012271648689765402,0.0024078743577125904,0.5243707094387848,34528,586976,True,"résultat interpolé linéairement entre millésimes RP : coefficients pré mécaniquement contaminés et effet lissé ; lecture descriptive seulement (A2) ; contrôle = not_yet_treated ; fenêtre 2008-2024 ; 19724 traitées, 14804 jamais traitées sur la fenêtre (dont 1604 traitées après 2024) ; 165 unités incomplètes exclues",event,14804.0,19724.0,1604.0,165.0,2008.0,2024.0,2008.0,2024.0,34528.0,5.0,reg,7.0,13468.0,,,,
h3,H3,H3a,"part des 25-39 ans en couple (RP, deux sexes, millésimes interpolés)",commune,cs,6,0.0008693865839090462,0.0010556169051819122,-0.0011995845317191345,0.002938357699537227,0.4101773752443255,34528,586976,True,"résultat interpolé linéairement entre millésimes RP : coefficients pré mécaniquement contaminés et effet lissé ; lecture descriptive seulement (A2) ; contrôle = not_yet_treated ; fenêtre 2008-2024 ; 19724 traitées, 14804 jamais traitées sur la fenêtre (dont 1604 traitées après 2024) ; 165 unités incomplètes exclues",event,14804.0,19724.0,1604.0,165.0,2008.0,2024.0,2008.0,2024.0,34528.0,5.0,reg,6.0,11353.0,,,,
h3,H3,H3a,"part des 25-39 ans en couple (RP, deux sexes, millésimes interpolés)",commune,cs,7,0.001231986683545215,0.0011970339269017564,-0.0011141567014547793,0.003578130068545209,0.3033859511670183,34528,586976,True,"résultat interpolé linéairement entre millésimes RP : coefficients pré mécaniquement contaminés et effet lissé ; lecture descriptive seulement (A2) ; contrôle = not_yet_treated ; fenêtre 2008-2024 ; 19724 traitées, 14804 jamais traitées sur la fenêtre (dont 1604 traitées après 2024) ; 165 unités incomplètes exclues",event,14804.0,19724.0,1604.0,165.0,2008.0,2024.0,2008.0,2024.0,34528.0,5.0,reg,5.0,8722.0,,,,
h3,H3,H3a,"part des 25-39 ans en couple (RP, deux sexes, millésimes interpolés)",commune,cs,8,0.0002025118211046451,0.0012575424354374658,-0.002262226061383574,0.002667249703592864,0.8720636579377592,34528,586976,True,"résultat interpolé linéairement entre millésimes RP : coefficients pré mécaniquement contaminés et effet lissé ; lecture descriptive seulement (A2) ; contrôle = not_yet_treated ; fenêtre 2008-2024 ; 19724 traitées, 14804 jamais traitées sur la fenêtre (dont 1604 traitées après 2024) ; 165 unités incomplètes exclues",event,14804.0,19724.0,1604.0,165.0,2008.0,2024.0,2008.0,2024.0,34528.0,5.0,reg,4.0,5902.0,,,,
h3,H3,H3a,"part des 25-39 ans en couple (RP, deux sexes, millésimes interpolés)",commune,cs,"ATT[1,5]",-0.0001544169144354879,0.0006031958852524226,-0.0013366591251529915,0.0010278252962820156,0.7979524146654026,34528,586976,True,"résultat interpolé linéairement entre millésimes RP : coefficients pré mécaniquement contaminés et effet lissé ; lecture descriptive seulement (A2) ; contrôle = not_yet_treated ; fenêtre 2008-2024 ; 19724 traitées, 14804 jamais traitées sur la fenêtre (dont 1604 traitées après 2024) ; 165 unités incomplètes exclues ; écart-type avec covariance complète des coefficients (fonctions d'influence)",post_avg,14804.0,19724.0,1604.0,165.0,2008.0,2024.0,2008.0,2024.0,34528.0,5.0,reg,,,,,5.0,
h3,H3,H3a,"part des 25-39 ans en couple (RP, deux sexes, millésimes interpolés)",commune,cs,ATT,2.706439381788562e-05,0.0006089616854483733,-0.001166478577625735,0.0012206073652615064,0.9645508811576017,34528,586976,True,"résultat interpolé linéairement entre millésimes RP : coefficients pré mécaniquement contaminés et effet lissé ; lecture descriptive seulement (A2) ; contrôle = not_yet_treated ; fenêtre 2008-2024 ; 19724 traitées, 14804 jamais traitées sur la fenêtre (dont 1604 traitées après 2024) ; 165 unités incomplètes exclues ; moyenne de tous les ATT(g,t) post",simple,14804.0,19724.0,1604.0,165.0,2008.0,2024.0,2008.0,2024.0,34528.0,5.0,reg,,,,,,
h3,H3,H3a,"part des 25-39 ans en couple (RP, deux sexes, millésimes interpolés)",commune,cs,Wald pré (-8..-2),21.3414068087984,,,,0.0032963826278157,34528,586976,True,"H5c : test de Wald joint de nullité des coefficients pré avec covariance des fonctions d'influence, df = 7 ; fenêtre 2008-2024 ; 19724 traitées, 14804 jamais traitées sur la fenêtre (dont 1604 traitées après 2024) ; 165 unités incomplètes exclues",pre_test,14804.0,19724.0,1604.0,165.0,2008.0,2024.0,2008.0,2024.0,34528.0,5.0,reg,,,,,,7.0
h3,H3,H3a,"part des 25-39 ans en couple (RP, deux sexes, millésimes interpolés)",commune,twfe,-8,0.0005885988344015306,0.0011596328558112852,-0.0016842397982779179,0.002861437467080979,0.6117525230322844,34528,586976,True,"résultat interpolé linéairement entre millésimes RP : coefficients pré mécaniquement contaminés et effet lissé ; lecture descriptive seulement (A2) ; fenêtre 2008-2024 ; 19724 traitées, 14804 jamais traitées sur la fenêtre (dont 1604 traitées après 2024) ; 165 unités incomplètes exclues ; cellules −8 et +8 bornées",event,14804.0,19724.0,1604.0,165.0,2008.0,2024.0,,,,,,,,,,,
h3,H3,H3a,"part des 25-39 ans en couple (RP, deux sexes, millésimes interpolés)",commune,twfe,-7,0.001855884598342836,0.0008503627884527911,0.0001892041591823124,0.0035225650375033594,0.029075441884689544,34528,586976,True,"résultat interpolé linéairement entre millésimes RP : coefficients pré mécaniquement contaminés et effet lissé ; lecture descriptive seulement (A2) ; fenêtre 2008-2024 ; 19724 traitées, 14804 jamais traitées sur la fenêtre (dont 1604 traitées après 2024) ; 165 unités incomplètes exclues ; cellules −8 et +8 bornées",event,14804.0,19724.0,1604.0,165.0,2008.0,2024.0,,,,,,,,,,,
h3,H3,H3a,"part des 25-39 ans en couple (RP, deux sexes, millésimes interpolés)",commune,twfe,-6,0.0017260088903642617,0.0007307121960714865,0.0002938393029999777,0.0031581784777285457,0.01817216826884659,34528,586976,True,"résultat interpolé linéairement entre millésimes RP : coefficients pré mécaniquement contaminés et effet lissé ; lecture descriptive seulement (A2) ; fenêtre 2008-2024 ; 19724 traitées, 14804 jamais traitées sur la fenêtre (dont 1604 traitées après 2024) ; 165 unités incomplètes exclues ; cellules −8 et +8 bornées",event,14804.0,19724.0,1604.0,165.0,2008.0,2024.0,,,,,,,,,,,
h3,H3,H3a,"part des 25-39 ans en couple (RP, deux sexes, millésimes interpolés)",commune,twfe,-5,0.0010048763627241281,0.0006144870203491821,-0.0001994960661276001,0.0022092487915758565,0.10198421692650854,34528,586976,True,"résultat interpolé linéairement entre millésimes RP : coefficients pré mécaniquement contaminés et effet lissé ; lecture descriptive seulement (A2) ; fenêtre 2008-2024 ; 19724 traitées, 14804 jamais traitées sur la fenêtre (dont 1604 traitées après 2024) ; 165 unités incomplètes exclues ; cellules −8 et +8 bornées",event,14804.0,19724.0,1604.0,165.0,2008.0,2024.0,,,,,,,,,,,
h3,H3,H3a,"part des 25-39 ans en couple (RP, deux sexes, millésimes interpolés)",commune,twfe,-4,0.0007164037922665308,0.00047944172840765824,-0.0002232847280981134,0.001656092312631175,0.1351113839840239,34528,586976,True,"résultat interpolé linéairement entre millésimes RP : coefficients pré mécaniquement contaminés et effet lissé ; lecture descriptive seulement (A2) ; fenêtre 2008-2024 ; 19724 traitées, 14804 jamais traitées sur la fenêtre (dont 1604 traitées après 2024) ; 165 unités incomplètes exclues ; cellules −8 et +8 bornées",event,14804.0,19724.0,1604.0,165.0,2008.0,2024.0,,,,,,,,,,,
h3,H3,H3a,"part des 25-39 ans en couple (RP, deux sexes, millésimes interpolés)",commune,twfe,-3,0.000533092403143007,0.0003436408489973147,-0.00014043128450849695,0.001206616090794511,0.1208281659318582,34528,586976,True,"résultat interpolé linéairement entre millésimes RP : coefficients pré mécaniquement contaminés et effet lissé ; lecture descriptive seulement (A2) ; fenêtre 2008-2024 ; 19724 traitées, 14804 jamais traitées sur la fenêtre (dont 1604 traitées après 2024) ; 165 unités incomplètes exclues ; cellules −8 et +8 bornées",event,14804.0,19724.0,1604.0,165.0,2008.0,2024.0,,,,,,,,,,,
h3,H3,H3a,"part des 25-39 ans en couple (RP, deux sexes, millésimes interpolés)",commune,twfe,-2,0.0002838140411520168,0.00020826661050281486,-0.00012438101461573165,0.0006920090969197653,0.17296325508351318,34528,586976,True,"résultat interpolé linéairement entre millésimes RP : coefficients pré mécaniquement contaminés et effet lissé ; lecture descriptive seulement (A2) ; fenêtre 2008-2024 ; 19724 traitées, 14804 jamais traitées sur la fenêtre (dont 1604 traitées après 2024) ; 165 unités incomplètes exclues ; cellules −8 et +8 bornées",event,14804.0,19724.0,1604.0,165.0,2008.0,2024.0,,,,,,,,,,,
h3,H3,H3a,"part des 25-39 ans en couple (RP, deux sexes, millésimes interpolés)",commune,twfe,0,-0.0003022830911670267,0.00019389873441293473,-0.0006823176272642759,7.775144493022253e-05,0.11900252723807876,34528,586976,True,"résultat interpolé linéairement entre millésimes RP : coefficients pré mécaniquement contaminés et effet lissé ; lecture descriptive seulement (A2) ; fenêtre 2008-2024 ; 19724 traitées, 14804 jamais traitées sur la fenêtre (dont 1604 traitées après 2024) ; 165 unités incomplètes exclues ; cellules −8 et +8 bornées",event,14804.0,19724.0,1604.0,165.0,2008.0,2024.0,,,,,,,,,,,
h3,H3,H3a,"part des 25-39 ans en couple (RP, deux sexes, millésimes interpolés)",commune,twfe,1,-0.0010226702907505769,0.0003710723435022941,-0.001749958719673949,-0.0002953818618272048,0.0058515449896627166,34528,586976,True,"résultat interpolé linéairement entre millésimes RP : coefficients pré mécaniquement contaminés et effet lissé ; lecture descriptive seulement (A2) ; fenêtre 2008-2024 ; 19724 traitées, 14804 jamais traitées sur la fenêtre (dont 1604 traitées après 2024) ; 165 unités incomplètes exclues ; cellules −8 et +8 bornées",event,14804.0,19724.0,1604.0,165.0,2008.0,2024.0,,,,,,,,,,,
h3,H3,H3a,"part des 25-39 ans en couple (RP, deux sexes, millésimes interpolés)",commune,twfe,2,-0.0009458351276143748,0.0005138175535059881,-0.0019528990271105934,6.12287718818439e-05,0.06565093699270493,34528,586976,True,"résultat interpolé linéairement entre millésimes RP : coefficients pré mécaniquement contaminés et effet lissé ; lecture descriptive seulement (A2) ; fenêtre 2008-2024 ; 19724 traitées, 14804 jamais traitées sur la fenêtre (dont 1604 traitées après 2024) ; 165 unités incomplètes exclues ; cellules −8 et +8 bornées",event,14804.0,19724.0,1604.0,165.0,2008.0,2024.0,,,,,,,,,,,
h3,H3,H3a,"part des 25-39 ans en couple (RP, deux sexes, millésimes interpolés)",commune,twfe,3,-0.0014777209399087666,0.0006346498502636687,-0.0027216117892192955,-0.00023383009059823787,0.019890687376624347,34528,586976,True,"résultat interpolé linéairement entre millésimes RP : coefficients pré mécaniquement contaminés et effet lissé ; lecture descriptive seulement (A2) ; fenêtre 2008-2024 ; 19724 traitées, 14804 jamais traitées sur la fenêtre (dont 1604 traitées après 2024) ; 165 unités incomplètes exclues ; cellules −8 et +8 bornées",event,14804.0,19724.0,1604.0,165.0,2008.0,2024.0,,,,,,,,,,,
h3,H3,H3a,"part des 25-39 ans en couple (RP, deux sexes, millésimes interpolés)",commune,twfe,4,-0.0014705582682937974,0.0007507235054541995,-0.002941949301331687,8.327647440923604e-07,0.0501298052631714,34528,586976,True,"résultat interpolé linéairement entre millésimes RP : coefficients pré mécaniquement contaminés et effet lissé ; lecture descriptive seulement (A2) ; fenêtre 2008-2024 ; 19724 traitées, 14804 jamais traitées sur la fenêtre (dont 1604 traitées après 2024) ; 165 unités incomplètes exclues ; cellules −8 et +8 bornées",event,14804.0,19724.0,1604.0,165.0,2008.0,2024.0,,,,,,,,,,,
h3,H3,H3a,"part des 25-39 ans en couple (RP, deux sexes, millésimes interpolés)",commune,twfe,5,-0.0010103685974971483,0.0008436920589511927,-0.0026639746470839302,0.0006432374520896336,0.23108986332202908,34528,586976,True,"résultat interpolé linéairement entre millésimes RP : coefficients pré mécaniquement contaminés et effet lissé ; lecture descriptive seulement (A2) ; fenêtre 2008-2024 ; 19724 traitées, 14804 jamais traitées sur la fenêtre (dont 1604 traitées après 2024) ; 165 unités incomplètes exclues ; cellules −8 et +8 bornées",event,14804.0,19724.0,1604.0,165.0,2008.0,2024.0,,,,,,,,,,,
h3,H3,H3a,"part des 25-39 ans en couple (RP, deux sexes, millésimes interpolés)",commune,twfe,6,-0.001121515015104042,0.0009362155661822062,-0.0029564638065869417,0.0007134337763788575,0.23094663907766821,34528,586976,True,"résultat interpolé linéairement entre millésimes RP : coefficients pré mécaniquement contaminés et effet lissé ; lecture descriptive seulement (A2) ; fenêtre 2008-2024 ; 19724 traitées, 14804 jamais traitées sur la fenêtre (dont 1604 traitées après 2024) ; 165 unités incomplètes exclues ; cellules −8 et +8 bornées",event,14804.0,19724.0,1604.0,165.0,2008.0,2024.0,,,,,,,,,,,
h3,H3,H3a,"part des 25-39 ans en couple (RP, deux sexes, millésimes interpolés)",commune,twfe,7,-0.000998006687181334,0.0010423121236581398,-0.0030409009102007473,0.0010448875358380792,0.33831841740296686,34528,586976,True,"résultat interpolé linéairement entre millésimes RP : coefficients pré mécaniquement contaminés et effet lissé ; lecture descriptive seulement (A2) ; fenêtre 2008-2024 ; 19724 traitées, 14804 jamais traitées sur la fenêtre (dont 1604 traitées après 2024) ; 165 unités incomplètes exclues ; cellules −8 et +8 bornées",event,14804.0,19724.0,1604.0,165.0,2008.0,2024.0,,,,,,,,,,,
h3,H3,H3a,"part des 25-39 ans en couple (RP, deux sexes, millésimes interpolés)",commune,twfe,8,-0.002104576311012528,0.0011505160324036924,-0.004359546298159683,0.000150393676134627,0.06736283434998339,34528,586976,True,"résultat interpolé linéairement entre millésimes RP : coefficients pré mécaniquement contaminés et effet lissé ; lecture descriptive seulement (A2) ; fenêtre 2008-2024 ; 19724 traitées, 14804 jamais traitées sur la fenêtre (dont 1604 traitées après 2024) ; 165 unités incomplètes exclues ; cellules −8 et +8 bornées",event,14804.0,19724.0,1604.0,165.0,2008.0,2024.0,,,,,,,,,,,
h3,H3,H3a,"part des 25-39 ans en couple (RP, deux sexes, millésimes interpolés)",commune,twfe,"ATT[1,5]",-0.0011854306448129328,0.0005778451205351823,-0.0023179862697040965,-5.2875019921769066e-05,0.0402214145396873,34528,586976,True,"résultat interpolé linéairement entre millésimes RP : coefficients pré mécaniquement contaminés et effet lissé ; lecture descriptive seulement (A2) ; fenêtre 2008-2024 ; 19724 traitées, 14804 jamais traitées sur la fenêtre (dont 1604 traitées après 2024) ; 165 unités incomplètes exclues ; écart-type avec covariance complète (w'Vw)",post_avg,14804.0,19724.0,1604.0,165.0,2008.0,2024.0,,,,,,,,,,,
h3,H3,H3a,"part des 25-39 ans en couple (RP, deux sexes, millésimes interpolés)",commune,twfe,Wald pré (-8..−2),19.583301233747083,,,,0.006543690637380117,34528,586976,True,"test de Wald joint, covariance groupée, df = 7 ; fenêtre 2008-2024 ; 19724 traitées, 14804 jamais traitées sur la fenêtre (dont 1604 traitées après 2024) ; 165 unités incomplètes exclues",pre_test,14804.0,19724.0,1604.0,165.0,2008.0,2024.0,,,,,,,,,,,7.0
h3,H3,H3a,"part des 25-39 ans en couple (RP, deux sexes, millésimes interpolés)",commune,twfe,ATT,-0.0016467418237363588,0.0006873144459320595,-0.0029938533838172977,-0.00029963026365541993,0.01657927449946663,34528,586976,True,"résultat interpolé linéairement entre millésimes RP : coefficients pré mécaniquement contaminés et effet lissé ; lecture descriptive seulement (A2) ; fenêtre 2008-2024 ; 19724 traitées, 14804 jamais traitées sur la fenêtre (dont 1604 traitées après 2024) ; 165 unités incomplètes exclues",static,14804.0,19724.0,1604.0,165.0,2008.0,2024.0,,,,,,,,,,,
h3,H3,H3a,"part des 15-24 ans en couple (RP 2011 → 2016, deux sexes)","département, différence longue entre millésimes",long_diff,Δ2011→2016 sur treated_by_2016,0.0003753147370909796,0.0016335027864394379,-0.002826291892976142,0.0035769213671581015,0.8182777277395731,96,96,False,Δ régressée sur bascule D3 ≥ 50 % ≤ 2016 ; erreurs robustes ; millésimes RP seuls (A2),long_diff,,,,,,,,,,,,,,,,,
h3,H3,H3a,"part des 15-24 ans en couple (RP 2011 → 2021, deux sexes)","département, différence longue entre millésimes",long_diff,Δ2011→2021 sur exposure_2021,0.0004156411545795037,0.0004925905645164306,-0.0005498186109969541,0.0013811009201559615,0.39878884977060125,96,96,False,Δ régressée sur années d'exposition en 2021 ; erreurs robustes ; millésimes RP seuls (A2),long_diff,,,,,,,,,,,,,,,,,
h3,H3,H3a,"part des 25-39 ans en couple (RP 2011 → 2016, deux sexes)","département, différence longue entre millésimes",long_diff,Δ2011→2016 sur treated_by_2016,0.0013125905924722275,0.0015222783422708481,-0.0016710201328239721,0.004296201317768427,0.38854775897281024,96,96,False,Δ régressée sur bascule D3 ≥ 50 % ≤ 2016 ; erreurs robustes ; millésimes RP seuls (A2),long_diff,,,,,,,,,,,,,,,,,
h3,H3,H3a,"part des 25-39 ans en couple (RP 2011 → 2021, deux sexes)","département, différence longue entre millésimes",long_diff,Δ2011→2021 sur exposure_2021,0.0008067807181562245,0.000877462594839514,-0.0009130143655102844,0.0025265758018227333,0.3578615962808579,96,96,False,Δ régressée sur années d'exposition en 2021 ; erreurs robustes ; millésimes RP seuls (A2),long_diff,,,,,,,,,,,,,,,,,
h3,H3,H3b,log(naissances / 1 000 f. en couple 25-39),"département, bascule D3 ≥ 50 %, femmes en couple interpolées entre millésimes",cs,-8,0.004905566339724942,0.01113717658259289,-0.01692289865162,0.026734031331069885,0.6595984151372081,96,2016,False,"test H3b entrant dans la règle §6 ; dénominateur interpolé entre millésimes RP (2006-2022), prolongé 2 ans ; contrôle = not_yet_treated ; fenêtre 2004-2024 ; 96 traitées, 0 jamais traitées sur la fenêtre ; ATT(g,t) identifiés jusqu'en 2017 (sans unité jamais traitée, la dernière cohorte sert de contrôle) ; grappes = dep (96) ; bandes simultanées sup-t (bootstrap multiplicateur Rademacher, 999 tirages, valeur critique 2.54)",event,0.0,96.0,0.0,0.0,2004.0,2024.0,2004.0,2017.0,96.0,4.0,reg,5.0,89.0,-0.02334822169977634,0.03315935437922622,,
h3,H3,H3b,log(naissances / 1 000 f. en couple 25-39),"département, bascule D3 ≥ 50 %, femmes en couple interpolées entre millésimes",cs,-7,0.008551691224584906,0.010744121600579828,-0.012506400158070394,0.029609782607240207,0.42606609464579626,96,2016,False,"test H3b entrant dans la règle §6 ; dénominateur interpolé entre millésimes RP (2006-2022), prolongé 2 ans ; contrôle = not_yet_treated ; fenêtre 2004-2024 ; 96 traitées, 0 jamais traitées sur la fenêtre ; ATT(g,t) identifiés jusqu'en 2017 (sans unité jamais traitée, la dernière cohorte sert de contrôle) ; grappes = dep (96) ; bandes simultanées sup-t (bootstrap multiplicateur Rademacher, 999 tirages, valeur critique 2.54)",event,0.0,96.0,0.0,0.0,2004.0,2024.0,2004.0,2017.0,96.0,4.0,reg,5.0,89.0,-0.018704959697864256,0.03580834214703407,,
h3,H3,H3b,log(naissances / 1 000 f. en couple 25-39),"département, bascule D3 ≥ 50 %, femmes en couple interpolées entre millésimes",cs,-6,0.013251265012964397,0.008581549017640433,-0.0035682619931759318,0.030070792019104724,0.12255013291726,96,2016,False,"test H3b entrant dans la règle §6 ; dénominateur interpolé entre millésimes RP (2006-2022), prolongé 2 ans ; contrôle = not_yet_treated ; fenêtre 2004-2024 ; 96 traitées, 0 jamais traitées sur la fenêtre ; ATT(g,t) identifiés jusqu'en 2017 (sans unité jamais traitée, la dernière cohorte sert de contrôle) ; grappes = dep (96) ; bandes simultanées sup-t (bootstrap multiplicateur Rademacher, 999 tirages, valeur critique 2.54)",event,0.0,96.0,0.0,0.0,2004.0,2024.0,2004.0,2017.0,96.0,4.0,reg,5.0,89.0,-0.00851917789928715,0.035021707925215945,,
h3,H3,H3b,log(naissances / 1 000 f. en couple 25-39),"département, bascule D3 ≥ 50 %, femmes en couple interpolées entre millésimes",cs,-5,0.008105857054301563,0.00625070566453082,-0.004145300926139349,0.020357015034742472,0.19470320704377264,96,2016,False,"test H3b entrant dans la règle §6 ; dénominateur interpolé entre millésimes RP (2006-2022), prolongé 2 ans ; contrôle = not_yet_treated ; fenêtre 2004-2024 ; 96 traitées, 0 jamais traitées sur la fenêtre ; ATT(g,t) identifiés jusqu'en 2017 (sans unité jamais traitée, la dernière cohorte sert de contrôle) ; grappes = dep (96) ; bandes simultanées sup-t (bootstrap multiplicateur Rademacher, 999 tirages, valeur critique 2.54)",event,0.0,96.0,0.0,0.0,2004.0,2024.0,2004.0,2017.0,96.0,4.0,reg,5.0,89.0,-0.007751493471952501,0.023963207580555625,,
h3,H3,H3b,log(naissances / 1 000 f. en couple 25-39),"département, bascule D3 ≥ 50 %, femmes en couple interpolées entre millésimes",cs,-4,0.009846067209910155,0.005132824265886972,-0.0002140834902015533,0.019906217910021864,0.05507865083672175,96,2016,False,"test H3b entrant dans la règle §6 ; dénominateur interpolé entre millésimes RP (2006-2022), prolongé 2 ans ; contrôle = not_yet_treated ; fenêtre 2004-2024 ; 96 traitées, 0 jamais traitées sur la fenêtre ; ATT(g,t) identifiés jusqu'en 2017 (sans unité jamais traitée, la dernière cohorte sert de contrôle) ; grappes = dep (96) ; bandes simultanées sup-t (bootstrap multiplicateur Rademacher, 999 tirages, valeur critique 2.54)",event,0.0,96.0,0.0,0.0,2004.0,2024.0,2004.0,2017.0,96.0,4.0,reg,5.0,89.0,-0.003175341562493111,0.022867475982313423,,
h3,H3,H3b,log(naissances / 1 000 f. en couple 25-39),"département, bascule D3 ≥ 50 %, femmes en couple interpolées entre millésimes",cs,-3,0.006691294839280264,0.005066286008709807,-0.0032384432731701364,0.016621032951730664,0.18658489480654405,96,2016,False,"test H3b entrant dans la règle §6 ; dénominateur interpolé entre millésimes RP (2006-2022), prolongé 2 ans ; contrôle = not_yet_treated ; fenêtre 2004-2024 ; 96 traitées, 0 jamais traitées sur la fenêtre ; ATT(g,t) identifiés jusqu'en 2017 (sans unité jamais traitée, la dernière cohorte sert de contrôle) ; grappes = dep (96) ; bandes simultanées sup-t (bootstrap multiplicateur Rademacher, 999 tirages, valeur critique 2.54)",event,0.0,96.0,0.0,0.0,2004.0,2024.0,2004.0,2017.0,96.0,4.0,reg,5.0,89.0,-0.0061613137169407636,0.019543903395501293,,
h3,H3,H3b,log(naissances / 1 000 f. en couple 25-39),"département, bascule D3 ≥ 50 %, femmes en couple interpolées entre millésimes",cs,-2,0.0017893558707018547,0.00414096512776361,-0.0063267866409511255,0.009905498382354834,0.665660865147633,96,2016,False,"test H3b entrant dans la règle §6 ; dénominateur interpolé entre millésimes RP (2006-2022), prolongé 2 ans ; contrôle = not_yet_treated ; fenêtre 2004-2024 ; 96 traitées, 0 jamais traitées sur la fenêtre ; ATT(g,t) identifiés jusqu'en 2017 (sans unité jamais traitée, la dernière cohorte sert de contrôle) ; grappes = dep (96) ; bandes simultanées sup-t (bootstrap multiplicateur Rademacher, 999 tirages, valeur critique 2.54)",event,0.0,96.0,0.0,0.0,2004.0,2024.0,2004.0,2017.0,96.0,4.0,reg,5.0,89.0,-0.008715815716652166,0.012294527458055877,,
h3,H3,H3b,log(naissances / 1 000 f. en couple 25-39),"département, bascule D3 ≥ 50 %, femmes en couple interpolées entre millésimes",cs,0,0.010331483166640325,0.005151421828585602,0.00023488191343907887,0.02042808441984157,0.04490326285337597,96,2016,False,"test H3b entrant dans la règle §6 ; dénominateur interpolé entre millésimes RP (2006-2022), prolongé 2 ans ; contrôle = not_yet_treated ; fenêtre 2004-2024 ; 96 traitées, 0 jamais traitées sur la fenêtre ; ATT(g,t) identifiés jusqu'en 2017 (sans unité jamais traitée, la dernière cohorte sert de contrôle) ; grappes = dep (96) ; bandes simultanées sup-t (bootstrap multiplicateur Rademacher, 999 tirages, valeur critique 2.54)",event,0.0,96.0,0.0,0.0,2004.0,2024.0,2004.0,2017.0,96.0,4.0,reg,5.0,89.0,-0.002737105570149936,0.02340007190343059,,
h3,H3,H3b,log(naissances / 1 000 f. en couple 25-39),"département, bascule D3 ≥ 50 %, femmes en couple interpolées entre millésimes",cs,1,0.01295964008819894,0.00819582415252981,-0.0031038800743829996,0.029023160250780878,0.11382107815696393,96,2016,False,"test H3b entrant dans la règle §6 ; dénominateur interpolé entre millésimes RP (2006-2022), prolongé 2 ans ; contrôle = not_yet_treated ; fenêtre 2004-2024 ; 96 traitées, 0 jamais traitées sur la fenêtre ; ATT(g,t) identifiés jusqu'en 2017 (sans unité jamais traitée, la dernière cohorte sert de contrôle) ; grappes = dep (96) ; bandes simultanées sup-t (bootstrap multiplicateur Rademacher, 999 tirages, valeur critique 2.54)",event,0.0,96.0,0.0,0.0,2004.0,2024.0,2004.0,2017.0,96.0,4.0,reg,4.0,74.0,-0.007832261404727862,0.03375154158112574,,
h3,H3,H3b,log(naissances / 1 000 f. en couple 25-39),"département, bascule D3 ≥ 50 %, femmes en couple interpolées entre millésimes",cs,2,0.010417522105235317,0.009042462466022156,-0.007305378659723352,0.028140422870193985,0.24929356513064982,96,2016,False,"test H3b entrant dans la règle §6 ; dénominateur interpolé entre millésimes RP (2006-2022), prolongé 2 ans ; contrôle = not_yet_treated ; fenêtre 2004-2024 ; 96 traitées, 0 jamais traitées sur la fenêtre ; ATT(g,t) identifiés jusqu'en 2017 (sans unité jamais traitée, la dernière cohorte sert de contrôle) ; grappes = dep (96) ; bandes simultanées sup-t (bootstrap multiplicateur Rademacher, 999 tirages, valeur critique 2.54)",event,0.0,96.0,0.0,0.0,2004.0,2024.0,2004.0,2017.0,96.0,4.0,reg,3.0,51.0,-0.012522207365288697,0.033357251575759334,,
h3,H3,H3b,log(naissances / 1 000 f. en couple 25-39),"département, bascule D3 ≥ 50 %, femmes en couple interpolées entre millésimes",cs,3,0.009107090428069614,0.019028467961005976,-0.02818802145647642,0.046402202312615645,0.6322207630147902,96,2016,False,"test H3b entrant dans la règle §6 ; dénominateur interpolé entre millésimes RP (2006-2022), prolongé 2 ans ; contrôle = not_yet_treated ; fenêtre 2004-2024 ; 96 traitées, 0 jamais traitées sur la fenêtre ; ATT(g,t) identifiés jusqu'en 2017 (sans unité jamais traitée, la dernière cohorte sert de contrôle) ; grappes = dep (96) ; bandes simultanées sup-t (bootstrap multiplicateur Rademacher, 999 tirages, valeur critique 2.54)",event,0.0,96.0,0.0,0.0,2004.0,2024.0,2004.0,2017.0,96.0,4.0,reg,2.0,35.0,-0.03916603306060701,0.057380213916746234,,
h3,H3,H3b,log(naissances / 1 000 f. en couple 25-39),"département, bascule D3 ≥ 50 %, femmes en couple interpolées entre millésimes",cs,4,0.038564302184927665,0.013399176293935302,0.012302399226311597,0.06482620514354373,0.004000657160219915,96,2016,False,"test H3b entrant dans la règle §6 ; dénominateur interpolé entre millésimes RP (2006-2022), prolongé 2 ans ; contrôle = not_yet_treated ; fenêtre 2004-2024 ; 96 traitées, 0 jamais traitées sur la fenêtre ; ATT(g,t) identifiés jusqu'en 2017 (sans unité jamais traitée, la dernière cohorte sert de contrôle) ; grappes = dep (96) ; bandes simultanées sup-t (bootstrap multiplicateur Rademacher, 999 tirages, valeur critique 2.54)",event,0.0,96.0,0.0,0.0,2004.0,2024.0,2004.0,2017.0,96.0,4.0,reg,1.0,2.0,0.004572070481924512,0.07255653388793082,,
h3,H3,H3b,log(naissances / 1 000 f. en couple 25-39),"département, bascule D3 ≥ 50 %, femmes en couple interpolées entre millésimes",cs,"ATT[1,4]",0.017762138701607883,0.010730161721355479,-0.0032685918205391656,0.03879286922375493,0.09785417395539986,96,2016,False,"test H3b entrant dans la règle §6 ; dénominateur interpolé entre millésimes RP (2006-2022), prolongé 2 ans ; contrôle = not_yet_treated ; fenêtre 2004-2024 ; 96 traitées, 0 jamais traitées sur la fenêtre ; ATT(g,t) identifiés jusqu'en 2017 (sans unité jamais traitée, la dernière cohorte sert de contrôle) ; grappes = dep (96) ; bandes simultanées sup-t (bootstrap multiplicateur Rademacher, 999 tirages, valeur critique 2.54) ; écart-type avec covariance complète des coefficients (fonctions d'influence)",post_avg,0.0,96.0,0.0,0.0,2004.0,2024.0,2004.0,2017.0,96.0,4.0,reg,,,,,4.0,
h3,H3,H3b,log(naissances / 1 000 f. en couple 25-39),"département, bascule D3 ≥ 50 %, femmes en couple interpolées entre millésimes",cs,ATT,0.011178030936561768,0.007598745331149161,-0.003715236240182473,0.02607129811330601,0.1412812746067478,96,2016,False,"test H3b entrant dans la règle §6 ; dénominateur interpolé entre millésimes RP (2006-2022), prolongé 2 ans ; contrôle = not_yet_treated ; fenêtre 2004-2024 ; 96 traitées, 0 jamais traitées sur la fenêtre ; ATT(g,t) identifiés jusqu'en 2017 (sans unité jamais traitée, la dernière cohorte sert de contrôle) ; grappes = dep (96) ; bandes simultanées sup-t (bootstrap multiplicateur Rademacher, 999 tirages, valeur critique 2.54) ; moyenne de tous les ATT(g,t) post",simple,0.0,96.0,0.0,0.0,2004.0,2024.0,2004.0,2017.0,96.0,4.0,reg,,,,,,
h3,H3,H3b,log(naissances / 1 000 f. en couple 25-39),"département, bascule D3 ≥ 50 %, femmes en couple interpolées entre millésimes",cs,Wald pré (-8..-2),6.304019822443128,,,,0.5047326314748044,96,2016,False,"H5c : test de Wald joint de nullité des coefficients pré avec covariance des fonctions d'influence, df = 7 ; fenêtre 2004-2024 ; 96 traitées, 0 jamais traitées sur la fenêtre",pre_test,0.0,96.0,0.0,0.0,2004.0,2024.0,2004.0,2017.0,96.0,4.0,reg,,,,,,7.0
h3,H3,H3b,log(naissances / 1 000 f. en couple 25-39),"département, bascule D3 ≥ 50 %, femmes en couple interpolées entre millésimes ; fenêtre identifiée ≤ 2017, cohorte 2018 = contrôle",twfe,-8,0.005073657686218272,0.015118640949357465,-0.02455833406971481,0.034705649442151355,0.7371804166524771,96,2016,False,"test H3b entrant dans la règle §6 ; dénominateur interpolé entre millésimes RP (2006-2022), prolongé 2 ans ; fenêtre 2004-2024 ; 96 traitées, 0 jamais traitées sur la fenêtre ; comparaisons sur la fenêtre identifiée (années < 2018, cohorte 2018 recodée contrôle, 7 unités de contrôle) ; cellules −8 et +8 bornées",event,0.0,96.0,0.0,0.0,2004.0,2024.0,,,,,,,,,,,
h3,H3,H3b,log(naissances / 1 000 f. en couple 25-39),"département, bascule D3 ≥ 50 %, femmes en couple interpolées entre millésimes ; fenêtre identifiée ≤ 2017, cohorte 2018 = contrôle",twfe,-7,0.013686814873917924,0.023479790199900617,-0.0323327282824438,0.05970635803027965,0.5599478566826822,96,2016,False,"test H3b entrant dans la règle §6 ; dénominateur interpolé entre millésimes RP (2006-2022), prolongé 2 ans ; fenêtre 2004-2024 ; 96 traitées, 0 jamais traitées sur la fenêtre ; comparaisons sur la fenêtre identifiée (années < 2018, cohorte 2018 recodée contrôle, 7 unités de contrôle) ; cellules −8 et +8 bornées",event,0.0,96.0,0.0,0.0,2004.0,2024.0,,,,,,,,,,,
h3,H3,H3b,log(naissances / 1 000 f. en couple 25-39),"département, bascule D3 ≥ 50 %, femmes en couple interpolées entre millésimes ; fenêtre identifiée ≤ 2017, cohorte 2018 = contrôle",twfe,-6,0.015525779593605323,0.021708473906556038,-0.02702204742257204,0.05807360660978268,0.4744889111567058,96,2016,False,"test H3b entrant dans la règle §6 ; dénominateur interpolé entre millésimes RP (2006-2022), prolongé 2 ans ; fenêtre 2004-2024 ; 96 traitées, 0 jamais traitées sur la fenêtre ; comparaisons sur la fenêtre identifiée (années < 2018, cohorte 2018 recodée contrôle, 7 unités de contrôle) ; cellules −8 et +8 bornées",event,0.0,96.0,0.0,0.0,2004.0,2024.0,,,,,,,,,,,
h3,H3,H3b,log(naissances / 1 000 f. en couple 25-39),"département, bascule D3 ≥ 50 %, femmes en couple interpolées entre millésimes ; fenêtre identifiée ≤ 2017, cohorte 2018 = contrôle",twfe,-5,0.015833916398865555,0.01898437858489063,-0.021374781896393552,0.05304261469412466,0.4042529442547348,96,2016,False,"test H3b entrant dans la règle §6 ; dénominateur interpolé entre millésimes RP (2006-2022), prolongé 2 ans ; fenêtre 2004-2024 ; 96 traitées, 0 jamais traitées sur la fenêtre ; comparaisons sur la fenêtre identifiée (années < 2018, cohorte 2018 recodée contrôle, 7 unités de contrôle) ; cellules −8 et +8 bornées",event,0.0,96.0,0.0,0.0,2004.0,2024.0,,,,,,,,,,,
h3,H3,H3b,log(naissances / 1 000 f. en couple 25-39),"département, bascule D3 ≥ 50 %, femmes en couple interpolées entre millésimes ; fenêtre identifiée ≤ 2017, cohorte 2018 = contrôle",twfe,-4,0.014831790502210354,0.015312265219776633,-0.015179697850277143,0.044843278854697854,0.33273403313622674,96,2016,False,"test H3b entrant dans la règle §6 ; dénominateur interpolé entre millésimes RP (2006-2022), prolongé 2 ans ; fenêtre 2004-2024 ; 96 traitées, 0 jamais traitées sur la fenêtre ; comparaisons sur la fenêtre identifiée (années < 2018, cohorte 2018 recodée contrôle, 7 unités de contrôle) ; cellules −8 et +8 bornées",event,0.0,96.0,0.0,0.0,2004.0,2024.0,,,,,,,,,,,
h3,H3,H3b,log(naissances / 1 000 f. en couple 25-39),"département, bascule D3 ≥ 50 %, femmes en couple interpolées entre millésimes ; fenêtre identifiée ≤ 2017, cohorte 2018 = contrôle",twfe,-3,0.00949605851698348,0.010293759024682152,-0.01067933843692769,0.02967145547089465,0.3562644967734039,96,2016,False,"test H3b entrant dans la règle §6 ; dénominateur interpolé entre millésimes RP (2006-2022), prolongé 2 ans ; fenêtre 2004-2024 ; 96 traitées, 0 jamais traitées sur la fenêtre ; comparaisons sur la fenêtre identifiée (années < 2018, cohorte 2018 recodée contrôle, 7 unités de contrôle) ; cellules −8 et +8 bornées",event,0.0,96.0,0.0,0.0,2004.0,2024.0,,,,,,,,,,,
h3,H3,H3b,log(naissances / 1 000 f. en couple 25-39),"département, bascule D3 ≥ 50 %, femmes en couple interpolées entre millésimes ; fenêtre identifiée ≤ 2017, cohorte 2018 = contrôle",twfe,-2,0.005510047540083013,0.005809252288104077,-0.00587587772170788,0.016895972801873906,0.34287744773403495,96,2016,False,"test H3b entrant dans la règle §6 ; dénominateur interpolé entre millésimes RP (2006-2022), prolongé 2 ans ; fenêtre 2004-2024 ; 96 traitées, 0 jamais traitées sur la fenêtre ; comparaisons sur la fenêtre identifiée (années < 2018, cohorte 2018 recodée contrôle, 7 unités de contrôle) ; cellules −8 et +8 bornées",event,0.0,96.0,0.0,0.0,2004.0,2024.0,,,,,,,,,,,
h3,H3,H3b,log(naissances / 1 000 f. en couple 25-39),"département, bascule D3 ≥ 50 %, femmes en couple interpolées entre millésimes ; fenêtre identifiée ≤ 2017, cohorte 2018 = contrôle",twfe,0,0.003625900636550291,0.006440253964073296,-0.008996765184324684,0.016248566457425267,0.573430902616723,96,2016,False,"test H3b entrant dans la règle §6 ; dénominateur interpolé entre millésimes RP (2006-2022), prolongé 2 ans ; fenêtre 2004-2024 ; 96 traitées, 0 jamais traitées sur la fenêtre ; comparaisons sur la fenêtre identifiée (années < 2018, cohorte 2018 recodée contrôle, 7 unités de contrôle) ; cellules −8 et +8 bornées",event,0.0,96.0,0.0,0.0,2004.0,2024.0,,,,,,,,,,,
h3,H3,H3b,log(naissances / 1 000 f. en couple 25-39),"département, bascule D3 ≥ 50 %, femmes en couple interpolées entre millésimes ; fenêtre identifiée ≤ 2017, cohorte 2018 = contrôle",twfe,1,0.0035702081127676278,0.011450418571853539,-0.01887219989597387,0.026012616121509125,0.7551946744762215,96,2016,False,"test H3b entrant dans la règle §6 ; dénominateur interpolé entre millésimes RP (2006-2022), prolongé 2 ans ; fenêtre 2004-2024 ; 96 traitées, 0 jamais traitées sur la fenêtre ; comparaisons sur la fenêtre identifiée (années < 2018, cohorte 2018 recodée contrôle, 7 unités de contrôle) ; cellules −8 et +8 bornées",event,0.0,96.0,0.0,0.0,2004.0,2024.0,,,,,,,,,,,
h3,H3,H3b,log(naissances / 1 000 f. en couple 25-39),"département, bascule D3 ≥ 50 %, femmes en couple interpolées entre millésimes ; fenêtre identifiée ≤ 2017, cohorte 2018 = contrôle",twfe,2,0.0036925336166495136,0.01720357779449281,-0.030025859265789406,0.037410926499088434,0.8300499233075749,96,2016,False,"test H3b entrant dans la règle §6 ; dénominateur interpolé entre millésimes RP (2006-2022), prolongé 2 ans ; fenêtre 2004-2024 ; 96 traitées, 0 jamais traitées sur la fenêtre ; comparaisons sur la fenêtre identifiée (années < 2018, cohorte 2018 recodée contrôle, 7 unités de contrôle) ; cellules −8 et +8 bornées",event,0.0,96.0,0.0,0.0,2004.0,2024.0,,,,,,,,,,,
h3,H3,H3b,log(naissances / 1 000 f. en couple 25-39),"département, bascule D3 ≥ 50 %, femmes en couple interpolées entre millésimes ; fenêtre identifiée ≤ 2017, cohorte 2018 = contrôle",twfe,3,0.014006480198718347,0.02654487813094699,-0.03802052491194265,0.06603348530937934,0.597740314669221,96,2016,False,"test H3b entrant dans la règle §6 ; dénominateur interpolé entre millésimes RP (2006-2022), prolongé 2 ans ; fenêtre 2004-2024 ; 96 traitées, 0 jamais traitées sur la fenêtre ; comparaisons sur la fenêtre identifiée (années < 2018, cohorte 2018 recodée contrôle, 7 unités de contrôle) ; cellules −8 et +8 bornées",event,0.0,96.0,0.0,0.0,2004.0,2024.0,,,,,,,,,,,
h3,H3,H3b,log(naissances / 1 000 f. en couple 25-39),"département, bascule D3 ≥ 50 %, femmes en couple interpolées entre millésimes ; fenêtre identifiée ≤ 2017, cohorte 2018 = contrôle",twfe,4,-0.1535189828667075,0.07614059842385468,-0.3027518135387899,-0.004286152194625137,0.04377315231792311,96,2016,False,"test H3b entrant dans la règle §6 ; dénominateur interpolé entre millésimes RP (2006-2022), prolongé 2 ans ; fenêtre 2004-2024 ; 96 traitées, 0 jamais traitées sur la fenêtre ; comparaisons sur la fenêtre identifiée (années < 2018, cohorte 2018 recodée contrôle, 7 unités de contrôle) ; cellules −8 et +8 bornées",event,0.0,96.0,0.0,0.0,2004.0,2024.0,,,,,,,,,,,
h3,H3,H3b,log(naissances / 1 000 f. en couple 25-39),"département, bascule D3 ≥ 50 %, femmes en couple interpolées entre millésimes ; fenêtre identifiée ≤ 2017, cohorte 2018 = contrôle",twfe,"ATT[1,4]",-0.033062440234643005,0.029575937858702404,-0.09103021324669441,0.024905332777408397,0.26361693628945093,96,2016,False,"test H3b entrant dans la règle §6 ; dénominateur interpolé entre millésimes RP (2006-2022), prolongé 2 ans ; fenêtre 2004-2024 ; 96 traitées, 0 jamais traitées sur la fenêtre ; comparaisons sur la fenêtre identifiée (années < 2018, cohorte 2018 recodée contrôle, 7 unités de contrôle) ; écart-type avec covariance complète (w'Vw)",post_avg,0.0,96.0,0.0,0.0,2004.0,2024.0,,,,,,,,,,,
h3,H3,H3b,log(naissances / 1 000 f. en couple 25-39),"département, bascule D3 ≥ 50 %, femmes en couple interpolées entre millésimes ; fenêtre identifiée ≤ 2017, cohorte 2018 = contrôle",twfe,Wald pré (-8..−2),4.053104810041722,,,,0.7736408597455221,96,2016,False,"test de Wald joint, covariance groupée, df = 7 ; fenêtre 2004-2024 ; 96 traitées, 0 jamais traitées sur la fenêtre",pre_test,0.0,96.0,0.0,0.0,2004.0,2024.0,,,,,,,,,,,7.0
h3,H3,H3b,log(naissances / 1 000 f. en couple 25-39),"département, bascule D3 ≥ 50 %, femmes en couple interpolées entre millésimes ; fenêtre identifiée ≤ 2017, cohorte 2018 = contrôle",twfe,ATT,3.6486301647871404e-05,0.011692420975573119,-0.022880237702556126,0.02295321030585187,0.9975101983087985,96,2016,False,"test H3b entrant dans la règle §6 ; dénominateur interpolé entre millésimes RP (2006-2022), prolongé 2 ans ; fenêtre 2004-2024 ; 96 traitées, 0 jamais traitées sur la fenêtre ; comparaisons sur la fenêtre identifiée (années < 2018, cohorte 2018 recodée contrôle, 7 unités de contrôle)",static,0.0,96.0,0.0,0.0,2004.0,2024.0,,,,,,,,,,,
h3,H3,H3b,log(naissances / 1 000 f. en couple 25-39),"département, bascule D3 ≥ 50 %, femmes en couple interpolées entre millésimes ; fenêtre complète",twfe,ATT,0.0015494970186847544,0.007263913814867981,-0.012687512445259438,0.015786506482628946,0.8310817852268901,96,2016,True,"test H3b entrant dans la règle §6 ; dénominateur interpolé entre millésimes RP (2006-2022), prolongé 2 ans ; fenêtre 2004-2024 ; 96 traitées, 0 jamais traitées sur la fenêtre ; TWFE sur toutes les années (identification par le calendrier des bascules seulement)",static,0.0,96.0,0.0,0.0,2004.0,2024.0,,,,,,,,,,,
h3,H3,H3b,log(naissances / 1 000 f. en couple 25-39),"département, bascule D3 ≥ 50 %, femmes en couple interpolées, covariables de pré-période agrégées",cs,-8,-0.007245880600696161,0.014635558045559405,-0.03593104726363802,0.021439286062245697,0.6205384169224077,96,2016,True,"forme préenregistrée (doublement robuste) ; conditionnement numériquement instable à 96 unités (cohortes de 2 à 33 départements, 6 covariables : estimations de plusieurs log-points au test de fonctionnement) ; rapporté, non interprétable, hors familles de Holm (A2.5) ; covariables : log_med12, share_fsup, unemp_1524, dens_inter, dens_rural, pretrend_0811 (doublement robuste) ; contrôle = not_yet_treated ; fenêtre 2004-2024 ; 96 traitées, 0 jamais traitées sur la fenêtre ; ATT(g,t) identifiés jusqu'en 2017 (sans unité jamais traitée, la dernière cohorte sert de contrôle) ; grappes = dep (96)",event,0.0,96.0,0.0,0.0,2004.0,2024.0,2004.0,2017.0,96.0,1.0,dr,5.0,89.0,,,,
h3,H3,H3b,log(naissances / 1 000 f. en couple 25-39),"département, bascule D3 ≥ 50 %, femmes en couple interpolées, covariables de pré-période agrégées",cs,-7,-0.0018987705042714806,0.01589877328845259,-0.033059793548006,0.029262252539463036,0.9049356908719248,96,2016,True,"forme préenregistrée (doublement robuste) ; conditionnement numériquement instable à 96 unités (cohortes de 2 à 33 départements, 6 covariables : estimations de plusieurs log-points au test de fonctionnement) ; rapporté, non interprétable, hors familles de Holm (A2.5) ; covariables : log_med12, share_fsup, unemp_1524, dens_inter, dens_rural, pretrend_0811 (doublement robuste) ; contrôle = not_yet_treated ; fenêtre 2004-2024 ; 96 traitées, 0 jamais traitées sur la fenêtre ; ATT(g,t) identifiés jusqu'en 2017 (sans unité jamais traitée, la dernière cohorte sert de contrôle) ; grappes = dep (96)",event,0.0,96.0,0.0,0.0,2004.0,2024.0,2004.0,2017.0,96.0,1.0,dr,5.0,89.0,,,,
h3,H3,H3b,log(naissances / 1 000 f. en couple 25-39),"département, bascule D3 ≥ 50 %, femmes en couple interpolées, covariables de pré-période agrégées",cs,-6,-0.004681255731764089,0.01061052785602772,-0.025477508186537417,0.01611499672300924,0.659075660395124,96,2016,True,"forme préenregistrée (doublement robuste) ; conditionnement numériquement instable à 96 unités (cohortes de 2 à 33 départements, 6 covariables : estimations de plusieurs log-points au test de fonctionnement) ; rapporté, non interprétable, hors familles de Holm (A2.5) ; covariables : log_med12, share_fsup, unemp_1524, dens_inter, dens_rural, pretrend_0811 (doublement robuste) ; contrôle = not_yet_treated ; fenêtre 2004-2024 ; 96 traitées, 0 jamais traitées sur la fenêtre ; ATT(g,t) identifiés jusqu'en 2017 (sans unité jamais traitée, la dernière cohorte sert de contrôle) ; grappes = dep (96)",event,0.0,96.0,0.0,0.0,2004.0,2024.0,2004.0,2017.0,96.0,1.0,dr,5.0,89.0,,,,
h3,H3,H3b,log(naissances / 1 000 f. en couple 25-39),"département, bascule D3 ≥ 50 %, femmes en couple interpolées, covariables de pré-période agrégées",cs,-5,-0.01089439545221537,0.013325120790177574,-0.03701115229060932,0.015222361386178579,0.4135951998285766,96,2016,True,"forme préenregistrée (doublement robuste) ; conditionnement numériquement instable à 96 unités (cohortes de 2 à 33 départements, 6 covariables : estimations de plusieurs log-points au test de fonctionnement) ; rapporté, non interprétable, hors familles de Holm (A2.5) ; covariables : log_med12, share_fsup, unemp_1524, dens_inter, dens_rural, pretrend_0811 (doublement robuste) ; contrôle = not_yet_treated ; fenêtre 2004-2024 ; 96 traitées, 0 jamais traitées sur la fenêtre ; ATT(g,t) identifiés jusqu'en 2017 (sans unité jamais traitée, la dernière cohorte sert de contrôle) ; grappes = dep (96)",event,0.0,96.0,0.0,0.0,2004.0,2024.0,2004.0,2017.0,96.0,1.0,dr,5.0,89.0,,,,
h3,H3,H3b,log(naissances / 1 000 f. en couple 25-39),"département, bascule D3 ≥ 50 %, femmes en couple interpolées, covariables de pré-période agrégées",cs,-4,-0.0056041214641434755,0.007805550226514191,-0.02090271878762975,0.0096944758593428,0.4727781096632,96,2016,True,"forme préenregistrée (doublement robuste) ; conditionnement numériquement instable à 96 unités (cohortes de 2 à 33 départements, 6 covariables : estimations de plusieurs log-points au test de fonctionnement) ; rapporté, non interprétable, hors familles de Holm (A2.5) ; covariables : log_med12, share_fsup, unemp_1524, dens_inter, dens_rural, pretrend_0811 (doublement robuste) ; contrôle = not_yet_treated ; fenêtre 2004-2024 ; 96 traitées, 0 jamais traitées sur la fenêtre ; ATT(g,t) identifiés jusqu'en 2017 (sans unité jamais traitée, la dernière cohorte sert de contrôle) ; grappes = dep (96)",event,0.0,96.0,0.0,0.0,2004.0,2024.0,2004.0,2017.0,96.0,1.0,dr,5.0,89.0,,,,
h3,H3,H3b,log(naissances / 1 000 f. en couple 25-39),"département, bascule D3 ≥ 50 %, femmes en couple interpolées, covariables de pré-période agrégées",cs,-3,-0.0031121083121595913,0.012095332637904998,-0.026818524663485235,0.02059430803916605,0.7969485183192475,96,2016,True,"forme préenregistrée (doublement robuste) ; conditionnement numériquement instable à 96 unités (cohortes de 2 à 33 départements, 6 covariables : estimations de plusieurs log-points au test de fonctionnement) ; rapporté, non interprétable, hors familles de Holm (A2.5) ; covariables : log_med12, share_fsup, unemp_1524, dens_inter, dens_rural, pretrend_0811 (doublement robuste) ; contrôle = not_yet_treated ; fenêtre 2004-2024 ; 96 traitées, 0 jamais traitées sur la fenêtre ; ATT(g,t) identifiés jusqu'en 2017 (sans unité jamais traitée, la dernière cohorte sert de contrôle) ; grappes = dep (96)",event,0.0,96.0,0.0,0.0,2004.0,2024.0,2004.0,2017.0,96.0,1.0,dr,5.0,89.0,,,,
h3,H3,H3b,log(naissances / 1 000 f. en couple 25-39),"département, bascule D3 ≥ 50 %, femmes en couple interpolées, covariables de pré-période agrégées",cs,-2,0.006304195557941649,0.009862277018058077,-0.013025512203009262,0.02563390331889256,0.5226777889012555,96,2016,True,"forme préenregistrée (doublement robuste) ; conditionnement numériquement instable à 96 unités (cohortes de 2 à 33 départements, 6 covariables : estimations de plusieurs log-points au test de fonctionnement) ; rapporté, non interprétable, hors familles de Holm (A2.5) ; covariables : log_med12, share_fsup, unemp_1524, dens_inter, dens_rural, pretrend_0811 (doublement robuste) ; contrôle = not_yet_treated ; fenêtre 2004-2024 ; 96 traitées, 0 jamais traitées sur la fenêtre ; ATT(g,t) identifiés jusqu'en 2017 (sans unité jamais traitée, la dernière cohorte sert de contrôle) ; grappes = dep (96)",event,0.0,96.0,0.0,0.0,2004.0,2024.0,2004.0,2017.0,96.0,1.0,dr,5.0,89.0,,,,
h3,H3,H3b,log(naissances / 1 000 f. en couple 25-39),"département, bascule D3 ≥ 50 %, femmes en couple interpolées, covariables de pré-période agrégées",cs,0,0.006662070197622064,0.009948846368812549,-0.01283731037297263,0.026161450768216757,0.5030921336673639,96,2016,True,"forme préenregistrée (doublement robuste) ; conditionnement numériquement instable à 96 unités (cohortes de 2 à 33 départements, 6 covariables : estimations de plusieurs log-points au test de fonctionnement) ; rapporté, non interprétable, hors familles de Holm (A2.5) ; covariables : log_med12, share_fsup, unemp_1524, dens_inter, dens_rural, pretrend_0811 (doublement robuste) ; contrôle = not_yet_treated ; fenêtre 2004-2024 ; 96 traitées, 0 jamais traitées sur la fenêtre ; ATT(g,t) identifiés jusqu'en 2017 (sans unité jamais traitée, la dernière cohorte sert de contrôle) ; grappes = dep (96)",event,0.0,96.0,0.0,0.0,2004.0,2024.0,2004.0,2017.0,96.0,1.0,dr,5.0,89.0,,,,
h3,H3,H3b,log(naissances / 1 000 f. en couple 25-39),"département, bascule D3 ≥ 50 %, femmes en couple interpolées, covariables de pré-période agrégées",cs,4,0.7445982961656064,0.1304526152390429,0.4889158686080213,1.0002807237231914,1.1444135975589581e-08,96,2016,True,"forme préenregistrée (doublement robuste) ; conditionnement numériquement instable à 96 unités (cohortes de 2 à 33 départements, 6 covariables : estimations de plusieurs log-points au test de fonctionnement) ; rapporté, non interprétable, hors familles de Holm (A2.5) ; covariables : log_med12, share_fsup, unemp_1524, dens_inter, dens_rural, pretrend_0811 (doublement robuste) ; contrôle = not_yet_treated ; fenêtre 2004-2024 ; 96 traitées, 0 jamais traitées sur la fenêtre ; ATT(g,t) identifiés jusqu'en 2017 (sans unité jamais traitée, la dernière cohorte sert de contrôle) ; grappes = dep (96)",event,0.0,96.0,0.0,0.0,2004.0,2024.0,2004.0,2017.0,96.0,1.0,dr,1.0,2.0,,,,
h3,H3,H3b,log(naissances / 1 000 f. en couple 25-39),"département, bascule D3 ≥ 50 %, femmes en couple interpolées, covariables de pré-période agrégées",cs,"ATT[1,4]",0.7445982961656064,0.1304526152390429,0.4889158686080213,1.0002807237231914,1.1444135975589581e-08,96,2016,True,"forme préenregistrée (doublement robuste) ; conditionnement numériquement instable à 96 unités (cohortes de 2 à 33 départements, 6 covariables : estimations de plusieurs log-points au test de fonctionnement) ; rapporté, non interprétable, hors familles de Holm (A2.5) ; covariables : log_med12, share_fsup, unemp_1524, dens_inter, dens_rural, pretrend_0811 (doublement robuste) ; contrôle = not_yet_treated ; fenêtre 2004-2024 ; 96 traitées, 0 jamais traitées sur la fenêtre ; ATT(g,t) identifiés jusqu'en 2017 (sans unité jamais traitée, la dernière cohorte sert de contrôle) ; grappes = dep (96) ; écart-type avec covariance complète des coefficients (fonctions d'influence)",post_avg,0.0,96.0,0.0,0.0,2004.0,2024.0,2004.0,2017.0,96.0,1.0,dr,,,,,1.0,
h3,H3,H3b,log(naissances / 1 000 f. en couple 25-39),"département, bascule D3 ≥ 50 %, femmes en couple interpolées, covariables de pré-période agrégées",cs,ATT,0.0266062925210811,0.017344701039785762,-0.007388696839513424,0.06060128188167562,0.1250364451672776,96,2016,True,"forme préenregistrée (doublement robuste) ; conditionnement numériquement instable à 96 unités (cohortes de 2 à 33 départements, 6 covariables : estimations de plusieurs log-points au test de fonctionnement) ; rapporté, non interprétable, hors familles de Holm (A2.5) ; covariables : log_med12, share_fsup, unemp_1524, dens_inter, dens_rural, pretrend_0811 (doublement robuste) ; contrôle = not_yet_treated ; fenêtre 2004-2024 ; 96 traitées, 0 jamais traitées sur la fenêtre ; ATT(g,t) identifiés jusqu'en 2017 (sans unité jamais traitée, la dernière cohorte sert de contrôle) ; grappes = dep (96) ; moyenne de tous les ATT(g,t) post",simple,0.0,96.0,0.0,0.0,2004.0,2024.0,2004.0,2017.0,96.0,1.0,dr,,,,,,
h3,H3,H3b,log(naissances / 1 000 f. en couple 25-39),"département, bascule D3 ≥ 50 %, femmes en couple interpolées, covariables de pré-période agrégées",cs,Wald pré (-8..-2),9.560651343804109,,,,0.21486754156741425,96,2016,True,"H5c : test de Wald joint de nullité des coefficients pré avec covariance des fonctions d'influence, df = 7 ; fenêtre 2004-2024 ; 96 traitées, 0 jamais traitées sur la fenêtre",pre_test,0.0,96.0,0.0,0.0,2004.0,2024.0,2004.0,2017.0,96.0,1.0,dr,,,,,,7.0
h3,H3,H3b,log(naissances / 1 000 f. en couple 25-39) (RP 2011 → 2016),"département, différence longue entre millésimes",long_diff,Δ2011→2016 sur treated_by_2016,0.0097122141012738,0.009913030123971123,-0.009716967919370227,0.02914139612191783,0.32721338178695536,96,96,False,Δ régressée sur bascule D3 ≥ 50 % ≤ 2016 ; erreurs robustes ; millésimes RP seuls (A2),long_diff,,,,,,,,,,,,,,,,,
h3,H3,H3b,log(naissances / 1 000 f. en couple 25-39) (RP 2011 → 2021),"département, différence longue entre millésimes",long_diff,Δ2011→2021 sur exposure_2021,-0.00623937657924517,0.004067128257393063,-0.014210801484240726,0.0017320483257503858,0.12500534849374412,96,96,False,Δ régressée sur années d'exposition en 2021 ; erreurs robustes ; millésimes RP seuls (A2),long_diff,,,,,,,,,,,,,,,,,
h3,H3,H3b,log(naissances / 1 000 f. en couple 15-24),"département, bascule D3 ≥ 50 %, femmes en couple interpolées entre millésimes",cs,-8,0.020711987110174863,0.018376672159574035,-0.015305628478290138,0.056729602698639865,0.2597084870549037,96,2016,False,"dénominateur interpolé entre millésimes RP (2006-2022), prolongé 2 ans ; contrôle = not_yet_treated ; fenêtre 2004-2024 ; 96 traitées, 0 jamais traitées sur la fenêtre ; ATT(g,t) identifiés jusqu'en 2017 (sans unité jamais traitée, la dernière cohorte sert de contrôle) ; grappes = dep (96)",event,0.0,96.0,0.0,0.0,2004.0,2024.0,2004.0,2017.0,96.0,4.0,reg,5.0,89.0,,,,
h3,H3,H3b,log(naissances / 1 000 f. en couple 15-24),"département, bascule D3 ≥ 50 %, femmes en couple interpolées entre millésimes",cs,-7,0.015289686980667745,0.01782505049055748,-0.019646770003432935,0.050226143964768426,0.3910227806063318,96,2016,False,"dénominateur interpolé entre millésimes RP (2006-2022), prolongé 2 ans ; contrôle = not_yet_treated ; fenêtre 2004-2024 ; 96 traitées, 0 jamais traitées sur la fenêtre ; ATT(g,t) identifiés jusqu'en 2017 (sans unité jamais traitée, la dernière cohorte sert de contrôle) ; grappes = dep (96)",event,0.0,96.0,0.0,0.0,2004.0,2024.0,2004.0,2017.0,96.0,4.0,reg,5.0,89.0,,,,
h3,H3,H3b,log(naissances / 1 000 f. en couple 15-24),"département, bascule D3 ≥ 50 %, femmes en couple interpolées entre millésimes",cs,-6,0.011563484795417776,0.015330614886075847,-0.01848396824214451,0.04161093783298006,0.45068468824856645,96,2016,False,"dénominateur interpolé entre millésimes RP (2006-2022), prolongé 2 ans ; contrôle = not_yet_treated ; fenêtre 2004-2024 ; 96 traitées, 0 jamais traitées sur la fenêtre ; ATT(g,t) identifiés jusqu'en 2017 (sans unité jamais traitée, la dernière cohorte sert de contrôle) ; grappes = dep (96)",event,0.0,96.0,0.0,0.0,2004.0,2024.0,2004.0,2017.0,96.0,4.0,reg,5.0,89.0,,,,
h3,H3,H3b,log(naissances / 1 000 f. en couple 15-24),"département, bascule D3 ≥ 50 %, femmes en couple interpolées entre millésimes",cs,-5,0.012466663574510468,0.013449476564123,-0.013893826102086124,0.03882715325110706,0.3539651860869715,96,2016,False,"dénominateur interpolé entre millésimes RP (2006-2022), prolongé 2 ans ; contrôle = not_yet_treated ; fenêtre 2004-2024 ; 96 traitées, 0 jamais traitées sur la fenêtre ; ATT(g,t) identifiés jusqu'en 2017 (sans unité jamais traitée, la dernière cohorte sert de contrôle) ; grappes = dep (96)",event,0.0,96.0,0.0,0.0,2004.0,2024.0,2004.0,2017.0,96.0,4.0,reg,5.0,89.0,,,,
h3,H3,H3b,log(naissances / 1 000 f. en couple 15-24),"département, bascule D3 ≥ 50 %, femmes en couple interpolées entre millésimes",cs,-4,0.010707693710334993,0.012535582849281064,-0.013861597199473885,0.03527698462014387,0.3930030730795532,96,2016,False,"dénominateur interpolé entre millésimes RP (2006-2022), prolongé 2 ans ; contrôle = not_yet_treated ; fenêtre 2004-2024 ; 96 traitées, 0 jamais traitées sur la fenêtre ; ATT(g,t) identifiés jusqu'en 2017 (sans unité jamais traitée, la dernière cohorte sert de contrôle) ; grappes = dep (96)",event,0.0,96.0,0.0,0.0,2004.0,2024.0,2004.0,2017.0,96.0,4.0,reg,5.0,89.0,,,,
h3,H3,H3b,log(naissances / 1 000 f. en couple 15-24),"département, bascule D3 ≥ 50 %, femmes en couple interpolées entre millésimes",cs,-3,0.009176463822603259,0.01204267563458098,-0.014426746698673505,0.03277967434388002,0.4460627305107667,96,2016,False,"dénominateur interpolé entre millésimes RP (2006-2022), prolongé 2 ans ; contrôle = not_yet_treated ; fenêtre 2004-2024 ; 96 traitées, 0 jamais traitées sur la fenêtre ; ATT(g,t) identifiés jusqu'en 2017 (sans unité jamais traitée, la dernière cohorte sert de contrôle) ; grappes = dep (96)",event,0.0,96.0,0.0,0.0,2004.0,2024.0,2004.0,2017.0,96.0,4.0,reg,5.0,89.0,,,,
h3,H3,H3b,log(naissances / 1 000 f. en couple 15-24),"département, bascule D3 ≥ 50 %, femmes en couple interpolées entre millésimes",cs,-2,0.007409757681585813,0.009899051955232567,-0.011992027631760821,0.02681154299493245,0.454139298952689,96,2016,False,"dénominateur interpolé entre millésimes RP (2006-2022), prolongé 2 ans ; contrôle = not_yet_treated ; fenêtre 2004-2024 ; 96 traitées, 0 jamais traitées sur la fenêtre ; ATT(g,t) identifiés jusqu'en 2017 (sans unité jamais traitée, la dernière cohorte sert de contrôle) ; grappes = dep (96)",event,0.0,96.0,0.0,0.0,2004.0,2024.0,2004.0,2017.0,96.0,4.0,reg,5.0,89.0,,,,
h3,H3,H3b,log(naissances / 1 000 f. en couple 15-24),"département, bascule D3 ≥ 50 %, femmes en couple interpolées entre millésimes",cs,0,0.004558098716001945,0.010552081723089876,-0.016123601423177567,0.025239798855181458,0.6657690048966655,96,2016,False,"dénominateur interpolé entre millésimes RP (2006-2022), prolongé 2 ans ; contrôle = not_yet_treated ; fenêtre 2004-2024 ; 96 traitées, 0 jamais traitées sur la fenêtre ; ATT(g,t) identifiés jusqu'en 2017 (sans unité jamais traitée, la dernière cohorte sert de contrôle) ; grappes = dep (96)",event,0.0,96.0,0.0,0.0,2004.0,2024.0,2004.0,2017.0,96.0,4.0,reg,5.0,89.0,,,,
h3,H3,H3b,log(naissances / 1 000 f. en couple 15-24),"département, bascule D3 ≥ 50 %, femmes en couple interpolées entre millésimes",cs,1,-0.0026580293197342487,0.012652316508893532,-0.027456113998167123,0.022140055358698625,0.8336033431018754,96,2016,False,"dénominateur interpolé entre millésimes RP (2006-2022), prolongé 2 ans ; contrôle = not_yet_treated ; fenêtre 2004-2024 ; 96 traitées, 0 jamais traitées sur la fenêtre ; ATT(g,t) identifiés jusqu'en 2017 (sans unité jamais traitée, la dernière cohorte sert de contrôle) ; grappes = dep (96)",event,0.0,96.0,0.0,0.0,2004.0,2024.0,2004.0,2017.0,96.0,4.0,reg,4.0,74.0,,,,
h3,H3,H3b,log(naissances / 1 000 f. en couple 15-24),"département, bascule D3 ≥ 50 %, femmes en couple interpolées entre millésimes",cs,2,0.0056709899911804315,0.02253010335939366,-0.03848720116119603,0.04982918114355689,0.8012673653193324,96,2016,False,"dénominateur interpolé entre millésimes RP (2006-2022), prolongé 2 ans ; contrôle = not_yet_treated ; fenêtre 2004-2024 ; 96 traitées, 0 jamais traitées sur la fenêtre ; ATT(g,t) identifiés jusqu'en 2017 (sans unité jamais traitée, la dernière cohorte sert de contrôle) ; grappes = dep (96)",event,0.0,96.0,0.0,0.0,2004.0,2024.0,2004.0,2017.0,96.0,4.0,reg,3.0,51.0,,,,
h3,H3,H3b,log(naissances / 1 000 f. en couple 15-24),"département, bascule D3 ≥ 50 %, femmes en couple interpolées entre millésimes",cs,3,0.014545386316321806,0.04100399952963464,-0.0658209759838594,0.09491174861650302,0.7227911875317217,96,2016,False,"dénominateur interpolé entre millésimes RP (2006-2022), prolongé 2 ans ; contrôle = not_yet_treated ; fenêtre 2004-2024 ; 96 traitées, 0 jamais traitées sur la fenêtre ; ATT(g,t) identifiés jusqu'en 2017 (sans unité jamais traitée, la dernière cohorte sert de contrôle) ; grappes = dep (96)",event,0.0,96.0,0.0,0.0,2004.0,2024.0,2004.0,2017.0,96.0,4.0,reg,2.0,35.0,,,,
h3,H3,H3b,log(naissances / 1 000 f. en couple 15-24),"département, bascule D3 ≥ 50 %, femmes en couple interpolées entre millésimes",cs,4,0.052779109983655426,0.04499579028254717,-0.03541101842605436,0.14096923839336523,0.24080429045113427,96,2016,False,"dénominateur interpolé entre millésimes RP (2006-2022), prolongé 2 ans ; contrôle = not_yet_treated ; fenêtre 2004-2024 ; 96 traitées, 0 jamais traitées sur la fenêtre ; ATT(g,t) identifiés jusqu'en 2017 (sans unité jamais traitée, la dernière cohorte sert de contrôle) ; grappes = dep (96)",event,0.0,96.0,0.0,0.0,2004.0,2024.0,2004.0,2017.0,96.0,4.0,reg,1.0,2.0,,,,
h3,H3,H3b,log(naissances / 1 000 f. en couple 15-24),"département, bascule D3 ≥ 50 %, femmes en couple interpolées entre millésimes",cs,"ATT[1,4]",0.01758436424285585,0.02325631237834182,-0.027997170431907165,0.06316589891761887,0.4495823732147074,96,2016,False,"dénominateur interpolé entre millésimes RP (2006-2022), prolongé 2 ans ; contrôle = not_yet_treated ; fenêtre 2004-2024 ; 96 traitées, 0 jamais traitées sur la fenêtre ; ATT(g,t) identifiés jusqu'en 2017 (sans unité jamais traitée, la dernière cohorte sert de contrôle) ; grappes = dep (96) ; écart-type avec covariance complète des coefficients (fonctions d'influence)",post_avg,0.0,96.0,0.0,0.0,2004.0,2024.0,2004.0,2017.0,96.0,4.0,reg,,,,,4.0,
h3,H3,H3b,log(naissances / 1 000 f. en couple 15-24),"département, bascule D3 ≥ 50 %, femmes en couple interpolées entre millésimes",cs,ATT,0.00443364082331719,0.01465554195827115,-0.024290693588809878,0.03315797523544426,0.7622532830850226,96,2016,False,"dénominateur interpolé entre millésimes RP (2006-2022), prolongé 2 ans ; contrôle = not_yet_treated ; fenêtre 2004-2024 ; 96 traitées, 0 jamais traitées sur la fenêtre ; ATT(g,t) identifiés jusqu'en 2017 (sans unité jamais traitée, la dernière cohorte sert de contrôle) ; grappes = dep (96) ; moyenne de tous les ATT(g,t) post",simple,0.0,96.0,0.0,0.0,2004.0,2024.0,2004.0,2017.0,96.0,4.0,reg,,,,,,
h3,H3,H3b,log(naissances / 1 000 f. en couple 15-24),"département, bascule D3 ≥ 50 %, femmes en couple interpolées entre millésimes",cs,Wald pré (-8..-2),1.5118055170908882,,,,0.981898136792498,96,2016,False,"H5c : test de Wald joint de nullité des coefficients pré avec covariance des fonctions d'influence, df = 7 ; fenêtre 2004-2024 ; 96 traitées, 0 jamais traitées sur la fenêtre",pre_test,0.0,96.0,0.0,0.0,2004.0,2024.0,2004.0,2017.0,96.0,4.0,reg,,,,,,7.0
h3,H3,H3b,log(naissances / 1 000 f. en couple 15-24),"département, bascule D3 ≥ 50 %, femmes en couple interpolées entre millésimes ; fenêtre identifiée ≤ 2017, cohorte 2018 = contrôle",twfe,-8,0.020225377875063875,0.02834249813180179,-0.035324897695161395,0.07577565344528915,0.4754708212027976,96,2016,False,"dénominateur interpolé entre millésimes RP (2006-2022), prolongé 2 ans ; fenêtre 2004-2024 ; 96 traitées, 0 jamais traitées sur la fenêtre ; comparaisons sur la fenêtre identifiée (années < 2018, cohorte 2018 recodée contrôle, 7 unités de contrôle) ; cellules −8 et +8 bornées",event,0.0,96.0,0.0,0.0,2004.0,2024.0,,,,,,,,,,,
h3,H3,H3b,log(naissances / 1 000 f. en couple 15-24),"département, bascule D3 ≥ 50 %, femmes en couple interpolées entre millésimes ; fenêtre identifiée ≤ 2017, cohorte 2018 = contrôle",twfe,-7,0.03182381775045606,0.03285299056459444,-0.03256686054058325,0.09621449604149537,0.3327081732325967,96,2016,False,"dénominateur interpolé entre millésimes RP (2006-2022), prolongé 2 ans ; fenêtre 2004-2024 ; 96 traitées, 0 jamais traitées sur la fenêtre ; comparaisons sur la fenêtre identifiée (années < 2018, cohorte 2018 recodée contrôle, 7 unités de contrôle) ; cellules −8 et +8 bornées",event,0.0,96.0,0.0,0.0,2004.0,2024.0,,,,,,,,,,,
h3,H3,H3b,log(naissances / 1 000 f. en couple 15-24),"département, bascule D3 ≥ 50 %, femmes en couple interpolées entre millésimes ; fenêtre identifiée ≤ 2017, cohorte 2018 = contrôle",twfe,-6,0.03173554966916435,0.030899748181496364,-0.02882684389792555,0.09229794323625426,0.3043974800265069,96,2016,False,"dénominateur interpolé entre millésimes RP (2006-2022), prolongé 2 ans ; fenêtre 2004-2024 ; 96 traitées, 0 jamais traitées sur la fenêtre ; comparaisons sur la fenêtre identifiée (années < 2018, cohorte 2018 recodée contrôle, 7 unités de contrôle) ; cellules −8 et +8 bornées",event,0.0,96.0,0.0,0.0,2004.0,2024.0,,,,,,,,,,,
h3,H3,H3b,log(naissances / 1 000 f. en couple 15-24),"département, bascule D3 ≥ 50 %, femmes en couple interpolées entre millésimes ; fenêtre identifiée ≤ 2017, cohorte 2018 = contrôle",twfe,-5,0.03158562384648427,0.02703437124045364,-0.021400770129490293,0.08457201782245884,0.2426653728448136,96,2016,False,"dénominateur interpolé entre millésimes RP (2006-2022), prolongé 2 ans ; fenêtre 2004-2024 ; 96 traitées, 0 jamais traitées sur la fenêtre ; comparaisons sur la fenêtre identifiée (années < 2018, cohorte 2018 recodée contrôle, 7 unités de contrôle) ; cellules −8 et +8 bornées",event,0.0,96.0,0.0,0.0,2004.0,2024.0,,,,,,,,,,,
h3,H3,H3b,log(naissances / 1 000 f. en couple 15-24),"département, bascule D3 ≥ 50 %, femmes en couple interpolées entre millésimes ; fenêtre identifiée ≤ 2017, cohorte 2018 = contrôle",twfe,-4,0.025503739728054434,0.021695922814656005,-0.017019487600032218,0.06802696705614109,0.23979137460148392,96,2016,False,"dénominateur interpolé entre millésimes RP (2006-2022), prolongé 2 ans ; fenêtre 2004-2024 ; 96 traitées, 0 jamais traitées sur la fenêtre ; comparaisons sur la fenêtre identifiée (années < 2018, cohorte 2018 recodée contrôle, 7 unités de contrôle) ; cellules −8 et +8 bornées",event,0.0,96.0,0.0,0.0,2004.0,2024.0,,,,,,,,,,,
h3,H3,H3b,log(naissances / 1 000 f. en couple 15-24),"département, bascule D3 ≥ 50 %, femmes en couple interpolées entre millésimes ; fenêtre identifiée ≤ 2017, cohorte 2018 = contrôle",twfe,-3,0.01723013459487532,0.015483996512611729,-0.013117940906587466,0.04757821009633811,0.265807006671439,96,2016,False,"dénominateur interpolé entre millésimes RP (2006-2022), prolongé 2 ans ; fenêtre 2004-2024 ; 96 traitées, 0 jamais traitées sur la fenêtre ; comparaisons sur la fenêtre identifiée (années < 2018, cohorte 2018 recodée contrôle, 7 unités de contrôle) ; cellules −8 et +8 bornées",event,0.0,96.0,0.0,0.0,2004.0,2024.0,,,,,,,,,,,
h3,H3,H3b,log(naissances / 1 000 f. en couple 15-24),"département, bascule D3 ≥ 50 %, femmes en couple interpolées entre millésimes ; fenêtre identifiée ≤ 2017, cohorte 2018 = contrôle",twfe,-2,0.008839615229926328,0.009679671884393903,-0.010132193045650677,0.027811423505503335,0.36112982027686424,96,2016,False,"dénominateur interpolé entre millésimes RP (2006-2022), prolongé 2 ans ; fenêtre 2004-2024 ; 96 traitées, 0 jamais traitées sur la fenêtre ; comparaisons sur la fenêtre identifiée (années < 2018, cohorte 2018 recodée contrôle, 7 unités de contrôle) ; cellules −8 et +8 bornées",event,0.0,96.0,0.0,0.0,2004.0,2024.0,,,,,,,,,,,
h3,H3,H3b,log(naissances / 1 000 f. en couple 15-24),"département, bascule D3 ≥ 50 %, femmes en couple interpolées entre millésimes ; fenêtre identifiée ≤ 2017, cohorte 2018 = contrôle",twfe,0,-0.007624285158322737,0.01179258372289532,-0.030737324539870832,0.01548875422322536,0.5179347473675608,96,2016,False,"dénominateur interpolé entre millésimes RP (2006-2022), prolongé 2 ans ; fenêtre 2004-2024 ; 96 traitées, 0 jamais traitées sur la fenêtre ; comparaisons sur la fenêtre identifiée (années < 2018, cohorte 2018 recodée contrôle, 7 unités de contrôle) ; cellules −8 et +8 bornées",event,0.0,96.0,0.0,0.0,2004.0,2024.0,,,,,,,,,,,
h3,H3,H3b,log(naissances / 1 000 f. en couple 15-24),"département, bascule D3 ≥ 50 %, femmes en couple interpolées entre millésimes ; fenêtre identifiée ≤ 2017, cohorte 2018 = contrôle",twfe,1,-0.009426404846607743,0.017998966577487195,-0.0447037310974228,0.02585092140420732,0.6004738412439844,96,2016,False,"dénominateur interpolé entre millésimes RP (2006-2022), prolongé 2 ans ; fenêtre 2004-2024 ; 96 traitées, 0 jamais traitées sur la fenêtre ; comparaisons sur la fenêtre identifiée (années < 2018, cohorte 2018 recodée contrôle, 7 unités de contrôle) ; cellules −8 et +8 bornées",event,0.0,96.0,0.0,0.0,2004.0,2024.0,,,,,,,,,,,
h3,H3,H3b,log(naissances / 1 000 f. en couple 15-24),"département, bascule D3 ≥ 50 %, femmes en couple interpolées entre millésimes ; fenêtre identifiée ≤ 2017, cohorte 2018 = contrôle",twfe,2,-0.006871191731075854,0.027418792550968348,-0.060611037630548925,0.04686865416839722,0.802122188342728,96,2016,False,"dénominateur interpolé entre millésimes RP (2006-2022), prolongé 2 ans ; fenêtre 2004-2024 ; 96 traitées, 0 jamais traitées sur la fenêtre ; comparaisons sur la fenêtre identifiée (années < 2018, cohorte 2018 recodée contrôle, 7 unités de contrôle) ; cellules −8 et +8 bornées",event,0.0,96.0,0.0,0.0,2004.0,2024.0,,,,,,,,,,,
h3,H3,H3b,log(naissances / 1 000 f. en couple 15-24),"département, bascule D3 ≥ 50 %, femmes en couple interpolées entre millésimes ; fenêtre identifiée ≤ 2017, cohorte 2018 = contrôle",twfe,3,-0.0022336970004346334,0.0389454488118201,-0.07856537403335026,0.074097980032481,0.9542628017943496,96,2016,False,"dénominateur interpolé entre millésimes RP (2006-2022), prolongé 2 ans ; fenêtre 2004-2024 ; 96 traitées, 0 jamais traitées sur la fenêtre ; comparaisons sur la fenêtre identifiée (années < 2018, cohorte 2018 recodée contrôle, 7 unités de contrôle) ; cellules −8 et +8 bornées",event,0.0,96.0,0.0,0.0,2004.0,2024.0,,,,,,,,,,,
h3,H3,H3b,log(naissances / 1 000 f. en couple 15-24),"département, bascule D3 ≥ 50 %, femmes en couple interpolées entre millésimes ; fenêtre identifiée ≤ 2017, cohorte 2018 = contrôle",twfe,4,-0.22958727782629887,0.05453732406631683,-0.3364784688094694,-0.12269608684312835,2.5567877442486535e-05,96,2016,False,"dénominateur interpolé entre millésimes RP (2006-2022), prolongé 2 ans ; fenêtre 2004-2024 ; 96 traitées, 0 jamais traitées sur la fenêtre ; comparaisons sur la fenêtre identifiée (années < 2018, cohorte 2018 recodée contrôle, 7 unités de contrôle) ; cellules −8 et +8 bornées",event,0.0,96.0,0.0,0.0,2004.0,2024.0,,,,,,,,,,,
h3,H3,H3b,log(naissances / 1 000 f. en couple 15-24),"département, bascule D3 ≥ 50 %, femmes en couple interpolées entre millésimes ; fenêtre identifiée ≤ 2017, cohorte 2018 = contrôle",twfe,"ATT[1,4]",-0.06202964285110427,0.032010891307547924,-0.12476983692692448,0.0007105512247159371,0.052651678300256584,96,2016,False,"dénominateur interpolé entre millésimes RP (2006-2022), prolongé 2 ans ; fenêtre 2004-2024 ; 96 traitées, 0 jamais traitées sur la fenêtre ; comparaisons sur la fenêtre identifiée (années < 2018, cohorte 2018 recodée contrôle, 7 unités de contrôle) ; écart-type avec covariance complète (w'Vw)",post_avg,0.0,96.0,0.0,0.0,2004.0,2024.0,,,,,,,,,,,
h3,H3,H3b,log(naissances / 1 000 f. en couple 15-24),"département, bascule D3 ≥ 50 %, femmes en couple interpolées entre millésimes ; fenêtre identifiée ≤ 2017, cohorte 2018 = contrôle",twfe,Wald pré (-8..−2),2.050046860105599,,,,0.957018483497413,96,2016,False,"test de Wald joint, covariance groupée, df = 7 ; fenêtre 2004-2024 ; 96 traitées, 0 jamais traitées sur la fenêtre",pre_test,0.0,96.0,0.0,0.0,2004.0,2024.0,,,,,,,,,,,7.0
h3,H3,H3b,log(naissances / 1 000 f. en couple 15-24),"département, bascule D3 ≥ 50 %, femmes en couple interpolées entre millésimes ; fenêtre identifiée ≤ 2017, cohorte 2018 = contrôle",twfe,ATT,-0.013976215425280152,0.017731595350984678,-0.048729503701647976,0.020777072851087673,0.4305740571142461,96,2016,False,"dénominateur interpolé entre millésimes RP (2006-2022), prolongé 2 ans ; fenêtre 2004-2024 ; 96 traitées, 0 jamais traitées sur la fenêtre ; comparaisons sur la fenêtre identifiée (années < 2018, cohorte 2018 recodée contrôle, 7 unités de contrôle)",static,0.0,96.0,0.0,0.0,2004.0,2024.0,,,,,,,,,,,
h3,H3,H3b,log(naissances / 1 000 f. en couple 15-24),"département, bascule D3 ≥ 50 %, femmes en couple interpolées entre millésimes ; fenêtre complète",twfe,ATT,0.0013521524234765495,0.013610677421362585,-0.02532428512758661,0.028028589974539712,0.9208643692319405,96,2016,True,"dénominateur interpolé entre millésimes RP (2006-2022), prolongé 2 ans ; fenêtre 2004-2024 ; 96 traitées, 0 jamais traitées sur la fenêtre ; TWFE sur toutes les années (identification par le calendrier des bascules seulement)",static,0.0,96.0,0.0,0.0,2004.0,2024.0,,,,,,,,,,,
h3,H3,H3b,log(naissances / 1 000 f. en couple 15-24) (RP 2011 → 2016),"département, différence longue entre millésimes",long_diff,Δ2011→2016 sur treated_by_2016,-0.009639662315043625,0.030048794580782207,-0.0685342174722191,0.04925489284213185,0.7483617320629863,96,96,False,Δ régressée sur bascule D3 ≥ 50 % ≤ 2016 ; erreurs robustes ; millésimes RP seuls (A2),long_diff,,,,,,,,,,,,,,,,,
h3,H3,H3b,log(naissances / 1 000 f. en couple 15-24) (RP 2011 → 2021),"département, différence longue entre millésimes",long_diff,Δ2011→2021 sur exposure_2021,-0.021097593892621006,0.009120444586663341,-0.038973336805474455,-0.003221850979767557,0.020710552126737062,96,96,False,Δ régressée sur années d'exposition en 2021 ; erreurs robustes ; millésimes RP seuls (A2),long_diff,,,,,,,,,,,,,,,,,
h3,H3,H3b complément,log(naissances de parents mariés / 1 000 f. 25-39),"département, 1998-2021",cs,-8,-0.038661407956084054,0.011238032681224561,-0.060687547268368294,-0.016635268643799817,0.0005812217933700686,96,2304,False,"complément : dénominateur = toutes les femmes (les femmes mariées par âge ne sont pas disponibles au département) ; contrôle = not_yet_treated ; fenêtre 1998-2021 ; 96 traitées, 0 jamais traitées sur la fenêtre ; ATT(g,t) identifiés jusqu'en 2017 (sans unité jamais traitée, la dernière cohorte sert de contrôle) ; grappes = dep (96)",event,0.0,96.0,0.0,0.0,1998.0,2021.0,1998.0,2017.0,96.0,4.0,reg,5.0,89.0,,,,
h3,H3,H3b complément,log(naissances de parents mariés / 1 000 f. 25-39),"département, 1998-2021",cs,-7,-0.029628660816026137,0.011359692483793574,-0.051893248959711896,-0.007364072672340381,0.00910124793660417,96,2304,False,"complément : dénominateur = toutes les femmes (les femmes mariées par âge ne sont pas disponibles au département) ; contrôle = not_yet_treated ; fenêtre 1998-2021 ; 96 traitées, 0 jamais traitées sur la fenêtre ; ATT(g,t) identifiés jusqu'en 2017 (sans unité jamais traitée, la dernière cohorte sert de contrôle) ; grappes = dep (96)",event,0.0,96.0,0.0,0.0,1998.0,2021.0,1998.0,2017.0,96.0,4.0,reg,5.0,89.0,,,,
h3,H3,H3b complément,log(naissances de parents mariés / 1 000 f. 25-39),"département, 1998-2021",cs,-6,-0.025848319397566613,0.009931686228169829,-0.04531406671053193,-0.006382572084601294,0.009251676373854552,96,2304,False,"complément : dénominateur = toutes les femmes (les femmes mariées par âge ne sont pas disponibles au département) ; contrôle = not_yet_treated ; fenêtre 1998-2021 ; 96 traitées, 0 jamais traitées sur la fenêtre ; ATT(g,t) identifiés jusqu'en 2017 (sans unité jamais traitée, la dernière cohorte sert de contrôle) ; grappes = dep (96)",event,0.0,96.0,0.0,0.0,1998.0,2021.0,1998.0,2017.0,96.0,4.0,reg,5.0,89.0,,,,
h3,H3,H3b complément,log(naissances de parents mariés / 1 000 f. 25-39),"département, 1998-2021",cs,-5,-0.020967709458468316,0.009677603323137338,-0.03993546342848264,-0.0019999554884539902,0.03026367909256305,96,2304,False,"complément : dénominateur = toutes les femmes (les femmes mariées par âge ne sont pas disponibles au département) ; contrôle = not_yet_treated ; fenêtre 1998-2021 ; 96 traitées, 0 jamais traitées sur la fenêtre ; ATT(g,t) identifiés jusqu'en 2017 (sans unité jamais traitée, la dernière cohorte sert de contrôle) ; grappes = dep (96)",event,0.0,96.0,0.0,0.0,1998.0,2021.0,1998.0,2017.0,96.0,4.0,reg,5.0,89.0,,,,
h3,H3,H3b complément,log(naissances de parents mariés / 1 000 f. 25-39),"département, 1998-2021",cs,-4,-0.013850282161252751,0.008353563607736812,-0.030222965974981385,0.002522401652475881,0.0973156856318304,96,2304,False,"complément : dénominateur = toutes les femmes (les femmes mariées par âge ne sont pas disponibles au département) ; contrôle = not_yet_treated ; fenêtre 1998-2021 ; 96 traitées, 0 jamais traitées sur la fenêtre ; ATT(g,t) identifiés jusqu'en 2017 (sans unité jamais traitée, la dernière cohorte sert de contrôle) ; grappes = dep (96)",event,0.0,96.0,0.0,0.0,1998.0,2021.0,1998.0,2017.0,96.0,4.0,reg,5.0,89.0,,,,
h3,H3,H3b complément,log(naissances de parents mariés / 1 000 f. 25-39),"département, 1998-2021",cs,-3,-0.00636172182866473,0.007457102614692377,-0.020977374382481255,0.008253930725151798,0.393598825658542,96,2304,False,"complément : dénominateur = toutes les femmes (les femmes mariées par âge ne sont pas disponibles au département) ; contrôle = not_yet_treated ; fenêtre 1998-2021 ; 96 traitées, 0 jamais traitées sur la fenêtre ; ATT(g,t) identifiés jusqu'en 2017 (sans unité jamais traitée, la dernière cohorte sert de contrôle) ; grappes = dep (96)",event,0.0,96.0,0.0,0.0,1998.0,2021.0,1998.0,2017.0,96.0,4.0,reg,5.0,89.0,,,,
h3,H3,H3b complément,log(naissances de parents mariés / 1 000 f. 25-39),"département, 1998-2021",cs,-2,0.006516782079178044,0.007266385628446527,-0.007725072050356596,0.020758636208712683,0.36980453585692263,96,2304,False,"complément : dénominateur = toutes les femmes (les femmes mariées par âge ne sont pas disponibles au département) ; contrôle = not_yet_treated ; fenêtre 1998-2021 ; 96 traitées, 0 jamais traitées sur la fenêtre ; ATT(g,t) identifiés jusqu'en 2017 (sans unité jamais traitée, la dernière cohorte sert de contrôle) ; grappes = dep (96)",event,0.0,96.0,0.0,0.0,1998.0,2021.0,1998.0,2017.0,96.0,4.0,reg,5.0,89.0,,,,
h3,H3,H3b complément,log(naissances de parents mariés / 1 000 f. 25-39),"département, 1998-2021",cs,0,0.019554951397795603,0.008022698011416873,0.0038307522365774206,0.03527915055901379,0.014791126369655556,96,2304,False,"complément : dénominateur = toutes les femmes (les femmes mariées par âge ne sont pas disponibles au département) ; contrôle = not_yet_treated ; fenêtre 1998-2021 ; 96 traitées, 0 jamais traitées sur la fenêtre ; ATT(g,t) identifiés jusqu'en 2017 (sans unité jamais traitée, la dernière cohorte sert de contrôle) ; grappes = dep (96)",event,0.0,96.0,0.0,0.0,1998.0,2021.0,1998.0,2017.0,96.0,4.0,reg,5.0,89.0,,,,
h3,H3,H3b complément,log(naissances de parents mariés / 1 000 f. 25-39),"département, 1998-2021",cs,1,0.039511425879054096,0.013001592816496403,0.014028772217066464,0.06499407954104172,0.002373899860234389,96,2304,False,"complément : dénominateur = toutes les femmes (les femmes mariées par âge ne sont pas disponibles au département) ; contrôle = not_yet_treated ; fenêtre 1998-2021 ; 96 traitées, 0 jamais traitées sur la fenêtre ; ATT(g,t) identifiés jusqu'en 2017 (sans unité jamais traitée, la dernière cohorte sert de contrôle) ; grappes = dep (96)",event,0.0,96.0,0.0,0.0,1998.0,2021.0,1998.0,2017.0,96.0,4.0,reg,4.0,74.0,,,,
h3,H3,H3b complément,log(naissances de parents mariés / 1 000 f. 25-39),"département, 1998-2021",cs,2,0.05830804655444138,0.014670425468755292,0.029554540997801863,0.0870615521110809,7.051836515272082e-05,96,2304,False,"complément : dénominateur = toutes les femmes (les femmes mariées par âge ne sont pas disponibles au département) ; contrôle = not_yet_treated ; fenêtre 1998-2021 ; 96 traitées, 0 jamais traitées sur la fenêtre ; ATT(g,t) identifiés jusqu'en 2017 (sans unité jamais traitée, la dernière cohorte sert de contrôle) ; grappes = dep (96)",event,0.0,96.0,0.0,0.0,1998.0,2021.0,1998.0,2017.0,96.0,4.0,reg,3.0,51.0,,,,
h3,H3,H3b complément,log(naissances de parents mariés / 1 000 f. 25-39),"département, 1998-2021",cs,3,0.1111413050181338,0.030075827165986894,0.05219376696754812,0.17008884306871946,0.0002195669302426453,96,2304,False,"complément : dénominateur = toutes les femmes (les femmes mariées par âge ne sont pas disponibles au département) ; contrôle = not_yet_treated ; fenêtre 1998-2021 ; 96 traitées, 0 jamais traitées sur la fenêtre ; ATT(g,t) identifiés jusqu'en 2017 (sans unité jamais traitée, la dernière cohorte sert de contrôle) ; grappes = dep (96)",event,0.0,96.0,0.0,0.0,1998.0,2021.0,1998.0,2017.0,96.0,4.0,reg,2.0,35.0,,,,
h3,H3,H3b complément,log(naissances de parents mariés / 1 000 f. 25-39),"département, 1998-2021",cs,4,0.15965110513379782,0.03531585668445115,0.09043329794909545,0.2288689123185002,6.164610480265115e-06,96,2304,False,"complément : dénominateur = toutes les femmes (les femmes mariées par âge ne sont pas disponibles au département) ; contrôle = not_yet_treated ; fenêtre 1998-2021 ; 96 traitées, 0 jamais traitées sur la fenêtre ; ATT(g,t) identifiés jusqu'en 2017 (sans unité jamais traitée, la dernière cohorte sert de contrôle) ; grappes = dep (96)",event,0.0,96.0,0.0,0.0,1998.0,2021.0,1998.0,2017.0,96.0,4.0,reg,1.0,2.0,,,,
h3,H3,H3b complément,log(naissances de parents mariés / 1 000 f. 25-39),"département, 1998-2021",cs,"ATT[1,4]",0.09215297064635677,0.018779302400991977,0.05534621428562594,0.1289597270070876,9.240642808551052e-07,96,2304,False,"complément : dénominateur = toutes les femmes (les femmes mariées par âge ne sont pas disponibles au département) ; contrôle = not_yet_treated ; fenêtre 1998-2021 ; 96 traitées, 0 jamais traitées sur la fenêtre ; ATT(g,t) identifiés jusqu'en 2017 (sans unité jamais traitée, la dernière cohorte sert de contrôle) ; grappes = dep (96) ; écart-type avec covariance complète des coefficients (fonctions d'influence)",post_avg,0.0,96.0,0.0,0.0,1998.0,2021.0,1998.0,2017.0,96.0,4.0,reg,,,,,4.0,
h3,H3,H3b complément,log(naissances de parents mariés / 1 000 f. 25-39),"département, 1998-2021",cs,ATT,0.04719997788698248,0.01170392499908432,0.024260706411019226,0.07013924936294573,5.510838481738971e-05,96,2304,False,"complément : dénominateur = toutes les femmes (les femmes mariées par âge ne sont pas disponibles au département) ; contrôle = not_yet_treated ; fenêtre 1998-2021 ; 96 traitées, 0 jamais traitées sur la fenêtre ; ATT(g,t) identifiés jusqu'en 2017 (sans unité jamais traitée, la dernière cohorte sert de contrôle) ; grappes = dep (96) ; moyenne de tous les ATT(g,t) post",simple,0.0,96.0,0.0,0.0,1998.0,2021.0,1998.0,2017.0,96.0,4.0,reg,,,,,,
h3,H3,H3b complément,log(naissances de parents mariés / 1 000 f. 25-39),"département, 1998-2021",cs,Wald pré (-8..-2),25.217008220675872,,,,0.0006944221857205241,96,2304,False,"H5c : test de Wald joint de nullité des coefficients pré avec covariance des fonctions d'influence, df = 7 ; fenêtre 1998-2021 ; 96 traitées, 0 jamais traitées sur la fenêtre",pre_test,0.0,96.0,0.0,0.0,1998.0,2021.0,1998.0,2017.0,96.0,4.0,reg,,,,,,7.0
h3,H3,H3b complément,log(naissances de parents mariés / 1 000 f. 25-39),"département, 1998-2021 ; fenêtre identifiée ≤ 2017, cohorte 2018 = contrôle",twfe,-8,-0.08545128576571326,0.026672797153654237,-0.13772900755381803,-0.03317356397760849,0.0013568003172325417,96,2304,False,"complément : dénominateur = toutes les femmes (les femmes mariées par âge ne sont pas disponibles au département) ; fenêtre 1998-2021 ; 96 traitées, 0 jamais traitées sur la fenêtre ; comparaisons sur la fenêtre identifiée (années < 2018, cohorte 2018 recodée contrôle, 7 unités de contrôle) ; cellules −8 et +8 bornées",event,0.0,96.0,0.0,0.0,1998.0,2021.0,,,,,,,,,,,
h3,H3,H3b complément,log(naissances de parents mariés / 1 000 f. 25-39),"département, 1998-2021 ; fenêtre identifiée ≤ 2017, cohorte 2018 = contrôle",twfe,-7,-0.0896833820898952,0.02465891794117854,-0.1380139731523337,-0.041352791027456676,0.0002758797931883294,96,2304,False,"complément : dénominateur = toutes les femmes (les femmes mariées par âge ne sont pas disponibles au département) ; fenêtre 1998-2021 ; 96 traitées, 0 jamais traitées sur la fenêtre ; comparaisons sur la fenêtre identifiée (années < 2018, cohorte 2018 recodée contrôle, 7 unités de contrôle) ; cellules −8 et +8 bornées",event,0.0,96.0,0.0,0.0,1998.0,2021.0,,,,,,,,,,,
h3,H3,H3b complément,log(naissances de parents mariés / 1 000 f. 25-39),"département, 1998-2021 ; fenêtre identifiée ≤ 2017, cohorte 2018 = contrôle",twfe,-6,-0.08843656041318809,0.022974538273315793,-0.13346582799032408,-0.043407292836052096,0.00011844175134256167,96,2304,False,"complément : dénominateur = toutes les femmes (les femmes mariées par âge ne sont pas disponibles au département) ; fenêtre 1998-2021 ; 96 traitées, 0 jamais traitées sur la fenêtre ; comparaisons sur la fenêtre identifiée (années < 2018, cohorte 2018 recodée contrôle, 7 unités de contrôle) ; cellules −8 et +8 bornées",event,0.0,96.0,0.0,0.0,1998.0,2021.0,,,,,,,,,,,
h3,H3,H3b complément,log(naissances de parents mariés / 1 000 f. 25-39),"département, 1998-2021 ; fenêtre identifiée ≤ 2017, cohorte 2018 = contrôle",twfe,-5,-0.08176682901485778,0.02057685311930302,-0.12209672004386238,-0.04143693798585319,7.07561941556253e-05,96,2304,False,"complément : dénominateur = toutes les femmes (les femmes mariées par âge ne sont pas disponibles au département) ; fenêtre 1998-2021 ; 96 traitées, 0 jamais traitées sur la fenêtre ; comparaisons sur la fenêtre identifiée (années < 2018, cohorte 2018 recodée contrôle, 7 unités de contrôle) ; cellules −8 et +8 bornées",event,0.0,96.0,0.0,0.0,1998.0,2021.0,,,,,,,,,,,
h3,H3,H3b complément,log(naissances de parents mariés / 1 000 f. 25-39),"département, 1998-2021 ; fenêtre identifiée ≤ 2017, cohorte 2018 = contrôle",twfe,-4,-0.06577836668400817,0.016951955666496262,-0.09900358925786054,-0.032553144110155814,0.00010433546882848128,96,2304,False,"complément : dénominateur = toutes les femmes (les femmes mariées par âge ne sont pas disponibles au département) ; fenêtre 1998-2021 ; 96 traitées, 0 jamais traitées sur la fenêtre ; comparaisons sur la fenêtre identifiée (années < 2018, cohorte 2018 recodée contrôle, 7 unités de contrôle) ; cellules −8 et +8 bornées",event,0.0,96.0,0.0,0.0,1998.0,2021.0,,,,,,,,,,,
h3,H3,H3b complément,log(naissances de parents mariés / 1 000 f. 25-39),"département, 1998-2021 ; fenêtre identifiée ≤ 2017, cohorte 2018 = contrôle",twfe,-3,-0.04984704817812886,0.012629612344492964,-0.07460063351203754,-0.025093462844220173,7.918972633624952e-05,96,2304,False,"complément : dénominateur = toutes les femmes (les femmes mariées par âge ne sont pas disponibles au département) ; fenêtre 1998-2021 ; 96 traitées, 0 jamais traitées sur la fenêtre ; comparaisons sur la fenêtre identifiée (années < 2018, cohorte 2018 recodée contrôle, 7 unités de contrôle) ; cellules −8 et +8 bornées",event,0.0,96.0,0.0,0.0,1998.0,2021.0,,,,,,,,,,,
h3,H3,H3b complément,log(naissances de parents mariés / 1 000 f. 25-39),"département, 1998-2021 ; fenêtre identifiée ≤ 2017, cohorte 2018 = contrôle",twfe,-2,-0.021001050783827666,0.008273461840169137,-0.03721673801802566,-0.004785363549629676,0.011137234596592077,96,2304,False,"complément : dénominateur = toutes les femmes (les femmes mariées par âge ne sont pas disponibles au département) ; fenêtre 1998-2021 ; 96 traitées, 0 jamais traitées sur la fenêtre ; comparaisons sur la fenêtre identifiée (années < 2018, cohorte 2018 recodée contrôle, 7 unités de contrôle) ; cellules −8 et +8 bornées",event,0.0,96.0,0.0,0.0,1998.0,2021.0,,,,,,,,,,,
h3,H3,H3b complément,log(naissances de parents mariés / 1 000 f. 25-39),"département, 1998-2021 ; fenêtre identifiée ≤ 2017, cohorte 2018 = contrôle",twfe,0,0.04162721371464208,0.008365794403092828,0.025230557982513377,0.05802386944677078,6.495088933778416e-07,96,2304,False,"complément : dénominateur = toutes les femmes (les femmes mariées par âge ne sont pas disponibles au département) ; fenêtre 1998-2021 ; 96 traitées, 0 jamais traitées sur la fenêtre ; comparaisons sur la fenêtre identifiée (années < 2018, cohorte 2018 recodée contrôle, 7 unités de contrôle) ; cellules −8 et +8 bornées",event,0.0,96.0,0.0,0.0,1998.0,2021.0,,,,,,,,,,,
h3,H3,H3b complément,log(naissances de parents mariés / 1 000 f. 25-39),"département, 1998-2021 ; fenêtre identifiée ≤ 2017, cohorte 2018 = contrôle",twfe,1,0.09890404595937825,0.016510747633072313,0.06654357524072657,0.13126451667802994,2.0947658750119736e-09,96,2304,False,"complément : dénominateur = toutes les femmes (les femmes mariées par âge ne sont pas disponibles au département) ; fenêtre 1998-2021 ; 96 traitées, 0 jamais traitées sur la fenêtre ; comparaisons sur la fenêtre identifiée (années < 2018, cohorte 2018 recodée contrôle, 7 unités de contrôle) ; cellules −8 et +8 bornées",event,0.0,96.0,0.0,0.0,1998.0,2021.0,,,,,,,,,,,
h3,H3,H3b complément,log(naissances de parents mariés / 1 000 f. 25-39),"département, 1998-2021 ; fenêtre identifiée ≤ 2017, cohorte 2018 = contrôle",twfe,2,0.14778130038768536,0.026346627084603835,0.09614286018775432,0.1994197405876164,2.0336211350903736e-08,96,2304,False,"complément : dénominateur = toutes les femmes (les femmes mariées par âge ne sont pas disponibles au département) ; fenêtre 1998-2021 ; 96 traitées, 0 jamais traitées sur la fenêtre ; comparaisons sur la fenêtre identifiée (années < 2018, cohorte 2018 recodée contrôle, 7 unités de contrôle) ; cellules −8 et +8 bornées",event,0.0,96.0,0.0,0.0,1998.0,2021.0,,,,,,,,,,,
h3,H3,H3b complément,log(naissances de parents mariés / 1 000 f. 25-39),"département, 1998-2021 ; fenêtre identifiée ≤ 2017, cohorte 2018 = contrôle",twfe,3,0.22987541418966453,0.036648927692144506,0.15804483584104867,0.3017059925382804,3.556070618523822e-10,96,2304,False,"complément : dénominateur = toutes les femmes (les femmes mariées par âge ne sont pas disponibles au département) ; fenêtre 1998-2021 ; 96 traitées, 0 jamais traitées sur la fenêtre ; comparaisons sur la fenêtre identifiée (années < 2018, cohorte 2018 recodée contrôle, 7 unités de contrôle) ; cellules −8 et +8 bornées",event,0.0,96.0,0.0,0.0,1998.0,2021.0,,,,,,,,,,,
h3,H3,H3b complément,log(naissances de parents mariés / 1 000 f. 25-39),"département, 1998-2021 ; fenêtre identifiée ≤ 2017, cohorte 2018 = contrôle",twfe,4,0.31275791473195497,0.03213754452305038,0.24976948491522377,0.37574634454868616,2.2053461328721103e-22,96,2304,False,"complément : dénominateur = toutes les femmes (les femmes mariées par âge ne sont pas disponibles au département) ; fenêtre 1998-2021 ; 96 traitées, 0 jamais traitées sur la fenêtre ; comparaisons sur la fenêtre identifiée (années < 2018, cohorte 2018 recodée contrôle, 7 unités de contrôle) ; cellules −8 et +8 bornées",event,0.0,96.0,0.0,0.0,1998.0,2021.0,,,,,,,,,,,
h3,H3,H3b complément,log(naissances de parents mariés / 1 000 f. 25-39),"département, 1998-2021 ; fenêtre identifiée ≤ 2017, cohorte 2018 = contrôle",twfe,"ATT[1,4]",0.1973296688171708,0.026047465344634705,0.1462775748531316,0.24838176278121,3.569972241453469e-14,96,2304,False,"complément : dénominateur = toutes les femmes (les femmes mariées par âge ne sont pas disponibles au département) ; fenêtre 1998-2021 ; 96 traitées, 0 jamais traitées sur la fenêtre ; comparaisons sur la fenêtre identifiée (années < 2018, cohorte 2018 recodée contrôle, 7 unités de contrôle) ; écart-type avec covariance complète (w'Vw)",post_avg,0.0,96.0,0.0,0.0,1998.0,2021.0,,,,,,,,,,,
h3,H3,H3b complément,log(naissances de parents mariés / 1 000 f. 25-39),"département, 1998-2021 ; fenêtre identifiée ≤ 2017, cohorte 2018 = contrôle",twfe,Wald pré (-8..−2),23.178556048989964,,,,0.0015867302254096937,96,2304,False,"test de Wald joint, covariance groupée, df = 7 ; fenêtre 1998-2021 ; 96 traitées, 0 jamais traitées sur la fenêtre",pre_test,0.0,96.0,0.0,0.0,1998.0,2021.0,,,,,,,,,,,7.0
h3,H3,H3b complément,log(naissances de parents mariés / 1 000 f. 25-39),"département, 1998-2021 ; fenêtre identifiée ≤ 2017, cohorte 2018 = contrôle",twfe,ATT,0.09274825248760209,0.014486638943027094,0.06435496190223358,0.12114154307297059,1.5302282216609933e-10,96,2304,False,"complément : dénominateur = toutes les femmes (les femmes mariées par âge ne sont pas disponibles au département) ; fenêtre 1998-2021 ; 96 traitées, 0 jamais traitées sur la fenêtre ; comparaisons sur la fenêtre identifiée (années < 2018, cohorte 2018 recodée contrôle, 7 unités de contrôle)",static,0.0,96.0,0.0,0.0,1998.0,2021.0,,,,,,,,,,,
h3,H3,H3b complément,log(naissances de parents mariés / 1 000 f. 25-39),"département, 1998-2021 ; fenêtre complète",twfe,ATT,0.06671798656439674,0.011275956793980479,0.04461751735696527,0.08881845577182822,3.2819373352565473e-09,96,2304,True,"complément : dénominateur = toutes les femmes (les femmes mariées par âge ne sont pas disponibles au département) ; fenêtre 1998-2021 ; 96 traitées, 0 jamais traitées sur la fenêtre ; TWFE sur toutes les années (identification par le calendrier des bascules seulement)",static,0.0,96.0,0.0,0.0,1998.0,2021.0,,,,,,,,,,,
h3,H3,H3b complément,log(naissances de parents mariés / 1 000 f. 25-39),"département, 1998-2021 ; fenêtre identifiée ≤ 2017, cohorte 2018 = contrôle",twfe_poisson,ATT (log du taux contrefactuel),0.11307909930636505,0.020231947262217942,0.07342521133530414,0.15273298727742596,2.2820253662746345e-08,96,2304,False,"complément : dénominateur = toutes les femmes (les femmes mariées par âge ne sont pas disponibles au département) ; fenêtre 1998-2021 ; 96 traitées, 0 jamais traitées sur la fenêtre ; comparaisons sur la fenêtre identifiée (années < 2018, cohorte 2018 recodée contrôle, 7 unités de contrôle) ; Poisson à effets fixes, offset = log(women)",static,0.0,96.0,0.0,0.0,1998.0,2021.0,,,,,,,,,,,
h3,H3,H3b complément,log(naissances de parents mariés / 1 000 f. 25-39),"département, 1998-2021 ; fenêtre identifiée ≤ 2017, cohorte 2018 = contrôle",twfe_poisson,ATT en % du taux contrefactuel,11.972049856055932,2.2654126075301617,7.618804665845991,16.501386424951313,2.2820253662746345e-08,96,2304,False,"complément : dénominateur = toutes les femmes (les femmes mariées par âge ne sont pas disponibles au département) ; fenêtre 1998-2021 ; 96 traitées, 0 jamais traitées sur la fenêtre ; comparaisons sur la fenêtre identifiée (années < 2018, cohorte 2018 recodée contrôle, 7 unités de contrôle) ; Poisson à effets fixes, offset = log(women)",static,0.0,96.0,0.0,0.0,1998.0,2021.0,,,,,,,,,,,
h3,H3,H3b complément,"part des naissances de parents mariés, 25-39","département, 1998-2021",cs,-8,-0.00882475911481688,0.003964961181633001,-0.016595940230916935,-0.0010535779987168228,0.026035212329851082,96,2304,True," ; contrôle = not_yet_treated ; fenêtre 1998-2021 ; 96 traitées, 0 jamais traitées sur la fenêtre ; ATT(g,t) identifiés jusqu'en 2017 (sans unité jamais traitée, la dernière cohorte sert de contrôle) ; grappes = dep (96)",event,0.0,96.0,0.0,0.0,1998.0,2021.0,1998.0,2017.0,96.0,4.0,reg,5.0,89.0,,,,
h3,H3,H3b complément,"part des naissances de parents mariés, 25-39","département, 1998-2021",cs,-7,-0.007058186186562459,0.0035910499721819094,-0.014096514798722565,-1.9857574402353667e-05,0.04935712123090991,96,2304,True," ; contrôle = not_yet_treated ; fenêtre 1998-2021 ; 96 traitées, 0 jamais traitées sur la fenêtre ; ATT(g,t) identifiés jusqu'en 2017 (sans unité jamais traitée, la dernière cohorte sert de contrôle) ; grappes = dep (96)",event,0.0,96.0,0.0,0.0,1998.0,2021.0,1998.0,2017.0,96.0,4.0,reg,5.0,89.0,,,,
h3,H3,H3b complément,"part des naissances de parents mariés, 25-39","département, 1998-2021",cs,-6,-0.009801135429792421,0.0032058429900327806,-0.01608447223034687,-0.0035177986292379716,0.0022336116204368997,96,2304,True," ; contrôle = not_yet_treated ; fenêtre 1998-2021 ; 96 traitées, 0 jamais traitées sur la fenêtre ; ATT(g,t) identifiés jusqu'en 2017 (sans unité jamais traitée, la dernière cohorte sert de contrôle) ; grappes = dep (96)",event,0.0,96.0,0.0,0.0,1998.0,2021.0,1998.0,2017.0,96.0,4.0,reg,5.0,89.0,,,,
h3,H3,H3b complément,"part des naissances de parents mariés, 25-39","département, 1998-2021",cs,-5,-0.007960772511090324,0.0030781608689763695,-0.013993856952904525,-0.0019276880692761234,0.009703759793707455,96,2304,True," ; contrôle = not_yet_treated ; fenêtre 1998-2021 ; 96 traitées, 0 jamais traitées sur la fenêtre ; ATT(g,t) identifiés jusqu'en 2017 (sans unité jamais traitée, la dernière cohorte sert de contrôle) ; grappes = dep (96)",event,0.0,96.0,0.0,0.0,1998.0,2021.0,1998.0,2017.0,96.0,4.0,reg,5.0,89.0,,,,
h3,H3,H3b complément,"part des naissances de parents mariés, 25-39","département, 1998-2021",cs,-4,-0.006628989778902844,0.002897205232108615,-0.012307407689656737,-0.000950571868148951,0.02213381871616457,96,2304,True," ; contrôle = not_yet_treated ; fenêtre 1998-2021 ; 96 traitées, 0 jamais traitées sur la fenêtre ; ATT(g,t) identifiés jusqu'en 2017 (sans unité jamais traitée, la dernière cohorte sert de contrôle) ; grappes = dep (96)",event,0.0,96.0,0.0,0.0,1998.0,2021.0,1998.0,2017.0,96.0,4.0,reg,5.0,89.0,,,,
h3,H3,H3b complément,"part des naissances de parents mariés, 25-39","département, 1998-2021",cs,-3,-0.004165545123319223,0.0021747807106447404,-0.00842803699045534,9.694674381689229e-05,0.05544326024419605,96,2304,True," ; contrôle = not_yet_treated ; fenêtre 1998-2021 ; 96 traitées, 0 jamais traitées sur la fenêtre ; ATT(g,t) identifiés jusqu'en 2017 (sans unité jamais traitée, la dernière cohorte sert de contrôle) ; grappes = dep (96)",event,0.0,96.0,0.0,0.0,1998.0,2021.0,1998.0,2017.0,96.0,4.0,reg,5.0,89.0,,,,
h3,H3,H3b complément,"part des naissances de parents mariés, 25-39","département, 1998-2021",cs,-2,0.0017285026956797745,0.0022384474432643603,-0.0026587736744041377,0.006115779065763686,0.44000297101833885,96,2304,True," ; contrôle = not_yet_treated ; fenêtre 1998-2021 ; 96 traitées, 0 jamais traitées sur la fenêtre ; ATT(g,t) identifiés jusqu'en 2017 (sans unité jamais traitée, la dernière cohorte sert de contrôle) ; grappes = dep (96)",event,0.0,96.0,0.0,0.0,1998.0,2021.0,1998.0,2017.0,96.0,4.0,reg,5.0,89.0,,,,
h3,H3,H3b complément,"part des naissances de parents mariés, 25-39","département, 1998-2021",cs,0,0.0023772629546315893,0.002162363644233047,-0.0018608919095439657,0.006615417818807144,0.2716016225327119,96,2304,True," ; contrôle = not_yet_treated ; fenêtre 1998-2021 ; 96 traitées, 0 jamais traitées sur la fenêtre ; ATT(g,t) identifiés jusqu'en 2017 (sans unité jamais traitée, la dernière cohorte sert de contrôle) ; grappes = dep (96)",event,0.0,96.0,0.0,0.0,1998.0,2021.0,1998.0,2017.0,96.0,4.0,reg,5.0,89.0,,,,
h3,H3,H3b complément,"part des naissances de parents mariés, 25-39","département, 1998-2021",cs,1,0.007035913570290972,0.0038816421670041265,-0.0005719652779091261,0.014643792418491071,0.06989159029519368,96,2304,True," ; contrôle = not_yet_treated ; fenêtre 1998-2021 ; 96 traitées, 0 jamais traitées sur la fenêtre ; ATT(g,t) identifiés jusqu'en 2017 (sans unité jamais traitée, la dernière cohorte sert de contrôle) ; grappes = dep (96)",event,0.0,96.0,0.0,0.0,1998.0,2021.0,1998.0,2017.0,96.0,4.0,reg,4.0,74.0,,,,
h3,H3,H3b complément,"part des naissances de parents mariés, 25-39","département, 1998-2021",cs,2,0.01204301515218461,0.004529483525022415,0.0031653905745731466,0.020920639729796072,0.00784182479782901,96,2304,True," ; contrôle = not_yet_treated ; fenêtre 1998-2021 ; 96 traitées, 0 jamais traitées sur la fenêtre ; ATT(g,t) identifiés jusqu'en 2017 (sans unité jamais traitée, la dernière cohorte sert de contrôle) ; grappes = dep (96)",event,0.0,96.0,0.0,0.0,1998.0,2021.0,1998.0,2017.0,96.0,4.0,reg,3.0,51.0,,,,
h3,H3,H3b complément,"part des naissances de parents mariés, 25-39","département, 1998-2021",cs,3,0.027676089548760698,0.0073162754208122415,0.013336453222993075,0.04201572587452832,0.00015506695467354026,96,2304,True," ; contrôle = not_yet_treated ; fenêtre 1998-2021 ; 96 traitées, 0 jamais traitées sur la fenêtre ; ATT(g,t) identifiés jusqu'en 2017 (sans unité jamais traitée, la dernière cohorte sert de contrôle) ; grappes = dep (96)",event,0.0,96.0,0.0,0.0,1998.0,2021.0,1998.0,2017.0,96.0,4.0,reg,2.0,35.0,,,,
h3,H3,H3b complément,"part des naissances de parents mariés, 25-39","département, 1998-2021",cs,4,0.02993223509002866,0.010172159157838624,0.009995169495655667,0.04986930068440165,0.003255059014107065,96,2304,True," ; contrôle = not_yet_treated ; fenêtre 1998-2021 ; 96 traitées, 0 jamais traitées sur la fenêtre ; ATT(g,t) identifiés jusqu'en 2017 (sans unité jamais traitée, la dernière cohorte sert de contrôle) ; grappes = dep (96)",event,0.0,96.0,0.0,0.0,1998.0,2021.0,1998.0,2017.0,96.0,4.0,reg,1.0,2.0,,,,
h3,H3,H3b complément,"part des naissances de parents mariés, 25-39","département, 1998-2021",cs,"ATT[1,4]",0.019171813340316236,0.005109822691260047,0.009156744898061012,0.02918688178257146,0.00017546253280404785,96,2304,True," ; contrôle = not_yet_treated ; fenêtre 1998-2021 ; 96 traitées, 0 jamais traitées sur la fenêtre ; ATT(g,t) identifiés jusqu'en 2017 (sans unité jamais traitée, la dernière cohorte sert de contrôle) ; grappes = dep (96) ; écart-type avec covariance complète des coefficients (fonctions d'influence)",post_avg,0.0,96.0,0.0,0.0,1998.0,2021.0,1998.0,2017.0,96.0,4.0,reg,,,,,4.0,
h3,H3,H3b complément,"part des naissances de parents mariés, 25-39","département, 1998-2021",cs,ATT,0.009461973642676652,0.0031062971996120964,0.0033737430061593155,0.015550204279193989,0.0023186007319609117,96,2304,True," ; contrôle = not_yet_treated ; fenêtre 1998-2021 ; 96 traitées, 0 jamais traitées sur la fenêtre ; ATT(g,t) identifiés jusqu'en 2017 (sans unité jamais traitée, la dernière cohorte sert de contrôle) ; grappes = dep (96) ; moyenne de tous les ATT(g,t) post",simple,0.0,96.0,0.0,0.0,1998.0,2021.0,1998.0,2017.0,96.0,4.0,reg,,,,,,
h3,H3,H3b complément,"part des naissances de parents mariés, 25-39","département, 1998-2021",cs,Wald pré (-8..-2),28.606544720588793,,,,0.00017064287187121562,96,2304,True,"H5c : test de Wald joint de nullité des coefficients pré avec covariance des fonctions d'influence, df = 7 ; fenêtre 1998-2021 ; 96 traitées, 0 jamais traitées sur la fenêtre",pre_test,0.0,96.0,0.0,0.0,1998.0,2021.0,1998.0,2017.0,96.0,4.0,reg,,,,,,7.0
h3,H3,H3b complément,"part des naissances de parents mariés, 25-39","département, 1998-2021 ; fenêtre identifiée ≤ 2017, cohorte 2018 = contrôle",twfe,-8,-0.020019264054558346,0.01065734795956887,-0.040907282226024765,0.0008687541169080729,0.060320031386874785,96,2304,True," ; fenêtre 1998-2021 ; 96 traitées, 0 jamais traitées sur la fenêtre ; comparaisons sur la fenêtre identifiée (années < 2018, cohorte 2018 recodée contrôle, 7 unités de contrôle) ; cellules −8 et +8 bornées",event,0.0,96.0,0.0,0.0,1998.0,2021.0,,,,,,,,,,,
h3,H3,H3b complément,"part des naissances de parents mariés, 25-39","département, 1998-2021 ; fenêtre identifiée ≤ 2017, cohorte 2018 = contrôle",twfe,-7,-0.02115047361578669,0.009313200621933129,-0.03940401141557165,-0.0028969358160017243,0.023145710445758343,96,2304,True," ; fenêtre 1998-2021 ; 96 traitées, 0 jamais traitées sur la fenêtre ; comparaisons sur la fenêtre identifiée (années < 2018, cohorte 2018 recodée contrôle, 7 unités de contrôle) ; cellules −8 et +8 bornées",event,0.0,96.0,0.0,0.0,1998.0,2021.0,,,,,,,,,,,
h3,H3,H3b complément,"part des naissances de parents mariés, 25-39","département, 1998-2021 ; fenêtre identifiée ≤ 2017, cohorte 2018 = contrôle",twfe,-6,-0.023559003266199037,0.008529226103694134,-0.04027597924543844,-0.006842027286959641,0.005742206215041344,96,2304,True," ; fenêtre 1998-2021 ; 96 traitées, 0 jamais traitées sur la fenêtre ; comparaisons sur la fenêtre identifiée (années < 2018, cohorte 2018 recodée contrôle, 7 unités de contrôle) ; cellules −8 et +8 bornées",event,0.0,96.0,0.0,0.0,1998.0,2021.0,,,,,,,,,,,
h3,H3,H3b complément,"part des naissances de parents mariés, 25-39","département, 1998-2021 ; fenêtre identifiée ≤ 2017, cohorte 2018 = contrôle",twfe,-5,-0.02393071934841789,0.007457834218334444,-0.038547805819023825,-0.009313632877811954,0.001332888746871778,96,2304,True," ; fenêtre 1998-2021 ; 96 traitées, 0 jamais traitées sur la fenêtre ; comparaisons sur la fenêtre identifiée (années < 2018, cohorte 2018 recodée contrôle, 7 unités de contrôle) ; cellules −8 et +8 bornées",event,0.0,96.0,0.0,0.0,1998.0,2021.0,,,,,,,,,,,
h3,H3,H3b complément,"part des naissances de parents mariés, 25-39","département, 1998-2021 ; fenêtre identifiée ≤ 2017, cohorte 2018 = contrôle",twfe,-4,-0.020276029000059644,0.006077223177856883,-0.032187167554671194,-0.008364890445448097,0.0008487188026316862,96,2304,True," ; fenêtre 1998-2021 ; 96 traitées, 0 jamais traitées sur la fenêtre ; comparaisons sur la fenêtre identifiée (années < 2018, cohorte 2018 recodée contrôle, 7 unités de contrôle) ; cellules −8 et +8 bornées",event,0.0,96.0,0.0,0.0,1998.0,2021.0,,,,,,,,,,,
h3,H3,H3b complément,"part des naissances de parents mariés, 25-39","département, 1998-2021 ; fenêtre identifiée ≤ 2017, cohorte 2018 = contrôle",twfe,-3,-0.01611084246261376,0.0043118490580679415,-0.024561911323199882,-0.007659773602027638,0.00018666509457640484,96,2304,True," ; fenêtre 1998-2021 ; 96 traitées, 0 jamais traitées sur la fenêtre ; comparaisons sur la fenêtre identifiée (années < 2018, cohorte 2018 recodée contrôle, 7 unités de contrôle) ; cellules −8 et +8 bornées",event,0.0,96.0,0.0,0.0,1998.0,2021.0,,,,,,,,,,,
h3,H3,H3b complément,"part des naissances de parents mariés, 25-39","département, 1998-2021 ; fenêtre identifiée ≤ 2017, cohorte 2018 = contrôle",twfe,-2,-0.006861734466371937,0.0028262801115643073,-0.012401141695259826,-0.0013223272374840488,0.015189360134729222,96,2304,True," ; fenêtre 1998-2021 ; 96 traitées, 0 jamais traitées sur la fenêtre ; comparaisons sur la fenêtre identifiée (années < 2018, cohorte 2018 recodée contrôle, 7 unités de contrôle) ; cellules −8 et +8 bornées",event,0.0,96.0,0.0,0.0,1998.0,2021.0,,,,,,,,,,,
h3,H3,H3b complément,"part des naissances de parents mariés, 25-39","département, 1998-2021 ; fenêtre identifiée ≤ 2017, cohorte 2018 = contrôle",twfe,0,0.010222068662948822,0.002890325850829631,0.004557134091737656,0.015887003234159987,0.0004052375064884063,96,2304,True," ; fenêtre 1998-2021 ; 96 traitées, 0 jamais traitées sur la fenêtre ; comparaisons sur la fenêtre identifiée (années < 2018, cohorte 2018 recodée contrôle, 7 unités de contrôle) ; cellules −8 et +8 bornées",event,0.0,96.0,0.0,0.0,1998.0,2021.0,,,,,,,,,,,
h3,H3,H3b complément,"part des naissances de parents mariés, 25-39","département, 1998-2021 ; fenêtre identifiée ≤ 2017, cohorte 2018 = contrôle",twfe,1,0.027258428261431624,0.005720551479653051,0.016046353389604327,0.03847050313325892,1.8885357408321096e-06,96,2304,True," ; fenêtre 1998-2021 ; 96 traitées, 0 jamais traitées sur la fenêtre ; comparaisons sur la fenêtre identifiée (années < 2018, cohorte 2018 recodée contrôle, 7 unités de contrôle) ; cellules −8 et +8 bornées",event,0.0,96.0,0.0,0.0,1998.0,2021.0,,,,,,,,,,,
h3,H3,H3b complément,"part des naissances de parents mariés, 25-39","département, 1998-2021 ; fenêtre identifiée ≤ 2017, cohorte 2018 = contrôle",twfe,2,0.03967821289848718,0.009036505895618038,0.02196698679699196,0.057389438999982396,1.1289284078501159e-05,96,2304,True," ; fenêtre 1998-2021 ; 96 traitées, 0 jamais traitées sur la fenêtre ; comparaisons sur la fenêtre identifiée (années < 2018, cohorte 2018 recodée contrôle, 7 unités de contrôle) ; cellules −8 et +8 bornées",event,0.0,96.0,0.0,0.0,1998.0,2021.0,,,,,,,,,,,
h3,H3,H3b complément,"part des naissances de parents mariés, 25-39","département, 1998-2021 ; fenêtre identifiée ≤ 2017, cohorte 2018 = contrôle",twfe,3,0.06210050044029315,0.012616339808500994,0.03737292879891224,0.08682807208167406,8.556446477404693e-07,96,2304,True," ; fenêtre 1998-2021 ; 96 traitées, 0 jamais traitées sur la fenêtre ; comparaisons sur la fenêtre identifiée (années < 2018, cohorte 2018 recodée contrôle, 7 unités de contrôle) ; cellules −8 et +8 bornées",event,0.0,96.0,0.0,0.0,1998.0,2021.0,,,,,,,,,,,
h3,H3,H3b complément,"part des naissances de parents mariés, 25-39","département, 1998-2021 ; fenêtre identifiée ≤ 2017, cohorte 2018 = contrôle",twfe,4,0.10471367647088863,0.012261735530039187,0.08068111644405666,0.12874623649772057,1.3436826994674788e-17,96,2304,True," ; fenêtre 1998-2021 ; 96 traitées, 0 jamais traitées sur la fenêtre ; comparaisons sur la fenêtre identifiée (années < 2018, cohorte 2018 recodée contrôle, 7 unités de contrôle) ; cellules −8 et +8 bornées",event,0.0,96.0,0.0,0.0,1998.0,2021.0,,,,,,,,,,,
h3,H3,H3b complément,"part des naissances de parents mariés, 25-39","département, 1998-2021 ; fenêtre identifiée ≤ 2017, cohorte 2018 = contrôle",twfe,"ATT[1,4]",0.05843770451777515,0.009161106236292776,0.04048226623609602,0.07639314279945428,1.7837411761983085e-10,96,2304,True," ; fenêtre 1998-2021 ; 96 traitées, 0 jamais traitées sur la fenêtre ; comparaisons sur la fenêtre identifiée (années < 2018, cohorte 2018 recodée contrôle, 7 unités de contrôle) ; écart-type avec covariance complète (w'Vw)",post_avg,0.0,96.0,0.0,0.0,1998.0,2021.0,,,,,,,,,,,
h3,H3,H3b complément,"part des naissances de parents mariés, 25-39","département, 1998-2021 ; fenêtre identifiée ≤ 2017, cohorte 2018 = contrôle",twfe,Wald pré (-8..−2),33.86031101910783,,,,1.8292868220506605e-05,96,2304,True,"test de Wald joint, covariance groupée, df = 7 ; fenêtre 1998-2021 ; 96 traitées, 0 jamais traitées sur la fenêtre",pre_test,0.0,96.0,0.0,0.0,1998.0,2021.0,,,,,,,,,,,7.0
h3,H3,H3b complément,"part des naissances de parents mariés, 25-39","département, 1998-2021 ; fenêtre identifiée ≤ 2017, cohorte 2018 = contrôle",twfe,ATT,0.025075260346874656,0.005400230694705061,0.014491002677045022,0.03565951801670429,3.4277442164850324e-06,96,2304,True," ; fenêtre 1998-2021 ; 96 traitées, 0 jamais traitées sur la fenêtre ; comparaisons sur la fenêtre identifiée (années < 2018, cohorte 2018 recodée contrôle, 7 unités de contrôle)",static,0.0,96.0,0.0,0.0,1998.0,2021.0,,,,,,,,,,,
h3,H3,H3b complément,"part des naissances de parents mariés, 25-39","département, 1998-2021 ; fenêtre complète",twfe,ATT,0.01809786802029185,0.00430388792995147,0.009662402684090323,0.02653333335649338,2.6107698730094555e-05,96,2304,True," ; fenêtre 1998-2021 ; 96 traitées, 0 jamais traitées sur la fenêtre ; TWFE sur toutes les années (identification par le calendrier des bascules seulement)",static,0.0,96.0,0.0,0.0,1998.0,2021.0,,,,,,,,,,,
h3,H3,H3b complément,naissances de parents mariés 15-19 (Poisson),"département, 1998-2021 ; fenêtre identifiée ≤ 2017, cohorte 2018 = contrôle",twfe_poisson,ATT (log du taux contrefactuel),0.12270704191376265,0.08862877167443468,-0.051002158562153024,0.29641624238967834,0.16620365587472052,96,2304,True,"200 cellules nulles : Poisson avec offset seulement ; fenêtre 1998-2021 ; 96 traitées, 0 jamais traitées sur la fenêtre ; comparaisons sur la fenêtre identifiée (années < 2018, cohorte 2018 recodée contrôle, 7 unités de contrôle) ; Poisson à effets fixes, offset = log(women)",static,0.0,96.0,0.0,0.0,1998.0,2021.0,,,,,,,,,,,
h3,H3,H3b complément,naissances de parents mariés 15-19 (Poisson),"département, 1998-2021 ; fenêtre identifiée ≤ 2017, cohorte 2018 = contrôle",twfe_poisson,ATT en % du taux contrefactuel,13.055316773579563,10.019953856906469,-4.9723382002997525,34.50299006320216,0.16620365587472052,96,2304,True,"200 cellules nulles : Poisson avec offset seulement ; fenêtre 1998-2021 ; 96 traitées, 0 jamais traitées sur la fenêtre ; comparaisons sur la fenêtre identifiée (années < 2018, cohorte 2018 recodée contrôle, 7 unités de contrôle) ; Poisson à effets fixes, offset = log(women)",static,0.0,96.0,0.0,0.0,1998.0,2021.0,,,,,,,,,,,
h3,H3,H3b complément,log(naissances de parents mariés / 1 000 f. 20-24),"département, 1998-2021",cs,-8,-0.037095666740674604,0.04236537201854335,-0.12013027008866055,0.04593893660731134,0.3812405038514468,96,2304,True," ; contrôle = not_yet_treated ; fenêtre 1998-2021 ; 96 traitées, 0 jamais traitées sur la fenêtre ; ATT(g,t) identifiés jusqu'en 2017 (sans unité jamais traitée, la dernière cohorte sert de contrôle) ; grappes = dep (96)",event,0.0,96.0,0.0,0.0,1998.0,2021.0,1998.0,2017.0,96.0,4.0,reg,5.0,89.0,,,,
h3,H3,H3b complément,log(naissances de parents mariés / 1 000 f. 20-24),"département, 1998-2021",cs,-7,-0.06487987831541034,0.038823125949270405,-0.14097180694324274,0.011212050312422048,0.09468894368883478,96,2304,True," ; contrôle = not_yet_treated ; fenêtre 1998-2021 ; 96 traitées, 0 jamais traitées sur la fenêtre ; ATT(g,t) identifiés jusqu'en 2017 (sans unité jamais traitée, la dernière cohorte sert de contrôle) ; grappes = dep (96)",event,0.0,96.0,0.0,0.0,1998.0,2021.0,1998.0,2017.0,96.0,4.0,reg,5.0,89.0,,,,
h3,H3,H3b complément,log(naissances de parents mariés / 1 000 f. 20-24),"département, 1998-2021",cs,-6,-0.014238149176612588,0.03927178911253563,-0.09120944144563463,0.06273314309240945,0.7169379839238924,96,2304,True," ; contrôle = not_yet_treated ; fenêtre 1998-2021 ; 96 traitées, 0 jamais traitées sur la fenêtre ; ATT(g,t) identifiés jusqu'en 2017 (sans unité jamais traitée, la dernière cohorte sert de contrôle) ; grappes = dep (96)",event,0.0,96.0,0.0,0.0,1998.0,2021.0,1998.0,2017.0,96.0,4.0,reg,5.0,89.0,,,,
h3,H3,H3b complément,log(naissances de parents mariés / 1 000 f. 20-24),"département, 1998-2021",cs,-5,-0.060861366204101895,0.03462936982302412,-0.12873368386454737,0.0070109514563435685,0.07883139860440738,96,2304,True," ; contrôle = not_yet_treated ; fenêtre 1998-2021 ; 96 traitées, 0 jamais traitées sur la fenêtre ; ATT(g,t) identifiés jusqu'en 2017 (sans unité jamais traitée, la dernière cohorte sert de contrôle) ; grappes = dep (96)",event,0.0,96.0,0.0,0.0,1998.0,2021.0,1998.0,2017.0,96.0,4.0,reg,5.0,89.0,,,,
h3,H3,H3b complément,log(naissances de parents mariés / 1 000 f. 20-24),"département, 1998-2021",cs,-4,-0.0033514565340820035,0.033102180716605895,-0.06823053854836583,0.061527625480201825,0.919355345958628,96,2304,True," ; contrôle = not_yet_treated ; fenêtre 1998-2021 ; 96 traitées, 0 jamais traitées sur la fenêtre ; ATT(g,t) identifiés jusqu'en 2017 (sans unité jamais traitée, la dernière cohorte sert de contrôle) ; grappes = dep (96)",event,0.0,96.0,0.0,0.0,1998.0,2021.0,1998.0,2017.0,96.0,4.0,reg,5.0,89.0,,,,
h3,H3,H3b complément,log(naissances de parents mariés / 1 000 f. 20-24),"département, 1998-2021",cs,-3,0.02044853244815151,0.032208079672315024,-0.04267814372078256,0.08357520861708558,0.5255012784848281,96,2304,True," ; contrôle = not_yet_treated ; fenêtre 1998-2021 ; 96 traitées, 0 jamais traitées sur la fenêtre ; ATT(g,t) identifiés jusqu'en 2017 (sans unité jamais traitée, la dernière cohorte sert de contrôle) ; grappes = dep (96)",event,0.0,96.0,0.0,0.0,1998.0,2021.0,1998.0,2017.0,96.0,4.0,reg,5.0,89.0,,,,
h3,H3,H3b complément,log(naissances de parents mariés / 1 000 f. 20-24),"département, 1998-2021",cs,-2,0.002819467172163055,0.02537122835380692,-0.046907226644839956,0.05254616098916606,0.9115144295349589,96,2304,True," ; contrôle = not_yet_treated ; fenêtre 1998-2021 ; 96 traitées, 0 jamais traitées sur la fenêtre ; ATT(g,t) identifiés jusqu'en 2017 (sans unité jamais traitée, la dernière cohorte sert de contrôle) ; grappes = dep (96)",event,0.0,96.0,0.0,0.0,1998.0,2021.0,1998.0,2017.0,96.0,4.0,reg,5.0,89.0,,,,
h3,H3,H3b complément,log(naissances de parents mariés / 1 000 f. 20-24),"département, 1998-2021",cs,0,0.019775500915298193,0.02367068366581695,-0.026618186559143574,0.06616918838973995,0.40346847166629896,96,2304,True," ; contrôle = not_yet_treated ; fenêtre 1998-2021 ; 96 traitées, 0 jamais traitées sur la fenêtre ; ATT(g,t) identifiés jusqu'en 2017 (sans unité jamais traitée, la dernière cohorte sert de contrôle) ; grappes = dep (96)",event,0.0,96.0,0.0,0.0,1998.0,2021.0,1998.0,2017.0,96.0,4.0,reg,5.0,89.0,,,,
h3,H3,H3b complément,log(naissances de parents mariés / 1 000 f. 20-24),"département, 1998-2021",cs,1,0.021296826971579346,0.04316215812722694,-0.06329944845280824,0.10589310239596694,0.6217198650055286,96,2304,True," ; contrôle = not_yet_treated ; fenêtre 1998-2021 ; 96 traitées, 0 jamais traitées sur la fenêtre ; ATT(g,t) identifiés jusqu'en 2017 (sans unité jamais traitée, la dernière cohorte sert de contrôle) ; grappes = dep (96)",event,0.0,96.0,0.0,0.0,1998.0,2021.0,1998.0,2017.0,96.0,4.0,reg,4.0,74.0,,,,
h3,H3,H3b complément,log(naissances de parents mariés / 1 000 f. 20-24),"département, 1998-2021",cs,2,-0.0009051409603642591,0.0511542836126903,-0.10116569449618473,0.09935541257545621,0.9858827010571704,96,2304,True," ; contrôle = not_yet_treated ; fenêtre 1998-2021 ; 96 traitées, 0 jamais traitées sur la fenêtre ; ATT(g,t) identifiés jusqu'en 2017 (sans unité jamais traitée, la dernière cohorte sert de contrôle) ; grappes = dep (96)",event,0.0,96.0,0.0,0.0,1998.0,2021.0,1998.0,2017.0,96.0,4.0,reg,3.0,51.0,,,,
h3,H3,H3b complément,log(naissances de parents mariés / 1 000 f. 20-24),"département, 1998-2021",cs,3,0.08210977262422488,0.12200070841539978,-0.1570072219583314,0.3212267672067811,0.5009301043080223,96,2304,True," ; contrôle = not_yet_treated ; fenêtre 1998-2021 ; 96 traitées, 0 jamais traitées sur la fenêtre ; ATT(g,t) identifiés jusqu'en 2017 (sans unité jamais traitée, la dernière cohorte sert de contrôle) ; grappes = dep (96)",event,0.0,96.0,0.0,0.0,1998.0,2021.0,1998.0,2017.0,96.0,4.0,reg,2.0,35.0,,,,
h3,H3,H3b complément,log(naissances de parents mariés / 1 000 f. 20-24),"département, 1998-2021",cs,4,0.17820614657696765,0.11617349978047323,-0.049489728950731754,0.4059020221046671,0.12503812797450842,96,2304,True," ; contrôle = not_yet_treated ; fenêtre 1998-2021 ; 96 traitées, 0 jamais traitées sur la fenêtre ; ATT(g,t) identifiés jusqu'en 2017 (sans unité jamais traitée, la dernière cohorte sert de contrôle) ; grappes = dep (96)",event,0.0,96.0,0.0,0.0,1998.0,2021.0,1998.0,2017.0,96.0,4.0,reg,1.0,2.0,,,,
h3,H3,H3b complément,log(naissances de parents mariés / 1 000 f. 20-24),"département, 1998-2021",cs,"ATT[1,4]",0.0701769013031019,0.07508444562163397,-0.07698590791445682,0.21733971052066064,0.34997402892868557,96,2304,True," ; contrôle = not_yet_treated ; fenêtre 1998-2021 ; 96 traitées, 0 jamais traitées sur la fenêtre ; ATT(g,t) identifiés jusqu'en 2017 (sans unité jamais traitée, la dernière cohorte sert de contrôle) ; grappes = dep (96) ; écart-type avec covariance complète des coefficients (fonctions d'influence)",post_avg,0.0,96.0,0.0,0.0,1998.0,2021.0,1998.0,2017.0,96.0,4.0,reg,,,,,4.0,
h3,H3,H3b complément,log(naissances de parents mariés / 1 000 f. 20-24),"département, 1998-2021",cs,ATT,0.025976402085185812,0.04165392775717485,-0.05566379613351016,0.10761660030388179,0.5328743395753295,96,2304,True," ; contrôle = not_yet_treated ; fenêtre 1998-2021 ; 96 traitées, 0 jamais traitées sur la fenêtre ; ATT(g,t) identifiés jusqu'en 2017 (sans unité jamais traitée, la dernière cohorte sert de contrôle) ; grappes = dep (96) ; moyenne de tous les ATT(g,t) post",simple,0.0,96.0,0.0,0.0,1998.0,2021.0,1998.0,2017.0,96.0,4.0,reg,,,,,,
h3,H3,H3b complément,log(naissances de parents mariés / 1 000 f. 20-24),"département, 1998-2021",cs,Wald pré (-8..-2),16.015797062175118,,,,0.02497242772894975,96,2304,True,"H5c : test de Wald joint de nullité des coefficients pré avec covariance des fonctions d'influence, df = 7 ; fenêtre 1998-2021 ; 96 traitées, 0 jamais traitées sur la fenêtre",pre_test,0.0,96.0,0.0,0.0,1998.0,2021.0,1998.0,2017.0,96.0,4.0,reg,,,,,,7.0
h3,H3,H3b complément,log(naissances de parents mariés / 1 000 f. 25-29),"département, 1998-2021",cs,-8,-0.029799425806169007,0.015648128882139924,-0.06046919484060427,0.0008703432282662592,0.056865351923391934,96,2304,True," ; contrôle = not_yet_treated ; fenêtre 1998-2021 ; 96 traitées, 0 jamais traitées sur la fenêtre ; ATT(g,t) identifiés jusqu'en 2017 (sans unité jamais traitée, la dernière cohorte sert de contrôle) ; grappes = dep (96)",event,0.0,96.0,0.0,0.0,1998.0,2021.0,1998.0,2017.0,96.0,4.0,reg,5.0,89.0,,,,
h3,H3,H3b complément,log(naissances de parents mariés / 1 000 f. 25-29),"département, 1998-2021",cs,-7,-0.03339310805970932,0.016155090496026744,-0.06505650359890705,-0.0017297125205115796,0.03873102769855083,96,2304,True," ; contrôle = not_yet_treated ; fenêtre 1998-2021 ; 96 traitées, 0 jamais traitées sur la fenêtre ; ATT(g,t) identifiés jusqu'en 2017 (sans unité jamais traitée, la dernière cohorte sert de contrôle) ; grappes = dep (96)",event,0.0,96.0,0.0,0.0,1998.0,2021.0,1998.0,2017.0,96.0,4.0,reg,5.0,89.0,,,,
h3,H3,H3b complément,log(naissances de parents mariés / 1 000 f. 25-29),"département, 1998-2021",cs,-6,-0.025587116934824156,0.015616384933007581,-0.056194668972232964,0.005020435102584649,0.10132183571625604,96,2304,True," ; contrôle = not_yet_treated ; fenêtre 1998-2021 ; 96 traitées, 0 jamais traitées sur la fenêtre ; ATT(g,t) identifiés jusqu'en 2017 (sans unité jamais traitée, la dernière cohorte sert de contrôle) ; grappes = dep (96)",event,0.0,96.0,0.0,0.0,1998.0,2021.0,1998.0,2017.0,96.0,4.0,reg,5.0,89.0,,,,
h3,H3,H3b complément,log(naissances de parents mariés / 1 000 f. 25-29),"département, 1998-2021",cs,-5,-0.0069721300178587076,0.013535081624996961,-0.033500402530662624,0.019556142494945205,0.606472328635008,96,2304,True," ; contrôle = not_yet_treated ; fenêtre 1998-2021 ; 96 traitées, 0 jamais traitées sur la fenêtre ; ATT(g,t) identifiés jusqu'en 2017 (sans unité jamais traitée, la dernière cohorte sert de contrôle) ; grappes = dep (96)",event,0.0,96.0,0.0,0.0,1998.0,2021.0,1998.0,2017.0,96.0,4.0,reg,5.0,89.0,,,,
h3,H3,H3b complément,log(naissances de parents mariés / 1 000 f. 25-29),"département, 1998-2021",cs,-4,-0.0008418106744571309,0.01266303584535288,-0.02566090486628849,0.02397728351737423,0.9469974372887412,96,2304,True," ; contrôle = not_yet_treated ; fenêtre 1998-2021 ; 96 traitées, 0 jamais traitées sur la fenêtre ; ATT(g,t) identifiés jusqu'en 2017 (sans unité jamais traitée, la dernière cohorte sert de contrôle) ; grappes = dep (96)",event,0.0,96.0,0.0,0.0,1998.0,2021.0,1998.0,2017.0,96.0,4.0,reg,5.0,89.0,,,,
h3,H3,H3b complément,log(naissances de parents mariés / 1 000 f. 25-29),"département, 1998-2021",cs,-3,0.009269596862261927,0.011670417337088112,-0.013604000802982616,0.03214319452750647,0.4270315578534759,96,2304,True," ; contrôle = not_yet_treated ; fenêtre 1998-2021 ; 96 traitées, 0 jamais traitées sur la fenêtre ; ATT(g,t) identifiés jusqu'en 2017 (sans unité jamais traitée, la dernière cohorte sert de contrôle) ; grappes = dep (96)",event,0.0,96.0,0.0,0.0,1998.0,2021.0,1998.0,2017.0,96.0,4.0,reg,5.0,89.0,,,,
h3,H3,H3b complément,log(naissances de parents mariés / 1 000 f. 25-29),"département, 1998-2021",cs,-2,0.013879145169093946,0.010916466304356862,-0.007516735625890569,0.03527502596407846,0.20358801419691663,96,2304,True," ; contrôle = not_yet_treated ; fenêtre 1998-2021 ; 96 traitées, 0 jamais traitées sur la fenêtre ; ATT(g,t) identifiés jusqu'en 2017 (sans unité jamais traitée, la dernière cohorte sert de contrôle) ; grappes = dep (96)",event,0.0,96.0,0.0,0.0,1998.0,2021.0,1998.0,2017.0,96.0,4.0,reg,5.0,89.0,,,,
h3,H3,H3b complément,log(naissances de parents mariés / 1 000 f. 25-29),"département, 1998-2021",cs,0,0.033264845954189944,0.011903139106833523,0.009935122001825971,0.05659456990655391,0.005195946514156387,96,2304,True," ; contrôle = not_yet_treated ; fenêtre 1998-2021 ; 96 traitées, 0 jamais traitées sur la fenêtre ; ATT(g,t) identifiés jusqu'en 2017 (sans unité jamais traitée, la dernière cohorte sert de contrôle) ; grappes = dep (96)",event,0.0,96.0,0.0,0.0,1998.0,2021.0,1998.0,2017.0,96.0,4.0,reg,5.0,89.0,,,,
h3,H3,H3b complément,log(naissances de parents mariés / 1 000 f. 25-29),"département, 1998-2021",cs,1,0.04552685924660847,0.016530837224590186,0.013127013652117644,0.0779267048410993,0.005886161075053518,96,2304,True," ; contrôle = not_yet_treated ; fenêtre 1998-2021 ; 96 traitées, 0 jamais traitées sur la fenêtre ; ATT(g,t) identifiés jusqu'en 2017 (sans unité jamais traitée, la dernière cohorte sert de contrôle) ; grappes = dep (96)",event,0.0,96.0,0.0,0.0,1998.0,2021.0,1998.0,2017.0,96.0,4.0,reg,4.0,74.0,,,,
h3,H3,H3b complément,log(naissances de parents mariés / 1 000 f. 25-29),"département, 1998-2021",cs,2,0.05623971609716014,0.022648189537678113,0.011850080288274181,0.1006293519060461,0.01302122874439617,96,2304,True," ; contrôle = not_yet_treated ; fenêtre 1998-2021 ; 96 traitées, 0 jamais traitées sur la fenêtre ; ATT(g,t) identifiés jusqu'en 2017 (sans unité jamais traitée, la dernière cohorte sert de contrôle) ; grappes = dep (96)",event,0.0,96.0,0.0,0.0,1998.0,2021.0,1998.0,2017.0,96.0,4.0,reg,3.0,51.0,,,,
h3,H3,H3b complément,log(naissances de parents mariés / 1 000 f. 25-29),"département, 1998-2021",cs,3,0.07383595284098404,0.044148180312113254,-0.01269289055373822,0.16036479623570632,0.09443415262891738,96,2304,True," ; contrôle = not_yet_treated ; fenêtre 1998-2021 ; 96 traitées, 0 jamais traitées sur la fenêtre ; ATT(g,t) identifiés jusqu'en 2017 (sans unité jamais traitée, la dernière cohorte sert de contrôle) ; grappes = dep (96)",event,0.0,96.0,0.0,0.0,1998.0,2021.0,1998.0,2017.0,96.0,4.0,reg,2.0,35.0,,,,
h3,H3,H3b complément,log(naissances de parents mariés / 1 000 f. 25-29),"département, 1998-2021",cs,4,0.041175222021915814,0.06423628589784566,-0.08472558483847986,0.1670760288823115,0.5215250824783589,96,2304,True," ; contrôle = not_yet_treated ; fenêtre 1998-2021 ; 96 traitées, 0 jamais traitées sur la fenêtre ; ATT(g,t) identifiés jusqu'en 2017 (sans unité jamais traitée, la dernière cohorte sert de contrôle) ; grappes = dep (96)",event,0.0,96.0,0.0,0.0,1998.0,2021.0,1998.0,2017.0,96.0,4.0,reg,1.0,2.0,,,,
h3,H3,H3b complément,log(naissances de parents mariés / 1 000 f. 25-29),"département, 1998-2021",cs,"ATT[1,4]",0.05419443755166712,0.028456325321618084,-0.0015789352110594929,0.10996781031439373,0.056847995723873126,96,2304,True," ; contrôle = not_yet_treated ; fenêtre 1998-2021 ; 96 traitées, 0 jamais traitées sur la fenêtre ; ATT(g,t) identifiés jusqu'en 2017 (sans unité jamais traitée, la dernière cohorte sert de contrôle) ; grappes = dep (96) ; écart-type avec covariance complète des coefficients (fonctions d'influence)",post_avg,0.0,96.0,0.0,0.0,1998.0,2021.0,1998.0,2017.0,96.0,4.0,reg,,,,,4.0,
h3,H3,H3b complément,log(naissances de parents mariés / 1 000 f. 25-29),"département, 1998-2021",cs,ATT,0.04726849875938395,0.01601289230975614,0.015883806543943516,0.07865319097482439,0.0031582251409133727,96,2304,True," ; contrôle = not_yet_treated ; fenêtre 1998-2021 ; 96 traitées, 0 jamais traitées sur la fenêtre ; ATT(g,t) identifiés jusqu'en 2017 (sans unité jamais traitée, la dernière cohorte sert de contrôle) ; grappes = dep (96) ; moyenne de tous les ATT(g,t) post",simple,0.0,96.0,0.0,0.0,1998.0,2021.0,1998.0,2017.0,96.0,4.0,reg,,,,,,
h3,H3,H3b complément,log(naissances de parents mariés / 1 000 f. 25-29),"département, 1998-2021",cs,Wald pré (-8..-2),13.310484628643053,,,,0.06489525969621801,96,2304,True,"H5c : test de Wald joint de nullité des coefficients pré avec covariance des fonctions d'influence, df = 7 ; fenêtre 1998-2021 ; 96 traitées, 0 jamais traitées sur la fenêtre",pre_test,0.0,96.0,0.0,0.0,1998.0,2021.0,1998.0,2017.0,96.0,4.0,reg,,,,,,7.0
h3,H3,H3b complément,log(naissances de parents mariés / 1 000 f. 30-34),"département, 1998-2021",cs,-8,-0.03591030168375199,0.012622250815866161,-0.06064945868668098,-0.011171144680823003,0.0044411443910519965,96,2304,True," ; contrôle = not_yet_treated ; fenêtre 1998-2021 ; 96 traitées, 0 jamais traitées sur la fenêtre ; ATT(g,t) identifiés jusqu'en 2017 (sans unité jamais traitée, la dernière cohorte sert de contrôle) ; grappes = dep (96)",event,0.0,96.0,0.0,0.0,1998.0,2021.0,1998.0,2017.0,96.0,4.0,reg,5.0,89.0,,,,
h3,H3,H3b complément,log(naissances de parents mariés / 1 000 f. 30-34),"département, 1998-2021",cs,-7,-0.01633746753149412,0.013427184877525145,-0.04265426630520426,0.009979331242216019,0.22370104026633075,96,2304,True," ; contrôle = not_yet_treated ; fenêtre 1998-2021 ; 96 traitées, 0 jamais traitées sur la fenêtre ; ATT(g,t) identifiés jusqu'en 2017 (sans unité jamais traitée, la dernière cohorte sert de contrôle) ; grappes = dep (96)",event,0.0,96.0,0.0,0.0,1998.0,2021.0,1998.0,2017.0,96.0,4.0,reg,5.0,89.0,,,,
h3,H3,H3b complément,log(naissances de parents mariés / 1 000 f. 30-34),"département, 1998-2021",cs,-6,-0.01784065355239124,0.012386813887966622,-0.04211836265600638,0.0064370555512239,0.14978424208629829,96,2304,True," ; contrôle = not_yet_treated ; fenêtre 1998-2021 ; 96 traitées, 0 jamais traitées sur la fenêtre ; ATT(g,t) identifiés jusqu'en 2017 (sans unité jamais traitée, la dernière cohorte sert de contrôle) ; grappes = dep (96)",event,0.0,96.0,0.0,0.0,1998.0,2021.0,1998.0,2017.0,96.0,4.0,reg,5.0,89.0,,,,
h3,H3,H3b complément,log(naissances de parents mariés / 1 000 f. 30-34),"département, 1998-2021",cs,-5,-0.015496278158586656,0.013711570120732161,-0.042370461766717216,0.0113779054495439,0.2584085017635196,96,2304,True," ; contrôle = not_yet_treated ; fenêtre 1998-2021 ; 96 traitées, 0 jamais traitées sur la fenêtre ; ATT(g,t) identifiés jusqu'en 2017 (sans unité jamais traitée, la dernière cohorte sert de contrôle) ; grappes = dep (96)",event,0.0,96.0,0.0,0.0,1998.0,2021.0,1998.0,2017.0,96.0,4.0,reg,5.0,89.0,,,,
h3,H3,H3b complément,log(naissances de parents mariés / 1 000 f. 30-34),"département, 1998-2021",cs,-4,-0.0020212835010573653,0.010370602764245148,-0.022347291416949383,0.018304724414834654,0.845467231558159,96,2304,True," ; contrôle = not_yet_treated ; fenêtre 1998-2021 ; 96 traitées, 0 jamais traitées sur la fenêtre ; ATT(g,t) identifiés jusqu'en 2017 (sans unité jamais traitée, la dernière cohorte sert de contrôle) ; grappes = dep (96)",event,0.0,96.0,0.0,0.0,1998.0,2021.0,1998.0,2017.0,96.0,4.0,reg,5.0,89.0,,,,
h3,H3,H3b complément,log(naissances de parents mariés / 1 000 f. 30-34),"département, 1998-2021",cs,-3,-0.002318170920520734,0.010973105629059758,-0.023825062752031594,0.019188720910990126,0.8326849182564974,96,2304,True," ; contrôle = not_yet_treated ; fenêtre 1998-2021 ; 96 traitées, 0 jamais traitées sur la fenêtre ; ATT(g,t) identifiés jusqu'en 2017 (sans unité jamais traitée, la dernière cohorte sert de contrôle) ; grappes = dep (96)",event,0.0,96.0,0.0,0.0,1998.0,2021.0,1998.0,2017.0,96.0,4.0,reg,5.0,89.0,,,,
h3,H3,H3b complément,log(naissances de parents mariés / 1 000 f. 30-34),"département, 1998-2021",cs,-2,0.009121704264615723,0.011711038167373244,-0.013831508765009791,0.03207491729424124,0.4360397992577597,96,2304,True," ; contrôle = not_yet_treated ; fenêtre 1998-2021 ; 96 traitées, 0 jamais traitées sur la fenêtre ; ATT(g,t) identifiés jusqu'en 2017 (sans unité jamais traitée, la dernière cohorte sert de contrôle) ; grappes = dep (96)",event,0.0,96.0,0.0,0.0,1998.0,2021.0,1998.0,2017.0,96.0,4.0,reg,5.0,89.0,,,,
h3,H3,H3b complément,log(naissances de parents mariés / 1 000 f. 30-34),"département, 1998-2021",cs,0,0.021864126179093044,0.010549517543426888,0.001187451739702878,0.04254080061848321,0.03821661912621806,96,2304,True," ; contrôle = not_yet_treated ; fenêtre 1998-2021 ; 96 traitées, 0 jamais traitées sur la fenêtre ; ATT(g,t) identifiés jusqu'en 2017 (sans unité jamais traitée, la dernière cohorte sert de contrôle) ; grappes = dep (96)",event,0.0,96.0,0.0,0.0,1998.0,2021.0,1998.0,2017.0,96.0,4.0,reg,5.0,89.0,,,,
h3,H3,H3b complément,log(naissances de parents mariés / 1 000 f. 30-34),"département, 1998-2021",cs,1,0.040516637857129195,0.017868562219280036,0.005494899451827226,0.07553837626243116,0.023360815506732555,96,2304,True," ; contrôle = not_yet_treated ; fenêtre 1998-2021 ; 96 traitées, 0 jamais traitées sur la fenêtre ; ATT(g,t) identifiés jusqu'en 2017 (sans unité jamais traitée, la dernière cohorte sert de contrôle) ; grappes = dep (96)",event,0.0,96.0,0.0,0.0,1998.0,2021.0,1998.0,2017.0,96.0,4.0,reg,4.0,74.0,,,,
h3,H3,H3b complément,log(naissances de parents mariés / 1 000 f. 30-34),"département, 1998-2021",cs,2,0.0573349516149666,0.025003197312551677,0.008329585384016645,0.10634031784591655,0.021841972476781078,96,2304,True," ; contrôle = not_yet_treated ; fenêtre 1998-2021 ; 96 traitées, 0 jamais traitées sur la fenêtre ; ATT(g,t) identifiés jusqu'en 2017 (sans unité jamais traitée, la dernière cohorte sert de contrôle) ; grappes = dep (96)",event,0.0,96.0,0.0,0.0,1998.0,2021.0,1998.0,2017.0,96.0,4.0,reg,3.0,51.0,,,,
h3,H3,H3b complément,log(naissances de parents mariés / 1 000 f. 30-34),"département, 1998-2021",cs,3,0.12836292919010056,0.04422874311597827,0.04167618560130931,0.2150496727788918,0.0037049115217003426,96,2304,True," ; contrôle = not_yet_treated ; fenêtre 1998-2021 ; 96 traitées, 0 jamais traitées sur la fenêtre ; ATT(g,t) identifiés jusqu'en 2017 (sans unité jamais traitée, la dernière cohorte sert de contrôle) ; grappes = dep (96)",event,0.0,96.0,0.0,0.0,1998.0,2021.0,1998.0,2017.0,96.0,4.0,reg,2.0,35.0,,,,
h3,H3,H3b complément,log(naissances de parents mariés / 1 000 f. 30-34),"département, 1998-2021",cs,4,0.20385765870574385,0.060033224925536005,0.08619469997590101,0.3215206174355867,0.0006844152670321426,96,2304,True," ; contrôle = not_yet_treated ; fenêtre 1998-2021 ; 96 traitées, 0 jamais traitées sur la fenêtre ; ATT(g,t) identifiés jusqu'en 2017 (sans unité jamais traitée, la dernière cohorte sert de contrôle) ; grappes = dep (96)",event,0.0,96.0,0.0,0.0,1998.0,2021.0,1998.0,2017.0,96.0,4.0,reg,1.0,2.0,,,,
h3,H3,H3b complément,log(naissances de parents mariés / 1 000 f. 30-34),"département, 1998-2021",cs,"ATT[1,4]",0.10751804434198506,0.02825691648761184,0.05213550571210981,0.1629005829718603,0.00014179451788803258,96,2304,True," ; contrôle = not_yet_treated ; fenêtre 1998-2021 ; 96 traitées, 0 jamais traitées sur la fenêtre ; ATT(g,t) identifiés jusqu'en 2017 (sans unité jamais traitée, la dernière cohorte sert de contrôle) ; grappes = dep (96) ; écart-type avec covariance complète des coefficients (fonctions d'influence)",post_avg,0.0,96.0,0.0,0.0,1998.0,2021.0,1998.0,2017.0,96.0,4.0,reg,,,,,4.0,
h3,H3,H3b complément,log(naissances de parents mariés / 1 000 f. 30-34),"département, 1998-2021",cs,ATT,0.050871070927470695,0.017343231095954918,0.016878962603843924,0.08486317925109746,0.003354935914898921,96,2304,True," ; contrôle = not_yet_treated ; fenêtre 1998-2021 ; 96 traitées, 0 jamais traitées sur la fenêtre ; ATT(g,t) identifiés jusqu'en 2017 (sans unité jamais traitée, la dernière cohorte sert de contrôle) ; grappes = dep (96) ; moyenne de tous les ATT(g,t) post",simple,0.0,96.0,0.0,0.0,1998.0,2021.0,1998.0,2017.0,96.0,4.0,reg,,,,,,
h3,H3,H3b complément,log(naissances de parents mariés / 1 000 f. 30-34),"département, 1998-2021",cs,Wald pré (-8..-2),17.752978868337813,,,,0.013135637727187895,96,2304,True,"H5c : test de Wald joint de nullité des coefficients pré avec covariance des fonctions d'influence, df = 7 ; fenêtre 1998-2021 ; 96 traitées, 0 jamais traitées sur la fenêtre",pre_test,0.0,96.0,0.0,0.0,1998.0,2021.0,1998.0,2017.0,96.0,4.0,reg,,,,,,7.0
h3,H3,H3b complément,log(naissances de parents mariés / 1 000 f. 35-39),"département, 1998-2021",cs,-8,-0.05326192137496922,0.015577907221734716,-0.08379405848407567,-0.022729784265862762,0.0006283606151531796,96,2304,True," ; contrôle = not_yet_treated ; fenêtre 1998-2021 ; 96 traitées, 0 jamais traitées sur la fenêtre ; ATT(g,t) identifiés jusqu'en 2017 (sans unité jamais traitée, la dernière cohorte sert de contrôle) ; grappes = dep (96)",event,0.0,96.0,0.0,0.0,1998.0,2021.0,1998.0,2017.0,96.0,4.0,reg,5.0,89.0,,,,
h3,H3,H3b complément,log(naissances de parents mariés / 1 000 f. 35-39),"département, 1998-2021",cs,-7,-0.04619236405024552,0.014658032344827692,-0.07492157953033099,-0.01746314857016005,0.0016252620182504193,96,2304,True," ; contrôle = not_yet_treated ; fenêtre 1998-2021 ; 96 traitées, 0 jamais traitées sur la fenêtre ; ATT(g,t) identifiés jusqu'en 2017 (sans unité jamais traitée, la dernière cohorte sert de contrôle) ; grappes = dep (96)",event,0.0,96.0,0.0,0.0,1998.0,2021.0,1998.0,2017.0,96.0,4.0,reg,5.0,89.0,,,,
h3,H3,H3b complément,log(naissances de parents mariés / 1 000 f. 35-39),"département, 1998-2021",cs,-6,-0.040583263175670785,0.014155167830131906,-0.06832688231784931,-0.012839644033492265,0.004143462908951877,96,2304,True," ; contrôle = not_yet_treated ; fenêtre 1998-2021 ; 96 traitées, 0 jamais traitées sur la fenêtre ; ATT(g,t) identifiés jusqu'en 2017 (sans unité jamais traitée, la dernière cohorte sert de contrôle) ; grappes = dep (96)",event,0.0,96.0,0.0,0.0,1998.0,2021.0,1998.0,2017.0,96.0,4.0,reg,5.0,89.0,,,,
h3,H3,H3b complément,log(naissances de parents mariés / 1 000 f. 35-39),"département, 1998-2021",cs,-5,-0.052397694899034536,0.013540080758607641,-0.0789357655336693,-0.025859624264399785,0.00010891509164652678,96,2304,True," ; contrôle = not_yet_treated ; fenêtre 1998-2021 ; 96 traitées, 0 jamais traitées sur la fenêtre ; ATT(g,t) identifiés jusqu'en 2017 (sans unité jamais traitée, la dernière cohorte sert de contrôle) ; grappes = dep (96)",event,0.0,96.0,0.0,0.0,1998.0,2021.0,1998.0,2017.0,96.0,4.0,reg,5.0,89.0,,,,
h3,H3,H3b complément,log(naissances de parents mariés / 1 000 f. 35-39),"département, 1998-2021",cs,-4,-0.05456453278258354,0.016719483800322368,-0.08733411887131626,-0.021794946693850827,0.0011003363135643702,96,2304,True," ; contrôle = not_yet_treated ; fenêtre 1998-2021 ; 96 traitées, 0 jamais traitées sur la fenêtre ; ATT(g,t) identifiés jusqu'en 2017 (sans unité jamais traitée, la dernière cohorte sert de contrôle) ; grappes = dep (96)",event,0.0,96.0,0.0,0.0,1998.0,2021.0,1998.0,2017.0,96.0,4.0,reg,5.0,89.0,,,,
h3,H3,H3b complément,log(naissances de parents mariés / 1 000 f. 35-39),"département, 1998-2021",cs,-3,-0.039928065290617376,0.014544745342661989,-0.06843524232654156,-0.01142088825469319,0.006047617964787682,96,2304,True," ; contrôle = not_yet_treated ; fenêtre 1998-2021 ; 96 traitées, 0 jamais traitées sur la fenêtre ; ATT(g,t) identifiés jusqu'en 2017 (sans unité jamais traitée, la dernière cohorte sert de contrôle) ; grappes = dep (96)",event,0.0,96.0,0.0,0.0,1998.0,2021.0,1998.0,2017.0,96.0,4.0,reg,5.0,89.0,,,,
h3,H3,H3b complément,log(naissances de parents mariés / 1 000 f. 35-39),"département, 1998-2021",cs,-2,-0.0116370577113177,0.013878506400004464,-0.038838430414535094,0.015564314991899692,0.4017527754187412,96,2304,True," ; contrôle = not_yet_treated ; fenêtre 1998-2021 ; 96 traitées, 0 jamais traitées sur la fenêtre ; ATT(g,t) identifiés jusqu'en 2017 (sans unité jamais traitée, la dernière cohorte sert de contrôle) ; grappes = dep (96)",event,0.0,96.0,0.0,0.0,1998.0,2021.0,1998.0,2017.0,96.0,4.0,reg,5.0,89.0,,,,
h3,H3,H3b complément,log(naissances de parents mariés / 1 000 f. 35-39),"département, 1998-2021",cs,0,0.0003108955533522122,0.01802516767059058,-0.03501778389630107,0.03563957500300549,0.986238881767261,96,2304,True," ; contrôle = not_yet_treated ; fenêtre 1998-2021 ; 96 traitées, 0 jamais traitées sur la fenêtre ; ATT(g,t) identifiés jusqu'en 2017 (sans unité jamais traitée, la dernière cohorte sert de contrôle) ; grappes = dep (96)",event,0.0,96.0,0.0,0.0,1998.0,2021.0,1998.0,2017.0,96.0,4.0,reg,5.0,89.0,,,,
h3,H3,H3b complément,log(naissances de parents mariés / 1 000 f. 35-39),"département, 1998-2021",cs,1,0.035320075965478606,0.02732239789142939,-0.01823083987299611,0.08887099180395333,0.19610961781232727,96,2304,True," ; contrôle = not_yet_treated ; fenêtre 1998-2021 ; 96 traitées, 0 jamais traitées sur la fenêtre ; ATT(g,t) identifiés jusqu'en 2017 (sans unité jamais traitée, la dernière cohorte sert de contrôle) ; grappes = dep (96)",event,0.0,96.0,0.0,0.0,1998.0,2021.0,1998.0,2017.0,96.0,4.0,reg,4.0,74.0,,,,
h3,H3,H3b complément,log(naissances de parents mariés / 1 000 f. 35-39),"département, 1998-2021",cs,2,0.0650599995615673,0.024919337409031753,0.016218995721263396,0.1139010034018712,0.009032441448662415,96,2304,True," ; contrôle = not_yet_treated ; fenêtre 1998-2021 ; 96 traitées, 0 jamais traitées sur la fenêtre ; ATT(g,t) identifiés jusqu'en 2017 (sans unité jamais traitée, la dernière cohorte sert de contrôle) ; grappes = dep (96)",event,0.0,96.0,0.0,0.0,1998.0,2021.0,1998.0,2017.0,96.0,4.0,reg,3.0,51.0,,,,
h3,H3,H3b complément,log(naissances de parents mariés / 1 000 f. 35-39),"département, 1998-2021",cs,3,0.13471537405694853,0.08355030709199329,-0.029040218740619794,0.29847096685451685,0.10687789499029449,96,2304,True," ; contrôle = not_yet_treated ; fenêtre 1998-2021 ; 96 traitées, 0 jamais traitées sur la fenêtre ; ATT(g,t) identifiés jusqu'en 2017 (sans unité jamais traitée, la dernière cohorte sert de contrôle) ; grappes = dep (96)",event,0.0,96.0,0.0,0.0,1998.0,2021.0,1998.0,2017.0,96.0,4.0,reg,2.0,35.0,,,,
h3,H3,H3b complément,log(naissances de parents mariés / 1 000 f. 35-39),"département, 1998-2021",cs,4,0.20871758729446216,0.10187360212372142,0.00904899615660501,0.4083861784323193,0.040482682842001926,96,2304,True," ; contrôle = not_yet_treated ; fenêtre 1998-2021 ; 96 traitées, 0 jamais traitées sur la fenêtre ; ATT(g,t) identifiés jusqu'en 2017 (sans unité jamais traitée, la dernière cohorte sert de contrôle) ; grappes = dep (96)",event,0.0,96.0,0.0,0.0,1998.0,2021.0,1998.0,2017.0,96.0,4.0,reg,1.0,2.0,,,,
h3,H3,H3b complément,log(naissances de parents mariés / 1 000 f. 35-39),"département, 1998-2021",cs,"ATT[1,4]",0.11095325921961414,0.05413721453704321,0.004846268503691201,0.21706024993553708,0.040414983640632896,96,2304,True," ; contrôle = not_yet_treated ; fenêtre 1998-2021 ; 96 traitées, 0 jamais traitées sur la fenêtre ; ATT(g,t) identifiés jusqu'en 2017 (sans unité jamais traitée, la dernière cohorte sert de contrôle) ; grappes = dep (96) ; écart-type avec covariance complète des coefficients (fonctions d'influence)",post_avg,0.0,96.0,0.0,0.0,1998.0,2021.0,1998.0,2017.0,96.0,4.0,reg,,,,,4.0,
h3,H3,H3b complément,log(naissances de parents mariés / 1 000 f. 35-39),"département, 1998-2021",cs,ATT,0.044190791115202466,0.028786023304108125,-0.012228777818980144,0.10061036004938508,0.12474760588217061,96,2304,True," ; contrôle = not_yet_treated ; fenêtre 1998-2021 ; 96 traitées, 0 jamais traitées sur la fenêtre ; ATT(g,t) identifiés jusqu'en 2017 (sans unité jamais traitée, la dernière cohorte sert de contrôle) ; grappes = dep (96) ; moyenne de tous les ATT(g,t) post",simple,0.0,96.0,0.0,0.0,1998.0,2021.0,1998.0,2017.0,96.0,4.0,reg,,,,,,
h3,H3,H3b complément,log(naissances de parents mariés / 1 000 f. 35-39),"département, 1998-2021",cs,Wald pré (-8..-2),24.577796544435927,,,,0.0009012440173893993,96,2304,True,"H5c : test de Wald joint de nullité des coefficients pré avec covariance des fonctions d'influence, df = 7 ; fenêtre 1998-2021 ; 96 traitées, 0 jamais traitées sur la fenêtre",pre_test,0.0,96.0,0.0,0.0,1998.0,2021.0,1998.0,2017.0,96.0,4.0,reg,,,,,,7.0
h3,H3,H3b complément,log(naissances de parents mariés / 1 000 f. 40-49),"département, 1998-2021",cs,-8,-0.04965772778307383,0.030986324872884583,-0.11038980854718528,0.011074352981037622,0.10902981309378243,96,2304,True," ; contrôle = not_yet_treated ; fenêtre 1998-2021 ; 96 traitées, 0 jamais traitées sur la fenêtre ; ATT(g,t) identifiés jusqu'en 2017 (sans unité jamais traitée, la dernière cohorte sert de contrôle) ; grappes = dep (96)",event,0.0,96.0,0.0,0.0,1998.0,2021.0,1998.0,2017.0,96.0,4.0,reg,5.0,89.0,,,,
h3,H3,H3b complément,log(naissances de parents mariés / 1 000 f. 40-49),"département, 1998-2021",cs,-7,-0.022276046423097114,0.03437714466029129,-0.08965401184859148,0.045101919002397246,0.5169914095839228,96,2304,True," ; contrôle = not_yet_treated ; fenêtre 1998-2021 ; 96 traitées, 0 jamais traitées sur la fenêtre ; ATT(g,t) identifiés jusqu'en 2017 (sans unité jamais traitée, la dernière cohorte sert de contrôle) ; grappes = dep (96)",event,0.0,96.0,0.0,0.0,1998.0,2021.0,1998.0,2017.0,96.0,4.0,reg,5.0,89.0,,,,
h3,H3,H3b complément,log(naissances de parents mariés / 1 000 f. 40-49),"département, 1998-2021",cs,-6,-0.026331959338942265,0.03548944694482765,-0.0958899971820495,0.043226078504164975,0.45810799813625425,96,2304,True," ; contrôle = not_yet_treated ; fenêtre 1998-2021 ; 96 traitées, 0 jamais traitées sur la fenêtre ; ATT(g,t) identifiés jusqu'en 2017 (sans unité jamais traitée, la dernière cohorte sert de contrôle) ; grappes = dep (96)",event,0.0,96.0,0.0,0.0,1998.0,2021.0,1998.0,2017.0,96.0,4.0,reg,5.0,89.0,,,,
h3,H3,H3b complément,log(naissances de parents mariés / 1 000 f. 40-49),"département, 1998-2021",cs,-5,-0.001640317561798105,0.035403784100577124,-0.07103045931536106,0.06774982419176484,0.963045872179014,96,2304,True," ; contrôle = not_yet_treated ; fenêtre 1998-2021 ; 96 traitées, 0 jamais traitées sur la fenêtre ; ATT(g,t) identifiés jusqu'en 2017 (sans unité jamais traitée, la dernière cohorte sert de contrôle) ; grappes = dep (96)",event,0.0,96.0,0.0,0.0,1998.0,2021.0,1998.0,2017.0,96.0,4.0,reg,5.0,89.0,,,,
h3,H3,H3b complément,log(naissances de parents mariés / 1 000 f. 40-49),"département, 1998-2021",cs,-4,-0.0063028995187660725,0.03428455165321634,-0.07349938598517326,0.06089358694764112,0.8541383451852194,96,2304,True," ; contrôle = not_yet_treated ; fenêtre 1998-2021 ; 96 traitées, 0 jamais traitées sur la fenêtre ; ATT(g,t) identifiés jusqu'en 2017 (sans unité jamais traitée, la dernière cohorte sert de contrôle) ; grappes = dep (96)",event,0.0,96.0,0.0,0.0,1998.0,2021.0,1998.0,2017.0,96.0,4.0,reg,5.0,89.0,,,,
h3,H3,H3b complément,log(naissances de parents mariés / 1 000 f. 40-49),"département, 1998-2021",cs,-3,0.016085790699868645,0.03386376493242491,-0.05028596894861464,0.08245755034835192,0.6347763997069409,96,2304,True," ; contrôle = not_yet_treated ; fenêtre 1998-2021 ; 96 traitées, 0 jamais traitées sur la fenêtre ; ATT(g,t) identifiés jusqu'en 2017 (sans unité jamais traitée, la dernière cohorte sert de contrôle) ; grappes = dep (96)",event,0.0,96.0,0.0,0.0,1998.0,2021.0,1998.0,2017.0,96.0,4.0,reg,5.0,89.0,,,,
h3,H3,H3b complément,log(naissances de parents mariés / 1 000 f. 40-49),"département, 1998-2021",cs,-2,0.0227379214266374,0.03174806458884817,-0.03948714174635645,0.08496298459963125,0.47386868823187245,96,2304,True," ; contrôle = not_yet_treated ; fenêtre 1998-2021 ; 96 traitées, 0 jamais traitées sur la fenêtre ; ATT(g,t) identifiés jusqu'en 2017 (sans unité jamais traitée, la dernière cohorte sert de contrôle) ; grappes = dep (96)",event,0.0,96.0,0.0,0.0,1998.0,2021.0,1998.0,2017.0,96.0,4.0,reg,5.0,89.0,,,,
h3,H3,H3b complément,log(naissances de parents mariés / 1 000 f. 40-49),"département, 1998-2021",cs,0,0.06800852107212292,0.04069913753071002,-0.011760322689911146,0.147777364834157,0.09472040502804069,96,2304,True," ; contrôle = not_yet_treated ; fenêtre 1998-2021 ; 96 traitées, 0 jamais traitées sur la fenêtre ; ATT(g,t) identifiés jusqu'en 2017 (sans unité jamais traitée, la dernière cohorte sert de contrôle) ; grappes = dep (96)",event,0.0,96.0,0.0,0.0,1998.0,2021.0,1998.0,2017.0,96.0,4.0,reg,5.0,89.0,,,,
h3,H3,H3b complément,log(naissances de parents mariés / 1 000 f. 40-49),"département, 1998-2021",cs,1,0.0741926548072836,0.057993657175813264,-0.039472824589073266,0.18785813420364045,0.20078312207546611,96,2304,True," ; contrôle = not_yet_treated ; fenêtre 1998-2021 ; 96 traitées, 0 jamais traitées sur la fenêtre ; ATT(g,t) identifiés jusqu'en 2017 (sans unité jamais traitée, la dernière cohorte sert de contrôle) ; grappes = dep (96)",event,0.0,96.0,0.0,0.0,1998.0,2021.0,1998.0,2017.0,96.0,4.0,reg,4.0,74.0,,,,
h3,H3,H3b complément,log(naissances de parents mariés / 1 000 f. 40-49),"département, 1998-2021",cs,2,0.07236762675889596,0.05843431087802235,-0.04216151802344495,0.18689677154123688,0.2155514422356516,96,2304,True," ; contrôle = not_yet_treated ; fenêtre 1998-2021 ; 96 traitées, 0 jamais traitées sur la fenêtre ; ATT(g,t) identifiés jusqu'en 2017 (sans unité jamais traitée, la dernière cohorte sert de contrôle) ; grappes = dep (96)",event,0.0,96.0,0.0,0.0,1998.0,2021.0,1998.0,2017.0,96.0,4.0,reg,3.0,51.0,,,,
h3,H3,H3b complément,log(naissances de parents mariés / 1 000 f. 40-49),"département, 1998-2021",cs,3,0.07186374025076683,0.1127859637692193,-0.1491926866985424,0.2929201672000761,0.5240146494271274,96,2304,True," ; contrôle = not_yet_treated ; fenêtre 1998-2021 ; 96 traitées, 0 jamais traitées sur la fenêtre ; ATT(g,t) identifiés jusqu'en 2017 (sans unité jamais traitée, la dernière cohorte sert de contrôle) ; grappes = dep (96)",event,0.0,96.0,0.0,0.0,1998.0,2021.0,1998.0,2017.0,96.0,4.0,reg,2.0,35.0,,,,
h3,H3,H3b complément,log(naissances de parents mariés / 1 000 f. 40-49),"département, 1998-2021",cs,4,0.19497423458896734,0.2054192960134201,-0.20764018732690837,0.597588656504843,0.34254306540202706,96,2304,True," ; contrôle = not_yet_treated ; fenêtre 1998-2021 ; 96 traitées, 0 jamais traitées sur la fenêtre ; ATT(g,t) identifiés jusqu'en 2017 (sans unité jamais traitée, la dernière cohorte sert de contrôle) ; grappes = dep (96)",event,0.0,96.0,0.0,0.0,1998.0,2021.0,1998.0,2017.0,96.0,4.0,reg,1.0,2.0,,,,
h3,H3,H3b complément,log(naissances de parents mariés / 1 000 f. 40-49),"département, 1998-2021",cs,"ATT[1,4]",0.10334956410147844,0.09492162955774086,-0.0826934111855463,0.2893925393885032,0.27624723172769183,96,2304,True," ; contrôle = not_yet_treated ; fenêtre 1998-2021 ; 96 traitées, 0 jamais traitées sur la fenêtre ; ATT(g,t) identifiés jusqu'en 2017 (sans unité jamais traitée, la dernière cohorte sert de contrôle) ; grappes = dep (96) ; écart-type avec covariance complète des coefficients (fonctions d'influence)",post_avg,0.0,96.0,0.0,0.0,1998.0,2021.0,1998.0,2017.0,96.0,4.0,reg,,,,,4.0,
h3,H3,H3b complément,log(naissances de parents mariés / 1 000 f. 40-49),"département, 1998-2021",cs,ATT,0.07226670587177846,0.051662139854156075,-0.028989227606638815,0.17352263935019574,0.16186306912634751,96,2304,True," ; contrôle = not_yet_treated ; fenêtre 1998-2021 ; 96 traitées, 0 jamais traitées sur la fenêtre ; ATT(g,t) identifiés jusqu'en 2017 (sans unité jamais traitée, la dernière cohorte sert de contrôle) ; grappes = dep (96) ; moyenne de tous les ATT(g,t) post",simple,0.0,96.0,0.0,0.0,1998.0,2021.0,1998.0,2017.0,96.0,4.0,reg,,,,,,
h3,H3,H3b complément,log(naissances de parents mariés / 1 000 f. 40-49),"département, 1998-2021",cs,Wald pré (-8..-2),11.050372272746005,,,,0.13643684920883925,96,2304,True,"H5c : test de Wald joint de nullité des coefficients pré avec covariance des fonctions d'influence, df = 7 ; fenêtre 1998-2021 ; 96 traitées, 0 jamais traitées sur la fenêtre",pre_test,0.0,96.0,0.0,0.0,1998.0,2021.0,1998.0,2017.0,96.0,4.0,reg,,,,,,7.0
h3,H3,H3c,mariages 25-39,"département, bascule D3 ≥ 50 %",cs,première période négative (IC 95 % < 0),,,,,,0,0,False,aucune période post avec coefficient négatif et IC ponctuel excluant 0,timing,,,,,,,,,,,,,,,,,
h3,H3,H3c,naissances / f. en couple 25-39,"département, bascule D3 ≥ 50 %",cs,première période négative (IC 95 % < 0),,,,,,0,0,False,aucune période post avec coefficient négatif et IC ponctuel excluant 0,timing,,,,,,,,,,,,,,,,,
h3,H3,H3c,naissances 25-39 (H2b),"département, bascule D3 ≥ 50 %",cs,première période négative (IC 95 % < 0),,,,,,0,0,False,aucune période post avec coefficient négatif et IC ponctuel excluant 0,timing,,,,,,,,,,,,,,,,,
h3,H3,§6 canal,ATT mariages 25-39 − ATT naissances / f. en couple 25-39,"département, bascule D3 ≥ 50 %",cs,différence (bootstrap conjoint),-0.012937692172034384,0.022191383585732086,-0.05643200511026018,0.03055662076619142,0.55988979522989,96,7776,False,"règle §6 : H3a = ATT[1,4] mariages 25-39 = +0.0048 (p 0.728) ; H3b = ATT[1,4] naissances / femmes en couple 25-39 = +0.0178 (p 0.098) ; 200 tirages, quantiles [-0.0603, +0.0195]",decision,,,,,,,,,,,,,,,,,
h3,H3,H3,famille H3,"département, bascule D3 ≥ 50 %",—,note,,,,,,0,0,False,H3 présentée sans correction de tests multiples ; seuls les deux tests nommés dans la ligne « §6 canal » entrent dans la règle de décision (A2),note,,,,,,,,,,,,,,,,,
