part,family,hypothesis,outcome,sample,estimator,term,estimate,se,ci_low,ci_high,p,n_units,n_obs,exploratory,notes,aggregation,n_never,n_treated,n_late_recoded,n_unbalanced,year_min,year_max,years_model_min,years_model_max,n_clusters,k_post,est_method,n_cohorts,n_units_rel,k_periods,df
h5,H5,H5a,"log(naissances+0,5 / 1 000 f. 15-44)","commune, bascule fictive −3 ans, années pré-traitement seules",cs,-8,0.004872013983200101,0.008222746169916785,-0.011244272363851471,0.020988300330251675,0.5535128184489193,34556,456254,False,"placebo : aucun effet attendu ; périodes relatives fictives ≤ +2 ; H5a et H5c testent la même hypothèse de tendances parallèles sous deux normalisations ; contrôle = not_yet_treated ; fenêtre 2008-2024 ; 21251 traitées, 13305 jamais traitées sur la fenêtre ; panel déséquilibré par construction (19697 unités incomplètes gardées)",event,13305,21251,0,19697,2008,2024,2008.0,2024.0,34556.0,2.0,reg,9.0,10031.0,,
h5,H5,H5a,"log(naissances+0,5 / 1 000 f. 15-44)","commune, bascule fictive −3 ans, années pré-traitement seules",cs,-7,0.02047899008313367,0.007095890589380941,0.006571300089710326,0.034386680076557014,0.0039012850985546198,34556,456254,False,"placebo : aucun effet attendu ; périodes relatives fictives ≤ +2 ; H5a et H5c testent la même hypothèse de tendances parallèles sous deux normalisations ; contrôle = not_yet_treated ; fenêtre 2008-2024 ; 21251 traitées, 13305 jamais traitées sur la fenêtre ; panel déséquilibré par construction (19697 unités incomplètes gardées)",event,13305,21251,0,19697,2008,2024,2008.0,2024.0,34556.0,2.0,reg,10.0,12665.0,,
h5,H5,H5a,"log(naissances+0,5 / 1 000 f. 15-44)","commune, bascule fictive −3 ans, années pré-traitement seules",cs,-6,0.012588582793773393,0.006095998163681002,0.0006406459431363247,0.024536519644410462,0.038917621118036955,34556,456254,False,"placebo : aucun effet attendu ; périodes relatives fictives ≤ +2 ; H5a et H5c testent la même hypothèse de tendances parallèles sous deux normalisations ; contrôle = not_yet_treated ; fenêtre 2008-2024 ; 21251 traitées, 13305 jamais traitées sur la fenêtre ; panel déséquilibré par construction (19697 unités incomplètes gardées)",event,13305,21251,0,19697,2008,2024,2008.0,2024.0,34556.0,2.0,reg,11.0,15486.0,,
h5,H5,H5a,"log(naissances+0,5 / 1 000 f. 15-44)","commune, bascule fictive −3 ans, années pré-traitement seules",cs,-5,0.011407858661412982,0.005511799507775545,0.0006049301361673153,0.02221078718665865,0.03847896399699162,34556,456254,False,"placebo : aucun effet attendu ; périodes relatives fictives ≤ +2 ; H5a et H5c testent la même hypothèse de tendances parallèles sous deux normalisations ; contrôle = not_yet_treated ; fenêtre 2008-2024 ; 21251 traitées, 13305 jamais traitées sur la fenêtre ; panel déséquilibré par construction (19697 unités incomplètes gardées)",event,13305,21251,0,19697,2008,2024,2008.0,2024.0,34556.0,2.0,reg,12.0,17687.0,,
h5,H5,H5a,"log(naissances+0,5 / 1 000 f. 15-44)","commune, bascule fictive −3 ans, années pré-traitement seules",cs,-4,0.005501096255996379,0.005099049641042584,-0.004492857395828977,0.015495049907821735,0.2806557772607422,34556,456254,False,"placebo : aucun effet attendu ; périodes relatives fictives ≤ +2 ; H5a et H5c testent la même hypothèse de tendances parallèles sous deux normalisations ; contrôle = not_yet_treated ; fenêtre 2008-2024 ; 21251 traitées, 13305 jamais traitées sur la fenêtre ; panel déséquilibré par construction (19697 unités incomplètes gardées)",event,13305,21251,0,19697,2008,2024,2008.0,2024.0,34556.0,2.0,reg,13.0,18960.0,,
h5,H5,H5a,"log(naissances+0,5 / 1 000 f. 15-44)","commune, bascule fictive −3 ans, années pré-traitement seules",cs,-3,0.002705020674390096,0.004633424946893128,-0.0063763253465898475,0.01178636669537004,0.5593509296489787,34556,456254,False,"placebo : aucun effet attendu ; périodes relatives fictives ≤ +2 ; H5a et H5c testent la même hypothèse de tendances parallèles sous deux normalisations ; contrôle = not_yet_treated ; fenêtre 2008-2024 ; 21251 traitées, 13305 jamais traitées sur la fenêtre ; panel déséquilibré par construction (19697 unités incomplètes gardées)",event,13305,21251,0,19697,2008,2024,2008.0,2024.0,34556.0,2.0,reg,14.0,21251.0,,
h5,H5,H5a,"log(naissances+0,5 / 1 000 f. 15-44)","commune, bascule fictive −3 ans, années pré-traitement seules",cs,-2,0.002498941151372841,0.0046148926806011785,-0.006546082295122976,0.011543964597868658,0.5881664670409652,34556,456254,False,"placebo : aucun effet attendu ; périodes relatives fictives ≤ +2 ; H5a et H5c testent la même hypothèse de tendances parallèles sous deux normalisations ; contrôle = not_yet_treated ; fenêtre 2008-2024 ; 21251 traitées, 13305 jamais traitées sur la fenêtre ; panel déséquilibré par construction (19697 unités incomplètes gardées)",event,13305,21251,0,19697,2008,2024,2008.0,2024.0,34556.0,2.0,reg,14.0,21251.0,,
h5,H5,H5a,"log(naissances+0,5 / 1 000 f. 15-44)","commune, bascule fictive −3 ans, années pré-traitement seules",cs,0,0.006401305535651282,0.004674790910618012,-0.002761116284415224,0.015563727355717788,0.1708978756384666,34556,456254,False,"placebo : aucun effet attendu ; périodes relatives fictives ≤ +2 ; H5a et H5c testent la même hypothèse de tendances parallèles sous deux normalisations ; contrôle = not_yet_treated ; fenêtre 2008-2024 ; 21251 traitées, 13305 jamais traitées sur la fenêtre ; panel déséquilibré par construction (19697 unités incomplètes gardées)",event,13305,21251,0,19697,2008,2024,2008.0,2024.0,34556.0,2.0,reg,14.0,21251.0,,
h5,H5,H5a,"log(naissances+0,5 / 1 000 f. 15-44)","commune, bascule fictive −3 ans, années pré-traitement seules",cs,1,0.003382770172914238,0.004743400462280836,-0.0059141238974068444,0.012679664243235321,0.4757510988033137,34556,456254,False,"placebo : aucun effet attendu ; périodes relatives fictives ≤ +2 ; H5a et H5c testent la même hypothèse de tendances parallèles sous deux normalisations ; contrôle = not_yet_treated ; fenêtre 2008-2024 ; 21251 traitées, 13305 jamais traitées sur la fenêtre ; panel déséquilibré par construction (19697 unités incomplètes gardées)",event,13305,21251,0,19697,2008,2024,2008.0,2024.0,34556.0,2.0,reg,13.0,20948.0,,
h5,H5,H5a,"log(naissances+0,5 / 1 000 f. 15-44)","commune, bascule fictive −3 ans, années pré-traitement seules",cs,2,-0.001995270058298864,0.004826999227348016,-0.011456014697303644,0.007465474580705915,0.6793456600093797,34556,456254,False,"placebo : aucun effet attendu ; périodes relatives fictives ≤ +2 ; H5a et H5c testent la même hypothèse de tendances parallèles sous deux normalisations ; contrôle = not_yet_treated ; fenêtre 2008-2024 ; 21251 traitées, 13305 jamais traitées sur la fenêtre ; panel déséquilibré par construction (19697 unités incomplètes gardées)",event,13305,21251,0,19697,2008,2024,2008.0,2024.0,34556.0,2.0,reg,12.0,20405.0,,
h5,H5,H5a,"log(naissances+0,5 / 1 000 f. 15-44)","commune, bascule fictive −3 ans, années pré-traitement seules",cs,"ATT[1,2]",0.000693750057307687,0.004177351023560265,-0.0074937074996519635,0.008881207614267337,0.8680985900150404,34556,456254,False,"placebo : aucun effet attendu ; périodes relatives fictives ≤ +2 ; H5a et H5c testent la même hypothèse de tendances parallèles sous deux normalisations ; contrôle = not_yet_treated ; fenêtre 2008-2024 ; 21251 traitées, 13305 jamais traitées sur la fenêtre ; panel déséquilibré par construction (19697 unités incomplètes gardées) ; écart-type avec covariance complète des coefficients (fonctions d'influence)",post_avg,13305,21251,0,19697,2008,2024,2008.0,2024.0,34556.0,2.0,reg,,,2.0,
h5,H5,H5a,"log(naissances+0,5 / 1 000 f. 15-44)","commune, bascule fictive −3 ans, années pré-traitement seules",cs,ATT,0.0026545237014889704,0.003927037919402914,-0.005042329186463848,0.010351376589441788,0.49906553240574303,34556,456254,False,"placebo : aucun effet attendu ; périodes relatives fictives ≤ +2 ; H5a et H5c testent la même hypothèse de tendances parallèles sous deux normalisations ; contrôle = not_yet_treated ; fenêtre 2008-2024 ; 21251 traitées, 13305 jamais traitées sur la fenêtre ; panel déséquilibré par construction (19697 unités incomplètes gardées) ; moyenne de tous les ATT(g,t) post",simple,13305,21251,0,19697,2008,2024,2008.0,2024.0,34556.0,2.0,reg,,,,
h5,H5,H5a,"log(naissances+0,5 / 1 000 f. 15-44)","commune, bascule fictive −3 ans, années pré-traitement seules",cs,Wald pré (-8..-2),13.217954814021924,,,,0.06697270158871822,34556,456254,False,"H5c : test de Wald joint de nullité des coefficients pré avec covariance des fonctions d'influence, df = 7 ; fenêtre 2008-2024 ; 21251 traitées, 13305 jamais traitées sur la fenêtre ; panel déséquilibré par construction (19697 unités incomplètes gardées)",pre_test,13305,21251,0,19697,2008,2024,2008.0,2024.0,34556.0,2.0,reg,,,,7.0
h5,H5,H5a,"log(naissances+0,5 / 1 000 f. 15-44)","commune, bascule fictive −3 ans, années pré-traitement seules",twfe,-8,0.01481422444903945,0.006210769637927917,0.002641339642425862,0.02698710925565304,0.017067621725242923,34556,456254,False,"placebo : aucun effet attendu ; périodes relatives fictives ≤ +2 ; H5a et H5c testent la même hypothèse de tendances parallèles sous deux normalisations ; fenêtre 2008-2024 ; 21251 traitées, 13305 jamais traitées sur la fenêtre ; panel déséquilibré par construction (19697 unités incomplètes gardées) ; effets fixes supplémentaires year^dens_cat ; cellules −8 et +8 bornées",event,13305,21251,0,19697,2008,2024,,,,,,,,,
h5,H5,H5a,"log(naissances+0,5 / 1 000 f. 15-44)","commune, bascule fictive −3 ans, années pré-traitement seules",twfe,-7,0.022613753711764942,0.006404213341729253,0.0100617262126647,0.03516578121086519,0.00041387533329859534,34556,456254,False,"placebo : aucun effet attendu ; périodes relatives fictives ≤ +2 ; H5a et H5c testent la même hypothèse de tendances parallèles sous deux normalisations ; fenêtre 2008-2024 ; 21251 traitées, 13305 jamais traitées sur la fenêtre ; panel déséquilibré par construction (19697 unités incomplètes gardées) ; effets fixes supplémentaires year^dens_cat ; cellules −8 et +8 bornées",event,13305,21251,0,19697,2008,2024,,,,,,,,,
h5,H5,H5a,"log(naissances+0,5 / 1 000 f. 15-44)","commune, bascule fictive −3 ans, années pré-traitement seules",twfe,-6,0.01551004317309338,0.005676601916748044,0.004384107861696176,0.026635978484490584,0.0062898425873406435,34556,456254,False,"placebo : aucun effet attendu ; périodes relatives fictives ≤ +2 ; H5a et H5c testent la même hypothèse de tendances parallèles sous deux normalisations ; fenêtre 2008-2024 ; 21251 traitées, 13305 jamais traitées sur la fenêtre ; panel déséquilibré par construction (19697 unités incomplètes gardées) ; effets fixes supplémentaires year^dens_cat ; cellules −8 et +8 bornées",event,13305,21251,0,19697,2008,2024,,,,,,,,,
h5,H5,H5a,"log(naissances+0,5 / 1 000 f. 15-44)","commune, bascule fictive −3 ans, années pré-traitement seules",twfe,-5,0.01606931502803974,0.0052504068386432234,0.00577870672011622,0.026359923335963265,0.0022090524235532476,34556,456254,False,"placebo : aucun effet attendu ; périodes relatives fictives ≤ +2 ; H5a et H5c testent la même hypothèse de tendances parallèles sous deux normalisations ; fenêtre 2008-2024 ; 21251 traitées, 13305 jamais traitées sur la fenêtre ; panel déséquilibré par construction (19697 unités incomplètes gardées) ; effets fixes supplémentaires year^dens_cat ; cellules −8 et +8 bornées",event,13305,21251,0,19697,2008,2024,,,,,,,,,
h5,H5,H5a,"log(naissances+0,5 / 1 000 f. 15-44)","commune, bascule fictive −3 ans, années pré-traitement seules",twfe,-4,0.010356159865443446,0.004915488071362197,0.0007219802791372885,0.019990339451749606,0.03513122201470759,34556,456254,False,"placebo : aucun effet attendu ; périodes relatives fictives ≤ +2 ; H5a et H5c testent la même hypothèse de tendances parallèles sous deux normalisations ; fenêtre 2008-2024 ; 21251 traitées, 13305 jamais traitées sur la fenêtre ; panel déséquilibré par construction (19697 unités incomplètes gardées) ; effets fixes supplémentaires year^dens_cat ; cellules −8 et +8 bornées",event,13305,21251,0,19697,2008,2024,,,,,,,,,
h5,H5,H5a,"log(naissances+0,5 / 1 000 f. 15-44)","commune, bascule fictive −3 ans, années pré-traitement seules",twfe,-3,0.0069351159338748355,0.004672438458964067,-0.002222695165674568,0.01609292703342424,0.13773981990961406,34556,456254,False,"placebo : aucun effet attendu ; périodes relatives fictives ≤ +2 ; H5a et H5c testent la même hypothèse de tendances parallèles sous deux normalisations ; fenêtre 2008-2024 ; 21251 traitées, 13305 jamais traitées sur la fenêtre ; panel déséquilibré par construction (19697 unités incomplètes gardées) ; effets fixes supplémentaires year^dens_cat ; cellules −8 et +8 bornées",event,13305,21251,0,19697,2008,2024,,,,,,,,,
h5,H5,H5a,"log(naissances+0,5 / 1 000 f. 15-44)","commune, bascule fictive −3 ans, années pré-traitement seules",twfe,-2,0.0047024973669986085,0.004585749971210165,-0.0042854074186789055,0.013690402152676123,0.30514678628992264,34556,456254,False,"placebo : aucun effet attendu ; périodes relatives fictives ≤ +2 ; H5a et H5c testent la même hypothèse de tendances parallèles sous deux normalisations ; fenêtre 2008-2024 ; 21251 traitées, 13305 jamais traitées sur la fenêtre ; panel déséquilibré par construction (19697 unités incomplètes gardées) ; effets fixes supplémentaires year^dens_cat ; cellules −8 et +8 bornées",event,13305,21251,0,19697,2008,2024,,,,,,,,,
h5,H5,H5a,"log(naissances+0,5 / 1 000 f. 15-44)","commune, bascule fictive −3 ans, années pré-traitement seules",twfe,0,0.005071795563692684,0.004642890268818505,-0.004028102147363076,0.014171693274748445,0.27466657456055477,34556,456254,False,"placebo : aucun effet attendu ; périodes relatives fictives ≤ +2 ; H5a et H5c testent la même hypothèse de tendances parallèles sous deux normalisations ; fenêtre 2008-2024 ; 21251 traitées, 13305 jamais traitées sur la fenêtre ; panel déséquilibré par construction (19697 unités incomplètes gardées) ; effets fixes supplémentaires year^dens_cat ; cellules −8 et +8 bornées",event,13305,21251,0,19697,2008,2024,,,,,,,,,
h5,H5,H5a,"log(naissances+0,5 / 1 000 f. 15-44)","commune, bascule fictive −3 ans, années pré-traitement seules",twfe,1,-0.0001574611764806422,0.004765649000490021,-0.009497961580400388,0.009183039227439104,0.9736419979836912,34556,456254,False,"placebo : aucun effet attendu ; périodes relatives fictives ≤ +2 ; H5a et H5c testent la même hypothèse de tendances parallèles sous deux normalisations ; fenêtre 2008-2024 ; 21251 traitées, 13305 jamais traitées sur la fenêtre ; panel déséquilibré par construction (19697 unités incomplètes gardées) ; effets fixes supplémentaires year^dens_cat ; cellules −8 et +8 bornées",event,13305,21251,0,19697,2008,2024,,,,,,,,,
h5,H5,H5a,"log(naissances+0,5 / 1 000 f. 15-44)","commune, bascule fictive −3 ans, années pré-traitement seules",twfe,2,-0.00828977063401072,0.0048644908640596935,-0.017823997530691846,0.001244456262670406,0.0883550438380999,34556,456254,False,"placebo : aucun effet attendu ; périodes relatives fictives ≤ +2 ; H5a et H5c testent la même hypothèse de tendances parallèles sous deux normalisations ; fenêtre 2008-2024 ; 21251 traitées, 13305 jamais traitées sur la fenêtre ; panel déséquilibré par construction (19697 unités incomplètes gardées) ; effets fixes supplémentaires year^dens_cat ; cellules −8 et +8 bornées",event,13305,21251,0,19697,2008,2024,,,,,,,,,
h5,H5,H5a,"log(naissances+0,5 / 1 000 f. 15-44)","commune, bascule fictive −3 ans, années pré-traitement seules",twfe,"ATT[1,2]",-0.004223615905245681,0.004187232145373594,-0.012430440105086309,0.003983208294594947,0.31312370577620807,34556,456254,False,"placebo : aucun effet attendu ; périodes relatives fictives ≤ +2 ; H5a et H5c testent la même hypothèse de tendances parallèles sous deux normalisations ; fenêtre 2008-2024 ; 21251 traitées, 13305 jamais traitées sur la fenêtre ; panel déséquilibré par construction (19697 unités incomplètes gardées) ; effets fixes supplémentaires year^dens_cat ; écart-type avec covariance complète (w'Vw)",post_avg,13305,21251,0,19697,2008,2024,,,,,,,,,
h5,H5,H5a,"log(naissances+0,5 / 1 000 f. 15-44)","commune, bascule fictive −3 ans, années pré-traitement seules",twfe,Wald pré (-8..−2),17.010020985791133,,,,0.017331679465211487,34556,456254,False,"test de Wald joint, covariance groupée, df = 7 ; fenêtre 2008-2024 ; 21251 traitées, 13305 jamais traitées sur la fenêtre ; panel déséquilibré par construction (19697 unités incomplètes gardées)",pre_test,13305,21251,0,19697,2008,2024,,,,,,,,,7.0
h5,H5,H5a,"log(naissances+0,5 / 1 000 f. 15-44)","commune, bascule fictive −3 ans, années pré-traitement seules",twfe,ATT,-0.008865635742217682,0.0030190727232564715,-0.014782909546507628,-0.0029483619379277355,0.0033189320423296477,34556,456254,False,"placebo : aucun effet attendu ; périodes relatives fictives ≤ +2 ; H5a et H5c testent la même hypothèse de tendances parallèles sous deux normalisations ; fenêtre 2008-2024 ; 21251 traitées, 13305 jamais traitées sur la fenêtre ; panel déséquilibré par construction (19697 unités incomplètes gardées) ; effets fixes supplémentaires year^dens_cat",static,13305,21251,0,19697,2008,2024,,,,,,,,,
h5,H5,H5a,"log(naissances+0,5 / 1 000 f. 15-44)","commune, bascule fictive −3 ans, covariables",cs,-8,-0.0008312368597403143,0.008302595851985286,-0.017104025707823118,0.01544155198834249,0.9202508777238416,31057,401996,False,"placebo : aucun effet attendu ; périodes relatives fictives ≤ +2 ; H5a et H5c testent la même hypothèse de tendances parallèles sous deux normalisations ; covariables : log_med12, share_fsup, unemp_1524, pretrend_0811, dens_inter, dens_rural (doublement robuste) ; contrôle = not_yet_treated ; fenêtre 2008-2024 ; 19984 traitées, 11073 jamais traitées sur la fenêtre ; panel déséquilibré par construction (18540 unités incomplètes gardées)",event,11073,19984,0,18540,2008,2024,2008.0,2024.0,31057.0,2.0,dr,9.0,8980.0,,
h5,H5,H5a,"log(naissances+0,5 / 1 000 f. 15-44)","commune, bascule fictive −3 ans, covariables",cs,-7,0.018424167988818952,0.006980168203717565,0.004743289703500882,0.032105046274137024,0.008302793141476385,31057,401996,False,"placebo : aucun effet attendu ; périodes relatives fictives ≤ +2 ; H5a et H5c testent la même hypothèse de tendances parallèles sous deux normalisations ; covariables : log_med12, share_fsup, unemp_1524, pretrend_0811, dens_inter, dens_rural (doublement robuste) ; contrôle = not_yet_treated ; fenêtre 2008-2024 ; 19984 traitées, 11073 jamais traitées sur la fenêtre ; panel déséquilibré par construction (18540 unités incomplètes gardées)",event,11073,19984,0,18540,2008,2024,2008.0,2024.0,31057.0,2.0,dr,10.0,11538.0,,
h5,H5,H5a,"log(naissances+0,5 / 1 000 f. 15-44)","commune, bascule fictive −3 ans, covariables",cs,-6,0.006632792437678704,0.00611571843143575,-0.005353795427523157,0.018619380302880566,0.2781217340295705,31057,401996,False,"placebo : aucun effet attendu ; périodes relatives fictives ≤ +2 ; H5a et H5c testent la même hypothèse de tendances parallèles sous deux normalisations ; covariables : log_med12, share_fsup, unemp_1524, pretrend_0811, dens_inter, dens_rural (doublement robuste) ; contrôle = not_yet_treated ; fenêtre 2008-2024 ; 19984 traitées, 11073 jamais traitées sur la fenêtre ; panel déséquilibré par construction (18540 unités incomplètes gardées)",event,11073,19984,0,18540,2008,2024,2008.0,2024.0,31057.0,2.0,dr,11.0,14274.0,,
h5,H5,H5a,"log(naissances+0,5 / 1 000 f. 15-44)","commune, bascule fictive −3 ans, covariables",cs,-5,0.006383188455357604,0.005524462883109737,-0.004444559829465792,0.017210936740181,0.24791006279682304,31057,401996,False,"placebo : aucun effet attendu ; périodes relatives fictives ≤ +2 ; H5a et H5c testent la même hypothèse de tendances parallèles sous deux normalisations ; covariables : log_med12, share_fsup, unemp_1524, pretrend_0811, dens_inter, dens_rural (doublement robuste) ; contrôle = not_yet_treated ; fenêtre 2008-2024 ; 19984 traitées, 11073 jamais traitées sur la fenêtre ; panel déséquilibré par construction (18540 unités incomplètes gardées)",event,11073,19984,0,18540,2008,2024,2008.0,2024.0,31057.0,2.0,dr,12.0,16432.0,,
h5,H5,H5a,"log(naissances+0,5 / 1 000 f. 15-44)","commune, bascule fictive −3 ans, covariables",cs,-4,0.004494642928419005,0.005082591355669512,-0.005467053076827847,0.014456338933665857,0.37652288528648503,31057,401996,False,"placebo : aucun effet attendu ; périodes relatives fictives ≤ +2 ; H5a et H5c testent la même hypothèse de tendances parallèles sous deux normalisations ; covariables : log_med12, share_fsup, unemp_1524, pretrend_0811, dens_inter, dens_rural (doublement robuste) ; contrôle = not_yet_treated ; fenêtre 2008-2024 ; 19984 traitées, 11073 jamais traitées sur la fenêtre ; panel déséquilibré par construction (18540 unités incomplètes gardées)",event,11073,19984,0,18540,2008,2024,2008.0,2024.0,31057.0,2.0,dr,13.0,17695.0,,
h5,H5,H5a,"log(naissances+0,5 / 1 000 f. 15-44)","commune, bascule fictive −3 ans, covariables",cs,-3,0.0021566303983639964,0.004615668503463322,-0.006889913633000006,0.011203174429727998,0.6403273341796922,31057,401996,False,"placebo : aucun effet attendu ; périodes relatives fictives ≤ +2 ; H5a et H5c testent la même hypothèse de tendances parallèles sous deux normalisations ; covariables : log_med12, share_fsup, unemp_1524, pretrend_0811, dens_inter, dens_rural (doublement robuste) ; contrôle = not_yet_treated ; fenêtre 2008-2024 ; 19984 traitées, 11073 jamais traitées sur la fenêtre ; panel déséquilibré par construction (18540 unités incomplètes gardées)",event,11073,19984,0,18540,2008,2024,2008.0,2024.0,31057.0,2.0,dr,14.0,19984.0,,
h5,H5,H5a,"log(naissances+0,5 / 1 000 f. 15-44)","commune, bascule fictive −3 ans, covariables",cs,-2,0.0022310082854840926,0.004673955861134832,-0.006929776867670073,0.011391793438638258,0.633128837202213,31057,401996,False,"placebo : aucun effet attendu ; périodes relatives fictives ≤ +2 ; H5a et H5c testent la même hypothèse de tendances parallèles sous deux normalisations ; covariables : log_med12, share_fsup, unemp_1524, pretrend_0811, dens_inter, dens_rural (doublement robuste) ; contrôle = not_yet_treated ; fenêtre 2008-2024 ; 19984 traitées, 11073 jamais traitées sur la fenêtre ; panel déséquilibré par construction (18540 unités incomplètes gardées)",event,11073,19984,0,18540,2008,2024,2008.0,2024.0,31057.0,2.0,dr,14.0,19984.0,,
h5,H5,H5a,"log(naissances+0,5 / 1 000 f. 15-44)","commune, bascule fictive −3 ans, covariables",cs,0,0.007433007838353615,0.004797736312895288,-0.0019703825422411414,0.016836398218948372,0.12131588166589866,31057,401996,False,"placebo : aucun effet attendu ; périodes relatives fictives ≤ +2 ; H5a et H5c testent la même hypothèse de tendances parallèles sous deux normalisations ; covariables : log_med12, share_fsup, unemp_1524, pretrend_0811, dens_inter, dens_rural (doublement robuste) ; contrôle = not_yet_treated ; fenêtre 2008-2024 ; 19984 traitées, 11073 jamais traitées sur la fenêtre ; panel déséquilibré par construction (18540 unités incomplètes gardées)",event,11073,19984,0,18540,2008,2024,2008.0,2024.0,31057.0,2.0,dr,14.0,19984.0,,
h5,H5,H5a,"log(naissances+0,5 / 1 000 f. 15-44)","commune, bascule fictive −3 ans, covariables",cs,1,0.006980918515496659,0.00506900078359022,-0.0029541404579454854,0.016915977488938805,0.16845709050829705,31057,401996,False,"placebo : aucun effet attendu ; périodes relatives fictives ≤ +2 ; H5a et H5c testent la même hypothèse de tendances parallèles sous deux normalisations ; covariables : log_med12, share_fsup, unemp_1524, pretrend_0811, dens_inter, dens_rural (doublement robuste) ; contrôle = not_yet_treated ; fenêtre 2008-2024 ; 19984 traitées, 11073 jamais traitées sur la fenêtre ; panel déséquilibré par construction (18540 unités incomplètes gardées)",event,11073,19984,0,18540,2008,2024,2008.0,2024.0,31057.0,2.0,dr,13.0,19709.0,,
h5,H5,H5a,"log(naissances+0,5 / 1 000 f. 15-44)","commune, bascule fictive −3 ans, covariables",cs,2,-0.004402353900869122,0.0050292338938069175,-0.01425947120255882,0.005454763400820576,0.38138198089174946,31057,401996,False,"placebo : aucun effet attendu ; périodes relatives fictives ≤ +2 ; H5a et H5c testent la même hypothèse de tendances parallèles sous deux normalisations ; covariables : log_med12, share_fsup, unemp_1524, pretrend_0811, dens_inter, dens_rural (doublement robuste) ; contrôle = not_yet_treated ; fenêtre 2008-2024 ; 19984 traitées, 11073 jamais traitées sur la fenêtre ; panel déséquilibré par construction (18540 unités incomplètes gardées)",event,11073,19984,0,18540,2008,2024,2008.0,2024.0,31057.0,2.0,dr,12.0,19220.0,,
h5,H5,H5a,"log(naissances+0,5 / 1 000 f. 15-44)","commune, bascule fictive −3 ans, covariables",cs,"ATT[1,2]",0.0012892823073137687,0.0044077481821116595,-0.007349745382546978,0.009928309997174516,0.7699015911048586,31057,401996,False,"placebo : aucun effet attendu ; périodes relatives fictives ≤ +2 ; H5a et H5c testent la même hypothèse de tendances parallèles sous deux normalisations ; covariables : log_med12, share_fsup, unemp_1524, pretrend_0811, dens_inter, dens_rural (doublement robuste) ; contrôle = not_yet_treated ; fenêtre 2008-2024 ; 19984 traitées, 11073 jamais traitées sur la fenêtre ; panel déséquilibré par construction (18540 unités incomplètes gardées) ; écart-type avec covariance complète des coefficients (fonctions d'influence)",post_avg,11073,19984,0,18540,2008,2024,2008.0,2024.0,31057.0,2.0,dr,,,2.0,
h5,H5,H5a,"log(naissances+0,5 / 1 000 f. 15-44)","commune, bascule fictive −3 ans, covariables",cs,ATT,0.003420550806933576,0.004102701885872239,-0.004620597128680571,0.011461698742547724,0.4044324394168759,31057,401996,False,"placebo : aucun effet attendu ; périodes relatives fictives ≤ +2 ; H5a et H5c testent la même hypothèse de tendances parallèles sous deux normalisations ; covariables : log_med12, share_fsup, unemp_1524, pretrend_0811, dens_inter, dens_rural (doublement robuste) ; contrôle = not_yet_treated ; fenêtre 2008-2024 ; 19984 traitées, 11073 jamais traitées sur la fenêtre ; panel déséquilibré par construction (18540 unités incomplètes gardées) ; moyenne de tous les ATT(g,t) post",simple,11073,19984,0,18540,2008,2024,2008.0,2024.0,31057.0,2.0,dr,,,,
h5,H5,H5a,"log(naissances+0,5 / 1 000 f. 15-44)","commune, bascule fictive −3 ans, covariables",cs,Wald pré (-8..-2),10.49317327925542,,,,0.16230517288613308,31057,401996,False,"H5c : test de Wald joint de nullité des coefficients pré avec covariance des fonctions d'influence, df = 7 ; fenêtre 2008-2024 ; 19984 traitées, 11073 jamais traitées sur la fenêtre ; panel déséquilibré par construction (18540 unités incomplètes gardées)",pre_test,11073,19984,0,18540,2008,2024,2008.0,2024.0,31057.0,2.0,dr,,,,7.0
h5,H5,H5b,"log(décès+0,5 / 1 000 hab.)",commune,cs,-8,-0.020982261632595083,0.006224623387912816,-0.033182299290229894,-0.00878222397496027,0.000749370901813876,34620,588540,False,"placebo : décès totaux (décès des 60 ans et plus non disponibles au niveau commune, addendum A1) ; contrôle = not_yet_treated ; fenêtre 2008-2024 ; 19761 traitées, 14859 jamais traitées sur la fenêtre (dont 1604 traitées après 2024) ; 75 unités incomplètes exclues",event,14859,19761,1604,75,2008,2024,2008.0,2024.0,34620.0,5.0,reg,9.0,16059.0,,
h5,H5,H5b,"log(décès+0,5 / 1 000 hab.)",commune,cs,-7,-0.023642542467281716,0.005823527839999444,-0.03505644729664696,-0.01222863763791647,4.910811645356182e-05,34620,588540,False,"placebo : décès totaux (décès des 60 ans et plus non disponibles au niveau commune, addendum A1) ; contrôle = not_yet_treated ; fenêtre 2008-2024 ; 19761 traitées, 14859 jamais traitées sur la fenêtre (dont 1604 traitées après 2024) ; 75 unités incomplètes exclues",event,14859,19761,1604,75,2008,2024,2008.0,2024.0,34620.0,5.0,reg,10.0,17331.0,,
h5,H5,H5b,"log(décès+0,5 / 1 000 hab.)",commune,cs,-6,-0.014298241329345013,0.005162631540763249,-0.02441681321469151,-0.0041796694439985155,0.00561312795821525,34620,588540,False,"placebo : décès totaux (décès des 60 ans et plus non disponibles au niveau commune, addendum A1) ; contrôle = not_yet_treated ; fenêtre 2008-2024 ; 19761 traitées, 14859 jamais traitées sur la fenêtre (dont 1604 traitées après 2024) ; 75 unités incomplètes exclues",event,14859,19761,1604,75,2008,2024,2008.0,2024.0,34620.0,5.0,reg,11.0,19622.0,,
h5,H5,H5b,"log(décès+0,5 / 1 000 hab.)",commune,cs,-5,-0.012749643391478343,0.005114860781138836,-0.022774586308446868,-0.002724700474509817,0.012678778190517728,34620,588540,False,"placebo : décès totaux (décès des 60 ans et plus non disponibles au niveau commune, addendum A1) ; contrôle = not_yet_treated ; fenêtre 2008-2024 ; 19761 traitées, 14859 jamais traitées sur la fenêtre (dont 1604 traitées après 2024) ; 75 unités incomplètes exclues",event,14859,19761,1604,75,2008,2024,2008.0,2024.0,34620.0,5.0,reg,12.0,19761.0,,
h5,H5,H5b,"log(décès+0,5 / 1 000 hab.)",commune,cs,-4,-0.007698111487288757,0.00507019986974881,-0.017635520626416098,0.0022392976518385843,0.12893744460461395,34620,588540,False,"placebo : décès totaux (décès des 60 ans et plus non disponibles au niveau commune, addendum A1) ; contrôle = not_yet_treated ; fenêtre 2008-2024 ; 19761 traitées, 14859 jamais traitées sur la fenêtre (dont 1604 traitées après 2024) ; 75 unités incomplètes exclues",event,14859,19761,1604,75,2008,2024,2008.0,2024.0,34620.0,5.0,reg,12.0,19761.0,,
h5,H5,H5b,"log(décès+0,5 / 1 000 hab.)",commune,cs,-3,-0.012771782371328986,0.005064957759572388,-0.022698917163307547,-0.002844647579350424,0.011682345624536829,34620,588540,False,"placebo : décès totaux (décès des 60 ans et plus non disponibles au niveau commune, addendum A1) ; contrôle = not_yet_treated ; fenêtre 2008-2024 ; 19761 traitées, 14859 jamais traitées sur la fenêtre (dont 1604 traitées après 2024) ; 75 unités incomplètes exclues",event,14859,19761,1604,75,2008,2024,2008.0,2024.0,34620.0,5.0,reg,12.0,19761.0,,
h5,H5,H5b,"log(décès+0,5 / 1 000 hab.)",commune,cs,-2,-0.0027671677657483784,0.005005342282747472,-0.012577458370228924,0.007043122838732166,0.5803710139327818,34620,588540,False,"placebo : décès totaux (décès des 60 ans et plus non disponibles au niveau commune, addendum A1) ; contrôle = not_yet_treated ; fenêtre 2008-2024 ; 19761 traitées, 14859 jamais traitées sur la fenêtre (dont 1604 traitées après 2024) ; 75 unités incomplètes exclues",event,14859,19761,1604,75,2008,2024,2008.0,2024.0,34620.0,5.0,reg,12.0,19761.0,,
h5,H5,H5b,"log(décès+0,5 / 1 000 hab.)",commune,cs,0,-0.0030708431354799625,0.005003158200282535,-0.012876853016989966,0.006735166746030041,0.5393600949276309,34620,588540,False,"placebo : décès totaux (décès des 60 ans et plus non disponibles au niveau commune, addendum A1) ; contrôle = not_yet_treated ; fenêtre 2008-2024 ; 19761 traitées, 14859 jamais traitées sur la fenêtre (dont 1604 traitées après 2024) ; 75 unités incomplètes exclues",event,14859,19761,1604,75,2008,2024,2008.0,2024.0,34620.0,5.0,reg,12.0,19761.0,,
h5,H5,H5b,"log(décès+0,5 / 1 000 hab.)",commune,cs,1,0.004996440665326625,0.00509301323685402,-0.004985681851693019,0.014978563182346269,0.32657389185458163,34620,588540,False,"placebo : décès totaux (décès des 60 ans et plus non disponibles au niveau commune, addendum A1) ; contrôle = not_yet_treated ; fenêtre 2008-2024 ; 19761 traitées, 14859 jamais traitées sur la fenêtre (dont 1604 traitées après 2024) ; 75 unités incomplètes exclues",event,14859,19761,1604,75,2008,2024,2008.0,2024.0,34620.0,5.0,reg,11.0,18922.0,,
h5,H5,H5b,"log(décès+0,5 / 1 000 hab.)",commune,cs,2,0.009830181200041387,0.005267332240090429,-0.0004936002851425383,0.02015396268522531,0.0620058017408524,34620,588540,False,"placebo : décès totaux (décès des 60 ans et plus non disponibles au niveau commune, addendum A1) ; contrôle = not_yet_treated ; fenêtre 2008-2024 ; 19761 traitées, 14859 jamais traitées sur la fenêtre (dont 1604 traitées après 2024) ; 75 unités incomplètes exclues",event,14859,19761,1604,75,2008,2024,2008.0,2024.0,34620.0,5.0,reg,10.0,17696.0,,
h5,H5,H5b,"log(décès+0,5 / 1 000 hab.)",commune,cs,3,0.013540399086593791,0.005462292638064697,0.0028345022429687033,0.02424629593021888,0.013179353392787353,34620,588540,False,"placebo : décès totaux (décès des 60 ans et plus non disponibles au niveau commune, addendum A1) ; contrôle = not_yet_treated ; fenêtre 2008-2024 ; 19761 traitées, 14859 jamais traitées sur la fenêtre (dont 1604 traitées après 2024) ; 75 unités incomplètes exclues",event,14859,19761,1604,75,2008,2024,2008.0,2024.0,34620.0,5.0,reg,9.0,16352.0,,
h5,H5,H5b,"log(décès+0,5 / 1 000 hab.)",commune,cs,4,0.01942265647907053,0.005629821590918142,0.008388408921484982,0.030456904036656077,0.0005606706609654162,34620,588540,False,"placebo : décès totaux (décès des 60 ans et plus non disponibles au niveau commune, addendum A1) ; contrôle = not_yet_treated ; fenêtre 2008-2024 ; 19761 traitées, 14859 jamais traitées sur la fenêtre (dont 1604 traitées après 2024) ; 75 unités incomplètes exclues",event,14859,19761,1604,75,2008,2024,2008.0,2024.0,34620.0,5.0,reg,8.0,13978.0,,
h5,H5,H5b,"log(décès+0,5 / 1 000 hab.)",commune,cs,5,0.02535576392932247,0.005737303406083183,0.014110855885020451,0.03660067197362449,9.89493476623162e-06,34620,588540,False,"placebo : décès totaux (décès des 60 ans et plus non disponibles au niveau commune, addendum A1) ; contrôle = not_yet_treated ; fenêtre 2008-2024 ; 19761 traitées, 14859 jamais traitées sur la fenêtre (dont 1604 traitées après 2024) ; 75 unités incomplètes exclues",event,14859,19761,1604,75,2008,2024,2008.0,2024.0,34620.0,5.0,reg,7.0,13474.0,,
h5,H5,H5b,"log(décès+0,5 / 1 000 hab.)",commune,cs,6,0.03055062055939272,0.006096649415883745,0.018601407277893424,0.042499833840892016,5.413359172240373e-07,34620,588540,False,"placebo : décès totaux (décès des 60 ans et plus non disponibles au niveau commune, addendum A1) ; contrôle = not_yet_treated ; fenêtre 2008-2024 ; 19761 traitées, 14859 jamais traitées sur la fenêtre (dont 1604 traitées après 2024) ; 75 unités incomplètes exclues",event,14859,19761,1604,75,2008,2024,2008.0,2024.0,34620.0,5.0,reg,6.0,11356.0,,
h5,H5,H5b,"log(décès+0,5 / 1 000 hab.)",commune,cs,7,0.0399574141862496,0.006644363181408357,0.02693470165048525,0.05298012672201395,1.813010421306707e-09,34620,588540,False,"placebo : décès totaux (décès des 60 ans et plus non disponibles au niveau commune, addendum A1) ; contrôle = not_yet_treated ; fenêtre 2008-2024 ; 19761 traitées, 14859 jamais traitées sur la fenêtre (dont 1604 traitées après 2024) ; 75 unités incomplètes exclues",event,14859,19761,1604,75,2008,2024,2008.0,2024.0,34620.0,5.0,reg,5.0,8723.0,,
h5,H5,H5b,"log(décès+0,5 / 1 000 hab.)",commune,cs,8,0.04690118252128206,0.007194240371485828,0.03280073049704578,0.06100163454551834,7.065122577028343e-11,34620,588540,False,"placebo : décès totaux (décès des 60 ans et plus non disponibles au niveau commune, addendum A1) ; contrôle = not_yet_treated ; fenêtre 2008-2024 ; 19761 traitées, 14859 jamais traitées sur la fenêtre (dont 1604 traitées après 2024) ; 75 unités incomplètes exclues",event,14859,19761,1604,75,2008,2024,2008.0,2024.0,34620.0,5.0,reg,4.0,5903.0,,
h5,H5,H5b,"log(décès+0,5 / 1 000 hab.)",commune,cs,"ATT[1,5]",0.014629088272070961,0.004218675515966719,0.006360636198315263,0.02289754034582666,0.0005249388907143672,34620,588540,False,"placebo : décès totaux (décès des 60 ans et plus non disponibles au niveau commune, addendum A1) ; contrôle = not_yet_treated ; fenêtre 2008-2024 ; 19761 traitées, 14859 jamais traitées sur la fenêtre (dont 1604 traitées après 2024) ; 75 unités incomplètes exclues ; écart-type avec covariance complète des coefficients (fonctions d'influence)",post_avg,14859,19761,1604,75,2008,2024,2008.0,2024.0,34620.0,5.0,reg,,,5.0,
h5,H5,H5b,"log(décès+0,5 / 1 000 hab.)",commune,cs,ATT,0.01770784545168525,0.0039356865597265965,0.009994041540182774,0.025421649363187727,6.817669842670409e-06,34620,588540,False,"placebo : décès totaux (décès des 60 ans et plus non disponibles au niveau commune, addendum A1) ; contrôle = not_yet_treated ; fenêtre 2008-2024 ; 19761 traitées, 14859 jamais traitées sur la fenêtre (dont 1604 traitées après 2024) ; 75 unités incomplètes exclues ; moyenne de tous les ATT(g,t) post",simple,14859,19761,1604,75,2008,2024,2008.0,2024.0,34620.0,5.0,reg,,,,
h5,H5,H5b,"log(décès+0,5 / 1 000 hab.)",commune,cs,Wald pré (-8..-2),26.05470412533745,,,,0.0004924573109799533,34620,588540,False,"H5c : test de Wald joint de nullité des coefficients pré avec covariance des fonctions d'influence, df = 7 ; fenêtre 2008-2024 ; 19761 traitées, 14859 jamais traitées sur la fenêtre (dont 1604 traitées après 2024) ; 75 unités incomplètes exclues",pre_test,14859,19761,1604,75,2008,2024,2008.0,2024.0,34620.0,5.0,reg,,,,7.0
h5,H5,H5b,"log(décès+0,5 / 1 000 hab.)",commune,twfe,-8,-0.014958448821355481,0.005127191209836587,-0.025007558934485537,-0.004909338708225424,0.003528786754307684,34620,588540,False,"placebo : décès totaux (décès des 60 ans et plus non disponibles au niveau commune, addendum A1) ; fenêtre 2008-2024 ; 19761 traitées, 14859 jamais traitées sur la fenêtre (dont 1604 traitées après 2024) ; 75 unités incomplètes exclues ; effets fixes supplémentaires year^dens_cat ; cellules −8 et +8 bornées",event,14859,19761,1604,75,2008,2024,,,,,,,,,
h5,H5,H5b,"log(décès+0,5 / 1 000 hab.)",commune,twfe,-7,-0.021519612647167487,0.005664357449302471,-0.0326215492433615,-0.010417676050973478,0.00014520674348647444,34620,588540,False,"placebo : décès totaux (décès des 60 ans et plus non disponibles au niveau commune, addendum A1) ; fenêtre 2008-2024 ; 19761 traitées, 14859 jamais traitées sur la fenêtre (dont 1604 traitées après 2024) ; 75 unités incomplètes exclues ; effets fixes supplémentaires year^dens_cat ; cellules −8 et +8 bornées",event,14859,19761,1604,75,2008,2024,,,,,,,,,
h5,H5,H5b,"log(décès+0,5 / 1 000 hab.)",commune,twfe,-6,-0.011001728289526863,0.005309735137204152,-0.021408617925893846,-0.0005948386531598824,0.03826619494039928,34620,588540,False,"placebo : décès totaux (décès des 60 ans et plus non disponibles au niveau commune, addendum A1) ; fenêtre 2008-2024 ; 19761 traitées, 14859 jamais traitées sur la fenêtre (dont 1604 traitées après 2024) ; 75 unités incomplètes exclues ; effets fixes supplémentaires year^dens_cat ; cellules −8 et +8 bornées",event,14859,19761,1604,75,2008,2024,,,,,,,,,
h5,H5,H5b,"log(décès+0,5 / 1 000 hab.)",commune,twfe,-5,-0.010314345225762746,0.005232530649097847,-0.020569916845996516,-5.877360552897573e-05,0.04870142325099519,34620,588540,False,"placebo : décès totaux (décès des 60 ans et plus non disponibles au niveau commune, addendum A1) ; fenêtre 2008-2024 ; 19761 traitées, 14859 jamais traitées sur la fenêtre (dont 1604 traitées après 2024) ; 75 unités incomplètes exclues ; effets fixes supplémentaires year^dens_cat ; cellules −8 et +8 bornées",event,14859,19761,1604,75,2008,2024,,,,,,,,,
h5,H5,H5b,"log(décès+0,5 / 1 000 hab.)",commune,twfe,-4,-0.005982587996906506,0.005130237073807716,-0.016037667893721783,0.004072491899908772,0.24355679566557298,34620,588540,False,"placebo : décès totaux (décès des 60 ans et plus non disponibles au niveau commune, addendum A1) ; fenêtre 2008-2024 ; 19761 traitées, 14859 jamais traitées sur la fenêtre (dont 1604 traitées après 2024) ; 75 unités incomplètes exclues ; effets fixes supplémentaires year^dens_cat ; cellules −8 et +8 bornées",event,14859,19761,1604,75,2008,2024,,,,,,,,,
h5,H5,H5b,"log(décès+0,5 / 1 000 hab.)",commune,twfe,-3,-0.011956966828390304,0.005069627364331543,-0.021893253877518847,-0.00202067977926176,0.018346515295449655,34620,588540,False,"placebo : décès totaux (décès des 60 ans et plus non disponibles au niveau commune, addendum A1) ; fenêtre 2008-2024 ; 19761 traitées, 14859 jamais traitées sur la fenêtre (dont 1604 traitées après 2024) ; 75 unités incomplètes exclues ; effets fixes supplémentaires year^dens_cat ; cellules −8 et +8 bornées",event,14859,19761,1604,75,2008,2024,,,,,,,,,
h5,H5,H5b,"log(décès+0,5 / 1 000 hab.)",commune,twfe,-2,-0.002556267471586438,0.004942801253404444,-0.012243979910998586,0.007131444967825711,0.6050376407846765,34620,588540,False,"placebo : décès totaux (décès des 60 ans et plus non disponibles au niveau commune, addendum A1) ; fenêtre 2008-2024 ; 19761 traitées, 14859 jamais traitées sur la fenêtre (dont 1604 traitées après 2024) ; 75 unités incomplètes exclues ; effets fixes supplémentaires year^dens_cat ; cellules −8 et +8 bornées",event,14859,19761,1604,75,2008,2024,,,,,,,,,
h5,H5,H5b,"log(décès+0,5 / 1 000 hab.)",commune,twfe,0,-0.0013822022528788217,0.004934487643055443,-0.011053620315425427,0.008289215809667785,0.7793926589443811,34620,588540,False,"placebo : décès totaux (décès des 60 ans et plus non disponibles au niveau commune, addendum A1) ; fenêtre 2008-2024 ; 19761 traitées, 14859 jamais traitées sur la fenêtre (dont 1604 traitées après 2024) ; 75 unités incomplètes exclues ; effets fixes supplémentaires year^dens_cat ; cellules −8 et +8 bornées",event,14859,19761,1604,75,2008,2024,,,,,,,,,
h5,H5,H5b,"log(décès+0,5 / 1 000 hab.)",commune,twfe,1,0.005905570767327125,0.00505381356994954,-0.0039997218143537705,0.015810863349008022,0.24259001466803454,34620,588540,False,"placebo : décès totaux (décès des 60 ans et plus non disponibles au niveau commune, addendum A1) ; fenêtre 2008-2024 ; 19761 traitées, 14859 jamais traitées sur la fenêtre (dont 1604 traitées après 2024) ; 75 unités incomplètes exclues ; effets fixes supplémentaires year^dens_cat ; cellules −8 et +8 bornées",event,14859,19761,1604,75,2008,2024,,,,,,,,,
h5,H5,H5b,"log(décès+0,5 / 1 000 hab.)",commune,twfe,2,0.012439424092549894,0.005197168134219626,0.002253161727880197,0.02262568645721959,0.01668846239269845,34620,588540,False,"placebo : décès totaux (décès des 60 ans et plus non disponibles au niveau commune, addendum A1) ; fenêtre 2008-2024 ; 19761 traitées, 14859 jamais traitées sur la fenêtre (dont 1604 traitées après 2024) ; 75 unités incomplètes exclues ; effets fixes supplémentaires year^dens_cat ; cellules −8 et +8 bornées",event,14859,19761,1604,75,2008,2024,,,,,,,,,
h5,H5,H5b,"log(décès+0,5 / 1 000 hab.)",commune,twfe,3,0.016352648384953518,0.0053728046684205924,0.005822144738880489,0.026883152031026546,0.0023376861199669845,34620,588540,False,"placebo : décès totaux (décès des 60 ans et plus non disponibles au niveau commune, addendum A1) ; fenêtre 2008-2024 ; 19761 traitées, 14859 jamais traitées sur la fenêtre (dont 1604 traitées après 2024) ; 75 unités incomplètes exclues ; effets fixes supplémentaires year^dens_cat ; cellules −8 et +8 bornées",event,14859,19761,1604,75,2008,2024,,,,,,,,,
h5,H5,H5b,"log(décès+0,5 / 1 000 hab.)",commune,twfe,4,0.02213309425776181,0.005532743794077269,0.01128911568568287,0.03297707282984075,6.324004624127479e-05,34620,588540,False,"placebo : décès totaux (décès des 60 ans et plus non disponibles au niveau commune, addendum A1) ; fenêtre 2008-2024 ; 19761 traitées, 14859 jamais traitées sur la fenêtre (dont 1604 traitées après 2024) ; 75 unités incomplètes exclues ; effets fixes supplémentaires year^dens_cat ; cellules −8 et +8 bornées",event,14859,19761,1604,75,2008,2024,,,,,,,,,
h5,H5,H5b,"log(décès+0,5 / 1 000 hab.)",commune,twfe,5,0.02900347297980869,0.0056467615087926045,0.017936023793288132,0.04007092216632925,2.8019711833136115e-07,34620,588540,False,"placebo : décès totaux (décès des 60 ans et plus non disponibles au niveau commune, addendum A1) ; fenêtre 2008-2024 ; 19761 traitées, 14859 jamais traitées sur la fenêtre (dont 1604 traitées après 2024) ; 75 unités incomplètes exclues ; effets fixes supplémentaires year^dens_cat ; cellules −8 et +8 bornées",event,14859,19761,1604,75,2008,2024,,,,,,,,,
h5,H5,H5b,"log(décès+0,5 / 1 000 hab.)",commune,twfe,6,0.026343080352325597,0.005955372532974948,0.014670764673175624,0.03801539603147557,9.715315555835969e-06,34620,588540,False,"placebo : décès totaux (décès des 60 ans et plus non disponibles au niveau commune, addendum A1) ; fenêtre 2008-2024 ; 19761 traitées, 14859 jamais traitées sur la fenêtre (dont 1604 traitées après 2024) ; 75 unités incomplètes exclues ; effets fixes supplémentaires year^dens_cat ; cellules −8 et +8 bornées",event,14859,19761,1604,75,2008,2024,,,,,,,,,
h5,H5,H5b,"log(décès+0,5 / 1 000 hab.)",commune,twfe,7,0.03907085877544541,0.006402240022657103,0.02652269891065659,0.05161901864023423,1.0430080366626553e-09,34620,588540,False,"placebo : décès totaux (décès des 60 ans et plus non disponibles au niveau commune, addendum A1) ; fenêtre 2008-2024 ; 19761 traitées, 14859 jamais traitées sur la fenêtre (dont 1604 traitées après 2024) ; 75 unités incomplètes exclues ; effets fixes supplémentaires year^dens_cat ; cellules −8 et +8 bornées",event,14859,19761,1604,75,2008,2024,,,,,,,,,
h5,H5,H5b,"log(décès+0,5 / 1 000 hab.)",commune,twfe,8,0.04249189033533395,0.006617651430956092,0.02952153186842006,0.05546224880224784,1.3538868194932985e-10,34620,588540,False,"placebo : décès totaux (décès des 60 ans et plus non disponibles au niveau commune, addendum A1) ; fenêtre 2008-2024 ; 19761 traitées, 14859 jamais traitées sur la fenêtre (dont 1604 traitées après 2024) ; 75 unités incomplètes exclues ; effets fixes supplémentaires year^dens_cat ; cellules −8 et +8 bornées",event,14859,19761,1604,75,2008,2024,,,,,,,,,
h5,H5,H5b,"log(décès+0,5 / 1 000 hab.)",commune,twfe,"ATT[1,5]",0.017166842096480207,0.004218027928207796,0.008899659271408827,0.025434024921551588,4.703857563431941e-05,34620,588540,False,"placebo : décès totaux (décès des 60 ans et plus non disponibles au niveau commune, addendum A1) ; fenêtre 2008-2024 ; 19761 traitées, 14859 jamais traitées sur la fenêtre (dont 1604 traitées après 2024) ; 75 unités incomplètes exclues ; effets fixes supplémentaires year^dens_cat ; écart-type avec covariance complète (w'Vw)",post_avg,14859,19761,1604,75,2008,2024,,,,,,,,,
h5,H5,H5b,"log(décès+0,5 / 1 000 hab.)",commune,twfe,Wald pré (-8..−2),19.88680051786144,,,,0.005819451769519498,34620,588540,False,"test de Wald joint, covariance groupée, df = 7 ; fenêtre 2008-2024 ; 19761 traitées, 14859 jamais traitées sur la fenêtre (dont 1604 traitées après 2024) ; 75 unités incomplètes exclues",pre_test,14859,19761,1604,75,2008,2024,,,,,,,,,7.0
h5,H5,H5b,"log(décès+0,5 / 1 000 hab.)",commune,twfe,ATT,0.019964216126394863,0.0027803083822146328,0.01451491183133936,0.025413520421450366,6.941823886524974e-13,34620,588540,False,"placebo : décès totaux (décès des 60 ans et plus non disponibles au niveau commune, addendum A1) ; fenêtre 2008-2024 ; 19761 traitées, 14859 jamais traitées sur la fenêtre (dont 1604 traitées après 2024) ; 75 unités incomplètes exclues ; effets fixes supplémentaires year^dens_cat",static,14859,19761,1604,75,2008,2024,,,,,,,,,
h5,H5,H5b,"log(décès+0,5 / 1 000 hab.)","commune, covariables",cs,-8,-0.018054184686992512,0.006359010401049177,-0.030517616050364505,-0.00559075332362052,0.004523388096742242,31194,530298,False,"placebo : décès totaux ; covariables : log_med12, share_fsup, unemp_1524, pretrend_0811, dens_inter, dens_rural (doublement robuste) ; contrôle = not_yet_treated ; fenêtre 2008-2024 ; 18677 traitées, 12517 jamais traitées sur la fenêtre (dont 1444 traitées après 2024)",event,12517,18677,1444,0,2008,2024,2008.0,2024.0,31194.0,5.0,dr,9.0,14988.0,,
h5,H5,H5b,"log(décès+0,5 / 1 000 hab.)","commune, covariables",cs,-7,-0.018733214441083793,0.005953489156774257,-0.030401838770711072,-0.007064590111456513,0.0016518404317480222,31194,530298,False,"placebo : décès totaux ; covariables : log_med12, share_fsup, unemp_1524, pretrend_0811, dens_inter, dens_rural (doublement robuste) ; contrôle = not_yet_treated ; fenêtre 2008-2024 ; 18677 traitées, 12517 jamais traitées sur la fenêtre (dont 1444 traitées après 2024)",event,12517,18677,1444,0,2008,2024,2008.0,2024.0,31194.0,5.0,dr,10.0,16251.0,,
h5,H5,H5b,"log(décès+0,5 / 1 000 hab.)","commune, covariables",cs,-6,-0.006594075495543885,0.005403054511984288,-0.017183867745539726,0.003995716754451957,0.22230010991399196,31194,530298,False,"placebo : décès totaux ; covariables : log_med12, share_fsup, unemp_1524, pretrend_0811, dens_inter, dens_rural (doublement robuste) ; contrôle = not_yet_treated ; fenêtre 2008-2024 ; 18677 traitées, 12517 jamais traitées sur la fenêtre (dont 1444 traitées après 2024)",event,12517,18677,1444,0,2008,2024,2008.0,2024.0,31194.0,5.0,dr,11.0,18540.0,,
h5,H5,H5b,"log(décès+0,5 / 1 000 hab.)","commune, covariables",cs,-5,-0.00645603897101789,0.005284394817997429,-0.016813262494382947,0.0039011845523471648,0.22181437983077656,31194,530298,False,"placebo : décès totaux ; covariables : log_med12, share_fsup, unemp_1524, pretrend_0811, dens_inter, dens_rural (doublement robuste) ; contrôle = not_yet_treated ; fenêtre 2008-2024 ; 18677 traitées, 12517 jamais traitées sur la fenêtre (dont 1444 traitées après 2024)",event,12517,18677,1444,0,2008,2024,2008.0,2024.0,31194.0,5.0,dr,12.0,18677.0,,
h5,H5,H5b,"log(décès+0,5 / 1 000 hab.)","commune, covariables",cs,-4,-0.0012286703778618283,0.005251103727335654,-0.011520644562523746,0.00906330380680009,0.8149979732083504,31194,530298,False,"placebo : décès totaux ; covariables : log_med12, share_fsup, unemp_1524, pretrend_0811, dens_inter, dens_rural (doublement robuste) ; contrôle = not_yet_treated ; fenêtre 2008-2024 ; 18677 traitées, 12517 jamais traitées sur la fenêtre (dont 1444 traitées après 2024)",event,12517,18677,1444,0,2008,2024,2008.0,2024.0,31194.0,5.0,dr,12.0,18677.0,,
h5,H5,H5b,"log(décès+0,5 / 1 000 hab.)","commune, covariables",cs,-3,-0.009400451199352983,0.005220854830559737,-0.019633138635762035,0.0008322362370560676,0.0717725962231039,31194,530298,False,"placebo : décès totaux ; covariables : log_med12, share_fsup, unemp_1524, pretrend_0811, dens_inter, dens_rural (doublement robuste) ; contrôle = not_yet_treated ; fenêtre 2008-2024 ; 18677 traitées, 12517 jamais traitées sur la fenêtre (dont 1444 traitées après 2024)",event,12517,18677,1444,0,2008,2024,2008.0,2024.0,31194.0,5.0,dr,12.0,18677.0,,
h5,H5,H5b,"log(décès+0,5 / 1 000 hab.)","commune, covariables",cs,-2,-0.0017095219947305881,0.005157776643530692,-0.011818578456352629,0.008399534466891453,0.7403079812573206,31194,530298,False,"placebo : décès totaux ; covariables : log_med12, share_fsup, unemp_1524, pretrend_0811, dens_inter, dens_rural (doublement robuste) ; contrôle = not_yet_treated ; fenêtre 2008-2024 ; 18677 traitées, 12517 jamais traitées sur la fenêtre (dont 1444 traitées après 2024)",event,12517,18677,1444,0,2008,2024,2008.0,2024.0,31194.0,5.0,dr,12.0,18677.0,,
h5,H5,H5b,"log(décès+0,5 / 1 000 hab.)","commune, covariables",cs,0,-0.0026087025656376904,0.005153787147353895,-0.012709939758436749,0.007492534627161368,0.6127359342397196,31194,530298,False,"placebo : décès totaux ; covariables : log_med12, share_fsup, unemp_1524, pretrend_0811, dens_inter, dens_rural (doublement robuste) ; contrôle = not_yet_treated ; fenêtre 2008-2024 ; 18677 traitées, 12517 jamais traitées sur la fenêtre (dont 1444 traitées après 2024)",event,12517,18677,1444,0,2008,2024,2008.0,2024.0,31194.0,5.0,dr,12.0,18677.0,,
h5,H5,H5b,"log(décès+0,5 / 1 000 hab.)","commune, covariables",cs,1,0.0011465869476188393,0.005355861414584158,-0.009350708531153856,0.011643882426391534,0.8304840697435738,31194,530298,False,"placebo : décès totaux ; covariables : log_med12, share_fsup, unemp_1524, pretrend_0811, dens_inter, dens_rural (doublement robuste) ; contrôle = not_yet_treated ; fenêtre 2008-2024 ; 18677 traitées, 12517 jamais traitées sur la fenêtre (dont 1444 traitées après 2024)",event,12517,18677,1444,0,2008,2024,2008.0,2024.0,31194.0,5.0,dr,11.0,17914.0,,
h5,H5,H5b,"log(décès+0,5 / 1 000 hab.)","commune, covariables",cs,2,0.007719973888807316,0.0056453423826323965,-0.003344693861549718,0.01878464163916435,0.1714704027610604,31194,530298,False,"placebo : décès totaux ; covariables : log_med12, share_fsup, unemp_1524, pretrend_0811, dens_inter, dens_rural (doublement robuste) ; contrôle = not_yet_treated ; fenêtre 2008-2024 ; 18677 traitées, 12517 jamais traitées sur la fenêtre (dont 1444 traitées après 2024)",event,12517,18677,1444,0,2008,2024,2008.0,2024.0,31194.0,5.0,dr,10.0,16823.0,,
h5,H5,H5b,"log(décès+0,5 / 1 000 hab.)","commune, covariables",cs,3,0.0008697950801204745,0.006091611535815202,-0.011069544137886049,0.012809134298126997,0.8864594229516445,31194,530298,False,"placebo : décès totaux ; covariables : log_med12, share_fsup, unemp_1524, pretrend_0811, dens_inter, dens_rural (doublement robuste) ; contrôle = not_yet_treated ; fenêtre 2008-2024 ; 18677 traitées, 12517 jamais traitées sur la fenêtre (dont 1444 traitées après 2024)",event,12517,18677,1444,0,2008,2024,2008.0,2024.0,31194.0,5.0,dr,9.0,15581.0,,
h5,H5,H5b,"log(décès+0,5 / 1 000 hab.)","commune, covariables",cs,4,0.009246781577218857,0.006814882877044908,-0.004110143420647867,0.02260370657508558,0.17482851544737077,31194,530298,False,"placebo : décès totaux ; covariables : log_med12, share_fsup, unemp_1524, pretrend_0811, dens_inter, dens_rural (doublement robuste) ; contrôle = not_yet_treated ; fenêtre 2008-2024 ; 18677 traitées, 12517 jamais traitées sur la fenêtre (dont 1444 traitées après 2024)",event,12517,18677,1444,0,2008,2024,2008.0,2024.0,31194.0,5.0,dr,8.0,13619.0,,
h5,H5,H5b,"log(décès+0,5 / 1 000 hab.)","commune, covariables",cs,5,0.00767384738928201,0.007155488370638815,-0.006350652108965262,0.021698346887529283,0.2835214809869795,31194,530298,False,"placebo : décès totaux ; covariables : log_med12, share_fsup, unemp_1524, pretrend_0811, dens_inter, dens_rural (doublement robuste) ; contrôle = not_yet_treated ; fenêtre 2008-2024 ; 18677 traitées, 12517 jamais traitées sur la fenêtre (dont 1444 traitées après 2024)",event,12517,18677,1444,0,2008,2024,2008.0,2024.0,31194.0,5.0,dr,7.0,13180.0,,
h5,H5,H5b,"log(décès+0,5 / 1 000 hab.)","commune, covariables",cs,6,0.006600297574955358,0.007896105216402568,-0.008875784267332525,0.02207637941724324,0.4032152078315422,31194,530298,False,"placebo : décès totaux ; covariables : log_med12, share_fsup, unemp_1524, pretrend_0811, dens_inter, dens_rural (doublement robuste) ; contrôle = not_yet_treated ; fenêtre 2008-2024 ; 18677 traitées, 12517 jamais traitées sur la fenêtre (dont 1444 traitées après 2024)",event,12517,18677,1444,0,2008,2024,2008.0,2024.0,31194.0,5.0,dr,6.0,11141.0,,
h5,H5,H5b,"log(décès+0,5 / 1 000 hab.)","commune, covariables",cs,7,0.024578429518292658,0.010833828578462238,0.0033445156898259006,0.04581234334675942,0.023288133676239532,31194,530298,False,"placebo : décès totaux ; covariables : log_med12, share_fsup, unemp_1524, pretrend_0811, dens_inter, dens_rural (doublement robuste) ; contrôle = not_yet_treated ; fenêtre 2008-2024 ; 18677 traitées, 12517 jamais traitées sur la fenêtre (dont 1444 traitées après 2024)",event,12517,18677,1444,0,2008,2024,2008.0,2024.0,31194.0,5.0,dr,5.0,8583.0,,
h5,H5,H5b,"log(décès+0,5 / 1 000 hab.)","commune, covariables",cs,8,0.009262916366949344,0.011725410708128423,-0.013718466324922655,0.03224429905882134,0.42953564248134435,31194,530298,False,"placebo : décès totaux ; covariables : log_med12, share_fsup, unemp_1524, pretrend_0811, dens_inter, dens_rural (doublement robuste) ; contrôle = not_yet_treated ; fenêtre 2008-2024 ; 18677 traitées, 12517 jamais traitées sur la fenêtre (dont 1444 traitées après 2024)",event,12517,18677,1444,0,2008,2024,2008.0,2024.0,31194.0,5.0,dr,4.0,5847.0,,
h5,H5,H5b,"log(décès+0,5 / 1 000 hab.)","commune, covariables",cs,"ATT[1,5]",0.005331396976609499,0.004847058218902348,-0.004168662563407964,0.014831456516626963,0.2713651188399693,31194,530298,False,"placebo : décès totaux ; covariables : log_med12, share_fsup, unemp_1524, pretrend_0811, dens_inter, dens_rural (doublement robuste) ; contrôle = not_yet_treated ; fenêtre 2008-2024 ; 18677 traitées, 12517 jamais traitées sur la fenêtre (dont 1444 traitées après 2024) ; écart-type avec covariance complète des coefficients (fonctions d'influence)",post_avg,12517,18677,1444,0,2008,2024,2008.0,2024.0,31194.0,5.0,dr,,,5.0,
h5,H5,H5b,"log(décès+0,5 / 1 000 hab.)","commune, covariables",cs,ATT,0.004985699419519038,0.005009510416087227,-0.004832760576190187,0.014804159415228262,0.3196162249383325,31194,530298,False,"placebo : décès totaux ; covariables : log_med12, share_fsup, unemp_1524, pretrend_0811, dens_inter, dens_rural (doublement robuste) ; contrôle = not_yet_treated ; fenêtre 2008-2024 ; 18677 traitées, 12517 jamais traitées sur la fenêtre (dont 1444 traitées après 2024) ; moyenne de tous les ATT(g,t) post",simple,12517,18677,1444,0,2008,2024,2008.0,2024.0,31194.0,5.0,dr,,,,
h5,H5,H5b,"log(décès+0,5 / 1 000 hab.)","commune, covariables",cs,Wald pré (-8..-2),18.727233500332765,,,,0.009086139262269628,31194,530298,False,"H5c : test de Wald joint de nullité des coefficients pré avec covariance des fonctions d'influence, df = 7 ; fenêtre 2008-2024 ; 18677 traitées, 12517 jamais traitées sur la fenêtre (dont 1444 traitées après 2024)",pre_test,12517,18677,1444,0,2008,2024,2008.0,2024.0,31194.0,5.0,dr,,,,7.0
h5,H5,H5c,"log(naissances+0,5 / 1 000 f. 15-44)",primaire : communes avec covariables,cs,-8,0.013850936754991343,0.005924295758979212,0.0022395304336287024,0.025462343076353984,0.019387832459194555,31194,530298,False,"H5c sur la spécification primaire (même estimation que H1, répétée ici) ; covariables : log_med12, share_fsup, unemp_1524, pretrend_0811, dens_inter, dens_rural (doublement robuste) ; contrôle = not_yet_treated ; fenêtre 2008-2024 ; 18677 traitées, 12517 jamais traitées sur la fenêtre (dont 1444 traitées après 2024)",event,12517,18677,1444,0,2008,2024,2008.0,2024.0,31194.0,5.0,dr,9.0,14988.0,,
h5,H5,H5c,"log(naissances+0,5 / 1 000 f. 15-44)",primaire : communes avec covariables,cs,-7,0.011566191112151809,0.0054808844014808105,0.0008238550818220492,0.02230852714248157,0.03483439637959551,31194,530298,False,"H5c sur la spécification primaire (même estimation que H1, répétée ici) ; covariables : log_med12, share_fsup, unemp_1524, pretrend_0811, dens_inter, dens_rural (doublement robuste) ; contrôle = not_yet_treated ; fenêtre 2008-2024 ; 18677 traitées, 12517 jamais traitées sur la fenêtre (dont 1444 traitées après 2024)",event,12517,18677,1444,0,2008,2024,2008.0,2024.0,31194.0,5.0,dr,10.0,16251.0,,
h5,H5,H5c,"log(naissances+0,5 / 1 000 f. 15-44)",primaire : communes avec covariables,cs,-6,0.007830321678021935,0.0049192773567220014,-0.0018112847711165836,0.017471928127160453,0.11143805829621167,31194,530298,False,"H5c sur la spécification primaire (même estimation que H1, répétée ici) ; covariables : log_med12, share_fsup, unemp_1524, pretrend_0811, dens_inter, dens_rural (doublement robuste) ; contrôle = not_yet_treated ; fenêtre 2008-2024 ; 18677 traitées, 12517 jamais traitées sur la fenêtre (dont 1444 traitées après 2024)",event,12517,18677,1444,0,2008,2024,2008.0,2024.0,31194.0,5.0,dr,11.0,18540.0,,
h5,H5,H5c,"log(naissances+0,5 / 1 000 f. 15-44)",primaire : communes avec covariables,cs,-5,0.006464086102984538,0.004911547499388404,-0.0031623701041744966,0.016090542310143573,0.1881405876429647,31194,530298,False,"H5c sur la spécification primaire (même estimation que H1, répétée ici) ; covariables : log_med12, share_fsup, unemp_1524, pretrend_0811, dens_inter, dens_rural (doublement robuste) ; contrôle = not_yet_treated ; fenêtre 2008-2024 ; 18677 traitées, 12517 jamais traitées sur la fenêtre (dont 1444 traitées après 2024)",event,12517,18677,1444,0,2008,2024,2008.0,2024.0,31194.0,5.0,dr,12.0,18677.0,,
h5,H5,H5c,"log(naissances+0,5 / 1 000 f. 15-44)",primaire : communes avec covariables,cs,-4,0.006184490294401341,0.004871789296855692,-0.0033640412677035294,0.015733021856506213,0.2042808051219096,31194,530298,False,"H5c sur la spécification primaire (même estimation que H1, répétée ici) ; covariables : log_med12, share_fsup, unemp_1524, pretrend_0811, dens_inter, dens_rural (doublement robuste) ; contrôle = not_yet_treated ; fenêtre 2008-2024 ; 18677 traitées, 12517 jamais traitées sur la fenêtre (dont 1444 traitées après 2024)",event,12517,18677,1444,0,2008,2024,2008.0,2024.0,31194.0,5.0,dr,12.0,18677.0,,
h5,H5,H5c,"log(naissances+0,5 / 1 000 f. 15-44)",primaire : communes avec covariables,cs,-3,0.012566080886449942,0.0048402761219449005,0.0030793140122087337,0.02205284776069115,0.009427501022261375,31194,530298,False,"H5c sur la spécification primaire (même estimation que H1, répétée ici) ; covariables : log_med12, share_fsup, unemp_1524, pretrend_0811, dens_inter, dens_rural (doublement robuste) ; contrôle = not_yet_treated ; fenêtre 2008-2024 ; 18677 traitées, 12517 jamais traitées sur la fenêtre (dont 1444 traitées après 2024)",event,12517,18677,1444,0,2008,2024,2008.0,2024.0,31194.0,5.0,dr,12.0,18677.0,,
h5,H5,H5c,"log(naissances+0,5 / 1 000 f. 15-44)",primaire : communes avec covariables,cs,-2,0.012311724031906206,0.00495701959207304,0.002596144160783617,0.022027303903028796,0.013002717694711789,31194,530298,False,"H5c sur la spécification primaire (même estimation que H1, répétée ici) ; covariables : log_med12, share_fsup, unemp_1524, pretrend_0811, dens_inter, dens_rural (doublement robuste) ; contrôle = not_yet_treated ; fenêtre 2008-2024 ; 18677 traitées, 12517 jamais traitées sur la fenêtre (dont 1444 traitées après 2024)",event,12517,18677,1444,0,2008,2024,2008.0,2024.0,31194.0,5.0,dr,12.0,18677.0,,
h5,H5,H5c,"log(naissances+0,5 / 1 000 f. 15-44)",primaire : communes avec covariables,cs,0,0.007969815148828208,0.004974177514219403,-0.0017793936317507947,0.01771902392940721,0.10910303813361162,31194,530298,False,"H5c sur la spécification primaire (même estimation que H1, répétée ici) ; covariables : log_med12, share_fsup, unemp_1524, pretrend_0811, dens_inter, dens_rural (doublement robuste) ; contrôle = not_yet_treated ; fenêtre 2008-2024 ; 18677 traitées, 12517 jamais traitées sur la fenêtre (dont 1444 traitées après 2024)",event,12517,18677,1444,0,2008,2024,2008.0,2024.0,31194.0,5.0,dr,12.0,18677.0,,
h5,H5,H5c,"log(naissances+0,5 / 1 000 f. 15-44)",primaire : communes avec covariables,cs,1,0.005430020836078166,0.005065183366473535,-0.004497556137301309,0.01535759780945764,0.2837072393935254,31194,530298,False,"H5c sur la spécification primaire (même estimation que H1, répétée ici) ; covariables : log_med12, share_fsup, unemp_1524, pretrend_0811, dens_inter, dens_rural (doublement robuste) ; contrôle = not_yet_treated ; fenêtre 2008-2024 ; 18677 traitées, 12517 jamais traitées sur la fenêtre (dont 1444 traitées après 2024)",event,12517,18677,1444,0,2008,2024,2008.0,2024.0,31194.0,5.0,dr,11.0,17914.0,,
h5,H5,H5c,"log(naissances+0,5 / 1 000 f. 15-44)",primaire : communes avec covariables,cs,2,0.009939746825360835,0.005374353430638033,-0.0005937923388789935,0.020473285989600663,0.0643888648432458,31194,530298,False,"H5c sur la spécification primaire (même estimation que H1, répétée ici) ; covariables : log_med12, share_fsup, unemp_1524, pretrend_0811, dens_inter, dens_rural (doublement robuste) ; contrôle = not_yet_treated ; fenêtre 2008-2024 ; 18677 traitées, 12517 jamais traitées sur la fenêtre (dont 1444 traitées après 2024)",event,12517,18677,1444,0,2008,2024,2008.0,2024.0,31194.0,5.0,dr,10.0,16823.0,,
h5,H5,H5c,"log(naissances+0,5 / 1 000 f. 15-44)",primaire : communes avec covariables,cs,3,-0.0019013780729431047,0.0058129996925421175,-0.013294648112468064,0.009491891966581853,0.7435992941494904,31194,530298,False,"H5c sur la spécification primaire (même estimation que H1, répétée ici) ; covariables : log_med12, share_fsup, unemp_1524, pretrend_0811, dens_inter, dens_rural (doublement robuste) ; contrôle = not_yet_treated ; fenêtre 2008-2024 ; 18677 traitées, 12517 jamais traitées sur la fenêtre (dont 1444 traitées après 2024)",event,12517,18677,1444,0,2008,2024,2008.0,2024.0,31194.0,5.0,dr,9.0,15581.0,,
h5,H5,H5c,"log(naissances+0,5 / 1 000 f. 15-44)",primaire : communes avec covariables,cs,4,-0.004943792729773043,0.006087079720960291,-0.016874249753879335,0.006986664294333249,0.41668945458421536,31194,530298,False,"H5c sur la spécification primaire (même estimation que H1, répétée ici) ; covariables : log_med12, share_fsup, unemp_1524, pretrend_0811, dens_inter, dens_rural (doublement robuste) ; contrôle = not_yet_treated ; fenêtre 2008-2024 ; 18677 traitées, 12517 jamais traitées sur la fenêtre (dont 1444 traitées après 2024)",event,12517,18677,1444,0,2008,2024,2008.0,2024.0,31194.0,5.0,dr,8.0,13619.0,,
h5,H5,H5c,"log(naissances+0,5 / 1 000 f. 15-44)",primaire : communes avec covariables,cs,5,0.0022466537899895186,0.007652654152404094,-0.012752272734863398,0.017245580314842437,0.7690801002718122,31194,530298,False,"H5c sur la spécification primaire (même estimation que H1, répétée ici) ; covariables : log_med12, share_fsup, unemp_1524, pretrend_0811, dens_inter, dens_rural (doublement robuste) ; contrôle = not_yet_treated ; fenêtre 2008-2024 ; 18677 traitées, 12517 jamais traitées sur la fenêtre (dont 1444 traitées après 2024)",event,12517,18677,1444,0,2008,2024,2008.0,2024.0,31194.0,5.0,dr,7.0,13180.0,,
h5,H5,H5c,"log(naissances+0,5 / 1 000 f. 15-44)",primaire : communes avec covariables,cs,6,-0.00815364691274002,0.0075573647497998,-0.022965809640380183,0.006658515814900146,0.28063194992725227,31194,530298,False,"H5c sur la spécification primaire (même estimation que H1, répétée ici) ; covariables : log_med12, share_fsup, unemp_1524, pretrend_0811, dens_inter, dens_rural (doublement robuste) ; contrôle = not_yet_treated ; fenêtre 2008-2024 ; 18677 traitées, 12517 jamais traitées sur la fenêtre (dont 1444 traitées après 2024)",event,12517,18677,1444,0,2008,2024,2008.0,2024.0,31194.0,5.0,dr,6.0,11141.0,,
h5,H5,H5c,"log(naissances+0,5 / 1 000 f. 15-44)",primaire : communes avec covariables,cs,7,0.0010758390278150245,0.008278440930987853,-0.015149607045063402,0.01730128510069345,0.8966006688800715,31194,530298,False,"H5c sur la spécification primaire (même estimation que H1, répétée ici) ; covariables : log_med12, share_fsup, unemp_1524, pretrend_0811, dens_inter, dens_rural (doublement robuste) ; contrôle = not_yet_treated ; fenêtre 2008-2024 ; 18677 traitées, 12517 jamais traitées sur la fenêtre (dont 1444 traitées après 2024)",event,12517,18677,1444,0,2008,2024,2008.0,2024.0,31194.0,5.0,dr,5.0,8583.0,,
h5,H5,H5c,"log(naissances+0,5 / 1 000 f. 15-44)",primaire : communes avec covariables,cs,8,-0.008567841980682039,0.011341774537044953,-0.03079731159406359,0.013661627632699513,0.44999497212113493,31194,530298,False,"H5c sur la spécification primaire (même estimation que H1, répétée ici) ; covariables : log_med12, share_fsup, unemp_1524, pretrend_0811, dens_inter, dens_rural (doublement robuste) ; contrôle = not_yet_treated ; fenêtre 2008-2024 ; 18677 traitées, 12517 jamais traitées sur la fenêtre (dont 1444 traitées après 2024)",event,12517,18677,1444,0,2008,2024,2008.0,2024.0,31194.0,5.0,dr,4.0,5847.0,,
h5,H5,H5c,"log(naissances+0,5 / 1 000 f. 15-44)",primaire : communes avec covariables,cs,"ATT[1,5]",0.002154250129742474,0.004609477778312647,-0.006880160303288018,0.011188660562772965,0.640247830136415,31194,530298,False,"H5c sur la spécification primaire (même estimation que H1, répétée ici) ; covariables : log_med12, share_fsup, unemp_1524, pretrend_0811, dens_inter, dens_rural (doublement robuste) ; contrôle = not_yet_treated ; fenêtre 2008-2024 ; 18677 traitées, 12517 jamais traitées sur la fenêtre (dont 1444 traitées après 2024) ; écart-type avec covariance complète des coefficients (fonctions d'influence)",post_avg,12517,18677,1444,0,2008,2024,2008.0,2024.0,31194.0,5.0,dr,,,5.0,
h5,H5,H5c,"log(naissances+0,5 / 1 000 f. 15-44)",primaire : communes avec covariables,cs,ATT,0.0012145317747620555,0.0047328932391211284,-0.008061768516588474,0.010490832066112586,0.7974759329900611,31194,530298,False,"H5c sur la spécification primaire (même estimation que H1, répétée ici) ; covariables : log_med12, share_fsup, unemp_1524, pretrend_0811, dens_inter, dens_rural (doublement robuste) ; contrôle = not_yet_treated ; fenêtre 2008-2024 ; 18677 traitées, 12517 jamais traitées sur la fenêtre (dont 1444 traitées après 2024) ; moyenne de tous les ATT(g,t) post",simple,12517,18677,1444,0,2008,2024,2008.0,2024.0,31194.0,5.0,dr,,,,
h5,H5,H5c,"log(naissances+0,5 / 1 000 f. 15-44)",primaire : communes avec covariables,cs,Wald pré (-8..-2),10.879692192673783,,,,0.14395356220473612,31194,530298,False,"H5c : test de Wald joint de nullité des coefficients pré avec covariance des fonctions d'influence, df = 7 ; fenêtre 2008-2024 ; 18677 traitées, 12517 jamais traitées sur la fenêtre (dont 1444 traitées après 2024)",pre_test,12517,18677,1444,0,2008,2024,2008.0,2024.0,31194.0,5.0,dr,,,,7.0
h5,H5,H5c,"log(naissances+0,5 / 1 000 f. 15-44)",communes avec covariables sans la tendance 2008-2011,cs,-8,0.016225197392598388,0.006056099391549943,0.004355460698365565,0.02809493408683121,0.007380936821747224,31194,530298,False,"H5c sans pretrend_0811 (A2) ; covariables : log_med12, share_fsup, unemp_1524, dens_inter, dens_rural (doublement robuste) ; contrôle = not_yet_treated ; fenêtre 2008-2024 ; 18677 traitées, 12517 jamais traitées sur la fenêtre (dont 1444 traitées après 2024)",event,12517,18677,1444,0,2008,2024,2008.0,2024.0,31194.0,5.0,dr,9.0,14988.0,,
h5,H5,H5c,"log(naissances+0,5 / 1 000 f. 15-44)",communes avec covariables sans la tendance 2008-2011,cs,-7,0.010159998487604339,0.005588730189855324,-0.0007937114038237946,0.021113708379032474,0.06907269312701304,31194,530298,False,"H5c sans pretrend_0811 (A2) ; covariables : log_med12, share_fsup, unemp_1524, dens_inter, dens_rural (doublement robuste) ; contrôle = not_yet_treated ; fenêtre 2008-2024 ; 18677 traitées, 12517 jamais traitées sur la fenêtre (dont 1444 traitées après 2024)",event,12517,18677,1444,0,2008,2024,2008.0,2024.0,31194.0,5.0,dr,10.0,16251.0,,
h5,H5,H5c,"log(naissances+0,5 / 1 000 f. 15-44)",communes avec covariables sans la tendance 2008-2011,cs,-6,0.005581109195308921,0.005031872136428758,-0.004281178966902062,0.015443397357519904,0.26736477397236047,31194,530298,False,"H5c sans pretrend_0811 (A2) ; covariables : log_med12, share_fsup, unemp_1524, dens_inter, dens_rural (doublement robuste) ; contrôle = not_yet_treated ; fenêtre 2008-2024 ; 18677 traitées, 12517 jamais traitées sur la fenêtre (dont 1444 traitées après 2024)",event,12517,18677,1444,0,2008,2024,2008.0,2024.0,31194.0,5.0,dr,11.0,18540.0,,
h5,H5,H5c,"log(naissances+0,5 / 1 000 f. 15-44)",communes avec covariables sans la tendance 2008-2011,cs,-5,0.004977249198516803,0.004950578436398073,-0.004725706239464033,0.01468020463649764,0.31471034310268686,31194,530298,False,"H5c sans pretrend_0811 (A2) ; covariables : log_med12, share_fsup, unemp_1524, dens_inter, dens_rural (doublement robuste) ; contrôle = not_yet_treated ; fenêtre 2008-2024 ; 18677 traitées, 12517 jamais traitées sur la fenêtre (dont 1444 traitées après 2024)",event,12517,18677,1444,0,2008,2024,2008.0,2024.0,31194.0,5.0,dr,12.0,18677.0,,
h5,H5,H5c,"log(naissances+0,5 / 1 000 f. 15-44)",communes avec covariables sans la tendance 2008-2011,cs,-4,0.00624162200900857,0.004888574733715434,-0.003339808404806164,0.015823052422823305,0.20168082699325818,31194,530298,False,"H5c sans pretrend_0811 (A2) ; covariables : log_med12, share_fsup, unemp_1524, dens_inter, dens_rural (doublement robuste) ; contrôle = not_yet_treated ; fenêtre 2008-2024 ; 18677 traitées, 12517 jamais traitées sur la fenêtre (dont 1444 traitées après 2024)",event,12517,18677,1444,0,2008,2024,2008.0,2024.0,31194.0,5.0,dr,12.0,18677.0,,
h5,H5,H5c,"log(naissances+0,5 / 1 000 f. 15-44)",communes avec covariables sans la tendance 2008-2011,cs,-3,0.012966530496940005,0.0048628133531099585,0.0034355914613040297,0.022497469532575982,0.007665317065732984,31194,530298,False,"H5c sans pretrend_0811 (A2) ; covariables : log_med12, share_fsup, unemp_1524, dens_inter, dens_rural (doublement robuste) ; contrôle = not_yet_treated ; fenêtre 2008-2024 ; 18677 traitées, 12517 jamais traitées sur la fenêtre (dont 1444 traitées après 2024)",event,12517,18677,1444,0,2008,2024,2008.0,2024.0,31194.0,5.0,dr,12.0,18677.0,,
h5,H5,H5c,"log(naissances+0,5 / 1 000 f. 15-44)",communes avec covariables sans la tendance 2008-2011,cs,-2,0.012090095713874503,0.004957533710742692,0.0023735081886756167,0.02180668323907339,0.014738897627784278,31194,530298,False,"H5c sans pretrend_0811 (A2) ; covariables : log_med12, share_fsup, unemp_1524, dens_inter, dens_rural (doublement robuste) ; contrôle = not_yet_treated ; fenêtre 2008-2024 ; 18677 traitées, 12517 jamais traitées sur la fenêtre (dont 1444 traitées après 2024)",event,12517,18677,1444,0,2008,2024,2008.0,2024.0,31194.0,5.0,dr,12.0,18677.0,,
h5,H5,H5c,"log(naissances+0,5 / 1 000 f. 15-44)",communes avec covariables sans la tendance 2008-2011,cs,0,0.008068708883216601,0.004973734184207917,-0.0016796309865066226,0.017817048752939824,0.10474687768132145,31194,530298,False,"H5c sans pretrend_0811 (A2) ; covariables : log_med12, share_fsup, unemp_1524, dens_inter, dens_rural (doublement robuste) ; contrôle = not_yet_treated ; fenêtre 2008-2024 ; 18677 traitées, 12517 jamais traitées sur la fenêtre (dont 1444 traitées après 2024)",event,12517,18677,1444,0,2008,2024,2008.0,2024.0,31194.0,5.0,dr,12.0,18677.0,,
h5,H5,H5c,"log(naissances+0,5 / 1 000 f. 15-44)",communes avec covariables sans la tendance 2008-2011,cs,1,0.005589249864129167,0.005064501969128388,-0.004336991594994658,0.015515491323252991,0.2697610792866999,31194,530298,False,"H5c sans pretrend_0811 (A2) ; covariables : log_med12, share_fsup, unemp_1524, dens_inter, dens_rural (doublement robuste) ; contrôle = not_yet_treated ; fenêtre 2008-2024 ; 18677 traitées, 12517 jamais traitées sur la fenêtre (dont 1444 traitées après 2024)",event,12517,18677,1444,0,2008,2024,2008.0,2024.0,31194.0,5.0,dr,11.0,17914.0,,
h5,H5,H5c,"log(naissances+0,5 / 1 000 f. 15-44)",communes avec covariables sans la tendance 2008-2011,cs,2,0.010066419268186935,0.005372793529020011,-0.0004640625450621442,0.02059690108143601,0.06098677666110265,31194,530298,False,"H5c sans pretrend_0811 (A2) ; covariables : log_med12, share_fsup, unemp_1524, dens_inter, dens_rural (doublement robuste) ; contrôle = not_yet_treated ; fenêtre 2008-2024 ; 18677 traitées, 12517 jamais traitées sur la fenêtre (dont 1444 traitées après 2024)",event,12517,18677,1444,0,2008,2024,2008.0,2024.0,31194.0,5.0,dr,10.0,16823.0,,
h5,H5,H5c,"log(naissances+0,5 / 1 000 f. 15-44)",communes avec covariables sans la tendance 2008-2011,cs,3,-0.0016844130439560127,0.005807652525464572,-0.013067202828589664,0.009698376740677637,0.7717907073588615,31194,530298,False,"H5c sans pretrend_0811 (A2) ; covariables : log_med12, share_fsup, unemp_1524, dens_inter, dens_rural (doublement robuste) ; contrôle = not_yet_treated ; fenêtre 2008-2024 ; 18677 traitées, 12517 jamais traitées sur la fenêtre (dont 1444 traitées après 2024)",event,12517,18677,1444,0,2008,2024,2008.0,2024.0,31194.0,5.0,dr,9.0,15581.0,,
h5,H5,H5c,"log(naissances+0,5 / 1 000 f. 15-44)",communes avec covariables sans la tendance 2008-2011,cs,4,-0.004714956185937294,0.006086124216820163,-0.01664354045634186,0.00721362808446727,0.4385134787400503,31194,530298,False,"H5c sans pretrend_0811 (A2) ; covariables : log_med12, share_fsup, unemp_1524, dens_inter, dens_rural (doublement robuste) ; contrôle = not_yet_treated ; fenêtre 2008-2024 ; 18677 traitées, 12517 jamais traitées sur la fenêtre (dont 1444 traitées après 2024)",event,12517,18677,1444,0,2008,2024,2008.0,2024.0,31194.0,5.0,dr,8.0,13619.0,,
h5,H5,H5c,"log(naissances+0,5 / 1 000 f. 15-44)",communes avec covariables sans la tendance 2008-2011,cs,5,0.002324288885531188,0.0076245530539622705,-0.012619560498449742,0.017268138269512116,0.7604860037861157,31194,530298,False,"H5c sans pretrend_0811 (A2) ; covariables : log_med12, share_fsup, unemp_1524, dens_inter, dens_rural (doublement robuste) ; contrôle = not_yet_treated ; fenêtre 2008-2024 ; 18677 traitées, 12517 jamais traitées sur la fenêtre (dont 1444 traitées après 2024)",event,12517,18677,1444,0,2008,2024,2008.0,2024.0,31194.0,5.0,dr,7.0,13180.0,,
h5,H5,H5c,"log(naissances+0,5 / 1 000 f. 15-44)",communes avec covariables sans la tendance 2008-2011,cs,6,-0.007938025241883112,0.007539123273121416,-0.022714435332208818,0.006838384848442593,0.29238181956473097,31194,530298,False,"H5c sans pretrend_0811 (A2) ; covariables : log_med12, share_fsup, unemp_1524, dens_inter, dens_rural (doublement robuste) ; contrôle = not_yet_treated ; fenêtre 2008-2024 ; 18677 traitées, 12517 jamais traitées sur la fenêtre (dont 1444 traitées après 2024)",event,12517,18677,1444,0,2008,2024,2008.0,2024.0,31194.0,5.0,dr,6.0,11141.0,,
h5,H5,H5c,"log(naissances+0,5 / 1 000 f. 15-44)",communes avec covariables sans la tendance 2008-2011,cs,7,0.0013755987955811188,0.008277070894868168,-0.014847162055845206,0.01759835964700744,0.8680043499956998,31194,530298,False,"H5c sans pretrend_0811 (A2) ; covariables : log_med12, share_fsup, unemp_1524, dens_inter, dens_rural (doublement robuste) ; contrôle = not_yet_treated ; fenêtre 2008-2024 ; 18677 traitées, 12517 jamais traitées sur la fenêtre (dont 1444 traitées après 2024)",event,12517,18677,1444,0,2008,2024,2008.0,2024.0,31194.0,5.0,dr,5.0,8583.0,,
h5,H5,H5c,"log(naissances+0,5 / 1 000 f. 15-44)",communes avec covariables sans la tendance 2008-2011,cs,8,-0.008447304841988523,0.011251254139986623,-0.030499357737269486,0.01360474805329244,0.45278034611323836,31194,530298,False,"H5c sans pretrend_0811 (A2) ; covariables : log_med12, share_fsup, unemp_1524, dens_inter, dens_rural (doublement robuste) ; contrôle = not_yet_treated ; fenêtre 2008-2024 ; 18677 traitées, 12517 jamais traitées sur la fenêtre (dont 1444 traitées après 2024)",event,12517,18677,1444,0,2008,2024,2008.0,2024.0,31194.0,5.0,dr,4.0,5847.0,,
h5,H5,H5c,"log(naissances+0,5 / 1 000 f. 15-44)",communes avec covariables sans la tendance 2008-2011,cs,"ATT[1,5]",0.0023161177575907964,0.004602861258962367,-0.006705324535810133,0.011337560050991726,0.6148300838118095,31194,530298,False,"H5c sans pretrend_0811 (A2) ; covariables : log_med12, share_fsup, unemp_1524, dens_inter, dens_rural (doublement robuste) ; contrôle = not_yet_treated ; fenêtre 2008-2024 ; 18677 traitées, 12517 jamais traitées sur la fenêtre (dont 1444 traitées après 2024) ; écart-type avec covariance complète des coefficients (fonctions d'influence)",post_avg,12517,18677,1444,0,2008,2024,2008.0,2024.0,31194.0,5.0,dr,,,5.0,
h5,H5,H5c,"log(naissances+0,5 / 1 000 f. 15-44)",communes avec covariables sans la tendance 2008-2011,cs,ATT,0.0012977017459631464,0.004709044055428903,-0.007931855004289941,0.010527258496216232,0.782873382994059,31194,530298,False,"H5c sans pretrend_0811 (A2) ; covariables : log_med12, share_fsup, unemp_1524, dens_inter, dens_rural (doublement robuste) ; contrôle = not_yet_treated ; fenêtre 2008-2024 ; 18677 traitées, 12517 jamais traitées sur la fenêtre (dont 1444 traitées après 2024) ; moyenne de tous les ATT(g,t) post",simple,12517,18677,1444,0,2008,2024,2008.0,2024.0,31194.0,5.0,dr,,,,
h5,H5,H5c,"log(naissances+0,5 / 1 000 f. 15-44)",communes avec covariables sans la tendance 2008-2011,cs,Wald pré (-8..-2),13.371718490376146,,,,0.06355307598360072,31194,530298,False,"H5c : test de Wald joint de nullité des coefficients pré avec covariance des fonctions d'influence, df = 7 ; fenêtre 2008-2024 ; 18677 traitées, 12517 jamais traitées sur la fenêtre (dont 1444 traitées après 2024)",pre_test,12517,18677,1444,0,2008,2024,2008.0,2024.0,31194.0,5.0,dr,,,,7.0
h5,H5,H5a,log(naissances / 1 000 f. 25-39),"département, bascule fictive −3 ans, années pré-traitement seules",cs,-8,-0.0075149375110310805,0.005557417921282264,-0.018407276483781772,0.00337740146171961,0.1763000072786144,96,1669,False,"placebo : aucun effet attendu ; périodes relatives fictives ≤ +2 ; H5a et H5c testent la même hypothèse de tendances parallèles sous deux normalisations ; contrôle = not_yet_treated ; fenêtre 1998-2017 ; 96 traitées, 0 jamais traitées sur la fenêtre ; panel déséquilibré par construction (89 unités incomplètes gardées) ; ATT(g,t) identifiés jusqu'en 2014 (sans unité jamais traitée, la dernière cohorte sert de contrôle) ; grappes = dep (96)",event,0,96,0,89,1998,2017,1998.0,2014.0,96.0,2.0,reg,5.0,89.0,,
h5,H5,H5a,log(naissances / 1 000 f. 25-39),"département, bascule fictive −3 ans, années pré-traitement seules",cs,-7,-0.013873949970726593,0.006146402785894763,-0.02592067806555698,-0.001827221875896205,0.023992637744843774,96,1669,False,"placebo : aucun effet attendu ; périodes relatives fictives ≤ +2 ; H5a et H5c testent la même hypothèse de tendances parallèles sous deux normalisations ; contrôle = not_yet_treated ; fenêtre 1998-2017 ; 96 traitées, 0 jamais traitées sur la fenêtre ; panel déséquilibré par construction (89 unités incomplètes gardées) ; ATT(g,t) identifiés jusqu'en 2014 (sans unité jamais traitée, la dernière cohorte sert de contrôle) ; grappes = dep (96)",event,0,96,0,89,1998,2017,1998.0,2014.0,96.0,2.0,reg,5.0,89.0,,
h5,H5,H5a,log(naissances / 1 000 f. 25-39),"département, bascule fictive −3 ans, années pré-traitement seules",cs,-6,-0.018984027750421864,0.004621607944826094,-0.028042212872945185,-0.009925842627898543,3.996752897241792e-05,96,1669,False,"placebo : aucun effet attendu ; périodes relatives fictives ≤ +2 ; H5a et H5c testent la même hypothèse de tendances parallèles sous deux normalisations ; contrôle = not_yet_treated ; fenêtre 1998-2017 ; 96 traitées, 0 jamais traitées sur la fenêtre ; panel déséquilibré par construction (89 unités incomplètes gardées) ; ATT(g,t) identifiés jusqu'en 2014 (sans unité jamais traitée, la dernière cohorte sert de contrôle) ; grappes = dep (96)",event,0,96,0,89,1998,2017,1998.0,2014.0,96.0,2.0,reg,5.0,89.0,,
h5,H5,H5a,log(naissances / 1 000 f. 25-39),"département, bascule fictive −3 ans, années pré-traitement seules",cs,-5,-0.014753390090692466,0.004357643835898493,-0.02329421506650648,-0.0062125651148784485,0.0007101385294769096,96,1669,False,"placebo : aucun effet attendu ; périodes relatives fictives ≤ +2 ; H5a et H5c testent la même hypothèse de tendances parallèles sous deux normalisations ; contrôle = not_yet_treated ; fenêtre 1998-2017 ; 96 traitées, 0 jamais traitées sur la fenêtre ; panel déséquilibré par construction (89 unités incomplètes gardées) ; ATT(g,t) identifiés jusqu'en 2014 (sans unité jamais traitée, la dernière cohorte sert de contrôle) ; grappes = dep (96)",event,0,96,0,89,1998,2017,1998.0,2014.0,96.0,2.0,reg,5.0,89.0,,
h5,H5,H5a,log(naissances / 1 000 f. 25-39),"département, bascule fictive −3 ans, années pré-traitement seules",cs,-4,-0.010788145195258919,0.004939721291855683,-0.020469821020961725,-0.001106469369556112,0.02896531416729575,96,1669,False,"placebo : aucun effet attendu ; périodes relatives fictives ≤ +2 ; H5a et H5c testent la même hypothèse de tendances parallèles sous deux normalisations ; contrôle = not_yet_treated ; fenêtre 1998-2017 ; 96 traitées, 0 jamais traitées sur la fenêtre ; panel déséquilibré par construction (89 unités incomplètes gardées) ; ATT(g,t) identifiés jusqu'en 2014 (sans unité jamais traitée, la dernière cohorte sert de contrôle) ; grappes = dep (96)",event,0,96,0,89,1998,2017,1998.0,2014.0,96.0,2.0,reg,5.0,89.0,,
h5,H5,H5a,log(naissances / 1 000 f. 25-39),"département, bascule fictive −3 ans, années pré-traitement seules",cs,-3,-0.0021118417107748406,0.004867671894437279,-0.011652303312429762,0.0074286198908800815,0.6643970332108561,96,1669,False,"placebo : aucun effet attendu ; périodes relatives fictives ≤ +2 ; H5a et H5c testent la même hypothèse de tendances parallèles sous deux normalisations ; contrôle = not_yet_treated ; fenêtre 1998-2017 ; 96 traitées, 0 jamais traitées sur la fenêtre ; panel déséquilibré par construction (89 unités incomplètes gardées) ; ATT(g,t) identifiés jusqu'en 2014 (sans unité jamais traitée, la dernière cohorte sert de contrôle) ; grappes = dep (96)",event,0,96,0,89,1998,2017,1998.0,2014.0,96.0,2.0,reg,5.0,89.0,,
h5,H5,H5a,log(naissances / 1 000 f. 25-39),"département, bascule fictive −3 ans, années pré-traitement seules",cs,-2,-0.003763550174523526,0.004517849195185759,-0.012618371884670881,0.0050912715356238305,0.4048220355043277,96,1669,False,"placebo : aucun effet attendu ; périodes relatives fictives ≤ +2 ; H5a et H5c testent la même hypothèse de tendances parallèles sous deux normalisations ; contrôle = not_yet_treated ; fenêtre 1998-2017 ; 96 traitées, 0 jamais traitées sur la fenêtre ; panel déséquilibré par construction (89 unités incomplètes gardées) ; ATT(g,t) identifiés jusqu'en 2014 (sans unité jamais traitée, la dernière cohorte sert de contrôle) ; grappes = dep (96)",event,0,96,0,89,1998,2017,1998.0,2014.0,96.0,2.0,reg,5.0,89.0,,
h5,H5,H5a,log(naissances / 1 000 f. 25-39),"département, bascule fictive −3 ans, années pré-traitement seules",cs,0,-0.00033968207176481545,0.004369080549777794,-0.00890292259488375,0.00822355845135412,0.9380294584302902,96,1669,False,"placebo : aucun effet attendu ; périodes relatives fictives ≤ +2 ; H5a et H5c testent la même hypothèse de tendances parallèles sous deux normalisations ; contrôle = not_yet_treated ; fenêtre 1998-2017 ; 96 traitées, 0 jamais traitées sur la fenêtre ; panel déséquilibré par construction (89 unités incomplètes gardées) ; ATT(g,t) identifiés jusqu'en 2014 (sans unité jamais traitée, la dernière cohorte sert de contrôle) ; grappes = dep (96)",event,0,96,0,89,1998,2017,1998.0,2014.0,96.0,2.0,reg,5.0,89.0,,
h5,H5,H5a,log(naissances / 1 000 f. 25-39),"département, bascule fictive −3 ans, années pré-traitement seules",cs,1,0.0020269774843761626,0.006410088057214604,-0.010536564245494786,0.014590519214247113,0.7518379627294357,96,1669,False,"placebo : aucun effet attendu ; périodes relatives fictives ≤ +2 ; H5a et H5c testent la même hypothèse de tendances parallèles sous deux normalisations ; contrôle = not_yet_treated ; fenêtre 1998-2017 ; 96 traitées, 0 jamais traitées sur la fenêtre ; panel déséquilibré par construction (89 unités incomplètes gardées) ; ATT(g,t) identifiés jusqu'en 2014 (sans unité jamais traitée, la dernière cohorte sert de contrôle) ; grappes = dep (96)",event,0,96,0,89,1998,2017,1998.0,2014.0,96.0,2.0,reg,4.0,74.0,,
h5,H5,H5a,log(naissances / 1 000 f. 25-39),"département, bascule fictive −3 ans, années pré-traitement seules",cs,2,-0.01607609632852229,0.010119326878638762,-0.03590961255844238,0.003757419901397805,0.11213881517134665,96,1669,False,"placebo : aucun effet attendu ; périodes relatives fictives ≤ +2 ; H5a et H5c testent la même hypothèse de tendances parallèles sous deux normalisations ; contrôle = not_yet_treated ; fenêtre 1998-2017 ; 96 traitées, 0 jamais traitées sur la fenêtre ; panel déséquilibré par construction (89 unités incomplètes gardées) ; ATT(g,t) identifiés jusqu'en 2014 (sans unité jamais traitée, la dernière cohorte sert de contrôle) ; grappes = dep (96)",event,0,96,0,89,1998,2017,1998.0,2014.0,96.0,2.0,reg,3.0,51.0,,
h5,H5,H5a,log(naissances / 1 000 f. 25-39),"département, bascule fictive −3 ans, années pré-traitement seules",cs,"ATT[1,2]",-0.007024559422073064,0.007431921648838459,-0.02159085818971998,0.007541739345573851,0.34456316140660825,96,1669,False,"placebo : aucun effet attendu ; périodes relatives fictives ≤ +2 ; H5a et H5c testent la même hypothèse de tendances parallèles sous deux normalisations ; contrôle = not_yet_treated ; fenêtre 1998-2017 ; 96 traitées, 0 jamais traitées sur la fenêtre ; panel déséquilibré par construction (89 unités incomplètes gardées) ; ATT(g,t) identifiés jusqu'en 2014 (sans unité jamais traitée, la dernière cohorte sert de contrôle) ; grappes = dep (96) ; écart-type avec covariance complète des coefficients (fonctions d'influence)",post_avg,0,96,0,89,1998,2017,1998.0,2014.0,96.0,2.0,reg,,,2.0,
h5,H5,H5a,log(naissances / 1 000 f. 25-39),"département, bascule fictive −3 ans, années pré-traitement seules",cs,ATT,-0.003271571417279762,0.005460052911149506,-0.013973078476815868,0.007429935642256344,0.5490507927274079,96,1669,False,"placebo : aucun effet attendu ; périodes relatives fictives ≤ +2 ; H5a et H5c testent la même hypothèse de tendances parallèles sous deux normalisations ; contrôle = not_yet_treated ; fenêtre 1998-2017 ; 96 traitées, 0 jamais traitées sur la fenêtre ; panel déséquilibré par construction (89 unités incomplètes gardées) ; ATT(g,t) identifiés jusqu'en 2014 (sans unité jamais traitée, la dernière cohorte sert de contrôle) ; grappes = dep (96) ; moyenne de tous les ATT(g,t) post",simple,0,96,0,89,1998,2017,1998.0,2014.0,96.0,2.0,reg,,,,
h5,H5,H5a,log(naissances / 1 000 f. 25-39),"département, bascule fictive −3 ans, années pré-traitement seules",cs,Wald pré (-8..-2),29.72159548995986,,,,0.00010679825651612791,96,1669,False,"H5c : test de Wald joint de nullité des coefficients pré avec covariance des fonctions d'influence, df = 7 ; fenêtre 1998-2017 ; 96 traitées, 0 jamais traitées sur la fenêtre ; panel déséquilibré par construction (89 unités incomplètes gardées)",pre_test,0,96,0,89,1998,2017,1998.0,2014.0,96.0,2.0,reg,,,,7.0
h5,H5,H5a,log(naissances / 1 000 f. 25-39),"département, bascule fictive −3 ans, années pré-traitement seules ; fenêtre identifiée ≤ 2014, cohorte 2015 = contrôle",twfe,-8,-0.004050024248517243,0.007857050043685252,-0.019449559358869196,0.011349510861834711,0.6062290150075503,96,1669,False,"placebo : aucun effet attendu ; périodes relatives fictives ≤ +2 ; H5a et H5c testent la même hypothèse de tendances parallèles sous deux normalisations ; fenêtre 1998-2017 ; 96 traitées, 0 jamais traitées sur la fenêtre ; panel déséquilibré par construction (89 unités incomplètes gardées) ; comparaisons sur la fenêtre identifiée (années < 2015, cohorte 2015 recodée contrôle, 7 unités de contrôle) ; cellules −8 et +8 bornées",event,0,96,0,89,1998,2017,,,,,,,,,
h5,H5,H5a,log(naissances / 1 000 f. 25-39),"département, bascule fictive −3 ans, années pré-traitement seules ; fenêtre identifiée ≤ 2014, cohorte 2015 = contrôle",twfe,-7,-0.00841269479719512,0.007091058276905753,-0.022310913632205047,0.005485524037814807,0.23547198362218857,96,1669,False,"placebo : aucun effet attendu ; périodes relatives fictives ≤ +2 ; H5a et H5c testent la même hypothèse de tendances parallèles sous deux normalisations ; fenêtre 1998-2017 ; 96 traitées, 0 jamais traitées sur la fenêtre ; panel déséquilibré par construction (89 unités incomplètes gardées) ; comparaisons sur la fenêtre identifiée (années < 2015, cohorte 2015 recodée contrôle, 7 unités de contrôle) ; cellules −8 et +8 bornées",event,0,96,0,89,1998,2017,,,,,,,,,
h5,H5,H5a,log(naissances / 1 000 f. 25-39),"département, bascule fictive −3 ans, années pré-traitement seules ; fenêtre identifiée ≤ 2014, cohorte 2015 = contrôle",twfe,-6,-0.014665304104937433,0.006804548320793942,-0.028001973744756062,-0.0013286344651188033,0.031144559655402405,96,1669,False,"placebo : aucun effet attendu ; périodes relatives fictives ≤ +2 ; H5a et H5c testent la même hypothèse de tendances parallèles sous deux normalisations ; fenêtre 1998-2017 ; 96 traitées, 0 jamais traitées sur la fenêtre ; panel déséquilibré par construction (89 unités incomplètes gardées) ; comparaisons sur la fenêtre identifiée (années < 2015, cohorte 2015 recodée contrôle, 7 unités de contrôle) ; cellules −8 et +8 bornées",event,0,96,0,89,1998,2017,,,,,,,,,
h5,H5,H5a,log(naissances / 1 000 f. 25-39),"département, bascule fictive −3 ans, années pré-traitement seules ; fenêtre identifiée ≤ 2014, cohorte 2015 = contrôle",twfe,-5,-0.014081110309920737,0.005954150405556806,-0.025751030663346636,-0.002411189956494841,0.018033794834694635,96,1669,False,"placebo : aucun effet attendu ; périodes relatives fictives ≤ +2 ; H5a et H5c testent la même hypothèse de tendances parallèles sous deux normalisations ; fenêtre 1998-2017 ; 96 traitées, 0 jamais traitées sur la fenêtre ; panel déséquilibré par construction (89 unités incomplètes gardées) ; comparaisons sur la fenêtre identifiée (années < 2015, cohorte 2015 recodée contrôle, 7 unités de contrôle) ; cellules −8 et +8 bornées",event,0,96,0,89,1998,2017,,,,,,,,,
h5,H5,H5a,log(naissances / 1 000 f. 25-39),"département, bascule fictive −3 ans, années pré-traitement seules ; fenêtre identifiée ≤ 2014, cohorte 2015 = contrôle",twfe,-4,-0.016431063376906686,0.005553857349221709,-0.02731642375665433,-0.005545702997159042,0.0030914450224636147,96,1669,False,"placebo : aucun effet attendu ; périodes relatives fictives ≤ +2 ; H5a et H5c testent la même hypothèse de tendances parallèles sous deux normalisations ; fenêtre 1998-2017 ; 96 traitées, 0 jamais traitées sur la fenêtre ; panel déséquilibré par construction (89 unités incomplètes gardées) ; comparaisons sur la fenêtre identifiée (années < 2015, cohorte 2015 recodée contrôle, 7 unités de contrôle) ; cellules −8 et +8 bornées",event,0,96,0,89,1998,2017,,,,,,,,,
h5,H5,H5a,log(naissances / 1 000 f. 25-39),"département, bascule fictive −3 ans, années pré-traitement seules ; fenêtre identifiée ≤ 2014, cohorte 2015 = contrôle",twfe,-3,-0.011492019065989872,0.004053184678330456,-0.01943611505820713,-0.0035479230737726145,0.004578180312775053,96,1669,False,"placebo : aucun effet attendu ; périodes relatives fictives ≤ +2 ; H5a et H5c testent la même hypothèse de tendances parallèles sous deux normalisations ; fenêtre 1998-2017 ; 96 traitées, 0 jamais traitées sur la fenêtre ; panel déséquilibré par construction (89 unités incomplètes gardées) ; comparaisons sur la fenêtre identifiée (années < 2015, cohorte 2015 recodée contrôle, 7 unités de contrôle) ; cellules −8 et +8 bornées",event,0,96,0,89,1998,2017,,,,,,,,,
h5,H5,H5a,log(naissances / 1 000 f. 25-39),"département, bascule fictive −3 ans, années pré-traitement seules ; fenêtre identifiée ≤ 2014, cohorte 2015 = contrôle",twfe,-2,-0.005655089804786831,0.0034966987575613608,-0.012508493434393052,0.0011983138248193902,0.10582101135587657,96,1669,False,"placebo : aucun effet attendu ; périodes relatives fictives ≤ +2 ; H5a et H5c testent la même hypothèse de tendances parallèles sous deux normalisations ; fenêtre 1998-2017 ; 96 traitées, 0 jamais traitées sur la fenêtre ; panel déséquilibré par construction (89 unités incomplètes gardées) ; comparaisons sur la fenêtre identifiée (années < 2015, cohorte 2015 recodée contrôle, 7 unités de contrôle) ; cellules −8 et +8 bornées",event,0,96,0,89,1998,2017,,,,,,,,,
h5,H5,H5a,log(naissances / 1 000 f. 25-39),"département, bascule fictive −3 ans, années pré-traitement seules ; fenêtre identifiée ≤ 2014, cohorte 2015 = contrôle",twfe,0,0.004286150140551583,0.0033300167484148152,-0.0022405627542566326,0.010812863035359799,0.19805047881330717,96,1669,False,"placebo : aucun effet attendu ; périodes relatives fictives ≤ +2 ; H5a et H5c testent la même hypothèse de tendances parallèles sous deux normalisations ; fenêtre 1998-2017 ; 96 traitées, 0 jamais traitées sur la fenêtre ; panel déséquilibré par construction (89 unités incomplètes gardées) ; comparaisons sur la fenêtre identifiée (années < 2015, cohorte 2015 recodée contrôle, 7 unités de contrôle) ; cellules −8 et +8 bornées",event,0,96,0,89,1998,2017,,,,,,,,,
h5,H5,H5a,log(naissances / 1 000 f. 25-39),"département, bascule fictive −3 ans, années pré-traitement seules ; fenêtre identifiée ≤ 2014, cohorte 2015 = contrôle",twfe,1,0.009457219468914412,0.0057627916659426116,-0.0018376446467406847,0.02075208358456951,0.10078018591172701,96,1669,False,"placebo : aucun effet attendu ; périodes relatives fictives ≤ +2 ; H5a et H5c testent la même hypothèse de tendances parallèles sous deux normalisations ; fenêtre 1998-2017 ; 96 traitées, 0 jamais traitées sur la fenêtre ; panel déséquilibré par construction (89 unités incomplètes gardées) ; comparaisons sur la fenêtre identifiée (années < 2015, cohorte 2015 recodée contrôle, 7 unités de contrôle) ; cellules −8 et +8 bornées",event,0,96,0,89,1998,2017,,,,,,,,,
h5,H5,H5a,log(naissances / 1 000 f. 25-39),"département, bascule fictive −3 ans, années pré-traitement seules ; fenêtre identifiée ≤ 2014, cohorte 2015 = contrôle",twfe,2,0.008459584987946196,0.009340471032950616,-0.009847401835276649,0.02676657181116904,0.3650991759498543,96,1669,False,"placebo : aucun effet attendu ; périodes relatives fictives ≤ +2 ; H5a et H5c testent la même hypothèse de tendances parallèles sous deux normalisations ; fenêtre 1998-2017 ; 96 traitées, 0 jamais traitées sur la fenêtre ; panel déséquilibré par construction (89 unités incomplètes gardées) ; comparaisons sur la fenêtre identifiée (années < 2015, cohorte 2015 recodée contrôle, 7 unités de contrôle) ; cellules −8 et +8 bornées",event,0,96,0,89,1998,2017,,,,,,,,,
h5,H5,H5a,log(naissances / 1 000 f. 25-39),"département, bascule fictive −3 ans, années pré-traitement seules ; fenêtre identifiée ≤ 2014, cohorte 2015 = contrôle",twfe,"ATT[1,2]",0.008958402228430303,0.007313832268173231,-0.005376445606156124,0.023293250063016732,0.22062891987271394,96,1669,False,"placebo : aucun effet attendu ; périodes relatives fictives ≤ +2 ; H5a et H5c testent la même hypothèse de tendances parallèles sous deux normalisations ; fenêtre 1998-2017 ; 96 traitées, 0 jamais traitées sur la fenêtre ; panel déséquilibré par construction (89 unités incomplètes gardées) ; comparaisons sur la fenêtre identifiée (années < 2015, cohorte 2015 recodée contrôle, 7 unités de contrôle) ; écart-type avec covariance complète (w'Vw)",post_avg,0,96,0,89,1998,2017,,,,,,,,,
h5,H5,H5a,log(naissances / 1 000 f. 25-39),"département, bascule fictive −3 ans, années pré-traitement seules ; fenêtre identifiée ≤ 2014, cohorte 2015 = contrôle",twfe,Wald pré (-8..−2),18.60909436995426,,,,0.009504218243102944,96,1669,False,"test de Wald joint, covariance groupée, df = 7 ; fenêtre 1998-2017 ; 96 traitées, 0 jamais traitées sur la fenêtre ; panel déséquilibré par construction (89 unités incomplètes gardées)",pre_test,0,96,0,89,1998,2017,,,,,,,,,7.0
h5,H5,H5a,log(naissances / 1 000 f. 25-39),"département, bascule fictive −3 ans, années pré-traitement seules ; fenêtre identifiée ≤ 2014, cohorte 2015 = contrôle",twfe,ATT,0.010368953337750291,0.005171237943502589,0.00023351321299824174,0.02050439346250234,0.044950205114906445,96,1669,False,"placebo : aucun effet attendu ; périodes relatives fictives ≤ +2 ; H5a et H5c testent la même hypothèse de tendances parallèles sous deux normalisations ; fenêtre 1998-2017 ; 96 traitées, 0 jamais traitées sur la fenêtre ; panel déséquilibré par construction (89 unités incomplètes gardées) ; comparaisons sur la fenêtre identifiée (années < 2015, cohorte 2015 recodée contrôle, 7 unités de contrôle)",static,0,96,0,89,1998,2017,,,,,,,,,
h5,H5,H5a,log(naissances / 1 000 f. 25-39),"département, bascule fictive −3 ans, années pré-traitement seules ; fenêtre complète",twfe,ATT,0.010503599296862681,0.005160648009827816,0.00038891506071185404,0.02061828353301351,0.04181811630003422,96,1669,True,"placebo : aucun effet attendu ; périodes relatives fictives ≤ +2 ; H5a et H5c testent la même hypothèse de tendances parallèles sous deux normalisations ; fenêtre 1998-2017 ; 96 traitées, 0 jamais traitées sur la fenêtre ; panel déséquilibré par construction (89 unités incomplètes gardées) ; TWFE sur toutes les années (identification par le calendrier des bascules seulement)",static,0,96,0,89,1998,2017,,,,,,,,,
h5,H5,H5c,log(naissances / 1 000 f. 25-39),"département, bascule D3 ≥ 50 %",cs,-8,-0.007317339748984662,0.00510150617903764,-0.017316108126806982,0.0026814286288376586,0.15147272375217635,96,2592,False,"H5c sur la spécification H2b (même estimation, répétée ici) ; contrôle = not_yet_treated ; fenêtre 1998-2024 ; 96 traitées, 0 jamais traitées sur la fenêtre ; ATT(g,t) identifiés jusqu'en 2017 (sans unité jamais traitée, la dernière cohorte sert de contrôle) ; grappes = dep (96)",event,0,96,0,0,1998,2024,1998.0,2017.0,96.0,4.0,reg,5.0,89.0,,
h5,H5,H5c,log(naissances / 1 000 f. 25-39),"département, bascule D3 ≥ 50 %",cs,-7,-0.0033520948535511125,0.005217757191142685,-0.01357871102826565,0.006874521321163425,0.5205876689497462,96,2592,False,"H5c sur la spécification H2b (même estimation, répétée ici) ; contrôle = not_yet_treated ; fenêtre 1998-2024 ; 96 traitées, 0 jamais traitées sur la fenêtre ; ATT(g,t) identifiés jusqu'en 2017 (sans unité jamais traitée, la dernière cohorte sert de contrôle) ; grappes = dep (96)",event,0,96,0,0,1998,2024,1998.0,2017.0,96.0,4.0,reg,5.0,89.0,,
h5,H5,H5c,log(naissances / 1 000 f. 25-39),"département, bascule D3 ≥ 50 %",cs,-6,0.005324208630932959,0.005878502749707084,-0.0061974450415126,0.01684586230337852,0.3650902772930841,96,2592,False,"H5c sur la spécification H2b (même estimation, répétée ici) ; contrôle = not_yet_treated ; fenêtre 1998-2024 ; 96 traitées, 0 jamais traitées sur la fenêtre ; ATT(g,t) identifiés jusqu'en 2017 (sans unité jamais traitée, la dernière cohorte sert de contrôle) ; grappes = dep (96)",event,0,96,0,0,1998,2024,1998.0,2017.0,96.0,4.0,reg,5.0,89.0,,
h5,H5,H5c,log(naissances / 1 000 f. 25-39),"département, bascule D3 ≥ 50 %",cs,-5,0.0036725001671842773,0.004869421194666925,-0.005871389999918899,0.013216390334287453,0.45073127035083027,96,2592,False,"H5c sur la spécification H2b (même estimation, répétée ici) ; contrôle = not_yet_treated ; fenêtre 1998-2024 ; 96 traitées, 0 jamais traitées sur la fenêtre ; ATT(g,t) identifiés jusqu'en 2017 (sans unité jamais traitée, la dernière cohorte sert de contrôle) ; grappes = dep (96)",event,0,96,0,0,1998,2024,1998.0,2017.0,96.0,4.0,reg,5.0,89.0,,
h5,H5,H5c,log(naissances / 1 000 f. 25-39),"département, bascule D3 ≥ 50 %",cs,-4,0.0074360503417078005,0.004427973577250876,-0.0012426183941989036,0.016114719077614505,0.09308680271875493,96,2592,False,"H5c sur la spécification H2b (même estimation, répétée ici) ; contrôle = not_yet_treated ; fenêtre 1998-2024 ; 96 traitées, 0 jamais traitées sur la fenêtre ; ATT(g,t) identifiés jusqu'en 2017 (sans unité jamais traitée, la dernière cohorte sert de contrôle) ; grappes = dep (96)",event,0,96,0,0,1998,2024,1998.0,2017.0,96.0,4.0,reg,5.0,89.0,,
h5,H5,H5c,log(naissances / 1 000 f. 25-39),"département, bascule D3 ≥ 50 %",cs,-3,0.007096368269942985,0.004862135267185439,-0.0024332417417025076,0.016625978281588478,0.1444229108695066,96,2592,False,"H5c sur la spécification H2b (même estimation, répétée ici) ; contrôle = not_yet_treated ; fenêtre 1998-2024 ; 96 traitées, 0 jamais traitées sur la fenêtre ; ATT(g,t) identifiés jusqu'en 2017 (sans unité jamais traitée, la dernière cohorte sert de contrôle) ; grappes = dep (96)",event,0,96,0,0,1998,2024,1998.0,2017.0,96.0,4.0,reg,5.0,89.0,,
h5,H5,H5c,log(naissances / 1 000 f. 25-39),"département, bascule D3 ≥ 50 %",cs,-2,0.002929078622572049,0.004354561902505145,-0.005605705874788253,0.011463863119932352,0.5011725328409993,96,2592,False,"H5c sur la spécification H2b (même estimation, répétée ici) ; contrôle = not_yet_treated ; fenêtre 1998-2024 ; 96 traitées, 0 jamais traitées sur la fenêtre ; ATT(g,t) identifiés jusqu'en 2017 (sans unité jamais traitée, la dernière cohorte sert de contrôle) ; grappes = dep (96)",event,0,96,0,0,1998,2024,1998.0,2017.0,96.0,4.0,reg,5.0,89.0,,
h5,H5,H5c,log(naissances / 1 000 f. 25-39),"département, bascule D3 ≥ 50 %",cs,0,0.009790283759449542,0.005131945524913047,-0.00026814464000153235,0.019848712158900616,0.0564282055047849,96,2592,False,"H5c sur la spécification H2b (même estimation, répétée ici) ; contrôle = not_yet_treated ; fenêtre 1998-2024 ; 96 traitées, 0 jamais traitées sur la fenêtre ; ATT(g,t) identifiés jusqu'en 2017 (sans unité jamais traitée, la dernière cohorte sert de contrôle) ; grappes = dep (96)",event,0,96,0,0,1998,2024,1998.0,2017.0,96.0,4.0,reg,5.0,89.0,,
h5,H5,H5c,log(naissances / 1 000 f. 25-39),"département, bascule D3 ≥ 50 %",cs,1,0.011117184617210826,0.008023288102948847,-0.0046081711021576065,0.02684254033657926,0.165864637402802,96,2592,False,"H5c sur la spécification H2b (même estimation, répétée ici) ; contrôle = not_yet_treated ; fenêtre 1998-2024 ; 96 traitées, 0 jamais traitées sur la fenêtre ; ATT(g,t) identifiés jusqu'en 2017 (sans unité jamais traitée, la dernière cohorte sert de contrôle) ; grappes = dep (96)",event,0,96,0,0,1998,2024,1998.0,2017.0,96.0,4.0,reg,4.0,74.0,,
h5,H5,H5c,log(naissances / 1 000 f. 25-39),"département, bascule D3 ≥ 50 %",cs,2,0.011140706215811015,0.009398396033193094,-0.007279811521691559,0.02956122395331359,0.23586574184971043,96,2592,False,"H5c sur la spécification H2b (même estimation, répétée ici) ; contrôle = not_yet_treated ; fenêtre 1998-2024 ; 96 traitées, 0 jamais traitées sur la fenêtre ; ATT(g,t) identifiés jusqu'en 2017 (sans unité jamais traitée, la dernière cohorte sert de contrôle) ; grappes = dep (96)",event,0,96,0,0,1998,2024,1998.0,2017.0,96.0,4.0,reg,3.0,51.0,,
h5,H5,H5c,log(naissances / 1 000 f. 25-39),"département, bascule D3 ≥ 50 %",cs,3,0.010794338383024146,0.019099657009524994,-0.026640301472712832,0.04822897823876113,0.5719657874648394,96,2592,False,"H5c sur la spécification H2b (même estimation, répétée ici) ; contrôle = not_yet_treated ; fenêtre 1998-2024 ; 96 traitées, 0 jamais traitées sur la fenêtre ; ATT(g,t) identifiés jusqu'en 2017 (sans unité jamais traitée, la dernière cohorte sert de contrôle) ; grappes = dep (96)",event,0,96,0,0,1998,2024,1998.0,2017.0,96.0,4.0,reg,2.0,35.0,,
h5,H5,H5c,log(naissances / 1 000 f. 25-39),"département, bascule D3 ≥ 50 %",cs,4,0.03823269874377099,0.01544141990768439,0.007968071854549778,0.06849732563299221,0.013286977074500647,96,2592,False,"H5c sur la spécification H2b (même estimation, répétée ici) ; contrôle = not_yet_treated ; fenêtre 1998-2024 ; 96 traitées, 0 jamais traitées sur la fenêtre ; ATT(g,t) identifiés jusqu'en 2017 (sans unité jamais traitée, la dernière cohorte sert de contrôle) ; grappes = dep (96)",event,0,96,0,0,1998,2024,1998.0,2017.0,96.0,4.0,reg,1.0,2.0,,
h5,H5,H5c,log(naissances / 1 000 f. 25-39),"département, bascule D3 ≥ 50 %",cs,"ATT[1,4]",0.017821231989954243,0.011326234587132498,-0.004377779881277341,0.04002024386118583,0.1156153072968515,96,2592,False,"H5c sur la spécification H2b (même estimation, répétée ici) ; contrôle = not_yet_treated ; fenêtre 1998-2024 ; 96 traitées, 0 jamais traitées sur la fenêtre ; ATT(g,t) identifiés jusqu'en 2017 (sans unité jamais traitée, la dernière cohorte sert de contrôle) ; grappes = dep (96) ; écart-type avec covariance complète des coefficients (fonctions d'influence)",post_avg,0,96,0,0,1998,2024,1998.0,2017.0,96.0,4.0,reg,,,4.0,
h5,H5,H5c,log(naissances / 1 000 f. 25-39),"département, bascule D3 ≥ 50 %",cs,ATT,0.010822510654041271,0.0077186609572780516,-0.004305786831099166,0.025950808139181707,0.1608785742504173,96,2592,False,"H5c sur la spécification H2b (même estimation, répétée ici) ; contrôle = not_yet_treated ; fenêtre 1998-2024 ; 96 traitées, 0 jamais traitées sur la fenêtre ; ATT(g,t) identifiés jusqu'en 2017 (sans unité jamais traitée, la dernière cohorte sert de contrôle) ; grappes = dep (96) ; moyenne de tous les ATT(g,t) post",simple,0,96,0,0,1998,2024,1998.0,2017.0,96.0,4.0,reg,,,,
h5,H5,H5c,log(naissances / 1 000 f. 25-39),"département, bascule D3 ≥ 50 %",cs,Wald pré (-8..-2),21.071508739390193,,,,0.0036657429461866295,96,2592,False,"H5c : test de Wald joint de nullité des coefficients pré avec covariance des fonctions d'influence, df = 7 ; fenêtre 1998-2024 ; 96 traitées, 0 jamais traitées sur la fenêtre",pre_test,0,96,0,0,1998,2024,1998.0,2017.0,96.0,4.0,reg,,,,7.0
