part,family,hypothesis,outcome,sample,estimator,term,estimate,se,ci_low,ci_high,p,n_units,n_obs,exploratory,notes,aggregation,n_never,n_treated,n_late_recoded,n_unbalanced,year_min,year_max,years_model_min,years_model_max,n_clusters,k_post,est_method,n_cohorts,n_units_rel,cband_low,cband_high,k_periods,df,p_holm
h2,H2,H2b,"log(naissances+0,5 / 1 000 f. 25-39)","unités avec covariables, bascule 4G",cs,-8,7.443456323103689,0.5042178700229932,6.455207457497124,8.431705188710254,2.560780122841652e-49,722,11552,False,"test primaire du papier (Espagne) ; covariables : log_pop, share_women_1549, share_foreign, pretrend_pre (doublement robuste) ; contrôle = not_yet_treated ; fenêtre 2007-2022 ; 722 traitées, 0 jamais traitées sur la fenêtre ; ATT(g,t) identifiés jusqu'en 2015 (sans unité jamais traitée, la dernière cohorte sert de contrôle) ; bandes simultanées sup-t (bootstrap multiplicateur Rademacher, 999 tirages, valeur critique 2.75)",event,0.0,722.0,0.0,0.0,2007.0,2022.0,2007.0,2015.0,722.0,1.0,dr,1.0,156.0,6.0579044168549565,8.829008229352421,,,
h2,H2,H2b,"log(naissances+0,5 / 1 000 f. 25-39)","unités avec covariables, bascule 4G",cs,-7,-0.051728103120503716,0.07936087833940449,-0.2072725664472014,0.10381636020619397,0.5145246521169043,722,11552,False,"test primaire du papier (Espagne) ; covariables : log_pop, share_women_1549, share_foreign, pretrend_pre (doublement robuste) ; contrôle = not_yet_treated ; fenêtre 2007-2022 ; 722 traitées, 0 jamais traitées sur la fenêtre ; ATT(g,t) identifiés jusqu'en 2015 (sans unité jamais traitée, la dernière cohorte sert de contrôle) ; bandes simultanées sup-t (bootstrap multiplicateur Rademacher, 999 tirages, valeur critique 2.75)",event,0.0,722.0,0.0,0.0,2007.0,2022.0,2007.0,2015.0,722.0,1.0,dr,2.0,544.0,-0.26980568981873254,0.16634948357772514,,,
h2,H2,H2b,"log(naissances+0,5 / 1 000 f. 25-39)","unités avec covariables, bascule 4G",cs,-6,0.12759631850961808,0.030214688980614426,0.06837661630353456,0.1868160207157016,2.410829067434563e-05,722,11552,False,"test primaire du papier (Espagne) ; covariables : log_pop, share_women_1549, share_foreign, pretrend_pre (doublement robuste) ; contrôle = not_yet_treated ; fenêtre 2007-2022 ; 722 traitées, 0 jamais traitées sur la fenêtre ; ATT(g,t) identifiés jusqu'en 2015 (sans unité jamais traitée, la dernière cohorte sert de contrôle) ; bandes simultanées sup-t (bootstrap multiplicateur Rademacher, 999 tirages, valeur critique 2.75)",event,0.0,722.0,0.0,0.0,2007.0,2022.0,2007.0,2015.0,722.0,1.0,dr,3.0,719.0,0.04456867827169117,0.210623958747545,,,
h2,H2,H2b,"log(naissances+0,5 / 1 000 f. 25-39)","unités avec covariables, bascule 4G",cs,-5,-0.006007782367354317,0.012423013178273615,-0.030356440776237073,0.01834087604152844,0.6286690208674797,722,11552,False,"test primaire du papier (Espagne) ; covariables : log_pop, share_women_1549, share_foreign, pretrend_pre (doublement robuste) ; contrôle = not_yet_treated ; fenêtre 2007-2022 ; 722 traitées, 0 jamais traitées sur la fenêtre ; ATT(g,t) identifiés jusqu'en 2015 (sans unité jamais traitée, la dernière cohorte sert de contrôle) ; bandes simultanées sup-t (bootstrap multiplicateur Rademacher, 999 tirages, valeur critique 2.75)",event,0.0,722.0,0.0,0.0,2007.0,2022.0,2007.0,2015.0,722.0,1.0,dr,3.0,719.0,-0.04014526660551746,0.028129701870808828,,,
h2,H2,H2b,"log(naissances+0,5 / 1 000 f. 25-39)","unités avec covariables, bascule 4G",cs,-4,0.03682896441468683,0.013806945760590604,0.009767847987431265,0.06389008084194239,0.007643540620486305,722,11552,False,"test primaire du papier (Espagne) ; covariables : log_pop, share_women_1549, share_foreign, pretrend_pre (doublement robuste) ; contrôle = not_yet_treated ; fenêtre 2007-2022 ; 722 traitées, 0 jamais traitées sur la fenêtre ; ATT(g,t) identifiés jusqu'en 2015 (sans unité jamais traitée, la dernière cohorte sert de contrôle) ; bandes simultanées sup-t (bootstrap multiplicateur Rademacher, 999 tirages, valeur critique 2.75)",event,0.0,722.0,0.0,0.0,2007.0,2022.0,2007.0,2015.0,722.0,1.0,dr,3.0,719.0,-0.0011114600633008037,0.07476938889267447,,,
h2,H2,H2b,"log(naissances+0,5 / 1 000 f. 25-39)","unités avec covariables, bascule 4G",cs,-3,0.035479864101276126,0.011863272811202768,0.012228276652545462,0.058731451550006794,0.00278310053507996,722,11552,False,"test primaire du papier (Espagne) ; covariables : log_pop, share_women_1549, share_foreign, pretrend_pre (doublement robuste) ; contrôle = not_yet_treated ; fenêtre 2007-2022 ; 722 traitées, 0 jamais traitées sur la fenêtre ; ATT(g,t) identifiés jusqu'en 2015 (sans unité jamais traitée, la dernière cohorte sert de contrôle) ; bandes simultanées sup-t (bootstrap multiplicateur Rademacher, 999 tirages, valeur critique 2.75)",event,0.0,722.0,0.0,0.0,2007.0,2022.0,2007.0,2015.0,722.0,1.0,dr,3.0,719.0,0.0028805033186819207,0.06807922488387033,,,
h2,H2,H2b,"log(naissances+0,5 / 1 000 f. 25-39)","unités avec covariables, bascule 4G",cs,-2,-0.062384900848204285,0.01522205214470247,-0.09221957482261181,-0.03255022687379676,4.161525840463323e-05,722,11552,False,"test primaire du papier (Espagne) ; covariables : log_pop, share_women_1549, share_foreign, pretrend_pre (doublement robuste) ; contrôle = not_yet_treated ; fenêtre 2007-2022 ; 722 traitées, 0 jamais traitées sur la fenêtre ; ATT(g,t) identifiés jusqu'en 2015 (sans unité jamais traitée, la dernière cohorte sert de contrôle) ; bandes simultanées sup-t (bootstrap multiplicateur Rademacher, 999 tirages, valeur critique 2.75)",event,0.0,722.0,0.0,0.0,2007.0,2022.0,2007.0,2015.0,722.0,1.0,dr,3.0,719.0,-0.10421392877446228,-0.020555872921946293,,,
h2,H2,H2b,"log(naissances+0,5 / 1 000 f. 25-39)","unités avec covariables, bascule 4G",cs,0,0.0639324779137306,0.015570407247660518,0.033415040483694564,0.09444991534376665,4.025263277573566e-05,722,11552,False,"test primaire du papier (Espagne) ; covariables : log_pop, share_women_1549, share_foreign, pretrend_pre (doublement robuste) ; contrôle = not_yet_treated ; fenêtre 2007-2022 ; 722 traitées, 0 jamais traitées sur la fenêtre ; ATT(g,t) identifiés jusqu'en 2015 (sans unité jamais traitée, la dernière cohorte sert de contrôle) ; bandes simultanées sup-t (bootstrap multiplicateur Rademacher, 999 tirages, valeur critique 2.75)",event,0.0,722.0,0.0,0.0,2007.0,2022.0,2007.0,2015.0,722.0,1.0,dr,3.0,719.0,0.021146196971166417,0.1067187588562948,,,
h2,H2,H2b,"log(naissances+0,5 / 1 000 f. 25-39)","unités avec covariables, bascule 4G",cs,1,0.36540554828591165,0.03492435685983511,0.29695506665741045,0.43385602991441286,1.280549035263674e-25,722,11552,False,"test primaire du papier (Espagne) ; covariables : log_pop, share_women_1549, share_foreign, pretrend_pre (doublement robuste) ; contrôle = not_yet_treated ; fenêtre 2007-2022 ; 722 traitées, 0 jamais traitées sur la fenêtre ; ATT(g,t) identifiés jusqu'en 2015 (sans unité jamais traitée, la dernière cohorte sert de contrôle) ; bandes simultanées sup-t (bootstrap multiplicateur Rademacher, 999 tirages, valeur critique 2.75)",event,0.0,722.0,0.0,0.0,2007.0,2022.0,2007.0,2015.0,722.0,1.0,dr,2.0,563.0,0.26943610313425753,0.4613749934375658,,,
h2,H2,H2b,"log(naissances+0,5 / 1 000 f. 25-39)","unités avec covariables, bascule 4G",cs,"ATT[1,1]",0.36540554828591165,0.03492435685983511,0.29695506665741045,0.43385602991441286,1.280549035263674e-25,722,11552,False,"test primaire du papier (Espagne) ; covariables : log_pop, share_women_1549, share_foreign, pretrend_pre (doublement robuste) ; contrôle = not_yet_treated ; fenêtre 2007-2022 ; 722 traitées, 0 jamais traitées sur la fenêtre ; ATT(g,t) identifiés jusqu'en 2015 (sans unité jamais traitée, la dernière cohorte sert de contrôle) ; bandes simultanées sup-t (bootstrap multiplicateur Rademacher, 999 tirages, valeur critique 2.75) ; écart-type avec covariance complète des coefficients (fonctions d'influence)",post_avg,0.0,722.0,0.0,0.0,2007.0,2022.0,2007.0,2015.0,722.0,1.0,dr,,,,,1.0,,
h2,H2,H2b,"log(naissances+0,5 / 1 000 f. 25-39)","unités avec covariables, bascule 4G",cs,ATT,0.19632665780416578,0.0185690762462952,0.15993193713524897,0.23272137847308258,3.985262833503187e-26,722,11552,False,"test primaire du papier (Espagne) ; covariables : log_pop, share_women_1549, share_foreign, pretrend_pre (doublement robuste) ; contrôle = not_yet_treated ; fenêtre 2007-2022 ; 722 traitées, 0 jamais traitées sur la fenêtre ; ATT(g,t) identifiés jusqu'en 2015 (sans unité jamais traitée, la dernière cohorte sert de contrôle) ; bandes simultanées sup-t (bootstrap multiplicateur Rademacher, 999 tirages, valeur critique 2.75) ; moyenne de tous les ATT(g,t) post",simple,0.0,722.0,0.0,0.0,2007.0,2022.0,2007.0,2015.0,722.0,1.0,dr,,,,,,,
h2,H2,H2b,"log(naissances+0,5 / 1 000 f. 25-39)","unités avec covariables, bascule 4G",cs,Wald pré (-8..-2),277.460638458797,,,,3.9073301575649453e-56,722,11552,False,"H5c : test de Wald joint de nullité des coefficients pré avec covariance des fonctions d'influence, df = 7 ; fenêtre 2007-2022 ; 722 traitées, 0 jamais traitées sur la fenêtre",pre_test,0.0,722.0,0.0,0.0,2007.0,2022.0,2007.0,2015.0,722.0,1.0,dr,,,,,,7.0,
h2,H2,H2b,"log(naissances+0,5 / 1 000 f. 25-39)","unités avec covariables, bascule 4G",cs,"ATT[1,1]",0.36540554828591165,0.18365415355399908,0.005450018869601392,0.7253610777022219,0.046630667617056705,722,11552,False,"écart-type par bootstrap par grappes stratifié par cohorte (50 tirages, grappe = unit) ; quantiles [-0.1945, +0.3982] ; fenêtre 2007-2022 ; 722 traitées, 0 jamais traitées sur la fenêtre",post_avg_boot,0.0,722.0,0.0,0.0,2007.0,2022.0,2007.0,2015.0,722.0,1.0,dr,,,,,,,
h2,H2,H2b,"log(naissances+0,5 / 1 000 f. 25-39)","unités avec covariables, bascule 4G ; agrégation à composition constante",cs,"ATT[1,5] (composition constante)",,,,,,722,11552,False,"non calculable : aucune cohorte n'est observée jusqu'à +5 parmi les ATT(g,t) identifiés (dernière année identifiée 2015)",post_avg_balanced,0.0,722.0,0.0,0.0,2007.0,2022.0,2007.0,2015.0,722.0,1.0,dr,,,,,,,
h2,H2,H2b,"log(naissances+0,5 / 1 000 f. 25-39)","unités avec covariables, bascule 4G ; fenêtre identifiée ≤ 2015, cohorte 2016 = contrôle",sunab,-8,1.6952545508398447,1.3853253148534563,-1.0199331731445405,4.41044227482423,0.2210567127384293,722,11552,False,"test primaire du papier (Espagne) ; fenêtre 2007-2022 ; 722 traitées, 0 jamais traitées sur la fenêtre ; covariables invariantes dans le temps absorbées par les effets fixes unité : log_pop, share_women_1549, share_foreign, pretrend_pre ; comparaisons sur la fenêtre identifiée (années < 2016, cohorte 2016 recodée contrôle, 3 unités de contrôle) ; cellules −8 et +8 bornées",event,0.0,722.0,0.0,0.0,2007.0,2022.0,,,,,,,,,,,,
h2,H2,H2b,"log(naissances+0,5 / 1 000 f. 25-39)","unités avec covariables, bascule 4G ; fenêtre identifiée ≤ 2015, cohorte 2016 = contrôle",sunab,-7,1.2829797716488156,0.9610146270463786,-0.6005742859782786,3.1665338292759095,0.18186774909864933,722,11552,False,"test primaire du papier (Espagne) ; fenêtre 2007-2022 ; 722 traitées, 0 jamais traitées sur la fenêtre ; covariables invariantes dans le temps absorbées par les effets fixes unité : log_pop, share_women_1549, share_foreign, pretrend_pre ; comparaisons sur la fenêtre identifiée (années < 2016, cohorte 2016 recodée contrôle, 3 unités de contrôle) ; cellules −8 et +8 bornées",event,0.0,722.0,0.0,0.0,2007.0,2022.0,,,,,,,,,,,,
h2,H2,H2b,"log(naissances+0,5 / 1 000 f. 25-39)","unités avec covariables, bascule 4G ; fenêtre identifiée ≤ 2015, cohorte 2016 = contrôle",sunab,-6,0.45862642929938147,0.28792255961807556,-0.10569141788863312,1.022944276487396,0.11118684685437374,722,11552,False,"test primaire du papier (Espagne) ; fenêtre 2007-2022 ; 722 traitées, 0 jamais traitées sur la fenêtre ; covariables invariantes dans le temps absorbées par les effets fixes unité : log_pop, share_women_1549, share_foreign, pretrend_pre ; comparaisons sur la fenêtre identifiée (années < 2016, cohorte 2016 recodée contrôle, 3 unités de contrôle) ; cellules −8 et +8 bornées",event,0.0,722.0,0.0,0.0,2007.0,2022.0,,,,,,,,,,,,
h2,H2,H2b,"log(naissances+0,5 / 1 000 f. 25-39)","unités avec covariables, bascule 4G ; fenêtre identifiée ≤ 2015, cohorte 2016 = contrôle",sunab,-5,0.05660110320537145,0.10014900713587292,-0.13968734386838436,0.25288955027912724,0.5719588947022409,722,11552,False,"test primaire du papier (Espagne) ; fenêtre 2007-2022 ; 722 traitées, 0 jamais traitées sur la fenêtre ; covariables invariantes dans le temps absorbées par les effets fixes unité : log_pop, share_women_1549, share_foreign, pretrend_pre ; comparaisons sur la fenêtre identifiée (années < 2016, cohorte 2016 recodée contrôle, 3 unités de contrôle) ; cellules −8 et +8 bornées",event,0.0,722.0,0.0,0.0,2007.0,2022.0,,,,,,,,,,,,
h2,H2,H2b,"log(naissances+0,5 / 1 000 f. 25-39)","unités avec covariables, bascule 4G ; fenêtre identifiée ≤ 2015, cohorte 2016 = contrôle",sunab,-4,0.04634845262505309,0.06897513951202572,-0.08884033664714296,0.18153724189724912,0.5016099194130175,722,11552,False,"test primaire du papier (Espagne) ; fenêtre 2007-2022 ; 722 traitées, 0 jamais traitées sur la fenêtre ; covariables invariantes dans le temps absorbées par les effets fixes unité : log_pop, share_women_1549, share_foreign, pretrend_pre ; comparaisons sur la fenêtre identifiée (années < 2016, cohorte 2016 recodée contrôle, 3 unités de contrôle) ; cellules −8 et +8 bornées",event,0.0,722.0,0.0,0.0,2007.0,2022.0,,,,,,,,,,,,
h2,H2,H2b,"log(naissances+0,5 / 1 000 f. 25-39)","unités avec covariables, bascule 4G ; fenêtre identifiée ≤ 2015, cohorte 2016 = contrôle",sunab,-3,-0.00911723682972581,0.030825162060865916,-0.06953344428663347,0.051298970627181854,0.7674037864256923,722,11552,False,"test primaire du papier (Espagne) ; fenêtre 2007-2022 ; 722 traitées, 0 jamais traitées sur la fenêtre ; covariables invariantes dans le temps absorbées par les effets fixes unité : log_pop, share_women_1549, share_foreign, pretrend_pre ; comparaisons sur la fenêtre identifiée (années < 2016, cohorte 2016 recodée contrôle, 3 unités de contrôle) ; cellules −8 et +8 bornées",event,0.0,722.0,0.0,0.0,2007.0,2022.0,,,,,,,,,,,,
h2,H2,H2b,"log(naissances+0,5 / 1 000 f. 25-39)","unités avec covariables, bascule 4G ; fenêtre identifiée ≤ 2015, cohorte 2016 = contrôle",sunab,-2,-0.015649240386458336,0.016055304183091437,-0.04711705834615283,0.015818577573236157,0.3297049085198386,722,11552,False,"test primaire du papier (Espagne) ; fenêtre 2007-2022 ; 722 traitées, 0 jamais traitées sur la fenêtre ; covariables invariantes dans le temps absorbées par les effets fixes unité : log_pop, share_women_1549, share_foreign, pretrend_pre ; comparaisons sur la fenêtre identifiée (années < 2016, cohorte 2016 recodée contrôle, 3 unités de contrôle) ; cellules −8 et +8 bornées",event,0.0,722.0,0.0,0.0,2007.0,2022.0,,,,,,,,,,,,
h2,H2,H2b,"log(naissances+0,5 / 1 000 f. 25-39)","unités avec covariables, bascule 4G ; fenêtre identifiée ≤ 2015, cohorte 2016 = contrôle",sunab,0,0.045782180527367926,0.014187254200985466,0.017975673253921833,0.07358868780081401,0.0012509819598904934,722,11552,False,"test primaire du papier (Espagne) ; fenêtre 2007-2022 ; 722 traitées, 0 jamais traitées sur la fenêtre ; covariables invariantes dans le temps absorbées par les effets fixes unité : log_pop, share_women_1549, share_foreign, pretrend_pre ; comparaisons sur la fenêtre identifiée (années < 2016, cohorte 2016 recodée contrôle, 3 unités de contrôle) ; cellules −8 et +8 bornées",event,0.0,722.0,0.0,0.0,2007.0,2022.0,,,,,,,,,,,,
h2,H2,H2b,"log(naissances+0,5 / 1 000 f. 25-39)","unités avec covariables, bascule 4G ; fenêtre identifiée ≤ 2015, cohorte 2016 = contrôle",sunab,1,0.10549161006383832,0.04036311305405984,0.02638136217396253,0.18460185795371412,0.008960309963232332,722,11552,False,"test primaire du papier (Espagne) ; fenêtre 2007-2022 ; 722 traitées, 0 jamais traitées sur la fenêtre ; covariables invariantes dans le temps absorbées par les effets fixes unité : log_pop, share_women_1549, share_foreign, pretrend_pre ; comparaisons sur la fenêtre identifiée (années < 2016, cohorte 2016 recodée contrôle, 3 unités de contrôle) ; cellules −8 et +8 bornées",event,0.0,722.0,0.0,0.0,2007.0,2022.0,,,,,,,,,,,,
h2,H2,H2b,"log(naissances+0,5 / 1 000 f. 25-39)","unités avec covariables, bascule 4G ; fenêtre identifiée ≤ 2015, cohorte 2016 = contrôle",sunab,2,0.08721907311470745,0.03446614031560211,0.019666679410023327,0.15477146681939158,0.011387648905808118,722,11552,False,"test primaire du papier (Espagne) ; fenêtre 2007-2022 ; 722 traitées, 0 jamais traitées sur la fenêtre ; covariables invariantes dans le temps absorbées par les effets fixes unité : log_pop, share_women_1549, share_foreign, pretrend_pre ; comparaisons sur la fenêtre identifiée (années < 2016, cohorte 2016 recodée contrôle, 3 unités de contrôle) ; cellules −8 et +8 bornées",event,0.0,722.0,0.0,0.0,2007.0,2022.0,,,,,,,,,,,,
h2,H2,H2b,"log(naissances+0,5 / 1 000 f. 25-39)","unités avec covariables, bascule 4G ; fenêtre identifiée ≤ 2015, cohorte 2016 = contrôle",sunab,"ATT[1,2]",0.09635534158927289,0.03626561317137073,0.025276045896124852,0.16743463728242092,0.00788548732143463,722,11552,False,"test primaire du papier (Espagne) ; fenêtre 2007-2022 ; 722 traitées, 0 jamais traitées sur la fenêtre ; covariables invariantes dans le temps absorbées par les effets fixes unité : log_pop, share_women_1549, share_foreign, pretrend_pre ; comparaisons sur la fenêtre identifiée (années < 2016, cohorte 2016 recodée contrôle, 3 unités de contrôle) ; écart-type avec covariance complète (w'Vw)",post_avg,0.0,722.0,0.0,0.0,2007.0,2022.0,,,,,,,,,,,,
h2,H2,H2b,"log(naissances+0,5 / 1 000 f. 25-39)","unités avec covariables, bascule 4G ; fenêtre identifiée ≤ 2015, cohorte 2016 = contrôle",sunab,Wald pré (-8..−2),373.96533243002483,,,,9.082412847088952e-77,722,11552,False,"test de Wald joint, covariance groupée, df = 7 ; fenêtre 2007-2022 ; 722 traitées, 0 jamais traitées sur la fenêtre",pre_test,0.0,722.0,0.0,0.0,2007.0,2022.0,,,,,,,,,,,7.0,
h2,H2,H2b,"log(naissances+0,5 / 1 000 f. 25-39)","unités avec covariables, bascule 4G ; fenêtre identifiée ≤ 2015, cohorte 2016 = contrôle",did2s,-8,-0.016089637543916614,0.054833238421067056,-0.12356081000490597,0.09138153491707275,0.7691946069735489,722,11552,False,"test primaire du papier (Espagne) ; fenêtre 2007-2022 ; 722 traitées, 0 jamais traitées sur la fenêtre ; covariables invariantes dans le temps absorbées par les effets fixes unité : log_pop, share_women_1549, share_foreign, pretrend_pre ; comparaisons sur la fenêtre identifiée (années < 2016, cohorte 2016 recodée contrôle, 3 unités de contrôle) ; cellules −8 et +8 bornées",event,0.0,722.0,0.0,0.0,2007.0,2022.0,,,,,,,,,,,,
h2,H2,H2b,"log(naissances+0,5 / 1 000 f. 25-39)","unités avec covariables, bascule 4G ; fenêtre identifiée ≤ 2015, cohorte 2016 = contrôle",did2s,-7,0.007091253898722144,0.019173069766383912,-0.030487272316464115,0.0446697801139084,0.711490603030554,722,11552,False,"test primaire du papier (Espagne) ; fenêtre 2007-2022 ; 722 traitées, 0 jamais traitées sur la fenêtre ; covariables invariantes dans le temps absorbées par les effets fixes unité : log_pop, share_women_1549, share_foreign, pretrend_pre ; comparaisons sur la fenêtre identifiée (années < 2016, cohorte 2016 recodée contrôle, 3 unités de contrôle) ; cellules −8 et +8 bornées",event,0.0,722.0,0.0,0.0,2007.0,2022.0,,,,,,,,,,,,
h2,H2,H2b,"log(naissances+0,5 / 1 000 f. 25-39)","unités avec covariables, bascule 4G ; fenêtre identifiée ≤ 2015, cohorte 2016 = contrôle",did2s,-6,-0.0007792217304784832,0.016179599259491,-0.03249065356337177,0.030932210102414804,0.9615881261293242,722,11552,False,"test primaire du papier (Espagne) ; fenêtre 2007-2022 ; 722 traitées, 0 jamais traitées sur la fenêtre ; covariables invariantes dans le temps absorbées par les effets fixes unité : log_pop, share_women_1549, share_foreign, pretrend_pre ; comparaisons sur la fenêtre identifiée (années < 2016, cohorte 2016 recodée contrôle, 3 unités de contrôle) ; cellules −8 et +8 bornées",event,0.0,722.0,0.0,0.0,2007.0,2022.0,,,,,,,,,,,,
h2,H2,H2b,"log(naissances+0,5 / 1 000 f. 25-39)","unités avec covariables, bascule 4G ; fenêtre identifiée ≤ 2015, cohorte 2016 = contrôle",did2s,-5,0.003710476091545672,0.007959206994995914,-0.01188928296414559,0.019310235147236933,0.641081900155074,722,11552,False,"test primaire du papier (Espagne) ; fenêtre 2007-2022 ; 722 traitées, 0 jamais traitées sur la fenêtre ; covariables invariantes dans le temps absorbées par les effets fixes unité : log_pop, share_women_1549, share_foreign, pretrend_pre ; comparaisons sur la fenêtre identifiée (années < 2016, cohorte 2016 recodée contrôle, 3 unités de contrôle) ; cellules −8 et +8 bornées",event,0.0,722.0,0.0,0.0,2007.0,2022.0,,,,,,,,,,,,
h2,H2,H2b,"log(naissances+0,5 / 1 000 f. 25-39)","unités avec covariables, bascule 4G ; fenêtre identifiée ≤ 2015, cohorte 2016 = contrôle",did2s,-4,0.0009971580042354771,0.0023671579609814233,-0.003642386345005383,0.005636702353476337,0.6735747845116375,722,11552,False,"test primaire du papier (Espagne) ; fenêtre 2007-2022 ; 722 traitées, 0 jamais traitées sur la fenêtre ; covariables invariantes dans le temps absorbées par les effets fixes unité : log_pop, share_women_1549, share_foreign, pretrend_pre ; comparaisons sur la fenêtre identifiée (années < 2016, cohorte 2016 recodée contrôle, 3 unités de contrôle) ; cellules −8 et +8 bornées",event,0.0,722.0,0.0,0.0,2007.0,2022.0,,,,,,,,,,,,
h2,H2,H2b,"log(naissances+0,5 / 1 000 f. 25-39)","unités avec covariables, bascule 4G ; fenêtre identifiée ≤ 2015, cohorte 2016 = contrôle",did2s,-3,0.00347992787157643,0.0024462289683183924,-0.0013145928042661926,0.008274448547419051,0.15486132865958277,722,11552,False,"test primaire du papier (Espagne) ; fenêtre 2007-2022 ; 722 traitées, 0 jamais traitées sur la fenêtre ; covariables invariantes dans le temps absorbées par les effets fixes unité : log_pop, share_women_1549, share_foreign, pretrend_pre ; comparaisons sur la fenêtre identifiée (années < 2016, cohorte 2016 recodée contrôle, 3 unités de contrôle) ; cellules −8 et +8 bornées",event,0.0,722.0,0.0,0.0,2007.0,2022.0,,,,,,,,,,,,
h2,H2,H2b,"log(naissances+0,5 / 1 000 f. 25-39)","unités avec covariables, bascule 4G ; fenêtre identifiée ≤ 2015, cohorte 2016 = contrôle",did2s,-2,-0.002615990259240405,0.0030264561574977955,-0.008547735328725565,0.003315754810244755,0.3873824265479313,722,11552,False,"test primaire du papier (Espagne) ; fenêtre 2007-2022 ; 722 traitées, 0 jamais traitées sur la fenêtre ; covariables invariantes dans le temps absorbées par les effets fixes unité : log_pop, share_women_1549, share_foreign, pretrend_pre ; comparaisons sur la fenêtre identifiée (années < 2016, cohorte 2016 recodée contrôle, 3 unités de contrôle) ; cellules −8 et +8 bornées",event,0.0,722.0,0.0,0.0,2007.0,2022.0,,,,,,,,,,,,
h2,H2,H2b,"log(naissances+0,5 / 1 000 f. 25-39)","unités avec covariables, bascule 4G ; fenêtre identifiée ≤ 2015, cohorte 2016 = contrôle",did2s,0,-0.03498072457131988,0.04079304028349427,-0.11493361434686025,0.04497216520422049,0.3911592366315645,722,11552,False,"test primaire du papier (Espagne) ; fenêtre 2007-2022 ; 722 traitées, 0 jamais traitées sur la fenêtre ; covariables invariantes dans le temps absorbées par les effets fixes unité : log_pop, share_women_1549, share_foreign, pretrend_pre ; comparaisons sur la fenêtre identifiée (années < 2016, cohorte 2016 recodée contrôle, 3 unités de contrôle) ; cellules −8 et +8 bornées",event,0.0,722.0,0.0,0.0,2007.0,2022.0,,,,,,,,,,,,
h2,H2,H2b,"log(naissances+0,5 / 1 000 f. 25-39)","unités avec covariables, bascule 4G ; fenêtre identifiée ≤ 2015, cohorte 2016 = contrôle",did2s,1,-0.0958952962887881,0.12105134089378074,-0.333151564720879,0.1413609721433028,0.4282516586031415,722,11552,False,"test primaire du papier (Espagne) ; fenêtre 2007-2022 ; 722 traitées, 0 jamais traitées sur la fenêtre ; covariables invariantes dans le temps absorbées par les effets fixes unité : log_pop, share_women_1549, share_foreign, pretrend_pre ; comparaisons sur la fenêtre identifiée (années < 2016, cohorte 2016 recodée contrôle, 3 unités de contrôle) ; cellules −8 et +8 bornées",event,0.0,722.0,0.0,0.0,2007.0,2022.0,,,,,,,,,,,,
h2,H2,H2b,"log(naissances+0,5 / 1 000 f. 25-39)","unités avec covariables, bascule 4G ; fenêtre identifiée ≤ 2015, cohorte 2016 = contrôle",did2s,2,-0.14218127541472694,0.1743180641453489,-0.48383840299435366,0.1994758521648998,0.41470445795570665,722,11552,False,"test primaire du papier (Espagne) ; fenêtre 2007-2022 ; 722 traitées, 0 jamais traitées sur la fenêtre ; covariables invariantes dans le temps absorbées par les effets fixes unité : log_pop, share_women_1549, share_foreign, pretrend_pre ; comparaisons sur la fenêtre identifiée (années < 2016, cohorte 2016 recodée contrôle, 3 unités de contrôle) ; cellules −8 et +8 bornées",event,0.0,722.0,0.0,0.0,2007.0,2022.0,,,,,,,,,,,,
h2,H2,H2b,"log(naissances+0,5 / 1 000 f. 25-39)","unités avec covariables, bascule 4G ; fenêtre identifiée ≤ 2015, cohorte 2016 = contrôle",did2s,"ATT[1,2]",-0.11903828585175752,0.14751940966521565,-0.40817101581619014,0.1700944441126751,0.4197050615015041,722,11552,False,"test primaire du papier (Espagne) ; fenêtre 2007-2022 ; 722 traitées, 0 jamais traitées sur la fenêtre ; covariables invariantes dans le temps absorbées par les effets fixes unité : log_pop, share_women_1549, share_foreign, pretrend_pre ; comparaisons sur la fenêtre identifiée (années < 2016, cohorte 2016 recodée contrôle, 3 unités de contrôle) ; écart-type avec covariance complète (w'Vw)",post_avg,0.0,722.0,0.0,0.0,2007.0,2022.0,,,,,,,,,,,,
h2,H2,H2b,"log(naissances+0,5 / 1 000 f. 25-39)","unités avec covariables, bascule 4G ; fenêtre identifiée ≤ 2015, cohorte 2016 = contrôle",did2s,Wald pré (-8..−2),8.705454351676977,,,,0.27450059493036627,722,11552,False,"test de Wald joint, covariance groupée, df = 7 ; fenêtre 2007-2022 ; 722 traitées, 0 jamais traitées sur la fenêtre",pre_test,0.0,722.0,0.0,0.0,2007.0,2022.0,,,,,,,,,,,7.0,
h2,H2,H2b,"log(naissances+0,5 / 1 000 f. 25-39)","unités avec covariables, bascule 4G ; fenêtre identifiée ≤ 2015, cohorte 2016 = contrôle",twfe,-8,0.7705547061124641,0.6241668046923553,-0.4527897514299982,1.9938991636549264,0.21700424548123698,722,11552,False,"test primaire du papier (Espagne) ; fenêtre 2007-2022 ; 722 traitées, 0 jamais traitées sur la fenêtre ; covariables invariantes dans le temps absorbées par les effets fixes unité : log_pop, share_women_1549, share_foreign, pretrend_pre ; comparaisons sur la fenêtre identifiée (années < 2016, cohorte 2016 recodée contrôle, 3 unités de contrôle) ; cellules −8 et +8 bornées",event,0.0,722.0,0.0,0.0,2007.0,2022.0,,,,,,,,,,,,
h2,H2,H2b,"log(naissances+0,5 / 1 000 f. 25-39)","unités avec covariables, bascule 4G ; fenêtre identifiée ≤ 2015, cohorte 2016 = contrôle",twfe,-7,0.686220375667868,0.528777639357936,-0.35016475330379593,1.7226055046395319,0.1943737799326818,722,11552,False,"test primaire du papier (Espagne) ; fenêtre 2007-2022 ; 722 traitées, 0 jamais traitées sur la fenêtre ; covariables invariantes dans le temps absorbées par les effets fixes unité : log_pop, share_women_1549, share_foreign, pretrend_pre ; comparaisons sur la fenêtre identifiée (années < 2016, cohorte 2016 recodée contrôle, 3 unités de contrôle) ; cellules −8 et +8 bornées",event,0.0,722.0,0.0,0.0,2007.0,2022.0,,,,,,,,,,,,
h2,H2,H2b,"log(naissances+0,5 / 1 000 f. 25-39)","unités avec covariables, bascule 4G ; fenêtre identifiée ≤ 2015, cohorte 2016 = contrôle",twfe,-6,0.5701969991808123,0.43510136990232257,-0.28258601545177975,1.4229800138134046,0.19002934412058525,722,11552,False,"test primaire du papier (Espagne) ; fenêtre 2007-2022 ; 722 traitées, 0 jamais traitées sur la fenêtre ; covariables invariantes dans le temps absorbées par les effets fixes unité : log_pop, share_women_1549, share_foreign, pretrend_pre ; comparaisons sur la fenêtre identifiée (années < 2016, cohorte 2016 recodée contrôle, 3 unités de contrôle) ; cellules −8 et +8 bornées",event,0.0,722.0,0.0,0.0,2007.0,2022.0,,,,,,,,,,,,
h2,H2,H2b,"log(naissances+0,5 / 1 000 f. 25-39)","unités avec covariables, bascule 4G ; fenêtre identifiée ≤ 2015, cohorte 2016 = contrôle",twfe,-5,0.46642684807367263,0.34326827507653085,-0.20636660811151608,1.1392203042588613,0.1742155913251896,722,11552,False,"test primaire du papier (Espagne) ; fenêtre 2007-2022 ; 722 traitées, 0 jamais traitées sur la fenêtre ; covariables invariantes dans le temps absorbées par les effets fixes unité : log_pop, share_women_1549, share_foreign, pretrend_pre ; comparaisons sur la fenêtre identifiée (années < 2016, cohorte 2016 recodée contrôle, 3 unités de contrôle) ; cellules −8 et +8 bornées",event,0.0,722.0,0.0,0.0,2007.0,2022.0,,,,,,,,,,,,
h2,H2,H2b,"log(naissances+0,5 / 1 000 f. 25-39)","unités avec covariables, bascule 4G ; fenêtre identifiée ≤ 2015, cohorte 2016 = contrôle",twfe,-4,0.35267703056748956,0.25492144393984434,-0.14695981844155176,0.8523138795765308,0.1665197654801288,722,11552,False,"test primaire du papier (Espagne) ; fenêtre 2007-2022 ; 722 traitées, 0 jamais traitées sur la fenêtre ; covariables invariantes dans le temps absorbées par les effets fixes unité : log_pop, share_women_1549, share_foreign, pretrend_pre ; comparaisons sur la fenêtre identifiée (années < 2016, cohorte 2016 recodée contrôle, 3 unités de contrôle) ; cellules −8 et +8 bornées",event,0.0,722.0,0.0,0.0,2007.0,2022.0,,,,,,,,,,,,
h2,H2,H2b,"log(naissances+0,5 / 1 000 f. 25-39)","unités avec covariables, bascule 4G ; fenêtre identifiée ≤ 2015, cohorte 2016 = contrôle",twfe,-3,0.2405001249017761,0.16906619080198226,-0.09086352007348611,0.5718637698770384,0.15487520012761025,722,11552,False,"test primaire du papier (Espagne) ; fenêtre 2007-2022 ; 722 traitées, 0 jamais traitées sur la fenêtre ; covariables invariantes dans le temps absorbées par les effets fixes unité : log_pop, share_women_1549, share_foreign, pretrend_pre ; comparaisons sur la fenêtre identifiée (années < 2016, cohorte 2016 recodée contrôle, 3 unités de contrôle) ; cellules −8 et +8 bornées",event,0.0,722.0,0.0,0.0,2007.0,2022.0,,,,,,,,,,,,
h2,H2,H2b,"log(naissances+0,5 / 1 000 f. 25-39)","unités avec covariables, bascule 4G ; fenêtre identifiée ≤ 2015, cohorte 2016 = contrôle",twfe,-2,0.11727061828426687,0.08451634179986998,-0.04837836774855543,0.2829196043170892,0.1652742303401532,722,11552,False,"test primaire du papier (Espagne) ; fenêtre 2007-2022 ; 722 traitées, 0 jamais traitées sur la fenêtre ; covariables invariantes dans le temps absorbées par les effets fixes unité : log_pop, share_women_1549, share_foreign, pretrend_pre ; comparaisons sur la fenêtre identifiée (années < 2016, cohorte 2016 recodée contrôle, 3 unités de contrôle) ; cellules −8 et +8 bornées",event,0.0,722.0,0.0,0.0,2007.0,2022.0,,,,,,,,,,,,
h2,H2,H2b,"log(naissances+0,5 / 1 000 f. 25-39)","unités avec covariables, bascule 4G ; fenêtre identifiée ≤ 2015, cohorte 2016 = contrôle",twfe,0,-0.1098383310951513,0.08487100279038597,-0.27618243989610625,0.05650577770580363,0.19560334818024439,722,11552,False,"test primaire du papier (Espagne) ; fenêtre 2007-2022 ; 722 traitées, 0 jamais traitées sur la fenêtre ; covariables invariantes dans le temps absorbées par les effets fixes unité : log_pop, share_women_1549, share_foreign, pretrend_pre ; comparaisons sur la fenêtre identifiée (années < 2016, cohorte 2016 recodée contrôle, 3 unités de contrôle) ; cellules −8 et +8 bornées",event,0.0,722.0,0.0,0.0,2007.0,2022.0,,,,,,,,,,,,
h2,H2,H2b,"log(naissances+0,5 / 1 000 f. 25-39)","unités avec covariables, bascule 4G ; fenêtre identifiée ≤ 2015, cohorte 2016 = contrôle",twfe,1,-0.22380787918452083,0.17075966050727834,-0.5584906637910729,0.11087490542203132,0.18997261375209262,722,11552,False,"test primaire du papier (Espagne) ; fenêtre 2007-2022 ; 722 traitées, 0 jamais traitées sur la fenêtre ; covariables invariantes dans le temps absorbées par les effets fixes unité : log_pop, share_women_1549, share_foreign, pretrend_pre ; comparaisons sur la fenêtre identifiée (années < 2016, cohorte 2016 recodée contrôle, 3 unités de contrôle) ; cellules −8 et +8 bornées",event,0.0,722.0,0.0,0.0,2007.0,2022.0,,,,,,,,,,,,
h2,H2,H2b,"log(naissances+0,5 / 1 000 f. 25-39)","unités avec covariables, bascule 4G ; fenêtre identifiée ≤ 2015, cohorte 2016 = contrôle",twfe,2,-0.34593130471989386,0.25773414646907733,-0.8510809493854565,0.1592183399456688,0.17953048572620212,722,11552,False,"test primaire du papier (Espagne) ; fenêtre 2007-2022 ; 722 traitées, 0 jamais traitées sur la fenêtre ; covariables invariantes dans le temps absorbées par les effets fixes unité : log_pop, share_women_1549, share_foreign, pretrend_pre ; comparaisons sur la fenêtre identifiée (années < 2016, cohorte 2016 recodée contrôle, 3 unités de contrôle) ; cellules −8 et +8 bornées",event,0.0,722.0,0.0,0.0,2007.0,2022.0,,,,,,,,,,,,
h2,H2,H2b,"log(naissances+0,5 / 1 000 f. 25-39)","unités avec covariables, bascule 4G ; fenêtre identifiée ≤ 2015, cohorte 2016 = contrôle",twfe,"ATT[1,2]",-0.28486959195220735,0.21420349893477106,-0.7047007352268224,0.13496155132240778,0.1835506695946536,722,11552,False,"test primaire du papier (Espagne) ; fenêtre 2007-2022 ; 722 traitées, 0 jamais traitées sur la fenêtre ; covariables invariantes dans le temps absorbées par les effets fixes unité : log_pop, share_women_1549, share_foreign, pretrend_pre ; comparaisons sur la fenêtre identifiée (années < 2016, cohorte 2016 recodée contrôle, 3 unités de contrôle) ; écart-type avec covariance complète (w'Vw)",post_avg,0.0,722.0,0.0,0.0,2007.0,2022.0,,,,,,,,,,,,
h2,H2,H2b,"log(naissances+0,5 / 1 000 f. 25-39)","unités avec covariables, bascule 4G ; fenêtre identifiée ≤ 2015, cohorte 2016 = contrôle",twfe,Wald pré (-8..−2),7.371618322201562,,,,0.39123867628632414,722,11552,False,"test de Wald joint, covariance groupée, df = 7 ; fenêtre 2007-2022 ; 722 traitées, 0 jamais traitées sur la fenêtre",pre_test,0.0,722.0,0.0,0.0,2007.0,2022.0,,,,,,,,,,,7.0,
h2,H2,H2b,"log(naissances+0,5 / 1 000 f. 25-39)","unités avec covariables, bascule 4G ; fenêtre identifiée ≤ 2015, cohorte 2016 = contrôle",twfe,ATT,-0.008349413539902598,0.013934528762681829,-0.03566058805629646,0.018961760976491267,0.5490469919626493,722,11552,False,"test primaire du papier (Espagne) ; fenêtre 2007-2022 ; 722 traitées, 0 jamais traitées sur la fenêtre ; covariables invariantes dans le temps absorbées par les effets fixes unité : log_pop, share_women_1549, share_foreign, pretrend_pre ; comparaisons sur la fenêtre identifiée (années < 2016, cohorte 2016 recodée contrôle, 3 unités de contrôle)",static,0.0,722.0,0.0,0.0,2007.0,2022.0,,,,,,,,,,,,
h2,H2,H2b,"log(naissances+0,5 / 1 000 f. 25-39)","unités avec covariables, bascule 4G ; fenêtre complète",twfe,ATT,0.00397423584083819,0.009245866240355453,-0.014147328996133253,0.022095800677809634,0.6673126082284757,722,11552,True,"test primaire du papier (Espagne) ; fenêtre 2007-2022 ; 722 traitées, 0 jamais traitées sur la fenêtre ; covariables invariantes dans le temps absorbées par les effets fixes unité : log_pop, share_women_1549, share_foreign, pretrend_pre ; TWFE sur toutes les années (identification par le calendrier des bascules seulement)",static,0.0,722.0,0.0,0.0,2007.0,2022.0,,,,,,,,,,,,
h2,H2,H2b,"log(naissances+0,5 / 1 000 f. 25-39)","unités avec covariables, bascule 4G ; fenêtre identifiée ≤ 2015, cohorte 2016 = contrôle",twfe_poisson,ATT (log du taux contrefactuel),0.009109446506111191,0.00573423372174778,-0.002129445067449531,0.020348338079671915,0.11214904141261514,722,11552,False,"test primaire du papier (Espagne) ; fenêtre 2007-2022 ; 722 traitées, 0 jamais traitées sur la fenêtre ; covariables invariantes dans le temps absorbées par les effets fixes unité : log_pop, share_women_1549, share_foreign, pretrend_pre ; comparaisons sur la fenêtre identifiée (années < 2016, cohorte 2016 recodée contrôle, 3 unités de contrôle) ; Poisson à effets fixes, offset = log(women)",static,0.0,722.0,0.0,0.0,2007.0,2022.0,,,,,,,,,,,,
h2,H2,H2b,"log(naissances+0,5 / 1 000 f. 25-39)","unités avec covariables, bascule 4G ; fenêtre identifiée ≤ 2015, cohorte 2016 = contrôle",twfe_poisson,ATT en % du taux contrefactuel,0.9151063788081171,0.578670806031126,-0.21271794962488544,2.0556776995398485,0.11214904141261514,722,11552,False,"test primaire du papier (Espagne) ; fenêtre 2007-2022 ; 722 traitées, 0 jamais traitées sur la fenêtre ; covariables invariantes dans le temps absorbées par les effets fixes unité : log_pop, share_women_1549, share_foreign, pretrend_pre ; comparaisons sur la fenêtre identifiée (années < 2016, cohorte 2016 recodée contrôle, 3 unités de contrôle) ; Poisson à effets fixes, offset = log(women)",static,0.0,722.0,0.0,0.0,2007.0,2022.0,,,,,,,,,,,,
h2,H2,H2b,"log(naissances+0,5 / 1 000 f. 25-39)","unités, sans covariables",cs,-8,1.6952545508402457,1.3809521648679481,-1.0113619566735514,4.401871058354043,0.21959779463172913,722,11552,False," ; contrôle = not_yet_treated ; fenêtre 2007-2022 ; 722 traitées, 0 jamais traitées sur la fenêtre ; ATT(g,t) identifiés jusqu'en 2015 (sans unité jamais traitée, la dernière cohorte sert de contrôle)",event,0.0,722.0,0.0,0.0,2007.0,2022.0,2007.0,2015.0,722.0,2.0,reg,1.0,156.0,,,,,
h2,H2,H2b,"log(naissances+0,5 / 1 000 f. 25-39)","unités, sans covariables",cs,-7,0.0544687784326673,0.062295316624144184,-0.06762779855617461,0.1765653554215092,0.381920089086889,722,11552,False," ; contrôle = not_yet_treated ; fenêtre 2007-2022 ; 722 traitées, 0 jamais traitées sur la fenêtre ; ATT(g,t) identifiés jusqu'en 2015 (sans unité jamais traitée, la dernière cohorte sert de contrôle)",event,0.0,722.0,0.0,0.0,2007.0,2022.0,2007.0,2015.0,722.0,2.0,reg,2.0,544.0,,,,,
h2,H2,H2b,"log(naissances+0,5 / 1 000 f. 25-39)","unités, sans covariables",cs,-6,0.023209591012126538,0.04242921507573753,-0.05995014242862291,0.10636932445287599,0.5843656106845283,722,11552,False," ; contrôle = not_yet_treated ; fenêtre 2007-2022 ; 722 traitées, 0 jamais traitées sur la fenêtre ; ATT(g,t) identifiés jusqu'en 2015 (sans unité jamais traitée, la dernière cohorte sert de contrôle)",event,0.0,722.0,0.0,0.0,2007.0,2022.0,2007.0,2015.0,722.0,2.0,reg,3.0,719.0,,,,,
h2,H2,H2b,"log(naissances+0,5 / 1 000 f. 25-39)","unités, sans covariables",cs,-5,0.033147921678650605,0.021614811834477173,-0.009216331049534787,0.075512174406836,0.1251343949465614,722,11552,False," ; contrôle = not_yet_treated ; fenêtre 2007-2022 ; 722 traitées, 0 jamais traitées sur la fenêtre ; ATT(g,t) identifiés jusqu'en 2015 (sans unité jamais traitée, la dernière cohorte sert de contrôle)",event,0.0,722.0,0.0,0.0,2007.0,2022.0,2007.0,2015.0,722.0,2.0,reg,3.0,719.0,,,,,
h2,H2,H2b,"log(naissances+0,5 / 1 000 f. 25-39)","unités, sans covariables",cs,-4,-0.009689008861261679,0.008973298834814736,-0.027276351400013794,0.007898333677490436,0.28024908203454,722,11552,False," ; contrôle = not_yet_treated ; fenêtre 2007-2022 ; 722 traitées, 0 jamais traitées sur la fenêtre ; ATT(g,t) identifiés jusqu'en 2015 (sans unité jamais traitée, la dernière cohorte sert de contrôle)",event,0.0,722.0,0.0,0.0,2007.0,2022.0,2007.0,2015.0,722.0,2.0,reg,3.0,719.0,,,,,
h2,H2,H2b,"log(naissances+0,5 / 1 000 f. 25-39)","unités, sans covariables",cs,-3,0.0029981220174826956,0.007999418323554549,-0.012680449793954,0.01867669382891939,0.7078147901551051,722,11552,False," ; contrôle = not_yet_treated ; fenêtre 2007-2022 ; 722 traitées, 0 jamais traitées sur la fenêtre ; ATT(g,t) identifiés jusqu'en 2015 (sans unité jamais traitée, la dernière cohorte sert de contrôle)",event,0.0,722.0,0.0,0.0,2007.0,2022.0,2007.0,2015.0,722.0,2.0,reg,3.0,719.0,,,,,
h2,H2,H2b,"log(naissances+0,5 / 1 000 f. 25-39)","unités, sans covariables",cs,-2,-0.015598427208617439,0.010927120543174903,-0.037015189927968,0.005818335510733122,0.15343681015917657,722,11552,False," ; contrôle = not_yet_treated ; fenêtre 2007-2022 ; 722 traitées, 0 jamais traitées sur la fenêtre ; ATT(g,t) identifiés jusqu'en 2015 (sans unité jamais traitée, la dernière cohorte sert de contrôle)",event,0.0,722.0,0.0,0.0,2007.0,2022.0,2007.0,2015.0,722.0,2.0,reg,3.0,719.0,,,,,
h2,H2,H2b,"log(naissances+0,5 / 1 000 f. 25-39)","unités, sans covariables",cs,0,0.022844643757582425,0.01198281786136336,-0.0006412476839930369,0.04633053519915789,0.05659183991381517,722,11552,False," ; contrôle = not_yet_treated ; fenêtre 2007-2022 ; 722 traitées, 0 jamais traitées sur la fenêtre ; ATT(g,t) identifiés jusqu'en 2015 (sans unité jamais traitée, la dernière cohorte sert de contrôle)",event,0.0,722.0,0.0,0.0,2007.0,2022.0,2007.0,2015.0,722.0,2.0,reg,3.0,719.0,,,,,
h2,H2,H2b,"log(naissances+0,5 / 1 000 f. 25-39)","unités, sans covariables",cs,1,0.09918240292784357,0.04283094807630648,0.01523528727457775,0.18312951858110937,0.020576215288693665,722,11552,False," ; contrôle = not_yet_treated ; fenêtre 2007-2022 ; 722 traitées, 0 jamais traitées sur la fenêtre ; ATT(g,t) identifiés jusqu'en 2015 (sans unité jamais traitée, la dernière cohorte sert de contrôle)",event,0.0,722.0,0.0,0.0,2007.0,2022.0,2007.0,2015.0,722.0,2.0,reg,2.0,563.0,,,,,
h2,H2,H2b,"log(naissances+0,5 / 1 000 f. 25-39)","unités, sans covariables",cs,2,0.08721907311514705,0.0343573387226369,0.019879926614135332,0.1545582196161588,0.011130131406953807,722,11552,False," ; contrôle = not_yet_treated ; fenêtre 2007-2022 ; 722 traitées, 0 jamais traitées sur la fenêtre ; ATT(g,t) identifiés jusqu'en 2015 (sans unité jamais traitée, la dernière cohorte sert de contrôle)",event,0.0,722.0,0.0,0.0,2007.0,2022.0,2007.0,2015.0,722.0,2.0,reg,1.0,175.0,,,,,
h2,H2,H2b,"log(naissances+0,5 / 1 000 f. 25-39)","unités, sans covariables",cs,"ATT[1,2]",0.09320073802149531,0.03701989900619522,0.020643069258042546,0.16575840678494808,0.011816249443934125,722,11552,False," ; contrôle = not_yet_treated ; fenêtre 2007-2022 ; 722 traitées, 0 jamais traitées sur la fenêtre ; ATT(g,t) identifiés jusqu'en 2015 (sans unité jamais traitée, la dernière cohorte sert de contrôle) ; écart-type avec covariance complète des coefficients (fonctions d'influence)",post_avg,0.0,722.0,0.0,0.0,2007.0,2022.0,2007.0,2015.0,722.0,2.0,reg,,,,,2.0,,
h2,H2,H2b,"log(naissances+0,5 / 1 000 f. 25-39)","unités, sans covariables",cs,ATT,0.06007435106741828,0.02484050812388631,0.01138784978692648,0.10876085234791008,0.01558881551796032,722,11552,False," ; contrôle = not_yet_treated ; fenêtre 2007-2022 ; 722 traitées, 0 jamais traitées sur la fenêtre ; ATT(g,t) identifiés jusqu'en 2015 (sans unité jamais traitée, la dernière cohorte sert de contrôle) ; moyenne de tous les ATT(g,t) post",simple,0.0,722.0,0.0,0.0,2007.0,2022.0,2007.0,2015.0,722.0,2.0,reg,,,,,,,
h2,H2,H2b,"log(naissances+0,5 / 1 000 f. 25-39)","unités, sans covariables",cs,Wald pré (-8..-2),33.01221818484359,,,,2.6338046066607883e-05,722,11552,False,"H5c : test de Wald joint de nullité des coefficients pré avec covariance des fonctions d'influence, df = 7 ; fenêtre 2007-2022 ; 722 traitées, 0 jamais traitées sur la fenêtre",pre_test,0.0,722.0,0.0,0.0,2007.0,2022.0,2007.0,2015.0,722.0,2.0,reg,,,,,,7.0,
h2,H2,H2b,"log(naissances+0,5 / 1 000 f. 25-39)","unités, sans covariables ; fenêtre identifiée ≤ 2015, cohorte 2016 = contrôle",twfe,-8,0.7705547061124641,0.6241668046923553,-0.4527897514299982,1.9938991636549264,0.21700424548123698,722,11552,False," ; fenêtre 2007-2022 ; 722 traitées, 0 jamais traitées sur la fenêtre ; comparaisons sur la fenêtre identifiée (années < 2016, cohorte 2016 recodée contrôle, 3 unités de contrôle) ; cellules −8 et +8 bornées",event,0.0,722.0,0.0,0.0,2007.0,2022.0,,,,,,,,,,,,
h2,H2,H2b,"log(naissances+0,5 / 1 000 f. 25-39)","unités, sans covariables ; fenêtre identifiée ≤ 2015, cohorte 2016 = contrôle",twfe,-7,0.686220375667868,0.528777639357936,-0.35016475330379593,1.7226055046395319,0.1943737799326818,722,11552,False," ; fenêtre 2007-2022 ; 722 traitées, 0 jamais traitées sur la fenêtre ; comparaisons sur la fenêtre identifiée (années < 2016, cohorte 2016 recodée contrôle, 3 unités de contrôle) ; cellules −8 et +8 bornées",event,0.0,722.0,0.0,0.0,2007.0,2022.0,,,,,,,,,,,,
h2,H2,H2b,"log(naissances+0,5 / 1 000 f. 25-39)","unités, sans covariables ; fenêtre identifiée ≤ 2015, cohorte 2016 = contrôle",twfe,-6,0.5701969991808123,0.43510136990232257,-0.28258601545177975,1.4229800138134046,0.19002934412058525,722,11552,False," ; fenêtre 2007-2022 ; 722 traitées, 0 jamais traitées sur la fenêtre ; comparaisons sur la fenêtre identifiée (années < 2016, cohorte 2016 recodée contrôle, 3 unités de contrôle) ; cellules −8 et +8 bornées",event,0.0,722.0,0.0,0.0,2007.0,2022.0,,,,,,,,,,,,
h2,H2,H2b,"log(naissances+0,5 / 1 000 f. 25-39)","unités, sans covariables ; fenêtre identifiée ≤ 2015, cohorte 2016 = contrôle",twfe,-5,0.46642684807367263,0.34326827507653085,-0.20636660811151608,1.1392203042588613,0.1742155913251896,722,11552,False," ; fenêtre 2007-2022 ; 722 traitées, 0 jamais traitées sur la fenêtre ; comparaisons sur la fenêtre identifiée (années < 2016, cohorte 2016 recodée contrôle, 3 unités de contrôle) ; cellules −8 et +8 bornées",event,0.0,722.0,0.0,0.0,2007.0,2022.0,,,,,,,,,,,,
h2,H2,H2b,"log(naissances+0,5 / 1 000 f. 25-39)","unités, sans covariables ; fenêtre identifiée ≤ 2015, cohorte 2016 = contrôle",twfe,-4,0.35267703056748956,0.25492144393984434,-0.14695981844155176,0.8523138795765308,0.1665197654801288,722,11552,False," ; fenêtre 2007-2022 ; 722 traitées, 0 jamais traitées sur la fenêtre ; comparaisons sur la fenêtre identifiée (années < 2016, cohorte 2016 recodée contrôle, 3 unités de contrôle) ; cellules −8 et +8 bornées",event,0.0,722.0,0.0,0.0,2007.0,2022.0,,,,,,,,,,,,
h2,H2,H2b,"log(naissances+0,5 / 1 000 f. 25-39)","unités, sans covariables ; fenêtre identifiée ≤ 2015, cohorte 2016 = contrôle",twfe,-3,0.2405001249017761,0.16906619080198226,-0.09086352007348611,0.5718637698770384,0.15487520012761025,722,11552,False," ; fenêtre 2007-2022 ; 722 traitées, 0 jamais traitées sur la fenêtre ; comparaisons sur la fenêtre identifiée (années < 2016, cohorte 2016 recodée contrôle, 3 unités de contrôle) ; cellules −8 et +8 bornées",event,0.0,722.0,0.0,0.0,2007.0,2022.0,,,,,,,,,,,,
h2,H2,H2b,"log(naissances+0,5 / 1 000 f. 25-39)","unités, sans covariables ; fenêtre identifiée ≤ 2015, cohorte 2016 = contrôle",twfe,-2,0.11727061828426687,0.08451634179986998,-0.04837836774855543,0.2829196043170892,0.1652742303401532,722,11552,False," ; fenêtre 2007-2022 ; 722 traitées, 0 jamais traitées sur la fenêtre ; comparaisons sur la fenêtre identifiée (années < 2016, cohorte 2016 recodée contrôle, 3 unités de contrôle) ; cellules −8 et +8 bornées",event,0.0,722.0,0.0,0.0,2007.0,2022.0,,,,,,,,,,,,
h2,H2,H2b,"log(naissances+0,5 / 1 000 f. 25-39)","unités, sans covariables ; fenêtre identifiée ≤ 2015, cohorte 2016 = contrôle",twfe,0,-0.1098383310951513,0.08487100279038597,-0.27618243989610625,0.05650577770580363,0.19560334818024439,722,11552,False," ; fenêtre 2007-2022 ; 722 traitées, 0 jamais traitées sur la fenêtre ; comparaisons sur la fenêtre identifiée (années < 2016, cohorte 2016 recodée contrôle, 3 unités de contrôle) ; cellules −8 et +8 bornées",event,0.0,722.0,0.0,0.0,2007.0,2022.0,,,,,,,,,,,,
h2,H2,H2b,"log(naissances+0,5 / 1 000 f. 25-39)","unités, sans covariables ; fenêtre identifiée ≤ 2015, cohorte 2016 = contrôle",twfe,1,-0.22380787918452083,0.17075966050727834,-0.5584906637910729,0.11087490542203132,0.18997261375209262,722,11552,False," ; fenêtre 2007-2022 ; 722 traitées, 0 jamais traitées sur la fenêtre ; comparaisons sur la fenêtre identifiée (années < 2016, cohorte 2016 recodée contrôle, 3 unités de contrôle) ; cellules −8 et +8 bornées",event,0.0,722.0,0.0,0.0,2007.0,2022.0,,,,,,,,,,,,
h2,H2,H2b,"log(naissances+0,5 / 1 000 f. 25-39)","unités, sans covariables ; fenêtre identifiée ≤ 2015, cohorte 2016 = contrôle",twfe,2,-0.34593130471989386,0.25773414646907733,-0.8510809493854565,0.1592183399456688,0.17953048572620212,722,11552,False," ; fenêtre 2007-2022 ; 722 traitées, 0 jamais traitées sur la fenêtre ; comparaisons sur la fenêtre identifiée (années < 2016, cohorte 2016 recodée contrôle, 3 unités de contrôle) ; cellules −8 et +8 bornées",event,0.0,722.0,0.0,0.0,2007.0,2022.0,,,,,,,,,,,,
h2,H2,H2b,"log(naissances+0,5 / 1 000 f. 25-39)","unités, sans covariables ; fenêtre identifiée ≤ 2015, cohorte 2016 = contrôle",twfe,"ATT[1,2]",-0.28486959195220735,0.21420349893477106,-0.7047007352268224,0.13496155132240778,0.1835506695946536,722,11552,False," ; fenêtre 2007-2022 ; 722 traitées, 0 jamais traitées sur la fenêtre ; comparaisons sur la fenêtre identifiée (années < 2016, cohorte 2016 recodée contrôle, 3 unités de contrôle) ; écart-type avec covariance complète (w'Vw)",post_avg,0.0,722.0,0.0,0.0,2007.0,2022.0,,,,,,,,,,,,
h2,H2,H2b,"log(naissances+0,5 / 1 000 f. 25-39)","unités, sans covariables ; fenêtre identifiée ≤ 2015, cohorte 2016 = contrôle",twfe,Wald pré (-8..−2),7.371618322201562,,,,0.39123867628632414,722,11552,False,"test de Wald joint, covariance groupée, df = 7 ; fenêtre 2007-2022 ; 722 traitées, 0 jamais traitées sur la fenêtre",pre_test,0.0,722.0,0.0,0.0,2007.0,2022.0,,,,,,,,,,,7.0,
h2,H2,H2b,"log(naissances+0,5 / 1 000 f. 25-39)","unités, sans covariables ; fenêtre identifiée ≤ 2015, cohorte 2016 = contrôle",twfe,ATT,-0.008349413539902598,0.013934528762681829,-0.03566058805629646,0.018961760976491267,0.5490469919626493,722,11552,False," ; fenêtre 2007-2022 ; 722 traitées, 0 jamais traitées sur la fenêtre ; comparaisons sur la fenêtre identifiée (années < 2016, cohorte 2016 recodée contrôle, 3 unités de contrôle)",static,0.0,722.0,0.0,0.0,2007.0,2022.0,,,,,,,,,,,,
h2,H2,H2b,"log(naissances+0,5 / 1 000 f. 25-39)","unités, sans covariables ; fenêtre complète",twfe,ATT,0.00397423584083819,0.009245866240355453,-0.014147328996133253,0.022095800677809634,0.6673126082284757,722,11552,True," ; fenêtre 2007-2022 ; 722 traitées, 0 jamais traitées sur la fenêtre ; TWFE sur toutes les années (identification par le calendrier des bascules seulement)",static,0.0,722.0,0.0,0.0,2007.0,2022.0,,,,,,,,,,,,
h2,H2,H2b,naissances / 1 000 f. 25-39 (taux brut),"unités avec covariables, bascule 4G",cs,-8,69.90571284690337,3.5468955482976967,62.953925315314436,76.8575003784923,1.8055039264632313e-86,722,11552,False," ; covariables : log_pop, share_women_1549, share_foreign, pretrend_pre (doublement robuste) ; contrôle = not_yet_treated ; fenêtre 2007-2022 ; 722 traitées, 0 jamais traitées sur la fenêtre ; ATT(g,t) identifiés jusqu'en 2015 (sans unité jamais traitée, la dernière cohorte sert de contrôle)",event,0.0,722.0,0.0,0.0,2007.0,2022.0,2007.0,2015.0,722.0,1.0,dr,1.0,156.0,,,,,
h2,H2,H2b,naissances / 1 000 f. 25-39 (taux brut),"unités avec covariables, bascule 4G",cs,-7,8.13314939259796,2.195523785292536,3.8300018462235395,12.436296938972383,0.0002118722297350078,722,11552,False," ; covariables : log_pop, share_women_1549, share_foreign, pretrend_pre (doublement robuste) ; contrôle = not_yet_treated ; fenêtre 2007-2022 ; 722 traitées, 0 jamais traitées sur la fenêtre ; ATT(g,t) identifiés jusqu'en 2015 (sans unité jamais traitée, la dernière cohorte sert de contrôle)",event,0.0,722.0,0.0,0.0,2007.0,2022.0,2007.0,2015.0,722.0,1.0,dr,2.0,544.0,,,,,
h2,H2,H2b,naissances / 1 000 f. 25-39 (taux brut),"unités avec covariables, bascule 4G",cs,-6,12.13740189374465,1.8661275640802542,8.47985907758989,15.794944709899411,7.818173527181679e-11,722,11552,False," ; covariables : log_pop, share_women_1549, share_foreign, pretrend_pre (doublement robuste) ; contrôle = not_yet_treated ; fenêtre 2007-2022 ; 722 traitées, 0 jamais traitées sur la fenêtre ; ATT(g,t) identifiés jusqu'en 2015 (sans unité jamais traitée, la dernière cohorte sert de contrôle)",event,0.0,722.0,0.0,0.0,2007.0,2022.0,2007.0,2015.0,722.0,1.0,dr,3.0,719.0,,,,,
h2,H2,H2b,naissances / 1 000 f. 25-39 (taux brut),"unités avec covariables, bascule 4G",cs,-5,-3.352658792869906,1.0475868656805225,-5.405891320280929,-1.2994262654588828,0.0013725435383538632,722,11552,False," ; covariables : log_pop, share_women_1549, share_foreign, pretrend_pre (doublement robuste) ; contrôle = not_yet_treated ; fenêtre 2007-2022 ; 722 traitées, 0 jamais traitées sur la fenêtre ; ATT(g,t) identifiés jusqu'en 2015 (sans unité jamais traitée, la dernière cohorte sert de contrôle)",event,0.0,722.0,0.0,0.0,2007.0,2022.0,2007.0,2015.0,722.0,1.0,dr,3.0,719.0,,,,,
h2,H2,H2b,naissances / 1 000 f. 25-39 (taux brut),"unités avec covariables, bascule 4G",cs,-4,7.70717021306373,1.3949011300184955,4.973214236233256,10.441126189894204,3.290265190201521e-08,722,11552,False," ; covariables : log_pop, share_women_1549, share_foreign, pretrend_pre (doublement robuste) ; contrôle = not_yet_treated ; fenêtre 2007-2022 ; 722 traitées, 0 jamais traitées sur la fenêtre ; ATT(g,t) identifiés jusqu'en 2015 (sans unité jamais traitée, la dernière cohorte sert de contrôle)",event,0.0,722.0,0.0,0.0,2007.0,2022.0,2007.0,2015.0,722.0,1.0,dr,3.0,719.0,,,,,
h2,H2,H2b,naissances / 1 000 f. 25-39 (taux brut),"unités avec covariables, bascule 4G",cs,-3,3.8221487180355225,0.9485918964209977,1.9629427650238176,5.681354671047227,5.5946351471017407e-05,722,11552,False," ; covariables : log_pop, share_women_1549, share_foreign, pretrend_pre (doublement robuste) ; contrôle = not_yet_treated ; fenêtre 2007-2022 ; 722 traitées, 0 jamais traitées sur la fenêtre ; ATT(g,t) identifiés jusqu'en 2015 (sans unité jamais traitée, la dernière cohorte sert de contrôle)",event,0.0,722.0,0.0,0.0,2007.0,2022.0,2007.0,2015.0,722.0,1.0,dr,3.0,719.0,,,,,
h2,H2,H2b,naissances / 1 000 f. 25-39 (taux brut),"unités avec covariables, bascule 4G",cs,-2,-3.417199007671836,0.9984339562575149,-5.374093602878405,-1.4603044124652673,0.0006203465957882728,722,11552,False," ; covariables : log_pop, share_women_1549, share_foreign, pretrend_pre (doublement robuste) ; contrôle = not_yet_treated ; fenêtre 2007-2022 ; 722 traitées, 0 jamais traitées sur la fenêtre ; ATT(g,t) identifiés jusqu'en 2015 (sans unité jamais traitée, la dernière cohorte sert de contrôle)",event,0.0,722.0,0.0,0.0,2007.0,2022.0,2007.0,2015.0,722.0,1.0,dr,3.0,719.0,,,,,
h2,H2,H2b,naissances / 1 000 f. 25-39 (taux brut),"unités avec covariables, bascule 4G",cs,0,2.072469311362515,0.9987686596200516,0.11491870961987005,4.030019913105161,0.0379842759731616,722,11552,False," ; covariables : log_pop, share_women_1549, share_foreign, pretrend_pre (doublement robuste) ; contrôle = not_yet_treated ; fenêtre 2007-2022 ; 722 traitées, 0 jamais traitées sur la fenêtre ; ATT(g,t) identifiés jusqu'en 2015 (sans unité jamais traitée, la dernière cohorte sert de contrôle)",event,0.0,722.0,0.0,0.0,2007.0,2022.0,2007.0,2015.0,722.0,1.0,dr,3.0,719.0,,,,,
h2,H2,H2b,naissances / 1 000 f. 25-39 (taux brut),"unités avec covariables, bascule 4G",cs,1,16.85242373648112,1.8656079099527603,13.195899423700666,20.508948049261576,1.6671185124425835e-19,722,11552,False," ; covariables : log_pop, share_women_1549, share_foreign, pretrend_pre (doublement robuste) ; contrôle = not_yet_treated ; fenêtre 2007-2022 ; 722 traitées, 0 jamais traitées sur la fenêtre ; ATT(g,t) identifiés jusqu'en 2015 (sans unité jamais traitée, la dernière cohorte sert de contrôle)",event,0.0,722.0,0.0,0.0,2007.0,2022.0,2007.0,2015.0,722.0,1.0,dr,2.0,563.0,,,,,
h2,H2,H2b,naissances / 1 000 f. 25-39 (taux brut),"unités avec covariables, bascule 4G",cs,"ATT[1,1]",16.85242373648112,1.8656079099527603,13.195899423700666,20.508948049261576,1.6671185124425835e-19,722,11552,False," ; covariables : log_pop, share_women_1549, share_foreign, pretrend_pre (doublement robuste) ; contrôle = not_yet_treated ; fenêtre 2007-2022 ; 722 traitées, 0 jamais traitées sur la fenêtre ; ATT(g,t) identifiés jusqu'en 2015 (sans unité jamais traitée, la dernière cohorte sert de contrôle) ; écart-type avec covariance complète des coefficients (fonctions d'influence)",post_avg,0.0,722.0,0.0,0.0,2007.0,2022.0,2007.0,2015.0,722.0,1.0,dr,,,,,1.0,,
h2,H2,H2b,naissances / 1 000 f. 25-39 (taux brut),"unités avec covariables, bascule 4G",cs,ATT,8.563198126761716,1.0856016721092985,6.435457947871029,10.690938305652402,3.071309064717643e-15,722,11552,False," ; covariables : log_pop, share_women_1549, share_foreign, pretrend_pre (doublement robuste) ; contrôle = not_yet_treated ; fenêtre 2007-2022 ; 722 traitées, 0 jamais traitées sur la fenêtre ; ATT(g,t) identifiés jusqu'en 2015 (sans unité jamais traitée, la dernière cohorte sert de contrôle) ; moyenne de tous les ATT(g,t) post",simple,0.0,722.0,0.0,0.0,2007.0,2022.0,2007.0,2015.0,722.0,1.0,dr,,,,,,,
h2,H2,H2b,naissances / 1 000 f. 25-39 (taux brut),"unités avec covariables, bascule 4G",cs,Wald pré (-8..-2),444.8784652738013,,,,5.5873697345658386e-92,722,11552,False,"H5c : test de Wald joint de nullité des coefficients pré avec covariance des fonctions d'influence, df = 7 ; fenêtre 2007-2022 ; 722 traitées, 0 jamais traitées sur la fenêtre",pre_test,0.0,722.0,0.0,0.0,2007.0,2022.0,2007.0,2015.0,722.0,1.0,dr,,,,,,7.0,
h2,H2,H2b,asinh(naissances / 1 000 f. 25-39),"unités avec covariables, bascule 4G",cs,-8,7.077902661138188,0.4782120885030089,6.14062419070061,8.015181131575766,1.4483540812992957e-49,722,11552,False," ; covariables : log_pop, share_women_1549, share_foreign, pretrend_pre (doublement robuste) ; contrôle = not_yet_treated ; fenêtre 2007-2022 ; 722 traitées, 0 jamais traitées sur la fenêtre ; ATT(g,t) identifiés jusqu'en 2015 (sans unité jamais traitée, la dernière cohorte sert de contrôle)",event,0.0,722.0,0.0,0.0,2007.0,2022.0,2007.0,2015.0,722.0,1.0,dr,1.0,156.0,,,,,
h2,H2,H2b,asinh(naissances / 1 000 f. 25-39),"unités avec covariables, bascule 4G",cs,-7,-0.038649219537338186,0.07565088519212419,-0.1869222299124761,0.10962379083779972,0.6094286503060464,722,11552,False," ; covariables : log_pop, share_women_1549, share_foreign, pretrend_pre (doublement robuste) ; contrôle = not_yet_treated ; fenêtre 2007-2022 ; 722 traitées, 0 jamais traitées sur la fenêtre ; ATT(g,t) identifiés jusqu'en 2015 (sans unité jamais traitée, la dernière cohorte sert de contrôle)",event,0.0,722.0,0.0,0.0,2007.0,2022.0,2007.0,2015.0,722.0,1.0,dr,2.0,544.0,,,,,
h2,H2,H2b,asinh(naissances / 1 000 f. 25-39),"unités avec covariables, bascule 4G",cs,-6,0.1319200298705302,0.029484700903242244,0.0741310780052398,0.1897089817358206,7.670302683404836e-06,722,11552,False," ; covariables : log_pop, share_women_1549, share_foreign, pretrend_pre (doublement robuste) ; contrôle = not_yet_treated ; fenêtre 2007-2022 ; 722 traitées, 0 jamais traitées sur la fenêtre ; ATT(g,t) identifiés jusqu'en 2015 (sans unité jamais traitée, la dernière cohorte sert de contrôle)",event,0.0,722.0,0.0,0.0,2007.0,2022.0,2007.0,2015.0,722.0,1.0,dr,3.0,719.0,,,,,
h2,H2,H2b,asinh(naissances / 1 000 f. 25-39),"unités avec covariables, bascule 4G",cs,-5,-0.005887660863858727,0.012459281176205799,-0.030307403242479936,0.01853208151476248,0.6365326841301787,722,11552,False," ; covariables : log_pop, share_women_1549, share_foreign, pretrend_pre (doublement robuste) ; contrôle = not_yet_treated ; fenêtre 2007-2022 ; 722 traitées, 0 jamais traitées sur la fenêtre ; ATT(g,t) identifiés jusqu'en 2015 (sans unité jamais traitée, la dernière cohorte sert de contrôle)",event,0.0,722.0,0.0,0.0,2007.0,2022.0,2007.0,2015.0,722.0,1.0,dr,3.0,719.0,,,,,
h2,H2,H2b,asinh(naissances / 1 000 f. 25-39),"unités avec covariables, bascule 4G",cs,-4,0.036268161493186464,0.013826365146259383,0.009168983769418194,0.06336733921695473,0.00871295673141413,722,11552,False," ; covariables : log_pop, share_women_1549, share_foreign, pretrend_pre (doublement robuste) ; contrôle = not_yet_treated ; fenêtre 2007-2022 ; 722 traitées, 0 jamais traitées sur la fenêtre ; ATT(g,t) identifiés jusqu'en 2015 (sans unité jamais traitée, la dernière cohorte sert de contrôle)",event,0.0,722.0,0.0,0.0,2007.0,2022.0,2007.0,2015.0,722.0,1.0,dr,3.0,719.0,,,,,
h2,H2,H2b,asinh(naissances / 1 000 f. 25-39),"unités avec covariables, bascule 4G",cs,-3,0.0352968646470803,0.01188604884226089,0.012000636997764956,0.05859309229639565,0.002981833323189648,722,11552,False," ; covariables : log_pop, share_women_1549, share_foreign, pretrend_pre (doublement robuste) ; contrôle = not_yet_treated ; fenêtre 2007-2022 ; 722 traitées, 0 jamais traitées sur la fenêtre ; ATT(g,t) identifiés jusqu'en 2015 (sans unité jamais traitée, la dernière cohorte sert de contrôle)",event,0.0,722.0,0.0,0.0,2007.0,2022.0,2007.0,2015.0,722.0,1.0,dr,3.0,719.0,,,,,
h2,H2,H2b,asinh(naissances / 1 000 f. 25-39),"unités avec covariables, bascule 4G",cs,-2,-0.06293651183070553,0.015295158231402088,-0.09291447110209497,-0.03295855255931609,3.875158427091411e-05,722,11552,False," ; covariables : log_pop, share_women_1549, share_foreign, pretrend_pre (doublement robuste) ; contrôle = not_yet_treated ; fenêtre 2007-2022 ; 722 traitées, 0 jamais traitées sur la fenêtre ; ATT(g,t) identifiés jusqu'en 2015 (sans unité jamais traitée, la dernière cohorte sert de contrôle)",event,0.0,722.0,0.0,0.0,2007.0,2022.0,2007.0,2015.0,722.0,1.0,dr,3.0,719.0,,,,,
h2,H2,H2b,asinh(naissances / 1 000 f. 25-39),"unités avec covariables, bascule 4G",cs,0,0.06492648035635061,0.015662022743756075,0.03422947985354151,0.09562348085915971,3.391140988155615e-05,722,11552,False," ; covariables : log_pop, share_women_1549, share_foreign, pretrend_pre (doublement robuste) ; contrôle = not_yet_treated ; fenêtre 2007-2022 ; 722 traitées, 0 jamais traitées sur la fenêtre ; ATT(g,t) identifiés jusqu'en 2015 (sans unité jamais traitée, la dernière cohorte sert de contrôle)",event,0.0,722.0,0.0,0.0,2007.0,2022.0,2007.0,2015.0,722.0,1.0,dr,3.0,719.0,,,,,
h2,H2,H2b,asinh(naissances / 1 000 f. 25-39),"unités avec covariables, bascule 4G",cs,1,0.3697869108225624,0.03527954385526133,0.3006402754752488,0.43893354616987595,1.0492636019078952e-25,722,11552,False," ; covariables : log_pop, share_women_1549, share_foreign, pretrend_pre (doublement robuste) ; contrôle = not_yet_treated ; fenêtre 2007-2022 ; 722 traitées, 0 jamais traitées sur la fenêtre ; ATT(g,t) identifiés jusqu'en 2015 (sans unité jamais traitée, la dernière cohorte sert de contrôle)",event,0.0,722.0,0.0,0.0,2007.0,2022.0,2007.0,2015.0,722.0,1.0,dr,2.0,563.0,,,,,
h2,H2,H2b,asinh(naissances / 1 000 f. 25-39),"unités avec covariables, bascule 4G",cs,"ATT[1,1]",0.3697869108225624,0.03527954385526133,0.3006402754752488,0.43893354616987595,1.0492636019078952e-25,722,11552,False," ; covariables : log_pop, share_women_1549, share_foreign, pretrend_pre (doublement robuste) ; contrôle = not_yet_treated ; fenêtre 2007-2022 ; 722 traitées, 0 jamais traitées sur la fenêtre ; ATT(g,t) identifiés jusqu'en 2015 (sans unité jamais traitée, la dernière cohorte sert de contrôle) ; écart-type avec covariance complète des coefficients (fonctions d'influence)",post_avg,0.0,722.0,0.0,0.0,2007.0,2022.0,2007.0,2015.0,722.0,1.0,dr,,,,,1.0,,
h2,H2,H2b,asinh(naissances / 1 000 f. 25-39),"unités avec covariables, bascule 4G",cs,ATT,0.19880824506187106,0.01871991195719103,0.16211789183201591,0.2354985982917262,2.401787124428077e-26,722,11552,False," ; covariables : log_pop, share_women_1549, share_foreign, pretrend_pre (doublement robuste) ; contrôle = not_yet_treated ; fenêtre 2007-2022 ; 722 traitées, 0 jamais traitées sur la fenêtre ; ATT(g,t) identifiés jusqu'en 2015 (sans unité jamais traitée, la dernière cohorte sert de contrôle) ; moyenne de tous les ATT(g,t) post",simple,0.0,722.0,0.0,0.0,2007.0,2022.0,2007.0,2015.0,722.0,1.0,dr,,,,,,,
h2,H2,H2b,asinh(naissances / 1 000 f. 25-39),"unités avec covariables, bascule 4G",cs,Wald pré (-8..-2),279.9335714661263,,,,1.159989782335682e-56,722,11552,False,"H5c : test de Wald joint de nullité des coefficients pré avec covariance des fonctions d'influence, df = 7 ; fenêtre 2007-2022 ; 722 traitées, 0 jamais traitées sur la fenêtre",pre_test,0.0,722.0,0.0,0.0,2007.0,2022.0,2007.0,2015.0,722.0,1.0,dr,,,,,,7.0,
h2,H2,H2b,"log(naissances+0,5 / 1 000 f. 25-39)","unités avec covariables, bascule 4G, référence −2 (anticipation = 1)",cs,-8,7.7714601763590005,0.5307639187693713,6.73118201127769,8.81173834144031,1.5148151521745477e-48,722,11552,True," ; covariables : log_pop, share_women_1549, share_foreign, pretrend_pre (doublement robuste) ; contrôle = not_yet_treated ; fenêtre 2007-2022 ; 722 traitées, 0 jamais traitées sur la fenêtre ; ATT(g,t) identifiés jusqu'en 2014 (sans unité jamais traitée, la dernière cohorte sert de contrôle) ; référence −2",event,0.0,722.0,0.0,0.0,2007.0,2022.0,2007.0,2014.0,722.0,0.0,dr,1.0,156.0,,,,,
h2,H2,H2b,"log(naissances+0,5 / 1 000 f. 25-39)","unités avec covariables, bascule 4G, référence −2 (anticipation = 1)",cs,-7,0.033451992840731,0.08159904346097535,-0.1264791935156993,0.1933831791971613,0.6818384459594364,722,11552,True," ; covariables : log_pop, share_women_1549, share_foreign, pretrend_pre (doublement robuste) ; contrôle = not_yet_treated ; fenêtre 2007-2022 ; 722 traitées, 0 jamais traitées sur la fenêtre ; ATT(g,t) identifiés jusqu'en 2014 (sans unité jamais traitée, la dernière cohorte sert de contrôle) ; référence −2",event,0.0,722.0,0.0,0.0,2007.0,2022.0,2007.0,2014.0,722.0,0.0,dr,2.0,544.0,,,,,
h2,H2,H2b,"log(naissances+0,5 / 1 000 f. 25-39)","unités avec covariables, bascule 4G, référence −2 (anticipation = 1)",cs,-6,0.18998121935782245,0.03409375346805883,0.12315869046263957,0.25680374825300534,2.513727517363446e-08,722,11552,True," ; covariables : log_pop, share_women_1549, share_foreign, pretrend_pre (doublement robuste) ; contrôle = not_yet_treated ; fenêtre 2007-2022 ; 722 traitées, 0 jamais traitées sur la fenêtre ; ATT(g,t) identifiés jusqu'en 2014 (sans unité jamais traitée, la dernière cohorte sert de contrôle) ; référence −2",event,0.0,722.0,0.0,0.0,2007.0,2022.0,2007.0,2014.0,722.0,0.0,dr,3.0,719.0,,,,,
h2,H2,H2b,"log(naissances+0,5 / 1 000 f. 25-39)","unités avec covariables, bascule 4G, référence −2 (anticipation = 1)",cs,-5,0.05637711848084998,0.012751983210206909,0.03138369065738498,0.08137054630431498,9.822375545812743e-06,722,11552,True," ; covariables : log_pop, share_women_1549, share_foreign, pretrend_pre (doublement robuste) ; contrôle = not_yet_treated ; fenêtre 2007-2022 ; 722 traitées, 0 jamais traitées sur la fenêtre ; ATT(g,t) identifiés jusqu'en 2014 (sans unité jamais traitée, la dernière cohorte sert de contrôle) ; référence −2",event,0.0,722.0,0.0,0.0,2007.0,2022.0,2007.0,2014.0,722.0,0.0,dr,3.0,719.0,,,,,
h2,H2,H2b,"log(naissances+0,5 / 1 000 f. 25-39)","unités avec covariables, bascule 4G, référence −2 (anticipation = 1)",cs,-4,0.0992138652628912,0.016873054150213045,0.06614328681927953,0.13228444370650286,4.102214080256437e-09,722,11552,True," ; covariables : log_pop, share_women_1549, share_foreign, pretrend_pre (doublement robuste) ; contrôle = not_yet_treated ; fenêtre 2007-2022 ; 722 traitées, 0 jamais traitées sur la fenêtre ; ATT(g,t) identifiés jusqu'en 2014 (sans unité jamais traitée, la dernière cohorte sert de contrôle) ; référence −2",event,0.0,722.0,0.0,0.0,2007.0,2022.0,2007.0,2014.0,722.0,0.0,dr,3.0,719.0,,,,,
h2,H2,H2b,"log(naissances+0,5 / 1 000 f. 25-39)","unités avec covariables, bascule 4G, référence −2 (anticipation = 1)",cs,-3,0.09786476494948039,0.016490908012864194,0.06554317917190358,0.1301863507270572,2.9479992267301507e-09,722,11552,True," ; covariables : log_pop, share_women_1549, share_foreign, pretrend_pre (doublement robuste) ; contrôle = not_yet_treated ; fenêtre 2007-2022 ; 722 traitées, 0 jamais traitées sur la fenêtre ; ATT(g,t) identifiés jusqu'en 2014 (sans unité jamais traitée, la dernière cohorte sert de contrôle) ; référence −2",event,0.0,722.0,0.0,0.0,2007.0,2022.0,2007.0,2014.0,722.0,0.0,dr,3.0,719.0,,,,,
h2,H2,H2b,"log(naissances+0,5 / 1 000 f. 25-39)","unités avec covariables, bascule 4G, référence −2 (anticipation = 1)",cs,-1,0.062384900848204285,0.01522205214470247,0.03255022687379676,0.09221957482261181,4.161525840463323e-05,722,11552,True," ; covariables : log_pop, share_women_1549, share_foreign, pretrend_pre (doublement robuste) ; contrôle = not_yet_treated ; fenêtre 2007-2022 ; 722 traitées, 0 jamais traitées sur la fenêtre ; ATT(g,t) identifiés jusqu'en 2014 (sans unité jamais traitée, la dernière cohorte sert de contrôle) ; référence −2",event,0.0,722.0,0.0,0.0,2007.0,2022.0,2007.0,2014.0,722.0,0.0,dr,3.0,719.0,,,,,
h2,H2,H2b,"log(naissances+0,5 / 1 000 f. 25-39)","unités avec covariables, bascule 4G, référence −2 (anticipation = 1)",cs,0,-0.05563565728576818,0.019178850495203084,-0.0932255135212444,-0.01804580105029195,0.0037210932519468336,722,11552,True," ; covariables : log_pop, share_women_1549, share_foreign, pretrend_pre (doublement robuste) ; contrôle = not_yet_treated ; fenêtre 2007-2022 ; 722 traitées, 0 jamais traitées sur la fenêtre ; ATT(g,t) identifiés jusqu'en 2014 (sans unité jamais traitée, la dernière cohorte sert de contrôle) ; référence −2",event,0.0,722.0,0.0,0.0,2007.0,2022.0,2007.0,2014.0,722.0,0.0,dr,2.0,563.0,,,,,
h2,H2,H2b,"log(naissances+0,5 / 1 000 f. 25-39)","unités avec covariables, bascule 4G, référence −2 (anticipation = 1)",cs,"ATT[1,0]",,,,,,722,11552,True," ; covariables : log_pop, share_women_1549, share_foreign, pretrend_pre (doublement robuste) ; contrôle = not_yet_treated ; fenêtre 2007-2022 ; 722 traitées, 0 jamais traitées sur la fenêtre ; ATT(g,t) identifiés jusqu'en 2014 (sans unité jamais traitée, la dernière cohorte sert de contrôle) ; référence −2 ; écart-type avec covariance complète des coefficients (fonctions d'influence)",post_avg,0.0,722.0,0.0,0.0,2007.0,2022.0,2007.0,2014.0,722.0,0.0,dr,,,,,0.0,,
h2,H2,H2b,"log(naissances+0,5 / 1 000 f. 25-39)","unités avec covariables, bascule 4G, référence −2 (anticipation = 1)",cs,ATT,-0.05563565728576818,0.019178850495203084,-0.0932255135212444,-0.01804580105029195,0.0037210932519468336,722,11552,True," ; covariables : log_pop, share_women_1549, share_foreign, pretrend_pre (doublement robuste) ; contrôle = not_yet_treated ; fenêtre 2007-2022 ; 722 traitées, 0 jamais traitées sur la fenêtre ; ATT(g,t) identifiés jusqu'en 2014 (sans unité jamais traitée, la dernière cohorte sert de contrôle) ; référence −2 ; moyenne de tous les ATT(g,t) post",simple,0.0,722.0,0.0,0.0,2007.0,2022.0,2007.0,2014.0,722.0,0.0,dr,,,,,,,
h2,H2,H2b,"log(naissances+0,5 / 1 000 f. 25-39)","unités avec covariables, bascule 4G, référence −2 (anticipation = 1)",cs,Wald pré (-8..-3),272.2665000382314,,,,7.101651370856041e-56,722,11552,True,"H5c : test de Wald joint de nullité des coefficients pré avec covariance des fonctions d'influence, df = 6 ; fenêtre 2007-2022 ; 722 traitées, 0 jamais traitées sur la fenêtre",pre_test,0.0,722.0,0.0,0.0,2007.0,2022.0,2007.0,2014.0,722.0,0.0,dr,,,,,,6.0,
h2,H2,H2a,"log(naissances+0,5 / 1 000 f. 15-19)","unités avec covariables, bascule 4G",cs,-8,7.7073765422521765,0.6477628271197627,6.437784730573596,8.976968353930756,1.205591305113826e-32,722,11552,False," ; covariables : log_pop, share_women_1549, share_foreign, pretrend_pre (doublement robuste) ; contrôle = not_yet_treated ; fenêtre 2007-2022 ; 722 traitées, 0 jamais traitées sur la fenêtre ; ATT(g,t) identifiés jusqu'en 2015 (sans unité jamais traitée, la dernière cohorte sert de contrôle)",event,0.0,722.0,0.0,0.0,2007.0,2022.0,2007.0,2015.0,722.0,1.0,dr,1.0,156.0,,,,,
h2,H2,H2a,"log(naissances+0,5 / 1 000 f. 15-19)","unités avec covariables, bascule 4G",cs,-7,-0.8790672577274163,0.14915680901157177,-1.1714092314390163,-0.5867252840158164,3.7792204832445884e-09,722,11552,False," ; covariables : log_pop, share_women_1549, share_foreign, pretrend_pre (doublement robuste) ; contrôle = not_yet_treated ; fenêtre 2007-2022 ; 722 traitées, 0 jamais traitées sur la fenêtre ; ATT(g,t) identifiés jusqu'en 2015 (sans unité jamais traitée, la dernière cohorte sert de contrôle)",event,0.0,722.0,0.0,0.0,2007.0,2022.0,2007.0,2015.0,722.0,1.0,dr,2.0,544.0,,,,,
h2,H2,H2a,"log(naissances+0,5 / 1 000 f. 15-19)","unités avec covariables, bascule 4G",cs,-6,0.34969519271133054,0.07568609180590133,0.20135317864117183,0.4980372067814892,3.831186422377941e-06,722,11552,False," ; covariables : log_pop, share_women_1549, share_foreign, pretrend_pre (doublement robuste) ; contrôle = not_yet_treated ; fenêtre 2007-2022 ; 722 traitées, 0 jamais traitées sur la fenêtre ; ATT(g,t) identifiés jusqu'en 2015 (sans unité jamais traitée, la dernière cohorte sert de contrôle)",event,0.0,722.0,0.0,0.0,2007.0,2022.0,2007.0,2015.0,722.0,1.0,dr,3.0,719.0,,,,,
h2,H2,H2a,"log(naissances+0,5 / 1 000 f. 15-19)","unités avec covariables, bascule 4G",cs,-5,0.4463186851977974,0.09315957891103392,0.26372926571725375,0.628908104678341,1.6603079269610387e-06,722,11552,False," ; covariables : log_pop, share_women_1549, share_foreign, pretrend_pre (doublement robuste) ; contrôle = not_yet_treated ; fenêtre 2007-2022 ; 722 traitées, 0 jamais traitées sur la fenêtre ; ATT(g,t) identifiés jusqu'en 2015 (sans unité jamais traitée, la dernière cohorte sert de contrôle)",event,0.0,722.0,0.0,0.0,2007.0,2022.0,2007.0,2015.0,722.0,1.0,dr,3.0,719.0,,,,,
h2,H2,H2a,"log(naissances+0,5 / 1 000 f. 15-19)","unités avec covariables, bascule 4G",cs,-4,1.4131940294125576,0.1956212397222946,1.0297834449457839,1.7966046138793312,5.043054945471215e-13,722,11552,False," ; covariables : log_pop, share_women_1549, share_foreign, pretrend_pre (doublement robuste) ; contrôle = not_yet_treated ; fenêtre 2007-2022 ; 722 traitées, 0 jamais traitées sur la fenêtre ; ATT(g,t) identifiés jusqu'en 2015 (sans unité jamais traitée, la dernière cohorte sert de contrôle)",event,0.0,722.0,0.0,0.0,2007.0,2022.0,2007.0,2015.0,722.0,1.0,dr,3.0,719.0,,,,,
h2,H2,H2a,"log(naissances+0,5 / 1 000 f. 15-19)","unités avec covariables, bascule 4G",cs,-3,1.0632744891308465,0.14064767014544985,0.7876101211362955,1.3389388571253975,4.03552090793491e-14,722,11552,False," ; covariables : log_pop, share_women_1549, share_foreign, pretrend_pre (doublement robuste) ; contrôle = not_yet_treated ; fenêtre 2007-2022 ; 722 traitées, 0 jamais traitées sur la fenêtre ; ATT(g,t) identifiés jusqu'en 2015 (sans unité jamais traitée, la dernière cohorte sert de contrôle)",event,0.0,722.0,0.0,0.0,2007.0,2022.0,2007.0,2015.0,722.0,1.0,dr,3.0,719.0,,,,,
h2,H2,H2a,"log(naissances+0,5 / 1 000 f. 15-19)","unités avec covariables, bascule 4G",cs,-2,-0.5009422282967682,0.10003513348910169,-0.6970074871240641,-0.3048769694694722,5.509491272988509e-07,722,11552,False," ; covariables : log_pop, share_women_1549, share_foreign, pretrend_pre (doublement robuste) ; contrôle = not_yet_treated ; fenêtre 2007-2022 ; 722 traitées, 0 jamais traitées sur la fenêtre ; ATT(g,t) identifiés jusqu'en 2015 (sans unité jamais traitée, la dernière cohorte sert de contrôle)",event,0.0,722.0,0.0,0.0,2007.0,2022.0,2007.0,2015.0,722.0,1.0,dr,3.0,719.0,,,,,
h2,H2,H2a,"log(naissances+0,5 / 1 000 f. 15-19)","unités avec covariables, bascule 4G",cs,0,0.15682271029225903,0.0797813799811922,0.0004540788922174632,0.31319134169230056,0.0493384156283853,722,11552,False," ; covariables : log_pop, share_women_1549, share_foreign, pretrend_pre (doublement robuste) ; contrôle = not_yet_treated ; fenêtre 2007-2022 ; 722 traitées, 0 jamais traitées sur la fenêtre ; ATT(g,t) identifiés jusqu'en 2015 (sans unité jamais traitée, la dernière cohorte sert de contrôle)",event,0.0,722.0,0.0,0.0,2007.0,2022.0,2007.0,2015.0,722.0,1.0,dr,3.0,719.0,,,,,
h2,H2,H2a,"log(naissances+0,5 / 1 000 f. 15-19)","unités avec covariables, bascule 4G",cs,1,1.705770466165412,0.17662389750979327,1.3595939882371235,2.0519469440937006,4.562419572728282e-22,722,11552,False," ; covariables : log_pop, share_women_1549, share_foreign, pretrend_pre (doublement robuste) ; contrôle = not_yet_treated ; fenêtre 2007-2022 ; 722 traitées, 0 jamais traitées sur la fenêtre ; ATT(g,t) identifiés jusqu'en 2015 (sans unité jamais traitée, la dernière cohorte sert de contrôle)",event,0.0,722.0,0.0,0.0,2007.0,2022.0,2007.0,2015.0,722.0,1.0,dr,2.0,563.0,,,,,
h2,H2,H2a,"log(naissances+0,5 / 1 000 f. 15-19)","unités avec covariables, bascule 4G",cs,"ATT[1,1]",1.705770466165412,0.17662389750979327,1.3595939882371235,2.0519469440937006,4.562419572728282e-22,722,11552,False," ; covariables : log_pop, share_women_1549, share_foreign, pretrend_pre (doublement robuste) ; contrôle = not_yet_treated ; fenêtre 2007-2022 ; 722 traitées, 0 jamais traitées sur la fenêtre ; ATT(g,t) identifiés jusqu'en 2015 (sans unité jamais traitée, la dernière cohorte sert de contrôle) ; écart-type avec covariance complète des coefficients (fonctions d'influence)",post_avg,0.0,722.0,0.0,0.0,2007.0,2022.0,2007.0,2015.0,722.0,1.0,dr,,,,,1.0,,
h2,H2,H2a,"log(naissances+0,5 / 1 000 f. 15-19)","unités avec covariables, bascule 4G",cs,ATT,0.8370548370914673,0.10245032704638753,0.636255885876198,1.0378537883067367,3.0750084150053075e-16,722,11552,False," ; covariables : log_pop, share_women_1549, share_foreign, pretrend_pre (doublement robuste) ; contrôle = not_yet_treated ; fenêtre 2007-2022 ; 722 traitées, 0 jamais traitées sur la fenêtre ; ATT(g,t) identifiés jusqu'en 2015 (sans unité jamais traitée, la dernière cohorte sert de contrôle) ; moyenne de tous les ATT(g,t) post",simple,0.0,722.0,0.0,0.0,2007.0,2022.0,2007.0,2015.0,722.0,1.0,dr,,,,,,,
h2,H2,H2a,"log(naissances+0,5 / 1 000 f. 15-19)","unités avec covariables, bascule 4G",cs,Wald pré (-8..-2),158.41616616359678,,,,6.90975754937708e-31,722,11552,False,"H5c : test de Wald joint de nullité des coefficients pré avec covariance des fonctions d'influence, df = 7 ; fenêtre 2007-2022 ; 722 traitées, 0 jamais traitées sur la fenêtre",pre_test,0.0,722.0,0.0,0.0,2007.0,2022.0,2007.0,2015.0,722.0,1.0,dr,,,,,,7.0,
h2,H2,H2a,"log(naissances+0,5 / 1 000 f. 15-19)","unités avec covariables, bascule 4G ; fenêtre identifiée ≤ 2015, cohorte 2016 = contrôle",sunab,-8,0.8404309265337355,0.7734952025956003,-0.6755918127681537,2.356453665835625,0.27724161220257737,722,11552,False," ; fenêtre 2007-2022 ; 722 traitées, 0 jamais traitées sur la fenêtre ; covariables invariantes dans le temps absorbées par les effets fixes unité : log_pop, share_women_1549, share_foreign, pretrend_pre ; comparaisons sur la fenêtre identifiée (années < 2016, cohorte 2016 recodée contrôle, 3 unités de contrôle) ; cellules −8 et +8 bornées",event,0.0,722.0,0.0,0.0,2007.0,2022.0,,,,,,,,,,,,
h2,H2,H2a,"log(naissances+0,5 / 1 000 f. 15-19)","unités avec covariables, bascule 4G ; fenêtre identifiée ≤ 2015, cohorte 2016 = contrôle",sunab,-7,0.905078878449377,0.5385517585216988,-0.15046317206386484,1.9606209289626189,0.0928446805839439,722,11552,False," ; fenêtre 2007-2022 ; 722 traitées, 0 jamais traitées sur la fenêtre ; covariables invariantes dans le temps absorbées par les effets fixes unité : log_pop, share_women_1549, share_foreign, pretrend_pre ; comparaisons sur la fenêtre identifiée (années < 2016, cohorte 2016 recodée contrôle, 3 unités de contrôle) ; cellules −8 et +8 bornées",event,0.0,722.0,0.0,0.0,2007.0,2022.0,,,,,,,,,,,,
h2,H2,H2a,"log(naissances+0,5 / 1 000 f. 15-19)","unités avec covariables, bascule 4G ; fenêtre identifiée ≤ 2015, cohorte 2016 = contrôle",sunab,-6,0.346993609932895,0.17580563477296912,0.0024208974986729692,0.6915663223671171,0.0484119638519474,722,11552,False," ; fenêtre 2007-2022 ; 722 traitées, 0 jamais traitées sur la fenêtre ; covariables invariantes dans le temps absorbées par les effets fixes unité : log_pop, share_women_1549, share_foreign, pretrend_pre ; comparaisons sur la fenêtre identifiée (années < 2016, cohorte 2016 recodée contrôle, 3 unités de contrôle) ; cellules −8 et +8 bornées",event,0.0,722.0,0.0,0.0,2007.0,2022.0,,,,,,,,,,,,
h2,H2,H2a,"log(naissances+0,5 / 1 000 f. 15-19)","unités avec covariables, bascule 4G ; fenêtre identifiée ≤ 2015, cohorte 2016 = contrôle",sunab,-5,-0.15303428555079657,0.08356830164589002,-0.31682514702592035,0.010756575924327189,0.06706353470309313,722,11552,False," ; fenêtre 2007-2022 ; 722 traitées, 0 jamais traitées sur la fenêtre ; covariables invariantes dans le temps absorbées par les effets fixes unité : log_pop, share_women_1549, share_foreign, pretrend_pre ; comparaisons sur la fenêtre identifiée (années < 2016, cohorte 2016 recodée contrôle, 3 unités de contrôle) ; cellules −8 et +8 bornées",event,0.0,722.0,0.0,0.0,2007.0,2022.0,,,,,,,,,,,,
h2,H2,H2a,"log(naissances+0,5 / 1 000 f. 15-19)","unités avec covariables, bascule 4G ; fenêtre identifiée ≤ 2015, cohorte 2016 = contrôle",sunab,-4,-0.5239554421747634,0.23760118092594731,-0.9896451994738054,-0.058265684875721424,0.02744085495032662,722,11552,False," ; fenêtre 2007-2022 ; 722 traitées, 0 jamais traitées sur la fenêtre ; covariables invariantes dans le temps absorbées par les effets fixes unité : log_pop, share_women_1549, share_foreign, pretrend_pre ; comparaisons sur la fenêtre identifiée (années < 2016, cohorte 2016 recodée contrôle, 3 unités de contrôle) ; cellules −8 et +8 bornées",event,0.0,722.0,0.0,0.0,2007.0,2022.0,,,,,,,,,,,,
h2,H2,H2a,"log(naissances+0,5 / 1 000 f. 15-19)","unités avec covariables, bascule 4G ; fenêtre identifiée ≤ 2015, cohorte 2016 = contrôle",sunab,-3,-0.34638321221375645,0.4226724217499016,-1.1748059361018877,0.48203951167437487,0.41249693473042726,722,11552,False," ; fenêtre 2007-2022 ; 722 traitées, 0 jamais traitées sur la fenêtre ; covariables invariantes dans le temps absorbées par les effets fixes unité : log_pop, share_women_1549, share_foreign, pretrend_pre ; comparaisons sur la fenêtre identifiée (années < 2016, cohorte 2016 recodée contrôle, 3 unités de contrôle) ; cellules −8 et +8 bornées",event,0.0,722.0,0.0,0.0,2007.0,2022.0,,,,,,,,,,,,
h2,H2,H2a,"log(naissances+0,5 / 1 000 f. 15-19)","unités avec covariables, bascule 4G ; fenêtre identifiée ≤ 2015, cohorte 2016 = contrôle",sunab,-2,-0.036342310434563235,0.3013118803181915,-0.6269027439722618,0.5542181231031352,0.903997096703916,722,11552,False," ; fenêtre 2007-2022 ; 722 traitées, 0 jamais traitées sur la fenêtre ; covariables invariantes dans le temps absorbées par les effets fixes unité : log_pop, share_women_1549, share_foreign, pretrend_pre ; comparaisons sur la fenêtre identifiée (années < 2016, cohorte 2016 recodée contrôle, 3 unités de contrôle) ; cellules −8 et +8 bornées",event,0.0,722.0,0.0,0.0,2007.0,2022.0,,,,,,,,,,,,
h2,H2,H2a,"log(naissances+0,5 / 1 000 f. 15-19)","unités avec covariables, bascule 4G ; fenêtre identifiée ≤ 2015, cohorte 2016 = contrôle",sunab,0,0.10362754667523241,0.10428760855780889,-0.10077241013188412,0.308027503482349,0.32038318525155474,722,11552,False," ; fenêtre 2007-2022 ; 722 traitées, 0 jamais traitées sur la fenêtre ; covariables invariantes dans le temps absorbées par les effets fixes unité : log_pop, share_women_1549, share_foreign, pretrend_pre ; comparaisons sur la fenêtre identifiée (années < 2016, cohorte 2016 recodée contrôle, 3 unités de contrôle) ; cellules −8 et +8 bornées",event,0.0,722.0,0.0,0.0,2007.0,2022.0,,,,,,,,,,,,
h2,H2,H2a,"log(naissances+0,5 / 1 000 f. 15-19)","unités avec covariables, bascule 4G ; fenêtre identifiée ≤ 2015, cohorte 2016 = contrôle",sunab,1,0.20072543411349852,0.15927310186294066,-0.11144410924384457,0.5128949774708416,0.2075757776004561,722,11552,False," ; fenêtre 2007-2022 ; 722 traitées, 0 jamais traitées sur la fenêtre ; covariables invariantes dans le temps absorbées par les effets fixes unité : log_pop, share_women_1549, share_foreign, pretrend_pre ; comparaisons sur la fenêtre identifiée (années < 2016, cohorte 2016 recodée contrôle, 3 unités de contrôle) ; cellules −8 et +8 bornées",event,0.0,722.0,0.0,0.0,2007.0,2022.0,,,,,,,,,,,,
h2,H2,H2a,"log(naissances+0,5 / 1 000 f. 15-19)","unités avec covariables, bascule 4G ; fenêtre identifiée ≤ 2015, cohorte 2016 = contrôle",sunab,2,-0.013540432892158758,0.37531412621667026,-0.7491426031659526,0.722061737381635,0.9712204833676806,722,11552,False," ; fenêtre 2007-2022 ; 722 traitées, 0 jamais traitées sur la fenêtre ; covariables invariantes dans le temps absorbées par les effets fixes unité : log_pop, share_women_1549, share_foreign, pretrend_pre ; comparaisons sur la fenêtre identifiée (années < 2016, cohorte 2016 recodée contrôle, 3 unités de contrôle) ; cellules −8 et +8 bornées",event,0.0,722.0,0.0,0.0,2007.0,2022.0,,,,,,,,,,,,
h2,H2,H2a,"log(naissances+0,5 / 1 000 f. 15-19)","unités avec covariables, bascule 4G ; fenêtre identifiée ≤ 2015, cohorte 2016 = contrôle",sunab,"ATT[1,2]",0.09359250061066988,0.22075829970233884,-0.3390858160942136,0.5262708173155534,0.6715956067842339,722,11552,False," ; fenêtre 2007-2022 ; 722 traitées, 0 jamais traitées sur la fenêtre ; covariables invariantes dans le temps absorbées par les effets fixes unité : log_pop, share_women_1549, share_foreign, pretrend_pre ; comparaisons sur la fenêtre identifiée (années < 2016, cohorte 2016 recodée contrôle, 3 unités de contrôle) ; écart-type avec covariance complète (w'Vw)",post_avg,0.0,722.0,0.0,0.0,2007.0,2022.0,,,,,,,,,,,,
h2,H2,H2a,"log(naissances+0,5 / 1 000 f. 15-19)","unités avec covariables, bascule 4G ; fenêtre identifiée ≤ 2015, cohorte 2016 = contrôle",sunab,Wald pré (-8..−2),702.6410125753307,,,,1.8587368159292148e-147,722,11552,False,"test de Wald joint, covariance groupée, df = 7 ; fenêtre 2007-2022 ; 722 traitées, 0 jamais traitées sur la fenêtre",pre_test,0.0,722.0,0.0,0.0,2007.0,2022.0,,,,,,,,,,,7.0,
h2,H2,H2a,"log(naissances+0,5 / 1 000 f. 15-19)","unités avec covariables, bascule 4G ; fenêtre identifiée ≤ 2015, cohorte 2016 = contrôle",did2s,-8,0.002616329933685331,0.04064654995204303,-0.07704944406812728,0.08228210393549792,0.9486773503871423,722,11552,False," ; fenêtre 2007-2022 ; 722 traitées, 0 jamais traitées sur la fenêtre ; covariables invariantes dans le temps absorbées par les effets fixes unité : log_pop, share_women_1549, share_foreign, pretrend_pre ; comparaisons sur la fenêtre identifiée (années < 2016, cohorte 2016 recodée contrôle, 3 unités de contrôle) ; cellules −8 et +8 bornées",event,0.0,722.0,0.0,0.0,2007.0,2022.0,,,,,,,,,,,,
h2,H2,H2a,"log(naissances+0,5 / 1 000 f. 15-19)","unités avec covariables, bascule 4G ; fenêtre identifiée ≤ 2015, cohorte 2016 = contrôle",did2s,-7,0.013200311476477048,0.016131385565219054,-0.018416623252081602,0.0448172462050357,0.4131859532377469,722,11552,False," ; fenêtre 2007-2022 ; 722 traitées, 0 jamais traitées sur la fenêtre ; covariables invariantes dans le temps absorbées par les effets fixes unité : log_pop, share_women_1549, share_foreign, pretrend_pre ; comparaisons sur la fenêtre identifiée (années < 2016, cohorte 2016 recodée contrôle, 3 unités de contrôle) ; cellules −8 et +8 bornées",event,0.0,722.0,0.0,0.0,2007.0,2022.0,,,,,,,,,,,,
h2,H2,H2a,"log(naissances+0,5 / 1 000 f. 15-19)","unités avec covariables, bascule 4G ; fenêtre identifiée ≤ 2015, cohorte 2016 = contrôle",did2s,-6,-0.023285277606865214,0.014194523983429049,-0.05110603339207617,0.0045354781783457435,0.10091352853310184,722,11552,False," ; fenêtre 2007-2022 ; 722 traitées, 0 jamais traitées sur la fenêtre ; covariables invariantes dans le temps absorbées par les effets fixes unité : log_pop, share_women_1549, share_foreign, pretrend_pre ; comparaisons sur la fenêtre identifiée (années < 2016, cohorte 2016 recodée contrôle, 3 unités de contrôle) ; cellules −8 et +8 bornées",event,0.0,722.0,0.0,0.0,2007.0,2022.0,,,,,,,,,,,,
h2,H2,H2a,"log(naissances+0,5 / 1 000 f. 15-19)","unités avec covariables, bascule 4G ; fenêtre identifiée ≤ 2015, cohorte 2016 = contrôle",did2s,-5,0.028560072983774724,0.013923811544865368,0.0012699038283155925,0.055850242139233855,0.04025061486246654,722,11552,False," ; fenêtre 2007-2022 ; 722 traitées, 0 jamais traitées sur la fenêtre ; covariables invariantes dans le temps absorbées par les effets fixes unité : log_pop, share_women_1549, share_foreign, pretrend_pre ; comparaisons sur la fenêtre identifiée (années < 2016, cohorte 2016 recodée contrôle, 3 unités de contrôle) ; cellules −8 et +8 bornées",event,0.0,722.0,0.0,0.0,2007.0,2022.0,,,,,,,,,,,,
h2,H2,H2a,"log(naissances+0,5 / 1 000 f. 15-19)","unités avec covariables, bascule 4G ; fenêtre identifiée ≤ 2015, cohorte 2016 = contrôle",did2s,-4,-0.00023362771173724833,0.014253817881329848,-0.028170597401336768,0.02770334197786227,0.9869228301039179,722,11552,False," ; fenêtre 2007-2022 ; 722 traitées, 0 jamais traitées sur la fenêtre ; covariables invariantes dans le temps absorbées par les effets fixes unité : log_pop, share_women_1549, share_foreign, pretrend_pre ; comparaisons sur la fenêtre identifiée (années < 2016, cohorte 2016 recodée contrôle, 3 unités de contrôle) ; cellules −8 et +8 bornées",event,0.0,722.0,0.0,0.0,2007.0,2022.0,,,,,,,,,,,,
h2,H2,H2a,"log(naissances+0,5 / 1 000 f. 15-19)","unités avec covariables, bascule 4G ; fenêtre identifiée ≤ 2015, cohorte 2016 = contrôle",did2s,-3,-0.021508880434429337,0.015088396334349044,-0.05108159383421963,0.008063832965360961,0.15400560884058828,722,11552,False," ; fenêtre 2007-2022 ; 722 traitées, 0 jamais traitées sur la fenêtre ; covariables invariantes dans le temps absorbées par les effets fixes unité : log_pop, share_women_1549, share_foreign, pretrend_pre ; comparaisons sur la fenêtre identifiée (années < 2016, cohorte 2016 recodée contrôle, 3 unités de contrôle) ; cellules −8 et +8 bornées",event,0.0,722.0,0.0,0.0,2007.0,2022.0,,,,,,,,,,,,
h2,H2,H2a,"log(naissances+0,5 / 1 000 f. 15-19)","unités avec covariables, bascule 4G ; fenêtre identifiée ≤ 2015, cohorte 2016 = contrôle",did2s,-2,-0.00395165135524438,0.015133743341219271,-0.03361324325530701,0.025709940544818254,0.7940036225968239,722,11552,False," ; fenêtre 2007-2022 ; 722 traitées, 0 jamais traitées sur la fenêtre ; covariables invariantes dans le temps absorbées par les effets fixes unité : log_pop, share_women_1549, share_foreign, pretrend_pre ; comparaisons sur la fenêtre identifiée (années < 2016, cohorte 2016 recodée contrôle, 3 unités de contrôle) ; cellules −8 et +8 bornées",event,0.0,722.0,0.0,0.0,2007.0,2022.0,,,,,,,,,,,,
h2,H2,H2a,"log(naissances+0,5 / 1 000 f. 15-19)","unités avec covariables, bascule 4G ; fenêtre identifiée ≤ 2015, cohorte 2016 = contrôle",did2s,0,0.019159133502717283,0.059804337773213735,-0.09805521465204997,0.13637348165748453,0.7486927085221469,722,11552,False," ; fenêtre 2007-2022 ; 722 traitées, 0 jamais traitées sur la fenêtre ; covariables invariantes dans le temps absorbées par les effets fixes unité : log_pop, share_women_1549, share_foreign, pretrend_pre ; comparaisons sur la fenêtre identifiée (années < 2016, cohorte 2016 recodée contrôle, 3 unités de contrôle) ; cellules −8 et +8 bornées",event,0.0,722.0,0.0,0.0,2007.0,2022.0,,,,,,,,,,,,
h2,H2,H2a,"log(naissances+0,5 / 1 000 f. 15-19)","unités avec covariables, bascule 4G ; fenêtre identifiée ≤ 2015, cohorte 2016 = contrôle",did2s,1,0.04512294341144901,0.1461185040470094,-0.24126406199555955,0.3315099488184576,0.7574656027312578,722,11552,False," ; fenêtre 2007-2022 ; 722 traitées, 0 jamais traitées sur la fenêtre ; covariables invariantes dans le temps absorbées par les effets fixes unité : log_pop, share_women_1549, share_foreign, pretrend_pre ; comparaisons sur la fenêtre identifiée (années < 2016, cohorte 2016 recodée contrôle, 3 unités de contrôle) ; cellules −8 et +8 bornées",event,0.0,722.0,0.0,0.0,2007.0,2022.0,,,,,,,,,,,,
h2,H2,H2a,"log(naissances+0,5 / 1 000 f. 15-19)","unités avec covariables, bascule 4G ; fenêtre identifiée ≤ 2015, cohorte 2016 = contrôle",did2s,2,0.1330036744916971,0.2081131025949416,-0.2748905113052777,0.5408978602886718,0.5227622852231661,722,11552,False," ; fenêtre 2007-2022 ; 722 traitées, 0 jamais traitées sur la fenêtre ; covariables invariantes dans le temps absorbées par les effets fixes unité : log_pop, share_women_1549, share_foreign, pretrend_pre ; comparaisons sur la fenêtre identifiée (années < 2016, cohorte 2016 recodée contrôle, 3 unités de contrôle) ; cellules −8 et +8 bornées",event,0.0,722.0,0.0,0.0,2007.0,2022.0,,,,,,,,,,,,
h2,H2,H2a,"log(naissances+0,5 / 1 000 f. 15-19)","unités avec covariables, bascule 4G ; fenêtre identifiée ≤ 2015, cohorte 2016 = contrôle",did2s,"ATT[1,2]",0.08906330895157305,0.17551492600731392,-0.2549396247719747,0.4330662426751208,0.61184606600948,722,11552,False," ; fenêtre 2007-2022 ; 722 traitées, 0 jamais traitées sur la fenêtre ; covariables invariantes dans le temps absorbées par les effets fixes unité : log_pop, share_women_1549, share_foreign, pretrend_pre ; comparaisons sur la fenêtre identifiée (années < 2016, cohorte 2016 recodée contrôle, 3 unités de contrôle) ; écart-type avec covariance complète (w'Vw)",post_avg,0.0,722.0,0.0,0.0,2007.0,2022.0,,,,,,,,,,,,
h2,H2,H2a,"log(naissances+0,5 / 1 000 f. 15-19)","unités avec covariables, bascule 4G ; fenêtre identifiée ≤ 2015, cohorte 2016 = contrôle",did2s,Wald pré (-8..−2),8.842512682987472,,,,0.264161687376115,722,11552,False,"test de Wald joint, covariance groupée, df = 7 ; fenêtre 2007-2022 ; 722 traitées, 0 jamais traitées sur la fenêtre",pre_test,0.0,722.0,0.0,0.0,2007.0,2022.0,,,,,,,,,,,7.0,
h2,H2,H2a,"log(naissances+0,5 / 1 000 f. 15-19)","unités avec covariables, bascule 4G ; fenêtre identifiée ≤ 2015, cohorte 2016 = contrôle",twfe,-8,0.2850516952351669,0.3899423512373002,-0.47922126923680924,1.049324659707143,0.4647731434683462,722,11552,False," ; fenêtre 2007-2022 ; 722 traitées, 0 jamais traitées sur la fenêtre ; covariables invariantes dans le temps absorbées par les effets fixes unité : log_pop, share_women_1549, share_foreign, pretrend_pre ; comparaisons sur la fenêtre identifiée (années < 2016, cohorte 2016 recodée contrôle, 3 unités de contrôle) ; cellules −8 et +8 bornées",event,0.0,722.0,0.0,0.0,2007.0,2022.0,,,,,,,,,,,,
h2,H2,H2a,"log(naissances+0,5 / 1 000 f. 15-19)","unités avec covariables, bascule 4G ; fenêtre identifiée ≤ 2015, cohorte 2016 = contrôle",twfe,-7,0.2671791451534016,0.3302068217185911,-0.3800143328644755,0.9143726231712787,0.4184422906066567,722,11552,False," ; fenêtre 2007-2022 ; 722 traitées, 0 jamais traitées sur la fenêtre ; covariables invariantes dans le temps absorbées par les effets fixes unité : log_pop, share_women_1549, share_foreign, pretrend_pre ; comparaisons sur la fenêtre identifiée (années < 2016, cohorte 2016 recodée contrôle, 3 unités de contrôle) ; cellules −8 et +8 bornées",event,0.0,722.0,0.0,0.0,2007.0,2022.0,,,,,,,,,,,,
h2,H2,H2a,"log(naissances+0,5 / 1 000 f. 15-19)","unités avec covariables, bascule 4G ; fenêtre identifiée ≤ 2015, cohorte 2016 = contrôle",twfe,-6,0.18353702367370908,0.27321333076596616,-0.35195126472381366,0.7190253120712318,0.5017289544434633,722,11552,False," ; fenêtre 2007-2022 ; 722 traitées, 0 jamais traitées sur la fenêtre ; covariables invariantes dans le temps absorbées par les effets fixes unité : log_pop, share_women_1549, share_foreign, pretrend_pre ; comparaisons sur la fenêtre identifiée (années < 2016, cohorte 2016 recodée contrôle, 3 unités de contrôle) ; cellules −8 et +8 bornées",event,0.0,722.0,0.0,0.0,2007.0,2022.0,,,,,,,,,,,,
h2,H2,H2a,"log(naissances+0,5 / 1 000 f. 15-19)","unités avec covariables, bascule 4G ; fenêtre identifiée ≤ 2015, cohorte 2016 = contrôle",twfe,-5,0.1913659669361323,0.21918498742869014,-0.23822871437596485,0.6209606482482295,0.3826196281789187,722,11552,False," ; fenêtre 2007-2022 ; 722 traitées, 0 jamais traitées sur la fenêtre ; covariables invariantes dans le temps absorbées par les effets fixes unité : log_pop, share_women_1549, share_foreign, pretrend_pre ; comparaisons sur la fenêtre identifiée (années < 2016, cohorte 2016 recodée contrôle, 3 unités de contrôle) ; cellules −8 et +8 bornées",event,0.0,722.0,0.0,0.0,2007.0,2022.0,,,,,,,,,,,,
h2,H2,H2a,"log(naissances+0,5 / 1 000 f. 15-19)","unités avec covariables, bascule 4G ; fenêtre identifiée ≤ 2015, cohorte 2016 = contrôle",twfe,-4,0.10521462134926737,0.16725098632070792,-0.22259128821812138,0.43302053091665615,0.5292952316386441,722,11552,False," ; fenêtre 2007-2022 ; 722 traitées, 0 jamais traitées sur la fenêtre ; covariables invariantes dans le temps absorbées par les effets fixes unité : log_pop, share_women_1549, share_foreign, pretrend_pre ; comparaisons sur la fenêtre identifiée (années < 2016, cohorte 2016 recodée contrôle, 3 unités de contrôle) ; cellules −8 et +8 bornées",event,0.0,722.0,0.0,0.0,2007.0,2022.0,,,,,,,,,,,,
h2,H2,H2a,"log(naissances+0,5 / 1 000 f. 15-19)","unités avec covariables, bascule 4G ; fenêtre identifiée ≤ 2015, cohorte 2016 = contrôle",twfe,-3,0.025930537487226193,0.11535786575452724,-0.20016672472505365,0.25202779969950606,0.8221477521459459,722,11552,False," ; fenêtre 2007-2022 ; 722 traitées, 0 jamais traitées sur la fenêtre ; covariables invariantes dans le temps absorbées par les effets fixes unité : log_pop, share_women_1549, share_foreign, pretrend_pre ; comparaisons sur la fenêtre identifiée (années < 2016, cohorte 2016 recodée contrôle, 3 unités de contrôle) ; cellules −8 et +8 bornées",event,0.0,722.0,0.0,0.0,2007.0,2022.0,,,,,,,,,,,,
h2,H2,H2a,"log(naissances+0,5 / 1 000 f. 15-19)","unités avec covariables, bascule 4G ; fenêtre identifiée ≤ 2015, cohorte 2016 = contrôle",twfe,-2,0.0035655067225131426,0.06434156141936086,-0.12254163636850597,0.12967264981353227,0.9558076094805378,722,11552,False," ; fenêtre 2007-2022 ; 722 traitées, 0 jamais traitées sur la fenêtre ; covariables invariantes dans le temps absorbées par les effets fixes unité : log_pop, share_women_1549, share_foreign, pretrend_pre ; comparaisons sur la fenêtre identifiée (années < 2016, cohorte 2016 recodée contrôle, 3 unités de contrôle) ; cellules −8 et +8 bornées",event,0.0,722.0,0.0,0.0,2007.0,2022.0,,,,,,,,,,,,
h2,H2,H2a,"log(naissances+0,5 / 1 000 f. 15-19)","unités avec covariables, bascule 4G ; fenêtre identifiée ≤ 2015, cohorte 2016 = contrôle",twfe,0,-0.05163624447677645,0.06430765731019678,-0.17767693673490606,0.07440444778135316,0.4219999402003416,722,11552,False," ; fenêtre 2007-2022 ; 722 traitées, 0 jamais traitées sur la fenêtre ; covariables invariantes dans le temps absorbées par les effets fixes unité : log_pop, share_women_1549, share_foreign, pretrend_pre ; comparaisons sur la fenêtre identifiée (années < 2016, cohorte 2016 recodée contrôle, 3 unités de contrôle) ; cellules −8 et +8 bornées",event,0.0,722.0,0.0,0.0,2007.0,2022.0,,,,,,,,,,,,
h2,H2,H2a,"log(naissances+0,5 / 1 000 f. 15-19)","unités avec covariables, bascule 4G ; fenêtre identifiée ≤ 2015, cohorte 2016 = contrôle",twfe,1,-0.18587639393050165,0.11907641603207429,-0.4192618807614752,0.047509092900471867,0.11852749885279278,722,11552,False," ; fenêtre 2007-2022 ; 722 traitées, 0 jamais traitées sur la fenêtre ; covariables invariantes dans le temps absorbées par les effets fixes unité : log_pop, share_women_1549, share_foreign, pretrend_pre ; comparaisons sur la fenêtre identifiée (années < 2016, cohorte 2016 recodée contrôle, 3 unités de contrôle) ; cellules −8 et +8 bornées",event,0.0,722.0,0.0,0.0,2007.0,2022.0,,,,,,,,,,,,
h2,H2,H2a,"log(naissances+0,5 / 1 000 f. 15-19)","unités avec covariables, bascule 4G ; fenêtre identifiée ≤ 2015, cohorte 2016 = contrôle",twfe,2,-0.24946741627650224,0.1754775308760168,-0.5933970568895105,0.094462224336506,0.15512823862617997,722,11552,False," ; fenêtre 2007-2022 ; 722 traitées, 0 jamais traitées sur la fenêtre ; covariables invariantes dans le temps absorbées par les effets fixes unité : log_pop, share_women_1549, share_foreign, pretrend_pre ; comparaisons sur la fenêtre identifiée (années < 2016, cohorte 2016 recodée contrôle, 3 unités de contrôle) ; cellules −8 et +8 bornées",event,0.0,722.0,0.0,0.0,2007.0,2022.0,,,,,,,,,,,,
h2,H2,H2a,"log(naissances+0,5 / 1 000 f. 15-19)","unités avec covariables, bascule 4G ; fenêtre identifiée ≤ 2015, cohorte 2016 = contrôle",twfe,"ATT[1,2]",-0.21767190510350193,0.14560211395039327,-0.5030468045191697,0.06770299431216587,0.1349202770606829,722,11552,False," ; fenêtre 2007-2022 ; 722 traitées, 0 jamais traitées sur la fenêtre ; covariables invariantes dans le temps absorbées par les effets fixes unité : log_pop, share_women_1549, share_foreign, pretrend_pre ; comparaisons sur la fenêtre identifiée (années < 2016, cohorte 2016 recodée contrôle, 3 unités de contrôle) ; écart-type avec covariance complète (w'Vw)",post_avg,0.0,722.0,0.0,0.0,2007.0,2022.0,,,,,,,,,,,,
h2,H2,H2a,"log(naissances+0,5 / 1 000 f. 15-19)","unités avec covariables, bascule 4G ; fenêtre identifiée ≤ 2015, cohorte 2016 = contrôle",twfe,Wald pré (-8..−2),9.564988193448317,,,,0.21459406622126115,722,11552,False,"test de Wald joint, covariance groupée, df = 7 ; fenêtre 2007-2022 ; 722 traitées, 0 jamais traitées sur la fenêtre",pre_test,0.0,722.0,0.0,0.0,2007.0,2022.0,,,,,,,,,,,7.0,
h2,H2,H2a,"log(naissances+0,5 / 1 000 f. 15-19)","unités avec covariables, bascule 4G ; fenêtre identifiée ≤ 2015, cohorte 2016 = contrôle",twfe,ATT,-0.005684795303487815,0.037167250562224245,-0.0785312678098234,0.06716167720284778,0.8784363405103811,722,11552,False," ; fenêtre 2007-2022 ; 722 traitées, 0 jamais traitées sur la fenêtre ; covariables invariantes dans le temps absorbées par les effets fixes unité : log_pop, share_women_1549, share_foreign, pretrend_pre ; comparaisons sur la fenêtre identifiée (années < 2016, cohorte 2016 recodée contrôle, 3 unités de contrôle)",static,0.0,722.0,0.0,0.0,2007.0,2022.0,,,,,,,,,,,,
h2,H2,H2a,"log(naissances+0,5 / 1 000 f. 15-19)","unités avec covariables, bascule 4G ; fenêtre complète",twfe,ATT,0.04906215690607606,0.03491573469628934,-0.01937142559240662,0.11749573940455874,0.15997401949221646,722,11552,True," ; fenêtre 2007-2022 ; 722 traitées, 0 jamais traitées sur la fenêtre ; covariables invariantes dans le temps absorbées par les effets fixes unité : log_pop, share_women_1549, share_foreign, pretrend_pre ; TWFE sur toutes les années (identification par le calendrier des bascules seulement)",static,0.0,722.0,0.0,0.0,2007.0,2022.0,,,,,,,,,,,,
h2,H2,H2a,"log(naissances+0,5 / 1 000 f. 15-19)","unités avec covariables, bascule 4G ; fenêtre identifiée ≤ 2015, cohorte 2016 = contrôle",twfe_poisson,ATT (log du taux contrefactuel),0.029005607446679706,0.025268182491694664,-0.0205191201918274,0.07853033508518681,0.2510055874976699,722,11552,False," ; fenêtre 2007-2022 ; 722 traitées, 0 jamais traitées sur la fenêtre ; covariables invariantes dans le temps absorbées par les effets fixes unité : log_pop, share_women_1549, share_foreign, pretrend_pre ; comparaisons sur la fenêtre identifiée (années < 2016, cohorte 2016 recodée contrôle, 3 unités de contrôle) ; Poisson à effets fixes, offset = log(women)",static,0.0,722.0,0.0,0.0,2007.0,2022.0,,,,,,,,,,,,
h2,H2,H2a,"log(naissances+0,5 / 1 000 f. 15-19)","unités avec covariables, bascule 4G ; fenêtre identifiée ≤ 2015, cohorte 2016 = contrôle",twfe_poisson,ATT en % du taux contrefactuel,2.943036693483947,2.6011834374201723,-2.0310035947323835,8.169616843254568,0.2510055874976699,722,11552,False," ; fenêtre 2007-2022 ; 722 traitées, 0 jamais traitées sur la fenêtre ; covariables invariantes dans le temps absorbées par les effets fixes unité : log_pop, share_women_1549, share_foreign, pretrend_pre ; comparaisons sur la fenêtre identifiée (années < 2016, cohorte 2016 recodée contrôle, 3 unités de contrôle) ; Poisson à effets fixes, offset = log(women)",static,0.0,722.0,0.0,0.0,2007.0,2022.0,,,,,,,,,,,,
h2,H2,H2a,"log(naissances+0,5 / 1 000 f. 20-24)","unités avec covariables, bascule 4G",cs,-8,4.621104217503028,0.2735778865796381,4.084901412840353,5.1573070221657025,5.2083041192622934e-64,722,11552,False," ; covariables : log_pop, share_women_1549, share_foreign, pretrend_pre (doublement robuste) ; contrôle = not_yet_treated ; fenêtre 2007-2022 ; 722 traitées, 0 jamais traitées sur la fenêtre ; ATT(g,t) identifiés jusqu'en 2015 (sans unité jamais traitée, la dernière cohorte sert de contrôle)",event,0.0,722.0,0.0,0.0,2007.0,2022.0,2007.0,2015.0,722.0,1.0,dr,1.0,156.0,,,,,
h2,H2,H2a,"log(naissances+0,5 / 1 000 f. 20-24)","unités avec covariables, bascule 4G",cs,-7,-1.1206431503710443,0.14466051499736285,-1.404172549750892,-0.8371137509911968,9.430352109859758e-15,722,11552,False," ; covariables : log_pop, share_women_1549, share_foreign, pretrend_pre (doublement robuste) ; contrôle = not_yet_treated ; fenêtre 2007-2022 ; 722 traitées, 0 jamais traitées sur la fenêtre ; ATT(g,t) identifiés jusqu'en 2015 (sans unité jamais traitée, la dernière cohorte sert de contrôle)",event,0.0,722.0,0.0,0.0,2007.0,2022.0,2007.0,2015.0,722.0,1.0,dr,2.0,544.0,,,,,
h2,H2,H2a,"log(naissances+0,5 / 1 000 f. 20-24)","unités avec covariables, bascule 4G",cs,-6,-0.38819044633766797,0.060395607547206194,-0.5065636619546076,-0.2698172307207284,1.2975238630032742e-10,722,11552,False," ; covariables : log_pop, share_women_1549, share_foreign, pretrend_pre (doublement robuste) ; contrôle = not_yet_treated ; fenêtre 2007-2022 ; 722 traitées, 0 jamais traitées sur la fenêtre ; ATT(g,t) identifiés jusqu'en 2015 (sans unité jamais traitée, la dernière cohorte sert de contrôle)",event,0.0,722.0,0.0,0.0,2007.0,2022.0,2007.0,2015.0,722.0,1.0,dr,3.0,719.0,,,,,
h2,H2,H2a,"log(naissances+0,5 / 1 000 f. 20-24)","unités avec covariables, bascule 4G",cs,-5,0.27036289229690635,0.04544917885245536,0.18128413861917436,0.35944164597463835,2.7030366916017014e-09,722,11552,False," ; covariables : log_pop, share_women_1549, share_foreign, pretrend_pre (doublement robuste) ; contrôle = not_yet_treated ; fenêtre 2007-2022 ; 722 traitées, 0 jamais traitées sur la fenêtre ; ATT(g,t) identifiés jusqu'en 2015 (sans unité jamais traitée, la dernière cohorte sert de contrôle)",event,0.0,722.0,0.0,0.0,2007.0,2022.0,2007.0,2015.0,722.0,1.0,dr,3.0,719.0,,,,,
h2,H2,H2a,"log(naissances+0,5 / 1 000 f. 20-24)","unités avec covariables, bascule 4G",cs,-4,-0.09312306629471184,0.04085854543692896,-0.17320434381178595,-0.013041788777637717,0.022657695709443804,722,11552,False," ; covariables : log_pop, share_women_1549, share_foreign, pretrend_pre (doublement robuste) ; contrôle = not_yet_treated ; fenêtre 2007-2022 ; 722 traitées, 0 jamais traitées sur la fenêtre ; ATT(g,t) identifiés jusqu'en 2015 (sans unité jamais traitée, la dernière cohorte sert de contrôle)",event,0.0,722.0,0.0,0.0,2007.0,2022.0,2007.0,2015.0,722.0,1.0,dr,3.0,719.0,,,,,
h2,H2,H2a,"log(naissances+0,5 / 1 000 f. 20-24)","unités avec covariables, bascule 4G",cs,-3,-0.15156428832575808,0.04645833420045556,-0.24262095014037643,-0.06050762651113974,0.0011048472907737663,722,11552,False," ; covariables : log_pop, share_women_1549, share_foreign, pretrend_pre (doublement robuste) ; contrôle = not_yet_treated ; fenêtre 2007-2022 ; 722 traitées, 0 jamais traitées sur la fenêtre ; ATT(g,t) identifiés jusqu'en 2015 (sans unité jamais traitée, la dernière cohorte sert de contrôle)",event,0.0,722.0,0.0,0.0,2007.0,2022.0,2007.0,2015.0,722.0,1.0,dr,3.0,719.0,,,,,
h2,H2,H2a,"log(naissances+0,5 / 1 000 f. 20-24)","unités avec covariables, bascule 4G",cs,-2,-0.4391518031434307,0.0668061126226991,-0.5700893778310476,-0.3082142284558138,4.9137068891143554e-11,722,11552,False," ; covariables : log_pop, share_women_1549, share_foreign, pretrend_pre (doublement robuste) ; contrôle = not_yet_treated ; fenêtre 2007-2022 ; 722 traitées, 0 jamais traitées sur la fenêtre ; ATT(g,t) identifiés jusqu'en 2015 (sans unité jamais traitée, la dernière cohorte sert de contrôle)",event,0.0,722.0,0.0,0.0,2007.0,2022.0,2007.0,2015.0,722.0,1.0,dr,3.0,719.0,,,,,
h2,H2,H2a,"log(naissances+0,5 / 1 000 f. 20-24)","unités avec covariables, bascule 4G",cs,0,-0.6448848545162212,0.09427287973660073,-0.8296563035188345,-0.46011340551360796,7.885170148134036e-12,722,11552,False," ; covariables : log_pop, share_women_1549, share_foreign, pretrend_pre (doublement robuste) ; contrôle = not_yet_treated ; fenêtre 2007-2022 ; 722 traitées, 0 jamais traitées sur la fenêtre ; ATT(g,t) identifiés jusqu'en 2015 (sans unité jamais traitée, la dernière cohorte sert de contrôle)",event,0.0,722.0,0.0,0.0,2007.0,2022.0,2007.0,2015.0,722.0,1.0,dr,3.0,719.0,,,,,
h2,H2,H2a,"log(naissances+0,5 / 1 000 f. 20-24)","unités avec covariables, bascule 4G",cs,1,-0.4897683853104179,0.09132813296592934,-0.6687682366989246,-0.31076853392191117,8.19721640215506e-08,722,11552,False," ; covariables : log_pop, share_women_1549, share_foreign, pretrend_pre (doublement robuste) ; contrôle = not_yet_treated ; fenêtre 2007-2022 ; 722 traitées, 0 jamais traitées sur la fenêtre ; ATT(g,t) identifiés jusqu'en 2015 (sans unité jamais traitée, la dernière cohorte sert de contrôle)",event,0.0,722.0,0.0,0.0,2007.0,2022.0,2007.0,2015.0,722.0,1.0,dr,2.0,563.0,,,,,
h2,H2,H2a,"log(naissances+0,5 / 1 000 f. 20-24)","unités avec covariables, bascule 4G",cs,"ATT[1,1]",-0.4897683853104179,0.09132813296592934,-0.6687682366989246,-0.31076853392191117,8.19721640215506e-08,722,11552,False," ; covariables : log_pop, share_women_1549, share_foreign, pretrend_pre (doublement robuste) ; contrôle = not_yet_treated ; fenêtre 2007-2022 ; 722 traitées, 0 jamais traitées sur la fenêtre ; ATT(g,t) identifiés jusqu'en 2015 (sans unité jamais traitée, la dernière cohorte sert de contrôle) ; écart-type avec covariance complète des coefficients (fonctions d'influence)",post_avg,0.0,722.0,0.0,0.0,2007.0,2022.0,2007.0,2015.0,722.0,1.0,dr,,,,,1.0,,
h2,H2,H2a,"log(naissances+0,5 / 1 000 f. 20-24)","unités avec covariables, bascule 4G",cs,ATT,-0.5767642834063403,0.0684583596332568,-0.7109402027282143,-0.44258836408446633,3.606330957056851e-17,722,11552,False," ; covariables : log_pop, share_women_1549, share_foreign, pretrend_pre (doublement robuste) ; contrôle = not_yet_treated ; fenêtre 2007-2022 ; 722 traitées, 0 jamais traitées sur la fenêtre ; ATT(g,t) identifiés jusqu'en 2015 (sans unité jamais traitée, la dernière cohorte sert de contrôle) ; moyenne de tous les ATT(g,t) post",simple,0.0,722.0,0.0,0.0,2007.0,2022.0,2007.0,2015.0,722.0,1.0,dr,,,,,,,
h2,H2,H2a,"log(naissances+0,5 / 1 000 f. 20-24)","unités avec covariables, bascule 4G",cs,Wald pré (-8..-2),334.05625570317545,,,,3.1806319136324197e-68,722,11552,False,"H5c : test de Wald joint de nullité des coefficients pré avec covariance des fonctions d'influence, df = 7 ; fenêtre 2007-2022 ; 722 traitées, 0 jamais traitées sur la fenêtre",pre_test,0.0,722.0,0.0,0.0,2007.0,2022.0,2007.0,2015.0,722.0,1.0,dr,,,,,,7.0,
h2,H2,H2a,"log(naissances+0,5 / 1 000 f. 20-24)","unités avec covariables, bascule 4G ; fenêtre identifiée ≤ 2015, cohorte 2016 = contrôle",sunab,-8,1.4865257713591689,0.8791147038361516,-0.23650738643928437,3.2095589291576223,0.09084922865777988,722,11552,False," ; fenêtre 2007-2022 ; 722 traitées, 0 jamais traitées sur la fenêtre ; covariables invariantes dans le temps absorbées par les effets fixes unité : log_pop, share_women_1549, share_foreign, pretrend_pre ; comparaisons sur la fenêtre identifiée (années < 2016, cohorte 2016 recodée contrôle, 3 unités de contrôle) ; cellules −8 et +8 bornées",event,0.0,722.0,0.0,0.0,2007.0,2022.0,,,,,,,,,,,,
h2,H2,H2a,"log(naissances+0,5 / 1 000 f. 20-24)","unités avec covariables, bascule 4G ; fenêtre identifiée ≤ 2015, cohorte 2016 = contrôle",sunab,-7,1.1164931519160992,0.6929537762841013,-0.241671292551765,2.474657596383963,0.10713424256552434,722,11552,False," ; fenêtre 2007-2022 ; 722 traitées, 0 jamais traitées sur la fenêtre ; covariables invariantes dans le temps absorbées par les effets fixes unité : log_pop, share_women_1549, share_foreign, pretrend_pre ; comparaisons sur la fenêtre identifiée (années < 2016, cohorte 2016 recodée contrôle, 3 unités de contrôle) ; cellules −8 et +8 bornées",event,0.0,722.0,0.0,0.0,2007.0,2022.0,,,,,,,,,,,,
h2,H2,H2a,"log(naissances+0,5 / 1 000 f. 20-24)","unités avec covariables, bascule 4G ; fenêtre identifiée ≤ 2015, cohorte 2016 = contrôle",sunab,-6,0.4313150534176013,0.27454193379730235,-0.10677724907109115,0.9694073559062937,0.11617446299379629,722,11552,False," ; fenêtre 2007-2022 ; 722 traitées, 0 jamais traitées sur la fenêtre ; covariables invariantes dans le temps absorbées par les effets fixes unité : log_pop, share_women_1549, share_foreign, pretrend_pre ; comparaisons sur la fenêtre identifiée (années < 2016, cohorte 2016 recodée contrôle, 3 unités de contrôle) ; cellules −8 et +8 bornées",event,0.0,722.0,0.0,0.0,2007.0,2022.0,,,,,,,,,,,,
h2,H2,H2a,"log(naissances+0,5 / 1 000 f. 20-24)","unités avec covariables, bascule 4G ; fenêtre identifiée ≤ 2015, cohorte 2016 = contrôle",sunab,-5,0.16564197454492582,0.060970329664508445,0.04614232427695519,0.28514162481289645,0.006592366851303701,722,11552,False," ; fenêtre 2007-2022 ; 722 traitées, 0 jamais traitées sur la fenêtre ; covariables invariantes dans le temps absorbées par les effets fixes unité : log_pop, share_women_1549, share_foreign, pretrend_pre ; comparaisons sur la fenêtre identifiée (années < 2016, cohorte 2016 recodée contrôle, 3 unités de contrôle) ; cellules −8 et +8 bornées",event,0.0,722.0,0.0,0.0,2007.0,2022.0,,,,,,,,,,,,
h2,H2,H2a,"log(naissances+0,5 / 1 000 f. 20-24)","unités avec covariables, bascule 4G ; fenêtre identifiée ≤ 2015, cohorte 2016 = contrôle",sunab,-4,0.12193276540618025,0.10310356703146292,-0.08014651265309836,0.32401204346545887,0.2369581482412031,722,11552,False," ; fenêtre 2007-2022 ; 722 traitées, 0 jamais traitées sur la fenêtre ; covariables invariantes dans le temps absorbées par les effets fixes unité : log_pop, share_women_1549, share_foreign, pretrend_pre ; comparaisons sur la fenêtre identifiée (années < 2016, cohorte 2016 recodée contrôle, 3 unités de contrôle) ; cellules −8 et +8 bornées",event,0.0,722.0,0.0,0.0,2007.0,2022.0,,,,,,,,,,,,
h2,H2,H2a,"log(naissances+0,5 / 1 000 f. 20-24)","unités avec covariables, bascule 4G ; fenêtre identifiée ≤ 2015, cohorte 2016 = contrôle",sunab,-3,0.05330489623207044,0.08348771507848882,-0.11032801847330925,0.21693781093745013,0.5231639199905181,722,11552,False," ; fenêtre 2007-2022 ; 722 traitées, 0 jamais traitées sur la fenêtre ; covariables invariantes dans le temps absorbées par les effets fixes unité : log_pop, share_women_1549, share_foreign, pretrend_pre ; comparaisons sur la fenêtre identifiée (années < 2016, cohorte 2016 recodée contrôle, 3 unités de contrôle) ; cellules −8 et +8 bornées",event,0.0,722.0,0.0,0.0,2007.0,2022.0,,,,,,,,,,,,
h2,H2,H2a,"log(naissances+0,5 / 1 000 f. 20-24)","unités avec covariables, bascule 4G ; fenêtre identifiée ≤ 2015, cohorte 2016 = contrôle",sunab,-2,0.014297333170646706,0.0753083762520881,-0.13330437201763745,0.16189903835893088,0.8494262792135819,722,11552,False," ; fenêtre 2007-2022 ; 722 traitées, 0 jamais traitées sur la fenêtre ; covariables invariantes dans le temps absorbées par les effets fixes unité : log_pop, share_women_1549, share_foreign, pretrend_pre ; comparaisons sur la fenêtre identifiée (années < 2016, cohorte 2016 recodée contrôle, 3 unités de contrôle) ; cellules −8 et +8 bornées",event,0.0,722.0,0.0,0.0,2007.0,2022.0,,,,,,,,,,,,
h2,H2,H2a,"log(naissances+0,5 / 1 000 f. 20-24)","unités avec covariables, bascule 4G ; fenêtre identifiée ≤ 2015, cohorte 2016 = contrôle",sunab,0,0.08650477666662293,0.06558487893448933,-0.042039223975395834,0.2150487773086417,0.18717766941870784,722,11552,False," ; fenêtre 2007-2022 ; 722 traitées, 0 jamais traitées sur la fenêtre ; covariables invariantes dans le temps absorbées par les effets fixes unité : log_pop, share_women_1549, share_foreign, pretrend_pre ; comparaisons sur la fenêtre identifiée (années < 2016, cohorte 2016 recodée contrôle, 3 unités de contrôle) ; cellules −8 et +8 bornées",event,0.0,722.0,0.0,0.0,2007.0,2022.0,,,,,,,,,,,,
h2,H2,H2a,"log(naissances+0,5 / 1 000 f. 20-24)","unités avec covariables, bascule 4G ; fenêtre identifiée ≤ 2015, cohorte 2016 = contrôle",sunab,1,0.25250184055140235,0.1074156116021088,0.04197111043392632,0.4630325706688784,0.018738152232943783,722,11552,False," ; fenêtre 2007-2022 ; 722 traitées, 0 jamais traitées sur la fenêtre ; covariables invariantes dans le temps absorbées par les effets fixes unité : log_pop, share_women_1549, share_foreign, pretrend_pre ; comparaisons sur la fenêtre identifiée (années < 2016, cohorte 2016 recodée contrôle, 3 unités de contrôle) ; cellules −8 et +8 bornées",event,0.0,722.0,0.0,0.0,2007.0,2022.0,,,,,,,,,,,,
h2,H2,H2a,"log(naissances+0,5 / 1 000 f. 20-24)","unités avec covariables, bascule 4G ; fenêtre identifiée ≤ 2015, cohorte 2016 = contrôle",sunab,2,0.3035107983431452,0.3373892510838162,-0.35775998255207586,0.9647815792383663,0.36834037124390107,722,11552,False," ; fenêtre 2007-2022 ; 722 traitées, 0 jamais traitées sur la fenêtre ; covariables invariantes dans le temps absorbées par les effets fixes unité : log_pop, share_women_1549, share_foreign, pretrend_pre ; comparaisons sur la fenêtre identifiée (années < 2016, cohorte 2016 recodée contrôle, 3 unités de contrôle) ; cellules −8 et +8 bornées",event,0.0,722.0,0.0,0.0,2007.0,2022.0,,,,,,,,,,,,
h2,H2,H2a,"log(naissances+0,5 / 1 000 f. 20-24)","unités avec covariables, bascule 4G ; fenêtre identifiée ≤ 2015, cohorte 2016 = contrôle",sunab,"ATT[1,2]",0.2780063194472738,0.22135237610474767,-0.1558363656103961,0.7118490045049437,0.20913606003421048,722,11552,False," ; fenêtre 2007-2022 ; 722 traitées, 0 jamais traitées sur la fenêtre ; covariables invariantes dans le temps absorbées par les effets fixes unité : log_pop, share_women_1549, share_foreign, pretrend_pre ; comparaisons sur la fenêtre identifiée (années < 2016, cohorte 2016 recodée contrôle, 3 unités de contrôle) ; écart-type avec covariance complète (w'Vw)",post_avg,0.0,722.0,0.0,0.0,2007.0,2022.0,,,,,,,,,,,,
h2,H2,H2a,"log(naissances+0,5 / 1 000 f. 20-24)","unités avec covariables, bascule 4G ; fenêtre identifiée ≤ 2015, cohorte 2016 = contrôle",sunab,Wald pré (-8..−2),247.45467932979776,,,,9.644496110991628e-50,722,11552,False,"test de Wald joint, covariance groupée, df = 7 ; fenêtre 2007-2022 ; 722 traitées, 0 jamais traitées sur la fenêtre",pre_test,0.0,722.0,0.0,0.0,2007.0,2022.0,,,,,,,,,,,7.0,
h2,H2,H2a,"log(naissances+0,5 / 1 000 f. 20-24)","unités avec covariables, bascule 4G ; fenêtre identifiée ≤ 2015, cohorte 2016 = contrôle",did2s,-8,-0.028105382518515132,0.03613192657966575,-0.09892265730670549,0.04271189226967523,0.4366547807451352,722,11552,False," ; fenêtre 2007-2022 ; 722 traitées, 0 jamais traitées sur la fenêtre ; covariables invariantes dans le temps absorbées par les effets fixes unité : log_pop, share_women_1549, share_foreign, pretrend_pre ; comparaisons sur la fenêtre identifiée (années < 2016, cohorte 2016 recodée contrôle, 3 unités de contrôle) ; cellules −8 et +8 bornées",event,0.0,722.0,0.0,0.0,2007.0,2022.0,,,,,,,,,,,,
h2,H2,H2a,"log(naissances+0,5 / 1 000 f. 20-24)","unités avec covariables, bascule 4G ; fenêtre identifiée ≤ 2015, cohorte 2016 = contrôle",did2s,-7,0.013237385771759279,0.013050009138547609,-0.01234016213771261,0.038814933681231165,0.3104117894085491,722,11552,False," ; fenêtre 2007-2022 ; 722 traitées, 0 jamais traitées sur la fenêtre ; covariables invariantes dans le temps absorbées par les effets fixes unité : log_pop, share_women_1549, share_foreign, pretrend_pre ; comparaisons sur la fenêtre identifiée (années < 2016, cohorte 2016 recodée contrôle, 3 unités de contrôle) ; cellules −8 et +8 bornées",event,0.0,722.0,0.0,0.0,2007.0,2022.0,,,,,,,,,,,,
h2,H2,H2a,"log(naissances+0,5 / 1 000 f. 20-24)","unités avec covariables, bascule 4G ; fenêtre identifiée ≤ 2015, cohorte 2016 = contrôle",did2s,-6,-0.0034924126302089756,0.01055592655985741,-0.02418164851097929,0.01719682325056134,0.7407589126222702,722,11552,False," ; fenêtre 2007-2022 ; 722 traitées, 0 jamais traitées sur la fenêtre ; covariables invariantes dans le temps absorbées par les effets fixes unité : log_pop, share_women_1549, share_foreign, pretrend_pre ; comparaisons sur la fenêtre identifiée (années < 2016, cohorte 2016 recodée contrôle, 3 unités de contrôle) ; cellules −8 et +8 bornées",event,0.0,722.0,0.0,0.0,2007.0,2022.0,,,,,,,,,,,,
h2,H2,H2a,"log(naissances+0,5 / 1 000 f. 20-24)","unités avec covariables, bascule 4G ; fenêtre identifiée ≤ 2015, cohorte 2016 = contrôle",did2s,-5,0.00881968080515311,0.008101991877965517,-0.007059931478695339,0.02469929308900156,0.2763383515144976,722,11552,False," ; fenêtre 2007-2022 ; 722 traitées, 0 jamais traitées sur la fenêtre ; covariables invariantes dans le temps absorbées par les effets fixes unité : log_pop, share_women_1549, share_foreign, pretrend_pre ; comparaisons sur la fenêtre identifiée (années < 2016, cohorte 2016 recodée contrôle, 3 unités de contrôle) ; cellules −8 et +8 bornées",event,0.0,722.0,0.0,0.0,2007.0,2022.0,,,,,,,,,,,,
h2,H2,H2a,"log(naissances+0,5 / 1 000 f. 20-24)","unités avec covariables, bascule 4G ; fenêtre identifiée ≤ 2015, cohorte 2016 = contrôle",did2s,-4,-0.0038325144192441823,0.006904493593404428,-0.0173650731938044,0.009700044355316038,0.5788431005335778,722,11552,False," ; fenêtre 2007-2022 ; 722 traitées, 0 jamais traitées sur la fenêtre ; covariables invariantes dans le temps absorbées par les effets fixes unité : log_pop, share_women_1549, share_foreign, pretrend_pre ; comparaisons sur la fenêtre identifiée (années < 2016, cohorte 2016 recodée contrôle, 3 unités de contrôle) ; cellules −8 et +8 bornées",event,0.0,722.0,0.0,0.0,2007.0,2022.0,,,,,,,,,,,,
h2,H2,H2a,"log(naissances+0,5 / 1 000 f. 20-24)","unités avec covariables, bascule 4G ; fenêtre identifiée ≤ 2015, cohorte 2016 = contrôle",did2s,-3,-0.0025155342293255454,0.00812545426301001,-0.01844113194285261,0.013410063484201522,0.756875116392905,722,11552,False," ; fenêtre 2007-2022 ; 722 traitées, 0 jamais traitées sur la fenêtre ; covariables invariantes dans le temps absorbées par les effets fixes unité : log_pop, share_women_1549, share_foreign, pretrend_pre ; comparaisons sur la fenêtre identifiée (années < 2016, cohorte 2016 recodée contrôle, 3 unités de contrôle) ; cellules −8 et +8 bornées",event,0.0,722.0,0.0,0.0,2007.0,2022.0,,,,,,,,,,,,
h2,H2,H2a,"log(naissances+0,5 / 1 000 f. 20-24)","unités avec covariables, bascule 4G ; fenêtre identifiée ≤ 2015, cohorte 2016 = contrôle",did2s,-2,0.005085320477185682,0.008492402614038467,-0.011559482788543523,0.021730123742914886,0.5493007814184767,722,11552,False," ; fenêtre 2007-2022 ; 722 traitées, 0 jamais traitées sur la fenêtre ; covariables invariantes dans le temps absorbées par les effets fixes unité : log_pop, share_women_1549, share_foreign, pretrend_pre ; comparaisons sur la fenêtre identifiée (années < 2016, cohorte 2016 recodée contrôle, 3 unités de contrôle) ; cellules −8 et +8 bornées",event,0.0,722.0,0.0,0.0,2007.0,2022.0,,,,,,,,,,,,
h2,H2,H2a,"log(naissances+0,5 / 1 000 f. 20-24)","unités avec covariables, bascule 4G ; fenêtre identifiée ≤ 2015, cohorte 2016 = contrôle",did2s,0,0.009837540851289888,0.07076002376338202,-0.12884955727013725,0.148524638972717,0.8894289581875203,722,11552,False," ; fenêtre 2007-2022 ; 722 traitées, 0 jamais traitées sur la fenêtre ; covariables invariantes dans le temps absorbées par les effets fixes unité : log_pop, share_women_1549, share_foreign, pretrend_pre ; comparaisons sur la fenêtre identifiée (années < 2016, cohorte 2016 recodée contrôle, 3 unités de contrôle) ; cellules −8 et +8 bornées",event,0.0,722.0,0.0,0.0,2007.0,2022.0,,,,,,,,,,,,
h2,H2,H2a,"log(naissances+0,5 / 1 000 f. 20-24)","unités avec covariables, bascule 4G ; fenêtre identifiée ≤ 2015, cohorte 2016 = contrôle",did2s,1,0.05887191487424702,0.21222999560621889,-0.3570912329530359,0.47483506270153,0.7814754629809032,722,11552,False," ; fenêtre 2007-2022 ; 722 traitées, 0 jamais traitées sur la fenêtre ; covariables invariantes dans le temps absorbées par les effets fixes unité : log_pop, share_women_1549, share_foreign, pretrend_pre ; comparaisons sur la fenêtre identifiée (années < 2016, cohorte 2016 recodée contrôle, 3 unités de contrôle) ; cellules −8 et +8 bornées",event,0.0,722.0,0.0,0.0,2007.0,2022.0,,,,,,,,,,,,
h2,H2,H2a,"log(naissances+0,5 / 1 000 f. 20-24)","unités avec covariables, bascule 4G ; fenêtre identifiée ≤ 2015, cohorte 2016 = contrôle",did2s,2,0.04288586558238575,0.30734977892746596,-0.5595086317717952,0.6452803629365667,0.8890278781718359,722,11552,False," ; fenêtre 2007-2022 ; 722 traitées, 0 jamais traitées sur la fenêtre ; covariables invariantes dans le temps absorbées par les effets fixes unité : log_pop, share_women_1549, share_foreign, pretrend_pre ; comparaisons sur la fenêtre identifiée (années < 2016, cohorte 2016 recodée contrôle, 3 unités de contrôle) ; cellules −8 et +8 bornées",event,0.0,722.0,0.0,0.0,2007.0,2022.0,,,,,,,,,,,,
h2,H2,H2a,"log(naissances+0,5 / 1 000 f. 20-24)","unités avec covariables, bascule 4G ; fenêtre identifiée ≤ 2015, cohorte 2016 = contrôle",did2s,"ATT[1,2]",0.05087889022831639,0.259396426296226,-0.45752876303068524,0.559286543487318,0.8444979481081645,722,11552,False," ; fenêtre 2007-2022 ; 722 traitées, 0 jamais traitées sur la fenêtre ; covariables invariantes dans le temps absorbées par les effets fixes unité : log_pop, share_women_1549, share_foreign, pretrend_pre ; comparaisons sur la fenêtre identifiée (années < 2016, cohorte 2016 recodée contrôle, 3 unités de contrôle) ; écart-type avec covariance complète (w'Vw)",post_avg,0.0,722.0,0.0,0.0,2007.0,2022.0,,,,,,,,,,,,
h2,H2,H2a,"log(naissances+0,5 / 1 000 f. 20-24)","unités avec covariables, bascule 4G ; fenêtre identifiée ≤ 2015, cohorte 2016 = contrôle",did2s,Wald pré (-8..−2),4.6936115455487775,,,,0.6972950674752897,722,11552,False,"test de Wald joint, covariance groupée, df = 7 ; fenêtre 2007-2022 ; 722 traitées, 0 jamais traitées sur la fenêtre",pre_test,0.0,722.0,0.0,0.0,2007.0,2022.0,,,,,,,,,,,7.0,
h2,H2,H2a,"log(naissances+0,5 / 1 000 f. 20-24)","unités avec covariables, bascule 4G ; fenêtre identifiée ≤ 2015, cohorte 2016 = contrôle",twfe,-8,0.5773989611804614,0.5119915429600611,-0.4260860234103502,1.580883945771273,0.2594251035373425,722,11552,False," ; fenêtre 2007-2022 ; 722 traitées, 0 jamais traitées sur la fenêtre ; covariables invariantes dans le temps absorbées par les effets fixes unité : log_pop, share_women_1549, share_foreign, pretrend_pre ; comparaisons sur la fenêtre identifiée (années < 2016, cohorte 2016 recodée contrôle, 3 unités de contrôle) ; cellules −8 et +8 bornées",event,0.0,722.0,0.0,0.0,2007.0,2022.0,,,,,,,,,,,,
h2,H2,H2a,"log(naissances+0,5 / 1 000 f. 20-24)","unités avec covariables, bascule 4G ; fenêtre identifiée ≤ 2015, cohorte 2016 = contrôle",twfe,-7,0.5395457758893673,0.4354707777140991,-0.3139612647499146,1.393052816528649,0.21534763917661248,722,11552,False," ; fenêtre 2007-2022 ; 722 traitées, 0 jamais traitées sur la fenêtre ; covariables invariantes dans le temps absorbées par les effets fixes unité : log_pop, share_women_1549, share_foreign, pretrend_pre ; comparaisons sur la fenêtre identifiée (années < 2016, cohorte 2016 recodée contrôle, 3 unités de contrôle) ; cellules −8 et +8 bornées",event,0.0,722.0,0.0,0.0,2007.0,2022.0,,,,,,,,,,,,
h2,H2,H2a,"log(naissances+0,5 / 1 000 f. 20-24)","unités avec covariables, bascule 4G ; fenêtre identifiée ≤ 2015, cohorte 2016 = contrôle",twfe,-6,0.4400191660169162,0.3598701527702166,-0.26531337252363546,1.145351704557468,0.22143680073690042,722,11552,False," ; fenêtre 2007-2022 ; 722 traitées, 0 jamais traitées sur la fenêtre ; covariables invariantes dans le temps absorbées par les effets fixes unité : log_pop, share_women_1549, share_foreign, pretrend_pre ; comparaisons sur la fenêtre identifiée (années < 2016, cohorte 2016 recodée contrôle, 3 unités de contrôle) ; cellules −8 et +8 bornées",event,0.0,722.0,0.0,0.0,2007.0,2022.0,,,,,,,,,,,,
h2,H2,H2a,"log(naissances+0,5 / 1 000 f. 20-24)","unités avec covariables, bascule 4G ; fenêtre identifiée ≤ 2015, cohorte 2016 = contrôle",twfe,-5,0.36713367408960773,0.28551074468126825,-0.1924571026848888,0.9267244508641043,0.19848357819338303,722,11552,False," ; fenêtre 2007-2022 ; 722 traitées, 0 jamais traitées sur la fenêtre ; covariables invariantes dans le temps absorbées par les effets fixes unité : log_pop, share_women_1549, share_foreign, pretrend_pre ; comparaisons sur la fenêtre identifiée (années < 2016, cohorte 2016 recodée contrôle, 3 unités de contrôle) ; cellules −8 et +8 bornées",event,0.0,722.0,0.0,0.0,2007.0,2022.0,,,,,,,,,,,,
h2,H2,H2a,"log(naissances+0,5 / 1 000 f. 20-24)","unités avec covariables, bascule 4G ; fenêtre identifiée ≤ 2015, cohorte 2016 = contrôle",twfe,-4,0.2653775229445486,0.21326207501947758,-0.15260846336190664,0.6833635092510038,0.21336239312106886,722,11552,False," ; fenêtre 2007-2022 ; 722 traitées, 0 jamais traitées sur la fenêtre ; covariables invariantes dans le temps absorbées par les effets fixes unité : log_pop, share_women_1549, share_foreign, pretrend_pre ; comparaisons sur la fenêtre identifiée (années < 2016, cohorte 2016 recodée contrôle, 3 unités de contrôle) ; cellules −8 et +8 bornées",event,0.0,722.0,0.0,0.0,2007.0,2022.0,,,,,,,,,,,,
h2,H2,H2a,"log(naissances+0,5 / 1 000 f. 20-24)","unités avec covariables, bascule 4G ; fenêtre identifiée ≤ 2015, cohorte 2016 = contrôle",twfe,-3,0.17872800553152043,0.1426445418119418,-0.10085015901110336,0.4583061700741442,0.21022000800908602,722,11552,False," ; fenêtre 2007-2022 ; 722 traitées, 0 jamais traitées sur la fenêtre ; covariables invariantes dans le temps absorbées par les effets fixes unité : log_pop, share_women_1549, share_foreign, pretrend_pre ; comparaisons sur la fenêtre identifiée (années < 2016, cohorte 2016 recodée contrôle, 3 unités de contrôle) ; cellules −8 et +8 bornées",event,0.0,722.0,0.0,0.0,2007.0,2022.0,,,,,,,,,,,,
h2,H2,H2a,"log(naissances+0,5 / 1 000 f. 20-24)","unités avec covariables, bascule 4G ; fenêtre identifiée ≤ 2015, cohorte 2016 = contrôle",twfe,-2,0.1004045320156796,0.0731353961142748,-0.04293821036336963,0.24374727439472882,0.16979641749887264,722,11552,False," ; fenêtre 2007-2022 ; 722 traitées, 0 jamais traitées sur la fenêtre ; covariables invariantes dans le temps absorbées par les effets fixes unité : log_pop, share_women_1549, share_foreign, pretrend_pre ; comparaisons sur la fenêtre identifiée (années < 2016, cohorte 2016 recodée contrôle, 3 unités de contrôle) ; cellules −8 et +8 bornées",event,0.0,722.0,0.0,0.0,2007.0,2022.0,,,,,,,,,,,,
h2,H2,H2a,"log(naissances+0,5 / 1 000 f. 20-24)","unités avec covariables, bascule 4G ; fenêtre identifiée ≤ 2015, cohorte 2016 = contrôle",twfe,0,-0.09718030558430972,0.07369636372070905,-0.2416225242684637,0.047261913099844274,0.18728344676238318,722,11552,False," ; fenêtre 2007-2022 ; 722 traitées, 0 jamais traitées sur la fenêtre ; covariables invariantes dans le temps absorbées par les effets fixes unité : log_pop, share_women_1549, share_foreign, pretrend_pre ; comparaisons sur la fenêtre identifiée (années < 2016, cohorte 2016 recodée contrôle, 3 unités de contrôle) ; cellules −8 et +8 bornées",event,0.0,722.0,0.0,0.0,2007.0,2022.0,,,,,,,,,,,,
h2,H2,H2a,"log(naissances+0,5 / 1 000 f. 20-24)","unités avec covariables, bascule 4G ; fenêtre identifiée ≤ 2015, cohorte 2016 = contrôle",twfe,1,-0.18937913833457318,0.14502723382479663,-0.4736272934086436,0.0948690167394973,0.19161453726523237,722,11552,False," ; fenêtre 2007-2022 ; 722 traitées, 0 jamais traitées sur la fenêtre ; covariables invariantes dans le temps absorbées par les effets fixes unité : log_pop, share_women_1549, share_foreign, pretrend_pre ; comparaisons sur la fenêtre identifiée (années < 2016, cohorte 2016 recodée contrôle, 3 unités de contrôle) ; cellules −8 et +8 bornées",event,0.0,722.0,0.0,0.0,2007.0,2022.0,,,,,,,,,,,,
h2,H2,H2a,"log(naissances+0,5 / 1 000 f. 20-24)","unités avec covariables, bascule 4G ; fenêtre identifiée ≤ 2015, cohorte 2016 = contrôle",twfe,2,-0.3290462902109797,0.21849834481777886,-0.7572951767354402,0.09920259631348083,0.1320815279014872,722,11552,False," ; fenêtre 2007-2022 ; 722 traitées, 0 jamais traitées sur la fenêtre ; covariables invariantes dans le temps absorbées par les effets fixes unité : log_pop, share_women_1549, share_foreign, pretrend_pre ; comparaisons sur la fenêtre identifiée (années < 2016, cohorte 2016 recodée contrôle, 3 unités de contrôle) ; cellules −8 et +8 bornées",event,0.0,722.0,0.0,0.0,2007.0,2022.0,,,,,,,,,,,,
h2,H2,H2a,"log(naissances+0,5 / 1 000 f. 20-24)","unités avec covariables, bascule 4G ; fenêtre identifiée ≤ 2015, cohorte 2016 = contrôle",twfe,"ATT[1,2]",-0.2592127142727764,0.1813032985085002,-0.6145606496277514,0.09613522108219846,0.15279777410318418,722,11552,False," ; fenêtre 2007-2022 ; 722 traitées, 0 jamais traitées sur la fenêtre ; covariables invariantes dans le temps absorbées par les effets fixes unité : log_pop, share_women_1549, share_foreign, pretrend_pre ; comparaisons sur la fenêtre identifiée (années < 2016, cohorte 2016 recodée contrôle, 3 unités de contrôle) ; écart-type avec covariance complète (w'Vw)",post_avg,0.0,722.0,0.0,0.0,2007.0,2022.0,,,,,,,,,,,,
h2,H2,H2a,"log(naissances+0,5 / 1 000 f. 20-24)","unités avec covariables, bascule 4G ; fenêtre identifiée ≤ 2015, cohorte 2016 = contrôle",twfe,Wald pré (-8..−2),4.664133611409951,,,,0.7008732529445949,722,11552,False,"test de Wald joint, covariance groupée, df = 7 ; fenêtre 2007-2022 ; 722 traitées, 0 jamais traitées sur la fenêtre",pre_test,0.0,722.0,0.0,0.0,2007.0,2022.0,,,,,,,,,,,7.0,
h2,H2,H2a,"log(naissances+0,5 / 1 000 f. 20-24)","unités avec covariables, bascule 4G ; fenêtre identifiée ≤ 2015, cohorte 2016 = contrôle",twfe,ATT,-0.017404973502100064,0.02207891412041606,-0.060678849995868395,0.025868902991668264,0.4305168641546734,722,11552,False," ; fenêtre 2007-2022 ; 722 traitées, 0 jamais traitées sur la fenêtre ; covariables invariantes dans le temps absorbées par les effets fixes unité : log_pop, share_women_1549, share_foreign, pretrend_pre ; comparaisons sur la fenêtre identifiée (années < 2016, cohorte 2016 recodée contrôle, 3 unités de contrôle)",static,0.0,722.0,0.0,0.0,2007.0,2022.0,,,,,,,,,,,,
h2,H2,H2a,"log(naissances+0,5 / 1 000 f. 20-24)","unités avec covariables, bascule 4G ; fenêtre complète",twfe,ATT,0.011768180148521509,0.02111735915049096,-0.02962108323503812,0.05315744353208114,0.5773394300218309,722,11552,True," ; fenêtre 2007-2022 ; 722 traitées, 0 jamais traitées sur la fenêtre ; covariables invariantes dans le temps absorbées par les effets fixes unité : log_pop, share_women_1549, share_foreign, pretrend_pre ; TWFE sur toutes les années (identification par le calendrier des bascules seulement)",static,0.0,722.0,0.0,0.0,2007.0,2022.0,,,,,,,,,,,,
h2,H2,H2a,"log(naissances+0,5 / 1 000 f. 20-24)","unités avec covariables, bascule 4G ; fenêtre identifiée ≤ 2015, cohorte 2016 = contrôle",twfe_poisson,ATT (log du taux contrefactuel),-0.0058825616166848305,0.01507904739393843,-0.035436951429976715,0.023671828196607056,0.696451558415333,722,11552,False," ; fenêtre 2007-2022 ; 722 traitées, 0 jamais traitées sur la fenêtre ; covariables invariantes dans le temps absorbées par les effets fixes unité : log_pop, share_women_1549, share_foreign, pretrend_pre ; comparaisons sur la fenêtre identifiée (années < 2016, cohorte 2016 recodée contrôle, 3 unités de contrôle) ; Poisson à effets fixes, offset = log(women)",static,0.0,722.0,0.0,0.0,2007.0,2022.0,,,,,,,,,,,,
h2,H2,H2a,"log(naissances+0,5 / 1 000 f. 20-24)","unités avec covariables, bascule 4G ; fenêtre identifiée ≤ 2015, cohorte 2016 = contrôle",twfe_poisson,ATT en % du taux contrefactuel,-0.5865293228476176,1.4990604359366893,-3.481641446843342,2.3954230078834016,0.696451558415333,722,11552,False," ; fenêtre 2007-2022 ; 722 traitées, 0 jamais traitées sur la fenêtre ; covariables invariantes dans le temps absorbées par les effets fixes unité : log_pop, share_women_1549, share_foreign, pretrend_pre ; comparaisons sur la fenêtre identifiée (années < 2016, cohorte 2016 recodée contrôle, 3 unités de contrôle) ; Poisson à effets fixes, offset = log(women)",static,0.0,722.0,0.0,0.0,2007.0,2022.0,,,,,,,,,,,,
h2,H2,H2c,"log(naissances+0,5 / 1 000 f. 25-29)","unités avec covariables, bascule 4G",cs,-8,5.675983686859241,0.3597453390539559,4.970895778707337,6.381071595011145,4.424620499722085e-56,722,11552,False," ; covariables : log_pop, share_women_1549, share_foreign, pretrend_pre (doublement robuste) ; contrôle = not_yet_treated ; fenêtre 2007-2022 ; 722 traitées, 0 jamais traitées sur la fenêtre ; ATT(g,t) identifiés jusqu'en 2015 (sans unité jamais traitée, la dernière cohorte sert de contrôle)",event,0.0,722.0,0.0,0.0,2007.0,2022.0,2007.0,2015.0,722.0,1.0,dr,1.0,156.0,,,,,
h2,H2,H2c,"log(naissances+0,5 / 1 000 f. 25-29)","unités avec covariables, bascule 4G",cs,-7,0.17183994112019338,0.07602350201128166,0.02283661519947297,0.3208432670409138,0.023799358960275446,722,11552,False," ; covariables : log_pop, share_women_1549, share_foreign, pretrend_pre (doublement robuste) ; contrôle = not_yet_treated ; fenêtre 2007-2022 ; 722 traitées, 0 jamais traitées sur la fenêtre ; ATT(g,t) identifiés jusqu'en 2015 (sans unité jamais traitée, la dernière cohorte sert de contrôle)",event,0.0,722.0,0.0,0.0,2007.0,2022.0,2007.0,2015.0,722.0,1.0,dr,2.0,544.0,,,,,
h2,H2,H2c,"log(naissances+0,5 / 1 000 f. 25-29)","unités avec covariables, bascule 4G",cs,-6,0.21510956590132885,0.04248781327993656,0.13183498209079056,0.2983841497118671,4.1302766513269013e-07,722,11552,False," ; covariables : log_pop, share_women_1549, share_foreign, pretrend_pre (doublement robuste) ; contrôle = not_yet_treated ; fenêtre 2007-2022 ; 722 traitées, 0 jamais traitées sur la fenêtre ; ATT(g,t) identifiés jusqu'en 2015 (sans unité jamais traitée, la dernière cohorte sert de contrôle)",event,0.0,722.0,0.0,0.0,2007.0,2022.0,2007.0,2015.0,722.0,1.0,dr,3.0,719.0,,,,,
h2,H2,H2c,"log(naissances+0,5 / 1 000 f. 25-29)","unités avec covariables, bascule 4G",cs,-5,0.24280744148890235,0.0346437895234001,0.1749068617350521,0.3107080212427526,2.405667170368055e-12,722,11552,False," ; covariables : log_pop, share_women_1549, share_foreign, pretrend_pre (doublement robuste) ; contrôle = not_yet_treated ; fenêtre 2007-2022 ; 722 traitées, 0 jamais traitées sur la fenêtre ; ATT(g,t) identifiés jusqu'en 2015 (sans unité jamais traitée, la dernière cohorte sert de contrôle)",event,0.0,722.0,0.0,0.0,2007.0,2022.0,2007.0,2015.0,722.0,1.0,dr,3.0,719.0,,,,,
h2,H2,H2c,"log(naissances+0,5 / 1 000 f. 25-29)","unités avec covariables, bascule 4G",cs,-4,0.34633945933599997,0.04785422694027197,0.25254689802506053,0.4401320206469394,4.57418654870153e-13,722,11552,False," ; covariables : log_pop, share_women_1549, share_foreign, pretrend_pre (doublement robuste) ; contrôle = not_yet_treated ; fenêtre 2007-2022 ; 722 traitées, 0 jamais traitées sur la fenêtre ; ATT(g,t) identifiés jusqu'en 2015 (sans unité jamais traitée, la dernière cohorte sert de contrôle)",event,0.0,722.0,0.0,0.0,2007.0,2022.0,2007.0,2015.0,722.0,1.0,dr,3.0,719.0,,,,,
h2,H2,H2c,"log(naissances+0,5 / 1 000 f. 25-29)","unités avec covariables, bascule 4G",cs,-3,0.27026672509497845,0.04309110468520085,0.1858097118579396,0.3547237383320173,3.5647590400925037e-10,722,11552,False," ; covariables : log_pop, share_women_1549, share_foreign, pretrend_pre (doublement robuste) ; contrôle = not_yet_treated ; fenêtre 2007-2022 ; 722 traitées, 0 jamais traitées sur la fenêtre ; ATT(g,t) identifiés jusqu'en 2015 (sans unité jamais traitée, la dernière cohorte sert de contrôle)",event,0.0,722.0,0.0,0.0,2007.0,2022.0,2007.0,2015.0,722.0,1.0,dr,3.0,719.0,,,,,
h2,H2,H2c,"log(naissances+0,5 / 1 000 f. 25-29)","unités avec covariables, bascule 4G",cs,-2,0.4193145053259137,0.05719741916857488,0.307209623746866,0.5314193869049614,2.284349473126734e-13,722,11552,False," ; covariables : log_pop, share_women_1549, share_foreign, pretrend_pre (doublement robuste) ; contrôle = not_yet_treated ; fenêtre 2007-2022 ; 722 traitées, 0 jamais traitées sur la fenêtre ; ATT(g,t) identifiés jusqu'en 2015 (sans unité jamais traitée, la dernière cohorte sert de contrôle)",event,0.0,722.0,0.0,0.0,2007.0,2022.0,2007.0,2015.0,722.0,1.0,dr,3.0,719.0,,,,,
h2,H2,H2c,"log(naissances+0,5 / 1 000 f. 25-29)","unités avec covariables, bascule 4G",cs,0,0.5251155130142162,0.06695027878608059,0.39389537783858225,0.6563356481898501,4.386285732331714e-15,722,11552,False," ; covariables : log_pop, share_women_1549, share_foreign, pretrend_pre (doublement robuste) ; contrôle = not_yet_treated ; fenêtre 2007-2022 ; 722 traitées, 0 jamais traitées sur la fenêtre ; ATT(g,t) identifiés jusqu'en 2015 (sans unité jamais traitée, la dernière cohorte sert de contrôle)",event,0.0,722.0,0.0,0.0,2007.0,2022.0,2007.0,2015.0,722.0,1.0,dr,3.0,719.0,,,,,
h2,H2,H2c,"log(naissances+0,5 / 1 000 f. 25-29)","unités avec covariables, bascule 4G",cs,1,0.3040368526068301,0.04297573558589202,0.2198059586493654,0.38826774656429486,1.4986250725015575e-12,722,11552,False," ; covariables : log_pop, share_women_1549, share_foreign, pretrend_pre (doublement robuste) ; contrôle = not_yet_treated ; fenêtre 2007-2022 ; 722 traitées, 0 jamais traitées sur la fenêtre ; ATT(g,t) identifiés jusqu'en 2015 (sans unité jamais traitée, la dernière cohorte sert de contrôle)",event,0.0,722.0,0.0,0.0,2007.0,2022.0,2007.0,2015.0,722.0,1.0,dr,2.0,563.0,,,,,
h2,H2,H2c,"log(naissances+0,5 / 1 000 f. 25-29)","unités avec covariables, bascule 4G",cs,"ATT[1,1]",0.3040368526068301,0.04297573558589202,0.2198059586493654,0.38826774656429486,1.4986250725015575e-12,722,11552,False," ; covariables : log_pop, share_women_1549, share_foreign, pretrend_pre (doublement robuste) ; contrôle = not_yet_treated ; fenêtre 2007-2022 ; 722 traitées, 0 jamais traitées sur la fenêtre ; ATT(g,t) identifiés jusqu'en 2015 (sans unité jamais traitée, la dernière cohorte sert de contrôle) ; écart-type avec covariance complète des coefficients (fonctions d'influence)",post_avg,0.0,722.0,0.0,0.0,2007.0,2022.0,2007.0,2015.0,722.0,1.0,dr,,,,,1.0,,
h2,H2,H2c,"log(naissances+0,5 / 1 000 f. 25-29)","unités avec covariables, bascule 4G",cs,ATT,0.428027146548258,0.04522603157239406,0.3393857535026943,0.5166685395938218,2.9588315502667393e-21,722,11552,False," ; covariables : log_pop, share_women_1549, share_foreign, pretrend_pre (doublement robuste) ; contrôle = not_yet_treated ; fenêtre 2007-2022 ; 722 traitées, 0 jamais traitées sur la fenêtre ; ATT(g,t) identifiés jusqu'en 2015 (sans unité jamais traitée, la dernière cohorte sert de contrôle) ; moyenne de tous les ATT(g,t) post",simple,0.0,722.0,0.0,0.0,2007.0,2022.0,2007.0,2015.0,722.0,1.0,dr,,,,,,,
h2,H2,H2c,"log(naissances+0,5 / 1 000 f. 25-29)","unités avec covariables, bascule 4G",cs,Wald pré (-8..-2),319.3691624222222,,,,4.398032576695696e-65,722,11552,False,"H5c : test de Wald joint de nullité des coefficients pré avec covariance des fonctions d'influence, df = 7 ; fenêtre 2007-2022 ; 722 traitées, 0 jamais traitées sur la fenêtre",pre_test,0.0,722.0,0.0,0.0,2007.0,2022.0,2007.0,2015.0,722.0,1.0,dr,,,,,,7.0,
h2,H2,H2c,"log(naissances+0,5 / 1 000 f. 25-29)","unités avec covariables, bascule 4G ; fenêtre identifiée ≤ 2015, cohorte 2016 = contrôle",sunab,-8,1.553047450657722,1.0828411370275328,-0.5692821788946438,3.675377080210088,0.15150553036027978,722,11552,False," ; fenêtre 2007-2022 ; 722 traitées, 0 jamais traitées sur la fenêtre ; covariables invariantes dans le temps absorbées par les effets fixes unité : log_pop, share_women_1549, share_foreign, pretrend_pre ; comparaisons sur la fenêtre identifiée (années < 2016, cohorte 2016 recodée contrôle, 3 unités de contrôle) ; cellules −8 et +8 bornées",event,0.0,722.0,0.0,0.0,2007.0,2022.0,,,,,,,,,,,,
h2,H2,H2c,"log(naissances+0,5 / 1 000 f. 25-29)","unités avec covariables, bascule 4G ; fenêtre identifiée ≤ 2015, cohorte 2016 = contrôle",sunab,-7,1.1904375166154002,0.7055689474608418,-0.19245220901768323,2.5733272422484834,0.091564468666973,722,11552,False," ; fenêtre 2007-2022 ; 722 traitées, 0 jamais traitées sur la fenêtre ; covariables invariantes dans le temps absorbées par les effets fixes unité : log_pop, share_women_1549, share_foreign, pretrend_pre ; comparaisons sur la fenêtre identifiée (années < 2016, cohorte 2016 recodée contrôle, 3 unités de contrôle) ; cellules −8 et +8 bornées",event,0.0,722.0,0.0,0.0,2007.0,2022.0,,,,,,,,,,,,
h2,H2,H2c,"log(naissances+0,5 / 1 000 f. 25-29)","unités avec covariables, bascule 4G ; fenêtre identifiée ≤ 2015, cohorte 2016 = contrôle",sunab,-6,0.4681009657472009,0.1692186399802136,0.13643852587313254,0.7997634056212692,0.005670514459392139,722,11552,False," ; fenêtre 2007-2022 ; 722 traitées, 0 jamais traitées sur la fenêtre ; covariables invariantes dans le temps absorbées par les effets fixes unité : log_pop, share_women_1549, share_foreign, pretrend_pre ; comparaisons sur la fenêtre identifiée (années < 2016, cohorte 2016 recodée contrôle, 3 unités de contrôle) ; cellules −8 et +8 bornées",event,0.0,722.0,0.0,0.0,2007.0,2022.0,,,,,,,,,,,,
h2,H2,H2c,"log(naissances+0,5 / 1 000 f. 25-29)","unités avec covariables, bascule 4G ; fenêtre identifiée ≤ 2015, cohorte 2016 = contrôle",sunab,-5,0.1242382844431826,0.14920314185972716,-0.16819449998210315,0.4166710688684684,0.4050259368107252,722,11552,False," ; fenêtre 2007-2022 ; 722 traitées, 0 jamais traitées sur la fenêtre ; covariables invariantes dans le temps absorbées par les effets fixes unité : log_pop, share_women_1549, share_foreign, pretrend_pre ; comparaisons sur la fenêtre identifiée (années < 2016, cohorte 2016 recodée contrôle, 3 unités de contrôle) ; cellules −8 et +8 bornées",event,0.0,722.0,0.0,0.0,2007.0,2022.0,,,,,,,,,,,,
h2,H2,H2c,"log(naissances+0,5 / 1 000 f. 25-29)","unités avec covariables, bascule 4G ; fenêtre identifiée ≤ 2015, cohorte 2016 = contrôle",sunab,-4,0.13423877203976786,0.14385862987742776,-0.1477189613852683,0.416196505464804,0.35075296348445617,722,11552,False," ; fenêtre 2007-2022 ; 722 traitées, 0 jamais traitées sur la fenêtre ; covariables invariantes dans le temps absorbées par les effets fixes unité : log_pop, share_women_1549, share_foreign, pretrend_pre ; comparaisons sur la fenêtre identifiée (années < 2016, cohorte 2016 recodée contrôle, 3 unités de contrôle) ; cellules −8 et +8 bornées",event,0.0,722.0,0.0,0.0,2007.0,2022.0,,,,,,,,,,,,
h2,H2,H2c,"log(naissances+0,5 / 1 000 f. 25-29)","unités avec covariables, bascule 4G ; fenêtre identifiée ≤ 2015, cohorte 2016 = contrôle",sunab,-3,0.01871405876075397,0.061273045189859834,-0.1013789030344665,0.13880702055597444,0.7600457282467562,722,11552,False," ; fenêtre 2007-2022 ; 722 traitées, 0 jamais traitées sur la fenêtre ; covariables invariantes dans le temps absorbées par les effets fixes unité : log_pop, share_women_1549, share_foreign, pretrend_pre ; comparaisons sur la fenêtre identifiée (années < 2016, cohorte 2016 recodée contrôle, 3 unités de contrôle) ; cellules −8 et +8 bornées",event,0.0,722.0,0.0,0.0,2007.0,2022.0,,,,,,,,,,,,
h2,H2,H2c,"log(naissances+0,5 / 1 000 f. 25-29)","unités avec covariables, bascule 4G ; fenêtre identifiée ≤ 2015, cohorte 2016 = contrôle",sunab,-2,-0.03276488100517886,0.01545160064855812,-0.06304946177984852,-0.0024803002305092033,0.03396520006602743,722,11552,False," ; fenêtre 2007-2022 ; 722 traitées, 0 jamais traitées sur la fenêtre ; covariables invariantes dans le temps absorbées par les effets fixes unité : log_pop, share_women_1549, share_foreign, pretrend_pre ; comparaisons sur la fenêtre identifiée (années < 2016, cohorte 2016 recodée contrôle, 3 unités de contrôle) ; cellules −8 et +8 bornées",event,0.0,722.0,0.0,0.0,2007.0,2022.0,,,,,,,,,,,,
h2,H2,H2c,"log(naissances+0,5 / 1 000 f. 25-29)","unités avec covariables, bascule 4G ; fenêtre identifiée ≤ 2015, cohorte 2016 = contrôle",sunab,0,0.08954749701112737,0.04970102572032639,-0.007864723395411263,0.18695971741766598,0.07158894737507455,722,11552,False," ; fenêtre 2007-2022 ; 722 traitées, 0 jamais traitées sur la fenêtre ; covariables invariantes dans le temps absorbées par les effets fixes unité : log_pop, share_women_1549, share_foreign, pretrend_pre ; comparaisons sur la fenêtre identifiée (années < 2016, cohorte 2016 recodée contrôle, 3 unités de contrôle) ; cellules −8 et +8 bornées",event,0.0,722.0,0.0,0.0,2007.0,2022.0,,,,,,,,,,,,
h2,H2,H2c,"log(naissances+0,5 / 1 000 f. 25-29)","unités avec covariables, bascule 4G ; fenêtre identifiée ≤ 2015, cohorte 2016 = contrôle",sunab,1,0.20425927455651202,0.08469361461070314,0.038262840199018544,0.3702557089140055,0.015876446410281134,722,11552,False," ; fenêtre 2007-2022 ; 722 traitées, 0 jamais traitées sur la fenêtre ; covariables invariantes dans le temps absorbées par les effets fixes unité : log_pop, share_women_1549, share_foreign, pretrend_pre ; comparaisons sur la fenêtre identifiée (années < 2016, cohorte 2016 recodée contrôle, 3 unités de contrôle) ; cellules −8 et +8 bornées",event,0.0,722.0,0.0,0.0,2007.0,2022.0,,,,,,,,,,,,
h2,H2,H2c,"log(naissances+0,5 / 1 000 f. 25-29)","unités avec covariables, bascule 4G ; fenêtre identifiée ≤ 2015, cohorte 2016 = contrôle",sunab,2,0.22703320326001983,0.1202831399110738,-0.008717418913077174,0.4627838254331168,0.05909447300121107,722,11552,False," ; fenêtre 2007-2022 ; 722 traitées, 0 jamais traitées sur la fenêtre ; covariables invariantes dans le temps absorbées par les effets fixes unité : log_pop, share_women_1549, share_foreign, pretrend_pre ; comparaisons sur la fenêtre identifiée (années < 2016, cohorte 2016 recodée contrôle, 3 unités de contrôle) ; cellules −8 et +8 bornées",event,0.0,722.0,0.0,0.0,2007.0,2022.0,,,,,,,,,,,,
h2,H2,H2c,"log(naissances+0,5 / 1 000 f. 25-29)","unités avec covariables, bascule 4G ; fenêtre identifiée ≤ 2015, cohorte 2016 = contrôle",sunab,"ATT[1,2]",0.21564623890826592,0.0935329386077411,0.03232504786889742,0.39896742994763446,0.02113496921105634,722,11552,False," ; fenêtre 2007-2022 ; 722 traitées, 0 jamais traitées sur la fenêtre ; covariables invariantes dans le temps absorbées par les effets fixes unité : log_pop, share_women_1549, share_foreign, pretrend_pre ; comparaisons sur la fenêtre identifiée (années < 2016, cohorte 2016 recodée contrôle, 3 unités de contrôle) ; écart-type avec covariance complète (w'Vw)",post_avg,0.0,722.0,0.0,0.0,2007.0,2022.0,,,,,,,,,,,,
h2,H2,H2c,"log(naissances+0,5 / 1 000 f. 25-29)","unités avec covariables, bascule 4G ; fenêtre identifiée ≤ 2015, cohorte 2016 = contrôle",sunab,Wald pré (-8..−2),1984.9515542610534,,,,0.0,722,11552,False,"test de Wald joint, covariance groupée, df = 7 ; fenêtre 2007-2022 ; 722 traitées, 0 jamais traitées sur la fenêtre",pre_test,0.0,722.0,0.0,0.0,2007.0,2022.0,,,,,,,,,,,7.0,
h2,H2,H2c,"log(naissances+0,5 / 1 000 f. 25-29)","unités avec covariables, bascule 4G ; fenêtre identifiée ≤ 2015, cohorte 2016 = contrôle",did2s,-8,-0.017435279593937158,0.04407966855789847,-0.10382984241788079,0.06895928323000647,0.6924442820444787,722,11552,False," ; fenêtre 2007-2022 ; 722 traitées, 0 jamais traitées sur la fenêtre ; covariables invariantes dans le temps absorbées par les effets fixes unité : log_pop, share_women_1549, share_foreign, pretrend_pre ; comparaisons sur la fenêtre identifiée (années < 2016, cohorte 2016 recodée contrôle, 3 unités de contrôle) ; cellules −8 et +8 bornées",event,0.0,722.0,0.0,0.0,2007.0,2022.0,,,,,,,,,,,,
h2,H2,H2c,"log(naissances+0,5 / 1 000 f. 25-29)","unités avec covariables, bascule 4G ; fenêtre identifiée ≤ 2015, cohorte 2016 = contrôle",did2s,-7,0.007916221247816758,0.015313176398383633,-0.02209705298192394,0.03792949547755746,0.6051876570056597,722,11552,False," ; fenêtre 2007-2022 ; 722 traitées, 0 jamais traitées sur la fenêtre ; covariables invariantes dans le temps absorbées par les effets fixes unité : log_pop, share_women_1549, share_foreign, pretrend_pre ; comparaisons sur la fenêtre identifiée (années < 2016, cohorte 2016 recodée contrôle, 3 unités de contrôle) ; cellules −8 et +8 bornées",event,0.0,722.0,0.0,0.0,2007.0,2022.0,,,,,,,,,,,,
h2,H2,H2c,"log(naissances+0,5 / 1 000 f. 25-29)","unités avec covariables, bascule 4G ; fenêtre identifiée ≤ 2015, cohorte 2016 = contrôle",did2s,-6,0.0028829158640599605,0.01263770934333094,-0.02188653929595402,0.02765237102407394,0.8195528532664915,722,11552,False," ; fenêtre 2007-2022 ; 722 traitées, 0 jamais traitées sur la fenêtre ; covariables invariantes dans le temps absorbées par les effets fixes unité : log_pop, share_women_1549, share_foreign, pretrend_pre ; comparaisons sur la fenêtre identifiée (années < 2016, cohorte 2016 recodée contrôle, 3 unités de contrôle) ; cellules −8 et +8 bornées",event,0.0,722.0,0.0,0.0,2007.0,2022.0,,,,,,,,,,,,
h2,H2,H2c,"log(naissances+0,5 / 1 000 f. 25-29)","unités avec covariables, bascule 4G ; fenêtre identifiée ≤ 2015, cohorte 2016 = contrôle",did2s,-5,-0.002298227990965102,0.007384477445183392,-0.0167715378281729,0.012175081846242698,0.7556301967174964,722,11552,False," ; fenêtre 2007-2022 ; 722 traitées, 0 jamais traitées sur la fenêtre ; covariables invariantes dans le temps absorbées par les effets fixes unité : log_pop, share_women_1549, share_foreign, pretrend_pre ; comparaisons sur la fenêtre identifiée (années < 2016, cohorte 2016 recodée contrôle, 3 unités de contrôle) ; cellules −8 et +8 bornées",event,0.0,722.0,0.0,0.0,2007.0,2022.0,,,,,,,,,,,,
h2,H2,H2c,"log(naissances+0,5 / 1 000 f. 25-29)","unités avec covariables, bascule 4G ; fenêtre identifiée ≤ 2015, cohorte 2016 = contrôle",did2s,-4,0.004777848812553206,0.00440023975762624,-0.003846462635735481,0.013402160260841893,0.27756059926600907,722,11552,False," ; fenêtre 2007-2022 ; 722 traitées, 0 jamais traitées sur la fenêtre ; covariables invariantes dans le temps absorbées par les effets fixes unité : log_pop, share_women_1549, share_foreign, pretrend_pre ; comparaisons sur la fenêtre identifiée (années < 2016, cohorte 2016 recodée contrôle, 3 unités de contrôle) ; cellules −8 et +8 bornées",event,0.0,722.0,0.0,0.0,2007.0,2022.0,,,,,,,,,,,,
h2,H2,H2c,"log(naissances+0,5 / 1 000 f. 25-29)","unités avec covariables, bascule 4G ; fenêtre identifiée ≤ 2015, cohorte 2016 = contrôle",did2s,-3,0.0010926688726286137,0.004544840086595375,-0.00781505401259222,0.010000391757849447,0.8100049447161481,722,11552,False," ; fenêtre 2007-2022 ; 722 traitées, 0 jamais traitées sur la fenêtre ; covariables invariantes dans le temps absorbées par les effets fixes unité : log_pop, share_women_1549, share_foreign, pretrend_pre ; comparaisons sur la fenêtre identifiée (années < 2016, cohorte 2016 recodée contrôle, 3 unités de contrôle) ; cellules −8 et +8 bornées",event,0.0,722.0,0.0,0.0,2007.0,2022.0,,,,,,,,,,,,
h2,H2,H2c,"log(naissances+0,5 / 1 000 f. 25-29)","unités avec covariables, bascule 4G ; fenêtre identifiée ≤ 2015, cohorte 2016 = contrôle",did2s,-2,-0.005966502498840442,0.004819689476913553,-0.0154129202902577,0.0034799152925768144,0.2157370698807416,722,11552,False," ; fenêtre 2007-2022 ; 722 traitées, 0 jamais traitées sur la fenêtre ; covariables invariantes dans le temps absorbées par les effets fixes unité : log_pop, share_women_1549, share_foreign, pretrend_pre ; comparaisons sur la fenêtre identifiée (années < 2016, cohorte 2016 recodée contrôle, 3 unités de contrôle) ; cellules −8 et +8 bornées",event,0.0,722.0,0.0,0.0,2007.0,2022.0,,,,,,,,,,,,
h2,H2,H2c,"log(naissances+0,5 / 1 000 f. 25-29)","unités avec covariables, bascule 4G ; fenêtre identifiée ≤ 2015, cohorte 2016 = contrôle",did2s,0,0.00031008699401910075,0.03842742523089712,-0.07500628247714503,0.07562645646518323,0.9935616050647339,722,11552,False," ; fenêtre 2007-2022 ; 722 traitées, 0 jamais traitées sur la fenêtre ; covariables invariantes dans le temps absorbées par les effets fixes unité : log_pop, share_women_1549, share_foreign, pretrend_pre ; comparaisons sur la fenêtre identifiée (années < 2016, cohorte 2016 recodée contrôle, 3 unités de contrôle) ; cellules −8 et +8 bornées",event,0.0,722.0,0.0,0.0,2007.0,2022.0,,,,,,,,,,,,
h2,H2,H2c,"log(naissances+0,5 / 1 000 f. 25-29)","unités avec covariables, bascule 4G ; fenêtre identifiée ≤ 2015, cohorte 2016 = contrôle",did2s,1,-0.010263050632108521,0.11273023027914686,-0.23121024194814305,0.210684140683926,0.927460169940618,722,11552,False," ; fenêtre 2007-2022 ; 722 traitées, 0 jamais traitées sur la fenêtre ; covariables invariantes dans le temps absorbées par les effets fixes unité : log_pop, share_women_1549, share_foreign, pretrend_pre ; comparaisons sur la fenêtre identifiée (années < 2016, cohorte 2016 recodée contrôle, 3 unités de contrôle) ; cellules −8 et +8 bornées",event,0.0,722.0,0.0,0.0,2007.0,2022.0,,,,,,,,,,,,
h2,H2,H2c,"log(naissances+0,5 / 1 000 f. 25-29)","unités avec covariables, bascule 4G ; fenêtre identifiée ≤ 2015, cohorte 2016 = contrôle",did2s,2,-0.04865524684488882,0.16255856124599716,-0.3672641722656918,0.2699536785759142,0.7647042579662623,722,11552,False," ; fenêtre 2007-2022 ; 722 traitées, 0 jamais traitées sur la fenêtre ; covariables invariantes dans le temps absorbées par les effets fixes unité : log_pop, share_women_1549, share_foreign, pretrend_pre ; comparaisons sur la fenêtre identifiée (années < 2016, cohorte 2016 recodée contrôle, 3 unités de contrôle) ; cellules −8 et +8 bornées",event,0.0,722.0,0.0,0.0,2007.0,2022.0,,,,,,,,,,,,
h2,H2,H2c,"log(naissances+0,5 / 1 000 f. 25-29)","unités avec covariables, bascule 4G ; fenêtre identifiée ≤ 2015, cohorte 2016 = contrôle",did2s,"ATT[1,2]",-0.02945914873849867,0.13735800682955634,-0.2986758951126359,0.23975759763563856,0.8301806896844681,722,11552,False," ; fenêtre 2007-2022 ; 722 traitées, 0 jamais traitées sur la fenêtre ; covariables invariantes dans le temps absorbées par les effets fixes unité : log_pop, share_women_1549, share_foreign, pretrend_pre ; comparaisons sur la fenêtre identifiée (années < 2016, cohorte 2016 recodée contrôle, 3 unités de contrôle) ; écart-type avec covariance complète (w'Vw)",post_avg,0.0,722.0,0.0,0.0,2007.0,2022.0,,,,,,,,,,,,
h2,H2,H2c,"log(naissances+0,5 / 1 000 f. 25-29)","unités avec covariables, bascule 4G ; fenêtre identifiée ≤ 2015, cohorte 2016 = contrôle",did2s,Wald pré (-8..−2),5.054800449394063,,,,0.6532756323831411,722,11552,False,"test de Wald joint, covariance groupée, df = 7 ; fenêtre 2007-2022 ; 722 traitées, 0 jamais traitées sur la fenêtre",pre_test,0.0,722.0,0.0,0.0,2007.0,2022.0,,,,,,,,,,,7.0,
h2,H2,H2c,"log(naissances+0,5 / 1 000 f. 25-29)","unités avec covariables, bascule 4G ; fenêtre identifiée ≤ 2015, cohorte 2016 = contrôle",twfe,-8,0.7301356576801161,0.4494433502754253,-0.15075712195073765,1.6110284373109698,0.10426205421698809,722,11552,False," ; fenêtre 2007-2022 ; 722 traitées, 0 jamais traitées sur la fenêtre ; covariables invariantes dans le temps absorbées par les effets fixes unité : log_pop, share_women_1549, share_foreign, pretrend_pre ; comparaisons sur la fenêtre identifiée (années < 2016, cohorte 2016 recodée contrôle, 3 unités de contrôle) ; cellules −8 et +8 bornées",event,0.0,722.0,0.0,0.0,2007.0,2022.0,,,,,,,,,,,,
h2,H2,H2c,"log(naissances+0,5 / 1 000 f. 25-29)","unités avec covariables, bascule 4G ; fenêtre identifiée ≤ 2015, cohorte 2016 = contrôle",twfe,-7,0.6504119847224942,0.379548316167367,-0.09348904535836666,1.394313014803355,0.08659350285871151,722,11552,False," ; fenêtre 2007-2022 ; 722 traitées, 0 jamais traitées sur la fenêtre ; covariables invariantes dans le temps absorbées par les effets fixes unité : log_pop, share_women_1549, share_foreign, pretrend_pre ; comparaisons sur la fenêtre identifiée (années < 2016, cohorte 2016 recodée contrôle, 3 unités de contrôle) ; cellules −8 et +8 bornées",event,0.0,722.0,0.0,0.0,2007.0,2022.0,,,,,,,,,,,,
h2,H2,H2c,"log(naissances+0,5 / 1 000 f. 25-29)","unités avec covariables, bascule 4G ; fenêtre identifiée ≤ 2015, cohorte 2016 = contrôle",twfe,-6,0.5414636744669856,0.3116310278300626,-0.06932191654513631,1.1522492654791074,0.08229625825007067,722,11552,False," ; fenêtre 2007-2022 ; 722 traitées, 0 jamais traitées sur la fenêtre ; covariables invariantes dans le temps absorbées par les effets fixes unité : log_pop, share_women_1549, share_foreign, pretrend_pre ; comparaisons sur la fenêtre identifiée (années < 2016, cohorte 2016 recodée contrôle, 3 unités de contrôle) ; cellules −8 et +8 bornées",event,0.0,722.0,0.0,0.0,2007.0,2022.0,,,,,,,,,,,,
h2,H2,H2c,"log(naissances+0,5 / 1 000 f. 25-29)","unités avec covariables, bascule 4G ; fenêtre identifiée ≤ 2015, cohorte 2016 = contrôle",twfe,-5,0.4307546592174797,0.24515817553813707,-0.04974653535281748,0.9112558537877768,0.07890964381446813,722,11552,False," ; fenêtre 2007-2022 ; 722 traitées, 0 jamais traitées sur la fenêtre ; covariables invariantes dans le temps absorbées par les effets fixes unité : log_pop, share_women_1549, share_foreign, pretrend_pre ; comparaisons sur la fenêtre identifiée (années < 2016, cohorte 2016 recodée contrôle, 3 unités de contrôle) ; cellules −8 et +8 bornées",event,0.0,722.0,0.0,0.0,2007.0,2022.0,,,,,,,,,,,,
h2,H2,H2c,"log(naissances+0,5 / 1 000 f. 25-29)","unités avec covariables, bascule 4G ; fenêtre identifiée ≤ 2015, cohorte 2016 = contrôle",twfe,-4,0.3312641225994497,0.1818200072280783,-0.025096543236396096,0.6876247884352955,0.06846494257765777,722,11552,False," ; fenêtre 2007-2022 ; 722 traitées, 0 jamais traitées sur la fenêtre ; covariables invariantes dans le temps absorbées par les effets fixes unité : log_pop, share_women_1549, share_foreign, pretrend_pre ; comparaisons sur la fenêtre identifiée (années < 2016, cohorte 2016 recodée contrôle, 3 unités de contrôle) ; cellules −8 et +8 bornées",event,0.0,722.0,0.0,0.0,2007.0,2022.0,,,,,,,,,,,,
h2,H2,H2c,"log(naissances+0,5 / 1 000 f. 25-29)","unités avec covariables, bascule 4G ; fenêtre identifiée ≤ 2015, cohorte 2016 = contrôle",twfe,-3,0.2182940741302362,0.12098509332078308,-0.018832351444716094,0.4554204997051885,0.07118342179449948,722,11552,False," ; fenêtre 2007-2022 ; 722 traitées, 0 jamais traitées sur la fenêtre ; covariables invariantes dans le temps absorbées par les effets fixes unité : log_pop, share_women_1549, share_foreign, pretrend_pre ; comparaisons sur la fenêtre identifiée (années < 2016, cohorte 2016 recodée contrôle, 3 unités de contrôle) ; cellules −8 et +8 bornées",event,0.0,722.0,0.0,0.0,2007.0,2022.0,,,,,,,,,,,,
h2,H2,H2c,"log(naissances+0,5 / 1 000 f. 25-29)","unités avec covariables, bascule 4G ; fenêtre identifiée ≤ 2015, cohorte 2016 = contrôle",twfe,-2,0.10204018693590644,0.06123016744141741,-0.01796873601662871,0.2220491098884416,0.09561350126889467,722,11552,False," ; fenêtre 2007-2022 ; 722 traitées, 0 jamais traitées sur la fenêtre ; covariables invariantes dans le temps absorbées par les effets fixes unité : log_pop, share_women_1549, share_foreign, pretrend_pre ; comparaisons sur la fenêtre identifiée (années < 2016, cohorte 2016 recodée contrôle, 3 unités de contrôle) ; cellules −8 et +8 bornées",event,0.0,722.0,0.0,0.0,2007.0,2022.0,,,,,,,,,,,,
h2,H2,H2c,"log(naissances+0,5 / 1 000 f. 25-29)","unités avec covariables, bascule 4G ; fenêtre identifiée ≤ 2015, cohorte 2016 = contrôle",twfe,0,-0.08269719420987424,0.061847157553717204,-0.2039153955613343,0.03852100714158582,0.18118282124485918,722,11552,False," ; fenêtre 2007-2022 ; 722 traitées, 0 jamais traitées sur la fenêtre ; covariables invariantes dans le temps absorbées par les effets fixes unité : log_pop, share_women_1549, share_foreign, pretrend_pre ; comparaisons sur la fenêtre identifiée (années < 2016, cohorte 2016 recodée contrôle, 3 unités de contrôle) ; cellules −8 et +8 bornées",event,0.0,722.0,0.0,0.0,2007.0,2022.0,,,,,,,,,,,,
h2,H2,H2c,"log(naissances+0,5 / 1 000 f. 25-29)","unités avec covariables, bascule 4G ; fenêtre identifiée ≤ 2015, cohorte 2016 = contrôle",twfe,1,-0.15629148237483703,0.12364328809742295,-0.39862787397589594,0.08604490922622188,0.206211546961784,722,11552,False," ; fenêtre 2007-2022 ; 722 traitées, 0 jamais traitées sur la fenêtre ; covariables invariantes dans le temps absorbées par les effets fixes unité : log_pop, share_women_1549, share_foreign, pretrend_pre ; comparaisons sur la fenêtre identifiée (années < 2016, cohorte 2016 recodée contrôle, 3 unités de contrôle) ; cellules −8 et +8 bornées",event,0.0,722.0,0.0,0.0,2007.0,2022.0,,,,,,,,,,,,
h2,H2,H2c,"log(naissances+0,5 / 1 000 f. 25-29)","unités avec covariables, bascule 4G ; fenêtre identifiée ≤ 2015, cohorte 2016 = contrôle",twfe,2,-0.2702675498992591,0.18602603146375693,-0.6348718717551376,0.09433677195661938,0.14626595819156532,722,11552,False," ; fenêtre 2007-2022 ; 722 traitées, 0 jamais traitées sur la fenêtre ; covariables invariantes dans le temps absorbées par les effets fixes unité : log_pop, share_women_1549, share_foreign, pretrend_pre ; comparaisons sur la fenêtre identifiée (années < 2016, cohorte 2016 recodée contrôle, 3 unités de contrôle) ; cellules −8 et +8 bornées",event,0.0,722.0,0.0,0.0,2007.0,2022.0,,,,,,,,,,,,
h2,H2,H2c,"log(naissances+0,5 / 1 000 f. 25-29)","unités avec covariables, bascule 4G ; fenêtre identifiée ≤ 2015, cohorte 2016 = contrôle",twfe,"ATT[1,2]",-0.21327951613704807,0.15465651168573852,-0.5164007090156936,0.0898416767415974,0.16787843392846635,722,11552,False," ; fenêtre 2007-2022 ; 722 traitées, 0 jamais traitées sur la fenêtre ; covariables invariantes dans le temps absorbées par les effets fixes unité : log_pop, share_women_1549, share_foreign, pretrend_pre ; comparaisons sur la fenêtre identifiée (années < 2016, cohorte 2016 recodée contrôle, 3 unités de contrôle) ; écart-type avec covariance complète (w'Vw)",post_avg,0.0,722.0,0.0,0.0,2007.0,2022.0,,,,,,,,,,,,
h2,H2,H2c,"log(naissances+0,5 / 1 000 f. 25-29)","unités avec covariables, bascule 4G ; fenêtre identifiée ≤ 2015, cohorte 2016 = contrôle",twfe,Wald pré (-8..−2),6.662606089899097,,,,0.46483350300703374,722,11552,False,"test de Wald joint, covariance groupée, df = 7 ; fenêtre 2007-2022 ; 722 traitées, 0 jamais traitées sur la fenêtre",pre_test,0.0,722.0,0.0,0.0,2007.0,2022.0,,,,,,,,,,,7.0,
h2,H2,H2c,"log(naissances+0,5 / 1 000 f. 25-29)","unités avec covariables, bascule 4G ; fenêtre identifiée ≤ 2015, cohorte 2016 = contrôle",twfe,ATT,0.015523651544317698,0.015331885575529497,-0.014526291998809275,0.04557359508744467,0.31129538739617135,722,11552,False," ; fenêtre 2007-2022 ; 722 traitées, 0 jamais traitées sur la fenêtre ; covariables invariantes dans le temps absorbées par les effets fixes unité : log_pop, share_women_1549, share_foreign, pretrend_pre ; comparaisons sur la fenêtre identifiée (années < 2016, cohorte 2016 recodée contrôle, 3 unités de contrôle)",static,0.0,722.0,0.0,0.0,2007.0,2022.0,,,,,,,,,,,,
h2,H2,H2c,"log(naissances+0,5 / 1 000 f. 25-29)","unités avec covariables, bascule 4G ; fenêtre complète",twfe,ATT,0.01860384251817451,0.01284095102130851,-0.006563959010832995,0.043771644047182014,0.14739621361490343,722,11552,True," ; fenêtre 2007-2022 ; 722 traitées, 0 jamais traitées sur la fenêtre ; covariables invariantes dans le temps absorbées par les effets fixes unité : log_pop, share_women_1549, share_foreign, pretrend_pre ; TWFE sur toutes les années (identification par le calendrier des bascules seulement)",static,0.0,722.0,0.0,0.0,2007.0,2022.0,,,,,,,,,,,,
h2,H2,H2c,"log(naissances+0,5 / 1 000 f. 25-29)","unités avec covariables, bascule 4G ; fenêtre identifiée ≤ 2015, cohorte 2016 = contrôle",twfe_poisson,ATT (log du taux contrefactuel),0.021073524238484156,0.009128512453321292,0.003181968597549052,0.03896507987941926,0.020969193147217517,722,11552,False," ; fenêtre 2007-2022 ; 722 traitées, 0 jamais traitées sur la fenêtre ; covariables invariantes dans le temps absorbées par les effets fixes unité : log_pop, share_women_1549, share_foreign, pretrend_pre ; comparaisons sur la fenêtre identifiée (années < 2016, cohorte 2016 recodée contrôle, 3 unités de contrôle) ; Poisson à effets fixes, offset = log(women)",static,0.0,722.0,0.0,0.0,2007.0,2022.0,,,,,,,,,,,,
h2,H2,H2c,"log(naissances+0,5 / 1 000 f. 25-29)","unités avec covariables, bascule 4G ; fenêtre identifiée ≤ 2015, cohorte 2016 = contrôle",twfe_poisson,ATT en % du taux contrefactuel,2.129713897153418,0.9322923651643057,0.3187036291856682,3.9734175520174775,0.020969193147217517,722,11552,False," ; fenêtre 2007-2022 ; 722 traitées, 0 jamais traitées sur la fenêtre ; covariables invariantes dans le temps absorbées par les effets fixes unité : log_pop, share_women_1549, share_foreign, pretrend_pre ; comparaisons sur la fenêtre identifiée (années < 2016, cohorte 2016 recodée contrôle, 3 unités de contrôle) ; Poisson à effets fixes, offset = log(women)",static,0.0,722.0,0.0,0.0,2007.0,2022.0,,,,,,,,,,,,
h2,H2,H2c,"log(naissances+0,5 / 1 000 f. 30-34)","unités avec covariables, bascule 4G",cs,-8,6.2474407502408695,0.41239874280562266,5.439154067072252,7.055727433409487,7.689360106344422e-52,722,11552,False," ; covariables : log_pop, share_women_1549, share_foreign, pretrend_pre (doublement robuste) ; contrôle = not_yet_treated ; fenêtre 2007-2022 ; 722 traitées, 0 jamais traitées sur la fenêtre ; ATT(g,t) identifiés jusqu'en 2015 (sans unité jamais traitée, la dernière cohorte sert de contrôle)",event,0.0,722.0,0.0,0.0,2007.0,2022.0,2007.0,2015.0,722.0,1.0,dr,1.0,156.0,,,,,
h2,H2,H2c,"log(naissances+0,5 / 1 000 f. 30-34)","unités avec covariables, bascule 4G",cs,-7,0.06300489224299691,0.07404890845184912,-0.08212830141713098,0.2081380859031248,0.3948498429993428,722,11552,False," ; covariables : log_pop, share_women_1549, share_foreign, pretrend_pre (doublement robuste) ; contrôle = not_yet_treated ; fenêtre 2007-2022 ; 722 traitées, 0 jamais traitées sur la fenêtre ; ATT(g,t) identifiés jusqu'en 2015 (sans unité jamais traitée, la dernière cohorte sert de contrôle)",event,0.0,722.0,0.0,0.0,2007.0,2022.0,2007.0,2015.0,722.0,1.0,dr,2.0,544.0,,,,,
h2,H2,H2c,"log(naissances+0,5 / 1 000 f. 30-34)","unités avec covariables, bascule 4G",cs,-6,0.16572530969482158,0.03303320598709239,0.1009814156662276,0.23046920372341556,5.250345824104955e-07,722,11552,False," ; covariables : log_pop, share_women_1549, share_foreign, pretrend_pre (doublement robuste) ; contrôle = not_yet_treated ; fenêtre 2007-2022 ; 722 traitées, 0 jamais traitées sur la fenêtre ; ATT(g,t) identifiés jusqu'en 2015 (sans unité jamais traitée, la dernière cohorte sert de contrôle)",event,0.0,722.0,0.0,0.0,2007.0,2022.0,2007.0,2015.0,722.0,1.0,dr,3.0,719.0,,,,,
h2,H2,H2c,"log(naissances+0,5 / 1 000 f. 30-34)","unités avec covariables, bascule 4G",cs,-5,-0.02411357658268732,0.019416847444824553,-0.06216989826785202,0.01394274510247738,0.2142773799405887,722,11552,False," ; covariables : log_pop, share_women_1549, share_foreign, pretrend_pre (doublement robuste) ; contrôle = not_yet_treated ; fenêtre 2007-2022 ; 722 traitées, 0 jamais traitées sur la fenêtre ; ATT(g,t) identifiés jusqu'en 2015 (sans unité jamais traitée, la dernière cohorte sert de contrôle)",event,0.0,722.0,0.0,0.0,2007.0,2022.0,2007.0,2015.0,722.0,1.0,dr,3.0,719.0,,,,,
h2,H2,H2c,"log(naissances+0,5 / 1 000 f. 30-34)","unités avec covariables, bascule 4G",cs,-4,-0.07951684056331883,0.022487577697486973,-0.12359168294993944,-0.03544199817669821,0.00040618232809384034,722,11552,False," ; covariables : log_pop, share_women_1549, share_foreign, pretrend_pre (doublement robuste) ; contrôle = not_yet_treated ; fenêtre 2007-2022 ; 722 traitées, 0 jamais traitées sur la fenêtre ; ATT(g,t) identifiés jusqu'en 2015 (sans unité jamais traitée, la dernière cohorte sert de contrôle)",event,0.0,722.0,0.0,0.0,2007.0,2022.0,2007.0,2015.0,722.0,1.0,dr,3.0,719.0,,,,,
h2,H2,H2c,"log(naissances+0,5 / 1 000 f. 30-34)","unités avec covariables, bascule 4G",cs,-3,0.048399800348612826,0.018691491443511142,0.011765150301992398,0.08503445039523325,0.009614255982359625,722,11552,False," ; covariables : log_pop, share_women_1549, share_foreign, pretrend_pre (doublement robuste) ; contrôle = not_yet_treated ; fenêtre 2007-2022 ; 722 traitées, 0 jamais traitées sur la fenêtre ; ATT(g,t) identifiés jusqu'en 2015 (sans unité jamais traitée, la dernière cohorte sert de contrôle)",event,0.0,722.0,0.0,0.0,2007.0,2022.0,2007.0,2015.0,722.0,1.0,dr,3.0,719.0,,,,,
h2,H2,H2c,"log(naissances+0,5 / 1 000 f. 30-34)","unités avec covariables, bascule 4G",cs,-2,-0.31171334689390273,0.04570767362564721,-0.4012987410172826,-0.22212795277052289,9.122074975232365e-12,722,11552,False," ; covariables : log_pop, share_women_1549, share_foreign, pretrend_pre (doublement robuste) ; contrôle = not_yet_treated ; fenêtre 2007-2022 ; 722 traitées, 0 jamais traitées sur la fenêtre ; ATT(g,t) identifiés jusqu'en 2015 (sans unité jamais traitée, la dernière cohorte sert de contrôle)",event,0.0,722.0,0.0,0.0,2007.0,2022.0,2007.0,2015.0,722.0,1.0,dr,3.0,719.0,,,,,
h2,H2,H2c,"log(naissances+0,5 / 1 000 f. 30-34)","unités avec covariables, bascule 4G",cs,0,0.02083494244499852,0.02204525615657847,-0.022372965651855183,0.06404285054185221,0.3446085003034314,722,11552,False," ; covariables : log_pop, share_women_1549, share_foreign, pretrend_pre (doublement robuste) ; contrôle = not_yet_treated ; fenêtre 2007-2022 ; 722 traitées, 0 jamais traitées sur la fenêtre ; ATT(g,t) identifiés jusqu'en 2015 (sans unité jamais traitée, la dernière cohorte sert de contrôle)",event,0.0,722.0,0.0,0.0,2007.0,2022.0,2007.0,2015.0,722.0,1.0,dr,3.0,719.0,,,,,
h2,H2,H2c,"log(naissances+0,5 / 1 000 f. 30-34)","unités avec covariables, bascule 4G",cs,1,0.9482165025305366,0.08858268591675544,0.7745976284798725,1.1218353765812008,9.715204914216035e-27,722,11552,False," ; covariables : log_pop, share_women_1549, share_foreign, pretrend_pre (doublement robuste) ; contrôle = not_yet_treated ; fenêtre 2007-2022 ; 722 traitées, 0 jamais traitées sur la fenêtre ; ATT(g,t) identifiés jusqu'en 2015 (sans unité jamais traitée, la dernière cohorte sert de contrôle)",event,0.0,722.0,0.0,0.0,2007.0,2022.0,2007.0,2015.0,722.0,1.0,dr,2.0,563.0,,,,,
h2,H2,H2c,"log(naissances+0,5 / 1 000 f. 30-34)","unités avec covariables, bascule 4G",cs,"ATT[1,1]",0.9482165025305366,0.08858268591675544,0.7745976284798725,1.1218353765812008,9.715204914216035e-27,722,11552,False," ; covariables : log_pop, share_women_1549, share_foreign, pretrend_pre (doublement robuste) ; contrôle = not_yet_treated ; fenêtre 2007-2022 ; 722 traitées, 0 jamais traitées sur la fenêtre ; ATT(g,t) identifiés jusqu'en 2015 (sans unité jamais traitée, la dernière cohorte sert de contrôle) ; écart-type avec covariance complète des coefficients (fonctions d'influence)",post_avg,0.0,722.0,0.0,0.0,2007.0,2022.0,2007.0,2015.0,722.0,1.0,dr,,,,,1.0,,
h2,H2,H2c,"log(naissances+0,5 / 1 000 f. 30-34)","unités avec covariables, bascule 4G",cs,ATT,0.4281015714061201,0.04149719966527304,0.34676855460291733,0.5094345882093229,5.941114024965062e-25,722,11552,False," ; covariables : log_pop, share_women_1549, share_foreign, pretrend_pre (doublement robuste) ; contrôle = not_yet_treated ; fenêtre 2007-2022 ; 722 traitées, 0 jamais traitées sur la fenêtre ; ATT(g,t) identifiés jusqu'en 2015 (sans unité jamais traitée, la dernière cohorte sert de contrôle) ; moyenne de tous les ATT(g,t) post",simple,0.0,722.0,0.0,0.0,2007.0,2022.0,2007.0,2015.0,722.0,1.0,dr,,,,,,,
h2,H2,H2c,"log(naissances+0,5 / 1 000 f. 30-34)","unités avec covariables, bascule 4G",cs,Wald pré (-8..-2),275.61524278560586,,,,9.66963094408009e-56,722,11552,False,"H5c : test de Wald joint de nullité des coefficients pré avec covariance des fonctions d'influence, df = 7 ; fenêtre 2007-2022 ; 722 traitées, 0 jamais traitées sur la fenêtre",pre_test,0.0,722.0,0.0,0.0,2007.0,2022.0,2007.0,2015.0,722.0,1.0,dr,,,,,,7.0,
h2,H2,H2c,"log(naissances+0,5 / 1 000 f. 30-34)","unités avec covariables, bascule 4G ; fenêtre identifiée ≤ 2015, cohorte 2016 = contrôle",sunab,-8,1.5320609235523506,1.1753554671973874,-0.7715934611867774,3.8357153082914786,0.19240844965816062,722,11552,False," ; fenêtre 2007-2022 ; 722 traitées, 0 jamais traitées sur la fenêtre ; covariables invariantes dans le temps absorbées par les effets fixes unité : log_pop, share_women_1549, share_foreign, pretrend_pre ; comparaisons sur la fenêtre identifiée (années < 2016, cohorte 2016 recodée contrôle, 3 unités de contrôle) ; cellules −8 et +8 bornées",event,0.0,722.0,0.0,0.0,2007.0,2022.0,,,,,,,,,,,,
h2,H2,H2c,"log(naissances+0,5 / 1 000 f. 30-34)","unités avec covariables, bascule 4G ; fenêtre identifiée ≤ 2015, cohorte 2016 = contrôle",sunab,-7,1.0807550546801687,0.860621708732396,-0.6060324987486478,2.767542608108985,0.2091942592425341,722,11552,False," ; fenêtre 2007-2022 ; 722 traitées, 0 jamais traitées sur la fenêtre ; covariables invariantes dans le temps absorbées par les effets fixes unité : log_pop, share_women_1549, share_foreign, pretrend_pre ; comparaisons sur la fenêtre identifiée (années < 2016, cohorte 2016 recodée contrôle, 3 unités de contrôle) ; cellules −8 et +8 bornées",event,0.0,722.0,0.0,0.0,2007.0,2022.0,,,,,,,,,,,,
h2,H2,H2c,"log(naissances+0,5 / 1 000 f. 30-34)","unités avec covariables, bascule 4G ; fenêtre identifiée ≤ 2015, cohorte 2016 = contrôle",sunab,-6,0.3606969270580385,0.3118961329520869,-0.25060826044536816,0.9720021145614453,0.24749105274837024,722,11552,False," ; fenêtre 2007-2022 ; 722 traitées, 0 jamais traitées sur la fenêtre ; covariables invariantes dans le temps absorbées par les effets fixes unité : log_pop, share_women_1549, share_foreign, pretrend_pre ; comparaisons sur la fenêtre identifiée (années < 2016, cohorte 2016 recodée contrôle, 3 unités de contrôle) ; cellules −8 et +8 bornées",event,0.0,722.0,0.0,0.0,2007.0,2022.0,,,,,,,,,,,,
h2,H2,H2c,"log(naissances+0,5 / 1 000 f. 30-34)","unités avec covariables, bascule 4G ; fenêtre identifiée ≤ 2015, cohorte 2016 = contrôle",sunab,-5,0.023573601886822785,0.11703600740104275,-0.20581275751358422,0.2529599612872298,0.8403687798538428,722,11552,False," ; fenêtre 2007-2022 ; 722 traitées, 0 jamais traitées sur la fenêtre ; covariables invariantes dans le temps absorbées par les effets fixes unité : log_pop, share_women_1549, share_foreign, pretrend_pre ; comparaisons sur la fenêtre identifiée (années < 2016, cohorte 2016 recodée contrôle, 3 unités de contrôle) ; cellules −8 et +8 bornées",event,0.0,722.0,0.0,0.0,2007.0,2022.0,,,,,,,,,,,,
h2,H2,H2c,"log(naissances+0,5 / 1 000 f. 30-34)","unités avec covariables, bascule 4G ; fenêtre identifiée ≤ 2015, cohorte 2016 = contrôle",sunab,-4,-0.01377894204915428,0.06488683441277579,-0.14095480056900903,0.11339691647070047,0.8318313122652001,722,11552,False," ; fenêtre 2007-2022 ; 722 traitées, 0 jamais traitées sur la fenêtre ; covariables invariantes dans le temps absorbées par les effets fixes unité : log_pop, share_women_1549, share_foreign, pretrend_pre ; comparaisons sur la fenêtre identifiée (années < 2016, cohorte 2016 recodée contrôle, 3 unités de contrôle) ; cellules −8 et +8 bornées",event,0.0,722.0,0.0,0.0,2007.0,2022.0,,,,,,,,,,,,
h2,H2,H2c,"log(naissances+0,5 / 1 000 f. 30-34)","unités avec covariables, bascule 4G ; fenêtre identifiée ≤ 2015, cohorte 2016 = contrôle",sunab,-3,-0.03764087043992967,0.04454187155114726,-0.12494133448418752,0.04965959360432819,0.39807337336301096,722,11552,False," ; fenêtre 2007-2022 ; 722 traitées, 0 jamais traitées sur la fenêtre ; covariables invariantes dans le temps absorbées par les effets fixes unité : log_pop, share_women_1549, share_foreign, pretrend_pre ; comparaisons sur la fenêtre identifiée (années < 2016, cohorte 2016 recodée contrôle, 3 unités de contrôle) ; cellules −8 et +8 bornées",event,0.0,722.0,0.0,0.0,2007.0,2022.0,,,,,,,,,,,,
h2,H2,H2c,"log(naissances+0,5 / 1 000 f. 30-34)","unités avec covariables, bascule 4G ; fenêtre identifiée ≤ 2015, cohorte 2016 = contrôle",sunab,-2,0.015347690246431376,0.03751456180433369,-0.058179499785864605,0.08887488027872735,0.6824568279457348,722,11552,False," ; fenêtre 2007-2022 ; 722 traitées, 0 jamais traitées sur la fenêtre ; covariables invariantes dans le temps absorbées par les effets fixes unité : log_pop, share_women_1549, share_foreign, pretrend_pre ; comparaisons sur la fenêtre identifiée (années < 2016, cohorte 2016 recodée contrôle, 3 unités de contrôle) ; cellules −8 et +8 bornées",event,0.0,722.0,0.0,0.0,2007.0,2022.0,,,,,,,,,,,,
h2,H2,H2c,"log(naissances+0,5 / 1 000 f. 30-34)","unités avec covariables, bascule 4G ; fenêtre identifiée ≤ 2015, cohorte 2016 = contrôle",sunab,0,-0.02181192230854434,0.03488131291682555,-0.0901780393589942,0.046554194741905516,0.531762190162482,722,11552,False," ; fenêtre 2007-2022 ; 722 traitées, 0 jamais traitées sur la fenêtre ; covariables invariantes dans le temps absorbées par les effets fixes unité : log_pop, share_women_1549, share_foreign, pretrend_pre ; comparaisons sur la fenêtre identifiée (années < 2016, cohorte 2016 recodée contrôle, 3 unités de contrôle) ; cellules −8 et +8 bornées",event,0.0,722.0,0.0,0.0,2007.0,2022.0,,,,,,,,,,,,
h2,H2,H2c,"log(naissances+0,5 / 1 000 f. 30-34)","unités avec covariables, bascule 4G ; fenêtre identifiée ≤ 2015, cohorte 2016 = contrôle",sunab,1,0.029481674178451586,0.082330290406585,-0.13188272985517852,0.19084607821208172,0.7202757761703482,722,11552,False," ; fenêtre 2007-2022 ; 722 traitées, 0 jamais traitées sur la fenêtre ; covariables invariantes dans le temps absorbées par les effets fixes unité : log_pop, share_women_1549, share_foreign, pretrend_pre ; comparaisons sur la fenêtre identifiée (années < 2016, cohorte 2016 recodée contrôle, 3 unités de contrôle) ; cellules −8 et +8 bornées",event,0.0,722.0,0.0,0.0,2007.0,2022.0,,,,,,,,,,,,
h2,H2,H2c,"log(naissances+0,5 / 1 000 f. 30-34)","unités avec covariables, bascule 4G ; fenêtre identifiée ≤ 2015, cohorte 2016 = contrôle",sunab,2,0.03506991627721236,0.01826607834257948,-0.0007309394130305055,0.07087077196745523,0.05486449778707554,722,11552,False," ; fenêtre 2007-2022 ; 722 traitées, 0 jamais traitées sur la fenêtre ; covariables invariantes dans le temps absorbées par les effets fixes unité : log_pop, share_women_1549, share_foreign, pretrend_pre ; comparaisons sur la fenêtre identifiée (années < 2016, cohorte 2016 recodée contrôle, 3 unités de contrôle) ; cellules −8 et +8 bornées",event,0.0,722.0,0.0,0.0,2007.0,2022.0,,,,,,,,,,,,
h2,H2,H2c,"log(naissances+0,5 / 1 000 f. 30-34)","unités avec covariables, bascule 4G ; fenêtre identifiée ≤ 2015, cohorte 2016 = contrôle",sunab,"ATT[1,2]",0.03227579522783197,0.03681047256922802,-0.03987140526175455,0.10442299571741849,0.3805897761453254,722,11552,False," ; fenêtre 2007-2022 ; 722 traitées, 0 jamais traitées sur la fenêtre ; covariables invariantes dans le temps absorbées par les effets fixes unité : log_pop, share_women_1549, share_foreign, pretrend_pre ; comparaisons sur la fenêtre identifiée (années < 2016, cohorte 2016 recodée contrôle, 3 unités de contrôle) ; écart-type avec covariance complète (w'Vw)",post_avg,0.0,722.0,0.0,0.0,2007.0,2022.0,,,,,,,,,,,,
h2,H2,H2c,"log(naissances+0,5 / 1 000 f. 30-34)","unités avec covariables, bascule 4G ; fenêtre identifiée ≤ 2015, cohorte 2016 = contrôle",sunab,Wald pré (-8..−2),190.59816818873733,,,,1.1212460679630572e-37,722,11552,False,"test de Wald joint, covariance groupée, df = 7 ; fenêtre 2007-2022 ; 722 traitées, 0 jamais traitées sur la fenêtre",pre_test,0.0,722.0,0.0,0.0,2007.0,2022.0,,,,,,,,,,,7.0,
h2,H2,H2c,"log(naissances+0,5 / 1 000 f. 30-34)","unités avec covariables, bascule 4G ; fenêtre identifiée ≤ 2015, cohorte 2016 = contrôle",did2s,-8,-0.015952818302190343,0.04782626195302507,-0.10969056924529774,0.07778493264091707,0.7387133364952865,722,11552,False," ; fenêtre 2007-2022 ; 722 traitées, 0 jamais traitées sur la fenêtre ; covariables invariantes dans le temps absorbées par les effets fixes unité : log_pop, share_women_1549, share_foreign, pretrend_pre ; comparaisons sur la fenêtre identifiée (années < 2016, cohorte 2016 recodée contrôle, 3 unités de contrôle) ; cellules −8 et +8 bornées",event,0.0,722.0,0.0,0.0,2007.0,2022.0,,,,,,,,,,,,
h2,H2,H2c,"log(naissances+0,5 / 1 000 f. 30-34)","unités avec covariables, bascule 4G ; fenêtre identifiée ≤ 2015, cohorte 2016 = contrôle",did2s,-7,0.004520373041258818,0.01690378253308143,-0.028610431926078025,0.03765117800859566,0.7891474638208297,722,11552,False," ; fenêtre 2007-2022 ; 722 traitées, 0 jamais traitées sur la fenêtre ; covariables invariantes dans le temps absorbées par les effets fixes unité : log_pop, share_women_1549, share_foreign, pretrend_pre ; comparaisons sur la fenêtre identifiée (années < 2016, cohorte 2016 recodée contrôle, 3 unités de contrôle) ; cellules −8 et +8 bornées",event,0.0,722.0,0.0,0.0,2007.0,2022.0,,,,,,,,,,,,
h2,H2,H2c,"log(naissances+0,5 / 1 000 f. 30-34)","unités avec covariables, bascule 4G ; fenêtre identifiée ≤ 2015, cohorte 2016 = contrôle",did2s,-6,-0.002193207076701065,0.014401180504487725,-0.030419002200357374,0.026032588046955244,0.878955402436452,722,11552,False," ; fenêtre 2007-2022 ; 722 traitées, 0 jamais traitées sur la fenêtre ; covariables invariantes dans le temps absorbées par les effets fixes unité : log_pop, share_women_1549, share_foreign, pretrend_pre ; comparaisons sur la fenêtre identifiée (années < 2016, cohorte 2016 recodée contrôle, 3 unités de contrôle) ; cellules −8 et +8 bornées",event,0.0,722.0,0.0,0.0,2007.0,2022.0,,,,,,,,,,,,
h2,H2,H2c,"log(naissances+0,5 / 1 000 f. 30-34)","unités avec covariables, bascule 4G ; fenêtre identifiée ≤ 2015, cohorte 2016 = contrôle",did2s,-5,0.006057529019798207,0.007441519672001966,-0.008527581527571963,0.02064263956716838,0.4156347886963332,722,11552,False," ; fenêtre 2007-2022 ; 722 traitées, 0 jamais traitées sur la fenêtre ; covariables invariantes dans le temps absorbées par les effets fixes unité : log_pop, share_women_1549, share_foreign, pretrend_pre ; comparaisons sur la fenêtre identifiée (années < 2016, cohorte 2016 recodée contrôle, 3 unités de contrôle) ; cellules −8 et +8 bornées",event,0.0,722.0,0.0,0.0,2007.0,2022.0,,,,,,,,,,,,
h2,H2,H2c,"log(naissances+0,5 / 1 000 f. 30-34)","unités avec covariables, bascule 4G ; fenêtre identifiée ≤ 2015, cohorte 2016 = contrôle",did2s,-4,0.0036797799885657633,0.00344479383048966,-0.003071891853359746,0.010431451830491273,0.28542359934464945,722,11552,False," ; fenêtre 2007-2022 ; 722 traitées, 0 jamais traitées sur la fenêtre ; covariables invariantes dans le temps absorbées par les effets fixes unité : log_pop, share_women_1549, share_foreign, pretrend_pre ; comparaisons sur la fenêtre identifiée (années < 2016, cohorte 2016 recodée contrôle, 3 unités de contrôle) ; cellules −8 et +8 bornées",event,0.0,722.0,0.0,0.0,2007.0,2022.0,,,,,,,,,,,,
h2,H2,H2c,"log(naissances+0,5 / 1 000 f. 30-34)","unités avec covariables, bascule 4G ; fenêtre identifiée ≤ 2015, cohorte 2016 = contrôle",did2s,-3,0.002081079922135112,0.0034536859131778204,-0.004688020081606743,0.008850179925876969,0.5467962468089484,722,11552,False," ; fenêtre 2007-2022 ; 722 traitées, 0 jamais traitées sur la fenêtre ; covariables invariantes dans le temps absorbées par les effets fixes unité : log_pop, share_women_1549, share_foreign, pretrend_pre ; comparaisons sur la fenêtre identifiée (années < 2016, cohorte 2016 recodée contrôle, 3 unités de contrôle) ; cellules −8 et +8 bornées",event,0.0,722.0,0.0,0.0,2007.0,2022.0,,,,,,,,,,,,
h2,H2,H2c,"log(naissances+0,5 / 1 000 f. 30-34)","unités avec covariables, bascule 4G ; fenêtre identifiée ≤ 2015, cohorte 2016 = contrôle",did2s,-2,-0.0024252601865967375,0.0038837265218128565,-0.010037224295152948,0.005186703921959474,0.5323207437885265,722,11552,False," ; fenêtre 2007-2022 ; 722 traitées, 0 jamais traitées sur la fenêtre ; covariables invariantes dans le temps absorbées par les effets fixes unité : log_pop, share_women_1549, share_foreign, pretrend_pre ; comparaisons sur la fenêtre identifiée (années < 2016, cohorte 2016 recodée contrôle, 3 unités de contrôle) ; cellules −8 et +8 bornées",event,0.0,722.0,0.0,0.0,2007.0,2022.0,,,,,,,,,,,,
h2,H2,H2c,"log(naissances+0,5 / 1 000 f. 30-34)","unités avec covariables, bascule 4G ; fenêtre identifiée ≤ 2015, cohorte 2016 = contrôle",did2s,0,-0.029925989283183508,0.039463533335338016,-0.10727309332314185,0.04742111475677484,0.44825939633639056,722,11552,False," ; fenêtre 2007-2022 ; 722 traitées, 0 jamais traitées sur la fenêtre ; covariables invariantes dans le temps absorbées par les effets fixes unité : log_pop, share_women_1549, share_foreign, pretrend_pre ; comparaisons sur la fenêtre identifiée (années < 2016, cohorte 2016 recodée contrôle, 3 unités de contrôle) ; cellules −8 et +8 bornées",event,0.0,722.0,0.0,0.0,2007.0,2022.0,,,,,,,,,,,,
h2,H2,H2c,"log(naissances+0,5 / 1 000 f. 30-34)","unités avec covariables, bascule 4G ; fenêtre identifiée ≤ 2015, cohorte 2016 = contrôle",did2s,1,-0.05829049157165172,0.11712533990907296,-0.28785193947044657,0.17127095632714312,0.618712300898761,722,11552,False," ; fenêtre 2007-2022 ; 722 traitées, 0 jamais traitées sur la fenêtre ; covariables invariantes dans le temps absorbées par les effets fixes unité : log_pop, share_women_1549, share_foreign, pretrend_pre ; comparaisons sur la fenêtre identifiée (années < 2016, cohorte 2016 recodée contrôle, 3 unités de contrôle) ; cellules −8 et +8 bornées",event,0.0,722.0,0.0,0.0,2007.0,2022.0,,,,,,,,,,,,
h2,H2,H2c,"log(naissances+0,5 / 1 000 f. 30-34)","unités avec covariables, bascule 4G ; fenêtre identifiée ≤ 2015, cohorte 2016 = contrôle",did2s,2,-0.07837566133537426,0.16899953445132815,-0.40960866226401355,0.252857339593265,0.6428178506581566,722,11552,False," ; fenêtre 2007-2022 ; 722 traitées, 0 jamais traitées sur la fenêtre ; covariables invariantes dans le temps absorbées par les effets fixes unité : log_pop, share_women_1549, share_foreign, pretrend_pre ; comparaisons sur la fenêtre identifiée (années < 2016, cohorte 2016 recodée contrôle, 3 unités de contrôle) ; cellules −8 et +8 bornées",event,0.0,722.0,0.0,0.0,2007.0,2022.0,,,,,,,,,,,,
h2,H2,H2c,"log(naissances+0,5 / 1 000 f. 30-34)","unités avec covariables, bascule 4G ; fenêtre identifiée ≤ 2015, cohorte 2016 = contrôle",did2s,"ATT[1,2]",-0.06833307645351298,0.14287450986898215,-0.34836197010553055,0.21169581719850455,0.6324556319919543,722,11552,False," ; fenêtre 2007-2022 ; 722 traitées, 0 jamais traitées sur la fenêtre ; covariables invariantes dans le temps absorbées par les effets fixes unité : log_pop, share_women_1549, share_foreign, pretrend_pre ; comparaisons sur la fenêtre identifiée (années < 2016, cohorte 2016 recodée contrôle, 3 unités de contrôle) ; écart-type avec covariance complète (w'Vw)",post_avg,0.0,722.0,0.0,0.0,2007.0,2022.0,,,,,,,,,,,,
h2,H2,H2c,"log(naissances+0,5 / 1 000 f. 30-34)","unités avec covariables, bascule 4G ; fenêtre identifiée ≤ 2015, cohorte 2016 = contrôle",did2s,Wald pré (-8..−2),7.811891663969677,,,,0.3494731517030763,722,11552,False,"test de Wald joint, covariance groupée, df = 7 ; fenêtre 2007-2022 ; 722 traitées, 0 jamais traitées sur la fenêtre",pre_test,0.0,722.0,0.0,0.0,2007.0,2022.0,,,,,,,,,,,7.0,
h2,H2,H2c,"log(naissances+0,5 / 1 000 f. 30-34)","unités avec covariables, bascule 4G ; fenêtre identifiée ≤ 2015, cohorte 2016 = contrôle",twfe,-8,0.6289012894016494,0.5731378427975413,-0.4944282406585109,1.7522308194618095,0.2725124557590345,722,11552,False," ; fenêtre 2007-2022 ; 722 traitées, 0 jamais traitées sur la fenêtre ; covariables invariantes dans le temps absorbées par les effets fixes unité : log_pop, share_women_1549, share_foreign, pretrend_pre ; comparaisons sur la fenêtre identifiée (années < 2016, cohorte 2016 recodée contrôle, 3 unités de contrôle) ; cellules −8 et +8 bornées",event,0.0,722.0,0.0,0.0,2007.0,2022.0,,,,,,,,,,,,
h2,H2,H2c,"log(naissances+0,5 / 1 000 f. 30-34)","unités avec covariables, bascule 4G ; fenêtre identifiée ≤ 2015, cohorte 2016 = contrôle",twfe,-7,0.5631648274644935,0.48621902241652726,-0.3898069450701731,1.51613659999916,0.24676064922409335,722,11552,False," ; fenêtre 2007-2022 ; 722 traitées, 0 jamais traitées sur la fenêtre ; covariables invariantes dans le temps absorbées par les effets fixes unité : log_pop, share_women_1549, share_foreign, pretrend_pre ; comparaisons sur la fenêtre identifiée (années < 2016, cohorte 2016 recodée contrôle, 3 unités de contrôle) ; cellules −8 et +8 bornées",event,0.0,722.0,0.0,0.0,2007.0,2022.0,,,,,,,,,,,,
h2,H2,H2c,"log(naissances+0,5 / 1 000 f. 30-34)","unités avec covariables, bascule 4G ; fenêtre identifiée ≤ 2015, cohorte 2016 = contrôle",twfe,-6,0.4709448925977991,0.4006883106500404,-0.31438976530247703,1.2562795504980753,0.23985882378634604,722,11552,False," ; fenêtre 2007-2022 ; 722 traitées, 0 jamais traitées sur la fenêtre ; covariables invariantes dans le temps absorbées par les effets fixes unité : log_pop, share_women_1549, share_foreign, pretrend_pre ; comparaisons sur la fenêtre identifiée (années < 2016, cohorte 2016 recodée contrôle, 3 unités de contrôle) ; cellules −8 et +8 bornées",event,0.0,722.0,0.0,0.0,2007.0,2022.0,,,,,,,,,,,,
h2,H2,H2c,"log(naissances+0,5 / 1 000 f. 30-34)","unités avec covariables, bascule 4G ; fenêtre identifiée ≤ 2015, cohorte 2016 = contrôle",twfe,-5,0.39452947520284437,0.31664556767426355,-0.22608443330295253,1.0151433837086412,0.21277703562726236,722,11552,False," ; fenêtre 2007-2022 ; 722 traitées, 0 jamais traitées sur la fenêtre ; covariables invariantes dans le temps absorbées par les effets fixes unité : log_pop, share_women_1549, share_foreign, pretrend_pre ; comparaisons sur la fenêtre identifiée (années < 2016, cohorte 2016 recodée contrôle, 3 unités de contrôle) ; cellules −8 et +8 bornées",event,0.0,722.0,0.0,0.0,2007.0,2022.0,,,,,,,,,,,,
h2,H2,H2c,"log(naissances+0,5 / 1 000 f. 30-34)","unités avec covariables, bascule 4G ; fenêtre identifiée ≤ 2015, cohorte 2016 = contrôle",twfe,-4,0.3017508429247294,0.23543274291109442,-0.15968885396249338,0.7631905398119523,0.19995282935680914,722,11552,False," ; fenêtre 2007-2022 ; 722 traitées, 0 jamais traitées sur la fenêtre ; covariables invariantes dans le temps absorbées par les effets fixes unité : log_pop, share_women_1549, share_foreign, pretrend_pre ; comparaisons sur la fenêtre identifiée (années < 2016, cohorte 2016 recodée contrôle, 3 unités de contrôle) ; cellules −8 et +8 bornées",event,0.0,722.0,0.0,0.0,2007.0,2022.0,,,,,,,,,,,,
h2,H2,H2c,"log(naissances+0,5 / 1 000 f. 30-34)","unités avec covariables, bascule 4G ; fenêtre identifiée ≤ 2015, cohorte 2016 = contrôle",twfe,-3,0.20305484273694682,0.1561897557415969,-0.10307145327069125,0.5091811387445849,0.19358306316994056,722,11552,False," ; fenêtre 2007-2022 ; 722 traitées, 0 jamais traitées sur la fenêtre ; covariables invariantes dans le temps absorbées par les effets fixes unité : log_pop, share_women_1549, share_foreign, pretrend_pre ; comparaisons sur la fenêtre identifiée (années < 2016, cohorte 2016 recodée contrôle, 3 unités de contrôle) ; cellules −8 et +8 bornées",event,0.0,722.0,0.0,0.0,2007.0,2022.0,,,,,,,,,,,,
h2,H2,H2c,"log(naissances+0,5 / 1 000 f. 30-34)","unités avec covariables, bascule 4G ; fenêtre identifiée ≤ 2015, cohorte 2016 = contrôle",twfe,-2,0.0984596921339872,0.07808253299504928,-0.05457926035796981,0.2514986446259442,0.20731983824254852,722,11552,False," ; fenêtre 2007-2022 ; 722 traitées, 0 jamais traitées sur la fenêtre ; covariables invariantes dans le temps absorbées par les effets fixes unité : log_pop, share_women_1549, share_foreign, pretrend_pre ; comparaisons sur la fenêtre identifiée (années < 2016, cohorte 2016 recodée contrôle, 3 unités de contrôle) ; cellules −8 et +8 bornées",event,0.0,722.0,0.0,0.0,2007.0,2022.0,,,,,,,,,,,,
h2,H2,H2c,"log(naissances+0,5 / 1 000 f. 30-34)","unités avec covariables, bascule 4G ; fenêtre identifiée ≤ 2015, cohorte 2016 = contrôle",twfe,0,-0.09860779282888417,0.07817756814986328,-0.2518330108015418,0.054617425143773476,0.2071896046863012,722,11552,False," ; fenêtre 2007-2022 ; 722 traitées, 0 jamais traitées sur la fenêtre ; covariables invariantes dans le temps absorbées par les effets fixes unité : log_pop, share_women_1549, share_foreign, pretrend_pre ; comparaisons sur la fenêtre identifiée (années < 2016, cohorte 2016 recodée contrôle, 3 unités de contrôle) ; cellules −8 et +8 bornées",event,0.0,722.0,0.0,0.0,2007.0,2022.0,,,,,,,,,,,,
h2,H2,H2c,"log(naissances+0,5 / 1 000 f. 30-34)","unités avec covariables, bascule 4G ; fenêtre identifiée ≤ 2015, cohorte 2016 = contrôle",twfe,1,-0.1972833056824838,0.15707709222238875,-0.5051487492346424,0.11058213786967475,0.20912871647853482,722,11552,False," ; fenêtre 2007-2022 ; 722 traitées, 0 jamais traitées sur la fenêtre ; covariables invariantes dans le temps absorbées par les effets fixes unité : log_pop, share_women_1549, share_foreign, pretrend_pre ; comparaisons sur la fenêtre identifiée (années < 2016, cohorte 2016 recodée contrôle, 3 unités de contrôle) ; cellules −8 et +8 bornées",event,0.0,722.0,0.0,0.0,2007.0,2022.0,,,,,,,,,,,,
h2,H2,H2c,"log(naissances+0,5 / 1 000 f. 30-34)","unités avec covariables, bascule 4G ; fenêtre identifiée ≤ 2015, cohorte 2016 = contrôle",twfe,2,-0.29933667973948047,0.23718332889850235,-0.7642074621138633,0.16553410263490237,0.20693161520464765,722,11552,False," ; fenêtre 2007-2022 ; 722 traitées, 0 jamais traitées sur la fenêtre ; covariables invariantes dans le temps absorbées par les effets fixes unité : log_pop, share_women_1549, share_foreign, pretrend_pre ; comparaisons sur la fenêtre identifiée (années < 2016, cohorte 2016 recodée contrôle, 3 unités de contrôle) ; cellules −8 et +8 bornées",event,0.0,722.0,0.0,0.0,2007.0,2022.0,,,,,,,,,,,,
h2,H2,H2c,"log(naissances+0,5 / 1 000 f. 30-34)","unités avec covariables, bascule 4G ; fenêtre identifiée ≤ 2015, cohorte 2016 = contrôle",twfe,"ATT[1,2]",-0.24830999271098214,0.19705718490779442,-0.634534978025109,0.13791499260314483,0.20763652280187317,722,11552,False," ; fenêtre 2007-2022 ; 722 traitées, 0 jamais traitées sur la fenêtre ; covariables invariantes dans le temps absorbées par les effets fixes unité : log_pop, share_women_1549, share_foreign, pretrend_pre ; comparaisons sur la fenêtre identifiée (années < 2016, cohorte 2016 recodée contrôle, 3 unités de contrôle) ; écart-type avec covariance complète (w'Vw)",post_avg,0.0,722.0,0.0,0.0,2007.0,2022.0,,,,,,,,,,,,
h2,H2,H2c,"log(naissances+0,5 / 1 000 f. 30-34)","unités avec covariables, bascule 4G ; fenêtre identifiée ≤ 2015, cohorte 2016 = contrôle",twfe,Wald pré (-8..−2),6.617463394681473,,,,0.4697648483596599,722,11552,False,"test de Wald joint, covariance groupée, df = 7 ; fenêtre 2007-2022 ; 722 traitées, 0 jamais traitées sur la fenêtre",pre_test,0.0,722.0,0.0,0.0,2007.0,2022.0,,,,,,,,,,,7.0,
h2,H2,H2c,"log(naissances+0,5 / 1 000 f. 30-34)","unités avec covariables, bascule 4G ; fenêtre identifiée ≤ 2015, cohorte 2016 = contrôle",twfe,ATT,-0.016008781069899745,0.013577771827201808,-0.042620724841517896,0.010603162701718401,0.23838092947292655,722,11552,False," ; fenêtre 2007-2022 ; 722 traitées, 0 jamais traitées sur la fenêtre ; covariables invariantes dans le temps absorbées par les effets fixes unité : log_pop, share_women_1549, share_foreign, pretrend_pre ; comparaisons sur la fenêtre identifiée (années < 2016, cohorte 2016 recodée contrôle, 3 unités de contrôle)",static,0.0,722.0,0.0,0.0,2007.0,2022.0,,,,,,,,,,,,
h2,H2,H2c,"log(naissances+0,5 / 1 000 f. 30-34)","unités avec covariables, bascule 4G ; fenêtre complète",twfe,ATT,-0.0005680324977191428,0.009882113876668368,-0.019936619787112638,0.01880055479167435,0.9541621448698849,722,11552,True," ; fenêtre 2007-2022 ; 722 traitées, 0 jamais traitées sur la fenêtre ; covariables invariantes dans le temps absorbées par les effets fixes unité : log_pop, share_women_1549, share_foreign, pretrend_pre ; TWFE sur toutes les années (identification par le calendrier des bascules seulement)",static,0.0,722.0,0.0,0.0,2007.0,2022.0,,,,,,,,,,,,
h2,H2,H2c,"log(naissances+0,5 / 1 000 f. 30-34)","unités avec covariables, bascule 4G ; fenêtre identifiée ≤ 2015, cohorte 2016 = contrôle",twfe_poisson,ATT (log du taux contrefactuel),-0.0030027506921481545,0.006575625455796049,-0.01589073976133319,0.009885238377036878,0.6479235827145562,722,11552,False," ; fenêtre 2007-2022 ; 722 traitées, 0 jamais traitées sur la fenêtre ; covariables invariantes dans le temps absorbées par les effets fixes unité : log_pop, share_women_1549, share_foreign, pretrend_pre ; comparaisons sur la fenêtre identifiée (années < 2016, cohorte 2016 recodée contrôle, 3 unités de contrôle) ; Poisson à effets fixes, offset = log(women)",static,0.0,722.0,0.0,0.0,2007.0,2022.0,,,,,,,,,,,,
h2,H2,H2c,"log(naissances+0,5 / 1 000 f. 30-34)","unités avec covariables, bascule 4G ; fenêtre identifiée ≤ 2015, cohorte 2016 = contrôle",twfe_poisson,ATT en % du taux contrefactuel,-0.2998246945292715,0.6555910106859819,-1.5765148184531896,0.9934258841430177,0.6479235827145562,722,11552,False," ; fenêtre 2007-2022 ; 722 traitées, 0 jamais traitées sur la fenêtre ; covariables invariantes dans le temps absorbées par les effets fixes unité : log_pop, share_women_1549, share_foreign, pretrend_pre ; comparaisons sur la fenêtre identifiée (années < 2016, cohorte 2016 recodée contrôle, 3 unités de contrôle) ; Poisson à effets fixes, offset = log(women)",static,0.0,722.0,0.0,0.0,2007.0,2022.0,,,,,,,,,,,,
h2,H2,H2c,"log(naissances+0,5 / 1 000 f. 35-39)","unités avec covariables, bascule 4G",cs,-8,5.3621882663666876,0.3902355219084518,4.5973406979379305,6.127035834795445,5.7751356317057375e-43,722,11552,False," ; covariables : log_pop, share_women_1549, share_foreign, pretrend_pre (doublement robuste) ; contrôle = not_yet_treated ; fenêtre 2007-2022 ; 722 traitées, 0 jamais traitées sur la fenêtre ; ATT(g,t) identifiés jusqu'en 2015 (sans unité jamais traitée, la dernière cohorte sert de contrôle)",event,0.0,722.0,0.0,0.0,2007.0,2022.0,2007.0,2015.0,722.0,1.0,dr,1.0,156.0,,,,,
h2,H2,H2c,"log(naissances+0,5 / 1 000 f. 35-39)","unités avec covariables, bascule 4G",cs,-7,-0.1342299646411123,0.06719683171881782,-0.265933334685194,-0.0025265945970306403,0.045763961252483214,722,11552,False," ; covariables : log_pop, share_women_1549, share_foreign, pretrend_pre (doublement robuste) ; contrôle = not_yet_treated ; fenêtre 2007-2022 ; 722 traitées, 0 jamais traitées sur la fenêtre ; ATT(g,t) identifiés jusqu'en 2015 (sans unité jamais traitée, la dernière cohorte sert de contrôle)",event,0.0,722.0,0.0,0.0,2007.0,2022.0,2007.0,2015.0,722.0,1.0,dr,2.0,544.0,,,,,
h2,H2,H2c,"log(naissances+0,5 / 1 000 f. 35-39)","unités avec covariables, bascule 4G",cs,-6,-0.0390535711533634,0.027336850221064288,-0.09263281303741522,0.014525670730688417,0.15311768849299778,722,11552,False," ; covariables : log_pop, share_women_1549, share_foreign, pretrend_pre (doublement robuste) ; contrôle = not_yet_treated ; fenêtre 2007-2022 ; 722 traitées, 0 jamais traitées sur la fenêtre ; ATT(g,t) identifiés jusqu'en 2015 (sans unité jamais traitée, la dernière cohorte sert de contrôle)",event,0.0,722.0,0.0,0.0,2007.0,2022.0,2007.0,2015.0,722.0,1.0,dr,3.0,719.0,,,,,
h2,H2,H2c,"log(naissances+0,5 / 1 000 f. 35-39)","unités avec covariables, bascule 4G",cs,-5,-0.2983879277970159,0.048985954208849214,-0.39439863379468865,-0.20237722179934314,1.1200051620807156e-09,722,11552,False," ; covariables : log_pop, share_women_1549, share_foreign, pretrend_pre (doublement robuste) ; contrôle = not_yet_treated ; fenêtre 2007-2022 ; 722 traitées, 0 jamais traitées sur la fenêtre ; ATT(g,t) identifiés jusqu'en 2015 (sans unité jamais traitée, la dernière cohorte sert de contrôle)",event,0.0,722.0,0.0,0.0,2007.0,2022.0,2007.0,2015.0,722.0,1.0,dr,3.0,719.0,,,,,
h2,H2,H2c,"log(naissances+0,5 / 1 000 f. 35-39)","unités avec covariables, bascule 4G",cs,-4,-0.11901558019775456,0.025374989460664583,-0.1687496456487406,-0.06928151474676852,2.7284328055974643e-06,722,11552,False," ; covariables : log_pop, share_women_1549, share_foreign, pretrend_pre (doublement robuste) ; contrôle = not_yet_treated ; fenêtre 2007-2022 ; 722 traitées, 0 jamais traitées sur la fenêtre ; ATT(g,t) identifiés jusqu'en 2015 (sans unité jamais traitée, la dernière cohorte sert de contrôle)",event,0.0,722.0,0.0,0.0,2007.0,2022.0,2007.0,2015.0,722.0,1.0,dr,3.0,719.0,,,,,
h2,H2,H2c,"log(naissances+0,5 / 1 000 f. 35-39)","unités avec covariables, bascule 4G",cs,-3,-0.26697179070569504,0.03690662039717003,-0.3393074374752396,-0.19463614393615045,4.699746461681557e-13,722,11552,False," ; covariables : log_pop, share_women_1549, share_foreign, pretrend_pre (doublement robuste) ; contrôle = not_yet_treated ; fenêtre 2007-2022 ; 722 traitées, 0 jamais traitées sur la fenêtre ; ATT(g,t) identifiés jusqu'en 2015 (sans unité jamais traitée, la dernière cohorte sert de contrôle)",event,0.0,722.0,0.0,0.0,2007.0,2022.0,2007.0,2015.0,722.0,1.0,dr,3.0,719.0,,,,,
h2,H2,H2c,"log(naissances+0,5 / 1 000 f. 35-39)","unités avec covariables, bascule 4G",cs,-2,-0.2514881083930554,0.033858516673997585,-0.3178495816440396,-0.18512663514207123,1.1057121257599003e-13,722,11552,False," ; covariables : log_pop, share_women_1549, share_foreign, pretrend_pre (doublement robuste) ; contrôle = not_yet_treated ; fenêtre 2007-2022 ; 722 traitées, 0 jamais traitées sur la fenêtre ; ATT(g,t) identifiés jusqu'en 2015 (sans unité jamais traitée, la dernière cohorte sert de contrôle)",event,0.0,722.0,0.0,0.0,2007.0,2022.0,2007.0,2015.0,722.0,1.0,dr,3.0,719.0,,,,,
h2,H2,H2c,"log(naissances+0,5 / 1 000 f. 35-39)","unités avec covariables, bascule 4G",cs,0,-0.37521911849590256,0.048445299114672186,-0.4701701599809302,-0.2802680770108749,9.542240209899062e-15,722,11552,False," ; covariables : log_pop, share_women_1549, share_foreign, pretrend_pre (doublement robuste) ; contrôle = not_yet_treated ; fenêtre 2007-2022 ; 722 traitées, 0 jamais traitées sur la fenêtre ; ATT(g,t) identifiés jusqu'en 2015 (sans unité jamais traitée, la dernière cohorte sert de contrôle)",event,0.0,722.0,0.0,0.0,2007.0,2022.0,2007.0,2015.0,722.0,1.0,dr,3.0,719.0,,,,,
h2,H2,H2c,"log(naissances+0,5 / 1 000 f. 35-39)","unités avec covariables, bascule 4G",cs,1,-0.34593855434678333,0.04748606664354008,-0.4390095347355907,-0.252867573957976,3.215417555688859e-13,722,11552,False," ; covariables : log_pop, share_women_1549, share_foreign, pretrend_pre (doublement robuste) ; contrôle = not_yet_treated ; fenêtre 2007-2022 ; 722 traitées, 0 jamais traitées sur la fenêtre ; ATT(g,t) identifiés jusqu'en 2015 (sans unité jamais traitée, la dernière cohorte sert de contrôle)",event,0.0,722.0,0.0,0.0,2007.0,2022.0,2007.0,2015.0,722.0,1.0,dr,2.0,563.0,,,,,
h2,H2,H2c,"log(naissances+0,5 / 1 000 f. 35-39)","unités avec covariables, bascule 4G",cs,"ATT[1,1]",-0.34593855434678333,0.04748606664354008,-0.4390095347355907,-0.252867573957976,3.215417555688859e-13,722,11552,False," ; covariables : log_pop, share_women_1549, share_foreign, pretrend_pre (doublement robuste) ; contrôle = not_yet_treated ; fenêtre 2007-2022 ; 722 traitées, 0 jamais traitées sur la fenêtre ; ATT(g,t) identifiés jusqu'en 2015 (sans unité jamais traitée, la dernière cohorte sert de contrôle) ; écart-type avec covariance complète des coefficients (fonctions d'influence)",post_avg,0.0,722.0,0.0,0.0,2007.0,2022.0,2007.0,2015.0,722.0,1.0,dr,,,,,1.0,,
h2,H2,H2c,"log(naissances+0,5 / 1 000 f. 35-39)","unités avec covariables, bascule 4G",cs,ATT,-0.3623603372042067,0.03740915128853226,-0.43568092642194006,-0.2890397479864733,3.444263335232774e-22,722,11552,False," ; covariables : log_pop, share_women_1549, share_foreign, pretrend_pre (doublement robuste) ; contrôle = not_yet_treated ; fenêtre 2007-2022 ; 722 traitées, 0 jamais traitées sur la fenêtre ; ATT(g,t) identifiés jusqu'en 2015 (sans unité jamais traitée, la dernière cohorte sert de contrôle) ; moyenne de tous les ATT(g,t) post",simple,0.0,722.0,0.0,0.0,2007.0,2022.0,2007.0,2015.0,722.0,1.0,dr,,,,,,,
h2,H2,H2c,"log(naissances+0,5 / 1 000 f. 35-39)","unités avec covariables, bascule 4G",cs,Wald pré (-8..-2),252.25333930586,,,,9.182254592471692e-51,722,11552,False,"H5c : test de Wald joint de nullité des coefficients pré avec covariance des fonctions d'influence, df = 7 ; fenêtre 2007-2022 ; 722 traitées, 0 jamais traitées sur la fenêtre",pre_test,0.0,722.0,0.0,0.0,2007.0,2022.0,2007.0,2015.0,722.0,1.0,dr,,,,,,7.0,
h2,H2,H2c,"log(naissances+0,5 / 1 000 f. 35-39)","unités avec covariables, bascule 4G ; fenêtre identifiée ≤ 2015, cohorte 2016 = contrôle",sunab,-8,0.9429108872564054,1.0070123450560395,-1.0307970410406537,2.9166188155534645,0.34909563043481295,722,11552,False," ; fenêtre 2007-2022 ; 722 traitées, 0 jamais traitées sur la fenêtre ; covariables invariantes dans le temps absorbées par les effets fixes unité : log_pop, share_women_1549, share_foreign, pretrend_pre ; comparaisons sur la fenêtre identifiée (années < 2016, cohorte 2016 recodée contrôle, 3 unités de contrôle) ; cellules −8 et +8 bornées",event,0.0,722.0,0.0,0.0,2007.0,2022.0,,,,,,,,,,,,
h2,H2,H2c,"log(naissances+0,5 / 1 000 f. 35-39)","unités avec covariables, bascule 4G ; fenêtre identifiée ≤ 2015, cohorte 2016 = contrôle",sunab,-7,0.9461867043417181,0.6433415957788884,-0.3147396531414287,2.207113061824865,0.14136208101402653,722,11552,False," ; fenêtre 2007-2022 ; 722 traitées, 0 jamais traitées sur la fenêtre ; covariables invariantes dans le temps absorbées par les effets fixes unité : log_pop, share_women_1549, share_foreign, pretrend_pre ; comparaisons sur la fenêtre identifiée (années < 2016, cohorte 2016 recodée contrôle, 3 unités de contrôle) ; cellules −8 et +8 bornées",event,0.0,722.0,0.0,0.0,2007.0,2022.0,,,,,,,,,,,,
h2,H2,H2c,"log(naissances+0,5 / 1 000 f. 35-39)","unités avec covariables, bascule 4G ; fenêtre identifiée ≤ 2015, cohorte 2016 = contrôle",sunab,-6,0.4321470895955103,0.16698488490602095,0.10486272921714312,0.7594314499738775,0.0096551416620102,722,11552,False," ; fenêtre 2007-2022 ; 722 traitées, 0 jamais traitées sur la fenêtre ; covariables invariantes dans le temps absorbées par les effets fixes unité : log_pop, share_women_1549, share_foreign, pretrend_pre ; comparaisons sur la fenêtre identifiée (années < 2016, cohorte 2016 recodée contrôle, 3 unités de contrôle) ; cellules −8 et +8 bornées",event,0.0,722.0,0.0,0.0,2007.0,2022.0,,,,,,,,,,,,
h2,H2,H2c,"log(naissances+0,5 / 1 000 f. 35-39)","unités avec covariables, bascule 4G ; fenêtre identifiée ≤ 2015, cohorte 2016 = contrôle",sunab,-5,0.13311022201898506,0.05837504260906063,0.018697240909235163,0.24752320312873496,0.02259232611433273,722,11552,False," ; fenêtre 2007-2022 ; 722 traitées, 0 jamais traitées sur la fenêtre ; covariables invariantes dans le temps absorbées par les effets fixes unité : log_pop, share_women_1549, share_foreign, pretrend_pre ; comparaisons sur la fenêtre identifiée (années < 2016, cohorte 2016 recodée contrôle, 3 unités de contrôle) ; cellules −8 et +8 bornées",event,0.0,722.0,0.0,0.0,2007.0,2022.0,,,,,,,,,,,,
h2,H2,H2c,"log(naissances+0,5 / 1 000 f. 35-39)","unités avec covariables, bascule 4G ; fenêtre identifiée ≤ 2015, cohorte 2016 = contrôle",sunab,-4,0.11232659975309262,0.01935378041590542,0.07439388717322137,0.15025931233296386,6.480603767918926e-09,722,11552,False," ; fenêtre 2007-2022 ; 722 traitées, 0 jamais traitées sur la fenêtre ; covariables invariantes dans le temps absorbées par les effets fixes unité : log_pop, share_women_1549, share_foreign, pretrend_pre ; comparaisons sur la fenêtre identifiée (années < 2016, cohorte 2016 recodée contrôle, 3 unités de contrôle) ; cellules −8 et +8 bornées",event,0.0,722.0,0.0,0.0,2007.0,2022.0,,,,,,,,,,,,
h2,H2,H2c,"log(naissances+0,5 / 1 000 f. 35-39)","unités avec covariables, bascule 4G ; fenêtre identifiée ≤ 2015, cohorte 2016 = contrôle",sunab,-3,0.0362129846300624,0.014699415216211379,0.007402660212488046,0.06502330904763676,0.013756243372169515,722,11552,False," ; fenêtre 2007-2022 ; 722 traitées, 0 jamais traitées sur la fenêtre ; covariables invariantes dans le temps absorbées par les effets fixes unité : log_pop, share_women_1549, share_foreign, pretrend_pre ; comparaisons sur la fenêtre identifiée (années < 2016, cohorte 2016 recodée contrôle, 3 unités de contrôle) ; cellules −8 et +8 bornées",event,0.0,722.0,0.0,0.0,2007.0,2022.0,,,,,,,,,,,,
h2,H2,H2c,"log(naissances+0,5 / 1 000 f. 35-39)","unités avec covariables, bascule 4G ; fenêtre identifiée ≤ 2015, cohorte 2016 = contrôle",sunab,-2,-0.04552714960548626,0.025179336022801296,-0.09487774136480881,0.0038234421538362803,0.07058851477173697,722,11552,False," ; fenêtre 2007-2022 ; 722 traitées, 0 jamais traitées sur la fenêtre ; covariables invariantes dans le temps absorbées par les effets fixes unité : log_pop, share_women_1549, share_foreign, pretrend_pre ; comparaisons sur la fenêtre identifiée (années < 2016, cohorte 2016 recodée contrôle, 3 unités de contrôle) ; cellules −8 et +8 bornées",event,0.0,722.0,0.0,0.0,2007.0,2022.0,,,,,,,,,,,,
h2,H2,H2c,"log(naissances+0,5 / 1 000 f. 35-39)","unités avec covariables, bascule 4G ; fenêtre identifiée ≤ 2015, cohorte 2016 = contrôle",sunab,0,0.12617364094779715,0.03776090453564781,0.05216362803427227,0.20018365386132203,0.000833621704412819,722,11552,False," ; fenêtre 2007-2022 ; 722 traitées, 0 jamais traitées sur la fenêtre ; covariables invariantes dans le temps absorbées par les effets fixes unité : log_pop, share_women_1549, share_foreign, pretrend_pre ; comparaisons sur la fenêtre identifiée (années < 2016, cohorte 2016 recodée contrôle, 3 unités de contrôle) ; cellules −8 et +8 bornées",event,0.0,722.0,0.0,0.0,2007.0,2022.0,,,,,,,,,,,,
h2,H2,H2c,"log(naissances+0,5 / 1 000 f. 35-39)","unités avec covariables, bascule 4G ; fenêtre identifiée ≤ 2015, cohorte 2016 = contrôle",sunab,1,0.13615855128900806,0.03379108829843437,0.06992923522566383,0.20238786735235229,5.5914187719008124e-05,722,11552,False," ; fenêtre 2007-2022 ; 722 traitées, 0 jamais traitées sur la fenêtre ; covariables invariantes dans le temps absorbées par les effets fixes unité : log_pop, share_women_1549, share_foreign, pretrend_pre ; comparaisons sur la fenêtre identifiée (années < 2016, cohorte 2016 recodée contrôle, 3 unités de contrôle) ; cellules −8 et +8 bornées",event,0.0,722.0,0.0,0.0,2007.0,2022.0,,,,,,,,,,,,
h2,H2,H2c,"log(naissances+0,5 / 1 000 f. 35-39)","unités avec covariables, bascule 4G ; fenêtre identifiée ≤ 2015, cohorte 2016 = contrôle",sunab,2,-0.00879319890694038,0.05222103560589176,-0.11114454792987204,0.09355815011599126,0.8662810130544027,722,11552,False," ; fenêtre 2007-2022 ; 722 traitées, 0 jamais traitées sur la fenêtre ; covariables invariantes dans le temps absorbées par les effets fixes unité : log_pop, share_women_1549, share_foreign, pretrend_pre ; comparaisons sur la fenêtre identifiée (années < 2016, cohorte 2016 recodée contrôle, 3 unités de contrôle) ; cellules −8 et +8 bornées",event,0.0,722.0,0.0,0.0,2007.0,2022.0,,,,,,,,,,,,
h2,H2,H2c,"log(naissances+0,5 / 1 000 f. 35-39)","unités avec covariables, bascule 4G ; fenêtre identifiée ≤ 2015, cohorte 2016 = contrôle",sunab,"ATT[1,2]",0.06368267619103384,0.041480864218540574,-0.017618323724901908,0.14498367610696958,0.1247272883175227,722,11552,False," ; fenêtre 2007-2022 ; 722 traitées, 0 jamais traitées sur la fenêtre ; covariables invariantes dans le temps absorbées par les effets fixes unité : log_pop, share_women_1549, share_foreign, pretrend_pre ; comparaisons sur la fenêtre identifiée (années < 2016, cohorte 2016 recodée contrôle, 3 unités de contrôle) ; écart-type avec covariance complète (w'Vw)",post_avg,0.0,722.0,0.0,0.0,2007.0,2022.0,,,,,,,,,,,,
h2,H2,H2c,"log(naissances+0,5 / 1 000 f. 35-39)","unités avec covariables, bascule 4G ; fenêtre identifiée ≤ 2015, cohorte 2016 = contrôle",sunab,Wald pré (-8..−2),521.3458466086472,,,,2.0607271442235747e-108,722,11552,False,"test de Wald joint, covariance groupée, df = 7 ; fenêtre 2007-2022 ; 722 traitées, 0 jamais traitées sur la fenêtre",pre_test,0.0,722.0,0.0,0.0,2007.0,2022.0,,,,,,,,,,,7.0,
h2,H2,H2c,"log(naissances+0,5 / 1 000 f. 35-39)","unités avec covariables, bascule 4G ; fenêtre identifiée ≤ 2015, cohorte 2016 = contrôle",did2s,-8,-0.015791583008264033,0.04195149182116001,-0.0980149960754643,0.06643183005893621,0.7066010924602251,722,11552,False," ; fenêtre 2007-2022 ; 722 traitées, 0 jamais traitées sur la fenêtre ; covariables invariantes dans le temps absorbées par les effets fixes unité : log_pop, share_women_1549, share_foreign, pretrend_pre ; comparaisons sur la fenêtre identifiée (années < 2016, cohorte 2016 recodée contrôle, 3 unités de contrôle) ; cellules −8 et +8 bornées",event,0.0,722.0,0.0,0.0,2007.0,2022.0,,,,,,,,,,,,
h2,H2,H2c,"log(naissances+0,5 / 1 000 f. 35-39)","unités avec covariables, bascule 4G ; fenêtre identifiée ≤ 2015, cohorte 2016 = contrôle",did2s,-7,0.0011672537483188637,0.015183014300277601,-0.028590907456981843,0.030925414953619574,0.938719866966393,722,11552,False," ; fenêtre 2007-2022 ; 722 traitées, 0 jamais traitées sur la fenêtre ; covariables invariantes dans le temps absorbées par les effets fixes unité : log_pop, share_women_1549, share_foreign, pretrend_pre ; comparaisons sur la fenêtre identifiée (années < 2016, cohorte 2016 recodée contrôle, 3 unités de contrôle) ; cellules −8 et +8 bornées",event,0.0,722.0,0.0,0.0,2007.0,2022.0,,,,,,,,,,,,
h2,H2,H2c,"log(naissances+0,5 / 1 000 f. 35-39)","unités avec covariables, bascule 4G ; fenêtre identifiée ≤ 2015, cohorte 2016 = contrôle",did2s,-6,-0.0008575127210096152,0.012975640975178246,-0.02628930170868116,0.02457427626666193,0.9473090800530657,722,11552,False," ; fenêtre 2007-2022 ; 722 traitées, 0 jamais traitées sur la fenêtre ; covariables invariantes dans le temps absorbées par les effets fixes unité : log_pop, share_women_1549, share_foreign, pretrend_pre ; comparaisons sur la fenêtre identifiée (années < 2016, cohorte 2016 recodée contrôle, 3 unités de contrôle) ; cellules −8 et +8 bornées",event,0.0,722.0,0.0,0.0,2007.0,2022.0,,,,,,,,,,,,
h2,H2,H2c,"log(naissances+0,5 / 1 000 f. 35-39)","unités avec covariables, bascule 4G ; fenêtre identifiée ≤ 2015, cohorte 2016 = contrôle",did2s,-5,0.007221441570792452,0.007198303482796527,-0.006886974005277978,0.021329857146862884,0.3157574358913422,722,11552,False," ; fenêtre 2007-2022 ; 722 traitées, 0 jamais traitées sur la fenêtre ; covariables invariantes dans le temps absorbées par les effets fixes unité : log_pop, share_women_1549, share_foreign, pretrend_pre ; comparaisons sur la fenêtre identifiée (années < 2016, cohorte 2016 recodée contrôle, 3 unités de contrôle) ; cellules −8 et +8 bornées",event,0.0,722.0,0.0,0.0,2007.0,2022.0,,,,,,,,,,,,
h2,H2,H2c,"log(naissances+0,5 / 1 000 f. 35-39)","unités avec covariables, bascule 4G ; fenêtre identifiée ≤ 2015, cohorte 2016 = contrôle",did2s,-4,-0.003805419328748251,0.004135992304431435,-0.011911815285768686,0.004300976628272185,0.3575340465551361,722,11552,False," ; fenêtre 2007-2022 ; 722 traitées, 0 jamais traitées sur la fenêtre ; covariables invariantes dans le temps absorbées par les effets fixes unité : log_pop, share_women_1549, share_foreign, pretrend_pre ; comparaisons sur la fenêtre identifiée (années < 2016, cohorte 2016 recodée contrôle, 3 unités de contrôle) ; cellules −8 et +8 bornées",event,0.0,722.0,0.0,0.0,2007.0,2022.0,,,,,,,,,,,,
h2,H2,H2c,"log(naissances+0,5 / 1 000 f. 35-39)","unités avec covariables, bascule 4G ; fenêtre identifiée ≤ 2015, cohorte 2016 = contrôle",did2s,-3,0.011025957149373591,0.004364213486660951,0.002472255894674152,0.019579658404073032,0.011522254104126614,722,11552,False," ; fenêtre 2007-2022 ; 722 traitées, 0 jamais traitées sur la fenêtre ; covariables invariantes dans le temps absorbées par les effets fixes unité : log_pop, share_women_1549, share_foreign, pretrend_pre ; comparaisons sur la fenêtre identifiée (années < 2016, cohorte 2016 recodée contrôle, 3 unités de contrôle) ; cellules −8 et +8 bornées",event,0.0,722.0,0.0,0.0,2007.0,2022.0,,,,,,,,,,,,
h2,H2,H2c,"log(naissances+0,5 / 1 000 f. 35-39)","unités avec covariables, bascule 4G ; fenêtre identifiée ≤ 2015, cohorte 2016 = contrôle",did2s,-2,0.0015815125658985856,0.004327085963700155,-0.006899420080962511,0.010062445212759681,0.7147446495664049,722,11552,False," ; fenêtre 2007-2022 ; 722 traitées, 0 jamais traitées sur la fenêtre ; covariables invariantes dans le temps absorbées par les effets fixes unité : log_pop, share_women_1549, share_foreign, pretrend_pre ; comparaisons sur la fenêtre identifiée (années < 2016, cohorte 2016 recodée contrôle, 3 unités de contrôle) ; cellules −8 et +8 bornées",event,0.0,722.0,0.0,0.0,2007.0,2022.0,,,,,,,,,,,,
h2,H2,H2c,"log(naissances+0,5 / 1 000 f. 35-39)","unités avec covariables, bascule 4G ; fenêtre identifiée ≤ 2015, cohorte 2016 = contrôle",did2s,0,-0.06988706279911426,0.032964057657581126,-0.13449542859227503,-0.005278697005953473,0.03399770464002549,722,11552,False," ; fenêtre 2007-2022 ; 722 traitées, 0 jamais traitées sur la fenêtre ; covariables invariantes dans le temps absorbées par les effets fixes unité : log_pop, share_women_1549, share_foreign, pretrend_pre ; comparaisons sur la fenêtre identifiée (années < 2016, cohorte 2016 recodée contrôle, 3 unités de contrôle) ; cellules −8 et +8 bornées",event,0.0,722.0,0.0,0.0,2007.0,2022.0,,,,,,,,,,,,
h2,H2,H2c,"log(naissances+0,5 / 1 000 f. 35-39)","unités avec covariables, bascule 4G ; fenêtre identifiée ≤ 2015, cohorte 2016 = contrôle",did2s,1,-0.20549022821814864,0.09542868917559238,-0.392527022094177,-0.018453434342120267,0.03129211983580679,722,11552,False," ; fenêtre 2007-2022 ; 722 traitées, 0 jamais traitées sur la fenêtre ; covariables invariantes dans le temps absorbées par les effets fixes unité : log_pop, share_women_1549, share_foreign, pretrend_pre ; comparaisons sur la fenêtre identifiée (années < 2016, cohorte 2016 recodée contrôle, 3 unités de contrôle) ; cellules −8 et +8 bornées",event,0.0,722.0,0.0,0.0,2007.0,2022.0,,,,,,,,,,,,
h2,H2,H2c,"log(naissances+0,5 / 1 000 f. 35-39)","unités avec covariables, bascule 4G ; fenêtre identifiée ≤ 2015, cohorte 2016 = contrôle",did2s,2,-0.2953294232623897,0.13742327919679395,-0.5646741011254983,-0.025984745399281084,0.031630479841640566,722,11552,False," ; fenêtre 2007-2022 ; 722 traitées, 0 jamais traitées sur la fenêtre ; covariables invariantes dans le temps absorbées par les effets fixes unité : log_pop, share_women_1549, share_foreign, pretrend_pre ; comparaisons sur la fenêtre identifiée (années < 2016, cohorte 2016 recodée contrôle, 3 unités de contrôle) ; cellules −8 et +8 bornées",event,0.0,722.0,0.0,0.0,2007.0,2022.0,,,,,,,,,,,,
h2,H2,H2c,"log(naissances+0,5 / 1 000 f. 35-39)","unités avec covariables, bascule 4G ; fenêtre identifiée ≤ 2015, cohorte 2016 = contrôle",did2s,"ATT[1,2]",-0.25040982574026915,0.11617555245614909,-0.4781097244383652,-0.022709927042173117,0.031127154638322784,722,11552,False," ; fenêtre 2007-2022 ; 722 traitées, 0 jamais traitées sur la fenêtre ; covariables invariantes dans le temps absorbées par les effets fixes unité : log_pop, share_women_1549, share_foreign, pretrend_pre ; comparaisons sur la fenêtre identifiée (années < 2016, cohorte 2016 recodée contrôle, 3 unités de contrôle) ; écart-type avec covariance complète (w'Vw)",post_avg,0.0,722.0,0.0,0.0,2007.0,2022.0,,,,,,,,,,,,
h2,H2,H2c,"log(naissances+0,5 / 1 000 f. 35-39)","unités avec covariables, bascule 4G ; fenêtre identifiée ≤ 2015, cohorte 2016 = contrôle",did2s,Wald pré (-8..−2),14.847509660828365,,,,0.038004550788495586,722,11552,False,"test de Wald joint, covariance groupée, df = 7 ; fenêtre 2007-2022 ; 722 traitées, 0 jamais traitées sur la fenêtre",pre_test,0.0,722.0,0.0,0.0,2007.0,2022.0,,,,,,,,,,,7.0,
h2,H2,H2c,"log(naissances+0,5 / 1 000 f. 35-39)","unités avec covariables, bascule 4G ; fenêtre identifiée ≤ 2015, cohorte 2016 = contrôle",twfe,-8,0.5842306760807018,0.4199908931959235,-0.23893634841811662,1.4073977005795202,0.16420857294565305,722,11552,False," ; fenêtre 2007-2022 ; 722 traitées, 0 jamais traitées sur la fenêtre ; covariables invariantes dans le temps absorbées par les effets fixes unité : log_pop, share_women_1549, share_foreign, pretrend_pre ; comparaisons sur la fenêtre identifiée (années < 2016, cohorte 2016 recodée contrôle, 3 unités de contrôle) ; cellules −8 et +8 bornées",event,0.0,722.0,0.0,0.0,2007.0,2022.0,,,,,,,,,,,,
h2,H2,H2c,"log(naissances+0,5 / 1 000 f. 35-39)","unités avec covariables, bascule 4G ; fenêtre identifiée ≤ 2015, cohorte 2016 = contrôle",twfe,-7,0.5235192261874464,0.3550925968863149,-0.1724494748865305,1.2194879272614232,0.14039612819280672,722,11552,False," ; fenêtre 2007-2022 ; 722 traitées, 0 jamais traitées sur la fenêtre ; covariables invariantes dans le temps absorbées par les effets fixes unité : log_pop, share_women_1549, share_foreign, pretrend_pre ; comparaisons sur la fenêtre identifiée (années < 2016, cohorte 2016 recodée contrôle, 3 unités de contrôle) ; cellules −8 et +8 bornées",event,0.0,722.0,0.0,0.0,2007.0,2022.0,,,,,,,,,,,,
h2,H2,H2c,"log(naissances+0,5 / 1 000 f. 35-39)","unités avec covariables, bascule 4G ; fenêtre identifiée ≤ 2015, cohorte 2016 = contrôle",twfe,-6,0.44420935095516084,0.29211371623312427,-0.12832301225191606,1.0167417141622377,0.12834199510433375,722,11552,False," ; fenêtre 2007-2022 ; 722 traitées, 0 jamais traitées sur la fenêtre ; covariables invariantes dans le temps absorbées par les effets fixes unité : log_pop, share_women_1549, share_foreign, pretrend_pre ; comparaisons sur la fenêtre identifiée (années < 2016, cohorte 2016 recodée contrôle, 3 unités de contrôle) ; cellules −8 et +8 bornées",event,0.0,722.0,0.0,0.0,2007.0,2022.0,,,,,,,,,,,,
h2,H2,H2c,"log(naissances+0,5 / 1 000 f. 35-39)","unités avec covariables, bascule 4G ; fenêtre identifiée ≤ 2015, cohorte 2016 = contrôle",twfe,-5,0.37631678452786566,0.2308512041714848,-0.07614326143594724,0.8287768304916785,0.10307465503277789,722,11552,False," ; fenêtre 2007-2022 ; 722 traitées, 0 jamais traitées sur la fenêtre ; covariables invariantes dans le temps absorbées par les effets fixes unité : log_pop, share_women_1549, share_foreign, pretrend_pre ; comparaisons sur la fenêtre identifiée (années < 2016, cohorte 2016 recodée contrôle, 3 unités de contrôle) ; cellules −8 et +8 bornées",event,0.0,722.0,0.0,0.0,2007.0,2022.0,,,,,,,,,,,,
h2,H2,H2c,"log(naissances+0,5 / 1 000 f. 35-39)","unités avec covariables, bascule 4G ; fenêtre identifiée ≤ 2015, cohorte 2016 = contrôle",twfe,-4,0.28518228946101565,0.1717345114158181,-0.051411167816570624,0.6217757467386019,0.09679385602854514,722,11552,False," ; fenêtre 2007-2022 ; 722 traitées, 0 jamais traitées sur la fenêtre ; covariables invariantes dans le temps absorbées par les effets fixes unité : log_pop, share_women_1549, share_foreign, pretrend_pre ; comparaisons sur la fenêtre identifiée (années < 2016, cohorte 2016 recodée contrôle, 3 unités de contrôle) ; cellules −8 et +8 bornées",event,0.0,722.0,0.0,0.0,2007.0,2022.0,,,,,,,,,,,,
h2,H2,H2c,"log(naissances+0,5 / 1 000 f. 35-39)","unités avec covariables, bascule 4G ; fenêtre identifiée ≤ 2015, cohorte 2016 = contrôle",twfe,-3,0.21416906758427817,0.11421220809091567,-0.009682746868710707,0.4380208820372671,0.06076721903764634,722,11552,False," ; fenêtre 2007-2022 ; 722 traitées, 0 jamais traitées sur la fenêtre ; covariables invariantes dans le temps absorbées par les effets fixes unité : log_pop, share_women_1549, share_foreign, pretrend_pre ; comparaisons sur la fenêtre identifiée (années < 2016, cohorte 2016 recodée contrôle, 3 unités de contrôle) ; cellules −8 et +8 bornées",event,0.0,722.0,0.0,0.0,2007.0,2022.0,,,,,,,,,,,,
h2,H2,H2c,"log(naissances+0,5 / 1 000 f. 35-39)","unités avec covariables, bascule 4G ; fenêtre identifiée ≤ 2015, cohorte 2016 = contrôle",twfe,-2,0.10969368182522964,0.05756098009565468,-0.003123766077080453,0.22251112972753972,0.056689766149731625,722,11552,False," ; fenêtre 2007-2022 ; 722 traitées, 0 jamais traitées sur la fenêtre ; covariables invariantes dans le temps absorbées par les effets fixes unité : log_pop, share_women_1549, share_foreign, pretrend_pre ; comparaisons sur la fenêtre identifiée (années < 2016, cohorte 2016 recodée contrôle, 3 unités de contrôle) ; cellules −8 et +8 bornées",event,0.0,722.0,0.0,0.0,2007.0,2022.0,,,,,,,,,,,,
h2,H2,H2c,"log(naissances+0,5 / 1 000 f. 35-39)","unités avec covariables, bascule 4G ; fenêtre identifiée ≤ 2015, cohorte 2016 = contrôle",twfe,0,-0.09882794622227191,0.057857302723238885,-0.21222617580245132,0.014570283357907499,0.08761173700244261,722,11552,False," ; fenêtre 2007-2022 ; 722 traitées, 0 jamais traitées sur la fenêtre ; covariables invariantes dans le temps absorbées par les effets fixes unité : log_pop, share_women_1549, share_foreign, pretrend_pre ; comparaisons sur la fenêtre identifiée (années < 2016, cohorte 2016 recodée contrôle, 3 unités de contrôle) ; cellules −8 et +8 bornées",event,0.0,722.0,0.0,0.0,2007.0,2022.0,,,,,,,,,,,,
h2,H2,H2c,"log(naissances+0,5 / 1 000 f. 35-39)","unités avec covariables, bascule 4G ; fenêtre identifiée ≤ 2015, cohorte 2016 = contrôle",twfe,1,-0.22075276587040724,0.11548985553447375,-0.4471087232977096,0.0056031915568951485,0.05594713053822056,722,11552,False," ; fenêtre 2007-2022 ; 722 traitées, 0 jamais traitées sur la fenêtre ; covariables invariantes dans le temps absorbées par les effets fixes unité : log_pop, share_women_1549, share_foreign, pretrend_pre ; comparaisons sur la fenêtre identifiée (années < 2016, cohorte 2016 recodée contrôle, 3 unités de contrôle) ; cellules −8 et +8 bornées",event,0.0,722.0,0.0,0.0,2007.0,2022.0,,,,,,,,,,,,
h2,H2,H2c,"log(naissances+0,5 / 1 000 f. 35-39)","unités avec covariables, bascule 4G ; fenêtre identifiée ≤ 2015, cohorte 2016 = contrôle",twfe,2,-0.33403772912397056,0.17386423150394004,-0.6748053610714273,0.0067299028234861225,0.05469941872175333,722,11552,False," ; fenêtre 2007-2022 ; 722 traitées, 0 jamais traitées sur la fenêtre ; covariables invariantes dans le temps absorbées par les effets fixes unité : log_pop, share_women_1549, share_foreign, pretrend_pre ; comparaisons sur la fenêtre identifiée (années < 2016, cohorte 2016 recodée contrôle, 3 unités de contrôle) ; cellules −8 et +8 bornées",event,0.0,722.0,0.0,0.0,2007.0,2022.0,,,,,,,,,,,,
h2,H2,H2c,"log(naissances+0,5 / 1 000 f. 35-39)","unités avec covariables, bascule 4G ; fenêtre identifiée ≤ 2015, cohorte 2016 = contrôle",twfe,"ATT[1,2]",-0.2773952474971889,0.14456327918851938,-0.5607340681936956,0.00594357319931782,0.05500332062966064,722,11552,False," ; fenêtre 2007-2022 ; 722 traitées, 0 jamais traitées sur la fenêtre ; covariables invariantes dans le temps absorbées par les effets fixes unité : log_pop, share_women_1549, share_foreign, pretrend_pre ; comparaisons sur la fenêtre identifiée (années < 2016, cohorte 2016 recodée contrôle, 3 unités de contrôle) ; écart-type avec covariance complète (w'Vw)",post_avg,0.0,722.0,0.0,0.0,2007.0,2022.0,,,,,,,,,,,,
h2,H2,H2c,"log(naissances+0,5 / 1 000 f. 35-39)","unités avec covariables, bascule 4G ; fenêtre identifiée ≤ 2015, cohorte 2016 = contrôle",twfe,Wald pré (-8..−2),15.194516613086964,,,,0.033585268472176986,722,11552,False,"test de Wald joint, covariance groupée, df = 7 ; fenêtre 2007-2022 ; 722 traitées, 0 jamais traitées sur la fenêtre",pre_test,0.0,722.0,0.0,0.0,2007.0,2022.0,,,,,,,,,,,7.0,
h2,H2,H2c,"log(naissances+0,5 / 1 000 f. 35-39)","unités avec covariables, bascule 4G ; fenêtre identifiée ≤ 2015, cohorte 2016 = contrôle",twfe,ATT,-0.024317063158641926,0.013695468694561648,-0.05115968855137855,0.0025255622340946936,0.0758062295243264,722,11552,False," ; fenêtre 2007-2022 ; 722 traitées, 0 jamais traitées sur la fenêtre ; covariables invariantes dans le temps absorbées par les effets fixes unité : log_pop, share_women_1549, share_foreign, pretrend_pre ; comparaisons sur la fenêtre identifiée (années < 2016, cohorte 2016 recodée contrôle, 3 unités de contrôle)",static,0.0,722.0,0.0,0.0,2007.0,2022.0,,,,,,,,,,,,
h2,H2,H2c,"log(naissances+0,5 / 1 000 f. 35-39)","unités avec covariables, bascule 4G ; fenêtre complète",twfe,ATT,0.002475092287190399,0.011114527817047738,-0.019308981939391755,0.02425916651377255,0.823776918715869,722,11552,True," ; fenêtre 2007-2022 ; 722 traitées, 0 jamais traitées sur la fenêtre ; covariables invariantes dans le temps absorbées par les effets fixes unité : log_pop, share_women_1549, share_foreign, pretrend_pre ; TWFE sur toutes les années (identification par le calendrier des bascules seulement)",static,0.0,722.0,0.0,0.0,2007.0,2022.0,,,,,,,,,,,,
h2,H2,H2c,"log(naissances+0,5 / 1 000 f. 35-39)","unités avec covariables, bascule 4G ; fenêtre identifiée ≤ 2015, cohorte 2016 = contrôle",twfe_poisson,ATT (log du taux contrefactuel),-0.006411973304580152,0.007398201267354892,-0.020912181338974323,0.00808823472981402,0.38610994157172207,722,11552,False," ; fenêtre 2007-2022 ; 722 traitées, 0 jamais traitées sur la fenêtre ; covariables invariantes dans le temps absorbées par les effets fixes unité : log_pop, share_women_1549, share_foreign, pretrend_pre ; comparaisons sur la fenêtre identifiée (années < 2016, cohorte 2016 recodée contrôle, 3 unités de contrôle) ; Poisson à effets fixes, offset = log(women)",static,0.0,722.0,0.0,0.0,2007.0,2022.0,,,,,,,,,,,,
h2,H2,H2c,"log(naissances+0,5 / 1 000 f. 35-39)","unités avec covariables, bascule 4G ; fenêtre identifiée ≤ 2015, cohorte 2016 = contrôle",twfe_poisson,ATT en % du taux contrefactuel,-0.6391460469750365,0.7350915956407336,-2.0695038068193505,0.8121032982352006,0.38610994157172207,722,11552,False," ; fenêtre 2007-2022 ; 722 traitées, 0 jamais traitées sur la fenêtre ; covariables invariantes dans le temps absorbées par les effets fixes unité : log_pop, share_women_1549, share_foreign, pretrend_pre ; comparaisons sur la fenêtre identifiée (années < 2016, cohorte 2016 recodée contrôle, 3 unités de contrôle) ; Poisson à effets fixes, offset = log(women)",static,0.0,722.0,0.0,0.0,2007.0,2022.0,,,,,,,,,,,,
h2,H2,H2c,"log(naissances+0,5 / 1 000 f. 40-49)","unités avec covariables, bascule 4G",cs,-8,0.7437131833497344,0.08268104630555248,0.5816613103867629,0.9057650563127058,2.363057870137965e-19,722,11552,False," ; covariables : log_pop, share_women_1549, share_foreign, pretrend_pre (doublement robuste) ; contrôle = not_yet_treated ; fenêtre 2007-2022 ; 722 traitées, 0 jamais traitées sur la fenêtre ; ATT(g,t) identifiés jusqu'en 2015 (sans unité jamais traitée, la dernière cohorte sert de contrôle)",event,0.0,722.0,0.0,0.0,2007.0,2022.0,2007.0,2015.0,722.0,1.0,dr,1.0,156.0,,,,,
h2,H2,H2c,"log(naissances+0,5 / 1 000 f. 40-49)","unités avec covariables, bascule 4G",cs,-7,-0.40466798909728835,0.08614636610067285,-0.5735117640536094,-0.23582421414096735,2.634335099203973e-06,722,11552,False," ; covariables : log_pop, share_women_1549, share_foreign, pretrend_pre (doublement robuste) ; contrôle = not_yet_treated ; fenêtre 2007-2022 ; 722 traitées, 0 jamais traitées sur la fenêtre ; ATT(g,t) identifiés jusqu'en 2015 (sans unité jamais traitée, la dernière cohorte sert de contrôle)",event,0.0,722.0,0.0,0.0,2007.0,2022.0,2007.0,2015.0,722.0,1.0,dr,2.0,544.0,,,,,
h2,H2,H2c,"log(naissances+0,5 / 1 000 f. 40-49)","unités avec covariables, bascule 4G",cs,-6,-0.202519592903651,0.05211939600109426,-0.30467173196177666,-0.10036745384552534,0.00010204144680034232,722,11552,False," ; covariables : log_pop, share_women_1549, share_foreign, pretrend_pre (doublement robuste) ; contrôle = not_yet_treated ; fenêtre 2007-2022 ; 722 traitées, 0 jamais traitées sur la fenêtre ; ATT(g,t) identifiés jusqu'en 2015 (sans unité jamais traitée, la dernière cohorte sert de contrôle)",event,0.0,722.0,0.0,0.0,2007.0,2022.0,2007.0,2015.0,722.0,1.0,dr,3.0,719.0,,,,,
h2,H2,H2c,"log(naissances+0,5 / 1 000 f. 40-49)","unités avec covariables, bascule 4G",cs,-5,-0.5004340832182637,0.07852360044909168,-0.6543375120348965,-0.3465306544016308,1.8531696204884561e-10,722,11552,False," ; covariables : log_pop, share_women_1549, share_foreign, pretrend_pre (doublement robuste) ; contrôle = not_yet_treated ; fenêtre 2007-2022 ; 722 traitées, 0 jamais traitées sur la fenêtre ; ATT(g,t) identifiés jusqu'en 2015 (sans unité jamais traitée, la dernière cohorte sert de contrôle)",event,0.0,722.0,0.0,0.0,2007.0,2022.0,2007.0,2015.0,722.0,1.0,dr,3.0,719.0,,,,,
h2,H2,H2c,"log(naissances+0,5 / 1 000 f. 40-49)","unités avec covariables, bascule 4G",cs,-4,-0.2664858295307883,0.06060570960348356,-0.38527083761110936,-0.14770082145046726,1.0973629238327337e-05,722,11552,False," ; covariables : log_pop, share_women_1549, share_foreign, pretrend_pre (doublement robuste) ; contrôle = not_yet_treated ; fenêtre 2007-2022 ; 722 traitées, 0 jamais traitées sur la fenêtre ; ATT(g,t) identifiés jusqu'en 2015 (sans unité jamais traitée, la dernière cohorte sert de contrôle)",event,0.0,722.0,0.0,0.0,2007.0,2022.0,2007.0,2015.0,722.0,1.0,dr,3.0,719.0,,,,,
h2,H2,H2c,"log(naissances+0,5 / 1 000 f. 40-49)","unités avec covariables, bascule 4G",cs,-3,0.6178812744699912,0.09247364943520575,0.4366362520580052,0.7991262968819772,2.3618456805735182e-11,722,11552,False," ; covariables : log_pop, share_women_1549, share_foreign, pretrend_pre (doublement robuste) ; contrôle = not_yet_treated ; fenêtre 2007-2022 ; 722 traitées, 0 jamais traitées sur la fenêtre ; ATT(g,t) identifiés jusqu'en 2015 (sans unité jamais traitée, la dernière cohorte sert de contrôle)",event,0.0,722.0,0.0,0.0,2007.0,2022.0,2007.0,2015.0,722.0,1.0,dr,3.0,719.0,,,,,
h2,H2,H2c,"log(naissances+0,5 / 1 000 f. 40-49)","unités avec covariables, bascule 4G",cs,-2,0.7911707928484621,0.09560714824538644,0.6037842256229229,0.9785573600740014,1.2821182167038586e-16,722,11552,False," ; covariables : log_pop, share_women_1549, share_foreign, pretrend_pre (doublement robuste) ; contrôle = not_yet_treated ; fenêtre 2007-2022 ; 722 traitées, 0 jamais traitées sur la fenêtre ; ATT(g,t) identifiés jusqu'en 2015 (sans unité jamais traitée, la dernière cohorte sert de contrôle)",event,0.0,722.0,0.0,0.0,2007.0,2022.0,2007.0,2015.0,722.0,1.0,dr,3.0,719.0,,,,,
h2,H2,H2c,"log(naissances+0,5 / 1 000 f. 40-49)","unités avec covariables, bascule 4G",cs,0,-0.3765049425164676,0.06729107602327268,-0.5083930280030289,-0.24461685702990638,2.2040696784275602e-08,722,11552,False," ; covariables : log_pop, share_women_1549, share_foreign, pretrend_pre (doublement robuste) ; contrôle = not_yet_treated ; fenêtre 2007-2022 ; 722 traitées, 0 jamais traitées sur la fenêtre ; ATT(g,t) identifiés jusqu'en 2015 (sans unité jamais traitée, la dernière cohorte sert de contrôle)",event,0.0,722.0,0.0,0.0,2007.0,2022.0,2007.0,2015.0,722.0,1.0,dr,3.0,719.0,,,,,
h2,H2,H2c,"log(naissances+0,5 / 1 000 f. 40-49)","unités avec covariables, bascule 4G",cs,1,-2.9491666042296645,0.2625963698737231,-3.4638460316531203,-2.4344871768062086,2.878690557783749e-29,722,11552,False," ; covariables : log_pop, share_women_1549, share_foreign, pretrend_pre (doublement robuste) ; contrôle = not_yet_treated ; fenêtre 2007-2022 ; 722 traitées, 0 jamais traitées sur la fenêtre ; ATT(g,t) identifiés jusqu'en 2015 (sans unité jamais traitée, la dernière cohorte sert de contrôle)",event,0.0,722.0,0.0,0.0,2007.0,2022.0,2007.0,2015.0,722.0,1.0,dr,2.0,563.0,,,,,
h2,H2,H2c,"log(naissances+0,5 / 1 000 f. 40-49)","unités avec covariables, bascule 4G",cs,"ATT[1,1]",-2.9491666042296645,0.2625963698737231,-3.4638460316531203,-2.4344871768062086,2.878690557783749e-29,722,11552,False," ; covariables : log_pop, share_women_1549, share_foreign, pretrend_pre (doublement robuste) ; contrôle = not_yet_treated ; fenêtre 2007-2022 ; 722 traitées, 0 jamais traitées sur la fenêtre ; ATT(g,t) identifiés jusqu'en 2015 (sans unité jamais traitée, la dernière cohorte sert de contrôle) ; écart-type avec covariance complète des coefficients (fonctions d'influence)",post_avg,0.0,722.0,0.0,0.0,2007.0,2022.0,2007.0,2015.0,722.0,1.0,dr,,,,,1.0,,
h2,H2,H2c,"log(naissances+0,5 / 1 000 f. 40-49)","unités avec covariables, bascule 4G",cs,ATT,-1.506308776794572,0.1236722362008788,-1.748701905635825,-1.263915647953319,3.980332913576773e-34,722,11552,False," ; covariables : log_pop, share_women_1549, share_foreign, pretrend_pre (doublement robuste) ; contrôle = not_yet_treated ; fenêtre 2007-2022 ; 722 traitées, 0 jamais traitées sur la fenêtre ; ATT(g,t) identifiés jusqu'en 2015 (sans unité jamais traitée, la dernière cohorte sert de contrôle) ; moyenne de tous les ATT(g,t) post",simple,0.0,722.0,0.0,0.0,2007.0,2022.0,2007.0,2015.0,722.0,1.0,dr,,,,,,,
h2,H2,H2c,"log(naissances+0,5 / 1 000 f. 40-49)","unités avec covariables, bascule 4G",cs,Wald pré (-8..-2),203.69678574936913,,,,1.8914713752957674e-40,722,11552,False,"H5c : test de Wald joint de nullité des coefficients pré avec covariance des fonctions d'influence, df = 7 ; fenêtre 2007-2022 ; 722 traitées, 0 jamais traitées sur la fenêtre",pre_test,0.0,722.0,0.0,0.0,2007.0,2022.0,2007.0,2015.0,722.0,1.0,dr,,,,,,7.0,
h2,H2,H2c,"log(naissances+0,5 / 1 000 f. 40-49)","unités avec covariables, bascule 4G ; fenêtre identifiée ≤ 2015, cohorte 2016 = contrôle",sunab,-8,0.38591455063978114,0.6155637499740062,-0.8205682294976895,1.5923973307772519,0.5307060063100097,722,11552,False," ; fenêtre 2007-2022 ; 722 traitées, 0 jamais traitées sur la fenêtre ; covariables invariantes dans le temps absorbées par les effets fixes unité : log_pop, share_women_1549, share_foreign, pretrend_pre ; comparaisons sur la fenêtre identifiée (années < 2016, cohorte 2016 recodée contrôle, 3 unités de contrôle) ; cellules −8 et +8 bornées",event,0.0,722.0,0.0,0.0,2007.0,2022.0,,,,,,,,,,,,
h2,H2,H2c,"log(naissances+0,5 / 1 000 f. 40-49)","unités avec covariables, bascule 4G ; fenêtre identifiée ≤ 2015, cohorte 2016 = contrôle",sunab,-7,-0.19525574035469187,0.7596394611099442,-1.6841217253655976,1.2936102446562137,0.7971499135694013,722,11552,False," ; fenêtre 2007-2022 ; 722 traitées, 0 jamais traitées sur la fenêtre ; covariables invariantes dans le temps absorbées par les effets fixes unité : log_pop, share_women_1549, share_foreign, pretrend_pre ; comparaisons sur la fenêtre identifiée (années < 2016, cohorte 2016 recodée contrôle, 3 unités de contrôle) ; cellules −8 et +8 bornées",event,0.0,722.0,0.0,0.0,2007.0,2022.0,,,,,,,,,,,,
h2,H2,H2c,"log(naissances+0,5 / 1 000 f. 40-49)","unités avec covariables, bascule 4G ; fenêtre identifiée ≤ 2015, cohorte 2016 = contrôle",sunab,-6,-0.43661486836994884,0.38212188041887757,-1.1855599916956703,0.31233025495577255,0.2532020881880783,722,11552,False," ; fenêtre 2007-2022 ; 722 traitées, 0 jamais traitées sur la fenêtre ; covariables invariantes dans le temps absorbées par les effets fixes unité : log_pop, share_women_1549, share_foreign, pretrend_pre ; comparaisons sur la fenêtre identifiée (années < 2016, cohorte 2016 recodée contrôle, 3 unités de contrôle) ; cellules −8 et +8 bornées",event,0.0,722.0,0.0,0.0,2007.0,2022.0,,,,,,,,,,,,
h2,H2,H2c,"log(naissances+0,5 / 1 000 f. 40-49)","unités avec covariables, bascule 4G ; fenêtre identifiée ≤ 2015, cohorte 2016 = contrôle",sunab,-5,-0.6100952681961411,0.3218406378304333,-1.2408913271051896,0.020700790712907424,0.0580071373228295,722,11552,False," ; fenêtre 2007-2022 ; 722 traitées, 0 jamais traitées sur la fenêtre ; covariables invariantes dans le temps absorbées par les effets fixes unité : log_pop, share_women_1549, share_foreign, pretrend_pre ; comparaisons sur la fenêtre identifiée (années < 2016, cohorte 2016 recodée contrôle, 3 unités de contrôle) ; cellules −8 et +8 bornées",event,0.0,722.0,0.0,0.0,2007.0,2022.0,,,,,,,,,,,,
h2,H2,H2c,"log(naissances+0,5 / 1 000 f. 40-49)","unités avec covariables, bascule 4G ; fenêtre identifiée ≤ 2015, cohorte 2016 = contrôle",sunab,-4,-0.5635942963919607,0.37941007413241723,-1.3072243770631704,0.18003578427924904,0.13742493689950322,722,11552,False," ; fenêtre 2007-2022 ; 722 traitées, 0 jamais traitées sur la fenêtre ; covariables invariantes dans le temps absorbées par les effets fixes unité : log_pop, share_women_1549, share_foreign, pretrend_pre ; comparaisons sur la fenêtre identifiée (années < 2016, cohorte 2016 recodée contrôle, 3 unités de contrôle) ; cellules −8 et +8 bornées",event,0.0,722.0,0.0,0.0,2007.0,2022.0,,,,,,,,,,,,
h2,H2,H2c,"log(naissances+0,5 / 1 000 f. 40-49)","unités avec covariables, bascule 4G ; fenêtre identifiée ≤ 2015, cohorte 2016 = contrôle",sunab,-3,-0.4284272261173166,0.300663777269284,-1.0177174010208858,0.16086294878625257,0.15417513867002905,722,11552,False," ; fenêtre 2007-2022 ; 722 traitées, 0 jamais traitées sur la fenêtre ; covariables invariantes dans le temps absorbées par les effets fixes unité : log_pop, share_women_1549, share_foreign, pretrend_pre ; comparaisons sur la fenêtre identifiée (années < 2016, cohorte 2016 recodée contrôle, 3 unités de contrôle) ; cellules −8 et +8 bornées",event,0.0,722.0,0.0,0.0,2007.0,2022.0,,,,,,,,,,,,
h2,H2,H2c,"log(naissances+0,5 / 1 000 f. 40-49)","unités avec covariables, bascule 4G ; fenêtre identifiée ≤ 2015, cohorte 2016 = contrôle",sunab,-2,-0.12178769327251986,0.12500586927371862,-0.3667946949051305,0.1232193083600908,0.32992954456434964,722,11552,False," ; fenêtre 2007-2022 ; 722 traitées, 0 jamais traitées sur la fenêtre ; covariables invariantes dans le temps absorbées par les effets fixes unité : log_pop, share_women_1549, share_foreign, pretrend_pre ; comparaisons sur la fenêtre identifiée (années < 2016, cohorte 2016 recodée contrôle, 3 unités de contrôle) ; cellules −8 et +8 bornées",event,0.0,722.0,0.0,0.0,2007.0,2022.0,,,,,,,,,,,,
h2,H2,H2c,"log(naissances+0,5 / 1 000 f. 40-49)","unités avec covariables, bascule 4G ; fenêtre identifiée ≤ 2015, cohorte 2016 = contrôle",sunab,0,-0.21689249603590183,0.20399088821533226,-0.6167072901122892,0.18292229804048554,0.2876704064586031,722,11552,False," ; fenêtre 2007-2022 ; 722 traitées, 0 jamais traitées sur la fenêtre ; covariables invariantes dans le temps absorbées par les effets fixes unité : log_pop, share_women_1549, share_foreign, pretrend_pre ; comparaisons sur la fenêtre identifiée (années < 2016, cohorte 2016 recodée contrôle, 3 unités de contrôle) ; cellules −8 et +8 bornées",event,0.0,722.0,0.0,0.0,2007.0,2022.0,,,,,,,,,,,,
h2,H2,H2c,"log(naissances+0,5 / 1 000 f. 40-49)","unités avec covariables, bascule 4G ; fenêtre identifiée ≤ 2015, cohorte 2016 = contrôle",sunab,1,-0.35194418306408415,0.4251969417761115,-1.185314875281837,0.4814265091536687,0.4078288628454484,722,11552,False," ; fenêtre 2007-2022 ; 722 traitées, 0 jamais traitées sur la fenêtre ; covariables invariantes dans le temps absorbées par les effets fixes unité : log_pop, share_women_1549, share_foreign, pretrend_pre ; comparaisons sur la fenêtre identifiée (années < 2016, cohorte 2016 recodée contrôle, 3 unités de contrôle) ; cellules −8 et +8 bornées",event,0.0,722.0,0.0,0.0,2007.0,2022.0,,,,,,,,,,,,
h2,H2,H2c,"log(naissances+0,5 / 1 000 f. 40-49)","unités avec covariables, bascule 4G ; fenêtre identifiée ≤ 2015, cohorte 2016 = contrôle",sunab,2,-0.07239683252276635,0.3465123558875056,-0.7515485702604032,0.6067549052148704,0.834502870792611,722,11552,False," ; fenêtre 2007-2022 ; 722 traitées, 0 jamais traitées sur la fenêtre ; covariables invariantes dans le temps absorbées par les effets fixes unité : log_pop, share_women_1549, share_foreign, pretrend_pre ; comparaisons sur la fenêtre identifiée (années < 2016, cohorte 2016 recodée contrôle, 3 unités de contrôle) ; cellules −8 et +8 bornées",event,0.0,722.0,0.0,0.0,2007.0,2022.0,,,,,,,,,,,,
h2,H2,H2c,"log(naissances+0,5 / 1 000 f. 40-49)","unités avec covariables, bascule 4G ; fenêtre identifiée ≤ 2015, cohorte 2016 = contrôle",sunab,"ATT[1,2]",-0.21217050779342525,0.3478911158043438,-0.8940245653113923,0.46968354972454174,0.541943826895508,722,11552,False," ; fenêtre 2007-2022 ; 722 traitées, 0 jamais traitées sur la fenêtre ; covariables invariantes dans le temps absorbées par les effets fixes unité : log_pop, share_women_1549, share_foreign, pretrend_pre ; comparaisons sur la fenêtre identifiée (années < 2016, cohorte 2016 recodée contrôle, 3 unités de contrôle) ; écart-type avec covariance complète (w'Vw)",post_avg,0.0,722.0,0.0,0.0,2007.0,2022.0,,,,,,,,,,,,
h2,H2,H2c,"log(naissances+0,5 / 1 000 f. 40-49)","unités avec covariables, bascule 4G ; fenêtre identifiée ≤ 2015, cohorte 2016 = contrôle",sunab,Wald pré (-8..−2),100.08098870290489,,,,1.0380419025375177e-18,722,11552,False,"test de Wald joint, covariance groupée, df = 7 ; fenêtre 2007-2022 ; 722 traitées, 0 jamais traitées sur la fenêtre",pre_test,0.0,722.0,0.0,0.0,2007.0,2022.0,,,,,,,,,,,7.0,
h2,H2,H2c,"log(naissances+0,5 / 1 000 f. 40-49)","unités avec covariables, bascule 4G ; fenêtre identifiée ≤ 2015, cohorte 2016 = contrôle",did2s,-8,0.06299052851355334,0.03859214357060444,-0.012648682971030362,0.13862973999813705,0.10263500465660917,722,11552,False," ; fenêtre 2007-2022 ; 722 traitées, 0 jamais traitées sur la fenêtre ; covariables invariantes dans le temps absorbées par les effets fixes unité : log_pop, share_women_1549, share_foreign, pretrend_pre ; comparaisons sur la fenêtre identifiée (années < 2016, cohorte 2016 recodée contrôle, 3 unités de contrôle) ; cellules −8 et +8 bornées",event,0.0,722.0,0.0,0.0,2007.0,2022.0,,,,,,,,,,,,
h2,H2,H2c,"log(naissances+0,5 / 1 000 f. 40-49)","unités avec covariables, bascule 4G ; fenêtre identifiée ≤ 2015, cohorte 2016 = contrôle",did2s,-7,0.014622310549035684,0.01462480244289988,-0.01404177552006148,0.04328639661813285,0.3173929728035779,722,11552,False," ; fenêtre 2007-2022 ; 722 traitées, 0 jamais traitées sur la fenêtre ; covariables invariantes dans le temps absorbées par les effets fixes unité : log_pop, share_women_1549, share_foreign, pretrend_pre ; comparaisons sur la fenêtre identifiée (années < 2016, cohorte 2016 recodée contrôle, 3 unités de contrôle) ; cellules −8 et +8 bornées",event,0.0,722.0,0.0,0.0,2007.0,2022.0,,,,,,,,,,,,
h2,H2,H2c,"log(naissances+0,5 / 1 000 f. 40-49)","unités avec covariables, bascule 4G ; fenêtre identifiée ≤ 2015, cohorte 2016 = contrôle",did2s,-6,-0.024034134441241382,0.013147334049826261,-0.04980243567161799,0.0017341667891352212,0.06754033092088982,722,11552,False," ; fenêtre 2007-2022 ; 722 traitées, 0 jamais traitées sur la fenêtre ; covariables invariantes dans le temps absorbées par les effets fixes unité : log_pop, share_women_1549, share_foreign, pretrend_pre ; comparaisons sur la fenêtre identifiée (années < 2016, cohorte 2016 recodée contrôle, 3 unités de contrôle) ; cellules −8 et +8 bornées",event,0.0,722.0,0.0,0.0,2007.0,2022.0,,,,,,,,,,,,
h2,H2,H2c,"log(naissances+0,5 / 1 000 f. 40-49)","unités avec covariables, bascule 4G ; fenêtre identifiée ≤ 2015, cohorte 2016 = contrôle",did2s,-5,0.004796011518769847,0.012025978174353478,-0.018774472581827722,0.028366495619367414,0.6900374261230547,722,11552,False," ; fenêtre 2007-2022 ; 722 traitées, 0 jamais traitées sur la fenêtre ; covariables invariantes dans le temps absorbées par les effets fixes unité : log_pop, share_women_1549, share_foreign, pretrend_pre ; comparaisons sur la fenêtre identifiée (années < 2016, cohorte 2016 recodée contrôle, 3 unités de contrôle) ; cellules −8 et +8 bornées",event,0.0,722.0,0.0,0.0,2007.0,2022.0,,,,,,,,,,,,
h2,H2,H2c,"log(naissances+0,5 / 1 000 f. 40-49)","unités avec covariables, bascule 4G ; fenêtre identifiée ≤ 2015, cohorte 2016 = contrôle",did2s,-4,-0.015806605146013515,0.010361553936996054,-0.036114877686394986,0.004501667394367956,0.12713311986320822,722,11552,False," ; fenêtre 2007-2022 ; 722 traitées, 0 jamais traitées sur la fenêtre ; covariables invariantes dans le temps absorbées par les effets fixes unité : log_pop, share_women_1549, share_foreign, pretrend_pre ; comparaisons sur la fenêtre identifiée (années < 2016, cohorte 2016 recodée contrôle, 3 unités de contrôle) ; cellules −8 et +8 bornées",event,0.0,722.0,0.0,0.0,2007.0,2022.0,,,,,,,,,,,,
h2,H2,H2c,"log(naissances+0,5 / 1 000 f. 40-49)","unités avec covariables, bascule 4G ; fenêtre identifiée ≤ 2015, cohorte 2016 = contrôle",did2s,-3,-0.015923428919842973,0.01092184759475196,-0.03732985685019223,0.005482999010506282,0.14485631368969207,722,11552,False," ; fenêtre 2007-2022 ; 722 traitées, 0 jamais traitées sur la fenêtre ; covariables invariantes dans le temps absorbées par les effets fixes unité : log_pop, share_women_1549, share_foreign, pretrend_pre ; comparaisons sur la fenêtre identifiée (années < 2016, cohorte 2016 recodée contrôle, 3 unités de contrôle) ; cellules −8 et +8 bornées",event,0.0,722.0,0.0,0.0,2007.0,2022.0,,,,,,,,,,,,
h2,H2,H2c,"log(naissances+0,5 / 1 000 f. 40-49)","unités avec covariables, bascule 4G ; fenêtre identifiée ≤ 2015, cohorte 2016 = contrôle",did2s,-2,0.012574105271305482,0.009815559789760923,-0.006664038404725471,0.03181224894733643,0.20018031234242373,722,11552,False," ; fenêtre 2007-2022 ; 722 traitées, 0 jamais traitées sur la fenêtre ; covariables invariantes dans le temps absorbées par les effets fixes unité : log_pop, share_women_1549, share_foreign, pretrend_pre ; comparaisons sur la fenêtre identifiée (années < 2016, cohorte 2016 recodée contrôle, 3 unités de contrôle) ; cellules −8 et +8 bornées",event,0.0,722.0,0.0,0.0,2007.0,2022.0,,,,,,,,,,,,
h2,H2,H2c,"log(naissances+0,5 / 1 000 f. 40-49)","unités avec covariables, bascule 4G ; fenêtre identifiée ≤ 2015, cohorte 2016 = contrôle",did2s,0,0.04179631147268292,0.04460649479596462,-0.04563081180398107,0.12922343474934692,0.3487582598375073,722,11552,False," ; fenêtre 2007-2022 ; 722 traitées, 0 jamais traitées sur la fenêtre ; covariables invariantes dans le temps absorbées par les effets fixes unité : log_pop, share_women_1549, share_foreign, pretrend_pre ; comparaisons sur la fenêtre identifiée (années < 2016, cohorte 2016 recodée contrôle, 3 unités de contrôle) ; cellules −8 et +8 bornées",event,0.0,722.0,0.0,0.0,2007.0,2022.0,,,,,,,,,,,,
h2,H2,H2c,"log(naissances+0,5 / 1 000 f. 40-49)","unités avec covariables, bascule 4G ; fenêtre identifiée ≤ 2015, cohorte 2016 = contrôle",did2s,1,0.127959268113095,0.12132504467124938,-0.109833449865267,0.365751986091457,0.29157106075985373,722,11552,False," ; fenêtre 2007-2022 ; 722 traitées, 0 jamais traitées sur la fenêtre ; covariables invariantes dans le temps absorbées par les effets fixes unité : log_pop, share_women_1549, share_foreign, pretrend_pre ; comparaisons sur la fenêtre identifiée (années < 2016, cohorte 2016 recodée contrôle, 3 unités de contrôle) ; cellules −8 et +8 bornées",event,0.0,722.0,0.0,0.0,2007.0,2022.0,,,,,,,,,,,,
h2,H2,H2c,"log(naissances+0,5 / 1 000 f. 40-49)","unités avec covariables, bascule 4G ; fenêtre identifiée ≤ 2015, cohorte 2016 = contrôle",did2s,2,0.20950932378792902,0.1749457896155491,-0.1333781231054686,0.5523967706813266,0.2310855864810767,722,11552,False," ; fenêtre 2007-2022 ; 722 traitées, 0 jamais traitées sur la fenêtre ; covariables invariantes dans le temps absorbées par les effets fixes unité : log_pop, share_women_1549, share_foreign, pretrend_pre ; comparaisons sur la fenêtre identifiée (années < 2016, cohorte 2016 recodée contrôle, 3 unités de contrôle) ; cellules −8 et +8 bornées",event,0.0,722.0,0.0,0.0,2007.0,2022.0,,,,,,,,,,,,
h2,H2,H2c,"log(naissances+0,5 / 1 000 f. 40-49)","unités avec covariables, bascule 4G ; fenêtre identifiée ≤ 2015, cohorte 2016 = contrôle",did2s,"ATT[1,2]",0.168734295950512,0.14762355706236166,-0.12060255916141041,0.45807115106243446,0.25303698729521706,722,11552,False," ; fenêtre 2007-2022 ; 722 traitées, 0 jamais traitées sur la fenêtre ; covariables invariantes dans le temps absorbées par les effets fixes unité : log_pop, share_women_1549, share_foreign, pretrend_pre ; comparaisons sur la fenêtre identifiée (années < 2016, cohorte 2016 recodée contrôle, 3 unités de contrôle) ; écart-type avec covariance complète (w'Vw)",post_avg,0.0,722.0,0.0,0.0,2007.0,2022.0,,,,,,,,,,,,
h2,H2,H2c,"log(naissances+0,5 / 1 000 f. 40-49)","unités avec covariables, bascule 4G ; fenêtre identifiée ≤ 2015, cohorte 2016 = contrôle",did2s,Wald pré (-8..−2),14.997132335378197,,,,0.036036181592139775,722,11552,False,"test de Wald joint, covariance groupée, df = 7 ; fenêtre 2007-2022 ; 722 traitées, 0 jamais traitées sur la fenêtre",pre_test,0.0,722.0,0.0,0.0,2007.0,2022.0,,,,,,,,,,,7.0,
h2,H2,H2c,"log(naissances+0,5 / 1 000 f. 40-49)","unités avec covariables, bascule 4G ; fenêtre identifiée ≤ 2015, cohorte 2016 = contrôle",twfe,-8,-0.14299275594376032,0.3982209191467938,-0.9234914153619129,0.6375059034743924,0.7195360163215521,722,11552,False," ; fenêtre 2007-2022 ; 722 traitées, 0 jamais traitées sur la fenêtre ; covariables invariantes dans le temps absorbées par les effets fixes unité : log_pop, share_women_1549, share_foreign, pretrend_pre ; comparaisons sur la fenêtre identifiée (années < 2016, cohorte 2016 recodée contrôle, 3 unités de contrôle) ; cellules −8 et +8 bornées",event,0.0,722.0,0.0,0.0,2007.0,2022.0,,,,,,,,,,,,
h2,H2,H2c,"log(naissances+0,5 / 1 000 f. 40-49)","unités avec covariables, bascule 4G ; fenêtre identifiée ≤ 2015, cohorte 2016 = contrôle",twfe,-7,-0.17836359594465703,0.3380415530635486,-0.8409128652271979,0.48418567333788387,0.5977505576843309,722,11552,False," ; fenêtre 2007-2022 ; 722 traitées, 0 jamais traitées sur la fenêtre ; covariables invariantes dans le temps absorbées par les effets fixes unité : log_pop, share_women_1549, share_foreign, pretrend_pre ; comparaisons sur la fenêtre identifiée (années < 2016, cohorte 2016 recodée contrôle, 3 unités de contrôle) ; cellules −8 et +8 bornées",event,0.0,722.0,0.0,0.0,2007.0,2022.0,,,,,,,,,,,,
h2,H2,H2c,"log(naissances+0,5 / 1 000 f. 40-49)","unités avec covariables, bascule 4G ; fenêtre identifiée ≤ 2015, cohorte 2016 = contrôle",twfe,-6,-0.21801752356489254,0.27956017299004676,-0.7659453941371714,0.3299103470073863,0.435473859819966,722,11552,False," ; fenêtre 2007-2022 ; 722 traitées, 0 jamais traitées sur la fenêtre ; covariables invariantes dans le temps absorbées par les effets fixes unité : log_pop, share_women_1549, share_foreign, pretrend_pre ; comparaisons sur la fenêtre identifiée (années < 2016, cohorte 2016 recodée contrôle, 3 unités de contrôle) ; cellules −8 et +8 bornées",event,0.0,722.0,0.0,0.0,2007.0,2022.0,,,,,,,,,,,,
h2,H2,H2c,"log(naissances+0,5 / 1 000 f. 40-49)","unités avec covariables, bascule 4G ; fenêtre identifiée ≤ 2015, cohorte 2016 = contrôle",twfe,-5,-0.18536039826933087,0.22296951296631312,-0.6223726133337412,0.2516518167950794,0.4057893767010635,722,11552,False," ; fenêtre 2007-2022 ; 722 traitées, 0 jamais traitées sur la fenêtre ; covariables invariantes dans le temps absorbées par les effets fixes unité : log_pop, share_women_1549, share_foreign, pretrend_pre ; comparaisons sur la fenêtre identifiée (années < 2016, cohorte 2016 recodée contrôle, 3 unités de contrôle) ; cellules −8 et +8 bornées",event,0.0,722.0,0.0,0.0,2007.0,2022.0,,,,,,,,,,,,
h2,H2,H2c,"log(naissances+0,5 / 1 000 f. 40-49)","unités avec covariables, bascule 4G ; fenêtre identifiée ≤ 2015, cohorte 2016 = contrôle",twfe,-4,-0.18420193139038865,0.16773081341358503,-0.5129482847786231,0.14454442199784584,0.2721172909182773,722,11552,False," ; fenêtre 2007-2022 ; 722 traitées, 0 jamais traitées sur la fenêtre ; covariables invariantes dans le temps absorbées par les effets fixes unité : log_pop, share_women_1549, share_foreign, pretrend_pre ; comparaisons sur la fenêtre identifiée (années < 2016, cohorte 2016 recodée contrôle, 3 unités de contrôle) ; cellules −8 et +8 bornées",event,0.0,722.0,0.0,0.0,2007.0,2022.0,,,,,,,,,,,,
h2,H2,H2c,"log(naissances+0,5 / 1 000 f. 40-49)","unités avec covariables, bascule 4G ; fenêtre identifiée ≤ 2015, cohorte 2016 = contrôle",twfe,-3,-0.14079725971579835,0.11333855755372561,-0.36293675058082064,0.08134223114922395,0.2141364075290817,722,11552,False," ; fenêtre 2007-2022 ; 722 traitées, 0 jamais traitées sur la fenêtre ; covariables invariantes dans le temps absorbées par les effets fixes unité : log_pop, share_women_1549, share_foreign, pretrend_pre ; comparaisons sur la fenêtre identifiée (années < 2016, cohorte 2016 recodée contrôle, 3 unités de contrôle) ; cellules −8 et +8 bornées",event,0.0,722.0,0.0,0.0,2007.0,2022.0,,,,,,,,,,,,
h2,H2,H2c,"log(naissances+0,5 / 1 000 f. 40-49)","unités avec covariables, bascule 4G ; fenêtre identifiée ≤ 2015, cohorte 2016 = contrôle",twfe,-2,-0.05388906103625375,0.05841938118619787,-0.1683889441603184,0.06061082208781089,0.35629298141240295,722,11552,False," ; fenêtre 2007-2022 ; 722 traitées, 0 jamais traitées sur la fenêtre ; covariables invariantes dans le temps absorbées par les effets fixes unité : log_pop, share_women_1549, share_foreign, pretrend_pre ; comparaisons sur la fenêtre identifiée (années < 2016, cohorte 2016 recodée contrôle, 3 unités de contrôle) ; cellules −8 et +8 bornées",event,0.0,722.0,0.0,0.0,2007.0,2022.0,,,,,,,,,,,,
h2,H2,H2c,"log(naissances+0,5 / 1 000 f. 40-49)","unités avec covariables, bascule 4G ; fenêtre identifiée ≤ 2015, cohorte 2016 = contrôle",twfe,0,0.02801795297058996,0.05679666767336211,-0.08330147011109013,0.13933737605227003,0.6217986779033353,722,11552,False," ; fenêtre 2007-2022 ; 722 traitées, 0 jamais traitées sur la fenêtre ; covariables invariantes dans le temps absorbées par les effets fixes unité : log_pop, share_women_1549, share_foreign, pretrend_pre ; comparaisons sur la fenêtre identifiée (années < 2016, cohorte 2016 recodée contrôle, 3 unités de contrôle) ; cellules −8 et +8 bornées",event,0.0,722.0,0.0,0.0,2007.0,2022.0,,,,,,,,,,,,
h2,H2,H2c,"log(naissances+0,5 / 1 000 f. 40-49)","unités avec covariables, bascule 4G ; fenêtre identifiée ≤ 2015, cohorte 2016 = contrôle",twfe,1,0.0509838816647008,0.11020115238565711,-0.1650064080659974,0.26697417139539903,0.6436196964080125,722,11552,False," ; fenêtre 2007-2022 ; 722 traitées, 0 jamais traitées sur la fenêtre ; covariables invariantes dans le temps absorbées par les effets fixes unité : log_pop, share_women_1549, share_foreign, pretrend_pre ; comparaisons sur la fenêtre identifiée (années < 2016, cohorte 2016 recodée contrôle, 3 unités de contrôle) ; cellules −8 et +8 bornées",event,0.0,722.0,0.0,0.0,2007.0,2022.0,,,,,,,,,,,,
h2,H2,H2c,"log(naissances+0,5 / 1 000 f. 40-49)","unités avec covariables, bascule 4G ; fenêtre identifiée ≤ 2015, cohorte 2016 = contrôle",twfe,2,0.0926375438746806,0.1656285103120849,-0.23198837115002674,0.41726345889938793,0.5759507412596205,722,11552,False," ; fenêtre 2007-2022 ; 722 traitées, 0 jamais traitées sur la fenêtre ; covariables invariantes dans le temps absorbées par les effets fixes unité : log_pop, share_women_1549, share_foreign, pretrend_pre ; comparaisons sur la fenêtre identifiée (années < 2016, cohorte 2016 recodée contrôle, 3 unités de contrôle) ; cellules −8 et +8 bornées",event,0.0,722.0,0.0,0.0,2007.0,2022.0,,,,,,,,,,,,
h2,H2,H2c,"log(naissances+0,5 / 1 000 f. 40-49)","unités avec covariables, bascule 4G ; fenêtre identifiée ≤ 2015, cohorte 2016 = contrôle",twfe,"ATT[1,2]",0.0718107127696907,0.13753514395490526,-0.19775321599045537,0.34137464152983676,0.6015824114610203,722,11552,False," ; fenêtre 2007-2022 ; 722 traitées, 0 jamais traitées sur la fenêtre ; covariables invariantes dans le temps absorbées par les effets fixes unité : log_pop, share_women_1549, share_foreign, pretrend_pre ; comparaisons sur la fenêtre identifiée (années < 2016, cohorte 2016 recodée contrôle, 3 unités de contrôle) ; écart-type avec covariance complète (w'Vw)",post_avg,0.0,722.0,0.0,0.0,2007.0,2022.0,,,,,,,,,,,,
h2,H2,H2c,"log(naissances+0,5 / 1 000 f. 40-49)","unités avec covariables, bascule 4G ; fenêtre identifiée ≤ 2015, cohorte 2016 = contrôle",twfe,Wald pré (-8..−2),15.930527207967483,,,,0.02575870862556409,722,11552,False,"test de Wald joint, covariance groupée, df = 7 ; fenêtre 2007-2022 ; 722 traitées, 0 jamais traitées sur la fenêtre",pre_test,0.0,722.0,0.0,0.0,2007.0,2022.0,,,,,,,,,,,7.0,
h2,H2,H2c,"log(naissances+0,5 / 1 000 f. 40-49)","unités avec covariables, bascule 4G ; fenêtre identifiée ≤ 2015, cohorte 2016 = contrôle",twfe,ATT,0.010270415657367634,0.02366890937677683,-0.03611979427445733,0.056660625589192604,0.6643464590425148,722,11552,False," ; fenêtre 2007-2022 ; 722 traitées, 0 jamais traitées sur la fenêtre ; covariables invariantes dans le temps absorbées par les effets fixes unité : log_pop, share_women_1549, share_foreign, pretrend_pre ; comparaisons sur la fenêtre identifiée (années < 2016, cohorte 2016 recodée contrôle, 3 unités de contrôle)",static,0.0,722.0,0.0,0.0,2007.0,2022.0,,,,,,,,,,,,
h2,H2,H2c,"log(naissances+0,5 / 1 000 f. 40-49)","unités avec covariables, bascule 4G ; fenêtre complète",twfe,ATT,0.02692131635151326,0.022029711024417902,-0.016256123846170808,0.07009875654919732,0.22169029875753166,722,11552,True," ; fenêtre 2007-2022 ; 722 traitées, 0 jamais traitées sur la fenêtre ; covariables invariantes dans le temps absorbées par les effets fixes unité : log_pop, share_women_1549, share_foreign, pretrend_pre ; TWFE sur toutes les années (identification par le calendrier des bascules seulement)",static,0.0,722.0,0.0,0.0,2007.0,2022.0,,,,,,,,,,,,
h2,H2,H2c,"log(naissances+0,5 / 1 000 f. 40-49)","unités avec covariables, bascule 4G ; fenêtre identifiée ≤ 2015, cohorte 2016 = contrôle",twfe_poisson,ATT (log du taux contrefactuel),0.030899430051236697,0.014058983600583533,0.003344328534853721,0.05845453156761968,0.027960339810002375,722,11552,False," ; fenêtre 2007-2022 ; 722 traitées, 0 jamais traitées sur la fenêtre ; covariables invariantes dans le temps absorbées par les effets fixes unité : log_pop, share_women_1549, share_foreign, pretrend_pre ; comparaisons sur la fenêtre identifiée (années < 2016, cohorte 2016 recodée contrôle, 3 unités de contrôle) ; Poisson à effets fixes, offset = log(women)",static,0.0,722.0,0.0,0.0,2007.0,2022.0,,,,,,,,,,,,
h2,H2,H2c,"log(naissances+0,5 / 1 000 f. 40-49)","unités avec covariables, bascule 4G ; fenêtre identifiée ≤ 2015, cohorte 2016 = contrôle",twfe_poisson,ATT en % du taux contrefactuel,3.138177265845643,1.4500179427746012,0.3349926822790339,6.019677934354073,0.027960339810002375,722,11552,False," ; fenêtre 2007-2022 ; 722 traitées, 0 jamais traitées sur la fenêtre ; covariables invariantes dans le temps absorbées par les effets fixes unité : log_pop, share_women_1549, share_foreign, pretrend_pre ; comparaisons sur la fenêtre identifiée (années < 2016, cohorte 2016 recodée contrôle, 3 unités de contrôle) ; Poisson à effets fixes, offset = log(women)",static,0.0,722.0,0.0,0.0,2007.0,2022.0,,,,,,,,,,,,
h2,H2,H2c,"log(naissances+0,5 / 1 000 f. 25-29)","unités avec covariables, bascule 4G",cs,"ATT[1,1] (Holm)",0.3040368526068301,0.04297573558589202,0.21980595798496283,0.3882677472286974,1.4986250725015575e-12,722,11552,False,"p brut 0.0000, p Holm 0.0000 (famille : 25-29, 30-34, 35-39, 40-49, 4 tests)",post_avg_holm,,,,,,,2007.0,2015.0,722.0,1.0,,,,,,,,1.4986250725015575e-12
h2,H2,H2c,"log(naissances+0,5 / 1 000 f. 30-34)","unités avec covariables, bascule 4G",cs,"ATT[1,1] (Holm)",0.9482165025305366,0.08858268591675544,0.7745976271103889,1.1218353779506842,9.715204914216035e-27,722,11552,False,"p brut 0.0000, p Holm 0.0000 (famille : 25-29, 30-34, 35-39, 40-49, 4 tests)",post_avg_holm,,,,,,,2007.0,2015.0,722.0,1.0,,,,,,,,2.9145614742648104e-26
h2,H2,H2c,"log(naissances+0,5 / 1 000 f. 35-39)","unités avec covariables, bascule 4G",cs,"ATT[1,1] (Holm)",-0.34593855434678333,0.04748606664354008,-0.4390095354697227,-0.25286757322384396,3.215417555688859e-13,722,11552,False,"p brut 0.0000, p Holm 0.0000 (famille : 25-29, 30-34, 35-39, 40-49, 4 tests)",post_avg_holm,,,,,,,2007.0,2015.0,722.0,1.0,,,,,,,,6.430835111377718e-13
h2,H2,H2c,"log(naissances+0,5 / 1 000 f. 40-49)","unités avec covariables, bascule 4G",cs,"ATT[1,1] (Holm)",-2.9491666042296645,0.2625963698737231,-3.463846035712846,-2.4344871727464827,2.878690557783749e-29,722,11552,False,"p brut 0.0000, p Holm 0.0000 (famille : 25-29, 30-34, 35-39, 40-49, 4 tests)",post_avg_holm,,,,,,,2007.0,2015.0,722.0,1.0,,,,,,,,1.1514762231134997e-28
h2,H2,H2a,"log(naissances+0,5 / 1 000 f. 15-19)","unités avec covariables, bascule 4G",cs,"ATT[1,1] (Holm)",1.705770466165412,0.17662389750979327,1.3595939855065275,2.0519469468242963,4.562419572728282e-22,722,11552,False,"p brut 0.0000, p Holm 0.0000 (famille : 15-19, 20-24, 2 tests)",post_avg_holm,,,,,,,2007.0,2015.0,722.0,1.0,,,,,,,,9.124839145456564e-22
h2,H2,H2a,"log(naissances+0,5 / 1 000 f. 20-24)","unités avec covariables, bascule 4G",cs,"ATT[1,1] (Holm)",-0.4897683853104179,0.09132813296592934,-0.6687682381108526,-0.31076853250998315,8.19721640215506e-08,722,11552,False,"p brut 0.0000, p Holm 0.0000 (famille : 15-19, 20-24, 2 tests)",post_avg_holm,,,,,,,2007.0,2015.0,722.0,1.0,,,,,,,,8.19721640215506e-08
h2,H2,H2d,"log(naissances+0,5 / 1 000 f. 15-24)","unités avec covariables, bascule 4G",cs,-8,5.52424340539081,0.3525850336683903,4.833189437912923,6.215297372868697,2.5099215534981252e-55,722,11552,False," ; covariables : log_pop, share_women_1549, share_foreign, pretrend_pre (doublement robuste) ; contrôle = not_yet_treated ; fenêtre 2007-2022 ; 722 traitées, 0 jamais traitées sur la fenêtre ; ATT(g,t) identifiés jusqu'en 2015 (sans unité jamais traitée, la dernière cohorte sert de contrôle)",event,0.0,722.0,0.0,0.0,2007.0,2022.0,2007.0,2015.0,722.0,1.0,dr,1.0,156.0,,,,,
h2,H2,H2d,"log(naissances+0,5 / 1 000 f. 15-24)","unités avec covariables, bascule 4G",cs,-7,-1.1675025241266273,0.15022635757697045,-1.4619407745061253,-0.8730642737471292,7.748715731081288e-15,722,11552,False," ; covariables : log_pop, share_women_1549, share_foreign, pretrend_pre (doublement robuste) ; contrôle = not_yet_treated ; fenêtre 2007-2022 ; 722 traitées, 0 jamais traitées sur la fenêtre ; ATT(g,t) identifiés jusqu'en 2015 (sans unité jamais traitée, la dernière cohorte sert de contrôle)",event,0.0,722.0,0.0,0.0,2007.0,2022.0,2007.0,2015.0,722.0,1.0,dr,2.0,544.0,,,,,
h2,H2,H2d,"log(naissances+0,5 / 1 000 f. 15-24)","unités avec covariables, bascule 4G",cs,-6,-0.3129873288999588,0.05300432357421435,-0.4168738941303263,-0.2091007636695913,3.5277598789882697e-09,722,11552,False," ; covariables : log_pop, share_women_1549, share_foreign, pretrend_pre (doublement robuste) ; contrôle = not_yet_treated ; fenêtre 2007-2022 ; 722 traitées, 0 jamais traitées sur la fenêtre ; ATT(g,t) identifiés jusqu'en 2015 (sans unité jamais traitée, la dernière cohorte sert de contrôle)",event,0.0,722.0,0.0,0.0,2007.0,2022.0,2007.0,2015.0,722.0,1.0,dr,3.0,719.0,,,,,
h2,H2,H2d,"log(naissances+0,5 / 1 000 f. 15-24)","unités avec covariables, bascule 4G",cs,-5,0.18108559195984542,0.03652839809483692,0.10949124728102352,0.2526799366386673,7.144569861351701e-07,722,11552,False," ; covariables : log_pop, share_women_1549, share_foreign, pretrend_pre (doublement robuste) ; contrôle = not_yet_treated ; fenêtre 2007-2022 ; 722 traitées, 0 jamais traitées sur la fenêtre ; ATT(g,t) identifiés jusqu'en 2015 (sans unité jamais traitée, la dernière cohorte sert de contrôle)",event,0.0,722.0,0.0,0.0,2007.0,2022.0,2007.0,2015.0,722.0,1.0,dr,3.0,719.0,,,,,
h2,H2,H2d,"log(naissances+0,5 / 1 000 f. 15-24)","unités avec covariables, bascule 4G",cs,-4,0.18323564350748908,0.0382393584806197,0.10828787809355819,0.25818340892142,1.6528547856678114e-06,722,11552,False," ; covariables : log_pop, share_women_1549, share_foreign, pretrend_pre (doublement robuste) ; contrôle = not_yet_treated ; fenêtre 2007-2022 ; 722 traitées, 0 jamais traitées sur la fenêtre ; ATT(g,t) identifiés jusqu'en 2015 (sans unité jamais traitée, la dernière cohorte sert de contrôle)",event,0.0,722.0,0.0,0.0,2007.0,2022.0,2007.0,2015.0,722.0,1.0,dr,3.0,719.0,,,,,
h2,H2,H2d,"log(naissances+0,5 / 1 000 f. 15-24)","unités avec covariables, bascule 4G",cs,-3,-0.02366094111804405,0.03540498442256135,-0.09305343545946594,0.04573155322337784,0.5039458982371765,722,11552,False," ; covariables : log_pop, share_women_1549, share_foreign, pretrend_pre (doublement robuste) ; contrôle = not_yet_treated ; fenêtre 2007-2022 ; 722 traitées, 0 jamais traitées sur la fenêtre ; ATT(g,t) identifiés jusqu'en 2015 (sans unité jamais traitée, la dernière cohorte sert de contrôle)",event,0.0,722.0,0.0,0.0,2007.0,2022.0,2007.0,2015.0,722.0,1.0,dr,3.0,719.0,,,,,
h2,H2,H2d,"log(naissances+0,5 / 1 000 f. 15-24)","unités avec covariables, bascule 4G",cs,-2,-0.5222235820406256,0.07482475225778078,-0.668877401618008,-0.37556976246324314,2.9667730433938206e-12,722,11552,False," ; covariables : log_pop, share_women_1549, share_foreign, pretrend_pre (doublement robuste) ; contrôle = not_yet_treated ; fenêtre 2007-2022 ; 722 traitées, 0 jamais traitées sur la fenêtre ; ATT(g,t) identifiés jusqu'en 2015 (sans unité jamais traitée, la dernière cohorte sert de contrôle)",event,0.0,722.0,0.0,0.0,2007.0,2022.0,2007.0,2015.0,722.0,1.0,dr,3.0,719.0,,,,,
h2,H2,H2d,"log(naissances+0,5 / 1 000 f. 15-24)","unités avec covariables, bascule 4G",cs,0,-0.6509122588260077,0.09497526065439431,-0.8370603491309245,-0.4647641685210908,7.206831401854281e-12,722,11552,False," ; covariables : log_pop, share_women_1549, share_foreign, pretrend_pre (doublement robuste) ; contrôle = not_yet_treated ; fenêtre 2007-2022 ; 722 traitées, 0 jamais traitées sur la fenêtre ; ATT(g,t) identifiés jusqu'en 2015 (sans unité jamais traitée, la dernière cohorte sert de contrôle)",event,0.0,722.0,0.0,0.0,2007.0,2022.0,2007.0,2015.0,722.0,1.0,dr,3.0,719.0,,,,,
h2,H2,H2d,"log(naissances+0,5 / 1 000 f. 15-24)","unités avec covariables, bascule 4G",cs,1,-0.29907860002569264,0.07967549936244876,-0.4552397092263363,-0.14291749082504904,0.00017423746757816617,722,11552,False," ; covariables : log_pop, share_women_1549, share_foreign, pretrend_pre (doublement robuste) ; contrôle = not_yet_treated ; fenêtre 2007-2022 ; 722 traitées, 0 jamais traitées sur la fenêtre ; ATT(g,t) identifiés jusqu'en 2015 (sans unité jamais traitée, la dernière cohorte sert de contrôle)",event,0.0,722.0,0.0,0.0,2007.0,2022.0,2007.0,2015.0,722.0,1.0,dr,2.0,563.0,,,,,
h2,H2,H2d,"log(naissances+0,5 / 1 000 f. 15-24)","unités avec covariables, bascule 4G",cs,"ATT[1,1]",-0.29907860002569264,0.07967549936244876,-0.4552397092263363,-0.14291749082504904,0.00017423746757816617,722,11552,False," ; covariables : log_pop, share_women_1549, share_foreign, pretrend_pre (doublement robuste) ; contrôle = not_yet_treated ; fenêtre 2007-2022 ; 722 traitées, 0 jamais traitées sur la fenêtre ; ATT(g,t) identifiés jusqu'en 2015 (sans unité jamais traitée, la dernière cohorte sert de contrôle) ; écart-type avec covariance complète des coefficients (fonctions d'influence)",post_avg,0.0,722.0,0.0,0.0,2007.0,2022.0,2007.0,2015.0,722.0,1.0,dr,,,,,1.0,,
h2,H2,H2d,"log(naissances+0,5 / 1 000 f. 15-24)","unités avec covariables, bascule 4G",cs,ATT,-0.4964018454839036,0.06510952545692741,-0.6240141704299751,-0.3687895205378321,2.457336760479367e-14,722,11552,False," ; covariables : log_pop, share_women_1549, share_foreign, pretrend_pre (doublement robuste) ; contrôle = not_yet_treated ; fenêtre 2007-2022 ; 722 traitées, 0 jamais traitées sur la fenêtre ; ATT(g,t) identifiés jusqu'en 2015 (sans unité jamais traitée, la dernière cohorte sert de contrôle) ; moyenne de tous les ATT(g,t) post",simple,0.0,722.0,0.0,0.0,2007.0,2022.0,2007.0,2015.0,722.0,1.0,dr,,,,,,,
h2,H2,H2d,"log(naissances+0,5 / 1 000 f. 15-24)","unités avec covariables, bascule 4G",cs,Wald pré (-8..-2),290.930124936667,,,,5.225441600391601e-59,722,11552,False,"H5c : test de Wald joint de nullité des coefficients pré avec covariance des fonctions d'influence, df = 7 ; fenêtre 2007-2022 ; 722 traitées, 0 jamais traitées sur la fenêtre",pre_test,0.0,722.0,0.0,0.0,2007.0,2022.0,2007.0,2015.0,722.0,1.0,dr,,,,,,7.0,
h2,H2,H2d,ATT 15-24 − ATT 25-39,"unités avec covariables, bascule 4G",cs,différence (bootstrap conjoint),-0.6644841483116043,0.41842267755250145,-1.4845775330981152,0.15560923647490665,0.11227070206250037,722,57760,False,"bootstrap par unité géographique stratifié par cohorte, 50 tirages ; quantiles [-0.7389, +0.6364]",difference,,,,,,,,,,,,,,,,,,
