part,family,hypothesis,outcome,sample,estimator,term,estimate,se,ci_low,ci_high,p,n_units,n_obs,exploratory,notes,aggregation,n_never,n_treated,n_late_recoded,n_unbalanced,year_min,year_max,years_model_min,years_model_max,n_clusters,k_post,est_method,n_cohorts,n_units_rel,cband_low,cband_high,k_periods,df
h1,H1,H1,"log(naissances+0,5 / 1 000 f. 15-49)",primaire : unités avec covariables,cs,-8,0.03904865731419355,0.023746245133010012,-0.00749312791456562,0.08559044254295271,0.10009072068263114,5558,122276,False,"spécification primaire (A5) ; covariables : log_pop, share_women_1549, level_pre, pretrend_pre (doublement robuste) ; contrôle = not_yet_treated ; fenêtre 2003-2024 ; 5558 traitées, 0 jamais traitées sur la fenêtre ; ATT(g,t) identifiés jusqu'en 2022 (sans unité jamais traitée, la dernière cohorte sert de contrôle) ; bandes simultanées sup-t (bootstrap multiplicateur Rademacher, 999 tirages, valeur critique 2.69)",event,0.0,5558.0,0.0,0.0,2003.0,2024.0,2003.0,2022.0,5558.0,5.0,dr,9.0,5498.0,-0.02483711141424831,0.1029344260426354,,
h1,H1,H1,"log(naissances+0,5 / 1 000 f. 15-49)",primaire : unités avec covariables,cs,-7,0.10231621400316881,0.06757906730857931,-0.030136324030454797,0.23476875203679243,0.1300201871313579,5558,122276,False,"spécification primaire (A5) ; covariables : log_pop, share_women_1549, level_pre, pretrend_pre (doublement robuste) ; contrôle = not_yet_treated ; fenêtre 2003-2024 ; 5558 traitées, 0 jamais traitées sur la fenêtre ; ATT(g,t) identifiés jusqu'en 2022 (sans unité jamais traitée, la dernière cohorte sert de contrôle) ; bandes simultanées sup-t (bootstrap multiplicateur Rademacher, 999 tirages, valeur critique 2.69)",event,0.0,5558.0,0.0,0.0,2003.0,2024.0,2003.0,2022.0,5558.0,5.0,dr,9.0,5498.0,-0.07949529517552248,0.2841277231818601,,
h1,H1,H1,"log(naissances+0,5 / 1 000 f. 15-49)",primaire : unités avec covariables,cs,-6,0.060419274944661025,0.03559211239092935,-0.009339983475262284,0.13017853336458435,0.08959333921858849,5558,122276,False,"spécification primaire (A5) ; covariables : log_pop, share_women_1549, level_pre, pretrend_pre (doublement robuste) ; contrôle = not_yet_treated ; fenêtre 2003-2024 ; 5558 traitées, 0 jamais traitées sur la fenêtre ; ATT(g,t) identifiés jusqu'en 2022 (sans unité jamais traitée, la dernière cohorte sert de contrôle) ; bandes simultanées sup-t (bootstrap multiplicateur Rademacher, 999 tirages, valeur critique 2.69)",event,0.0,5558.0,0.0,0.0,2003.0,2024.0,2003.0,2022.0,5558.0,5.0,dr,9.0,5498.0,-0.035336051761822654,0.15617460165114472,,
h1,H1,H1,"log(naissances+0,5 / 1 000 f. 15-49)",primaire : unités avec covariables,cs,-5,0.028169954481460365,0.020858701909131017,-0.012712350024693297,0.06905225898761402,0.17685138835704672,5558,122276,False,"spécification primaire (A5) ; covariables : log_pop, share_women_1549, level_pre, pretrend_pre (doublement robuste) ; contrôle = not_yet_treated ; fenêtre 2003-2024 ; 5558 traitées, 0 jamais traitées sur la fenêtre ; ATT(g,t) identifiés jusqu'en 2022 (sans unité jamais traitée, la dernière cohorte sert de contrôle) ; bandes simultanées sup-t (bootstrap multiplicateur Rademacher, 999 tirages, valeur critique 2.69)",event,0.0,5558.0,0.0,0.0,2003.0,2024.0,2003.0,2022.0,5558.0,5.0,dr,9.0,5498.0,-0.02794730526542152,0.08428721422834225,,
h1,H1,H1,"log(naissances+0,5 / 1 000 f. 15-49)",primaire : unités avec covariables,cs,-4,0.04039947239000645,0.026749809954915712,-0.012029191714919354,0.09282813649493225,0.13097419149356068,5558,122276,False,"spécification primaire (A5) ; covariables : log_pop, share_women_1549, level_pre, pretrend_pre (doublement robuste) ; contrôle = not_yet_treated ; fenêtre 2003-2024 ; 5558 traitées, 0 jamais traitées sur la fenêtre ; ATT(g,t) identifiés jusqu'en 2022 (sans unité jamais traitée, la dernière cohorte sert de contrôle) ; bandes simultanées sup-t (bootstrap multiplicateur Rademacher, 999 tirages, valeur critique 2.69)",event,0.0,5558.0,0.0,0.0,2003.0,2024.0,2003.0,2022.0,5558.0,5.0,dr,9.0,5498.0,-0.03156694431028713,0.11236588909030003,,
h1,H1,H1,"log(naissances+0,5 / 1 000 f. 15-49)",primaire : unités avec covariables,cs,-3,-0.014006708146243144,0.016984486345816167,-0.04729568967995514,0.019282273387468858,0.4095552303106287,5558,122276,False,"spécification primaire (A5) ; covariables : log_pop, share_women_1549, level_pre, pretrend_pre (doublement robuste) ; contrôle = not_yet_treated ; fenêtre 2003-2024 ; 5558 traitées, 0 jamais traitées sur la fenêtre ; ATT(g,t) identifiés jusqu'en 2022 (sans unité jamais traitée, la dernière cohorte sert de contrôle) ; bandes simultanées sup-t (bootstrap multiplicateur Rademacher, 999 tirages, valeur critique 2.69)",event,0.0,5558.0,0.0,0.0,2003.0,2024.0,2003.0,2022.0,5558.0,5.0,dr,9.0,5498.0,-0.05970096256762205,0.031687546275135765,,
h1,H1,H1,"log(naissances+0,5 / 1 000 f. 15-49)",primaire : unités avec covariables,cs,-2,-0.010603249453601755,0.01161630551337664,-0.03337078989323403,0.012164290986030522,0.361352910641655,5558,122276,False,"spécification primaire (A5) ; covariables : log_pop, share_women_1549, level_pre, pretrend_pre (doublement robuste) ; contrôle = not_yet_treated ; fenêtre 2003-2024 ; 5558 traitées, 0 jamais traitées sur la fenêtre ; ATT(g,t) identifiés jusqu'en 2022 (sans unité jamais traitée, la dernière cohorte sert de contrôle) ; bandes simultanées sup-t (bootstrap multiplicateur Rademacher, 999 tirages, valeur critique 2.69)",event,0.0,5558.0,0.0,0.0,2003.0,2024.0,2003.0,2022.0,5558.0,5.0,dr,9.0,5498.0,-0.04185520543020694,0.020648706523003428,,
h1,H1,H1,"log(naissances+0,5 / 1 000 f. 15-49)",primaire : unités avec covariables,cs,0,0.004100019778819898,0.006571846949798774,-0.008780563554695107,0.016980603112334902,0.5327088039964715,5558,122276,False,"spécification primaire (A5) ; covariables : log_pop, share_women_1549, level_pre, pretrend_pre (doublement robuste) ; contrôle = not_yet_treated ; fenêtre 2003-2024 ; 5558 traitées, 0 jamais traitées sur la fenêtre ; ATT(g,t) identifiés jusqu'en 2022 (sans unité jamais traitée, la dernière cohorte sert de contrôle) ; bandes simultanées sup-t (bootstrap multiplicateur Rademacher, 999 tirages, valeur critique 2.69)",event,0.0,5558.0,0.0,0.0,2003.0,2024.0,2003.0,2022.0,5558.0,5.0,dr,9.0,5498.0,-0.013580564751570726,0.02178060430921052,,
h1,H1,H1,"log(naissances+0,5 / 1 000 f. 15-49)",primaire : unités avec covariables,cs,1,0.021597730785926507,0.026934306266469678,-0.031192539444925546,0.07438800101677856,0.42262990934851685,5558,122276,False,"spécification primaire (A5) ; covariables : log_pop, share_women_1549, level_pre, pretrend_pre (doublement robuste) ; contrôle = not_yet_treated ; fenêtre 2003-2024 ; 5558 traitées, 0 jamais traitées sur la fenêtre ; ATT(g,t) identifiés jusqu'en 2022 (sans unité jamais traitée, la dernière cohorte sert de contrôle) ; bandes simultanées sup-t (bootstrap multiplicateur Rademacher, 999 tirages, valeur critique 2.69)",event,0.0,5558.0,0.0,0.0,2003.0,2024.0,2003.0,2022.0,5558.0,5.0,dr,8.0,5438.0,-0.05086504601783464,0.09406050758968765,,
h1,H1,H1,"log(naissances+0,5 / 1 000 f. 15-49)",primaire : unités avec covariables,cs,2,0.031030763570592652,0.026134902458650768,-0.020192703987830164,0.08225423112901548,0.23509733081921624,5558,122276,False,"spécification primaire (A5) ; covariables : log_pop, share_women_1549, level_pre, pretrend_pre (doublement robuste) ; contrôle = not_yet_treated ; fenêtre 2003-2024 ; 5558 traitées, 0 jamais traitées sur la fenêtre ; ATT(g,t) identifiés jusqu'en 2022 (sans unité jamais traitée, la dernière cohorte sert de contrôle) ; bandes simultanées sup-t (bootstrap multiplicateur Rademacher, 999 tirages, valeur critique 2.69)",event,0.0,5558.0,0.0,0.0,2003.0,2024.0,2003.0,2022.0,5558.0,5.0,dr,7.0,5268.0,-0.039281335241726355,0.10134286238291165,,
h1,H1,H1,"log(naissances+0,5 / 1 000 f. 15-49)",primaire : unités avec covariables,cs,3,-0.011004153767542428,0.01952676107455442,-0.049275902208387734,0.027267594673302878,0.5730657371432154,5558,122276,False,"spécification primaire (A5) ; covariables : log_pop, share_women_1549, level_pre, pretrend_pre (doublement robuste) ; contrôle = not_yet_treated ; fenêtre 2003-2024 ; 5558 traitées, 0 jamais traitées sur la fenêtre ; ATT(g,t) identifiés jusqu'en 2022 (sans unité jamais traitée, la dernière cohorte sert de contrôle) ; bandes simultanées sup-t (bootstrap multiplicateur Rademacher, 999 tirages, valeur critique 2.69)",event,0.0,5558.0,0.0,0.0,2003.0,2024.0,2003.0,2022.0,5558.0,5.0,dr,6.0,4844.0,-0.06353802322930338,0.041529715694218525,,
h1,H1,H1,"log(naissances+0,5 / 1 000 f. 15-49)",primaire : unités avec covariables,cs,4,-0.07364880961120475,0.021598517070832043,-0.1159811251895091,-0.031316494032900405,0.0006498641330846238,5558,122276,False,"spécification primaire (A5) ; covariables : log_pop, share_women_1549, level_pre, pretrend_pre (doublement robuste) ; contrôle = not_yet_treated ; fenêtre 2003-2024 ; 5558 traitées, 0 jamais traitées sur la fenêtre ; ATT(g,t) identifiés jusqu'en 2022 (sans unité jamais traitée, la dernière cohorte sert de contrôle) ; bandes simultanées sup-t (bootstrap multiplicateur Rademacher, 999 tirages, valeur critique 2.69)",event,0.0,5558.0,0.0,0.0,2003.0,2024.0,2003.0,2022.0,5558.0,5.0,dr,5.0,4445.0,-0.13175643288956237,-0.015541186332847116,,
h1,H1,H1,"log(naissances+0,5 / 1 000 f. 15-49)",primaire : unités avec covariables,cs,5,-0.14770858641199336,0.048084653730340474,-0.24195277593254025,-0.05346439689144647,0.002127404106127268,5558,122276,False,"spécification primaire (A5) ; covariables : log_pop, share_women_1549, level_pre, pretrend_pre (doublement robuste) ; contrôle = not_yet_treated ; fenêtre 2003-2024 ; 5558 traitées, 0 jamais traitées sur la fenêtre ; ATT(g,t) identifiés jusqu'en 2022 (sans unité jamais traitée, la dernière cohorte sert de contrôle) ; bandes simultanées sup-t (bootstrap multiplicateur Rademacher, 999 tirages, valeur critique 2.69)",event,0.0,5558.0,0.0,0.0,2003.0,2024.0,2003.0,2022.0,5558.0,5.0,dr,4.0,3767.0,-0.2770732522948285,-0.01834392052915823,,
h1,H1,H1,"log(naissances+0,5 / 1 000 f. 15-49)",primaire : unités avec covariables,cs,6,-0.2412236087597811,0.09216608673384676,-0.4218658193541156,-0.06058139816544661,0.008863598843745265,5558,122276,False,"spécification primaire (A5) ; covariables : log_pop, share_women_1549, level_pre, pretrend_pre (doublement robuste) ; contrôle = not_yet_treated ; fenêtre 2003-2024 ; 5558 traitées, 0 jamais traitées sur la fenêtre ; ATT(g,t) identifiés jusqu'en 2022 (sans unité jamais traitée, la dernière cohorte sert de contrôle) ; bandes simultanées sup-t (bootstrap multiplicateur Rademacher, 999 tirages, valeur critique 2.69)",event,0.0,5558.0,0.0,0.0,2003.0,2024.0,2003.0,2022.0,5558.0,5.0,dr,3.0,1032.0,-0.4891828658424475,0.00673564832288534,,
h1,H1,H1,"log(naissances+0,5 / 1 000 f. 15-49)",primaire : unités avec covariables,cs,7,-0.2900918842741539,0.1175968108957243,-0.5205773983265409,-0.05960637022176685,0.01363132988097526,5558,122276,False,"spécification primaire (A5) ; covariables : log_pop, share_women_1549, level_pre, pretrend_pre (doublement robuste) ; contrôle = not_yet_treated ; fenêtre 2003-2024 ; 5558 traitées, 0 jamais traitées sur la fenêtre ; ATT(g,t) identifiés jusqu'en 2022 (sans unité jamais traitée, la dernière cohorte sert de contrôle) ; bandes simultanées sup-t (bootstrap multiplicateur Rademacher, 999 tirages, valeur critique 2.69)",event,0.0,5558.0,0.0,0.0,2003.0,2024.0,2003.0,2022.0,5558.0,5.0,dr,2.0,481.0,-0.6064687523644672,0.026284983816159457,,
h1,H1,H1,"log(naissances+0,5 / 1 000 f. 15-49)",primaire : unités avec covariables,cs,8,-0.5097770600732092,0.22093622210679542,-0.9428040982828704,-0.07675002186354807,0.0210353495060283,5558,122276,False,"spécification primaire (A5) ; covariables : log_pop, share_women_1549, level_pre, pretrend_pre (doublement robuste) ; contrôle = not_yet_treated ; fenêtre 2003-2024 ; 5558 traitées, 0 jamais traitées sur la fenêtre ; ATT(g,t) identifiés jusqu'en 2022 (sans unité jamais traitée, la dernière cohorte sert de contrôle) ; bandes simultanées sup-t (bootstrap multiplicateur Rademacher, 999 tirages, valeur critique 2.69)",event,0.0,5558.0,0.0,0.0,2003.0,2024.0,2003.0,2022.0,5558.0,5.0,dr,1.0,187.0,-1.104173366107689,0.08461924596127057,,
h1,H1,H1,"log(naissances+0,5 / 1 000 f. 15-49)",primaire : unités avec covariables,cs,"ATT[1,5]",-0.03594661108684428,0.019294483590113494,-0.07376310402376582,0.0018698818500772554,0.06245506104891194,5558,122276,False,"spécification primaire (A5) ; covariables : log_pop, share_women_1549, level_pre, pretrend_pre (doublement robuste) ; contrôle = not_yet_treated ; fenêtre 2003-2024 ; 5558 traitées, 0 jamais traitées sur la fenêtre ; ATT(g,t) identifiés jusqu'en 2022 (sans unité jamais traitée, la dernière cohorte sert de contrôle) ; bandes simultanées sup-t (bootstrap multiplicateur Rademacher, 999 tirages, valeur critique 2.69) ; écart-type avec covariance complète des coefficients (fonctions d'influence)",post_avg,0.0,5558.0,0.0,0.0,2003.0,2024.0,2003.0,2022.0,5558.0,5.0,dr,,,,,5.0,
h1,H1,H1,"log(naissances+0,5 / 1 000 f. 15-49)",primaire : unités avec covariables,cs,ATT,-0.036092899358776166,0.017362085665633353,-0.07012196195991667,-0.002063836757635662,0.03763258225221606,5558,122276,False,"spécification primaire (A5) ; covariables : log_pop, share_women_1549, level_pre, pretrend_pre (doublement robuste) ; contrôle = not_yet_treated ; fenêtre 2003-2024 ; 5558 traitées, 0 jamais traitées sur la fenêtre ; ATT(g,t) identifiés jusqu'en 2022 (sans unité jamais traitée, la dernière cohorte sert de contrôle) ; bandes simultanées sup-t (bootstrap multiplicateur Rademacher, 999 tirages, valeur critique 2.69) ; moyenne de tous les ATT(g,t) post",simple,0.0,5558.0,0.0,0.0,2003.0,2024.0,2003.0,2022.0,5558.0,5.0,dr,,,,,,
h1,H1,H1,"log(naissances+0,5 / 1 000 f. 15-49)",primaire : unités avec covariables,cs,Wald pré (-8..-2),4.966334367343372,,,,0.6640717568500527,5558,122276,False,"H5c : test de Wald joint de nullité des coefficients pré avec covariance des fonctions d'influence, df = 7 ; fenêtre 2003-2024 ; 5558 traitées, 0 jamais traitées sur la fenêtre",pre_test,0.0,5558.0,0.0,0.0,2003.0,2024.0,2003.0,2022.0,5558.0,5.0,dr,,,,,,7.0
h1,H1,H1,"log(naissances+0,5 / 1 000 f. 15-49)",primaire : unités avec covariables,cs,"ATT[1,5]",-0.03594661108684428,0.027037657931567774,-0.08893944727703158,0.017046225103343027,0.18368251868944108,5558,122276,False,"écart-type par bootstrap par grappes stratifié par cohorte (50 tirages, grappe = unit) ; quantiles [-0.0976, +0.0043] ; fenêtre 2003-2024 ; 5558 traitées, 0 jamais traitées sur la fenêtre",post_avg_boot,0.0,5558.0,0.0,0.0,2003.0,2024.0,2003.0,2022.0,5558.0,5.0,dr,,,,,,
h1,H1,H1,"log(naissances+0,5 / 1 000 f. 15-49)",primaire : unités avec covariables ; agrégation à composition constante (cohortes 2014-2017 observées jusqu'à +5),cs,"ATT[1,5]",-0.02352160062756616,0.021816422789682113,-0.06628100356684195,0.01923780231170964,0.2809622317796818,5558,122276,False,"spécification primaire (A5) ; covariables : log_pop, share_women_1549, level_pre, pretrend_pre (doublement robuste) ; contrôle = not_yet_treated ; fenêtre 2003-2024 ; 5558 traitées, 0 jamais traitées sur la fenêtre ; ATT(g,t) identifiés jusqu'en 2022 (sans unité jamais traitée, la dernière cohorte sert de contrôle) ; bandes simultanées sup-t (bootstrap multiplicateur Rademacher, 999 tirages, valeur critique 2.69) ; même estimation, agrégat +1..+5 restreint aux cohortes [2014, 2015, 2016, 2017] (g + 5 ≤ 2022), poids fixes = tailles de cohortes ; par période : +1: +0.0436, +2: +0.0574, +3: -0.0029, +4: -0.0681, +5: -0.1477",post_avg_balanced,0.0,5558.0,0.0,0.0,2003.0,2024.0,2003.0,2022.0,5558.0,5.0,dr,,,,,5.0,
h1,H1,H1,"log(naissances+0,5 / 1 000 f. 15-49)","unités avec covariables, comparaisons ; fenêtre identifiée ≤ 2022, cohorte 2023 = contrôle",sunab,-8,0.02214468064256165,0.0564866492910971,-0.08856711757533364,0.13285647886045693,0.6950331761897421,5558,122276,False,"comparaisons de la spécification primaire ; fenêtre 2003-2024 ; 5558 traitées, 0 jamais traitées sur la fenêtre ; covariables invariantes dans le temps absorbées par les effets fixes unité : log_pop, share_women_1549, level_pre, pretrend_pre ; comparaisons sur la fenêtre identifiée (années < 2023, cohorte 2023 recodée contrôle, 60 unités de contrôle) ; cellules −8 et +8 bornées",event,0.0,5558.0,0.0,0.0,2003.0,2024.0,,,,,,,,,,,
h1,H1,H1,"log(naissances+0,5 / 1 000 f. 15-49)","unités avec covariables, comparaisons ; fenêtre identifiée ≤ 2022, cohorte 2023 = contrôle",sunab,-7,0.029728978786685362,0.05437568141604249,-0.07684539842358185,0.13630335599695256,0.5845621872260114,5558,122276,False,"comparaisons de la spécification primaire ; fenêtre 2003-2024 ; 5558 traitées, 0 jamais traitées sur la fenêtre ; covariables invariantes dans le temps absorbées par les effets fixes unité : log_pop, share_women_1549, level_pre, pretrend_pre ; comparaisons sur la fenêtre identifiée (années < 2023, cohorte 2023 recodée contrôle, 60 unités de contrôle) ; cellules −8 et +8 bornées",event,0.0,5558.0,0.0,0.0,2003.0,2024.0,,,,,,,,,,,
h1,H1,H1,"log(naissances+0,5 / 1 000 f. 15-49)","unités avec covariables, comparaisons ; fenêtre identifiée ≤ 2022, cohorte 2023 = contrôle",sunab,-6,0.03633209448137122,0.05254699978129877,-0.06665813258560846,0.13932232154835092,0.4893010664745757,5558,122276,False,"comparaisons de la spécification primaire ; fenêtre 2003-2024 ; 5558 traitées, 0 jamais traitées sur la fenêtre ; covariables invariantes dans le temps absorbées par les effets fixes unité : log_pop, share_women_1549, level_pre, pretrend_pre ; comparaisons sur la fenêtre identifiée (années < 2023, cohorte 2023 recodée contrôle, 60 unités de contrôle) ; cellules −8 et +8 bornées",event,0.0,5558.0,0.0,0.0,2003.0,2024.0,,,,,,,,,,,
h1,H1,H1,"log(naissances+0,5 / 1 000 f. 15-49)","unités avec covariables, comparaisons ; fenêtre identifiée ≤ 2022, cohorte 2023 = contrôle",sunab,-5,0.049463710555515294,0.049190716879485896,-0.04694832290198357,0.14587574401301417,0.3146322309070032,5558,122276,False,"comparaisons de la spécification primaire ; fenêtre 2003-2024 ; 5558 traitées, 0 jamais traitées sur la fenêtre ; covariables invariantes dans le temps absorbées par les effets fixes unité : log_pop, share_women_1549, level_pre, pretrend_pre ; comparaisons sur la fenêtre identifiée (années < 2023, cohorte 2023 recodée contrôle, 60 unités de contrôle) ; cellules −8 et +8 bornées",event,0.0,5558.0,0.0,0.0,2003.0,2024.0,,,,,,,,,,,
h1,H1,H1,"log(naissances+0,5 / 1 000 f. 15-49)","unités avec covariables, comparaisons ; fenêtre identifiée ≤ 2022, cohorte 2023 = contrôle",sunab,-4,0.039382357990086395,0.044963251196542486,-0.048743994982964375,0.12750871096313715,0.38109593188786073,5558,122276,False,"comparaisons de la spécification primaire ; fenêtre 2003-2024 ; 5558 traitées, 0 jamais traitées sur la fenêtre ; covariables invariantes dans le temps absorbées par les effets fixes unité : log_pop, share_women_1549, level_pre, pretrend_pre ; comparaisons sur la fenêtre identifiée (années < 2023, cohorte 2023 recodée contrôle, 60 unités de contrôle) ; cellules −8 et +8 bornées",event,0.0,5558.0,0.0,0.0,2003.0,2024.0,,,,,,,,,,,
h1,H1,H1,"log(naissances+0,5 / 1 000 f. 15-49)","unités avec covariables, comparaisons ; fenêtre identifiée ≤ 2022, cohorte 2023 = contrôle",sunab,-3,0.009289302585490431,0.0403039185279217,-0.06970492616507269,0.08828353133605356,0.8177177340537102,5558,122276,False,"comparaisons de la spécification primaire ; fenêtre 2003-2024 ; 5558 traitées, 0 jamais traitées sur la fenêtre ; covariables invariantes dans le temps absorbées par les effets fixes unité : log_pop, share_women_1549, level_pre, pretrend_pre ; comparaisons sur la fenêtre identifiée (années < 2023, cohorte 2023 recodée contrôle, 60 unités de contrôle) ; cellules −8 et +8 bornées",event,0.0,5558.0,0.0,0.0,2003.0,2024.0,,,,,,,,,,,
h1,H1,H1,"log(naissances+0,5 / 1 000 f. 15-49)","unités avec covariables, comparaisons ; fenêtre identifiée ≤ 2022, cohorte 2023 = contrôle",sunab,-2,-0.016966783910215028,0.028185564433767945,-0.07220947508433329,0.038275907263903224,0.5471960037702241,5558,122276,False,"comparaisons de la spécification primaire ; fenêtre 2003-2024 ; 5558 traitées, 0 jamais traitées sur la fenêtre ; covariables invariantes dans le temps absorbées par les effets fixes unité : log_pop, share_women_1549, level_pre, pretrend_pre ; comparaisons sur la fenêtre identifiée (années < 2023, cohorte 2023 recodée contrôle, 60 unités de contrôle) ; cellules −8 et +8 bornées",event,0.0,5558.0,0.0,0.0,2003.0,2024.0,,,,,,,,,,,
h1,H1,H1,"log(naissances+0,5 / 1 000 f. 15-49)","unités avec covariables, comparaisons ; fenêtre identifiée ≤ 2022, cohorte 2023 = contrôle",sunab,0,-0.016587450313243074,0.015317618716618237,-0.04660943132673146,0.013434530700245313,0.2788527827722559,5558,122276,False,"comparaisons de la spécification primaire ; fenêtre 2003-2024 ; 5558 traitées, 0 jamais traitées sur la fenêtre ; covariables invariantes dans le temps absorbées par les effets fixes unité : log_pop, share_women_1549, level_pre, pretrend_pre ; comparaisons sur la fenêtre identifiée (années < 2023, cohorte 2023 recodée contrôle, 60 unités de contrôle) ; cellules −8 et +8 bornées",event,0.0,5558.0,0.0,0.0,2003.0,2024.0,,,,,,,,,,,
h1,H1,H1,"log(naissances+0,5 / 1 000 f. 15-49)","unités avec covariables, comparaisons ; fenêtre identifiée ≤ 2022, cohorte 2023 = contrôle",sunab,1,-0.027344940476525973,0.017211105193231022,-0.06107808678938906,0.006388205836337115,0.11210638591373387,5558,122276,False,"comparaisons de la spécification primaire ; fenêtre 2003-2024 ; 5558 traitées, 0 jamais traitées sur la fenêtre ; covariables invariantes dans le temps absorbées par les effets fixes unité : log_pop, share_women_1549, level_pre, pretrend_pre ; comparaisons sur la fenêtre identifiée (années < 2023, cohorte 2023 recodée contrôle, 60 unités de contrôle) ; cellules −8 et +8 bornées",event,0.0,5558.0,0.0,0.0,2003.0,2024.0,,,,,,,,,,,
h1,H1,H1,"log(naissances+0,5 / 1 000 f. 15-49)","unités avec covariables, comparaisons ; fenêtre identifiée ≤ 2022, cohorte 2023 = contrôle",sunab,2,-0.04275268675847893,0.023734189130693965,-0.08927084265690112,0.003765469139943259,0.07165367059260293,5558,122276,False,"comparaisons de la spécification primaire ; fenêtre 2003-2024 ; 5558 traitées, 0 jamais traitées sur la fenêtre ; covariables invariantes dans le temps absorbées par les effets fixes unité : log_pop, share_women_1549, level_pre, pretrend_pre ; comparaisons sur la fenêtre identifiée (années < 2023, cohorte 2023 recodée contrôle, 60 unités de contrôle) ; cellules −8 et +8 bornées",event,0.0,5558.0,0.0,0.0,2003.0,2024.0,,,,,,,,,,,
h1,H1,H1,"log(naissances+0,5 / 1 000 f. 15-49)","unités avec covariables, comparaisons ; fenêtre identifiée ≤ 2022, cohorte 2023 = contrôle",sunab,3,-0.05491720526688525,0.027779040414230315,-0.10936312400385928,-0.0004712865299112065,0.04804959651734584,5558,122276,False,"comparaisons de la spécification primaire ; fenêtre 2003-2024 ; 5558 traitées, 0 jamais traitées sur la fenêtre ; covariables invariantes dans le temps absorbées par les effets fixes unité : log_pop, share_women_1549, level_pre, pretrend_pre ; comparaisons sur la fenêtre identifiée (années < 2023, cohorte 2023 recodée contrôle, 60 unités de contrôle) ; cellules −8 et +8 bornées",event,0.0,5558.0,0.0,0.0,2003.0,2024.0,,,,,,,,,,,
h1,H1,H1,"log(naissances+0,5 / 1 000 f. 15-49)","unités avec covariables, comparaisons ; fenêtre identifiée ≤ 2022, cohorte 2023 = contrôle",sunab,4,-0.10333353784852833,0.032483897019799826,-0.167000806084844,-0.03966626961221267,0.0014673236447335961,5558,122276,False,"comparaisons de la spécification primaire ; fenêtre 2003-2024 ; 5558 traitées, 0 jamais traitées sur la fenêtre ; covariables invariantes dans le temps absorbées par les effets fixes unité : log_pop, share_women_1549, level_pre, pretrend_pre ; comparaisons sur la fenêtre identifiée (années < 2023, cohorte 2023 recodée contrôle, 60 unités de contrôle) ; cellules −8 et +8 bornées",event,0.0,5558.0,0.0,0.0,2003.0,2024.0,,,,,,,,,,,
h1,H1,H1,"log(naissances+0,5 / 1 000 f. 15-49)","unités avec covariables, comparaisons ; fenêtre identifiée ≤ 2022, cohorte 2023 = contrôle",sunab,5,-0.1349263758960838,0.03725066070723018,-0.2079363292825763,-0.06191642250959131,0.0002921981234358444,5558,122276,False,"comparaisons de la spécification primaire ; fenêtre 2003-2024 ; 5558 traitées, 0 jamais traitées sur la fenêtre ; covariables invariantes dans le temps absorbées par les effets fixes unité : log_pop, share_women_1549, level_pre, pretrend_pre ; comparaisons sur la fenêtre identifiée (années < 2023, cohorte 2023 recodée contrôle, 60 unités de contrôle) ; cellules −8 et +8 bornées",event,0.0,5558.0,0.0,0.0,2003.0,2024.0,,,,,,,,,,,
h1,H1,H1,"log(naissances+0,5 / 1 000 f. 15-49)","unités avec covariables, comparaisons ; fenêtre identifiée ≤ 2022, cohorte 2023 = contrôle",sunab,6,-0.15317695312957022,0.04294126260029892,-0.2373402812768329,-0.06901362498230754,0.00036091607683609426,5558,122276,False,"comparaisons de la spécification primaire ; fenêtre 2003-2024 ; 5558 traitées, 0 jamais traitées sur la fenêtre ; covariables invariantes dans le temps absorbées par les effets fixes unité : log_pop, share_women_1549, level_pre, pretrend_pre ; comparaisons sur la fenêtre identifiée (années < 2023, cohorte 2023 recodée contrôle, 60 unités de contrôle) ; cellules −8 et +8 bornées",event,0.0,5558.0,0.0,0.0,2003.0,2024.0,,,,,,,,,,,
h1,H1,H1,"log(naissances+0,5 / 1 000 f. 15-49)","unités avec covariables, comparaisons ; fenêtre identifiée ≤ 2022, cohorte 2023 = contrôle",sunab,7,-0.22011855314715137,0.05202655336064297,-0.3220887239737629,-0.11814838232053983,2.3276990419774404e-05,5558,122276,False,"comparaisons de la spécification primaire ; fenêtre 2003-2024 ; 5558 traitées, 0 jamais traitées sur la fenêtre ; covariables invariantes dans le temps absorbées par les effets fixes unité : log_pop, share_women_1549, level_pre, pretrend_pre ; comparaisons sur la fenêtre identifiée (années < 2023, cohorte 2023 recodée contrôle, 60 unités de contrôle) ; cellules −8 et +8 bornées",event,0.0,5558.0,0.0,0.0,2003.0,2024.0,,,,,,,,,,,
h1,H1,H1,"log(naissances+0,5 / 1 000 f. 15-49)","unités avec covariables, comparaisons ; fenêtre identifiée ≤ 2022, cohorte 2023 = contrôle",sunab,8,-0.3134752328857457,0.058257251216236254,-0.427657347107871,-0.19929311866362037,7.412291310587068e-08,5558,122276,False,"comparaisons de la spécification primaire ; fenêtre 2003-2024 ; 5558 traitées, 0 jamais traitées sur la fenêtre ; covariables invariantes dans le temps absorbées par les effets fixes unité : log_pop, share_women_1549, level_pre, pretrend_pre ; comparaisons sur la fenêtre identifiée (années < 2023, cohorte 2023 recodée contrôle, 60 unités de contrôle) ; cellules −8 et +8 bornées",event,0.0,5558.0,0.0,0.0,2003.0,2024.0,,,,,,,,,,,
h1,H1,H1,"log(naissances+0,5 / 1 000 f. 15-49)","unités avec covariables, comparaisons ; fenêtre identifiée ≤ 2022, cohorte 2023 = contrôle",sunab,"ATT[1,5]",-0.07265494924930047,0.02517226681028038,-0.12199168560668296,-0.023318212891917975,0.003897888132767119,5558,122276,False,"comparaisons de la spécification primaire ; fenêtre 2003-2024 ; 5558 traitées, 0 jamais traitées sur la fenêtre ; covariables invariantes dans le temps absorbées par les effets fixes unité : log_pop, share_women_1549, level_pre, pretrend_pre ; comparaisons sur la fenêtre identifiée (années < 2023, cohorte 2023 recodée contrôle, 60 unités de contrôle) ; écart-type avec covariance complète (w'Vw)",post_avg,0.0,5558.0,0.0,0.0,2003.0,2024.0,,,,,,,,,,,
h1,H1,H1,"log(naissances+0,5 / 1 000 f. 15-49)","unités avec covariables, comparaisons ; fenêtre identifiée ≤ 2022, cohorte 2023 = contrôle",sunab,Wald pré (-8..−2),20.70751819069772,,,,0.004228035707565514,5558,122276,False,"test de Wald joint, covariance groupée, df = 7 ; fenêtre 2003-2024 ; 5558 traitées, 0 jamais traitées sur la fenêtre",pre_test,0.0,5558.0,0.0,0.0,2003.0,2024.0,,,,,,,,,,,7.0
h1,H1,H1,"log(naissances+0,5 / 1 000 f. 15-49)","unités avec covariables, comparaisons ; fenêtre identifiée ≤ 2022, cohorte 2023 = contrôle",did2s,-8,-0.0012564577927220242,0.0005613884140588405,-0.002356758865615411,-0.0001561567198286374,0.025212864307545428,5558,122276,False,"comparaisons de la spécification primaire ; fenêtre 2003-2024 ; 5558 traitées, 0 jamais traitées sur la fenêtre ; covariables invariantes dans le temps absorbées par les effets fixes unité : log_pop, share_women_1549, level_pre, pretrend_pre ; comparaisons sur la fenêtre identifiée (années < 2023, cohorte 2023 recodée contrôle, 60 unités de contrôle) ; cellules −8 et +8 bornées ; did2s en deux étapes implémenté directement (pyfixest.did2s dépasse la mémoire au-delà de 5 000 unités), écarts-types par bootstrap par grappes (50 tirages, grappe = unit)",event,0.0,5558.0,0.0,0.0,2003.0,2024.0,,,,,,,,,,,
h1,H1,H1,"log(naissances+0,5 / 1 000 f. 15-49)","unités avec covariables, comparaisons ; fenêtre identifiée ≤ 2022, cohorte 2023 = contrôle",did2s,-7,-0.009145536214328197,0.0022189745758065048,-0.01349464646551899,-0.004796425963137403,3.763895364670412e-05,5558,122276,False,"comparaisons de la spécification primaire ; fenêtre 2003-2024 ; 5558 traitées, 0 jamais traitées sur la fenêtre ; covariables invariantes dans le temps absorbées par les effets fixes unité : log_pop, share_women_1549, level_pre, pretrend_pre ; comparaisons sur la fenêtre identifiée (années < 2023, cohorte 2023 recodée contrôle, 60 unités de contrôle) ; cellules −8 et +8 bornées ; did2s en deux étapes implémenté directement (pyfixest.did2s dépasse la mémoire au-delà de 5 000 unités), écarts-types par bootstrap par grappes (50 tirages, grappe = unit)",event,0.0,5558.0,0.0,0.0,2003.0,2024.0,,,,,,,,,,,
h1,H1,H1,"log(naissances+0,5 / 1 000 f. 15-49)","unités avec covariables, comparaisons ; fenêtre identifiée ≤ 2022, cohorte 2023 = contrôle",did2s,-6,-0.006599636854057436,0.002132543510228062,-0.010779345329569062,-0.00241992837854581,0.001969950993692565,5558,122276,False,"comparaisons de la spécification primaire ; fenêtre 2003-2024 ; 5558 traitées, 0 jamais traitées sur la fenêtre ; covariables invariantes dans le temps absorbées par les effets fixes unité : log_pop, share_women_1549, level_pre, pretrend_pre ; comparaisons sur la fenêtre identifiée (années < 2023, cohorte 2023 recodée contrôle, 60 unités de contrôle) ; cellules −8 et +8 bornées ; did2s en deux étapes implémenté directement (pyfixest.did2s dépasse la mémoire au-delà de 5 000 unités), écarts-types par bootstrap par grappes (50 tirages, grappe = unit)",event,0.0,5558.0,0.0,0.0,2003.0,2024.0,,,,,,,,,,,
h1,H1,H1,"log(naissances+0,5 / 1 000 f. 15-49)","unités avec covariables, comparaisons ; fenêtre identifiée ≤ 2022, cohorte 2023 = contrôle",did2s,-5,-0.006335446268190962,0.002008495309162057,-0.010272024737266235,-0.0023988677991156893,0.0016087001806241164,5558,122276,False,"comparaisons de la spécification primaire ; fenêtre 2003-2024 ; 5558 traitées, 0 jamais traitées sur la fenêtre ; covariables invariantes dans le temps absorbées par les effets fixes unité : log_pop, share_women_1549, level_pre, pretrend_pre ; comparaisons sur la fenêtre identifiée (années < 2023, cohorte 2023 recodée contrôle, 60 unités de contrôle) ; cellules −8 et +8 bornées ; did2s en deux étapes implémenté directement (pyfixest.did2s dépasse la mémoire au-delà de 5 000 unités), écarts-types par bootstrap par grappes (50 tirages, grappe = unit)",event,0.0,5558.0,0.0,0.0,2003.0,2024.0,,,,,,,,,,,
h1,H1,H1,"log(naissances+0,5 / 1 000 f. 15-49)","unités avec covariables, comparaisons ; fenêtre identifiée ≤ 2022, cohorte 2023 = contrôle",did2s,-4,-0.0015080822994215017,0.00186314291978307,-0.005159775320247118,0.002143610721404114,0.41826830685498906,5558,122276,False,"comparaisons de la spécification primaire ; fenêtre 2003-2024 ; 5558 traitées, 0 jamais traitées sur la fenêtre ; covariables invariantes dans le temps absorbées par les effets fixes unité : log_pop, share_women_1549, level_pre, pretrend_pre ; comparaisons sur la fenêtre identifiée (années < 2023, cohorte 2023 recodée contrôle, 60 unités de contrôle) ; cellules −8 et +8 bornées ; did2s en deux étapes implémenté directement (pyfixest.did2s dépasse la mémoire au-delà de 5 000 unités), écarts-types par bootstrap par grappes (50 tirages, grappe = unit)",event,0.0,5558.0,0.0,0.0,2003.0,2024.0,,,,,,,,,,,
h1,H1,H1,"log(naissances+0,5 / 1 000 f. 15-49)","unités avec covariables, comparaisons ; fenêtre identifiée ≤ 2022, cohorte 2023 = contrôle",did2s,-3,0.00615580277261741,0.0015306967087620057,0.003155692352189883,0.009155913193044938,5.781171307873669e-05,5558,122276,False,"comparaisons de la spécification primaire ; fenêtre 2003-2024 ; 5558 traitées, 0 jamais traitées sur la fenêtre ; covariables invariantes dans le temps absorbées par les effets fixes unité : log_pop, share_women_1549, level_pre, pretrend_pre ; comparaisons sur la fenêtre identifiée (années < 2023, cohorte 2023 recodée contrôle, 60 unités de contrôle) ; cellules −8 et +8 bornées ; did2s en deux étapes implémenté directement (pyfixest.did2s dépasse la mémoire au-delà de 5 000 unités), écarts-types par bootstrap par grappes (50 tirages, grappe = unit)",event,0.0,5558.0,0.0,0.0,2003.0,2024.0,,,,,,,,,,,
h1,H1,H1,"log(naissances+0,5 / 1 000 f. 15-49)","unités avec covariables, comparaisons ; fenêtre identifiée ≤ 2022, cohorte 2023 = contrôle",did2s,-2,0.010419582035712555,0.002107203344948181,0.006289539371511788,0.014549624699913322,7.62438163215879e-07,5558,122276,False,"comparaisons de la spécification primaire ; fenêtre 2003-2024 ; 5558 traitées, 0 jamais traitées sur la fenêtre ; covariables invariantes dans le temps absorbées par les effets fixes unité : log_pop, share_women_1549, level_pre, pretrend_pre ; comparaisons sur la fenêtre identifiée (années < 2023, cohorte 2023 recodée contrôle, 60 unités de contrôle) ; cellules −8 et +8 bornées ; did2s en deux étapes implémenté directement (pyfixest.did2s dépasse la mémoire au-delà de 5 000 unités), écarts-types par bootstrap par grappes (50 tirages, grappe = unit)",event,0.0,5558.0,0.0,0.0,2003.0,2024.0,,,,,,,,,,,
h1,H1,H1,"log(naissances+0,5 / 1 000 f. 15-49)","unités avec covariables, comparaisons ; fenêtre identifiée ≤ 2022, cohorte 2023 = contrôle",did2s,0,0.015804526631811464,0.005897804950767506,0.004245041340465125,0.0273640119231578,0.007368149903604324,5558,122276,False,"comparaisons de la spécification primaire ; fenêtre 2003-2024 ; 5558 traitées, 0 jamais traitées sur la fenêtre ; covariables invariantes dans le temps absorbées par les effets fixes unité : log_pop, share_women_1549, level_pre, pretrend_pre ; comparaisons sur la fenêtre identifiée (années < 2023, cohorte 2023 recodée contrôle, 60 unités de contrôle) ; cellules −8 et +8 bornées ; did2s en deux étapes implémenté directement (pyfixest.did2s dépasse la mémoire au-delà de 5 000 unités), écarts-types par bootstrap par grappes (50 tirages, grappe = unit)",event,0.0,5558.0,0.0,0.0,2003.0,2024.0,,,,,,,,,,,
h1,H1,H1,"log(naissances+0,5 / 1 000 f. 15-49)","unités avec covariables, comparaisons ; fenêtre identifiée ≤ 2022, cohorte 2023 = contrôle",did2s,1,0.010278878101923669,0.007669623687008314,-0.004753308099587928,0.025311064303435264,0.18017827898414107,5558,122276,False,"comparaisons de la spécification primaire ; fenêtre 2003-2024 ; 5558 traitées, 0 jamais traitées sur la fenêtre ; covariables invariantes dans le temps absorbées par les effets fixes unité : log_pop, share_women_1549, level_pre, pretrend_pre ; comparaisons sur la fenêtre identifiée (années < 2023, cohorte 2023 recodée contrôle, 60 unités de contrôle) ; cellules −8 et +8 bornées ; did2s en deux étapes implémenté directement (pyfixest.did2s dépasse la mémoire au-delà de 5 000 unités), écarts-types par bootstrap par grappes (50 tirages, grappe = unit)",event,0.0,5558.0,0.0,0.0,2003.0,2024.0,,,,,,,,,,,
h1,H1,H1,"log(naissances+0,5 / 1 000 f. 15-49)","unités avec covariables, comparaisons ; fenêtre identifiée ≤ 2022, cohorte 2023 = contrôle",did2s,2,0.0011991009197483103,0.012250904994910774,-0.02281223164829866,0.02521043348779528,0.9220287261551533,5558,122276,False,"comparaisons de la spécification primaire ; fenêtre 2003-2024 ; 5558 traitées, 0 jamais traitées sur la fenêtre ; covariables invariantes dans le temps absorbées par les effets fixes unité : log_pop, share_women_1549, level_pre, pretrend_pre ; comparaisons sur la fenêtre identifiée (années < 2023, cohorte 2023 recodée contrôle, 60 unités de contrôle) ; cellules −8 et +8 bornées ; did2s en deux étapes implémenté directement (pyfixest.did2s dépasse la mémoire au-delà de 5 000 unités), écarts-types par bootstrap par grappes (50 tirages, grappe = unit)",event,0.0,5558.0,0.0,0.0,2003.0,2024.0,,,,,,,,,,,
h1,H1,H1,"log(naissances+0,5 / 1 000 f. 15-49)","unités avec covariables, comparaisons ; fenêtre identifiée ≤ 2022, cohorte 2023 = contrôle",did2s,3,-0.014761313798924942,0.01770668591892285,-0.04946578048557625,0.01994315288772636,0.4044739410896533,5558,122276,False,"comparaisons de la spécification primaire ; fenêtre 2003-2024 ; 5558 traitées, 0 jamais traitées sur la fenêtre ; covariables invariantes dans le temps absorbées par les effets fixes unité : log_pop, share_women_1549, level_pre, pretrend_pre ; comparaisons sur la fenêtre identifiée (années < 2023, cohorte 2023 recodée contrôle, 60 unités de contrôle) ; cellules −8 et +8 bornées ; did2s en deux étapes implémenté directement (pyfixest.did2s dépasse la mémoire au-delà de 5 000 unités), écarts-types par bootstrap par grappes (50 tirages, grappe = unit)",event,0.0,5558.0,0.0,0.0,2003.0,2024.0,,,,,,,,,,,
h1,H1,H1,"log(naissances+0,5 / 1 000 f. 15-49)","unités avec covariables, comparaisons ; fenêtre identifiée ≤ 2022, cohorte 2023 = contrôle",did2s,4,-0.053813200299706355,0.026086787885766217,-0.10494236502814391,-0.0026840355712687905,0.03912662715231103,5558,122276,False,"comparaisons de la spécification primaire ; fenêtre 2003-2024 ; 5558 traitées, 0 jamais traitées sur la fenêtre ; covariables invariantes dans le temps absorbées par les effets fixes unité : log_pop, share_women_1549, level_pre, pretrend_pre ; comparaisons sur la fenêtre identifiée (années < 2023, cohorte 2023 recodée contrôle, 60 unités de contrôle) ; cellules −8 et +8 bornées ; did2s en deux étapes implémenté directement (pyfixest.did2s dépasse la mémoire au-delà de 5 000 unités), écarts-types par bootstrap par grappes (50 tirages, grappe = unit)",event,0.0,5558.0,0.0,0.0,2003.0,2024.0,,,,,,,,,,,
h1,H1,H1,"log(naissances+0,5 / 1 000 f. 15-49)","unités avec covariables, comparaisons ; fenêtre identifiée ≤ 2022, cohorte 2023 = contrôle",did2s,5,-0.10925603723669741,0.04051363024665956,-0.18866129340312274,-0.029850781070272087,0.007001512037787134,5558,122276,False,"comparaisons de la spécification primaire ; fenêtre 2003-2024 ; 5558 traitées, 0 jamais traitées sur la fenêtre ; covariables invariantes dans le temps absorbées par les effets fixes unité : log_pop, share_women_1549, level_pre, pretrend_pre ; comparaisons sur la fenêtre identifiée (années < 2023, cohorte 2023 recodée contrôle, 60 unités de contrôle) ; cellules −8 et +8 bornées ; did2s en deux étapes implémenté directement (pyfixest.did2s dépasse la mémoire au-delà de 5 000 unités), écarts-types par bootstrap par grappes (50 tirages, grappe = unit)",event,0.0,5558.0,0.0,0.0,2003.0,2024.0,,,,,,,,,,,
h1,H1,H1,"log(naissances+0,5 / 1 000 f. 15-49)","unités avec covariables, comparaisons ; fenêtre identifiée ≤ 2022, cohorte 2023 = contrôle",did2s,6,-0.09413614807365213,0.0366841141162788,-0.16603569054631598,-0.02223660560098828,0.010284074335700126,5558,122276,False,"comparaisons de la spécification primaire ; fenêtre 2003-2024 ; 5558 traitées, 0 jamais traitées sur la fenêtre ; covariables invariantes dans le temps absorbées par les effets fixes unité : log_pop, share_women_1549, level_pre, pretrend_pre ; comparaisons sur la fenêtre identifiée (années < 2023, cohorte 2023 recodée contrôle, 60 unités de contrôle) ; cellules −8 et +8 bornées ; did2s en deux étapes implémenté directement (pyfixest.did2s dépasse la mémoire au-delà de 5 000 unités), écarts-types par bootstrap par grappes (50 tirages, grappe = unit)",event,0.0,5558.0,0.0,0.0,2003.0,2024.0,,,,,,,,,,,
h1,H1,H1,"log(naissances+0,5 / 1 000 f. 15-49)","unités avec covariables, comparaisons ; fenêtre identifiée ≤ 2022, cohorte 2023 = contrôle",did2s,7,-0.09972605867096461,0.04077248741843627,-0.17963866557121216,-0.01981345177071704,0.014448486176518855,5558,122276,False,"comparaisons de la spécification primaire ; fenêtre 2003-2024 ; 5558 traitées, 0 jamais traitées sur la fenêtre ; covariables invariantes dans le temps absorbées par les effets fixes unité : log_pop, share_women_1549, level_pre, pretrend_pre ; comparaisons sur la fenêtre identifiée (années < 2023, cohorte 2023 recodée contrôle, 60 unités de contrôle) ; cellules −8 et +8 bornées ; did2s en deux étapes implémenté directement (pyfixest.did2s dépasse la mémoire au-delà de 5 000 unités), écarts-types par bootstrap par grappes (50 tirages, grappe = unit)",event,0.0,5558.0,0.0,0.0,2003.0,2024.0,,,,,,,,,,,
h1,H1,H1,"log(naissances+0,5 / 1 000 f. 15-49)","unités avec covariables, comparaisons ; fenêtre identifiée ≤ 2022, cohorte 2023 = contrôle",did2s,8,-0.1555477777786743,0.05177344997632177,-0.25702187508765106,-0.0540736804696975,0.002661115609332074,5558,122276,False,"comparaisons de la spécification primaire ; fenêtre 2003-2024 ; 5558 traitées, 0 jamais traitées sur la fenêtre ; covariables invariantes dans le temps absorbées par les effets fixes unité : log_pop, share_women_1549, level_pre, pretrend_pre ; comparaisons sur la fenêtre identifiée (années < 2023, cohorte 2023 recodée contrôle, 60 unités de contrôle) ; cellules −8 et +8 bornées ; did2s en deux étapes implémenté directement (pyfixest.did2s dépasse la mémoire au-delà de 5 000 unités), écarts-types par bootstrap par grappes (50 tirages, grappe = unit)",event,0.0,5558.0,0.0,0.0,2003.0,2024.0,,,,,,,,,,,
h1,H1,H1,"log(naissances+0,5 / 1 000 f. 15-49)","unités avec covariables, comparaisons ; fenêtre identifiée ≤ 2022, cohorte 2023 = contrôle",did2s,"ATT[1,5]",-0.03327051446273135,0.01924548617920159,-0.07099097423892983,0.004449945313467145,0.08385496267057448,5558,122276,False,"comparaisons de la spécification primaire ; fenêtre 2003-2024 ; 5558 traitées, 0 jamais traitées sur la fenêtre ; covariables invariantes dans le temps absorbées par les effets fixes unité : log_pop, share_women_1549, level_pre, pretrend_pre ; comparaisons sur la fenêtre identifiée (années < 2023, cohorte 2023 recodée contrôle, 60 unités de contrôle) ; écart-type avec covariance complète (w'Vw)",post_avg,0.0,5558.0,0.0,0.0,2003.0,2024.0,,,,,,,,,,,
h1,H1,H1,"log(naissances+0,5 / 1 000 f. 15-49)","unités avec covariables, comparaisons ; fenêtre identifiée ≤ 2022, cohorte 2023 = contrôle",did2s,Wald pré (-8..−2),69.23743325377345,,,,2.1064402011780205e-12,5558,122276,False,"test de Wald joint, covariance groupée, df = 7 ; fenêtre 2003-2024 ; 5558 traitées, 0 jamais traitées sur la fenêtre",pre_test,0.0,5558.0,0.0,0.0,2003.0,2024.0,,,,,,,,,,,7.0
h1,H1,H1,"log(naissances+0,5 / 1 000 f. 15-49)","unités avec covariables, comparaisons ; fenêtre identifiée ≤ 2022, cohorte 2023 = contrôle",twfe,-8,-0.11403566904862489,0.02143441959752658,-0.15604635948929652,-0.07202497860795326,1.0364606569293665e-07,5558,122276,False,"comparaisons de la spécification primaire ; fenêtre 2003-2024 ; 5558 traitées, 0 jamais traitées sur la fenêtre ; covariables invariantes dans le temps absorbées par les effets fixes unité : log_pop, share_women_1549, level_pre, pretrend_pre ; comparaisons sur la fenêtre identifiée (années < 2023, cohorte 2023 recodée contrôle, 60 unités de contrôle) ; cellules −8 et +8 bornées",event,0.0,5558.0,0.0,0.0,2003.0,2024.0,,,,,,,,,,,
h1,H1,H1,"log(naissances+0,5 / 1 000 f. 15-49)","unités avec covariables, comparaisons ; fenêtre identifiée ≤ 2022, cohorte 2023 = contrôle",twfe,-7,-0.1057049372128581,0.0168799640065509,-0.1387890587260303,-0.07262081569968591,3.7969523246382083e-10,5558,122276,False,"comparaisons de la spécification primaire ; fenêtre 2003-2024 ; 5558 traitées, 0 jamais traitées sur la fenêtre ; covariables invariantes dans le temps absorbées par les effets fixes unité : log_pop, share_women_1549, level_pre, pretrend_pre ; comparaisons sur la fenêtre identifiée (années < 2023, cohorte 2023 recodée contrôle, 60 unités de contrôle) ; cellules −8 et +8 bornées",event,0.0,5558.0,0.0,0.0,2003.0,2024.0,,,,,,,,,,,
h1,H1,H1,"log(naissances+0,5 / 1 000 f. 15-49)","unités avec covariables, comparaisons ; fenêtre identifiée ≤ 2022, cohorte 2023 = contrôle",twfe,-6,-0.09266001735717579,0.014420857606280238,-0.12092437889166555,-0.06439565582268603,1.3150888143012364e-10,5558,122276,False,"comparaisons de la spécification primaire ; fenêtre 2003-2024 ; 5558 traitées, 0 jamais traitées sur la fenêtre ; covariables invariantes dans le temps absorbées par les effets fixes unité : log_pop, share_women_1549, level_pre, pretrend_pre ; comparaisons sur la fenêtre identifiée (années < 2023, cohorte 2023 recodée contrôle, 60 unités de contrôle) ; cellules −8 et +8 bornées",event,0.0,5558.0,0.0,0.0,2003.0,2024.0,,,,,,,,,,,
h1,H1,H1,"log(naissances+0,5 / 1 000 f. 15-49)","unités avec covariables, comparaisons ; fenêtre identifiée ≤ 2022, cohorte 2023 = contrôle",twfe,-5,-0.08012437845269374,0.011857751444734744,-0.10336514422200163,-0.05688361268338585,1.4075104001452782e-11,5558,122276,False,"comparaisons de la spécification primaire ; fenêtre 2003-2024 ; 5558 traitées, 0 jamais traitées sur la fenêtre ; covariables invariantes dans le temps absorbées par les effets fixes unité : log_pop, share_women_1549, level_pre, pretrend_pre ; comparaisons sur la fenêtre identifiée (années < 2023, cohorte 2023 recodée contrôle, 60 unités de contrôle) ; cellules −8 et +8 bornées",event,0.0,5558.0,0.0,0.0,2003.0,2024.0,,,,,,,,,,,
h1,H1,H1,"log(naissances+0,5 / 1 000 f. 15-49)","unités avec covariables, comparaisons ; fenêtre identifiée ≤ 2022, cohorte 2023 = contrôle",twfe,-4,-0.060514582160999336,0.009226178390798936,-0.07859755952190696,-0.04243160480009171,5.4166728252184916e-11,5558,122276,False,"comparaisons de la spécification primaire ; fenêtre 2003-2024 ; 5558 traitées, 0 jamais traitées sur la fenêtre ; covariables invariantes dans le temps absorbées par les effets fixes unité : log_pop, share_women_1549, level_pre, pretrend_pre ; comparaisons sur la fenêtre identifiée (années < 2023, cohorte 2023 recodée contrôle, 60 unités de contrôle) ; cellules −8 et +8 bornées",event,0.0,5558.0,0.0,0.0,2003.0,2024.0,,,,,,,,,,,
h1,H1,H1,"log(naissances+0,5 / 1 000 f. 15-49)","unités avec covariables, comparaisons ; fenêtre identifiée ≤ 2022, cohorte 2023 = contrôle",twfe,-3,-0.03826851002387842,0.00669153296143075,-0.05138367362964534,-0.025153346418111497,1.0718738115001055e-08,5558,122276,False,"comparaisons de la spécification primaire ; fenêtre 2003-2024 ; 5558 traitées, 0 jamais traitées sur la fenêtre ; covariables invariantes dans le temps absorbées par les effets fixes unité : log_pop, share_women_1549, level_pre, pretrend_pre ; comparaisons sur la fenêtre identifiée (années < 2023, cohorte 2023 recodée contrôle, 60 unités de contrôle) ; cellules −8 et +8 bornées",event,0.0,5558.0,0.0,0.0,2003.0,2024.0,,,,,,,,,,,
h1,H1,H1,"log(naissances+0,5 / 1 000 f. 15-49)","unités avec covariables, comparaisons ; fenêtre identifiée ≤ 2022, cohorte 2023 = contrôle",twfe,-2,-0.020300144875368072,0.004025884822567608,-0.02819073413350701,-0.012409555617229135,4.5971514336019123e-07,5558,122276,False,"comparaisons de la spécification primaire ; fenêtre 2003-2024 ; 5558 traitées, 0 jamais traitées sur la fenêtre ; covariables invariantes dans le temps absorbées par les effets fixes unité : log_pop, share_women_1549, level_pre, pretrend_pre ; comparaisons sur la fenêtre identifiée (années < 2023, cohorte 2023 recodée contrôle, 60 unités de contrôle) ; cellules −8 et +8 bornées",event,0.0,5558.0,0.0,0.0,2003.0,2024.0,,,,,,,,,,,
h1,H1,H1,"log(naissances+0,5 / 1 000 f. 15-49)","unités avec covariables, comparaisons ; fenêtre identifiée ≤ 2022, cohorte 2023 = contrôle",twfe,0,0.015092186108819634,0.003883967504234508,0.007479749683396078,0.022704622534243192,0.00010200802803363843,5558,122276,False,"comparaisons de la spécification primaire ; fenêtre 2003-2024 ; 5558 traitées, 0 jamais traitées sur la fenêtre ; covariables invariantes dans le temps absorbées par les effets fixes unité : log_pop, share_women_1549, level_pre, pretrend_pre ; comparaisons sur la fenêtre identifiée (années < 2023, cohorte 2023 recodée contrôle, 60 unités de contrôle) ; cellules −8 et +8 bornées",event,0.0,5558.0,0.0,0.0,2003.0,2024.0,,,,,,,,,,,
h1,H1,H1,"log(naissances+0,5 / 1 000 f. 15-49)","unités avec covariables, comparaisons ; fenêtre identifiée ≤ 2022, cohorte 2023 = contrôle",twfe,1,0.026302014804893744,0.006406293754597669,0.013745909771498433,0.03885811983828905,4.0317551074457355e-05,5558,122276,False,"comparaisons de la spécification primaire ; fenêtre 2003-2024 ; 5558 traitées, 0 jamais traitées sur la fenêtre ; covariables invariantes dans le temps absorbées par les effets fixes unité : log_pop, share_women_1549, level_pre, pretrend_pre ; comparaisons sur la fenêtre identifiée (années < 2023, cohorte 2023 recodée contrôle, 60 unités de contrôle) ; cellules −8 et +8 bornées",event,0.0,5558.0,0.0,0.0,2003.0,2024.0,,,,,,,,,,,
h1,H1,H1,"log(naissances+0,5 / 1 000 f. 15-49)","unités avec covariables, comparaisons ; fenêtre identifiée ≤ 2022, cohorte 2023 = contrôle",twfe,2,0.0328404908477908,0.009146287824430605,0.014914096119669613,0.050766885575911996,0.0003299411796038588,5558,122276,False,"comparaisons de la spécification primaire ; fenêtre 2003-2024 ; 5558 traitées, 0 jamais traitées sur la fenêtre ; covariables invariantes dans le temps absorbées par les effets fixes unité : log_pop, share_women_1549, level_pre, pretrend_pre ; comparaisons sur la fenêtre identifiée (années < 2023, cohorte 2023 recodée contrôle, 60 unités de contrôle) ; cellules −8 et +8 bornées",event,0.0,5558.0,0.0,0.0,2003.0,2024.0,,,,,,,,,,,
h1,H1,H1,"log(naissances+0,5 / 1 000 f. 15-49)","unités avec covariables, comparaisons ; fenêtre identifiée ≤ 2022, cohorte 2023 = contrôle",twfe,3,0.04414784728679684,0.011917684662731015,0.02078961456873867,0.06750608000485502,0.0002118933435348602,5558,122276,False,"comparaisons de la spécification primaire ; fenêtre 2003-2024 ; 5558 traitées, 0 jamais traitées sur la fenêtre ; covariables invariantes dans le temps absorbées par les effets fixes unité : log_pop, share_women_1549, level_pre, pretrend_pre ; comparaisons sur la fenêtre identifiée (années < 2023, cohorte 2023 recodée contrôle, 60 unités de contrôle) ; cellules −8 et +8 bornées",event,0.0,5558.0,0.0,0.0,2003.0,2024.0,,,,,,,,,,,
h1,H1,H1,"log(naissances+0,5 / 1 000 f. 15-49)","unités avec covariables, comparaisons ; fenêtre identifiée ≤ 2022, cohorte 2023 = contrôle",twfe,4,0.03734132855146871,0.014755522594705629,0.008421035692778672,0.06626162141015875,0.011384555726512875,5558,122276,False,"comparaisons de la spécification primaire ; fenêtre 2003-2024 ; 5558 traitées, 0 jamais traitées sur la fenêtre ; covariables invariantes dans le temps absorbées par les effets fixes unité : log_pop, share_women_1549, level_pre, pretrend_pre ; comparaisons sur la fenêtre identifiée (années < 2023, cohorte 2023 recodée contrôle, 60 unités de contrôle) ; cellules −8 et +8 bornées",event,0.0,5558.0,0.0,0.0,2003.0,2024.0,,,,,,,,,,,
h1,H1,H1,"log(naissances+0,5 / 1 000 f. 15-49)","unités avec covariables, comparaisons ; fenêtre identifiée ≤ 2022, cohorte 2023 = contrôle",twfe,5,0.0348165764693252,0.017262924571567025,0.0009818660412222874,0.06865128689742811,0.043712094171577794,5558,122276,False,"comparaisons de la spécification primaire ; fenêtre 2003-2024 ; 5558 traitées, 0 jamais traitées sur la fenêtre ; covariables invariantes dans le temps absorbées par les effets fixes unité : log_pop, share_women_1549, level_pre, pretrend_pre ; comparaisons sur la fenêtre identifiée (années < 2023, cohorte 2023 recodée contrôle, 60 unités de contrôle) ; cellules −8 et +8 bornées",event,0.0,5558.0,0.0,0.0,2003.0,2024.0,,,,,,,,,,,
h1,H1,H1,"log(naissances+0,5 / 1 000 f. 15-49)","unités avec covariables, comparaisons ; fenêtre identifiée ≤ 2022, cohorte 2023 = contrôle",twfe,6,0.03842671340289137,0.019462532956887376,0.00028084975946826574,0.07657257704631447,0.04833692994269326,5558,122276,False,"comparaisons de la spécification primaire ; fenêtre 2003-2024 ; 5558 traitées, 0 jamais traitées sur la fenêtre ; covariables invariantes dans le temps absorbées par les effets fixes unité : log_pop, share_women_1549, level_pre, pretrend_pre ; comparaisons sur la fenêtre identifiée (années < 2023, cohorte 2023 recodée contrôle, 60 unités de contrôle) ; cellules −8 et +8 bornées",event,0.0,5558.0,0.0,0.0,2003.0,2024.0,,,,,,,,,,,
h1,H1,H1,"log(naissances+0,5 / 1 000 f. 15-49)","unités avec covariables, comparaisons ; fenêtre identifiée ≤ 2022, cohorte 2023 = contrôle",twfe,7,0.04182693539769984,0.022088412951864905,-0.0014655584636034322,0.08511942925900312,0.05827621939805025,5558,122276,False,"comparaisons de la spécification primaire ; fenêtre 2003-2024 ; 5558 traitées, 0 jamais traitées sur la fenêtre ; covariables invariantes dans le temps absorbées par les effets fixes unité : log_pop, share_women_1549, level_pre, pretrend_pre ; comparaisons sur la fenêtre identifiée (années < 2023, cohorte 2023 recodée contrôle, 60 unités de contrôle) ; cellules −8 et +8 bornées",event,0.0,5558.0,0.0,0.0,2003.0,2024.0,,,,,,,,,,,
h1,H1,H1,"log(naissances+0,5 / 1 000 f. 15-49)","unités avec covariables, comparaisons ; fenêtre identifiée ≤ 2022, cohorte 2023 = contrôle",twfe,8,0.021298353383060895,0.02429180671446102,-0.026312712896690967,0.06890941966281275,0.38061099521576747,5558,122276,False,"comparaisons de la spécification primaire ; fenêtre 2003-2024 ; 5558 traitées, 0 jamais traitées sur la fenêtre ; covariables invariantes dans le temps absorbées par les effets fixes unité : log_pop, share_women_1549, level_pre, pretrend_pre ; comparaisons sur la fenêtre identifiée (années < 2023, cohorte 2023 recodée contrôle, 60 unités de contrôle) ; cellules −8 et +8 bornées",event,0.0,5558.0,0.0,0.0,2003.0,2024.0,,,,,,,,,,,
h1,H1,H1,"log(naissances+0,5 / 1 000 f. 15-49)","unités avec covariables, comparaisons ; fenêtre identifiée ≤ 2022, cohorte 2023 = contrôle",twfe,"ATT[1,5]",0.03508965159205506,0.01163416046197664,0.012287116096220966,0.05789218708788915,0.0025605894652753515,5558,122276,False,"comparaisons de la spécification primaire ; fenêtre 2003-2024 ; 5558 traitées, 0 jamais traitées sur la fenêtre ; covariables invariantes dans le temps absorbées par les effets fixes unité : log_pop, share_women_1549, level_pre, pretrend_pre ; comparaisons sur la fenêtre identifiée (années < 2023, cohorte 2023 recodée contrôle, 60 unités de contrôle) ; écart-type avec covariance complète (w'Vw)",post_avg,0.0,5558.0,0.0,0.0,2003.0,2024.0,,,,,,,,,,,
h1,H1,H1,"log(naissances+0,5 / 1 000 f. 15-49)","unités avec covariables, comparaisons ; fenêtre identifiée ≤ 2022, cohorte 2023 = contrôle",twfe,Wald pré (-8..−2),60.7106887204082,,,,1.0886299469180144e-10,5558,122276,False,"test de Wald joint, covariance groupée, df = 7 ; fenêtre 2003-2024 ; 5558 traitées, 0 jamais traitées sur la fenêtre",pre_test,0.0,5558.0,0.0,0.0,2003.0,2024.0,,,,,,,,,,,7.0
h1,H1,H1,"log(naissances+0,5 / 1 000 f. 15-49)","unités avec covariables, comparaisons ; fenêtre identifiée ≤ 2022, cohorte 2023 = contrôle",twfe,ATT,0.03019059133880502,0.00548828761322986,0.019433745280077203,0.04094743739753284,3.77830144169584e-08,5558,122276,False,"comparaisons de la spécification primaire ; fenêtre 2003-2024 ; 5558 traitées, 0 jamais traitées sur la fenêtre ; covariables invariantes dans le temps absorbées par les effets fixes unité : log_pop, share_women_1549, level_pre, pretrend_pre ; comparaisons sur la fenêtre identifiée (années < 2023, cohorte 2023 recodée contrôle, 60 unités de contrôle)",static,0.0,5558.0,0.0,0.0,2003.0,2024.0,,,,,,,,,,,
h1,H1,H1,"log(naissances+0,5 / 1 000 f. 15-49)","unités avec covariables, comparaisons ; fenêtre complète",twfe,ATT,0.03207289349183424,0.00510722706290863,0.022062912387665043,0.04208287459600343,3.387830782067051e-10,5558,122276,True,"comparaisons de la spécification primaire ; fenêtre 2003-2024 ; 5558 traitées, 0 jamais traitées sur la fenêtre ; covariables invariantes dans le temps absorbées par les effets fixes unité : log_pop, share_women_1549, level_pre, pretrend_pre ; TWFE sur toutes les années (identification par le calendrier des bascules seulement)",static,0.0,5558.0,0.0,0.0,2003.0,2024.0,,,,,,,,,,,
h1,H1,H1,"log(naissances+0,5 / 1 000 f. 15-49)","unités avec covariables, comparaisons ; fenêtre identifiée ≤ 2022, cohorte 2023 = contrôle",twfe_poisson,ATT (log du taux contrefactuel),0.07789468496574502,0.004346352531588167,0.06937599053971773,0.08641337939177231,7.963297266567378e-72,5558,122276,False,"comparaisons de la spécification primaire ; fenêtre 2003-2024 ; 5558 traitées, 0 jamais traitées sur la fenêtre ; covariables invariantes dans le temps absorbées par les effets fixes unité : log_pop, share_women_1549, level_pre, pretrend_pre ; comparaisons sur la fenêtre identifiée (années < 2023, cohorte 2023 recodée contrôle, 60 unités de contrôle) ; Poisson à effets fixes, offset = log(women)",static,0.0,5558.0,0.0,0.0,2003.0,2024.0,,,,,,,,,,,
h1,H1,H1,"log(naissances+0,5 / 1 000 f. 15-49)","unités avec covariables, comparaisons ; fenêtre identifiée ≤ 2022, cohorte 2023 = contrôle",twfe_poisson,ATT en % du taux contrefactuel,8.100880619554541,0.4698445361477111,7.183913469823966,9.02569249827907,7.963297266567378e-72,5558,122276,False,"comparaisons de la spécification primaire ; fenêtre 2003-2024 ; 5558 traitées, 0 jamais traitées sur la fenêtre ; covariables invariantes dans le temps absorbées par les effets fixes unité : log_pop, share_women_1549, level_pre, pretrend_pre ; comparaisons sur la fenêtre identifiée (années < 2023, cohorte 2023 recodée contrôle, 60 unités de contrôle) ; Poisson à effets fixes, offset = log(women)",static,0.0,5558.0,0.0,0.0,2003.0,2024.0,,,,,,,,,,,
h1,H1,H1,"log(naissances+0,5 / 1 000 f. 15-49)","toutes unités, sans covariables",cs,-8,-0.032856823294365775,0.007569174049224424,-0.04769213182356085,-0.0180215147651707,1.4191773314543665e-05,5558,122276,False," ; contrôle = not_yet_treated ; fenêtre 2003-2024 ; 5558 traitées, 0 jamais traitées sur la fenêtre ; ATT(g,t) identifiés jusqu'en 2022 (sans unité jamais traitée, la dernière cohorte sert de contrôle) ; bandes simultanées sup-t (bootstrap multiplicateur Rademacher, 999 tirages, valeur critique 2.83)",event,0.0,5558.0,0.0,0.0,2003.0,2024.0,2003.0,2022.0,5558.0,5.0,reg,9.0,5498.0,-0.054302776336250316,-0.01141087025248123,,
h1,H1,H1,"log(naissances+0,5 / 1 000 f. 15-49)","toutes unités, sans covariables",cs,-7,-0.021758014386690117,0.007426874221605753,-0.03631442037874634,-0.007201608394633893,0.0033936275850694375,5558,122276,False," ; contrôle = not_yet_treated ; fenêtre 2003-2024 ; 5558 traitées, 0 jamais traitées sur la fenêtre ; ATT(g,t) identifiés jusqu'en 2022 (sans unité jamais traitée, la dernière cohorte sert de contrôle) ; bandes simultanées sup-t (bootstrap multiplicateur Rademacher, 999 tirages, valeur critique 2.83)",event,0.0,5558.0,0.0,0.0,2003.0,2024.0,2003.0,2022.0,5558.0,5.0,reg,9.0,5498.0,-0.04280078533748627,-0.0007152434358939606,,
h1,H1,H1,"log(naissances+0,5 / 1 000 f. 15-49)","toutes unités, sans covariables",cs,-6,-0.01649048003334414,0.006841292582430526,-0.029899167102608988,-0.0030817929640792885,0.015933580795928343,5558,122276,False," ; contrôle = not_yet_treated ; fenêtre 2003-2024 ; 5558 traitées, 0 jamais traitées sur la fenêtre ; ATT(g,t) identifiés jusqu'en 2022 (sans unité jamais traitée, la dernière cohorte sert de contrôle) ; bandes simultanées sup-t (bootstrap multiplicateur Rademacher, 999 tirages, valeur critique 2.83)",event,0.0,5558.0,0.0,0.0,2003.0,2024.0,2003.0,2022.0,5558.0,5.0,reg,9.0,5498.0,-0.035874106108586996,0.00289314604189872,,
h1,H1,H1,"log(naissances+0,5 / 1 000 f. 15-49)","toutes unités, sans covariables",cs,-5,-0.010300812852976333,0.006437882609353789,-0.022918830904006503,0.0023172051980538382,0.10959166844938098,5558,122276,False," ; contrôle = not_yet_treated ; fenêtre 2003-2024 ; 5558 traitées, 0 jamais traitées sur la fenêtre ; ATT(g,t) identifiés jusqu'en 2022 (sans unité jamais traitée, la dernière cohorte sert de contrôle) ; bandes simultanées sup-t (bootstrap multiplicateur Rademacher, 999 tirages, valeur critique 2.83)",event,0.0,5558.0,0.0,0.0,2003.0,2024.0,2003.0,2022.0,5558.0,5.0,reg,9.0,5498.0,-0.028541446141559977,0.007939820435607313,,
h1,H1,H1,"log(naissances+0,5 / 1 000 f. 15-49)","toutes unités, sans covariables",cs,-4,-0.0029478393759591816,0.005691633748992647,-0.014103236537177455,0.008207557785259093,0.6045106026177816,5558,122276,False," ; contrôle = not_yet_treated ; fenêtre 2003-2024 ; 5558 traitées, 0 jamais traitées sur la fenêtre ; ATT(g,t) identifiés jusqu'en 2022 (sans unité jamais traitée, la dernière cohorte sert de contrôle) ; bandes simultanées sup-t (bootstrap multiplicateur Rademacher, 999 tirages, valeur critique 2.83)",event,0.0,5558.0,0.0,0.0,2003.0,2024.0,2003.0,2022.0,5558.0,5.0,reg,9.0,5498.0,-0.019074104846761607,0.013178426094843244,,
h1,H1,H1,"log(naissances+0,5 / 1 000 f. 15-49)","toutes unités, sans covariables",cs,-3,-0.0005821609765778181,0.004845218881314752,-0.010078615481168184,0.008914293528012547,0.9043630288163822,5558,122276,False," ; contrôle = not_yet_treated ; fenêtre 2003-2024 ; 5558 traitées, 0 jamais traitées sur la fenêtre ; ATT(g,t) identifiés jusqu'en 2022 (sans unité jamais traitée, la dernière cohorte sert de contrôle) ; bandes simultanées sup-t (bootstrap multiplicateur Rademacher, 999 tirages, valeur critique 2.83)",event,0.0,5558.0,0.0,0.0,2003.0,2024.0,2003.0,2022.0,5558.0,5.0,reg,9.0,5498.0,-0.014310255472829457,0.01314593351967382,,
h1,H1,H1,"log(naissances+0,5 / 1 000 f. 15-49)","toutes unités, sans covariables",cs,-2,-0.0009127279585178632,0.004036528498615525,-0.008824178438373829,0.006998722521338103,0.8211103758769023,5558,122276,False," ; contrôle = not_yet_treated ; fenêtre 2003-2024 ; 5558 traitées, 0 jamais traitées sur la fenêtre ; ATT(g,t) identifiés jusqu'en 2022 (sans unité jamais traitée, la dernière cohorte sert de contrôle) ; bandes simultanées sup-t (bootstrap multiplicateur Rademacher, 999 tirages, valeur critique 2.83)",event,0.0,5558.0,0.0,0.0,2003.0,2024.0,2003.0,2022.0,5558.0,5.0,reg,9.0,5498.0,-0.01234953732114672,0.010524081404110994,,
h1,H1,H1,"log(naissances+0,5 / 1 000 f. 15-49)","toutes unités, sans covariables",cs,0,-0.00689431840206356,0.003920934812692084,-0.014579209420669348,0.0007905726165422268,0.0786904612230439,5558,122276,False," ; contrôle = not_yet_treated ; fenêtre 2003-2024 ; 5558 traitées, 0 jamais traitées sur la fenêtre ; ATT(g,t) identifiés jusqu'en 2022 (sans unité jamais traitée, la dernière cohorte sert de contrôle) ; bandes simultanées sup-t (bootstrap multiplicateur Rademacher, 999 tirages, valeur critique 2.83)",event,0.0,5558.0,0.0,0.0,2003.0,2024.0,2003.0,2022.0,5558.0,5.0,reg,9.0,5498.0,-0.018003612933598465,0.004214976129471345,,
h1,H1,H1,"log(naissances+0,5 / 1 000 f. 15-49)","toutes unités, sans covariables",cs,1,-0.015634346168153682,0.0054109607621386935,-0.026239634383704923,-0.005029057952602441,0.0038599677503364507,5558,122276,False," ; contrôle = not_yet_treated ; fenêtre 2003-2024 ; 5558 traitées, 0 jamais traitées sur la fenêtre ; ATT(g,t) identifiés jusqu'en 2022 (sans unité jamais traitée, la dernière cohorte sert de contrôle) ; bandes simultanées sup-t (bootstrap multiplicateur Rademacher, 999 tirages, valeur critique 2.83)",event,0.0,5558.0,0.0,0.0,2003.0,2024.0,2003.0,2022.0,5558.0,5.0,reg,8.0,5438.0,-0.030965372996397462,-0.00030331933990990385,,
h1,H1,H1,"log(naissances+0,5 / 1 000 f. 15-49)","toutes unités, sans covariables",cs,2,-0.03175259014731898,0.007532907422230392,-0.04651681739376501,-0.016988362900872953,2.495747260122804e-05,5558,122276,False," ; contrôle = not_yet_treated ; fenêtre 2003-2024 ; 5558 traitées, 0 jamais traitées sur la fenêtre ; ATT(g,t) identifiés jusqu'en 2022 (sans unité jamais traitée, la dernière cohorte sert de contrôle) ; bandes simultanées sup-t (bootstrap multiplicateur Rademacher, 999 tirages, valeur critique 2.83)",event,0.0,5558.0,0.0,0.0,2003.0,2024.0,2003.0,2022.0,5558.0,5.0,reg,7.0,5268.0,-0.053095787938175674,-0.010409392356462287,,
h1,H1,H1,"log(naissances+0,5 / 1 000 f. 15-49)","toutes unités, sans covariables",cs,3,-0.046167046353590875,0.011902272922992601,-0.06949507261682265,-0.0228390200903591,0.00010495452228786611,5558,122276,False," ; contrôle = not_yet_treated ; fenêtre 2003-2024 ; 5558 traitées, 0 jamais traitées sur la fenêtre ; ATT(g,t) identifiés jusqu'en 2022 (sans unité jamais traitée, la dernière cohorte sert de contrôle) ; bandes simultanées sup-t (bootstrap multiplicateur Rademacher, 999 tirages, valeur critique 2.83)",event,0.0,5558.0,0.0,0.0,2003.0,2024.0,2003.0,2022.0,5558.0,5.0,reg,6.0,4844.0,-0.0798900899166264,-0.012444002790555353,,
h1,H1,H1,"log(naissances+0,5 / 1 000 f. 15-49)","toutes unités, sans covariables",cs,4,-0.07962116297163949,0.02198285399368338,-0.1227067650766614,-0.03653556086661757,0.0002923718755329377,5558,122276,False," ; contrôle = not_yet_treated ; fenêtre 2003-2024 ; 5558 traitées, 0 jamais traitées sur la fenêtre ; ATT(g,t) identifiés jusqu'en 2022 (sans unité jamais traitée, la dernière cohorte sert de contrôle) ; bandes simultanées sup-t (bootstrap multiplicateur Rademacher, 999 tirages, valeur critique 2.83)",event,0.0,5558.0,0.0,0.0,2003.0,2024.0,2003.0,2022.0,5558.0,5.0,reg,5.0,4445.0,-0.14190579949990698,-0.017336526443371997,,
h1,H1,H1,"log(naissances+0,5 / 1 000 f. 15-49)","toutes unités, sans covariables",cs,5,-0.1284300519675444,0.03811083157909647,-0.20312590928344523,-0.05373419465164356,0.0007519288468560372,5558,122276,False," ; contrôle = not_yet_treated ; fenêtre 2003-2024 ; 5558 traitées, 0 jamais traitées sur la fenêtre ; ATT(g,t) identifiés jusqu'en 2022 (sans unité jamais traitée, la dernière cohorte sert de contrôle) ; bandes simultanées sup-t (bootstrap multiplicateur Rademacher, 999 tirages, valeur critique 2.83)",event,0.0,5558.0,0.0,0.0,2003.0,2024.0,2003.0,2022.0,5558.0,5.0,reg,4.0,3767.0,-0.23641053955009914,-0.020449564384989655,,
h1,H1,H1,"log(naissances+0,5 / 1 000 f. 15-49)","toutes unités, sans covariables",cs,6,-0.12158773876339993,0.032701727070417026,-0.18568194605367583,-0.05749353147312403,0.0002007402413597646,5558,122276,False," ; contrôle = not_yet_treated ; fenêtre 2003-2024 ; 5558 traitées, 0 jamais traitées sur la fenêtre ; ATT(g,t) identifiés jusqu'en 2022 (sans unité jamais traitée, la dernière cohorte sert de contrôle) ; bandes simultanées sup-t (bootstrap multiplicateur Rademacher, 999 tirages, valeur critique 2.83)",event,0.0,5558.0,0.0,0.0,2003.0,2024.0,2003.0,2022.0,5558.0,5.0,reg,3.0,1032.0,-0.21424245889267862,-0.028933018634121233,,
h1,H1,H1,"log(naissances+0,5 / 1 000 f. 15-49)","toutes unités, sans covariables",cs,7,-0.13367201826163136,0.04557703663102513,-0.22300136858050337,-0.044342667942759345,0.003358327398213173,5558,122276,False," ; contrôle = not_yet_treated ; fenêtre 2003-2024 ; 5558 traitées, 0 jamais traitées sur la fenêtre ; ATT(g,t) identifiés jusqu'en 2022 (sans unité jamais traitée, la dernière cohorte sert de contrôle) ; bandes simultanées sup-t (bootstrap multiplicateur Rademacher, 999 tirages, valeur critique 2.83)",event,0.0,5558.0,0.0,0.0,2003.0,2024.0,2003.0,2022.0,5558.0,5.0,reg,2.0,481.0,-0.26280671393920935,-0.0045373225840533715,,
h1,H1,H1,"log(naissances+0,5 / 1 000 f. 15-49)","toutes unités, sans covariables",cs,8,-0.2359025651070436,0.05761565851213045,-0.34882718073637786,-0.12297794947770933,4.232309311615297e-05,5558,122276,False," ; contrôle = not_yet_treated ; fenêtre 2003-2024 ; 5558 traitées, 0 jamais traitées sur la fenêtre ; ATT(g,t) identifiés jusqu'en 2022 (sans unité jamais traitée, la dernière cohorte sert de contrôle) ; bandes simultanées sup-t (bootstrap multiplicateur Rademacher, 999 tirages, valeur critique 2.83)",event,0.0,5558.0,0.0,0.0,2003.0,2024.0,2003.0,2022.0,5558.0,5.0,reg,1.0,187.0,-0.3991466256733366,-0.0726585045407506,,
h1,H1,H1,"log(naissances+0,5 / 1 000 f. 15-49)","toutes unités, sans covariables",cs,"ATT[1,5]",-0.06032103952164949,0.014782852105127973,-0.08929489723648243,-0.03134718180681654,4.494401070666893e-05,5558,122276,False," ; contrôle = not_yet_treated ; fenêtre 2003-2024 ; 5558 traitées, 0 jamais traitées sur la fenêtre ; ATT(g,t) identifiés jusqu'en 2022 (sans unité jamais traitée, la dernière cohorte sert de contrôle) ; bandes simultanées sup-t (bootstrap multiplicateur Rademacher, 999 tirages, valeur critique 2.83) ; écart-type avec covariance complète des coefficients (fonctions d'influence)",post_avg,0.0,5558.0,0.0,0.0,2003.0,2024.0,2003.0,2022.0,5558.0,5.0,reg,,,,,5.0,
h1,H1,H1,"log(naissances+0,5 / 1 000 f. 15-49)","toutes unités, sans covariables",cs,ATT,-0.05120901151496137,0.010859696676721682,-0.07249362588436518,-0.029924397145557557,2.4110569745868605e-06,5558,122276,False," ; contrôle = not_yet_treated ; fenêtre 2003-2024 ; 5558 traitées, 0 jamais traitées sur la fenêtre ; ATT(g,t) identifiés jusqu'en 2022 (sans unité jamais traitée, la dernière cohorte sert de contrôle) ; bandes simultanées sup-t (bootstrap multiplicateur Rademacher, 999 tirages, valeur critique 2.83) ; moyenne de tous les ATT(g,t) post",simple,0.0,5558.0,0.0,0.0,2003.0,2024.0,2003.0,2022.0,5558.0,5.0,reg,,,,,,
h1,H1,H1,"log(naissances+0,5 / 1 000 f. 15-49)","toutes unités, sans covariables",cs,Wald pré (-8..-2),26.152319263032403,,,,0.00047305715070452013,5558,122276,False,"H5c : test de Wald joint de nullité des coefficients pré avec covariance des fonctions d'influence, df = 7 ; fenêtre 2003-2024 ; 5558 traitées, 0 jamais traitées sur la fenêtre",pre_test,0.0,5558.0,0.0,0.0,2003.0,2024.0,2003.0,2022.0,5558.0,5.0,reg,,,,,,7.0
h1,H1,H1,"log(naissances+0,5 / 1 000 f. 15-49)","toutes unités, sans covariables ; fenêtre identifiée ≤ 2022, cohorte 2023 = contrôle",sunab,-8,0.02214468064256165,0.0564866492910971,-0.08856711757533364,0.13285647886045693,0.6950331761897421,5558,122276,False," ; fenêtre 2003-2024 ; 5558 traitées, 0 jamais traitées sur la fenêtre ; comparaisons sur la fenêtre identifiée (années < 2023, cohorte 2023 recodée contrôle, 60 unités de contrôle) ; cellules −8 et +8 bornées",event,0.0,5558.0,0.0,0.0,2003.0,2024.0,,,,,,,,,,,
h1,H1,H1,"log(naissances+0,5 / 1 000 f. 15-49)","toutes unités, sans covariables ; fenêtre identifiée ≤ 2022, cohorte 2023 = contrôle",sunab,-7,0.029728978786685362,0.05437568141604249,-0.07684539842358185,0.13630335599695256,0.5845621872260114,5558,122276,False," ; fenêtre 2003-2024 ; 5558 traitées, 0 jamais traitées sur la fenêtre ; comparaisons sur la fenêtre identifiée (années < 2023, cohorte 2023 recodée contrôle, 60 unités de contrôle) ; cellules −8 et +8 bornées",event,0.0,5558.0,0.0,0.0,2003.0,2024.0,,,,,,,,,,,
h1,H1,H1,"log(naissances+0,5 / 1 000 f. 15-49)","toutes unités, sans covariables ; fenêtre identifiée ≤ 2022, cohorte 2023 = contrôle",sunab,-6,0.03633209448137122,0.05254699978129877,-0.06665813258560846,0.13932232154835092,0.4893010664745757,5558,122276,False," ; fenêtre 2003-2024 ; 5558 traitées, 0 jamais traitées sur la fenêtre ; comparaisons sur la fenêtre identifiée (années < 2023, cohorte 2023 recodée contrôle, 60 unités de contrôle) ; cellules −8 et +8 bornées",event,0.0,5558.0,0.0,0.0,2003.0,2024.0,,,,,,,,,,,
h1,H1,H1,"log(naissances+0,5 / 1 000 f. 15-49)","toutes unités, sans covariables ; fenêtre identifiée ≤ 2022, cohorte 2023 = contrôle",sunab,-5,0.049463710555515294,0.049190716879485896,-0.04694832290198357,0.14587574401301417,0.3146322309070032,5558,122276,False," ; fenêtre 2003-2024 ; 5558 traitées, 0 jamais traitées sur la fenêtre ; comparaisons sur la fenêtre identifiée (années < 2023, cohorte 2023 recodée contrôle, 60 unités de contrôle) ; cellules −8 et +8 bornées",event,0.0,5558.0,0.0,0.0,2003.0,2024.0,,,,,,,,,,,
h1,H1,H1,"log(naissances+0,5 / 1 000 f. 15-49)","toutes unités, sans covariables ; fenêtre identifiée ≤ 2022, cohorte 2023 = contrôle",sunab,-4,0.039382357990086395,0.044963251196542486,-0.048743994982964375,0.12750871096313715,0.38109593188786073,5558,122276,False," ; fenêtre 2003-2024 ; 5558 traitées, 0 jamais traitées sur la fenêtre ; comparaisons sur la fenêtre identifiée (années < 2023, cohorte 2023 recodée contrôle, 60 unités de contrôle) ; cellules −8 et +8 bornées",event,0.0,5558.0,0.0,0.0,2003.0,2024.0,,,,,,,,,,,
h1,H1,H1,"log(naissances+0,5 / 1 000 f. 15-49)","toutes unités, sans covariables ; fenêtre identifiée ≤ 2022, cohorte 2023 = contrôle",sunab,-3,0.009289302585490431,0.0403039185279217,-0.06970492616507269,0.08828353133605356,0.8177177340537102,5558,122276,False," ; fenêtre 2003-2024 ; 5558 traitées, 0 jamais traitées sur la fenêtre ; comparaisons sur la fenêtre identifiée (années < 2023, cohorte 2023 recodée contrôle, 60 unités de contrôle) ; cellules −8 et +8 bornées",event,0.0,5558.0,0.0,0.0,2003.0,2024.0,,,,,,,,,,,
h1,H1,H1,"log(naissances+0,5 / 1 000 f. 15-49)","toutes unités, sans covariables ; fenêtre identifiée ≤ 2022, cohorte 2023 = contrôle",sunab,-2,-0.016966783910215028,0.028185564433767945,-0.07220947508433329,0.038275907263903224,0.5471960037702241,5558,122276,False," ; fenêtre 2003-2024 ; 5558 traitées, 0 jamais traitées sur la fenêtre ; comparaisons sur la fenêtre identifiée (années < 2023, cohorte 2023 recodée contrôle, 60 unités de contrôle) ; cellules −8 et +8 bornées",event,0.0,5558.0,0.0,0.0,2003.0,2024.0,,,,,,,,,,,
h1,H1,H1,"log(naissances+0,5 / 1 000 f. 15-49)","toutes unités, sans covariables ; fenêtre identifiée ≤ 2022, cohorte 2023 = contrôle",sunab,0,-0.016587450313243074,0.015317618716618237,-0.04660943132673146,0.013434530700245313,0.2788527827722559,5558,122276,False," ; fenêtre 2003-2024 ; 5558 traitées, 0 jamais traitées sur la fenêtre ; comparaisons sur la fenêtre identifiée (années < 2023, cohorte 2023 recodée contrôle, 60 unités de contrôle) ; cellules −8 et +8 bornées",event,0.0,5558.0,0.0,0.0,2003.0,2024.0,,,,,,,,,,,
h1,H1,H1,"log(naissances+0,5 / 1 000 f. 15-49)","toutes unités, sans covariables ; fenêtre identifiée ≤ 2022, cohorte 2023 = contrôle",sunab,1,-0.027344940476525973,0.017211105193231022,-0.06107808678938906,0.006388205836337115,0.11210638591373387,5558,122276,False," ; fenêtre 2003-2024 ; 5558 traitées, 0 jamais traitées sur la fenêtre ; comparaisons sur la fenêtre identifiée (années < 2023, cohorte 2023 recodée contrôle, 60 unités de contrôle) ; cellules −8 et +8 bornées",event,0.0,5558.0,0.0,0.0,2003.0,2024.0,,,,,,,,,,,
h1,H1,H1,"log(naissances+0,5 / 1 000 f. 15-49)","toutes unités, sans covariables ; fenêtre identifiée ≤ 2022, cohorte 2023 = contrôle",sunab,2,-0.04275268675847893,0.023734189130693965,-0.08927084265690112,0.003765469139943259,0.07165367059260293,5558,122276,False," ; fenêtre 2003-2024 ; 5558 traitées, 0 jamais traitées sur la fenêtre ; comparaisons sur la fenêtre identifiée (années < 2023, cohorte 2023 recodée contrôle, 60 unités de contrôle) ; cellules −8 et +8 bornées",event,0.0,5558.0,0.0,0.0,2003.0,2024.0,,,,,,,,,,,
h1,H1,H1,"log(naissances+0,5 / 1 000 f. 15-49)","toutes unités, sans covariables ; fenêtre identifiée ≤ 2022, cohorte 2023 = contrôle",sunab,3,-0.05491720526688525,0.027779040414230315,-0.10936312400385928,-0.0004712865299112065,0.04804959651734584,5558,122276,False," ; fenêtre 2003-2024 ; 5558 traitées, 0 jamais traitées sur la fenêtre ; comparaisons sur la fenêtre identifiée (années < 2023, cohorte 2023 recodée contrôle, 60 unités de contrôle) ; cellules −8 et +8 bornées",event,0.0,5558.0,0.0,0.0,2003.0,2024.0,,,,,,,,,,,
h1,H1,H1,"log(naissances+0,5 / 1 000 f. 15-49)","toutes unités, sans covariables ; fenêtre identifiée ≤ 2022, cohorte 2023 = contrôle",sunab,4,-0.10333353784852833,0.032483897019799826,-0.167000806084844,-0.03966626961221267,0.0014673236447335961,5558,122276,False," ; fenêtre 2003-2024 ; 5558 traitées, 0 jamais traitées sur la fenêtre ; comparaisons sur la fenêtre identifiée (années < 2023, cohorte 2023 recodée contrôle, 60 unités de contrôle) ; cellules −8 et +8 bornées",event,0.0,5558.0,0.0,0.0,2003.0,2024.0,,,,,,,,,,,
h1,H1,H1,"log(naissances+0,5 / 1 000 f. 15-49)","toutes unités, sans covariables ; fenêtre identifiée ≤ 2022, cohorte 2023 = contrôle",sunab,5,-0.1349263758960838,0.03725066070723018,-0.2079363292825763,-0.06191642250959131,0.0002921981234358444,5558,122276,False," ; fenêtre 2003-2024 ; 5558 traitées, 0 jamais traitées sur la fenêtre ; comparaisons sur la fenêtre identifiée (années < 2023, cohorte 2023 recodée contrôle, 60 unités de contrôle) ; cellules −8 et +8 bornées",event,0.0,5558.0,0.0,0.0,2003.0,2024.0,,,,,,,,,,,
h1,H1,H1,"log(naissances+0,5 / 1 000 f. 15-49)","toutes unités, sans covariables ; fenêtre identifiée ≤ 2022, cohorte 2023 = contrôle",sunab,6,-0.15317695312957022,0.04294126260029892,-0.2373402812768329,-0.06901362498230754,0.00036091607683609426,5558,122276,False," ; fenêtre 2003-2024 ; 5558 traitées, 0 jamais traitées sur la fenêtre ; comparaisons sur la fenêtre identifiée (années < 2023, cohorte 2023 recodée contrôle, 60 unités de contrôle) ; cellules −8 et +8 bornées",event,0.0,5558.0,0.0,0.0,2003.0,2024.0,,,,,,,,,,,
h1,H1,H1,"log(naissances+0,5 / 1 000 f. 15-49)","toutes unités, sans covariables ; fenêtre identifiée ≤ 2022, cohorte 2023 = contrôle",sunab,7,-0.22011855314715137,0.05202655336064297,-0.3220887239737629,-0.11814838232053983,2.3276990419774404e-05,5558,122276,False," ; fenêtre 2003-2024 ; 5558 traitées, 0 jamais traitées sur la fenêtre ; comparaisons sur la fenêtre identifiée (années < 2023, cohorte 2023 recodée contrôle, 60 unités de contrôle) ; cellules −8 et +8 bornées",event,0.0,5558.0,0.0,0.0,2003.0,2024.0,,,,,,,,,,,
h1,H1,H1,"log(naissances+0,5 / 1 000 f. 15-49)","toutes unités, sans covariables ; fenêtre identifiée ≤ 2022, cohorte 2023 = contrôle",sunab,8,-0.3134752328857457,0.058257251216236254,-0.427657347107871,-0.19929311866362037,7.412291310587068e-08,5558,122276,False," ; fenêtre 2003-2024 ; 5558 traitées, 0 jamais traitées sur la fenêtre ; comparaisons sur la fenêtre identifiée (années < 2023, cohorte 2023 recodée contrôle, 60 unités de contrôle) ; cellules −8 et +8 bornées",event,0.0,5558.0,0.0,0.0,2003.0,2024.0,,,,,,,,,,,
h1,H1,H1,"log(naissances+0,5 / 1 000 f. 15-49)","toutes unités, sans covariables ; fenêtre identifiée ≤ 2022, cohorte 2023 = contrôle",sunab,"ATT[1,5]",-0.07265494924930047,0.02517226681028038,-0.12199168560668296,-0.023318212891917975,0.003897888132767119,5558,122276,False," ; fenêtre 2003-2024 ; 5558 traitées, 0 jamais traitées sur la fenêtre ; comparaisons sur la fenêtre identifiée (années < 2023, cohorte 2023 recodée contrôle, 60 unités de contrôle) ; écart-type avec covariance complète (w'Vw)",post_avg,0.0,5558.0,0.0,0.0,2003.0,2024.0,,,,,,,,,,,
h1,H1,H1,"log(naissances+0,5 / 1 000 f. 15-49)","toutes unités, sans covariables ; fenêtre identifiée ≤ 2022, cohorte 2023 = contrôle",sunab,Wald pré (-8..−2),20.70751819069772,,,,0.004228035707565514,5558,122276,False,"test de Wald joint, covariance groupée, df = 7 ; fenêtre 2003-2024 ; 5558 traitées, 0 jamais traitées sur la fenêtre",pre_test,0.0,5558.0,0.0,0.0,2003.0,2024.0,,,,,,,,,,,7.0
h1,H1,H1,"log(naissances+0,5 / 1 000 f. 15-49)","toutes unités, sans covariables ; fenêtre identifiée ≤ 2022, cohorte 2023 = contrôle",did2s,-8,-0.0012564577927220242,0.0005613884140588405,-0.002356758865615411,-0.0001561567198286374,0.025212864307545428,5558,122276,False," ; fenêtre 2003-2024 ; 5558 traitées, 0 jamais traitées sur la fenêtre ; comparaisons sur la fenêtre identifiée (années < 2023, cohorte 2023 recodée contrôle, 60 unités de contrôle) ; cellules −8 et +8 bornées ; did2s en deux étapes implémenté directement (pyfixest.did2s dépasse la mémoire au-delà de 5 000 unités), écarts-types par bootstrap par grappes (50 tirages, grappe = unit)",event,0.0,5558.0,0.0,0.0,2003.0,2024.0,,,,,,,,,,,
h1,H1,H1,"log(naissances+0,5 / 1 000 f. 15-49)","toutes unités, sans covariables ; fenêtre identifiée ≤ 2022, cohorte 2023 = contrôle",did2s,-7,-0.009145536214328197,0.0022189745758065048,-0.01349464646551899,-0.004796425963137403,3.763895364670412e-05,5558,122276,False," ; fenêtre 2003-2024 ; 5558 traitées, 0 jamais traitées sur la fenêtre ; comparaisons sur la fenêtre identifiée (années < 2023, cohorte 2023 recodée contrôle, 60 unités de contrôle) ; cellules −8 et +8 bornées ; did2s en deux étapes implémenté directement (pyfixest.did2s dépasse la mémoire au-delà de 5 000 unités), écarts-types par bootstrap par grappes (50 tirages, grappe = unit)",event,0.0,5558.0,0.0,0.0,2003.0,2024.0,,,,,,,,,,,
h1,H1,H1,"log(naissances+0,5 / 1 000 f. 15-49)","toutes unités, sans covariables ; fenêtre identifiée ≤ 2022, cohorte 2023 = contrôle",did2s,-6,-0.006599636854057436,0.002132543510228062,-0.010779345329569062,-0.00241992837854581,0.001969950993692565,5558,122276,False," ; fenêtre 2003-2024 ; 5558 traitées, 0 jamais traitées sur la fenêtre ; comparaisons sur la fenêtre identifiée (années < 2023, cohorte 2023 recodée contrôle, 60 unités de contrôle) ; cellules −8 et +8 bornées ; did2s en deux étapes implémenté directement (pyfixest.did2s dépasse la mémoire au-delà de 5 000 unités), écarts-types par bootstrap par grappes (50 tirages, grappe = unit)",event,0.0,5558.0,0.0,0.0,2003.0,2024.0,,,,,,,,,,,
h1,H1,H1,"log(naissances+0,5 / 1 000 f. 15-49)","toutes unités, sans covariables ; fenêtre identifiée ≤ 2022, cohorte 2023 = contrôle",did2s,-5,-0.006335446268190962,0.002008495309162057,-0.010272024737266235,-0.0023988677991156893,0.0016087001806241164,5558,122276,False," ; fenêtre 2003-2024 ; 5558 traitées, 0 jamais traitées sur la fenêtre ; comparaisons sur la fenêtre identifiée (années < 2023, cohorte 2023 recodée contrôle, 60 unités de contrôle) ; cellules −8 et +8 bornées ; did2s en deux étapes implémenté directement (pyfixest.did2s dépasse la mémoire au-delà de 5 000 unités), écarts-types par bootstrap par grappes (50 tirages, grappe = unit)",event,0.0,5558.0,0.0,0.0,2003.0,2024.0,,,,,,,,,,,
h1,H1,H1,"log(naissances+0,5 / 1 000 f. 15-49)","toutes unités, sans covariables ; fenêtre identifiée ≤ 2022, cohorte 2023 = contrôle",did2s,-4,-0.0015080822994215017,0.00186314291978307,-0.005159775320247118,0.002143610721404114,0.41826830685498906,5558,122276,False," ; fenêtre 2003-2024 ; 5558 traitées, 0 jamais traitées sur la fenêtre ; comparaisons sur la fenêtre identifiée (années < 2023, cohorte 2023 recodée contrôle, 60 unités de contrôle) ; cellules −8 et +8 bornées ; did2s en deux étapes implémenté directement (pyfixest.did2s dépasse la mémoire au-delà de 5 000 unités), écarts-types par bootstrap par grappes (50 tirages, grappe = unit)",event,0.0,5558.0,0.0,0.0,2003.0,2024.0,,,,,,,,,,,
h1,H1,H1,"log(naissances+0,5 / 1 000 f. 15-49)","toutes unités, sans covariables ; fenêtre identifiée ≤ 2022, cohorte 2023 = contrôle",did2s,-3,0.00615580277261741,0.0015306967087620057,0.003155692352189883,0.009155913193044938,5.781171307873669e-05,5558,122276,False," ; fenêtre 2003-2024 ; 5558 traitées, 0 jamais traitées sur la fenêtre ; comparaisons sur la fenêtre identifiée (années < 2023, cohorte 2023 recodée contrôle, 60 unités de contrôle) ; cellules −8 et +8 bornées ; did2s en deux étapes implémenté directement (pyfixest.did2s dépasse la mémoire au-delà de 5 000 unités), écarts-types par bootstrap par grappes (50 tirages, grappe = unit)",event,0.0,5558.0,0.0,0.0,2003.0,2024.0,,,,,,,,,,,
h1,H1,H1,"log(naissances+0,5 / 1 000 f. 15-49)","toutes unités, sans covariables ; fenêtre identifiée ≤ 2022, cohorte 2023 = contrôle",did2s,-2,0.010419582035712555,0.002107203344948181,0.006289539371511788,0.014549624699913322,7.62438163215879e-07,5558,122276,False," ; fenêtre 2003-2024 ; 5558 traitées, 0 jamais traitées sur la fenêtre ; comparaisons sur la fenêtre identifiée (années < 2023, cohorte 2023 recodée contrôle, 60 unités de contrôle) ; cellules −8 et +8 bornées ; did2s en deux étapes implémenté directement (pyfixest.did2s dépasse la mémoire au-delà de 5 000 unités), écarts-types par bootstrap par grappes (50 tirages, grappe = unit)",event,0.0,5558.0,0.0,0.0,2003.0,2024.0,,,,,,,,,,,
h1,H1,H1,"log(naissances+0,5 / 1 000 f. 15-49)","toutes unités, sans covariables ; fenêtre identifiée ≤ 2022, cohorte 2023 = contrôle",did2s,0,0.015804526631811464,0.005897804950767506,0.004245041340465125,0.0273640119231578,0.007368149903604324,5558,122276,False," ; fenêtre 2003-2024 ; 5558 traitées, 0 jamais traitées sur la fenêtre ; comparaisons sur la fenêtre identifiée (années < 2023, cohorte 2023 recodée contrôle, 60 unités de contrôle) ; cellules −8 et +8 bornées ; did2s en deux étapes implémenté directement (pyfixest.did2s dépasse la mémoire au-delà de 5 000 unités), écarts-types par bootstrap par grappes (50 tirages, grappe = unit)",event,0.0,5558.0,0.0,0.0,2003.0,2024.0,,,,,,,,,,,
h1,H1,H1,"log(naissances+0,5 / 1 000 f. 15-49)","toutes unités, sans covariables ; fenêtre identifiée ≤ 2022, cohorte 2023 = contrôle",did2s,1,0.010278878101923669,0.007669623687008314,-0.004753308099587928,0.025311064303435264,0.18017827898414107,5558,122276,False," ; fenêtre 2003-2024 ; 5558 traitées, 0 jamais traitées sur la fenêtre ; comparaisons sur la fenêtre identifiée (années < 2023, cohorte 2023 recodée contrôle, 60 unités de contrôle) ; cellules −8 et +8 bornées ; did2s en deux étapes implémenté directement (pyfixest.did2s dépasse la mémoire au-delà de 5 000 unités), écarts-types par bootstrap par grappes (50 tirages, grappe = unit)",event,0.0,5558.0,0.0,0.0,2003.0,2024.0,,,,,,,,,,,
h1,H1,H1,"log(naissances+0,5 / 1 000 f. 15-49)","toutes unités, sans covariables ; fenêtre identifiée ≤ 2022, cohorte 2023 = contrôle",did2s,2,0.0011991009197483103,0.012250904994910774,-0.02281223164829866,0.02521043348779528,0.9220287261551533,5558,122276,False," ; fenêtre 2003-2024 ; 5558 traitées, 0 jamais traitées sur la fenêtre ; comparaisons sur la fenêtre identifiée (années < 2023, cohorte 2023 recodée contrôle, 60 unités de contrôle) ; cellules −8 et +8 bornées ; did2s en deux étapes implémenté directement (pyfixest.did2s dépasse la mémoire au-delà de 5 000 unités), écarts-types par bootstrap par grappes (50 tirages, grappe = unit)",event,0.0,5558.0,0.0,0.0,2003.0,2024.0,,,,,,,,,,,
h1,H1,H1,"log(naissances+0,5 / 1 000 f. 15-49)","toutes unités, sans covariables ; fenêtre identifiée ≤ 2022, cohorte 2023 = contrôle",did2s,3,-0.014761313798924942,0.01770668591892285,-0.04946578048557625,0.01994315288772636,0.4044739410896533,5558,122276,False," ; fenêtre 2003-2024 ; 5558 traitées, 0 jamais traitées sur la fenêtre ; comparaisons sur la fenêtre identifiée (années < 2023, cohorte 2023 recodée contrôle, 60 unités de contrôle) ; cellules −8 et +8 bornées ; did2s en deux étapes implémenté directement (pyfixest.did2s dépasse la mémoire au-delà de 5 000 unités), écarts-types par bootstrap par grappes (50 tirages, grappe = unit)",event,0.0,5558.0,0.0,0.0,2003.0,2024.0,,,,,,,,,,,
h1,H1,H1,"log(naissances+0,5 / 1 000 f. 15-49)","toutes unités, sans covariables ; fenêtre identifiée ≤ 2022, cohorte 2023 = contrôle",did2s,4,-0.053813200299706355,0.026086787885766217,-0.10494236502814391,-0.0026840355712687905,0.03912662715231103,5558,122276,False," ; fenêtre 2003-2024 ; 5558 traitées, 0 jamais traitées sur la fenêtre ; comparaisons sur la fenêtre identifiée (années < 2023, cohorte 2023 recodée contrôle, 60 unités de contrôle) ; cellules −8 et +8 bornées ; did2s en deux étapes implémenté directement (pyfixest.did2s dépasse la mémoire au-delà de 5 000 unités), écarts-types par bootstrap par grappes (50 tirages, grappe = unit)",event,0.0,5558.0,0.0,0.0,2003.0,2024.0,,,,,,,,,,,
h1,H1,H1,"log(naissances+0,5 / 1 000 f. 15-49)","toutes unités, sans covariables ; fenêtre identifiée ≤ 2022, cohorte 2023 = contrôle",did2s,5,-0.10925603723669741,0.04051363024665956,-0.18866129340312274,-0.029850781070272087,0.007001512037787134,5558,122276,False," ; fenêtre 2003-2024 ; 5558 traitées, 0 jamais traitées sur la fenêtre ; comparaisons sur la fenêtre identifiée (années < 2023, cohorte 2023 recodée contrôle, 60 unités de contrôle) ; cellules −8 et +8 bornées ; did2s en deux étapes implémenté directement (pyfixest.did2s dépasse la mémoire au-delà de 5 000 unités), écarts-types par bootstrap par grappes (50 tirages, grappe = unit)",event,0.0,5558.0,0.0,0.0,2003.0,2024.0,,,,,,,,,,,
h1,H1,H1,"log(naissances+0,5 / 1 000 f. 15-49)","toutes unités, sans covariables ; fenêtre identifiée ≤ 2022, cohorte 2023 = contrôle",did2s,6,-0.09413614807365213,0.0366841141162788,-0.16603569054631598,-0.02223660560098828,0.010284074335700126,5558,122276,False," ; fenêtre 2003-2024 ; 5558 traitées, 0 jamais traitées sur la fenêtre ; comparaisons sur la fenêtre identifiée (années < 2023, cohorte 2023 recodée contrôle, 60 unités de contrôle) ; cellules −8 et +8 bornées ; did2s en deux étapes implémenté directement (pyfixest.did2s dépasse la mémoire au-delà de 5 000 unités), écarts-types par bootstrap par grappes (50 tirages, grappe = unit)",event,0.0,5558.0,0.0,0.0,2003.0,2024.0,,,,,,,,,,,
h1,H1,H1,"log(naissances+0,5 / 1 000 f. 15-49)","toutes unités, sans covariables ; fenêtre identifiée ≤ 2022, cohorte 2023 = contrôle",did2s,7,-0.09972605867096461,0.04077248741843627,-0.17963866557121216,-0.01981345177071704,0.014448486176518855,5558,122276,False," ; fenêtre 2003-2024 ; 5558 traitées, 0 jamais traitées sur la fenêtre ; comparaisons sur la fenêtre identifiée (années < 2023, cohorte 2023 recodée contrôle, 60 unités de contrôle) ; cellules −8 et +8 bornées ; did2s en deux étapes implémenté directement (pyfixest.did2s dépasse la mémoire au-delà de 5 000 unités), écarts-types par bootstrap par grappes (50 tirages, grappe = unit)",event,0.0,5558.0,0.0,0.0,2003.0,2024.0,,,,,,,,,,,
h1,H1,H1,"log(naissances+0,5 / 1 000 f. 15-49)","toutes unités, sans covariables ; fenêtre identifiée ≤ 2022, cohorte 2023 = contrôle",did2s,8,-0.1555477777786743,0.05177344997632177,-0.25702187508765106,-0.0540736804696975,0.002661115609332074,5558,122276,False," ; fenêtre 2003-2024 ; 5558 traitées, 0 jamais traitées sur la fenêtre ; comparaisons sur la fenêtre identifiée (années < 2023, cohorte 2023 recodée contrôle, 60 unités de contrôle) ; cellules −8 et +8 bornées ; did2s en deux étapes implémenté directement (pyfixest.did2s dépasse la mémoire au-delà de 5 000 unités), écarts-types par bootstrap par grappes (50 tirages, grappe = unit)",event,0.0,5558.0,0.0,0.0,2003.0,2024.0,,,,,,,,,,,
h1,H1,H1,"log(naissances+0,5 / 1 000 f. 15-49)","toutes unités, sans covariables ; fenêtre identifiée ≤ 2022, cohorte 2023 = contrôle",did2s,"ATT[1,5]",-0.03327051446273135,0.01924548617920159,-0.07099097423892983,0.004449945313467145,0.08385496267057448,5558,122276,False," ; fenêtre 2003-2024 ; 5558 traitées, 0 jamais traitées sur la fenêtre ; comparaisons sur la fenêtre identifiée (années < 2023, cohorte 2023 recodée contrôle, 60 unités de contrôle) ; écart-type avec covariance complète (w'Vw)",post_avg,0.0,5558.0,0.0,0.0,2003.0,2024.0,,,,,,,,,,,
h1,H1,H1,"log(naissances+0,5 / 1 000 f. 15-49)","toutes unités, sans covariables ; fenêtre identifiée ≤ 2022, cohorte 2023 = contrôle",did2s,Wald pré (-8..−2),69.23743325377345,,,,2.1064402011780205e-12,5558,122276,False,"test de Wald joint, covariance groupée, df = 7 ; fenêtre 2003-2024 ; 5558 traitées, 0 jamais traitées sur la fenêtre",pre_test,0.0,5558.0,0.0,0.0,2003.0,2024.0,,,,,,,,,,,7.0
h1,H1,H1,"log(naissances+0,5 / 1 000 f. 15-49)","toutes unités, sans covariables ; fenêtre identifiée ≤ 2022, cohorte 2023 = contrôle",twfe,-8,-0.11403566904862489,0.02143441959752658,-0.15604635948929652,-0.07202497860795326,1.0364606569293665e-07,5558,122276,False," ; fenêtre 2003-2024 ; 5558 traitées, 0 jamais traitées sur la fenêtre ; comparaisons sur la fenêtre identifiée (années < 2023, cohorte 2023 recodée contrôle, 60 unités de contrôle) ; cellules −8 et +8 bornées",event,0.0,5558.0,0.0,0.0,2003.0,2024.0,,,,,,,,,,,
h1,H1,H1,"log(naissances+0,5 / 1 000 f. 15-49)","toutes unités, sans covariables ; fenêtre identifiée ≤ 2022, cohorte 2023 = contrôle",twfe,-7,-0.1057049372128581,0.0168799640065509,-0.1387890587260303,-0.07262081569968591,3.7969523246382083e-10,5558,122276,False," ; fenêtre 2003-2024 ; 5558 traitées, 0 jamais traitées sur la fenêtre ; comparaisons sur la fenêtre identifiée (années < 2023, cohorte 2023 recodée contrôle, 60 unités de contrôle) ; cellules −8 et +8 bornées",event,0.0,5558.0,0.0,0.0,2003.0,2024.0,,,,,,,,,,,
h1,H1,H1,"log(naissances+0,5 / 1 000 f. 15-49)","toutes unités, sans covariables ; fenêtre identifiée ≤ 2022, cohorte 2023 = contrôle",twfe,-6,-0.09266001735717579,0.014420857606280238,-0.12092437889166555,-0.06439565582268603,1.3150888143012364e-10,5558,122276,False," ; fenêtre 2003-2024 ; 5558 traitées, 0 jamais traitées sur la fenêtre ; comparaisons sur la fenêtre identifiée (années < 2023, cohorte 2023 recodée contrôle, 60 unités de contrôle) ; cellules −8 et +8 bornées",event,0.0,5558.0,0.0,0.0,2003.0,2024.0,,,,,,,,,,,
h1,H1,H1,"log(naissances+0,5 / 1 000 f. 15-49)","toutes unités, sans covariables ; fenêtre identifiée ≤ 2022, cohorte 2023 = contrôle",twfe,-5,-0.08012437845269374,0.011857751444734744,-0.10336514422200163,-0.05688361268338585,1.4075104001452782e-11,5558,122276,False," ; fenêtre 2003-2024 ; 5558 traitées, 0 jamais traitées sur la fenêtre ; comparaisons sur la fenêtre identifiée (années < 2023, cohorte 2023 recodée contrôle, 60 unités de contrôle) ; cellules −8 et +8 bornées",event,0.0,5558.0,0.0,0.0,2003.0,2024.0,,,,,,,,,,,
h1,H1,H1,"log(naissances+0,5 / 1 000 f. 15-49)","toutes unités, sans covariables ; fenêtre identifiée ≤ 2022, cohorte 2023 = contrôle",twfe,-4,-0.060514582160999336,0.009226178390798936,-0.07859755952190696,-0.04243160480009171,5.4166728252184916e-11,5558,122276,False," ; fenêtre 2003-2024 ; 5558 traitées, 0 jamais traitées sur la fenêtre ; comparaisons sur la fenêtre identifiée (années < 2023, cohorte 2023 recodée contrôle, 60 unités de contrôle) ; cellules −8 et +8 bornées",event,0.0,5558.0,0.0,0.0,2003.0,2024.0,,,,,,,,,,,
h1,H1,H1,"log(naissances+0,5 / 1 000 f. 15-49)","toutes unités, sans covariables ; fenêtre identifiée ≤ 2022, cohorte 2023 = contrôle",twfe,-3,-0.03826851002387842,0.00669153296143075,-0.05138367362964534,-0.025153346418111497,1.0718738115001055e-08,5558,122276,False," ; fenêtre 2003-2024 ; 5558 traitées, 0 jamais traitées sur la fenêtre ; comparaisons sur la fenêtre identifiée (années < 2023, cohorte 2023 recodée contrôle, 60 unités de contrôle) ; cellules −8 et +8 bornées",event,0.0,5558.0,0.0,0.0,2003.0,2024.0,,,,,,,,,,,
h1,H1,H1,"log(naissances+0,5 / 1 000 f. 15-49)","toutes unités, sans covariables ; fenêtre identifiée ≤ 2022, cohorte 2023 = contrôle",twfe,-2,-0.020300144875368072,0.004025884822567608,-0.02819073413350701,-0.012409555617229135,4.5971514336019123e-07,5558,122276,False," ; fenêtre 2003-2024 ; 5558 traitées, 0 jamais traitées sur la fenêtre ; comparaisons sur la fenêtre identifiée (années < 2023, cohorte 2023 recodée contrôle, 60 unités de contrôle) ; cellules −8 et +8 bornées",event,0.0,5558.0,0.0,0.0,2003.0,2024.0,,,,,,,,,,,
h1,H1,H1,"log(naissances+0,5 / 1 000 f. 15-49)","toutes unités, sans covariables ; fenêtre identifiée ≤ 2022, cohorte 2023 = contrôle",twfe,0,0.015092186108819634,0.003883967504234508,0.007479749683396078,0.022704622534243192,0.00010200802803363843,5558,122276,False," ; fenêtre 2003-2024 ; 5558 traitées, 0 jamais traitées sur la fenêtre ; comparaisons sur la fenêtre identifiée (années < 2023, cohorte 2023 recodée contrôle, 60 unités de contrôle) ; cellules −8 et +8 bornées",event,0.0,5558.0,0.0,0.0,2003.0,2024.0,,,,,,,,,,,
h1,H1,H1,"log(naissances+0,5 / 1 000 f. 15-49)","toutes unités, sans covariables ; fenêtre identifiée ≤ 2022, cohorte 2023 = contrôle",twfe,1,0.026302014804893744,0.006406293754597669,0.013745909771498433,0.03885811983828905,4.0317551074457355e-05,5558,122276,False," ; fenêtre 2003-2024 ; 5558 traitées, 0 jamais traitées sur la fenêtre ; comparaisons sur la fenêtre identifiée (années < 2023, cohorte 2023 recodée contrôle, 60 unités de contrôle) ; cellules −8 et +8 bornées",event,0.0,5558.0,0.0,0.0,2003.0,2024.0,,,,,,,,,,,
h1,H1,H1,"log(naissances+0,5 / 1 000 f. 15-49)","toutes unités, sans covariables ; fenêtre identifiée ≤ 2022, cohorte 2023 = contrôle",twfe,2,0.0328404908477908,0.009146287824430605,0.014914096119669613,0.050766885575911996,0.0003299411796038588,5558,122276,False," ; fenêtre 2003-2024 ; 5558 traitées, 0 jamais traitées sur la fenêtre ; comparaisons sur la fenêtre identifiée (années < 2023, cohorte 2023 recodée contrôle, 60 unités de contrôle) ; cellules −8 et +8 bornées",event,0.0,5558.0,0.0,0.0,2003.0,2024.0,,,,,,,,,,,
h1,H1,H1,"log(naissances+0,5 / 1 000 f. 15-49)","toutes unités, sans covariables ; fenêtre identifiée ≤ 2022, cohorte 2023 = contrôle",twfe,3,0.04414784728679684,0.011917684662731015,0.02078961456873867,0.06750608000485502,0.0002118933435348602,5558,122276,False," ; fenêtre 2003-2024 ; 5558 traitées, 0 jamais traitées sur la fenêtre ; comparaisons sur la fenêtre identifiée (années < 2023, cohorte 2023 recodée contrôle, 60 unités de contrôle) ; cellules −8 et +8 bornées",event,0.0,5558.0,0.0,0.0,2003.0,2024.0,,,,,,,,,,,
h1,H1,H1,"log(naissances+0,5 / 1 000 f. 15-49)","toutes unités, sans covariables ; fenêtre identifiée ≤ 2022, cohorte 2023 = contrôle",twfe,4,0.03734132855146871,0.014755522594705629,0.008421035692778672,0.06626162141015875,0.011384555726512875,5558,122276,False," ; fenêtre 2003-2024 ; 5558 traitées, 0 jamais traitées sur la fenêtre ; comparaisons sur la fenêtre identifiée (années < 2023, cohorte 2023 recodée contrôle, 60 unités de contrôle) ; cellules −8 et +8 bornées",event,0.0,5558.0,0.0,0.0,2003.0,2024.0,,,,,,,,,,,
h1,H1,H1,"log(naissances+0,5 / 1 000 f. 15-49)","toutes unités, sans covariables ; fenêtre identifiée ≤ 2022, cohorte 2023 = contrôle",twfe,5,0.0348165764693252,0.017262924571567025,0.0009818660412222874,0.06865128689742811,0.043712094171577794,5558,122276,False," ; fenêtre 2003-2024 ; 5558 traitées, 0 jamais traitées sur la fenêtre ; comparaisons sur la fenêtre identifiée (années < 2023, cohorte 2023 recodée contrôle, 60 unités de contrôle) ; cellules −8 et +8 bornées",event,0.0,5558.0,0.0,0.0,2003.0,2024.0,,,,,,,,,,,
h1,H1,H1,"log(naissances+0,5 / 1 000 f. 15-49)","toutes unités, sans covariables ; fenêtre identifiée ≤ 2022, cohorte 2023 = contrôle",twfe,6,0.03842671340289137,0.019462532956887376,0.00028084975946826574,0.07657257704631447,0.04833692994269326,5558,122276,False," ; fenêtre 2003-2024 ; 5558 traitées, 0 jamais traitées sur la fenêtre ; comparaisons sur la fenêtre identifiée (années < 2023, cohorte 2023 recodée contrôle, 60 unités de contrôle) ; cellules −8 et +8 bornées",event,0.0,5558.0,0.0,0.0,2003.0,2024.0,,,,,,,,,,,
h1,H1,H1,"log(naissances+0,5 / 1 000 f. 15-49)","toutes unités, sans covariables ; fenêtre identifiée ≤ 2022, cohorte 2023 = contrôle",twfe,7,0.04182693539769984,0.022088412951864905,-0.0014655584636034322,0.08511942925900312,0.05827621939805025,5558,122276,False," ; fenêtre 2003-2024 ; 5558 traitées, 0 jamais traitées sur la fenêtre ; comparaisons sur la fenêtre identifiée (années < 2023, cohorte 2023 recodée contrôle, 60 unités de contrôle) ; cellules −8 et +8 bornées",event,0.0,5558.0,0.0,0.0,2003.0,2024.0,,,,,,,,,,,
h1,H1,H1,"log(naissances+0,5 / 1 000 f. 15-49)","toutes unités, sans covariables ; fenêtre identifiée ≤ 2022, cohorte 2023 = contrôle",twfe,8,0.021298353383060895,0.02429180671446102,-0.026312712896690967,0.06890941966281275,0.38061099521576747,5558,122276,False," ; fenêtre 2003-2024 ; 5558 traitées, 0 jamais traitées sur la fenêtre ; comparaisons sur la fenêtre identifiée (années < 2023, cohorte 2023 recodée contrôle, 60 unités de contrôle) ; cellules −8 et +8 bornées",event,0.0,5558.0,0.0,0.0,2003.0,2024.0,,,,,,,,,,,
h1,H1,H1,"log(naissances+0,5 / 1 000 f. 15-49)","toutes unités, sans covariables ; fenêtre identifiée ≤ 2022, cohorte 2023 = contrôle",twfe,"ATT[1,5]",0.03508965159205506,0.01163416046197664,0.012287116096220966,0.05789218708788915,0.0025605894652753515,5558,122276,False," ; fenêtre 2003-2024 ; 5558 traitées, 0 jamais traitées sur la fenêtre ; comparaisons sur la fenêtre identifiée (années < 2023, cohorte 2023 recodée contrôle, 60 unités de contrôle) ; écart-type avec covariance complète (w'Vw)",post_avg,0.0,5558.0,0.0,0.0,2003.0,2024.0,,,,,,,,,,,
h1,H1,H1,"log(naissances+0,5 / 1 000 f. 15-49)","toutes unités, sans covariables ; fenêtre identifiée ≤ 2022, cohorte 2023 = contrôle",twfe,Wald pré (-8..−2),60.7106887204082,,,,1.0886299469180144e-10,5558,122276,False,"test de Wald joint, covariance groupée, df = 7 ; fenêtre 2003-2024 ; 5558 traitées, 0 jamais traitées sur la fenêtre",pre_test,0.0,5558.0,0.0,0.0,2003.0,2024.0,,,,,,,,,,,7.0
h1,H1,H1,"log(naissances+0,5 / 1 000 f. 15-49)","toutes unités, sans covariables ; fenêtre identifiée ≤ 2022, cohorte 2023 = contrôle",twfe,ATT,0.03019059133880502,0.00548828761322986,0.019433745280077203,0.04094743739753284,3.77830144169584e-08,5558,122276,False," ; fenêtre 2003-2024 ; 5558 traitées, 0 jamais traitées sur la fenêtre ; comparaisons sur la fenêtre identifiée (années < 2023, cohorte 2023 recodée contrôle, 60 unités de contrôle)",static,0.0,5558.0,0.0,0.0,2003.0,2024.0,,,,,,,,,,,
h1,H1,H1,"log(naissances+0,5 / 1 000 f. 15-49)","toutes unités, sans covariables ; fenêtre complète",twfe,ATT,0.03207289349183424,0.00510722706290863,0.022062912387665043,0.04208287459600343,3.387830782067051e-10,5558,122276,True," ; fenêtre 2003-2024 ; 5558 traitées, 0 jamais traitées sur la fenêtre ; TWFE sur toutes les années (identification par le calendrier des bascules seulement)",static,0.0,5558.0,0.0,0.0,2003.0,2024.0,,,,,,,,,,,
h1,H1,H1,"log(naissances+0,5 / 1 000 f. 15-49)","toutes unités, sans covariables ; fenêtre identifiée ≤ 2022, cohorte 2023 = contrôle",twfe_poisson,ATT (log du taux contrefactuel),0.07789468496574502,0.004346352531588167,0.06937599053971773,0.08641337939177231,7.963297266567378e-72,5558,122276,False," ; fenêtre 2003-2024 ; 5558 traitées, 0 jamais traitées sur la fenêtre ; comparaisons sur la fenêtre identifiée (années < 2023, cohorte 2023 recodée contrôle, 60 unités de contrôle) ; Poisson à effets fixes, offset = log(women)",static,0.0,5558.0,0.0,0.0,2003.0,2024.0,,,,,,,,,,,
h1,H1,H1,"log(naissances+0,5 / 1 000 f. 15-49)","toutes unités, sans covariables ; fenêtre identifiée ≤ 2022, cohorte 2023 = contrôle",twfe_poisson,ATT en % du taux contrefactuel,8.100880619554541,0.4698445361477111,7.183913469823966,9.02569249827907,7.963297266567378e-72,5558,122276,False," ; fenêtre 2003-2024 ; 5558 traitées, 0 jamais traitées sur la fenêtre ; comparaisons sur la fenêtre identifiée (années < 2023, cohorte 2023 recodée contrôle, 60 unités de contrôle) ; Poisson à effets fixes, offset = log(women)",static,0.0,5558.0,0.0,0.0,2003.0,2024.0,,,,,,,,,,,
h1,H1,H1,"log(naissances+0,5 / 1 000 f. 15-49)","covariables, contrôle = jamais traités",cs,non estimable,,,,,,0,0,False,aucune unité jamais traitée sur la fenêtre : contrôle = pas encore traités seulement,note,,,,,,,,,,,,,,,,,
h1,H1,H1,naissances / 1 000 f. 15-49 (taux brut),unités avec covariables,cs,-8,-4.897663963169122,2.4582030359708007,-9.71565338035891,-0.07967454597933354,0.04632985289076868,5558,122276,False," ; covariables : log_pop, share_women_1549, level_pre, pretrend_pre (doublement robuste) ; contrôle = not_yet_treated ; fenêtre 2003-2024 ; 5558 traitées, 0 jamais traitées sur la fenêtre ; ATT(g,t) identifiés jusqu'en 2022 (sans unité jamais traitée, la dernière cohorte sert de contrôle)",event,0.0,5558.0,0.0,0.0,2003.0,2024.0,2003.0,2022.0,5558.0,5.0,dr,9.0,5498.0,,,,
h1,H1,H1,naissances / 1 000 f. 15-49 (taux brut),unités avec covariables,cs,-7,-1.8422149701646098,0.8787218991182897,-3.5644782448630963,-0.11995169546612328,0.03604043069822482,5558,122276,False," ; covariables : log_pop, share_women_1549, level_pre, pretrend_pre (doublement robuste) ; contrôle = not_yet_treated ; fenêtre 2003-2024 ; 5558 traitées, 0 jamais traitées sur la fenêtre ; ATT(g,t) identifiés jusqu'en 2022 (sans unité jamais traitée, la dernière cohorte sert de contrôle)",event,0.0,5558.0,0.0,0.0,2003.0,2024.0,2003.0,2022.0,5558.0,5.0,dr,9.0,5498.0,,,,
h1,H1,H1,naissances / 1 000 f. 15-49 (taux brut),unités avec covariables,cs,-6,-0.7173331803074281,0.42018606941273207,-1.5408827431618302,0.10621638254697396,0.08778863378427477,5558,122276,False," ; covariables : log_pop, share_women_1549, level_pre, pretrend_pre (doublement robuste) ; contrôle = not_yet_treated ; fenêtre 2003-2024 ; 5558 traitées, 0 jamais traitées sur la fenêtre ; ATT(g,t) identifiés jusqu'en 2022 (sans unité jamais traitée, la dernière cohorte sert de contrôle)",event,0.0,5558.0,0.0,0.0,2003.0,2024.0,2003.0,2022.0,5558.0,5.0,dr,9.0,5498.0,,,,
h1,H1,H1,naissances / 1 000 f. 15-49 (taux brut),unités avec covariables,cs,-5,-0.8714793298786409,0.48636148307393184,-1.8247303201710343,0.08177166041375261,0.073159465789354,5558,122276,False," ; covariables : log_pop, share_women_1549, level_pre, pretrend_pre (doublement robuste) ; contrôle = not_yet_treated ; fenêtre 2003-2024 ; 5558 traitées, 0 jamais traitées sur la fenêtre ; ATT(g,t) identifiés jusqu'en 2022 (sans unité jamais traitée, la dernière cohorte sert de contrôle)",event,0.0,5558.0,0.0,0.0,2003.0,2024.0,2003.0,2022.0,5558.0,5.0,dr,9.0,5498.0,,,,
h1,H1,H1,naissances / 1 000 f. 15-49 (taux brut),unités avec covariables,cs,-4,-0.5613057538588124,0.691662824972681,-1.9169399802504983,0.7943284725328734,0.4170608561218664,5558,122276,False," ; covariables : log_pop, share_women_1549, level_pre, pretrend_pre (doublement robuste) ; contrôle = not_yet_treated ; fenêtre 2003-2024 ; 5558 traitées, 0 jamais traitées sur la fenêtre ; ATT(g,t) identifiés jusqu'en 2022 (sans unité jamais traitée, la dernière cohorte sert de contrôle)",event,0.0,5558.0,0.0,0.0,2003.0,2024.0,2003.0,2022.0,5558.0,5.0,dr,9.0,5498.0,,,,
h1,H1,H1,naissances / 1 000 f. 15-49 (taux brut),unités avec covariables,cs,-3,-1.6029028955927145,1.336748837788906,-4.222882474034745,1.017076682849316,0.23048692225126577,5558,122276,False," ; covariables : log_pop, share_women_1549, level_pre, pretrend_pre (doublement robuste) ; contrôle = not_yet_treated ; fenêtre 2003-2024 ; 5558 traitées, 0 jamais traitées sur la fenêtre ; ATT(g,t) identifiés jusqu'en 2022 (sans unité jamais traitée, la dernière cohorte sert de contrôle)",event,0.0,5558.0,0.0,0.0,2003.0,2024.0,2003.0,2022.0,5558.0,5.0,dr,9.0,5498.0,,,,
h1,H1,H1,naissances / 1 000 f. 15-49 (taux brut),unités avec covariables,cs,-2,-1.065319936760447,0.8143414153919011,-2.661399782047945,0.5307599085270509,0.1908061078808454,5558,122276,False," ; covariables : log_pop, share_women_1549, level_pre, pretrend_pre (doublement robuste) ; contrôle = not_yet_treated ; fenêtre 2003-2024 ; 5558 traitées, 0 jamais traitées sur la fenêtre ; ATT(g,t) identifiés jusqu'en 2022 (sans unité jamais traitée, la dernière cohorte sert de contrôle)",event,0.0,5558.0,0.0,0.0,2003.0,2024.0,2003.0,2022.0,5558.0,5.0,dr,9.0,5498.0,,,,
h1,H1,H1,naissances / 1 000 f. 15-49 (taux brut),unités avec covariables,cs,0,0.1776983296476463,0.43640081156684596,-0.6776315438474224,1.033028203142715,0.6838679690830718,5558,122276,False," ; covariables : log_pop, share_women_1549, level_pre, pretrend_pre (doublement robuste) ; contrôle = not_yet_treated ; fenêtre 2003-2024 ; 5558 traitées, 0 jamais traitées sur la fenêtre ; ATT(g,t) identifiés jusqu'en 2022 (sans unité jamais traitée, la dernière cohorte sert de contrôle)",event,0.0,5558.0,0.0,0.0,2003.0,2024.0,2003.0,2022.0,5558.0,5.0,dr,9.0,5498.0,,,,
h1,H1,H1,naissances / 1 000 f. 15-49 (taux brut),unités avec covariables,cs,1,1.2346083944847646,1.6320043541685594,-1.9640613622981626,4.433278151267691,0.44935053719190965,5558,122276,False," ; covariables : log_pop, share_women_1549, level_pre, pretrend_pre (doublement robuste) ; contrôle = not_yet_treated ; fenêtre 2003-2024 ; 5558 traitées, 0 jamais traitées sur la fenêtre ; ATT(g,t) identifiés jusqu'en 2022 (sans unité jamais traitée, la dernière cohorte sert de contrôle)",event,0.0,5558.0,0.0,0.0,2003.0,2024.0,2003.0,2022.0,5558.0,5.0,dr,8.0,5438.0,,,,
h1,H1,H1,naissances / 1 000 f. 15-49 (taux brut),unités avec covariables,cs,2,2.4963973448563754,1.6364915493943222,-0.7110671529606472,5.703861842673398,0.12714517295260908,5558,122276,False," ; covariables : log_pop, share_women_1549, level_pre, pretrend_pre (doublement robuste) ; contrôle = not_yet_treated ; fenêtre 2003-2024 ; 5558 traitées, 0 jamais traitées sur la fenêtre ; ATT(g,t) identifiés jusqu'en 2022 (sans unité jamais traitée, la dernière cohorte sert de contrôle)",event,0.0,5558.0,0.0,0.0,2003.0,2024.0,2003.0,2022.0,5558.0,5.0,dr,7.0,5268.0,,,,
h1,H1,H1,naissances / 1 000 f. 15-49 (taux brut),unités avec covariables,cs,3,0.38992052913893094,1.3378477958855943,-2.2322129675931275,3.0120540258709894,0.7707044415502835,5558,122276,False," ; covariables : log_pop, share_women_1549, level_pre, pretrend_pre (doublement robuste) ; contrôle = not_yet_treated ; fenêtre 2003-2024 ; 5558 traitées, 0 jamais traitées sur la fenêtre ; ATT(g,t) identifiés jusqu'en 2022 (sans unité jamais traitée, la dernière cohorte sert de contrôle)",event,0.0,5558.0,0.0,0.0,2003.0,2024.0,2003.0,2022.0,5558.0,5.0,dr,6.0,4844.0,,,,
h1,H1,H1,naissances / 1 000 f. 15-49 (taux brut),unités avec covariables,cs,4,-3.4076481385213127,1.1216080910554276,-5.605959601758672,-1.2093366752839532,0.002380111280026335,5558,122276,False," ; covariables : log_pop, share_women_1549, level_pre, pretrend_pre (doublement robuste) ; contrôle = not_yet_treated ; fenêtre 2003-2024 ; 5558 traitées, 0 jamais traitées sur la fenêtre ; ATT(g,t) identifiés jusqu'en 2022 (sans unité jamais traitée, la dernière cohorte sert de contrôle)",event,0.0,5558.0,0.0,0.0,2003.0,2024.0,2003.0,2022.0,5558.0,5.0,dr,5.0,4445.0,,,,
h1,H1,H1,naissances / 1 000 f. 15-49 (taux brut),unités avec covariables,cs,5,-7.314074335643994,2.714737550614806,-12.634862162327497,-1.9932865089604919,0.007055559558282789,5558,122276,False," ; covariables : log_pop, share_women_1549, level_pre, pretrend_pre (doublement robuste) ; contrôle = not_yet_treated ; fenêtre 2003-2024 ; 5558 traitées, 0 jamais traitées sur la fenêtre ; ATT(g,t) identifiés jusqu'en 2022 (sans unité jamais traitée, la dernière cohorte sert de contrôle)",event,0.0,5558.0,0.0,0.0,2003.0,2024.0,2003.0,2022.0,5558.0,5.0,dr,4.0,3767.0,,,,
h1,H1,H1,naissances / 1 000 f. 15-49 (taux brut),unités avec covariables,cs,6,-10.209854013865453,4.168804077686822,-18.38055986473534,-2.0391481629955646,0.01432102523711639,5558,122276,False," ; covariables : log_pop, share_women_1549, level_pre, pretrend_pre (doublement robuste) ; contrôle = not_yet_treated ; fenêtre 2003-2024 ; 5558 traitées, 0 jamais traitées sur la fenêtre ; ATT(g,t) identifiés jusqu'en 2022 (sans unité jamais traitée, la dernière cohorte sert de contrôle)",event,0.0,5558.0,0.0,0.0,2003.0,2024.0,2003.0,2022.0,5558.0,5.0,dr,3.0,1032.0,,,,
h1,H1,H1,naissances / 1 000 f. 15-49 (taux brut),unités avec covariables,cs,7,-11.125957077167472,4.815361442131609,-20.563892076288283,-1.6880220780466626,0.020859748237075707,5558,122276,False," ; covariables : log_pop, share_women_1549, level_pre, pretrend_pre (doublement robuste) ; contrôle = not_yet_treated ; fenêtre 2003-2024 ; 5558 traitées, 0 jamais traitées sur la fenêtre ; ATT(g,t) identifiés jusqu'en 2022 (sans unité jamais traitée, la dernière cohorte sert de contrôle)",event,0.0,5558.0,0.0,0.0,2003.0,2024.0,2003.0,2022.0,5558.0,5.0,dr,2.0,481.0,,,,
h1,H1,H1,naissances / 1 000 f. 15-49 (taux brut),unités avec covariables,cs,8,-20.75528773984119,10.443335226660311,-41.22384866257384,-0.2867268171085371,0.04687593206897679,5558,122276,False," ; covariables : log_pop, share_women_1549, level_pre, pretrend_pre (doublement robuste) ; contrôle = not_yet_treated ; fenêtre 2003-2024 ; 5558 traitées, 0 jamais traitées sur la fenêtre ; ATT(g,t) identifiés jusqu'en 2022 (sans unité jamais traitée, la dernière cohorte sert de contrôle)",event,0.0,5558.0,0.0,0.0,2003.0,2024.0,2003.0,2022.0,5558.0,5.0,dr,1.0,187.0,,,,
h1,H1,H1,naissances / 1 000 f. 15-49 (taux brut),unités avec covariables,cs,"ATT[1,5]",-1.3201592411370473,1.15312206618989,-3.5802369606476443,0.9399184783735495,0.2522686246024677,5558,122276,False," ; covariables : log_pop, share_women_1549, level_pre, pretrend_pre (doublement robuste) ; contrôle = not_yet_treated ; fenêtre 2003-2024 ; 5558 traitées, 0 jamais traitées sur la fenêtre ; ATT(g,t) identifiés jusqu'en 2022 (sans unité jamais traitée, la dernière cohorte sert de contrôle) ; écart-type avec covariance complète des coefficients (fonctions d'influence)",post_avg,0.0,5558.0,0.0,0.0,2003.0,2024.0,2003.0,2022.0,5558.0,5.0,dr,,,,,5.0,
h1,H1,H1,naissances / 1 000 f. 15-49 (taux brut),unités avec covariables,cs,ATT,-1.2835247215895318,1.0256892311735912,-3.293838674020348,0.7267892308412847,0.21079667710177652,5558,122276,False," ; covariables : log_pop, share_women_1549, level_pre, pretrend_pre (doublement robuste) ; contrôle = not_yet_treated ; fenêtre 2003-2024 ; 5558 traitées, 0 jamais traitées sur la fenêtre ; ATT(g,t) identifiés jusqu'en 2022 (sans unité jamais traitée, la dernière cohorte sert de contrôle) ; moyenne de tous les ATT(g,t) post",simple,0.0,5558.0,0.0,0.0,2003.0,2024.0,2003.0,2022.0,5558.0,5.0,dr,,,,,,
h1,H1,H1,naissances / 1 000 f. 15-49 (taux brut),unités avec covariables,cs,Wald pré (-8..-2),18.053885459334126,,,,0.011729233019535528,5558,122276,False,"H5c : test de Wald joint de nullité des coefficients pré avec covariance des fonctions d'influence, df = 7 ; fenêtre 2003-2024 ; 5558 traitées, 0 jamais traitées sur la fenêtre",pre_test,0.0,5558.0,0.0,0.0,2003.0,2024.0,2003.0,2022.0,5558.0,5.0,dr,,,,,,7.0
h1,H1,H1,asinh(taux),unités avec covariables,cs,-8,0.03633363212801228,0.022479691541610034,-0.007725753677113076,0.08039301793313763,0.10603228652824088,5558,122276,False," ; covariables : log_pop, share_women_1549, level_pre, pretrend_pre (doublement robuste) ; contrôle = not_yet_treated ; fenêtre 2003-2024 ; 5558 traitées, 0 jamais traitées sur la fenêtre ; ATT(g,t) identifiés jusqu'en 2022 (sans unité jamais traitée, la dernière cohorte sert de contrôle)",event,0.0,5558.0,0.0,0.0,2003.0,2024.0,2003.0,2022.0,5558.0,5.0,dr,9.0,5498.0,,,,
h1,H1,H1,asinh(taux),unités avec covariables,cs,-7,0.0997475789746028,0.06584600032353889,-0.029308210185546177,0.22880336813475177,0.12980745064670818,5558,122276,False," ; covariables : log_pop, share_women_1549, level_pre, pretrend_pre (doublement robuste) ; contrôle = not_yet_treated ; fenêtre 2003-2024 ; 5558 traitées, 0 jamais traitées sur la fenêtre ; ATT(g,t) identifiés jusqu'en 2022 (sans unité jamais traitée, la dernière cohorte sert de contrôle)",event,0.0,5558.0,0.0,0.0,2003.0,2024.0,2003.0,2022.0,5558.0,5.0,dr,9.0,5498.0,,,,
h1,H1,H1,asinh(taux),unités avec covariables,cs,-6,0.059746461932474765,0.0351485140260924,-0.009143359668767267,0.1286362835337168,0.0891631030921812,5558,122276,False," ; covariables : log_pop, share_women_1549, level_pre, pretrend_pre (doublement robuste) ; contrôle = not_yet_treated ; fenêtre 2003-2024 ; 5558 traitées, 0 jamais traitées sur la fenêtre ; ATT(g,t) identifiés jusqu'en 2022 (sans unité jamais traitée, la dernière cohorte sert de contrôle)",event,0.0,5558.0,0.0,0.0,2003.0,2024.0,2003.0,2022.0,5558.0,5.0,dr,9.0,5498.0,,,,
h1,H1,H1,asinh(taux),unités avec covariables,cs,-5,0.02900090517467156,0.02147323941668137,-0.013085870713429811,0.07108768106277293,0.17683631772861508,5558,122276,False," ; covariables : log_pop, share_women_1549, level_pre, pretrend_pre (doublement robuste) ; contrôle = not_yet_treated ; fenêtre 2003-2024 ; 5558 traitées, 0 jamais traitées sur la fenêtre ; ATT(g,t) identifiés jusqu'en 2022 (sans unité jamais traitée, la dernière cohorte sert de contrôle)",event,0.0,5558.0,0.0,0.0,2003.0,2024.0,2003.0,2022.0,5558.0,5.0,dr,9.0,5498.0,,,,
h1,H1,H1,asinh(taux),unités avec covariables,cs,-4,0.04252925339843632,0.028177736984744284,-0.012698096257504732,0.09775660305437738,0.1312167413375974,5558,122276,False," ; covariables : log_pop, share_women_1549, level_pre, pretrend_pre (doublement robuste) ; contrôle = not_yet_treated ; fenêtre 2003-2024 ; 5558 traitées, 0 jamais traitées sur la fenêtre ; ATT(g,t) identifiés jusqu'en 2022 (sans unité jamais traitée, la dernière cohorte sert de contrôle)",event,0.0,5558.0,0.0,0.0,2003.0,2024.0,2003.0,2022.0,5558.0,5.0,dr,9.0,5498.0,,,,
h1,H1,H1,asinh(taux),unités avec covariables,cs,-3,-0.013897287896565809,0.017145086693791674,-0.0475010403282144,0.019706464535082784,0.41761281919765636,5558,122276,False," ; covariables : log_pop, share_women_1549, level_pre, pretrend_pre (doublement robuste) ; contrôle = not_yet_treated ; fenêtre 2003-2024 ; 5558 traitées, 0 jamais traitées sur la fenêtre ; ATT(g,t) identifiés jusqu'en 2022 (sans unité jamais traitée, la dernière cohorte sert de contrôle)",event,0.0,5558.0,0.0,0.0,2003.0,2024.0,2003.0,2022.0,5558.0,5.0,dr,9.0,5498.0,,,,
h1,H1,H1,asinh(taux),unités avec covariables,cs,-2,-0.010681597298049132,0.011765379853371057,-0.033741318075089545,0.012378123478991282,0.36393963868820334,5558,122276,False," ; covariables : log_pop, share_women_1549, level_pre, pretrend_pre (doublement robuste) ; contrôle = not_yet_treated ; fenêtre 2003-2024 ; 5558 traitées, 0 jamais traitées sur la fenêtre ; ATT(g,t) identifiés jusqu'en 2022 (sans unité jamais traitée, la dernière cohorte sert de contrôle)",event,0.0,5558.0,0.0,0.0,2003.0,2024.0,2003.0,2022.0,5558.0,5.0,dr,9.0,5498.0,,,,
h1,H1,H1,asinh(taux),unités avec covariables,cs,0,0.0041641600094261075,0.006652133265972761,-0.008873781612241309,0.017202101631093522,0.531322377407017,5558,122276,False," ; covariables : log_pop, share_women_1549, level_pre, pretrend_pre (doublement robuste) ; contrôle = not_yet_treated ; fenêtre 2003-2024 ; 5558 traitées, 0 jamais traitées sur la fenêtre ; ATT(g,t) identifiés jusqu'en 2022 (sans unité jamais traitée, la dernière cohorte sert de contrôle)",event,0.0,5558.0,0.0,0.0,2003.0,2024.0,2003.0,2022.0,5558.0,5.0,dr,9.0,5498.0,,,,
h1,H1,H1,asinh(taux),unités avec covariables,cs,1,0.02190298215772375,0.02718230748804211,-0.03137336153553222,0.07517932585097971,0.42036923610824406,5558,122276,False," ; covariables : log_pop, share_women_1549, level_pre, pretrend_pre (doublement robuste) ; contrôle = not_yet_treated ; fenêtre 2003-2024 ; 5558 traitées, 0 jamais traitées sur la fenêtre ; ATT(g,t) identifiés jusqu'en 2022 (sans unité jamais traitée, la dernière cohorte sert de contrôle)",event,0.0,5558.0,0.0,0.0,2003.0,2024.0,2003.0,2022.0,5558.0,5.0,dr,8.0,5438.0,,,,
h1,H1,H1,asinh(taux),unités avec covariables,cs,2,0.03107326399622863,0.02645858835825465,-0.02078461626772124,0.0829311442601785,0.24023033873000343,5558,122276,False," ; covariables : log_pop, share_women_1549, level_pre, pretrend_pre (doublement robuste) ; contrôle = not_yet_treated ; fenêtre 2003-2024 ; 5558 traitées, 0 jamais traitées sur la fenêtre ; ATT(g,t) identifiés jusqu'en 2022 (sans unité jamais traitée, la dernière cohorte sert de contrôle)",event,0.0,5558.0,0.0,0.0,2003.0,2024.0,2003.0,2022.0,5558.0,5.0,dr,7.0,5268.0,,,,
h1,H1,H1,asinh(taux),unités avec covariables,cs,3,-0.011828791076577076,0.019793767063134356,-0.050623861638695575,0.026966279485541422,0.5501056544421804,5558,122276,False," ; covariables : log_pop, share_women_1549, level_pre, pretrend_pre (doublement robuste) ; contrôle = not_yet_treated ; fenêtre 2003-2024 ; 5558 traitées, 0 jamais traitées sur la fenêtre ; ATT(g,t) identifiés jusqu'en 2022 (sans unité jamais traitée, la dernière cohorte sert de contrôle)",event,0.0,5558.0,0.0,0.0,2003.0,2024.0,2003.0,2022.0,5558.0,5.0,dr,6.0,4844.0,,,,
h1,H1,H1,asinh(taux),unités avec covariables,cs,4,-0.0746643714810957,0.021820371727774592,-0.11743151419680993,-0.031897228765381466,0.0006221409943232539,5558,122276,False," ; covariables : log_pop, share_women_1549, level_pre, pretrend_pre (doublement robuste) ; contrôle = not_yet_treated ; fenêtre 2003-2024 ; 5558 traitées, 0 jamais traitées sur la fenêtre ; ATT(g,t) identifiés jusqu'en 2022 (sans unité jamais traitée, la dernière cohorte sert de contrôle)",event,0.0,5558.0,0.0,0.0,2003.0,2024.0,2003.0,2022.0,5558.0,5.0,dr,5.0,4445.0,,,,
h1,H1,H1,asinh(taux),unités avec covariables,cs,5,-0.1480679239418435,0.04845158630696517,-0.2430312880973293,-0.053104559786357725,0.0022431316766778554,5558,122276,False," ; covariables : log_pop, share_women_1549, level_pre, pretrend_pre (doublement robuste) ; contrôle = not_yet_treated ; fenêtre 2003-2024 ; 5558 traitées, 0 jamais traitées sur la fenêtre ; ATT(g,t) identifiés jusqu'en 2022 (sans unité jamais traitée, la dernière cohorte sert de contrôle)",event,0.0,5558.0,0.0,0.0,2003.0,2024.0,2003.0,2022.0,5558.0,5.0,dr,4.0,3767.0,,,,
h1,H1,H1,asinh(taux),unités avec covariables,cs,6,-0.24521545728792807,0.09372118387648984,-0.4289056022743042,-0.061525312301551977,0.00888530811345622,5558,122276,False," ; covariables : log_pop, share_women_1549, level_pre, pretrend_pre (doublement robuste) ; contrôle = not_yet_treated ; fenêtre 2003-2024 ; 5558 traitées, 0 jamais traitées sur la fenêtre ; ATT(g,t) identifiés jusqu'en 2022 (sans unité jamais traitée, la dernière cohorte sert de contrôle)",event,0.0,5558.0,0.0,0.0,2003.0,2024.0,2003.0,2022.0,5558.0,5.0,dr,3.0,1032.0,,,,
h1,H1,H1,asinh(taux),unités avec covariables,cs,7,-0.2949156785236534,0.12025960707850145,-0.5306201771924544,-0.05921117985485244,0.014193627746429235,5558,122276,False," ; covariables : log_pop, share_women_1549, level_pre, pretrend_pre (doublement robuste) ; contrôle = not_yet_treated ; fenêtre 2003-2024 ; 5558 traitées, 0 jamais traitées sur la fenêtre ; ATT(g,t) identifiés jusqu'en 2022 (sans unité jamais traitée, la dernière cohorte sert de contrôle)",event,0.0,5558.0,0.0,0.0,2003.0,2024.0,2003.0,2022.0,5558.0,5.0,dr,2.0,481.0,,,,
h1,H1,H1,asinh(taux),unités avec covariables,cs,8,-0.5149692305970165,0.22592778911459838,-0.9577795603683898,-0.07215890082564319,0.02264607754807177,5558,122276,False," ; covariables : log_pop, share_women_1549, level_pre, pretrend_pre (doublement robuste) ; contrôle = not_yet_treated ; fenêtre 2003-2024 ; 5558 traitées, 0 jamais traitées sur la fenêtre ; ATT(g,t) identifiés jusqu'en 2022 (sans unité jamais traitée, la dernière cohorte sert de contrôle)",event,0.0,5558.0,0.0,0.0,2003.0,2024.0,2003.0,2022.0,5558.0,5.0,dr,1.0,187.0,,,,
h1,H1,H1,asinh(taux),unités avec covariables,cs,"ATT[1,5]",-0.03631696806911278,0.019463030593757414,-0.07446380706287853,0.0018298709246529696,0.06204889226768528,5558,122276,False," ; covariables : log_pop, share_women_1549, level_pre, pretrend_pre (doublement robuste) ; contrôle = not_yet_treated ; fenêtre 2003-2024 ; 5558 traitées, 0 jamais traitées sur la fenêtre ; ATT(g,t) identifiés jusqu'en 2022 (sans unité jamais traitée, la dernière cohorte sert de contrôle) ; écart-type avec covariance complète des coefficients (fonctions d'influence)",post_avg,0.0,5558.0,0.0,0.0,2003.0,2024.0,2003.0,2022.0,5558.0,5.0,dr,,,,,5.0,
h1,H1,H1,asinh(taux),unités avec covariables,cs,ATT,-0.03657857818709098,0.01754446478339604,-0.07096509729057854,-0.002192059083603419,0.037077739276980735,5558,122276,False," ; covariables : log_pop, share_women_1549, level_pre, pretrend_pre (doublement robuste) ; contrôle = not_yet_treated ; fenêtre 2003-2024 ; 5558 traitées, 0 jamais traitées sur la fenêtre ; ATT(g,t) identifiés jusqu'en 2022 (sans unité jamais traitée, la dernière cohorte sert de contrôle) ; moyenne de tous les ATT(g,t) post",simple,0.0,5558.0,0.0,0.0,2003.0,2024.0,2003.0,2022.0,5558.0,5.0,dr,,,,,,
h1,H1,H1,asinh(taux),unités avec covariables,cs,Wald pré (-8..-2),4.956483823045138,,,,0.665273841791416,5558,122276,False,"H5c : test de Wald joint de nullité des coefficients pré avec covariance des fonctions d'influence, df = 7 ; fenêtre 2003-2024 ; 5558 traitées, 0 jamais traitées sur la fenêtre",pre_test,0.0,5558.0,0.0,0.0,2003.0,2024.0,2003.0,2022.0,5558.0,5.0,dr,,,,,,7.0
h1,H1,H1,"log(naissances+0,5 / 1 000 f. 15-49)","unités avec covariables, référence −2 (anticipation = 1)",cs,-8,0.049651906767795274,0.032069429953030706,-0.013203020944874945,0.1125068344804655,0.12155902677154105,5558,122276,True,"complément A2 : année −1 partiellement exposée ; covariables : log_pop, share_women_1549, level_pre, pretrend_pre (doublement robuste) ; contrôle = not_yet_treated ; fenêtre 2003-2024 ; 5558 traitées, 0 jamais traitées sur la fenêtre ; ATT(g,t) identifiés jusqu'en 2021 (sans unité jamais traitée, la dernière cohorte sert de contrôle) ; référence −2",event,0.0,5558.0,0.0,0.0,2003.0,2024.0,2003.0,2021.0,5558.0,5.0,dr,9.0,5498.0,,,,
h1,H1,H1,"log(naissances+0,5 / 1 000 f. 15-49)","unités avec covariables, référence −2 (anticipation = 1)",cs,-7,0.11291946345677054,0.07704936582087984,-0.03809451858380539,0.26393344549734643,0.1427717514451796,5558,122276,True,"complément A2 : année −1 partiellement exposée ; covariables : log_pop, share_women_1549, level_pre, pretrend_pre (doublement robuste) ; contrôle = not_yet_treated ; fenêtre 2003-2024 ; 5558 traitées, 0 jamais traitées sur la fenêtre ; ATT(g,t) identifiés jusqu'en 2021 (sans unité jamais traitée, la dernière cohorte sert de contrôle) ; référence −2",event,0.0,5558.0,0.0,0.0,2003.0,2024.0,2003.0,2021.0,5558.0,5.0,dr,9.0,5498.0,,,,
h1,H1,H1,"log(naissances+0,5 / 1 000 f. 15-49)","unités avec covariables, référence −2 (anticipation = 1)",cs,-6,0.07102252439826283,0.04460704371380822,-0.016405674737605097,0.15845072353413076,0.11134385513116103,5558,122276,True,"complément A2 : année −1 partiellement exposée ; covariables : log_pop, share_women_1549, level_pre, pretrend_pre (doublement robuste) ; contrôle = not_yet_treated ; fenêtre 2003-2024 ; 5558 traitées, 0 jamais traitées sur la fenêtre ; ATT(g,t) identifiés jusqu'en 2021 (sans unité jamais traitée, la dernière cohorte sert de contrôle) ; référence −2",event,0.0,5558.0,0.0,0.0,2003.0,2024.0,2003.0,2021.0,5558.0,5.0,dr,9.0,5498.0,,,,
h1,H1,H1,"log(naissances+0,5 / 1 000 f. 15-49)","unités avec covariables, référence −2 (anticipation = 1)",cs,-5,0.038773203935062124,0.028917760128074444,-0.017904564429532165,0.0954509722996564,0.17998235102755522,5558,122276,True,"complément A2 : année −1 partiellement exposée ; covariables : log_pop, share_women_1549, level_pre, pretrend_pre (doublement robuste) ; contrôle = not_yet_treated ; fenêtre 2003-2024 ; 5558 traitées, 0 jamais traitées sur la fenêtre ; ATT(g,t) identifiés jusqu'en 2021 (sans unité jamais traitée, la dernière cohorte sert de contrôle) ; référence −2",event,0.0,5558.0,0.0,0.0,2003.0,2024.0,2003.0,2021.0,5558.0,5.0,dr,9.0,5498.0,,,,
h1,H1,H1,"log(naissances+0,5 / 1 000 f. 15-49)","unités avec covariables, référence −2 (anticipation = 1)",cs,-4,0.051002721843608205,0.03523026293658821,-0.018047324677981,0.1200527683651974,0.14770200087638008,5558,122276,True,"complément A2 : année −1 partiellement exposée ; covariables : log_pop, share_women_1549, level_pre, pretrend_pre (doublement robuste) ; contrôle = not_yet_treated ; fenêtre 2003-2024 ; 5558 traitées, 0 jamais traitées sur la fenêtre ; ATT(g,t) identifiés jusqu'en 2021 (sans unité jamais traitée, la dernière cohorte sert de contrôle) ; référence −2",event,0.0,5558.0,0.0,0.0,2003.0,2024.0,2003.0,2021.0,5558.0,5.0,dr,9.0,5498.0,,,,
h1,H1,H1,"log(naissances+0,5 / 1 000 f. 15-49)","unités avec covariables, référence −2 (anticipation = 1)",cs,-3,-0.0034034586926413963,0.00847908568099954,-0.020022161249229776,0.013215243863946981,0.6881296689910239,5558,122276,True,"complément A2 : année −1 partiellement exposée ; covariables : log_pop, share_women_1549, level_pre, pretrend_pre (doublement robuste) ; contrôle = not_yet_treated ; fenêtre 2003-2024 ; 5558 traitées, 0 jamais traitées sur la fenêtre ; ATT(g,t) identifiés jusqu'en 2021 (sans unité jamais traitée, la dernière cohorte sert de contrôle) ; référence −2",event,0.0,5558.0,0.0,0.0,2003.0,2024.0,2003.0,2021.0,5558.0,5.0,dr,9.0,5498.0,,,,
h1,H1,H1,"log(naissances+0,5 / 1 000 f. 15-49)","unités avec covariables, référence −2 (anticipation = 1)",cs,-1,0.010603249453601755,0.01161630551337664,-0.012164290986030522,0.03337078989323403,0.361352910641655,5558,122276,True,"complément A2 : année −1 partiellement exposée ; covariables : log_pop, share_women_1549, level_pre, pretrend_pre (doublement robuste) ; contrôle = not_yet_treated ; fenêtre 2003-2024 ; 5558 traitées, 0 jamais traitées sur la fenêtre ; ATT(g,t) identifiés jusqu'en 2021 (sans unité jamais traitée, la dernière cohorte sert de contrôle) ; référence −2",event,0.0,5558.0,0.0,0.0,2003.0,2024.0,2003.0,2021.0,5558.0,5.0,dr,9.0,5498.0,,,,
h1,H1,H1,"log(naissances+0,5 / 1 000 f. 15-49)","unités avec covariables, référence −2 (anticipation = 1)",cs,0,0.08329308245443919,0.049205888575019605,-0.013148686979890162,0.17973485188876853,0.09050378120317604,5558,122276,True,"complément A2 : année −1 partiellement exposée ; covariables : log_pop, share_women_1549, level_pre, pretrend_pre (doublement robuste) ; contrôle = not_yet_treated ; fenêtre 2003-2024 ; 5558 traitées, 0 jamais traitées sur la fenêtre ; ATT(g,t) identifiés jusqu'en 2021 (sans unité jamais traitée, la dernière cohorte sert de contrôle) ; référence −2",event,0.0,5558.0,0.0,0.0,2003.0,2024.0,2003.0,2021.0,5558.0,5.0,dr,8.0,5438.0,,,,
h1,H1,H1,"log(naissances+0,5 / 1 000 f. 15-49)","unités avec covariables, référence −2 (anticipation = 1)",cs,1,0.008922721201105892,0.017353460325694424,-0.0250894360443999,0.04293487844661168,0.6071294136826272,5558,122276,True,"complément A2 : année −1 partiellement exposée ; covariables : log_pop, share_women_1549, level_pre, pretrend_pre (doublement robuste) ; contrôle = not_yet_treated ; fenêtre 2003-2024 ; 5558 traitées, 0 jamais traitées sur la fenêtre ; ATT(g,t) identifiés jusqu'en 2021 (sans unité jamais traitée, la dernière cohorte sert de contrôle) ; référence −2",event,0.0,5558.0,0.0,0.0,2003.0,2024.0,2003.0,2021.0,5558.0,5.0,dr,7.0,5268.0,,,,
h1,H1,H1,"log(naissances+0,5 / 1 000 f. 15-49)","unités avec covariables, référence −2 (anticipation = 1)",cs,2,-0.04088814181718287,0.0204092442304893,-0.08088952546062379,-0.0008867581737419528,0.04513299508536049,5558,122276,True,"complément A2 : année −1 partiellement exposée ; covariables : log_pop, share_women_1549, level_pre, pretrend_pre (doublement robuste) ; contrôle = not_yet_treated ; fenêtre 2003-2024 ; 5558 traitées, 0 jamais traitées sur la fenêtre ; ATT(g,t) identifiés jusqu'en 2021 (sans unité jamais traitée, la dernière cohorte sert de contrôle) ; référence −2",event,0.0,5558.0,0.0,0.0,2003.0,2024.0,2003.0,2021.0,5558.0,5.0,dr,6.0,4844.0,,,,
h1,H1,H1,"log(naissances+0,5 / 1 000 f. 15-49)","unités avec covariables, référence −2 (anticipation = 1)",cs,3,-0.04499419566447184,0.024601034522367164,-0.09321133731073801,0.0032229459817943312,0.0674062854395692,5558,122276,True,"complément A2 : année −1 partiellement exposée ; covariables : log_pop, share_women_1549, level_pre, pretrend_pre (doublement robuste) ; contrôle = not_yet_treated ; fenêtre 2003-2024 ; 5558 traitées, 0 jamais traitées sur la fenêtre ; ATT(g,t) identifiés jusqu'en 2021 (sans unité jamais traitée, la dernière cohorte sert de contrôle) ; référence −2",event,0.0,5558.0,0.0,0.0,2003.0,2024.0,2003.0,2021.0,5558.0,5.0,dr,5.0,4445.0,,,,
h1,H1,H1,"log(naissances+0,5 / 1 000 f. 15-49)","unités avec covariables, référence −2 (anticipation = 1)",cs,4,-0.10542057522896983,0.04376943171361839,-0.19120708501144712,-0.01963406544649253,0.016016322512782805,5558,122276,True,"complément A2 : année −1 partiellement exposée ; covariables : log_pop, share_women_1549, level_pre, pretrend_pre (doublement robuste) ; contrôle = not_yet_treated ; fenêtre 2003-2024 ; 5558 traitées, 0 jamais traitées sur la fenêtre ; ATT(g,t) identifiés jusqu'en 2021 (sans unité jamais traitée, la dernière cohorte sert de contrôle) ; référence −2",event,0.0,5558.0,0.0,0.0,2003.0,2024.0,2003.0,2021.0,5558.0,5.0,dr,4.0,3767.0,,,,
h1,H1,H1,"log(naissances+0,5 / 1 000 f. 15-49)","unités avec covariables, référence −2 (anticipation = 1)",cs,5,-0.1631504998747297,0.0974633850930196,-0.3541752244684061,0.02787422471894671,0.09413706589262096,5558,122276,True,"complément A2 : année −1 partiellement exposée ; covariables : log_pop, share_women_1549, level_pre, pretrend_pre (doublement robuste) ; contrôle = not_yet_treated ; fenêtre 2003-2024 ; 5558 traitées, 0 jamais traitées sur la fenêtre ; ATT(g,t) identifiés jusqu'en 2021 (sans unité jamais traitée, la dernière cohorte sert de contrôle) ; référence −2",event,0.0,5558.0,0.0,0.0,2003.0,2024.0,2003.0,2021.0,5558.0,5.0,dr,3.0,1032.0,,,,
h1,H1,H1,"log(naissances+0,5 / 1 000 f. 15-49)","unités avec covariables, référence −2 (anticipation = 1)",cs,6,-0.16845881120045464,0.15443245589447502,-0.47114086279769607,0.1342232403967868,0.27534981532282565,5558,122276,True,"complément A2 : année −1 partiellement exposée ; covariables : log_pop, share_women_1549, level_pre, pretrend_pre (doublement robuste) ; contrôle = not_yet_treated ; fenêtre 2003-2024 ; 5558 traitées, 0 jamais traitées sur la fenêtre ; ATT(g,t) identifiés jusqu'en 2021 (sans unité jamais traitée, la dernière cohorte sert de contrôle) ; référence −2",event,0.0,5558.0,0.0,0.0,2003.0,2024.0,2003.0,2021.0,5558.0,5.0,dr,2.0,481.0,,,,
h1,H1,H1,"log(naissances+0,5 / 1 000 f. 15-49)","unités avec covariables, référence −2 (anticipation = 1)",cs,7,-0.17173127689506856,0.2399853888665611,-0.642093995889368,0.29863144209923087,0.47424420919197297,5558,122276,True,"complément A2 : année −1 partiellement exposée ; covariables : log_pop, share_women_1549, level_pre, pretrend_pre (doublement robuste) ; contrôle = not_yet_treated ; fenêtre 2003-2024 ; 5558 traitées, 0 jamais traitées sur la fenêtre ; ATT(g,t) identifiés jusqu'en 2021 (sans unité jamais traitée, la dernière cohorte sert de contrôle) ; référence −2",event,0.0,5558.0,0.0,0.0,2003.0,2024.0,2003.0,2021.0,5558.0,5.0,dr,1.0,187.0,,,,
h1,H1,H1,"log(naissances+0,5 / 1 000 f. 15-49)","unités avec covariables, référence −2 (anticipation = 1)",cs,"ATT[1,5]",-0.06910613827684968,0.031394508599019634,-0.1306382444432612,-0.007574032110438167,0.027720637784383696,5558,122276,True,"complément A2 : année −1 partiellement exposée ; covariables : log_pop, share_women_1549, level_pre, pretrend_pre (doublement robuste) ; contrôle = not_yet_treated ; fenêtre 2003-2024 ; 5558 traitées, 0 jamais traitées sur la fenêtre ; ATT(g,t) identifiés jusqu'en 2021 (sans unité jamais traitée, la dernière cohorte sert de contrôle) ; référence −2 ; écart-type avec covariance complète des coefficients (fonctions d'influence)",post_avg,0.0,5558.0,0.0,0.0,2003.0,2024.0,2003.0,2021.0,5558.0,5.0,dr,,,,,5.0,
h1,H1,H1,"log(naissances+0,5 / 1 000 f. 15-49)","unités avec covariables, référence −2 (anticipation = 1)",cs,ATT,-0.022651077713510014,0.02215047871320617,-0.06606521823171523,0.020763062804695198,0.3064970484443743,5558,122276,True,"complément A2 : année −1 partiellement exposée ; covariables : log_pop, share_women_1549, level_pre, pretrend_pre (doublement robuste) ; contrôle = not_yet_treated ; fenêtre 2003-2024 ; 5558 traitées, 0 jamais traitées sur la fenêtre ; ATT(g,t) identifiés jusqu'en 2021 (sans unité jamais traitée, la dernière cohorte sert de contrôle) ; référence −2 ; moyenne de tous les ATT(g,t) post",simple,0.0,5558.0,0.0,0.0,2003.0,2024.0,2003.0,2021.0,5558.0,5.0,dr,,,,,,
h1,H1,H1,"log(naissances+0,5 / 1 000 f. 15-49)","unités avec covariables, référence −2 (anticipation = 1)",cs,Wald pré (-8..-3),4.375538909143788,,,,0.6259950829828655,5558,122276,True,"H5c : test de Wald joint de nullité des coefficients pré avec covariance des fonctions d'influence, df = 6 ; fenêtre 2003-2024 ; 5558 traitées, 0 jamais traitées sur la fenêtre",pre_test,0.0,5558.0,0.0,0.0,2003.0,2024.0,2003.0,2021.0,5558.0,5.0,dr,,,,,,6.0
h1,H1,H1,"log(naissances+0,5 / 1 000 f. 15-49)","unités avec covariables, régression de résultat seule (est_method = reg)",cs,-8,-0.01111799781860202,0.007248505002969633,-0.0253248065661809,0.003088810928976858,0.12507068645468625,5558,122276,True,"complément A2 ; covariables : log_pop, share_women_1549, level_pre, pretrend_pre (régression de résultat seule) ; contrôle = not_yet_treated ; fenêtre 2003-2024 ; 5558 traitées, 0 jamais traitées sur la fenêtre ; ATT(g,t) identifiés jusqu'en 2022 (sans unité jamais traitée, la dernière cohorte sert de contrôle)",event,0.0,5558.0,0.0,0.0,2003.0,2024.0,2003.0,2022.0,5558.0,5.0,reg,9.0,5498.0,,,,
h1,H1,H1,"log(naissances+0,5 / 1 000 f. 15-49)","unités avec covariables, régression de résultat seule (est_method = reg)",cs,-7,-0.001647522855128605,0.007958731350848309,-0.0172463496654211,0.013951303955163892,0.8360034345241869,5558,122276,True,"complément A2 ; covariables : log_pop, share_women_1549, level_pre, pretrend_pre (régression de résultat seule) ; contrôle = not_yet_treated ; fenêtre 2003-2024 ; 5558 traitées, 0 jamais traitées sur la fenêtre ; ATT(g,t) identifiés jusqu'en 2022 (sans unité jamais traitée, la dernière cohorte sert de contrôle)",event,0.0,5558.0,0.0,0.0,2003.0,2024.0,2003.0,2022.0,5558.0,5.0,reg,9.0,5498.0,,,,
h1,H1,H1,"log(naissances+0,5 / 1 000 f. 15-49)","unités avec covariables, régression de résultat seule (est_method = reg)",cs,-6,-0.0018508499410105363,0.007760039727159092,-0.017060248324842386,0.013358548442821312,0.8114852738599976,5558,122276,True,"complément A2 ; covariables : log_pop, share_women_1549, level_pre, pretrend_pre (régression de résultat seule) ; contrôle = not_yet_treated ; fenêtre 2003-2024 ; 5558 traitées, 0 jamais traitées sur la fenêtre ; ATT(g,t) identifiés jusqu'en 2022 (sans unité jamais traitée, la dernière cohorte sert de contrôle)",event,0.0,5558.0,0.0,0.0,2003.0,2024.0,2003.0,2022.0,5558.0,5.0,reg,9.0,5498.0,,,,
h1,H1,H1,"log(naissances+0,5 / 1 000 f. 15-49)","unités avec covariables, régression de résultat seule (est_method = reg)",cs,-5,-0.010065355085415284,0.007269151444704351,-0.024312630115203113,0.004181919944372546,0.1661542736325825,5558,122276,True,"complément A2 ; covariables : log_pop, share_women_1549, level_pre, pretrend_pre (régression de résultat seule) ; contrôle = not_yet_treated ; fenêtre 2003-2024 ; 5558 traitées, 0 jamais traitées sur la fenêtre ; ATT(g,t) identifiés jusqu'en 2022 (sans unité jamais traitée, la dernière cohorte sert de contrôle)",event,0.0,5558.0,0.0,0.0,2003.0,2024.0,2003.0,2022.0,5558.0,5.0,reg,9.0,5498.0,,,,
h1,H1,H1,"log(naissances+0,5 / 1 000 f. 15-49)","unités avec covariables, régression de résultat seule (est_method = reg)",cs,-4,-0.0058232910658688125,0.005925124844473739,-0.017436322364940828,0.005789740233203204,0.32569937096620216,5558,122276,True,"complément A2 ; covariables : log_pop, share_women_1549, level_pre, pretrend_pre (régression de résultat seule) ; contrôle = not_yet_treated ; fenêtre 2003-2024 ; 5558 traitées, 0 jamais traitées sur la fenêtre ; ATT(g,t) identifiés jusqu'en 2022 (sans unité jamais traitée, la dernière cohorte sert de contrôle)",event,0.0,5558.0,0.0,0.0,2003.0,2024.0,2003.0,2022.0,5558.0,5.0,reg,9.0,5498.0,,,,
h1,H1,H1,"log(naissances+0,5 / 1 000 f. 15-49)","unités avec covariables, régression de résultat seule (est_method = reg)",cs,-3,-0.002303709311821407,0.005445309090195625,-0.0129763190132934,0.008368900389650586,0.6722492281074584,5558,122276,True,"complément A2 ; covariables : log_pop, share_women_1549, level_pre, pretrend_pre (régression de résultat seule) ; contrôle = not_yet_treated ; fenêtre 2003-2024 ; 5558 traitées, 0 jamais traitées sur la fenêtre ; ATT(g,t) identifiés jusqu'en 2022 (sans unité jamais traitée, la dernière cohorte sert de contrôle)",event,0.0,5558.0,0.0,0.0,2003.0,2024.0,2003.0,2022.0,5558.0,5.0,reg,9.0,5498.0,,,,
h1,H1,H1,"log(naissances+0,5 / 1 000 f. 15-49)","unités avec covariables, régression de résultat seule (est_method = reg)",cs,-2,-0.001258158580299767,0.0042845181500994695,-0.009655659845602904,0.00713934268500337,0.7690236122209743,5558,122276,True,"complément A2 ; covariables : log_pop, share_women_1549, level_pre, pretrend_pre (régression de résultat seule) ; contrôle = not_yet_treated ; fenêtre 2003-2024 ; 5558 traitées, 0 jamais traitées sur la fenêtre ; ATT(g,t) identifiés jusqu'en 2022 (sans unité jamais traitée, la dernière cohorte sert de contrôle)",event,0.0,5558.0,0.0,0.0,2003.0,2024.0,2003.0,2022.0,5558.0,5.0,reg,9.0,5498.0,,,,
h1,H1,H1,"log(naissances+0,5 / 1 000 f. 15-49)","unités avec covariables, régression de résultat seule (est_method = reg)",cs,0,-0.0006516060724349445,0.00427844552320501,-0.009037205207733393,0.007733993062863504,0.8789505425782997,5558,122276,True,"complément A2 ; covariables : log_pop, share_women_1549, level_pre, pretrend_pre (régression de résultat seule) ; contrôle = not_yet_treated ; fenêtre 2003-2024 ; 5558 traitées, 0 jamais traitées sur la fenêtre ; ATT(g,t) identifiés jusqu'en 2022 (sans unité jamais traitée, la dernière cohorte sert de contrôle)",event,0.0,5558.0,0.0,0.0,2003.0,2024.0,2003.0,2022.0,5558.0,5.0,reg,9.0,5498.0,,,,
h1,H1,H1,"log(naissances+0,5 / 1 000 f. 15-49)","unités avec covariables, régression de résultat seule (est_method = reg)",cs,1,-0.013336459326545622,0.006472857083549036,-0.026023026087376704,-0.0006498925657145403,0.03936349581594326,5558,122276,True,"complément A2 ; covariables : log_pop, share_women_1549, level_pre, pretrend_pre (régression de résultat seule) ; contrôle = not_yet_treated ; fenêtre 2003-2024 ; 5558 traitées, 0 jamais traitées sur la fenêtre ; ATT(g,t) identifiés jusqu'en 2022 (sans unité jamais traitée, la dernière cohorte sert de contrôle)",event,0.0,5558.0,0.0,0.0,2003.0,2024.0,2003.0,2022.0,5558.0,5.0,reg,8.0,5438.0,,,,
h1,H1,H1,"log(naissances+0,5 / 1 000 f. 15-49)","unités avec covariables, régression de résultat seule (est_method = reg)",cs,2,-0.019797031980431038,0.009020826939122244,-0.03747752789187933,-0.0021165360689827453,0.028192899049183987,5558,122276,True,"complément A2 ; covariables : log_pop, share_women_1549, level_pre, pretrend_pre (régression de résultat seule) ; contrôle = not_yet_treated ; fenêtre 2003-2024 ; 5558 traitées, 0 jamais traitées sur la fenêtre ; ATT(g,t) identifiés jusqu'en 2022 (sans unité jamais traitée, la dernière cohorte sert de contrôle)",event,0.0,5558.0,0.0,0.0,2003.0,2024.0,2003.0,2022.0,5558.0,5.0,reg,7.0,5268.0,,,,
h1,H1,H1,"log(naissances+0,5 / 1 000 f. 15-49)","unités avec covariables, régression de résultat seule (est_method = reg)",cs,3,-0.026628808538516152,0.012819116040144662,-0.0517538142908394,-0.001503802786192901,0.03777633429850719,5558,122276,True,"complément A2 ; covariables : log_pop, share_women_1549, level_pre, pretrend_pre (régression de résultat seule) ; contrôle = not_yet_treated ; fenêtre 2003-2024 ; 5558 traitées, 0 jamais traitées sur la fenêtre ; ATT(g,t) identifiés jusqu'en 2022 (sans unité jamais traitée, la dernière cohorte sert de contrôle)",event,0.0,5558.0,0.0,0.0,2003.0,2024.0,2003.0,2022.0,5558.0,5.0,reg,6.0,4844.0,,,,
h1,H1,H1,"log(naissances+0,5 / 1 000 f. 15-49)","unités avec covariables, régression de résultat seule (est_method = reg)",cs,4,-0.06350296242812598,0.02170960447361641,-0.10605300531502378,-0.020952919541228174,0.00344335437237942,5558,122276,True,"complément A2 ; covariables : log_pop, share_women_1549, level_pre, pretrend_pre (régression de résultat seule) ; contrôle = not_yet_treated ; fenêtre 2003-2024 ; 5558 traitées, 0 jamais traitées sur la fenêtre ; ATT(g,t) identifiés jusqu'en 2022 (sans unité jamais traitée, la dernière cohorte sert de contrôle)",event,0.0,5558.0,0.0,0.0,2003.0,2024.0,2003.0,2022.0,5558.0,5.0,reg,5.0,4445.0,,,,
h1,H1,H1,"log(naissances+0,5 / 1 000 f. 15-49)","unités avec covariables, régression de résultat seule (est_method = reg)",cs,5,-0.14491875608284993,0.047740187015638154,-0.23848780324870744,-0.05134970891699242,0.0024008020967699177,5558,122276,True,"complément A2 ; covariables : log_pop, share_women_1549, level_pre, pretrend_pre (régression de résultat seule) ; contrôle = not_yet_treated ; fenêtre 2003-2024 ; 5558 traitées, 0 jamais traitées sur la fenêtre ; ATT(g,t) identifiés jusqu'en 2022 (sans unité jamais traitée, la dernière cohorte sert de contrôle)",event,0.0,5558.0,0.0,0.0,2003.0,2024.0,2003.0,2022.0,5558.0,5.0,reg,4.0,3767.0,,,,
h1,H1,H1,"log(naissances+0,5 / 1 000 f. 15-49)","unités avec covariables, régression de résultat seule (est_method = reg)",cs,6,-0.21902146984374687,0.06570135027165315,-0.34779375011183794,-0.09024918957565581,0.0008573243486783924,5558,122276,True,"complément A2 ; covariables : log_pop, share_women_1549, level_pre, pretrend_pre (régression de résultat seule) ; contrôle = not_yet_treated ; fenêtre 2003-2024 ; 5558 traitées, 0 jamais traitées sur la fenêtre ; ATT(g,t) identifiés jusqu'en 2022 (sans unité jamais traitée, la dernière cohorte sert de contrôle)",event,0.0,5558.0,0.0,0.0,2003.0,2024.0,2003.0,2022.0,5558.0,5.0,reg,3.0,1032.0,,,,
h1,H1,H1,"log(naissances+0,5 / 1 000 f. 15-49)","unités avec covariables, régression de résultat seule (est_method = reg)",cs,7,-0.2992877331720101,0.10987571713040993,-0.5146401815231242,-0.08393528482089596,0.006452089609759198,5558,122276,True,"complément A2 ; covariables : log_pop, share_women_1549, level_pre, pretrend_pre (régression de résultat seule) ; contrôle = not_yet_treated ; fenêtre 2003-2024 ; 5558 traitées, 0 jamais traitées sur la fenêtre ; ATT(g,t) identifiés jusqu'en 2022 (sans unité jamais traitée, la dernière cohorte sert de contrôle)",event,0.0,5558.0,0.0,0.0,2003.0,2024.0,2003.0,2022.0,5558.0,5.0,reg,2.0,481.0,,,,
h1,H1,H1,"log(naissances+0,5 / 1 000 f. 15-49)","unités avec covariables, régression de résultat seule (est_method = reg)",cs,8,-0.5897524898223919,0.23172690769666368,-1.0439288831566902,-0.13557609648809366,0.010926759674730063,5558,122276,True,"complément A2 ; covariables : log_pop, share_women_1549, level_pre, pretrend_pre (régression de résultat seule) ; contrôle = not_yet_treated ; fenêtre 2003-2024 ; 5558 traitées, 0 jamais traitées sur la fenêtre ; ATT(g,t) identifiés jusqu'en 2022 (sans unité jamais traitée, la dernière cohorte sert de contrôle)",event,0.0,5558.0,0.0,0.0,2003.0,2024.0,2003.0,2022.0,5558.0,5.0,reg,1.0,187.0,,,,
h1,H1,H1,"log(naissances+0,5 / 1 000 f. 15-49)","unités avec covariables, régression de résultat seule (est_method = reg)",cs,"ATT[1,5]",-0.05363680367129375,0.015541935566690562,-0.08409843763204936,-0.02317516971053813,0.0005583026926425127,5558,122276,True,"complément A2 ; covariables : log_pop, share_women_1549, level_pre, pretrend_pre (régression de résultat seule) ; contrôle = not_yet_treated ; fenêtre 2003-2024 ; 5558 traitées, 0 jamais traitées sur la fenêtre ; ATT(g,t) identifiés jusqu'en 2022 (sans unité jamais traitée, la dernière cohorte sert de contrôle) ; écart-type avec covariance complète des coefficients (fonctions d'influence)",post_avg,0.0,5558.0,0.0,0.0,2003.0,2024.0,2003.0,2022.0,5558.0,5.0,reg,,,,,5.0,
h1,H1,H1,"log(naissances+0,5 / 1 000 f. 15-49)","unités avec covariables, régression de résultat seule (est_method = reg)",cs,ATT,-0.05225574300148167,0.01386187348410625,-0.07942451578858067,-0.02508697021438266,0.00016341372819350105,5558,122276,True,"complément A2 ; covariables : log_pop, share_women_1549, level_pre, pretrend_pre (régression de résultat seule) ; contrôle = not_yet_treated ; fenêtre 2003-2024 ; 5558 traitées, 0 jamais traitées sur la fenêtre ; ATT(g,t) identifiés jusqu'en 2022 (sans unité jamais traitée, la dernière cohorte sert de contrôle) ; moyenne de tous les ATT(g,t) post",simple,0.0,5558.0,0.0,0.0,2003.0,2024.0,2003.0,2022.0,5558.0,5.0,reg,,,,,,
h1,H1,H1,"log(naissances+0,5 / 1 000 f. 15-49)","unités avec covariables, régression de résultat seule (est_method = reg)",cs,Wald pré (-8..-2),7.169207090898576,,,,0.41147744185911184,5558,122276,True,"H5c : test de Wald joint de nullité des coefficients pré avec covariance des fonctions d'influence, df = 7 ; fenêtre 2003-2024 ; 5558 traitées, 0 jamais traitées sur la fenêtre",pre_test,0.0,5558.0,0.0,0.0,2003.0,2024.0,2003.0,2022.0,5558.0,5.0,reg,,,,,,7.0
