part,family,hypothesis,outcome,sample,estimator,term,estimate,se,ci_low,ci_high,p,n_units,n_obs,exploratory,notes,aggregation,n_never,n_treated,n_late_recoded,n_unbalanced,year_min,year_max,years_model_min,years_model_max,n_clusters,k_post,est_method,n_cohorts,n_units_rel,cband_low,cband_high,k_periods,df,p_holm
h2,H2,H2b,"log(naissances+0,5 / 1 000 f. 25-39)","unités avec covariables, bascule 4G",cs,-8,0.0636397280224168,0.03972906310146362,-0.014227804795971077,0.14150726084080467,0.10919029604246515,5558,122276,False,"test primaire du papier (Brésil) ; covariables : log_pop, share_women_1549, level_pre, pretrend_pre (doublement robuste) ; contrôle = not_yet_treated ; fenêtre 2003-2024 ; 5558 traitées, 0 jamais traitées sur la fenêtre ; ATT(g,t) identifiés jusqu'en 2022 (sans unité jamais traitée, la dernière cohorte sert de contrôle) ; bandes simultanées sup-t (bootstrap multiplicateur Rademacher, 999 tirages, valeur critique 2.68)",event,0.0,5558.0,0.0,0.0,2003.0,2024.0,2003.0,2022.0,5558.0,5.0,dr,9.0,5498.0,-0.04302558603295936,0.17030504207779296,,,
h2,H2,H2b,"log(naissances+0,5 / 1 000 f. 25-39)","unités avec covariables, bascule 4G",cs,-7,0.09267891056800208,0.059640632849674455,-0.024214581832536303,0.20957240296854046,0.1201949471895027,5558,122276,False,"test primaire du papier (Brésil) ; covariables : log_pop, share_women_1549, level_pre, pretrend_pre (doublement robuste) ; contrôle = not_yet_treated ; fenêtre 2003-2024 ; 5558 traitées, 0 jamais traitées sur la fenêtre ; ATT(g,t) identifiés jusqu'en 2022 (sans unité jamais traitée, la dernière cohorte sert de contrôle) ; bandes simultanées sup-t (bootstrap multiplicateur Rademacher, 999 tirages, valeur critique 2.68)",event,0.0,5558.0,0.0,0.0,2003.0,2024.0,2003.0,2022.0,5558.0,5.0,dr,9.0,5498.0,-0.06744534952655697,0.25280317066256114,,,
h2,H2,H2b,"log(naissances+0,5 / 1 000 f. 25-39)","unités avec covariables, bascule 4G",cs,-6,0.06367452049744997,0.042157467145417536,-0.01895259678699901,0.14630163778189895,0.1309421016930423,5558,122276,False,"test primaire du papier (Brésil) ; covariables : log_pop, share_women_1549, level_pre, pretrend_pre (doublement robuste) ; contrôle = not_yet_treated ; fenêtre 2003-2024 ; 5558 traitées, 0 jamais traitées sur la fenêtre ; ATT(g,t) identifiés jusqu'en 2022 (sans unité jamais traitée, la dernière cohorte sert de contrôle) ; bandes simultanées sup-t (bootstrap multiplicateur Rademacher, 999 tirages, valeur critique 2.68)",event,0.0,5558.0,0.0,0.0,2003.0,2024.0,2003.0,2022.0,5558.0,5.0,dr,9.0,5498.0,-0.049510617077050345,0.17685965807195028,,,
h2,H2,H2b,"log(naissances+0,5 / 1 000 f. 25-39)","unités avec covariables, bascule 4G",cs,-5,0.038316747101707044,0.026794829781986742,-0.014200154242868197,0.09083364844628228,0.15271551398862848,5558,122276,False,"test primaire du papier (Brésil) ; covariables : log_pop, share_women_1549, level_pre, pretrend_pre (doublement robuste) ; contrôle = not_yet_treated ; fenêtre 2003-2024 ; 5558 traitées, 0 jamais traitées sur la fenêtre ; ATT(g,t) identifiés jusqu'en 2022 (sans unité jamais traitée, la dernière cohorte sert de contrôle) ; bandes simultanées sup-t (bootstrap multiplicateur Rademacher, 999 tirages, valeur critique 2.68)",event,0.0,5558.0,0.0,0.0,2003.0,2024.0,2003.0,2022.0,5558.0,5.0,dr,9.0,5498.0,-0.0336225011623848,0.11025599536579889,,,
h2,H2,H2b,"log(naissances+0,5 / 1 000 f. 25-39)","unités avec covariables, bascule 4G",cs,-4,0.038033422005463856,0.027391572934306913,-0.01565307442567982,0.09171991843660754,0.16498236761027085,5558,122276,False,"test primaire du papier (Brésil) ; covariables : log_pop, share_women_1549, level_pre, pretrend_pre (doublement robuste) ; contrôle = not_yet_treated ; fenêtre 2003-2024 ; 5558 traitées, 0 jamais traitées sur la fenêtre ; ATT(g,t) identifiés jusqu'en 2022 (sans unité jamais traitée, la dernière cohorte sert de contrôle) ; bandes simultanées sup-t (bootstrap multiplicateur Rademacher, 999 tirages, valeur critique 2.68)",event,0.0,5558.0,0.0,0.0,2003.0,2024.0,2003.0,2022.0,5558.0,5.0,dr,9.0,5498.0,-0.03550797317032501,0.11157481718125273,,,
h2,H2,H2b,"log(naissances+0,5 / 1 000 f. 25-39)","unités avec covariables, bascule 4G",cs,-3,-0.01629642792884711,0.017675851485508987,-0.05094046023652353,0.018347604378829315,0.3565494436345752,5558,122276,False,"test primaire du papier (Brésil) ; covariables : log_pop, share_women_1549, level_pre, pretrend_pre (doublement robuste) ; contrôle = not_yet_treated ; fenêtre 2003-2024 ; 5558 traitées, 0 jamais traitées sur la fenêtre ; ATT(g,t) identifiés jusqu'en 2022 (sans unité jamais traitée, la dernière cohorte sert de contrôle) ; bandes simultanées sup-t (bootstrap multiplicateur Rademacher, 999 tirages, valeur critique 2.68)",event,0.0,5558.0,0.0,0.0,2003.0,2024.0,2003.0,2022.0,5558.0,5.0,dr,9.0,5498.0,-0.06375287675279497,0.031160020895100744,,,
h2,H2,H2b,"log(naissances+0,5 / 1 000 f. 25-39)","unités avec covariables, bascule 4G",cs,-2,-0.013919029074926672,0.0117089058171499,-0.036868062774912,0.009030004625058662,0.23453579680376357,5558,122276,False,"test primaire du papier (Brésil) ; covariables : log_pop, share_women_1549, level_pre, pretrend_pre (doublement robuste) ; contrôle = not_yet_treated ; fenêtre 2003-2024 ; 5558 traitées, 0 jamais traitées sur la fenêtre ; ATT(g,t) identifiés jusqu'en 2022 (sans unité jamais traitée, la dernière cohorte sert de contrôle) ; bandes simultanées sup-t (bootstrap multiplicateur Rademacher, 999 tirages, valeur critique 2.68)",event,0.0,5558.0,0.0,0.0,2003.0,2024.0,2003.0,2022.0,5558.0,5.0,dr,9.0,5498.0,-0.0453553132138573,0.01751725506400396,,,
h2,H2,H2b,"log(naissances+0,5 / 1 000 f. 25-39)","unités avec covariables, bascule 4G",cs,0,0.006919730676549068,0.011500000657749011,-0.015619856434825927,0.029459317787924065,0.5473634130759859,5558,122276,False,"test primaire du papier (Brésil) ; covariables : log_pop, share_women_1549, level_pre, pretrend_pre (doublement robuste) ; contrôle = not_yet_treated ; fenêtre 2003-2024 ; 5558 traitées, 0 jamais traitées sur la fenêtre ; ATT(g,t) identifiés jusqu'en 2022 (sans unité jamais traitée, la dernière cohorte sert de contrôle) ; bandes simultanées sup-t (bootstrap multiplicateur Rademacher, 999 tirages, valeur critique 2.68)",event,0.0,5558.0,0.0,0.0,2003.0,2024.0,2003.0,2022.0,5558.0,5.0,dr,9.0,5498.0,-0.023955681075877602,0.03779514242897574,,,
h2,H2,H2b,"log(naissances+0,5 / 1 000 f. 25-39)","unités avec covariables, bascule 4G",cs,1,0.01728861627731977,0.030329863889486493,-0.042156824602075677,0.07673405715671522,0.5686644180233742,5558,122276,False,"test primaire du papier (Brésil) ; covariables : log_pop, share_women_1549, level_pre, pretrend_pre (doublement robuste) ; contrôle = not_yet_treated ; fenêtre 2003-2024 ; 5558 traitées, 0 jamais traitées sur la fenêtre ; ATT(g,t) identifiés jusqu'en 2022 (sans unité jamais traitée, la dernière cohorte sert de contrôle) ; bandes simultanées sup-t (bootstrap multiplicateur Rademacher, 999 tirages, valeur critique 2.68)",event,0.0,5558.0,0.0,0.0,2003.0,2024.0,2003.0,2022.0,5558.0,5.0,dr,8.0,5438.0,-0.0641415561072313,0.09871878866187084,,,
h2,H2,H2b,"log(naissances+0,5 / 1 000 f. 25-39)","unités avec covariables, bascule 4G",cs,2,0.028479356449112446,0.029454406311643658,-0.029250219107718377,0.08620893200594326,0.3335958770293891,5558,122276,False,"test primaire du papier (Brésil) ; covariables : log_pop, share_women_1549, level_pre, pretrend_pre (doublement robuste) ; contrôle = not_yet_treated ; fenêtre 2003-2024 ; 5558 traitées, 0 jamais traitées sur la fenêtre ; ATT(g,t) identifiés jusqu'en 2022 (sans unité jamais traitée, la dernière cohorte sert de contrôle) ; bandes simultanées sup-t (bootstrap multiplicateur Rademacher, 999 tirages, valeur critique 2.68)",event,0.0,5558.0,0.0,0.0,2003.0,2024.0,2003.0,2022.0,5558.0,5.0,dr,7.0,5268.0,-0.050600371444857996,0.1075590843430829,,,
h2,H2,H2b,"log(naissances+0,5 / 1 000 f. 25-39)","unités avec covariables, bascule 4G",cs,3,-0.02250718309226348,0.022561989262946558,-0.06672786946721813,0.02171350328269117,0.31848749590652947,5558,122276,False,"test primaire du papier (Brésil) ; covariables : log_pop, share_women_1549, level_pre, pretrend_pre (doublement robuste) ; contrôle = not_yet_treated ; fenêtre 2003-2024 ; 5558 traitées, 0 jamais traitées sur la fenêtre ; ATT(g,t) identifiés jusqu'en 2022 (sans unité jamais traitée, la dernière cohorte sert de contrôle) ; bandes simultanées sup-t (bootstrap multiplicateur Rademacher, 999 tirages, valeur critique 2.68)",event,0.0,5558.0,0.0,0.0,2003.0,2024.0,2003.0,2022.0,5558.0,5.0,dr,6.0,4844.0,-0.08308202384046026,0.03806765765593329,,,
h2,H2,H2b,"log(naissances+0,5 / 1 000 f. 25-39)","unités avec covariables, bascule 4G",cs,4,-0.08190867123009524,0.02387278067559613,-0.12869846156508744,-0.03511888089510304,0.0006012528234347366,5558,122276,False,"test primaire du papier (Brésil) ; covariables : log_pop, share_women_1549, level_pre, pretrend_pre (doublement robuste) ; contrôle = not_yet_treated ; fenêtre 2003-2024 ; 5558 traitées, 0 jamais traitées sur la fenêtre ; ATT(g,t) identifiés jusqu'en 2022 (sans unité jamais traitée, la dernière cohorte sert de contrôle) ; bandes simultanées sup-t (bootstrap multiplicateur Rademacher, 999 tirages, valeur critique 2.68)",event,0.0,5558.0,0.0,0.0,2003.0,2024.0,2003.0,2022.0,5558.0,5.0,dr,5.0,4445.0,-0.14600274869762472,-0.01781459376256575,,,
h2,H2,H2b,"log(naissances+0,5 / 1 000 f. 25-39)","unités avec covariables, bascule 4G",cs,5,-0.18058197815243826,0.05640974207176761,-0.29114304099029664,-0.07002091531457989,0.0013683030332797396,5558,122276,False,"test primaire du papier (Brésil) ; covariables : log_pop, share_women_1549, level_pre, pretrend_pre (doublement robuste) ; contrôle = not_yet_treated ; fenêtre 2003-2024 ; 5558 traitées, 0 jamais traitées sur la fenêtre ; ATT(g,t) identifiés jusqu'en 2022 (sans unité jamais traitée, la dernière cohorte sert de contrôle) ; bandes simultanées sup-t (bootstrap multiplicateur Rademacher, 999 tirages, valeur critique 2.68)",event,0.0,5558.0,0.0,0.0,2003.0,2024.0,2003.0,2022.0,5558.0,5.0,dr,4.0,3767.0,-0.33203188369139347,-0.029132072613483023,,,
h2,H2,H2b,"log(naissances+0,5 / 1 000 f. 25-39)","unités avec covariables, bascule 4G",cs,6,-0.1990619824021136,0.07853772544886561,-0.35299309570958504,-0.045130869094642145,0.011257471259499727,5558,122276,False,"test primaire du papier (Brésil) ; covariables : log_pop, share_women_1549, level_pre, pretrend_pre (doublement robuste) ; contrôle = not_yet_treated ; fenêtre 2003-2024 ; 5558 traitées, 0 jamais traitées sur la fenêtre ; ATT(g,t) identifiés jusqu'en 2022 (sans unité jamais traitée, la dernière cohorte sert de contrôle) ; bandes simultanées sup-t (bootstrap multiplicateur Rademacher, 999 tirages, valeur critique 2.68)",event,0.0,5558.0,0.0,0.0,2003.0,2024.0,2003.0,2022.0,5558.0,5.0,dr,3.0,1032.0,-0.4099215017621244,0.011797536957897231,,,
h2,H2,H2b,"log(naissances+0,5 / 1 000 f. 25-39)","unités avec covariables, bascule 4G",cs,7,-0.2604976256935568,0.11998841302259597,-0.4956705937799617,-0.025324657607151885,0.029929420406708932,5558,122276,False,"test primaire du papier (Brésil) ; covariables : log_pop, share_women_1549, level_pre, pretrend_pre (doublement robuste) ; contrôle = not_yet_treated ; fenêtre 2003-2024 ; 5558 traitées, 0 jamais traitées sur la fenêtre ; ATT(g,t) identifiés jusqu'en 2022 (sans unité jamais traitée, la dernière cohorte sert de contrôle) ; bandes simultanées sup-t (bootstrap multiplicateur Rademacher, 999 tirages, valeur critique 2.68)",event,0.0,5558.0,0.0,0.0,2003.0,2024.0,2003.0,2022.0,5558.0,5.0,dr,2.0,481.0,-0.5826447079284229,0.06164945654130932,,,
h2,H2,H2b,"log(naissances+0,5 / 1 000 f. 25-39)","unités avec covariables, bascule 4G",cs,8,-0.5829714911685268,0.2826373963408997,-1.136930608680863,-0.02901237365619047,0.03914943747039082,5558,122276,False,"test primaire du papier (Brésil) ; covariables : log_pop, share_women_1549, level_pre, pretrend_pre (doublement robuste) ; contrôle = not_yet_treated ; fenêtre 2003-2024 ; 5558 traitées, 0 jamais traitées sur la fenêtre ; ATT(g,t) identifiés jusqu'en 2022 (sans unité jamais traitée, la dernière cohorte sert de contrôle) ; bandes simultanées sup-t (bootstrap multiplicateur Rademacher, 999 tirages, valeur critique 2.68)",event,0.0,5558.0,0.0,0.0,2003.0,2024.0,2003.0,2022.0,5558.0,5.0,dr,1.0,187.0,-1.3418015337371685,0.17585855140011486,,,
h2,H2,H2b,"log(naissances+0,5 / 1 000 f. 25-39)","unités avec covariables, bascule 4G",cs,"ATT[1,5]",-0.04784597194967295,0.02200821942013448,-0.09098128937699151,-0.004710654522354384,0.02970478396532444,5558,122276,False,"test primaire du papier (Brésil) ; covariables : log_pop, share_women_1549, level_pre, pretrend_pre (doublement robuste) ; contrôle = not_yet_treated ; fenêtre 2003-2024 ; 5558 traitées, 0 jamais traitées sur la fenêtre ; ATT(g,t) identifiés jusqu'en 2022 (sans unité jamais traitée, la dernière cohorte sert de contrôle) ; bandes simultanées sup-t (bootstrap multiplicateur Rademacher, 999 tirages, valeur critique 2.68) ; écart-type avec covariance complète des coefficients (fonctions d'influence)",post_avg,0.0,5558.0,0.0,0.0,2003.0,2024.0,2003.0,2022.0,5558.0,5.0,dr,,,,,5.0,,
h2,H2,H2b,"log(naissances+0,5 / 1 000 f. 25-39)","unités avec covariables, bascule 4G",cs,ATT,-0.04234556584345522,0.01944889489067515,-0.08046469936828358,-0.004226432318626849,0.029460157994304854,5558,122276,False,"test primaire du papier (Brésil) ; covariables : log_pop, share_women_1549, level_pre, pretrend_pre (doublement robuste) ; contrôle = not_yet_treated ; fenêtre 2003-2024 ; 5558 traitées, 0 jamais traitées sur la fenêtre ; ATT(g,t) identifiés jusqu'en 2022 (sans unité jamais traitée, la dernière cohorte sert de contrôle) ; bandes simultanées sup-t (bootstrap multiplicateur Rademacher, 999 tirages, valeur critique 2.68) ; moyenne de tous les ATT(g,t) post",simple,0.0,5558.0,0.0,0.0,2003.0,2024.0,2003.0,2022.0,5558.0,5.0,dr,,,,,,,
h2,H2,H2b,"log(naissances+0,5 / 1 000 f. 25-39)","unités avec covariables, bascule 4G",cs,Wald pré (-8..-2),3.6542109912561864,,,,0.8186319877179515,5558,122276,False,"H5c : test de Wald joint de nullité des coefficients pré avec covariance des fonctions d'influence, df = 7 ; fenêtre 2003-2024 ; 5558 traitées, 0 jamais traitées sur la fenêtre",pre_test,0.0,5558.0,0.0,0.0,2003.0,2024.0,2003.0,2022.0,5558.0,5.0,dr,,,,,,7.0,
h2,H2,H2b,"log(naissances+0,5 / 1 000 f. 25-39)","unités avec covariables, bascule 4G",cs,"ATT[1,5]",-0.04784597194967295,0.02889055053764281,-0.1044704109436335,0.0087784670442876,0.09769924815833808,5558,122276,False,"écart-type par bootstrap par grappes stratifié par cohorte (50 tirages, grappe = unit) ; quantiles [-0.1204, -0.0016] ; fenêtre 2003-2024 ; 5558 traitées, 0 jamais traitées sur la fenêtre",post_avg_boot,0.0,5558.0,0.0,0.0,2003.0,2024.0,2003.0,2022.0,5558.0,5.0,dr,,,,,,,
h2,H2,H2b,"log(naissances+0,5 / 1 000 f. 25-39)","unités avec covariables, bascule 4G ; agrégation à composition constante (cohortes 2014-2017 observées jusqu'à +5)",cs,"ATT[1,5]",-0.0334216874386409,0.025206070886040953,-0.08282467856704478,0.015981303689762978,0.18486023185768263,5558,122276,False,"test primaire du papier (Brésil) ; covariables : log_pop, share_women_1549, level_pre, pretrend_pre (doublement robuste) ; contrôle = not_yet_treated ; fenêtre 2003-2024 ; 5558 traitées, 0 jamais traitées sur la fenêtre ; ATT(g,t) identifiés jusqu'en 2022 (sans unité jamais traitée, la dernière cohorte sert de contrôle) ; bandes simultanées sup-t (bootstrap multiplicateur Rademacher, 999 tirages, valeur critique 2.68) ; même estimation, agrégat +1..+5 restreint aux cohortes [2014, 2015, 2016, 2017] (g + 5 ≤ 2022), poids fixes = tailles de cohortes ; par période : +1: +0.0421, +2: +0.0629, +3: -0.0160, +4: -0.0755, +5: -0.1806",post_avg_balanced,0.0,5558.0,0.0,0.0,2003.0,2024.0,2003.0,2022.0,5558.0,5.0,dr,,,,,5.0,,
h2,H2,H2b,"log(naissances+0,5 / 1 000 f. 25-39)","unités avec covariables, bascule 4G ; fenêtre identifiée ≤ 2022, cohorte 2023 = contrôle",sunab,-8,0.08508786185382702,0.05633970123038941,-0.025335923457483187,0.19551164716513725,0.13097589581778668,5558,122276,False,"test primaire du papier (Brésil) ; fenêtre 2003-2024 ; 5558 traitées, 0 jamais traitées sur la fenêtre ; covariables invariantes dans le temps absorbées par les effets fixes unité : log_pop, share_women_1549, level_pre, pretrend_pre ; comparaisons sur la fenêtre identifiée (années < 2023, cohorte 2023 recodée contrôle, 60 unités de contrôle) ; cellules −8 et +8 bornées",event,0.0,5558.0,0.0,0.0,2003.0,2024.0,,,,,,,,,,,,
h2,H2,H2b,"log(naissances+0,5 / 1 000 f. 25-39)","unités avec covariables, bascule 4G ; fenêtre identifiée ≤ 2022, cohorte 2023 = contrôle",sunab,-7,0.08933172898439645,0.05415923523873172,-0.01681842151375028,0.1954818794825432,0.0990600960515865,5558,122276,False,"test primaire du papier (Brésil) ; fenêtre 2003-2024 ; 5558 traitées, 0 jamais traitées sur la fenêtre ; covariables invariantes dans le temps absorbées par les effets fixes unité : log_pop, share_women_1549, level_pre, pretrend_pre ; comparaisons sur la fenêtre identifiée (années < 2023, cohorte 2023 recodée contrôle, 60 unités de contrôle) ; cellules −8 et +8 bornées",event,0.0,5558.0,0.0,0.0,2003.0,2024.0,,,,,,,,,,,,
h2,H2,H2b,"log(naissances+0,5 / 1 000 f. 25-39)","unités avec covariables, bascule 4G ; fenêtre identifiée ≤ 2022, cohorte 2023 = contrôle",sunab,-6,0.08542787776657874,0.05187066336892832,-0.01623675429072184,0.18709250982387932,0.09957034959870234,5558,122276,False,"test primaire du papier (Brésil) ; fenêtre 2003-2024 ; 5558 traitées, 0 jamais traitées sur la fenêtre ; covariables invariantes dans le temps absorbées par les effets fixes unité : log_pop, share_women_1549, level_pre, pretrend_pre ; comparaisons sur la fenêtre identifiée (années < 2023, cohorte 2023 recodée contrôle, 60 unités de contrôle) ; cellules −8 et +8 bornées",event,0.0,5558.0,0.0,0.0,2003.0,2024.0,,,,,,,,,,,,
h2,H2,H2b,"log(naissances+0,5 / 1 000 f. 25-39)","unités avec covariables, bascule 4G ; fenêtre identifiée ≤ 2022, cohorte 2023 = contrôle",sunab,-5,0.08945022316666612,0.04831574782334215,-0.005246902453204,0.18414734878653624,0.06411664804010107,5558,122276,False,"test primaire du papier (Brésil) ; fenêtre 2003-2024 ; 5558 traitées, 0 jamais traitées sur la fenêtre ; covariables invariantes dans le temps absorbées par les effets fixes unité : log_pop, share_women_1549, level_pre, pretrend_pre ; comparaisons sur la fenêtre identifiée (années < 2023, cohorte 2023 recodée contrôle, 60 unités de contrôle) ; cellules −8 et +8 bornées",event,0.0,5558.0,0.0,0.0,2003.0,2024.0,,,,,,,,,,,,
h2,H2,H2b,"log(naissances+0,5 / 1 000 f. 25-39)","unités avec covariables, bascule 4G ; fenêtre identifiée ≤ 2022, cohorte 2023 = contrôle",sunab,-4,0.0662486801498464,0.04372256224160338,-0.019445967155507074,0.1519433274551999,0.12972029328046633,5558,122276,False,"test primaire du papier (Brésil) ; fenêtre 2003-2024 ; 5558 traitées, 0 jamais traitées sur la fenêtre ; covariables invariantes dans le temps absorbées par les effets fixes unité : log_pop, share_women_1549, level_pre, pretrend_pre ; comparaisons sur la fenêtre identifiée (années < 2023, cohorte 2023 recodée contrôle, 60 unités de contrôle) ; cellules −8 et +8 bornées",event,0.0,5558.0,0.0,0.0,2003.0,2024.0,,,,,,,,,,,,
h2,H2,H2b,"log(naissances+0,5 / 1 000 f. 25-39)","unités avec covariables, bascule 4G ; fenêtre identifiée ≤ 2022, cohorte 2023 = contrôle",sunab,-3,0.029149629326797107,0.03855283574209539,-0.04641254022959839,0.1047117988831926,0.4495918821073618,5558,122276,False,"test primaire du papier (Brésil) ; fenêtre 2003-2024 ; 5558 traitées, 0 jamais traitées sur la fenêtre ; covariables invariantes dans le temps absorbées par les effets fixes unité : log_pop, share_women_1549, level_pre, pretrend_pre ; comparaisons sur la fenêtre identifiée (années < 2023, cohorte 2023 recodée contrôle, 60 unités de contrôle) ; cellules −8 et +8 bornées",event,0.0,5558.0,0.0,0.0,2003.0,2024.0,,,,,,,,,,,,
h2,H2,H2b,"log(naissances+0,5 / 1 000 f. 25-39)","unités avec covariables, bascule 4G ; fenêtre identifiée ≤ 2022, cohorte 2023 = contrôle",sunab,-2,-0.012692291297806201,0.025480349275380752,-0.06263285819105374,0.03724827559544133,0.6183989192958337,5558,122276,False,"test primaire du papier (Brésil) ; fenêtre 2003-2024 ; 5558 traitées, 0 jamais traitées sur la fenêtre ; covariables invariantes dans le temps absorbées par les effets fixes unité : log_pop, share_women_1549, level_pre, pretrend_pre ; comparaisons sur la fenêtre identifiée (années < 2023, cohorte 2023 recodée contrôle, 60 unités de contrôle) ; cellules −8 et +8 bornées",event,0.0,5558.0,0.0,0.0,2003.0,2024.0,,,,,,,,,,,,
h2,H2,H2b,"log(naissances+0,5 / 1 000 f. 25-39)","unités avec covariables, bascule 4G ; fenêtre identifiée ≤ 2022, cohorte 2023 = contrôle",sunab,0,-0.03249978144339505,0.01873202781805107,-0.06921388132417755,0.004214318437387461,0.08274351733598315,5558,122276,False,"test primaire du papier (Brésil) ; fenêtre 2003-2024 ; 5558 traitées, 0 jamais traitées sur la fenêtre ; covariables invariantes dans le temps absorbées par les effets fixes unité : log_pop, share_women_1549, level_pre, pretrend_pre ; comparaisons sur la fenêtre identifiée (années < 2023, cohorte 2023 recodée contrôle, 60 unités de contrôle) ; cellules −8 et +8 bornées",event,0.0,5558.0,0.0,0.0,2003.0,2024.0,,,,,,,,,,,,
h2,H2,H2b,"log(naissances+0,5 / 1 000 f. 25-39)","unités avec covariables, bascule 4G ; fenêtre identifiée ≤ 2022, cohorte 2023 = contrôle",sunab,1,-0.035755142642619045,0.020196647140219365,-0.07533984364591288,0.0038295583606747924,0.0766687844928183,5558,122276,False,"test primaire du papier (Brésil) ; fenêtre 2003-2024 ; 5558 traitées, 0 jamais traitées sur la fenêtre ; covariables invariantes dans le temps absorbées par les effets fixes unité : log_pop, share_women_1549, level_pre, pretrend_pre ; comparaisons sur la fenêtre identifiée (années < 2023, cohorte 2023 recodée contrôle, 60 unités de contrôle) ; cellules −8 et +8 bornées",event,0.0,5558.0,0.0,0.0,2003.0,2024.0,,,,,,,,,,,,
h2,H2,H2b,"log(naissances+0,5 / 1 000 f. 25-39)","unités avec covariables, bascule 4G ; fenêtre identifiée ≤ 2022, cohorte 2023 = contrôle",sunab,2,-0.06454342647555372,0.02635886969199898,-0.11620586174505611,-0.012880991206051337,0.014339602915274047,5558,122276,False,"test primaire du papier (Brésil) ; fenêtre 2003-2024 ; 5558 traitées, 0 jamais traitées sur la fenêtre ; covariables invariantes dans le temps absorbées par les effets fixes unité : log_pop, share_women_1549, level_pre, pretrend_pre ; comparaisons sur la fenêtre identifiée (années < 2023, cohorte 2023 recodée contrôle, 60 unités de contrôle) ; cellules −8 et +8 bornées",event,0.0,5558.0,0.0,0.0,2003.0,2024.0,,,,,,,,,,,,
h2,H2,H2b,"log(naissances+0,5 / 1 000 f. 25-39)","unités avec covariables, bascule 4G ; fenêtre identifiée ≤ 2022, cohorte 2023 = contrôle",sunab,3,-0.08622944111076594,0.03165349762010126,-0.14826915643088873,-0.024189725790643164,0.0064463731947877086,5558,122276,False,"test primaire du papier (Brésil) ; fenêtre 2003-2024 ; 5558 traitées, 0 jamais traitées sur la fenêtre ; covariables invariantes dans le temps absorbées par les effets fixes unité : log_pop, share_women_1549, level_pre, pretrend_pre ; comparaisons sur la fenêtre identifiée (années < 2023, cohorte 2023 recodée contrôle, 60 unités de contrôle) ; cellules −8 et +8 bornées",event,0.0,5558.0,0.0,0.0,2003.0,2024.0,,,,,,,,,,,,
h2,H2,H2b,"log(naissances+0,5 / 1 000 f. 25-39)","unités avec covariables, bascule 4G ; fenêtre identifiée ≤ 2022, cohorte 2023 = contrôle",sunab,4,-0.1308225614373368,0.029334681596488315,-0.18831748086440384,-0.07332764201026978,8.209166150206136e-06,5558,122276,False,"test primaire du papier (Brésil) ; fenêtre 2003-2024 ; 5558 traitées, 0 jamais traitées sur la fenêtre ; covariables invariantes dans le temps absorbées par les effets fixes unité : log_pop, share_women_1549, level_pre, pretrend_pre ; comparaisons sur la fenêtre identifiée (années < 2023, cohorte 2023 recodée contrôle, 60 unités de contrôle) ; cellules −8 et +8 bornées",event,0.0,5558.0,0.0,0.0,2003.0,2024.0,,,,,,,,,,,,
h2,H2,H2b,"log(naissances+0,5 / 1 000 f. 25-39)","unités avec covariables, bascule 4G ; fenêtre identifiée ≤ 2022, cohorte 2023 = contrôle",sunab,5,-0.17327141124834997,0.0345025662511526,-0.24089519847481622,-0.10564762402188373,5.113986109721473e-07,5558,122276,False,"test primaire du papier (Brésil) ; fenêtre 2003-2024 ; 5558 traitées, 0 jamais traitées sur la fenêtre ; covariables invariantes dans le temps absorbées par les effets fixes unité : log_pop, share_women_1549, level_pre, pretrend_pre ; comparaisons sur la fenêtre identifiée (années < 2023, cohorte 2023 recodée contrôle, 60 unités de contrôle) ; cellules −8 et +8 bornées",event,0.0,5558.0,0.0,0.0,2003.0,2024.0,,,,,,,,,,,,
h2,H2,H2b,"log(naissances+0,5 / 1 000 f. 25-39)","unités avec covariables, bascule 4G ; fenêtre identifiée ≤ 2022, cohorte 2023 = contrôle",sunab,6,-0.19951568716549534,0.04493748966993411,-0.2875915484742069,-0.11143982585678376,9.002184531964097e-06,5558,122276,False,"test primaire du papier (Brésil) ; fenêtre 2003-2024 ; 5558 traitées, 0 jamais traitées sur la fenêtre ; covariables invariantes dans le temps absorbées par les effets fixes unité : log_pop, share_women_1549, level_pre, pretrend_pre ; comparaisons sur la fenêtre identifiée (années < 2023, cohorte 2023 recodée contrôle, 60 unités de contrôle) ; cellules −8 et +8 bornées",event,0.0,5558.0,0.0,0.0,2003.0,2024.0,,,,,,,,,,,,
h2,H2,H2b,"log(naissances+0,5 / 1 000 f. 25-39)","unités avec covariables, bascule 4G ; fenêtre identifiée ≤ 2022, cohorte 2023 = contrôle",sunab,7,-0.27003196089720616,0.05646524895930114,-0.38070181523552415,-0.15936210655888816,1.7332826110863628e-06,5558,122276,False,"test primaire du papier (Brésil) ; fenêtre 2003-2024 ; 5558 traitées, 0 jamais traitées sur la fenêtre ; covariables invariantes dans le temps absorbées par les effets fixes unité : log_pop, share_women_1549, level_pre, pretrend_pre ; comparaisons sur la fenêtre identifiée (années < 2023, cohorte 2023 recodée contrôle, 60 unités de contrôle) ; cellules −8 et +8 bornées",event,0.0,5558.0,0.0,0.0,2003.0,2024.0,,,,,,,,,,,,
h2,H2,H2b,"log(naissances+0,5 / 1 000 f. 25-39)","unités avec covariables, bascule 4G ; fenêtre identifiée ≤ 2022, cohorte 2023 = contrôle",sunab,8,-0.38318930271932006,0.06301663673946672,-0.5066996411555185,-0.2596789642831217,1.1961115713022103e-09,5558,122276,False,"test primaire du papier (Brésil) ; fenêtre 2003-2024 ; 5558 traitées, 0 jamais traitées sur la fenêtre ; covariables invariantes dans le temps absorbées par les effets fixes unité : log_pop, share_women_1549, level_pre, pretrend_pre ; comparaisons sur la fenêtre identifiée (années < 2023, cohorte 2023 recodée contrôle, 60 unités de contrôle) ; cellules −8 et +8 bornées",event,0.0,5558.0,0.0,0.0,2003.0,2024.0,,,,,,,,,,,,
h2,H2,H2b,"log(naissances+0,5 / 1 000 f. 25-39)","unités avec covariables, bascule 4G ; fenêtre identifiée ≤ 2022, cohorte 2023 = contrôle",sunab,"ATT[1,5]",-0.0981243965829251,0.024918706687092576,-0.14696416423094394,-0.04928462893490625,8.223877968225742e-05,5558,122276,False,"test primaire du papier (Brésil) ; fenêtre 2003-2024 ; 5558 traitées, 0 jamais traitées sur la fenêtre ; covariables invariantes dans le temps absorbées par les effets fixes unité : log_pop, share_women_1549, level_pre, pretrend_pre ; comparaisons sur la fenêtre identifiée (années < 2023, cohorte 2023 recodée contrôle, 60 unités de contrôle) ; écart-type avec covariance complète (w'Vw)",post_avg,0.0,5558.0,0.0,0.0,2003.0,2024.0,,,,,,,,,,,,
h2,H2,H2b,"log(naissances+0,5 / 1 000 f. 25-39)","unités avec covariables, bascule 4G ; fenêtre identifiée ≤ 2022, cohorte 2023 = contrôle",sunab,Wald pré (-8..−2),16.317315659678354,,,,0.022370267344088823,5558,122276,False,"test de Wald joint, covariance groupée, df = 7 ; fenêtre 2003-2024 ; 5558 traitées, 0 jamais traitées sur la fenêtre",pre_test,0.0,5558.0,0.0,0.0,2003.0,2024.0,,,,,,,,,,,7.0,
h2,H2,H2b,"log(naissances+0,5 / 1 000 f. 25-39)","unités avec covariables, bascule 4G ; fenêtre identifiée ≤ 2022, cohorte 2023 = contrôle",did2s,-8,-0.0007448617628021883,0.0005337484270448192,-0.0017909894566149386,0.00030126593101056204,0.1628561760375724,5558,122276,False,"test primaire du papier (Brésil) ; fenêtre 2003-2024 ; 5558 traitées, 0 jamais traitées sur la fenêtre ; covariables invariantes dans le temps absorbées par les effets fixes unité : log_pop, share_women_1549, level_pre, pretrend_pre ; comparaisons sur la fenêtre identifiée (années < 2023, cohorte 2023 recodée contrôle, 60 unités de contrôle) ; cellules −8 et +8 bornées ; did2s en deux étapes implémenté directement (pyfixest.did2s dépasse la mémoire au-delà de 5 000 unités), écarts-types par bootstrap par grappes (50 tirages, grappe = unit)",event,0.0,5558.0,0.0,0.0,2003.0,2024.0,,,,,,,,,,,,
h2,H2,H2b,"log(naissances+0,5 / 1 000 f. 25-39)","unités avec covariables, bascule 4G ; fenêtre identifiée ≤ 2022, cohorte 2023 = contrôle",did2s,-7,-0.005382203115500076,0.002524786759890332,-0.010330694233528705,-0.00043371199747144814,0.033027764329297146,5558,122276,False,"test primaire du papier (Brésil) ; fenêtre 2003-2024 ; 5558 traitées, 0 jamais traitées sur la fenêtre ; covariables invariantes dans le temps absorbées par les effets fixes unité : log_pop, share_women_1549, level_pre, pretrend_pre ; comparaisons sur la fenêtre identifiée (années < 2023, cohorte 2023 recodée contrôle, 60 unités de contrôle) ; cellules −8 et +8 bornées ; did2s en deux étapes implémenté directement (pyfixest.did2s dépasse la mémoire au-delà de 5 000 unités), écarts-types par bootstrap par grappes (50 tirages, grappe = unit)",event,0.0,5558.0,0.0,0.0,2003.0,2024.0,,,,,,,,,,,,
h2,H2,H2b,"log(naissances+0,5 / 1 000 f. 25-39)","unités avec covariables, bascule 4G ; fenêtre identifiée ≤ 2022, cohorte 2023 = contrôle",did2s,-6,-0.00429361275727729,0.0022650132573739912,-0.008732957166236064,0.00014573165168148446,0.058009824247663364,5558,122276,False,"test primaire du papier (Brésil) ; fenêtre 2003-2024 ; 5558 traitées, 0 jamais traitées sur la fenêtre ; covariables invariantes dans le temps absorbées par les effets fixes unité : log_pop, share_women_1549, level_pre, pretrend_pre ; comparaisons sur la fenêtre identifiée (années < 2023, cohorte 2023 recodée contrôle, 60 unités de contrôle) ; cellules −8 et +8 bornées ; did2s en deux étapes implémenté directement (pyfixest.did2s dépasse la mémoire au-delà de 5 000 unités), écarts-types par bootstrap par grappes (50 tirages, grappe = unit)",event,0.0,5558.0,0.0,0.0,2003.0,2024.0,,,,,,,,,,,,
h2,H2,H2b,"log(naissances+0,5 / 1 000 f. 25-39)","unités avec covariables, bascule 4G ; fenêtre identifiée ≤ 2022, cohorte 2023 = contrôle",did2s,-5,-0.004720261889239136,0.002314994580233066,-0.009257567890901366,-0.00018295588757690634,0.041450547476802636,5558,122276,False,"test primaire du papier (Brésil) ; fenêtre 2003-2024 ; 5558 traitées, 0 jamais traitées sur la fenêtre ; covariables invariantes dans le temps absorbées par les effets fixes unité : log_pop, share_women_1549, level_pre, pretrend_pre ; comparaisons sur la fenêtre identifiée (années < 2023, cohorte 2023 recodée contrôle, 60 unités de contrôle) ; cellules −8 et +8 bornées ; did2s en deux étapes implémenté directement (pyfixest.did2s dépasse la mémoire au-delà de 5 000 unités), écarts-types par bootstrap par grappes (50 tirages, grappe = unit)",event,0.0,5558.0,0.0,0.0,2003.0,2024.0,,,,,,,,,,,,
h2,H2,H2b,"log(naissances+0,5 / 1 000 f. 25-39)","unités avec covariables, bascule 4G ; fenêtre identifiée ≤ 2022, cohorte 2023 = contrôle",did2s,-4,-0.001853338926164747,0.0020836113138731735,-0.005937142059136349,0.002230464206806855,0.37374301830505596,5558,122276,False,"test primaire du papier (Brésil) ; fenêtre 2003-2024 ; 5558 traitées, 0 jamais traitées sur la fenêtre ; covariables invariantes dans le temps absorbées par les effets fixes unité : log_pop, share_women_1549, level_pre, pretrend_pre ; comparaisons sur la fenêtre identifiée (années < 2023, cohorte 2023 recodée contrôle, 60 unités de contrôle) ; cellules −8 et +8 bornées ; did2s en deux étapes implémenté directement (pyfixest.did2s dépasse la mémoire au-delà de 5 000 unités), écarts-types par bootstrap par grappes (50 tirages, grappe = unit)",event,0.0,5558.0,0.0,0.0,2003.0,2024.0,,,,,,,,,,,,
h2,H2,H2b,"log(naissances+0,5 / 1 000 f. 25-39)","unités avec covariables, bascule 4G ; fenêtre identifiée ≤ 2022, cohorte 2023 = contrôle",did2s,-3,0.004319121334437978,0.002099829783176822,0.0002035305857468559,0.0084347120831291,0.03969669577753796,5558,122276,False,"test primaire du papier (Brésil) ; fenêtre 2003-2024 ; 5558 traitées, 0 jamais traitées sur la fenêtre ; covariables invariantes dans le temps absorbées par les effets fixes unité : log_pop, share_women_1549, level_pre, pretrend_pre ; comparaisons sur la fenêtre identifiée (années < 2023, cohorte 2023 recodée contrôle, 60 unités de contrôle) ; cellules −8 et +8 bornées ; did2s en deux étapes implémenté directement (pyfixest.did2s dépasse la mémoire au-delà de 5 000 unités), écarts-types par bootstrap par grappes (50 tirages, grappe = unit)",event,0.0,5558.0,0.0,0.0,2003.0,2024.0,,,,,,,,,,,,
h2,H2,H2b,"log(naissances+0,5 / 1 000 f. 25-39)","unités avec covariables, bascule 4G ; fenêtre identifiée ≤ 2022, cohorte 2023 = contrôle",did2s,-2,0.005891393692001134,0.002540908334790166,0.0009113048677947674,0.010871482516207502,0.020415803293116458,5558,122276,False,"test primaire du papier (Brésil) ; fenêtre 2003-2024 ; 5558 traitées, 0 jamais traitées sur la fenêtre ; covariables invariantes dans le temps absorbées par les effets fixes unité : log_pop, share_women_1549, level_pre, pretrend_pre ; comparaisons sur la fenêtre identifiée (années < 2023, cohorte 2023 recodée contrôle, 60 unités de contrôle) ; cellules −8 et +8 bornées ; did2s en deux étapes implémenté directement (pyfixest.did2s dépasse la mémoire au-delà de 5 000 unités), écarts-types par bootstrap par grappes (50 tirages, grappe = unit)",event,0.0,5558.0,0.0,0.0,2003.0,2024.0,,,,,,,,,,,,
h2,H2,H2b,"log(naissances+0,5 / 1 000 f. 25-39)","unités avec covariables, bascule 4G ; fenêtre identifiée ≤ 2022, cohorte 2023 = contrôle",did2s,0,0.0026738440324419206,0.006240867443556703,-0.009558031389217776,0.014905719454101617,0.6683300164847755,5558,122276,False,"test primaire du papier (Brésil) ; fenêtre 2003-2024 ; 5558 traitées, 0 jamais traitées sur la fenêtre ; covariables invariantes dans le temps absorbées par les effets fixes unité : log_pop, share_women_1549, level_pre, pretrend_pre ; comparaisons sur la fenêtre identifiée (années < 2023, cohorte 2023 recodée contrôle, 60 unités de contrôle) ; cellules −8 et +8 bornées ; did2s en deux étapes implémenté directement (pyfixest.did2s dépasse la mémoire au-delà de 5 000 unités), écarts-types par bootstrap par grappes (50 tirages, grappe = unit)",event,0.0,5558.0,0.0,0.0,2003.0,2024.0,,,,,,,,,,,,
h2,H2,H2b,"log(naissances+0,5 / 1 000 f. 25-39)","unités avec covariables, bascule 4G ; fenêtre identifiée ≤ 2022, cohorte 2023 = contrôle",did2s,1,-0.006444666189289508,0.008553997031273672,-0.02321019229444845,0.010320859915869432,0.4512036255897274,5558,122276,False,"test primaire du papier (Brésil) ; fenêtre 2003-2024 ; 5558 traitées, 0 jamais traitées sur la fenêtre ; covariables invariantes dans le temps absorbées par les effets fixes unité : log_pop, share_women_1549, level_pre, pretrend_pre ; comparaisons sur la fenêtre identifiée (années < 2023, cohorte 2023 recodée contrôle, 60 unités de contrôle) ; cellules −8 et +8 bornées ; did2s en deux étapes implémenté directement (pyfixest.did2s dépasse la mémoire au-delà de 5 000 unités), écarts-types par bootstrap par grappes (50 tirages, grappe = unit)",event,0.0,5558.0,0.0,0.0,2003.0,2024.0,,,,,,,,,,,,
h2,H2,H2b,"log(naissances+0,5 / 1 000 f. 25-39)","unités avec covariables, bascule 4G ; fenêtre identifiée ≤ 2022, cohorte 2023 = contrôle",did2s,2,-0.01842567146154883,0.012800244039865306,-0.04351368877300832,0.006662345849910652,0.15001509960011677,5558,122276,False,"test primaire du papier (Brésil) ; fenêtre 2003-2024 ; 5558 traitées, 0 jamais traitées sur la fenêtre ; covariables invariantes dans le temps absorbées par les effets fixes unité : log_pop, share_women_1549, level_pre, pretrend_pre ; comparaisons sur la fenêtre identifiée (années < 2023, cohorte 2023 recodée contrôle, 60 unités de contrôle) ; cellules −8 et +8 bornées ; did2s en deux étapes implémenté directement (pyfixest.did2s dépasse la mémoire au-delà de 5 000 unités), écarts-types par bootstrap par grappes (50 tirages, grappe = unit)",event,0.0,5558.0,0.0,0.0,2003.0,2024.0,,,,,,,,,,,,
h2,H2,H2b,"log(naissances+0,5 / 1 000 f. 25-39)","unités avec covariables, bascule 4G ; fenêtre identifiée ≤ 2022, cohorte 2023 = contrôle",did2s,3,-0.046437621860373916,0.020529919145977404,-0.08667552399200892,-0.006199719728738902,0.02370057920149803,5558,122276,False,"test primaire du papier (Brésil) ; fenêtre 2003-2024 ; 5558 traitées, 0 jamais traitées sur la fenêtre ; covariables invariantes dans le temps absorbées par les effets fixes unité : log_pop, share_women_1549, level_pre, pretrend_pre ; comparaisons sur la fenêtre identifiée (années < 2023, cohorte 2023 recodée contrôle, 60 unités de contrôle) ; cellules −8 et +8 bornées ; did2s en deux étapes implémenté directement (pyfixest.did2s dépasse la mémoire au-delà de 5 000 unités), écarts-types par bootstrap par grappes (50 tirages, grappe = unit)",event,0.0,5558.0,0.0,0.0,2003.0,2024.0,,,,,,,,,,,,
h2,H2,H2b,"log(naissances+0,5 / 1 000 f. 25-39)","unités avec covariables, bascule 4G ; fenêtre identifiée ≤ 2022, cohorte 2023 = contrôle",did2s,4,-0.10166869533746542,0.030011193656812603,-0.16048955403787504,-0.0428478366370558,0.0007048323989979915,5558,122276,False,"test primaire du papier (Brésil) ; fenêtre 2003-2024 ; 5558 traitées, 0 jamais traitées sur la fenêtre ; covariables invariantes dans le temps absorbées par les effets fixes unité : log_pop, share_women_1549, level_pre, pretrend_pre ; comparaisons sur la fenêtre identifiée (années < 2023, cohorte 2023 recodée contrôle, 60 unités de contrôle) ; cellules −8 et +8 bornées ; did2s en deux étapes implémenté directement (pyfixest.did2s dépasse la mémoire au-delà de 5 000 unités), écarts-types par bootstrap par grappes (50 tirages, grappe = unit)",event,0.0,5558.0,0.0,0.0,2003.0,2024.0,,,,,,,,,,,,
h2,H2,H2b,"log(naissances+0,5 / 1 000 f. 25-39)","unités avec covariables, bascule 4G ; fenêtre identifiée ≤ 2022, cohorte 2023 = contrôle",did2s,5,-0.17246869094969217,0.0478174916728376,-0.2661892524594978,-0.07874812943988653,0.00030998237601984394,5558,122276,False,"test primaire du papier (Brésil) ; fenêtre 2003-2024 ; 5558 traitées, 0 jamais traitées sur la fenêtre ; covariables invariantes dans le temps absorbées par les effets fixes unité : log_pop, share_women_1549, level_pre, pretrend_pre ; comparaisons sur la fenêtre identifiée (années < 2023, cohorte 2023 recodée contrôle, 60 unités de contrôle) ; cellules −8 et +8 bornées ; did2s en deux étapes implémenté directement (pyfixest.did2s dépasse la mémoire au-delà de 5 000 unités), écarts-types par bootstrap par grappes (50 tirages, grappe = unit)",event,0.0,5558.0,0.0,0.0,2003.0,2024.0,,,,,,,,,,,,
h2,H2,H2b,"log(naissances+0,5 / 1 000 f. 25-39)","unités avec covariables, bascule 4G ; fenêtre identifiée ≤ 2022, cohorte 2023 = contrôle",did2s,6,-0.15658485095830285,0.04231762422236848,-0.23952587034544487,-0.07364383157116082,0.0002154059909054298,5558,122276,False,"test primaire du papier (Brésil) ; fenêtre 2003-2024 ; 5558 traitées, 0 jamais traitées sur la fenêtre ; covariables invariantes dans le temps absorbées par les effets fixes unité : log_pop, share_women_1549, level_pre, pretrend_pre ; comparaisons sur la fenêtre identifiée (années < 2023, cohorte 2023 recodée contrôle, 60 unités de contrôle) ; cellules −8 et +8 bornées ; did2s en deux étapes implémenté directement (pyfixest.did2s dépasse la mémoire au-delà de 5 000 unités), écarts-types par bootstrap par grappes (50 tirages, grappe = unit)",event,0.0,5558.0,0.0,0.0,2003.0,2024.0,,,,,,,,,,,,
h2,H2,H2b,"log(naissances+0,5 / 1 000 f. 25-39)","unités avec covariables, bascule 4G ; fenêtre identifiée ≤ 2022, cohorte 2023 = contrôle",did2s,7,-0.17034430358376926,0.04704908285794736,-0.2625588114909869,-0.0781297956765516,0.0002939593992208647,5558,122276,False,"test primaire du papier (Brésil) ; fenêtre 2003-2024 ; 5558 traitées, 0 jamais traitées sur la fenêtre ; covariables invariantes dans le temps absorbées par les effets fixes unité : log_pop, share_women_1549, level_pre, pretrend_pre ; comparaisons sur la fenêtre identifiée (années < 2023, cohorte 2023 recodée contrôle, 60 unités de contrôle) ; cellules −8 et +8 bornées ; did2s en deux étapes implémenté directement (pyfixest.did2s dépasse la mémoire au-delà de 5 000 unités), écarts-types par bootstrap par grappes (50 tirages, grappe = unit)",event,0.0,5558.0,0.0,0.0,2003.0,2024.0,,,,,,,,,,,,
h2,H2,H2b,"log(naissances+0,5 / 1 000 f. 25-39)","unités avec covariables, bascule 4G ; fenêtre identifiée ≤ 2022, cohorte 2023 = contrôle",did2s,8,-0.2511802705465796,0.05982031960855434,-0.3684259425230213,-0.1339345985701379,2.6820026478533844e-05,5558,122276,False,"test primaire du papier (Brésil) ; fenêtre 2003-2024 ; 5558 traitées, 0 jamais traitées sur la fenêtre ; covariables invariantes dans le temps absorbées par les effets fixes unité : log_pop, share_women_1549, level_pre, pretrend_pre ; comparaisons sur la fenêtre identifiée (années < 2023, cohorte 2023 recodée contrôle, 60 unités de contrôle) ; cellules −8 et +8 bornées ; did2s en deux étapes implémenté directement (pyfixest.did2s dépasse la mémoire au-delà de 5 000 unités), écarts-types par bootstrap par grappes (50 tirages, grappe = unit)",event,0.0,5558.0,0.0,0.0,2003.0,2024.0,,,,,,,,,,,,
h2,H2,H2b,"log(naissances+0,5 / 1 000 f. 25-39)","unités avec covariables, bascule 4G ; fenêtre identifiée ≤ 2022, cohorte 2023 = contrôle",did2s,"ATT[1,5]",-0.06908906915967397,0.022298811879929863,-0.11279393734237039,-0.025384200976977543,0.0019461484376780919,5558,122276,False,"test primaire du papier (Brésil) ; fenêtre 2003-2024 ; 5558 traitées, 0 jamais traitées sur la fenêtre ; covariables invariantes dans le temps absorbées par les effets fixes unité : log_pop, share_women_1549, level_pre, pretrend_pre ; comparaisons sur la fenêtre identifiée (années < 2023, cohorte 2023 recodée contrôle, 60 unités de contrôle) ; écart-type avec covariance complète (w'Vw)",post_avg,0.0,5558.0,0.0,0.0,2003.0,2024.0,,,,,,,,,,,,
h2,H2,H2b,"log(naissances+0,5 / 1 000 f. 25-39)","unités avec covariables, bascule 4G ; fenêtre identifiée ≤ 2022, cohorte 2023 = contrôle",did2s,Wald pré (-8..−2),28.352243410533596,,,,0.0001898060546940398,5558,122276,False,"test de Wald joint, covariance groupée, df = 7 ; fenêtre 2003-2024 ; 5558 traitées, 0 jamais traitées sur la fenêtre",pre_test,0.0,5558.0,0.0,0.0,2003.0,2024.0,,,,,,,,,,,7.0,
h2,H2,H2b,"log(naissances+0,5 / 1 000 f. 25-39)","unités avec covariables, bascule 4G ; fenêtre identifiée ≤ 2022, cohorte 2023 = contrôle",twfe,-8,-0.06608824181501076,0.022391641995741434,-0.10997505368137855,-0.02220142994864297,0.003162660805537738,5558,122276,False,"test primaire du papier (Brésil) ; fenêtre 2003-2024 ; 5558 traitées, 0 jamais traitées sur la fenêtre ; covariables invariantes dans le temps absorbées par les effets fixes unité : log_pop, share_women_1549, level_pre, pretrend_pre ; comparaisons sur la fenêtre identifiée (années < 2023, cohorte 2023 recodée contrôle, 60 unités de contrôle) ; cellules −8 et +8 bornées",event,0.0,5558.0,0.0,0.0,2003.0,2024.0,,,,,,,,,,,,
h2,H2,H2b,"log(naissances+0,5 / 1 000 f. 25-39)","unités avec covariables, bascule 4G ; fenêtre identifiée ≤ 2022, cohorte 2023 = contrôle",twfe,-7,-0.0629520367122458,0.017728996483008144,-0.09770023130097905,-0.02820384212351256,0.00038406906264021643,5558,122276,False,"test primaire du papier (Brésil) ; fenêtre 2003-2024 ; 5558 traitées, 0 jamais traitées sur la fenêtre ; covariables invariantes dans le temps absorbées par les effets fixes unité : log_pop, share_women_1549, level_pre, pretrend_pre ; comparaisons sur la fenêtre identifiée (années < 2023, cohorte 2023 recodée contrôle, 60 unités de contrôle) ; cellules −8 et +8 bornées",event,0.0,5558.0,0.0,0.0,2003.0,2024.0,,,,,,,,,,,,
h2,H2,H2b,"log(naissances+0,5 / 1 000 f. 25-39)","unités avec covariables, bascule 4G ; fenêtre identifiée ≤ 2022, cohorte 2023 = contrôle",twfe,-6,-0.05647851851658792,0.01513667852466782,-0.08614586327049772,-0.02681117376267811,0.00019054268466594626,5558,122276,False,"test primaire du papier (Brésil) ; fenêtre 2003-2024 ; 5558 traitées, 0 jamais traitées sur la fenêtre ; covariables invariantes dans le temps absorbées par les effets fixes unité : log_pop, share_women_1549, level_pre, pretrend_pre ; comparaisons sur la fenêtre identifiée (années < 2023, cohorte 2023 recodée contrôle, 60 unités de contrôle) ; cellules −8 et +8 bornées",event,0.0,5558.0,0.0,0.0,2003.0,2024.0,,,,,,,,,,,,
h2,H2,H2b,"log(naissances+0,5 / 1 000 f. 25-39)","unités avec covariables, bascule 4G ; fenêtre identifiée ≤ 2022, cohorte 2023 = contrôle",twfe,-5,-0.0504872086324114,0.01256016031169982,-0.07510467048339242,-0.025869746781430374,5.828938608215268e-05,5558,122276,False,"test primaire du papier (Brésil) ; fenêtre 2003-2024 ; 5558 traitées, 0 jamais traitées sur la fenêtre ; covariables invariantes dans le temps absorbées par les effets fixes unité : log_pop, share_women_1549, level_pre, pretrend_pre ; comparaisons sur la fenêtre identifiée (années < 2023, cohorte 2023 recodée contrôle, 60 unités de contrôle) ; cellules −8 et +8 bornées",event,0.0,5558.0,0.0,0.0,2003.0,2024.0,,,,,,,,,,,,
h2,H2,H2b,"log(naissances+0,5 / 1 000 f. 25-39)","unités avec covariables, bascule 4G ; fenêtre identifiée ≤ 2022, cohorte 2023 = contrôle",twfe,-4,-0.03929804717416457,0.009834884922352714,-0.058574067414071895,-0.020022026934257243,6.448129831784275e-05,5558,122276,False,"test primaire du papier (Brésil) ; fenêtre 2003-2024 ; 5558 traitées, 0 jamais traitées sur la fenêtre ; covariables invariantes dans le temps absorbées par les effets fixes unité : log_pop, share_women_1549, level_pre, pretrend_pre ; comparaisons sur la fenêtre identifiée (années < 2023, cohorte 2023 recodée contrôle, 60 unités de contrôle) ; cellules −8 et +8 bornées",event,0.0,5558.0,0.0,0.0,2003.0,2024.0,,,,,,,,,,,,
h2,H2,H2b,"log(naissances+0,5 / 1 000 f. 25-39)","unités avec covariables, bascule 4G ; fenêtre identifiée ≤ 2022, cohorte 2023 = contrôle",twfe,-3,-0.024516991194031307,0.0072469294681022575,-0.03872071195001374,-0.01031327043804887,0.0007167598300347342,5558,122276,False,"test primaire du papier (Brésil) ; fenêtre 2003-2024 ; 5558 traitées, 0 jamais traitées sur la fenêtre ; covariables invariantes dans le temps absorbées par les effets fixes unité : log_pop, share_women_1549, level_pre, pretrend_pre ; comparaisons sur la fenêtre identifiée (années < 2023, cohorte 2023 recodée contrôle, 60 unités de contrôle) ; cellules −8 et +8 bornées",event,0.0,5558.0,0.0,0.0,2003.0,2024.0,,,,,,,,,,,,
h2,H2,H2b,"log(naissances+0,5 / 1 000 f. 25-39)","unités avec covariables, bascule 4G ; fenêtre identifiée ≤ 2022, cohorte 2023 = contrôle",twfe,-2,-0.015153338868641944,0.004615357163431052,-0.02419927268475575,-0.006107405052528138,0.001026201843746591,5558,122276,False,"test primaire du papier (Brésil) ; fenêtre 2003-2024 ; 5558 traitées, 0 jamais traitées sur la fenêtre ; covariables invariantes dans le temps absorbées par les effets fixes unité : log_pop, share_women_1549, level_pre, pretrend_pre ; comparaisons sur la fenêtre identifiée (années < 2023, cohorte 2023 recodée contrôle, 60 unités de contrôle) ; cellules −8 et +8 bornées",event,0.0,5558.0,0.0,0.0,2003.0,2024.0,,,,,,,,,,,,
h2,H2,H2b,"log(naissances+0,5 / 1 000 f. 25-39)","unités avec covariables, bascule 4G ; fenêtre identifiée ≤ 2022, cohorte 2023 = contrôle",twfe,0,0.006658424414155052,0.004556637979334979,-0.0022724219159288746,0.015589270744238978,0.143944608352017,5558,122276,False,"test primaire du papier (Brésil) ; fenêtre 2003-2024 ; 5558 traitées, 0 jamais traitées sur la fenêtre ; covariables invariantes dans le temps absorbées par les effets fixes unité : log_pop, share_women_1549, level_pre, pretrend_pre ; comparaisons sur la fenêtre identifiée (années < 2023, cohorte 2023 recodée contrôle, 60 unités de contrôle) ; cellules −8 et +8 bornées",event,0.0,5558.0,0.0,0.0,2003.0,2024.0,,,,,,,,,,,,
h2,H2,H2b,"log(naissances+0,5 / 1 000 f. 25-39)","unités avec covariables, bascule 4G ; fenêtre identifiée ≤ 2022, cohorte 2023 = contrôle",twfe,1,0.014120788331500015,0.006985293778683397,0.0004298641038488534,0.02781171255915118,0.04322778129439429,5558,122276,False,"test primaire du papier (Brésil) ; fenêtre 2003-2024 ; 5558 traitées, 0 jamais traitées sur la fenêtre ; covariables invariantes dans le temps absorbées par les effets fixes unité : log_pop, share_women_1549, level_pre, pretrend_pre ; comparaisons sur la fenêtre identifiée (années < 2023, cohorte 2023 recodée contrôle, 60 unités de contrôle) ; cellules −8 et +8 bornées",event,0.0,5558.0,0.0,0.0,2003.0,2024.0,,,,,,,,,,,,
h2,H2,H2b,"log(naissances+0,5 / 1 000 f. 25-39)","unités avec covariables, bascule 4G ; fenêtre identifiée ≤ 2022, cohorte 2023 = contrôle",twfe,2,0.015403894734772322,0.009789908927089776,-0.003783974174250802,0.034591763643795445,0.11561554274560601,5558,122276,False,"test primaire du papier (Brésil) ; fenêtre 2003-2024 ; 5558 traitées, 0 jamais traitées sur la fenêtre ; covariables invariantes dans le temps absorbées par les effets fixes unité : log_pop, share_women_1549, level_pre, pretrend_pre ; comparaisons sur la fenêtre identifiée (années < 2023, cohorte 2023 recodée contrôle, 60 unités de contrôle) ; cellules −8 et +8 bornées",event,0.0,5558.0,0.0,0.0,2003.0,2024.0,,,,,,,,,,,,
h2,H2,H2b,"log(naissances+0,5 / 1 000 f. 25-39)","unités avec covariables, bascule 4G ; fenêtre identifiée ≤ 2022, cohorte 2023 = contrôle",twfe,3,0.022397879958422528,0.012696087767675425,-0.0024859948107808366,0.04728175472762589,0.0777057111023335,5558,122276,False,"test primaire du papier (Brésil) ; fenêtre 2003-2024 ; 5558 traitées, 0 jamais traitées sur la fenêtre ; covariables invariantes dans le temps absorbées par les effets fixes unité : log_pop, share_women_1549, level_pre, pretrend_pre ; comparaisons sur la fenêtre identifiée (années < 2023, cohorte 2023 recodée contrôle, 60 unités de contrôle) ; cellules −8 et +8 bornées",event,0.0,5558.0,0.0,0.0,2003.0,2024.0,,,,,,,,,,,,
h2,H2,H2b,"log(naissances+0,5 / 1 000 f. 25-39)","unités avec covariables, bascule 4G ; fenêtre identifiée ≤ 2022, cohorte 2023 = contrôle",twfe,4,0.005854469951545057,0.0156022105884827,-0.02472530088109052,0.03643424078418063,0.7074869197047414,5558,122276,False,"test primaire du papier (Brésil) ; fenêtre 2003-2024 ; 5558 traitées, 0 jamais traitées sur la fenêtre ; covariables invariantes dans le temps absorbées par les effets fixes unité : log_pop, share_women_1549, level_pre, pretrend_pre ; comparaisons sur la fenêtre identifiée (années < 2023, cohorte 2023 recodée contrôle, 60 unités de contrôle) ; cellules −8 et +8 bornées",event,0.0,5558.0,0.0,0.0,2003.0,2024.0,,,,,,,,,,,,
h2,H2,H2b,"log(naissances+0,5 / 1 000 f. 25-39)","unités avec covariables, bascule 4G ; fenêtre identifiée ≤ 2022, cohorte 2023 = contrôle",twfe,5,-0.004924153001881941,0.018209515292038368,-0.04061414715020851,0.03076584114644463,0.7868398641110599,5558,122276,False,"test primaire du papier (Brésil) ; fenêtre 2003-2024 ; 5558 traitées, 0 jamais traitées sur la fenêtre ; covariables invariantes dans le temps absorbées par les effets fixes unité : log_pop, share_women_1549, level_pre, pretrend_pre ; comparaisons sur la fenêtre identifiée (années < 2023, cohorte 2023 recodée contrôle, 60 unités de contrôle) ; cellules −8 et +8 bornées",event,0.0,5558.0,0.0,0.0,2003.0,2024.0,,,,,,,,,,,,
h2,H2,H2b,"log(naissances+0,5 / 1 000 f. 25-39)","unités avec covariables, bascule 4G ; fenêtre identifiée ≤ 2022, cohorte 2023 = contrôle",twfe,6,-0.008388438205430861,0.020505350998535496,-0.04857818765291287,0.03180131124205114,0.6824770443133684,5558,122276,False,"test primaire du papier (Brésil) ; fenêtre 2003-2024 ; 5558 traitées, 0 jamais traitées sur la fenêtre ; covariables invariantes dans le temps absorbées par les effets fixes unité : log_pop, share_women_1549, level_pre, pretrend_pre ; comparaisons sur la fenêtre identifiée (années < 2023, cohorte 2023 recodée contrôle, 60 unités de contrôle) ; cellules −8 et +8 bornées",event,0.0,5558.0,0.0,0.0,2003.0,2024.0,,,,,,,,,,,,
h2,H2,H2b,"log(naissances+0,5 / 1 000 f. 25-39)","unités avec covariables, bascule 4G ; fenêtre identifiée ≤ 2022, cohorte 2023 = contrôle",twfe,7,-0.01208276838314873,0.023373222228221028,-0.05789344215311298,0.03372790538681552,0.6051916257016632,5558,122276,False,"test primaire du papier (Brésil) ; fenêtre 2003-2024 ; 5558 traitées, 0 jamais traitées sur la fenêtre ; covariables invariantes dans le temps absorbées par les effets fixes unité : log_pop, share_women_1549, level_pre, pretrend_pre ; comparaisons sur la fenêtre identifiée (années < 2023, cohorte 2023 recodée contrôle, 60 unités de contrôle) ; cellules −8 et +8 bornées",event,0.0,5558.0,0.0,0.0,2003.0,2024.0,,,,,,,,,,,,
h2,H2,H2b,"log(naissances+0,5 / 1 000 f. 25-39)","unités avec covariables, bascule 4G ; fenêtre identifiée ≤ 2022, cohorte 2023 = contrôle",twfe,8,-0.050923191733369545,0.025824815797980894,-0.10153890060479312,-0.0003074828619459777,0.04862439482115057,5558,122276,False,"test primaire du papier (Brésil) ; fenêtre 2003-2024 ; 5558 traitées, 0 jamais traitées sur la fenêtre ; covariables invariantes dans le temps absorbées par les effets fixes unité : log_pop, share_women_1549, level_pre, pretrend_pre ; comparaisons sur la fenêtre identifiée (années < 2023, cohorte 2023 recodée contrôle, 60 unités de contrôle) ; cellules −8 et +8 bornées",event,0.0,5558.0,0.0,0.0,2003.0,2024.0,,,,,,,,,,,,
h2,H2,H2b,"log(naissances+0,5 / 1 000 f. 25-39)","unités avec covariables, bascule 4G ; fenêtre identifiée ≤ 2022, cohorte 2023 = contrôle",twfe,"ATT[1,5]",0.010570575994871597,0.012307464664292297,-0.013551611488140651,0.034692763477883845,0.39040938124207225,5558,122276,False,"test primaire du papier (Brésil) ; fenêtre 2003-2024 ; 5558 traitées, 0 jamais traitées sur la fenêtre ; covariables invariantes dans le temps absorbées par les effets fixes unité : log_pop, share_women_1549, level_pre, pretrend_pre ; comparaisons sur la fenêtre identifiée (années < 2023, cohorte 2023 recodée contrôle, 60 unités de contrôle) ; écart-type avec covariance complète (w'Vw)",post_avg,0.0,5558.0,0.0,0.0,2003.0,2024.0,,,,,,,,,,,,
h2,H2,H2b,"log(naissances+0,5 / 1 000 f. 25-39)","unités avec covariables, bascule 4G ; fenêtre identifiée ≤ 2022, cohorte 2023 = contrôle",twfe,Wald pré (-8..−2),23.22224582854398,,,,0.0015591219367719652,5558,122276,False,"test de Wald joint, covariance groupée, df = 7 ; fenêtre 2003-2024 ; 5558 traitées, 0 jamais traitées sur la fenêtre",pre_test,0.0,5558.0,0.0,0.0,2003.0,2024.0,,,,,,,,,,,7.0,
h2,H2,H2b,"log(naissances+0,5 / 1 000 f. 25-39)","unités avec covariables, bascule 4G ; fenêtre identifiée ≤ 2022, cohorte 2023 = contrôle",twfe,ATT,0.019442983062588442,0.005935485710866872,0.007809644838537251,0.031076321286639633,0.0010539338233519812,5558,122276,False,"test primaire du papier (Brésil) ; fenêtre 2003-2024 ; 5558 traitées, 0 jamais traitées sur la fenêtre ; covariables invariantes dans le temps absorbées par les effets fixes unité : log_pop, share_women_1549, level_pre, pretrend_pre ; comparaisons sur la fenêtre identifiée (années < 2023, cohorte 2023 recodée contrôle, 60 unités de contrôle)",static,0.0,5558.0,0.0,0.0,2003.0,2024.0,,,,,,,,,,,,
h2,H2,H2b,"log(naissances+0,5 / 1 000 f. 25-39)","unités avec covariables, bascule 4G ; fenêtre complète",twfe,ATT,0.02366682964800156,0.005515374888878089,0.012856893504563902,0.03447676579143921,1.7781861467078622e-05,5558,122276,True,"test primaire du papier (Brésil) ; fenêtre 2003-2024 ; 5558 traitées, 0 jamais traitées sur la fenêtre ; covariables invariantes dans le temps absorbées par les effets fixes unité : log_pop, share_women_1549, level_pre, pretrend_pre ; TWFE sur toutes les années (identification par le calendrier des bascules seulement)",static,0.0,5558.0,0.0,0.0,2003.0,2024.0,,,,,,,,,,,,
h2,H2,H2b,"log(naissances+0,5 / 1 000 f. 25-39)","unités avec covariables, bascule 4G ; fenêtre identifiée ≤ 2022, cohorte 2023 = contrôle",twfe_poisson,ATT (log du taux contrefactuel),0.06672813366156612,0.004351788583096908,0.05819878477036358,0.07525748255276865,4.567277151618748e-53,5558,122276,False,"test primaire du papier (Brésil) ; fenêtre 2003-2024 ; 5558 traitées, 0 jamais traitées sur la fenêtre ; covariables invariantes dans le temps absorbées par les effets fixes unité : log_pop, share_women_1549, level_pre, pretrend_pre ; comparaisons sur la fenêtre identifiée (années < 2023, cohorte 2023 recodée contrôle, 60 unités de contrôle) ; Poisson à effets fixes, offset = log(women)",static,0.0,5558.0,0.0,0.0,2003.0,2024.0,,,,,,,,,,,,
h2,H2,H2b,"log(naissances+0,5 / 1 000 f. 25-39)","unités avec covariables, bascule 4G ; fenêtre identifiée ≤ 2022, cohorte 2023 = contrôle",twfe_poisson,ATT en % du taux contrefactuel,6.900481224117683,0.4652082937186807,5.9925671779961,7.816172305337954,4.567277151618748e-53,5558,122276,False,"test primaire du papier (Brésil) ; fenêtre 2003-2024 ; 5558 traitées, 0 jamais traitées sur la fenêtre ; covariables invariantes dans le temps absorbées par les effets fixes unité : log_pop, share_women_1549, level_pre, pretrend_pre ; comparaisons sur la fenêtre identifiée (années < 2023, cohorte 2023 recodée contrôle, 60 unités de contrôle) ; Poisson à effets fixes, offset = log(women)",static,0.0,5558.0,0.0,0.0,2003.0,2024.0,,,,,,,,,,,,
h2,H2,H2b,"log(naissances+0,5 / 1 000 f. 25-39)","unités, sans covariables",cs,-8,-0.022688389104013613,0.008174304985936114,-0.038709732475094585,-0.006667045732932638,0.005510434281228661,5558,122276,False," ; contrôle = not_yet_treated ; fenêtre 2003-2024 ; 5558 traitées, 0 jamais traitées sur la fenêtre ; ATT(g,t) identifiés jusqu'en 2022 (sans unité jamais traitée, la dernière cohorte sert de contrôle)",event,0.0,5558.0,0.0,0.0,2003.0,2024.0,2003.0,2022.0,5558.0,5.0,reg,9.0,5498.0,,,,,
h2,H2,H2b,"log(naissances+0,5 / 1 000 f. 25-39)","unités, sans covariables",cs,-7,-0.009106992785706486,0.008044273727147756,-0.024873479572697872,0.006659494001284903,0.2575887108166559,5558,122276,False," ; contrôle = not_yet_treated ; fenêtre 2003-2024 ; 5558 traitées, 0 jamais traitées sur la fenêtre ; ATT(g,t) identifiés jusqu'en 2022 (sans unité jamais traitée, la dernière cohorte sert de contrôle)",event,0.0,5558.0,0.0,0.0,2003.0,2024.0,2003.0,2022.0,5558.0,5.0,reg,9.0,5498.0,,,,,
h2,H2,H2b,"log(naissances+0,5 / 1 000 f. 25-39)","unités, sans covariables",cs,-6,-0.010282821585679985,0.0075308131678303155,-0.025042944168927397,0.004477300997567428,0.17211696576412028,5558,122276,False," ; contrôle = not_yet_treated ; fenêtre 2003-2024 ; 5558 traitées, 0 jamais traitées sur la fenêtre ; ATT(g,t) identifiés jusqu'en 2022 (sans unité jamais traitée, la dernière cohorte sert de contrôle)",event,0.0,5558.0,0.0,0.0,2003.0,2024.0,2003.0,2022.0,5558.0,5.0,reg,9.0,5498.0,,,,,
h2,H2,H2b,"log(naissances+0,5 / 1 000 f. 25-39)","unités, sans covariables",cs,-5,-0.006033442572993465,0.007264838591927407,-0.020272264566667864,0.008205379420680932,0.40625660507389416,5558,122276,False," ; contrôle = not_yet_treated ; fenêtre 2003-2024 ; 5558 traitées, 0 jamais traitées sur la fenêtre ; ATT(g,t) identifiés jusqu'en 2022 (sans unité jamais traitée, la dernière cohorte sert de contrôle)",event,0.0,5558.0,0.0,0.0,2003.0,2024.0,2003.0,2022.0,5558.0,5.0,reg,9.0,5498.0,,,,,
h2,H2,H2b,"log(naissances+0,5 / 1 000 f. 25-39)","unités, sans covariables",cs,-4,-0.0029400969908714744,0.006502925515307577,-0.015685596795020896,0.009805402813277948,0.6511831669830824,5558,122276,False," ; contrôle = not_yet_treated ; fenêtre 2003-2024 ; 5558 traitées, 0 jamais traitées sur la fenêtre ; ATT(g,t) identifiés jusqu'en 2022 (sans unité jamais traitée, la dernière cohorte sert de contrôle)",event,0.0,5558.0,0.0,0.0,2003.0,2024.0,2003.0,2022.0,5558.0,5.0,reg,9.0,5498.0,,,,,
h2,H2,H2b,"log(naissances+0,5 / 1 000 f. 25-39)","unités, sans covariables",cs,-3,-0.0007640612582276547,0.005880009598086583,-0.012288668299227196,0.010760545782771887,0.896612173352321,5558,122276,False," ; contrôle = not_yet_treated ; fenêtre 2003-2024 ; 5558 traitées, 0 jamais traitées sur la fenêtre ; ATT(g,t) identifiés jusqu'en 2022 (sans unité jamais traitée, la dernière cohorte sert de contrôle)",event,0.0,5558.0,0.0,0.0,2003.0,2024.0,2003.0,2022.0,5558.0,5.0,reg,9.0,5498.0,,,,,
h2,H2,H2b,"log(naissances+0,5 / 1 000 f. 25-39)","unités, sans covariables",cs,-2,-0.0022771288144603817,0.005094539893155814,-0.012262243522848312,0.00770798589392755,0.6548935576603016,5558,122276,False," ; contrôle = not_yet_treated ; fenêtre 2003-2024 ; 5558 traitées, 0 jamais traitées sur la fenêtre ; ATT(g,t) identifiés jusqu'en 2022 (sans unité jamais traitée, la dernière cohorte sert de contrôle)",event,0.0,5558.0,0.0,0.0,2003.0,2024.0,2003.0,2022.0,5558.0,5.0,reg,9.0,5498.0,,,,,
h2,H2,H2b,"log(naissances+0,5 / 1 000 f. 25-39)","unités, sans covariables",cs,0,-0.010376118964721359,0.004997160398364637,-0.020170373370485876,-0.0005818645589568405,0.03785669177167571,5558,122276,False," ; contrôle = not_yet_treated ; fenêtre 2003-2024 ; 5558 traitées, 0 jamais traitées sur la fenêtre ; ATT(g,t) identifiés jusqu'en 2022 (sans unité jamais traitée, la dernière cohorte sert de contrôle)",event,0.0,5558.0,0.0,0.0,2003.0,2024.0,2003.0,2022.0,5558.0,5.0,reg,9.0,5498.0,,,,,
h2,H2,H2b,"log(naissances+0,5 / 1 000 f. 25-39)","unités, sans covariables",cs,1,-0.01831688767216399,0.006339078367812188,-0.03074125296825283,-0.005892522376075153,0.0038583163461518846,5558,122276,False," ; contrôle = not_yet_treated ; fenêtre 2003-2024 ; 5558 traitées, 0 jamais traitées sur la fenêtre ; ATT(g,t) identifiés jusqu'en 2022 (sans unité jamais traitée, la dernière cohorte sert de contrôle)",event,0.0,5558.0,0.0,0.0,2003.0,2024.0,2003.0,2022.0,5558.0,5.0,reg,8.0,5438.0,,,,,
h2,H2,H2b,"log(naissances+0,5 / 1 000 f. 25-39)","unités, sans covariables",cs,2,-0.03362027142172691,0.00855819786194004,-0.05039403100369708,-0.016846511839756738,8.550263745029505e-05,5558,122276,False," ; contrôle = not_yet_treated ; fenêtre 2003-2024 ; 5558 traitées, 0 jamais traitées sur la fenêtre ; ATT(g,t) identifiés jusqu'en 2022 (sans unité jamais traitée, la dernière cohorte sert de contrôle)",event,0.0,5558.0,0.0,0.0,2003.0,2024.0,2003.0,2022.0,5558.0,5.0,reg,7.0,5268.0,,,,,
h2,H2,H2b,"log(naissances+0,5 / 1 000 f. 25-39)","unités, sans covariables",cs,3,-0.05928864696714917,0.013108958503805921,-0.08498173350943884,-0.03359556042485949,6.103901426368646e-06,5558,122276,False," ; contrôle = not_yet_treated ; fenêtre 2003-2024 ; 5558 traitées, 0 jamais traitées sur la fenêtre ; ATT(g,t) identifiés jusqu'en 2022 (sans unité jamais traitée, la dernière cohorte sert de contrôle)",event,0.0,5558.0,0.0,0.0,2003.0,2024.0,2003.0,2022.0,5558.0,5.0,reg,6.0,4844.0,,,,,
h2,H2,H2b,"log(naissances+0,5 / 1 000 f. 25-39)","unités, sans covariables",cs,4,-0.09653890161680631,0.02126635695057052,-0.13822019532229757,-0.05485760791131505,5.638433217185749e-06,5558,122276,False," ; contrôle = not_yet_treated ; fenêtre 2003-2024 ; 5558 traitées, 0 jamais traitées sur la fenêtre ; ATT(g,t) identifiés jusqu'en 2022 (sans unité jamais traitée, la dernière cohorte sert de contrôle)",event,0.0,5558.0,0.0,0.0,2003.0,2024.0,2003.0,2022.0,5558.0,5.0,reg,5.0,4445.0,,,,,
h2,H2,H2b,"log(naissances+0,5 / 1 000 f. 25-39)","unités, sans covariables",cs,5,-0.1594980765988427,0.03431242907916961,-0.22674920181609998,-0.09224695138158541,3.345111635420697e-06,5558,122276,False," ; contrôle = not_yet_treated ; fenêtre 2003-2024 ; 5558 traitées, 0 jamais traitées sur la fenêtre ; ATT(g,t) identifiés jusqu'en 2022 (sans unité jamais traitée, la dernière cohorte sert de contrôle)",event,0.0,5558.0,0.0,0.0,2003.0,2024.0,2003.0,2022.0,5558.0,5.0,reg,4.0,3767.0,,,,,
h2,H2,H2b,"log(naissances+0,5 / 1 000 f. 25-39)","unités, sans covariables",cs,6,-0.1525527904605523,0.03363694488690647,-0.2184799909888477,-0.08662558993225691,5.752851681018772e-06,5558,122276,False," ; contrôle = not_yet_treated ; fenêtre 2003-2024 ; 5558 traitées, 0 jamais traitées sur la fenêtre ; ATT(g,t) identifiés jusqu'en 2022 (sans unité jamais traitée, la dernière cohorte sert de contrôle)",event,0.0,5558.0,0.0,0.0,2003.0,2024.0,2003.0,2022.0,5558.0,5.0,reg,3.0,1032.0,,,,,
h2,H2,H2b,"log(naissances+0,5 / 1 000 f. 25-39)","unités, sans covariables",cs,7,-0.18358550789283595,0.05040237730895322,-0.28237235215358314,-0.0847986636320888,0.0002701102365850879,5558,122276,False," ; contrôle = not_yet_treated ; fenêtre 2003-2024 ; 5558 traitées, 0 jamais traitées sur la fenêtre ; ATT(g,t) identifiés jusqu'en 2022 (sans unité jamais traitée, la dernière cohorte sert de contrôle)",event,0.0,5558.0,0.0,0.0,2003.0,2024.0,2003.0,2022.0,5558.0,5.0,reg,2.0,481.0,,,,,
h2,H2,H2b,"log(naissances+0,5 / 1 000 f. 25-39)","unités, sans covariables",cs,8,-0.26300182763343455,0.06530652715742191,-0.39100026881736843,-0.13500338644950066,5.6447290467383724e-05,5558,122276,False," ; contrôle = not_yet_treated ; fenêtre 2003-2024 ; 5558 traitées, 0 jamais traitées sur la fenêtre ; ATT(g,t) identifiés jusqu'en 2022 (sans unité jamais traitée, la dernière cohorte sert de contrôle)",event,0.0,5558.0,0.0,0.0,2003.0,2024.0,2003.0,2022.0,5558.0,5.0,reg,1.0,187.0,,,,,
h2,H2,H2b,"log(naissances+0,5 / 1 000 f. 25-39)","unités, sans covariables",cs,"ATT[1,5]",-0.07345255685533782,0.013488136819768157,-0.09988881924063203,-0.0470162944700436,5.1597527522551256e-08,5558,122276,False," ; contrôle = not_yet_treated ; fenêtre 2003-2024 ; 5558 traitées, 0 jamais traitées sur la fenêtre ; ATT(g,t) identifiés jusqu'en 2022 (sans unité jamais traitée, la dernière cohorte sert de contrôle) ; écart-type avec covariance complète des coefficients (fonctions d'influence)",post_avg,0.0,5558.0,0.0,0.0,2003.0,2024.0,2003.0,2022.0,5558.0,5.0,reg,,,,,5.0,,
h2,H2,H2b,"log(naissances+0,5 / 1 000 f. 25-39)","unités, sans covariables",cs,ATT,-0.06284967881271109,0.010492116230686323,-0.08341384874646443,-0.042285508878957746,2.0960719594310472e-09,5558,122276,False," ; contrôle = not_yet_treated ; fenêtre 2003-2024 ; 5558 traitées, 0 jamais traitées sur la fenêtre ; ATT(g,t) identifiés jusqu'en 2022 (sans unité jamais traitée, la dernière cohorte sert de contrôle) ; moyenne de tous les ATT(g,t) post",simple,0.0,5558.0,0.0,0.0,2003.0,2024.0,2003.0,2022.0,5558.0,5.0,reg,,,,,,,
h2,H2,H2b,"log(naissances+0,5 / 1 000 f. 25-39)","unités, sans covariables",cs,Wald pré (-8..-2),10.954044512559921,,,,0.14063617688305965,5558,122276,False,"H5c : test de Wald joint de nullité des coefficients pré avec covariance des fonctions d'influence, df = 7 ; fenêtre 2003-2024 ; 5558 traitées, 0 jamais traitées sur la fenêtre",pre_test,0.0,5558.0,0.0,0.0,2003.0,2024.0,2003.0,2022.0,5558.0,5.0,reg,,,,,,7.0,
h2,H2,H2b,"log(naissances+0,5 / 1 000 f. 25-39)","unités, sans covariables ; fenêtre identifiée ≤ 2022, cohorte 2023 = contrôle",twfe,-8,-0.06608824181501076,0.022391641995741434,-0.10997505368137855,-0.02220142994864297,0.003162660805537738,5558,122276,False," ; fenêtre 2003-2024 ; 5558 traitées, 0 jamais traitées sur la fenêtre ; comparaisons sur la fenêtre identifiée (années < 2023, cohorte 2023 recodée contrôle, 60 unités de contrôle) ; cellules −8 et +8 bornées",event,0.0,5558.0,0.0,0.0,2003.0,2024.0,,,,,,,,,,,,
h2,H2,H2b,"log(naissances+0,5 / 1 000 f. 25-39)","unités, sans covariables ; fenêtre identifiée ≤ 2022, cohorte 2023 = contrôle",twfe,-7,-0.0629520367122458,0.017728996483008144,-0.09770023130097905,-0.02820384212351256,0.00038406906264021643,5558,122276,False," ; fenêtre 2003-2024 ; 5558 traitées, 0 jamais traitées sur la fenêtre ; comparaisons sur la fenêtre identifiée (années < 2023, cohorte 2023 recodée contrôle, 60 unités de contrôle) ; cellules −8 et +8 bornées",event,0.0,5558.0,0.0,0.0,2003.0,2024.0,,,,,,,,,,,,
h2,H2,H2b,"log(naissances+0,5 / 1 000 f. 25-39)","unités, sans covariables ; fenêtre identifiée ≤ 2022, cohorte 2023 = contrôle",twfe,-6,-0.05647851851658792,0.01513667852466782,-0.08614586327049772,-0.02681117376267811,0.00019054268466594626,5558,122276,False," ; fenêtre 2003-2024 ; 5558 traitées, 0 jamais traitées sur la fenêtre ; comparaisons sur la fenêtre identifiée (années < 2023, cohorte 2023 recodée contrôle, 60 unités de contrôle) ; cellules −8 et +8 bornées",event,0.0,5558.0,0.0,0.0,2003.0,2024.0,,,,,,,,,,,,
h2,H2,H2b,"log(naissances+0,5 / 1 000 f. 25-39)","unités, sans covariables ; fenêtre identifiée ≤ 2022, cohorte 2023 = contrôle",twfe,-5,-0.0504872086324114,0.01256016031169982,-0.07510467048339242,-0.025869746781430374,5.828938608215268e-05,5558,122276,False," ; fenêtre 2003-2024 ; 5558 traitées, 0 jamais traitées sur la fenêtre ; comparaisons sur la fenêtre identifiée (années < 2023, cohorte 2023 recodée contrôle, 60 unités de contrôle) ; cellules −8 et +8 bornées",event,0.0,5558.0,0.0,0.0,2003.0,2024.0,,,,,,,,,,,,
h2,H2,H2b,"log(naissances+0,5 / 1 000 f. 25-39)","unités, sans covariables ; fenêtre identifiée ≤ 2022, cohorte 2023 = contrôle",twfe,-4,-0.03929804717416457,0.009834884922352714,-0.058574067414071895,-0.020022026934257243,6.448129831784275e-05,5558,122276,False," ; fenêtre 2003-2024 ; 5558 traitées, 0 jamais traitées sur la fenêtre ; comparaisons sur la fenêtre identifiée (années < 2023, cohorte 2023 recodée contrôle, 60 unités de contrôle) ; cellules −8 et +8 bornées",event,0.0,5558.0,0.0,0.0,2003.0,2024.0,,,,,,,,,,,,
h2,H2,H2b,"log(naissances+0,5 / 1 000 f. 25-39)","unités, sans covariables ; fenêtre identifiée ≤ 2022, cohorte 2023 = contrôle",twfe,-3,-0.024516991194031307,0.0072469294681022575,-0.03872071195001374,-0.01031327043804887,0.0007167598300347342,5558,122276,False," ; fenêtre 2003-2024 ; 5558 traitées, 0 jamais traitées sur la fenêtre ; comparaisons sur la fenêtre identifiée (années < 2023, cohorte 2023 recodée contrôle, 60 unités de contrôle) ; cellules −8 et +8 bornées",event,0.0,5558.0,0.0,0.0,2003.0,2024.0,,,,,,,,,,,,
h2,H2,H2b,"log(naissances+0,5 / 1 000 f. 25-39)","unités, sans covariables ; fenêtre identifiée ≤ 2022, cohorte 2023 = contrôle",twfe,-2,-0.015153338868641944,0.004615357163431052,-0.02419927268475575,-0.006107405052528138,0.001026201843746591,5558,122276,False," ; fenêtre 2003-2024 ; 5558 traitées, 0 jamais traitées sur la fenêtre ; comparaisons sur la fenêtre identifiée (années < 2023, cohorte 2023 recodée contrôle, 60 unités de contrôle) ; cellules −8 et +8 bornées",event,0.0,5558.0,0.0,0.0,2003.0,2024.0,,,,,,,,,,,,
h2,H2,H2b,"log(naissances+0,5 / 1 000 f. 25-39)","unités, sans covariables ; fenêtre identifiée ≤ 2022, cohorte 2023 = contrôle",twfe,0,0.006658424414155052,0.004556637979334979,-0.0022724219159288746,0.015589270744238978,0.143944608352017,5558,122276,False," ; fenêtre 2003-2024 ; 5558 traitées, 0 jamais traitées sur la fenêtre ; comparaisons sur la fenêtre identifiée (années < 2023, cohorte 2023 recodée contrôle, 60 unités de contrôle) ; cellules −8 et +8 bornées",event,0.0,5558.0,0.0,0.0,2003.0,2024.0,,,,,,,,,,,,
h2,H2,H2b,"log(naissances+0,5 / 1 000 f. 25-39)","unités, sans covariables ; fenêtre identifiée ≤ 2022, cohorte 2023 = contrôle",twfe,1,0.014120788331500015,0.006985293778683397,0.0004298641038488534,0.02781171255915118,0.04322778129439429,5558,122276,False," ; fenêtre 2003-2024 ; 5558 traitées, 0 jamais traitées sur la fenêtre ; comparaisons sur la fenêtre identifiée (années < 2023, cohorte 2023 recodée contrôle, 60 unités de contrôle) ; cellules −8 et +8 bornées",event,0.0,5558.0,0.0,0.0,2003.0,2024.0,,,,,,,,,,,,
h2,H2,H2b,"log(naissances+0,5 / 1 000 f. 25-39)","unités, sans covariables ; fenêtre identifiée ≤ 2022, cohorte 2023 = contrôle",twfe,2,0.015403894734772322,0.009789908927089776,-0.003783974174250802,0.034591763643795445,0.11561554274560601,5558,122276,False," ; fenêtre 2003-2024 ; 5558 traitées, 0 jamais traitées sur la fenêtre ; comparaisons sur la fenêtre identifiée (années < 2023, cohorte 2023 recodée contrôle, 60 unités de contrôle) ; cellules −8 et +8 bornées",event,0.0,5558.0,0.0,0.0,2003.0,2024.0,,,,,,,,,,,,
h2,H2,H2b,"log(naissances+0,5 / 1 000 f. 25-39)","unités, sans covariables ; fenêtre identifiée ≤ 2022, cohorte 2023 = contrôle",twfe,3,0.022397879958422528,0.012696087767675425,-0.0024859948107808366,0.04728175472762589,0.0777057111023335,5558,122276,False," ; fenêtre 2003-2024 ; 5558 traitées, 0 jamais traitées sur la fenêtre ; comparaisons sur la fenêtre identifiée (années < 2023, cohorte 2023 recodée contrôle, 60 unités de contrôle) ; cellules −8 et +8 bornées",event,0.0,5558.0,0.0,0.0,2003.0,2024.0,,,,,,,,,,,,
h2,H2,H2b,"log(naissances+0,5 / 1 000 f. 25-39)","unités, sans covariables ; fenêtre identifiée ≤ 2022, cohorte 2023 = contrôle",twfe,4,0.005854469951545057,0.0156022105884827,-0.02472530088109052,0.03643424078418063,0.7074869197047414,5558,122276,False," ; fenêtre 2003-2024 ; 5558 traitées, 0 jamais traitées sur la fenêtre ; comparaisons sur la fenêtre identifiée (années < 2023, cohorte 2023 recodée contrôle, 60 unités de contrôle) ; cellules −8 et +8 bornées",event,0.0,5558.0,0.0,0.0,2003.0,2024.0,,,,,,,,,,,,
h2,H2,H2b,"log(naissances+0,5 / 1 000 f. 25-39)","unités, sans covariables ; fenêtre identifiée ≤ 2022, cohorte 2023 = contrôle",twfe,5,-0.004924153001881941,0.018209515292038368,-0.04061414715020851,0.03076584114644463,0.7868398641110599,5558,122276,False," ; fenêtre 2003-2024 ; 5558 traitées, 0 jamais traitées sur la fenêtre ; comparaisons sur la fenêtre identifiée (années < 2023, cohorte 2023 recodée contrôle, 60 unités de contrôle) ; cellules −8 et +8 bornées",event,0.0,5558.0,0.0,0.0,2003.0,2024.0,,,,,,,,,,,,
h2,H2,H2b,"log(naissances+0,5 / 1 000 f. 25-39)","unités, sans covariables ; fenêtre identifiée ≤ 2022, cohorte 2023 = contrôle",twfe,6,-0.008388438205430861,0.020505350998535496,-0.04857818765291287,0.03180131124205114,0.6824770443133684,5558,122276,False," ; fenêtre 2003-2024 ; 5558 traitées, 0 jamais traitées sur la fenêtre ; comparaisons sur la fenêtre identifiée (années < 2023, cohorte 2023 recodée contrôle, 60 unités de contrôle) ; cellules −8 et +8 bornées",event,0.0,5558.0,0.0,0.0,2003.0,2024.0,,,,,,,,,,,,
h2,H2,H2b,"log(naissances+0,5 / 1 000 f. 25-39)","unités, sans covariables ; fenêtre identifiée ≤ 2022, cohorte 2023 = contrôle",twfe,7,-0.01208276838314873,0.023373222228221028,-0.05789344215311298,0.03372790538681552,0.6051916257016632,5558,122276,False," ; fenêtre 2003-2024 ; 5558 traitées, 0 jamais traitées sur la fenêtre ; comparaisons sur la fenêtre identifiée (années < 2023, cohorte 2023 recodée contrôle, 60 unités de contrôle) ; cellules −8 et +8 bornées",event,0.0,5558.0,0.0,0.0,2003.0,2024.0,,,,,,,,,,,,
h2,H2,H2b,"log(naissances+0,5 / 1 000 f. 25-39)","unités, sans covariables ; fenêtre identifiée ≤ 2022, cohorte 2023 = contrôle",twfe,8,-0.050923191733369545,0.025824815797980894,-0.10153890060479312,-0.0003074828619459777,0.04862439482115057,5558,122276,False," ; fenêtre 2003-2024 ; 5558 traitées, 0 jamais traitées sur la fenêtre ; comparaisons sur la fenêtre identifiée (années < 2023, cohorte 2023 recodée contrôle, 60 unités de contrôle) ; cellules −8 et +8 bornées",event,0.0,5558.0,0.0,0.0,2003.0,2024.0,,,,,,,,,,,,
h2,H2,H2b,"log(naissances+0,5 / 1 000 f. 25-39)","unités, sans covariables ; fenêtre identifiée ≤ 2022, cohorte 2023 = contrôle",twfe,"ATT[1,5]",0.010570575994871597,0.012307464664292297,-0.013551611488140651,0.034692763477883845,0.39040938124207225,5558,122276,False," ; fenêtre 2003-2024 ; 5558 traitées, 0 jamais traitées sur la fenêtre ; comparaisons sur la fenêtre identifiée (années < 2023, cohorte 2023 recodée contrôle, 60 unités de contrôle) ; écart-type avec covariance complète (w'Vw)",post_avg,0.0,5558.0,0.0,0.0,2003.0,2024.0,,,,,,,,,,,,
h2,H2,H2b,"log(naissances+0,5 / 1 000 f. 25-39)","unités, sans covariables ; fenêtre identifiée ≤ 2022, cohorte 2023 = contrôle",twfe,Wald pré (-8..−2),23.22224582854398,,,,0.0015591219367719652,5558,122276,False,"test de Wald joint, covariance groupée, df = 7 ; fenêtre 2003-2024 ; 5558 traitées, 0 jamais traitées sur la fenêtre",pre_test,0.0,5558.0,0.0,0.0,2003.0,2024.0,,,,,,,,,,,7.0,
h2,H2,H2b,"log(naissances+0,5 / 1 000 f. 25-39)","unités, sans covariables ; fenêtre identifiée ≤ 2022, cohorte 2023 = contrôle",twfe,ATT,0.019442983062588442,0.005935485710866872,0.007809644838537251,0.031076321286639633,0.0010539338233519812,5558,122276,False," ; fenêtre 2003-2024 ; 5558 traitées, 0 jamais traitées sur la fenêtre ; comparaisons sur la fenêtre identifiée (années < 2023, cohorte 2023 recodée contrôle, 60 unités de contrôle)",static,0.0,5558.0,0.0,0.0,2003.0,2024.0,,,,,,,,,,,,
h2,H2,H2b,"log(naissances+0,5 / 1 000 f. 25-39)","unités, sans covariables ; fenêtre complète",twfe,ATT,0.02366682964800156,0.005515374888878089,0.012856893504563902,0.03447676579143921,1.7781861467078622e-05,5558,122276,True," ; fenêtre 2003-2024 ; 5558 traitées, 0 jamais traitées sur la fenêtre ; TWFE sur toutes les années (identification par le calendrier des bascules seulement)",static,0.0,5558.0,0.0,0.0,2003.0,2024.0,,,,,,,,,,,,
h2,H2,H2b,naissances / 1 000 f. 25-39 (taux brut),"unités avec covariables, bascule 4G",cs,-8,-5.328834743254915,2.4745444687929026,-10.178852780231804,-0.4788167062780264,0.03128247432707079,5558,122276,False," ; covariables : log_pop, share_women_1549, level_pre, pretrend_pre (doublement robuste) ; contrôle = not_yet_treated ; fenêtre 2003-2024 ; 5558 traitées, 0 jamais traitées sur la fenêtre ; ATT(g,t) identifiés jusqu'en 2022 (sans unité jamais traitée, la dernière cohorte sert de contrôle)",event,0.0,5558.0,0.0,0.0,2003.0,2024.0,2003.0,2022.0,5558.0,5.0,dr,9.0,5498.0,,,,,
h2,H2,H2b,naissances / 1 000 f. 25-39 (taux brut),"unités avec covariables, bascule 4G",cs,-7,-2.8042209951844947,1.3046738507784132,-5.361334754281369,-0.24710723608761986,0.03160543611385133,5558,122276,False," ; covariables : log_pop, share_women_1549, level_pre, pretrend_pre (doublement robuste) ; contrôle = not_yet_treated ; fenêtre 2003-2024 ; 5558 traitées, 0 jamais traitées sur la fenêtre ; ATT(g,t) identifiés jusqu'en 2022 (sans unité jamais traitée, la dernière cohorte sert de contrôle)",event,0.0,5558.0,0.0,0.0,2003.0,2024.0,2003.0,2022.0,5558.0,5.0,dr,9.0,5498.0,,,,,
h2,H2,H2b,naissances / 1 000 f. 25-39 (taux brut),"unités avec covariables, bascule 4G",cs,-6,-1.7127303349296144,0.6358547819872482,-2.9589828070221884,-0.46647786283704007,0.007068764109069936,5558,122276,False," ; covariables : log_pop, share_women_1549, level_pre, pretrend_pre (doublement robuste) ; contrôle = not_yet_treated ; fenêtre 2003-2024 ; 5558 traitées, 0 jamais traitées sur la fenêtre ; ATT(g,t) identifiés jusqu'en 2022 (sans unité jamais traitée, la dernière cohorte sert de contrôle)",event,0.0,5558.0,0.0,0.0,2003.0,2024.0,2003.0,2022.0,5558.0,5.0,dr,9.0,5498.0,,,,,
h2,H2,H2b,naissances / 1 000 f. 25-39 (taux brut),"unités avec covariables, bascule 4G",cs,-5,-0.6599104160727174,0.4969615233276218,-1.633937103497018,0.31411627135158326,0.18421432985200226,5558,122276,False," ; covariables : log_pop, share_women_1549, level_pre, pretrend_pre (doublement robuste) ; contrôle = not_yet_treated ; fenêtre 2003-2024 ; 5558 traitées, 0 jamais traitées sur la fenêtre ; ATT(g,t) identifiés jusqu'en 2022 (sans unité jamais traitée, la dernière cohorte sert de contrôle)",event,0.0,5558.0,0.0,0.0,2003.0,2024.0,2003.0,2022.0,5558.0,5.0,dr,9.0,5498.0,,,,,
h2,H2,H2b,naissances / 1 000 f. 25-39 (taux brut),"unités avec covariables, bascule 4G",cs,-4,-0.5489445703223156,0.4983782609831002,-1.5257480125268956,0.42785887188226435,0.2706957615303164,5558,122276,False," ; covariables : log_pop, share_women_1549, level_pre, pretrend_pre (doublement robuste) ; contrôle = not_yet_treated ; fenêtre 2003-2024 ; 5558 traitées, 0 jamais traitées sur la fenêtre ; ATT(g,t) identifiés jusqu'en 2022 (sans unité jamais traitée, la dernière cohorte sert de contrôle)",event,0.0,5558.0,0.0,0.0,2003.0,2024.0,2003.0,2022.0,5558.0,5.0,dr,9.0,5498.0,,,,,
h2,H2,H2b,naissances / 1 000 f. 25-39 (taux brut),"unités avec covariables, bascule 4G",cs,-3,-1.5299547286930675,1.1229926724005819,-3.7309799215005954,0.6710704641144607,0.17307462960885112,5558,122276,False," ; covariables : log_pop, share_women_1549, level_pre, pretrend_pre (doublement robuste) ; contrôle = not_yet_treated ; fenêtre 2003-2024 ; 5558 traitées, 0 jamais traitées sur la fenêtre ; ATT(g,t) identifiés jusqu'en 2022 (sans unité jamais traitée, la dernière cohorte sert de contrôle)",event,0.0,5558.0,0.0,0.0,2003.0,2024.0,2003.0,2022.0,5558.0,5.0,dr,9.0,5498.0,,,,,
h2,H2,H2b,naissances / 1 000 f. 25-39 (taux brut),"unités avec covariables, bascule 4G",cs,-2,-1.0934037617679506,0.7521581978032682,-2.56760674013891,0.38079921660300897,0.1460326734001986,5558,122276,False," ; covariables : log_pop, share_women_1549, level_pre, pretrend_pre (doublement robuste) ; contrôle = not_yet_treated ; fenêtre 2003-2024 ; 5558 traitées, 0 jamais traitées sur la fenêtre ; ATT(g,t) identifiés jusqu'en 2022 (sans unité jamais traitée, la dernière cohorte sert de contrôle)",event,0.0,5558.0,0.0,0.0,2003.0,2024.0,2003.0,2022.0,5558.0,5.0,dr,9.0,5498.0,,,,,
h2,H2,H2b,naissances / 1 000 f. 25-39 (taux brut),"unités avec covariables, bascule 4G",cs,0,0.49630127097054244,0.6498944371734281,-0.7774684196423055,1.7700709615833903,0.44506723745945775,5558,122276,False," ; covariables : log_pop, share_women_1549, level_pre, pretrend_pre (doublement robuste) ; contrôle = not_yet_treated ; fenêtre 2003-2024 ; 5558 traitées, 0 jamais traitées sur la fenêtre ; ATT(g,t) identifiés jusqu'en 2022 (sans unité jamais traitée, la dernière cohorte sert de contrôle)",event,0.0,5558.0,0.0,0.0,2003.0,2024.0,2003.0,2022.0,5558.0,5.0,dr,9.0,5498.0,,,,,
h2,H2,H2b,naissances / 1 000 f. 25-39 (taux brut),"unités avec covariables, bascule 4G",cs,1,1.497306955153065,1.6834389137439305,-1.8021726859582696,4.7967865962644,0.37377015082022813,5558,122276,False," ; covariables : log_pop, share_women_1549, level_pre, pretrend_pre (doublement robuste) ; contrôle = not_yet_treated ; fenêtre 2003-2024 ; 5558 traitées, 0 jamais traitées sur la fenêtre ; ATT(g,t) identifiés jusqu'en 2022 (sans unité jamais traitée, la dernière cohorte sert de contrôle)",event,0.0,5558.0,0.0,0.0,2003.0,2024.0,2003.0,2022.0,5558.0,5.0,dr,8.0,5438.0,,,,,
h2,H2,H2b,naissances / 1 000 f. 25-39 (taux brut),"unités avec covariables, bascule 4G",cs,2,2.4349037994460154,1.6523310891021814,-0.803605625730103,5.673413224622134,0.14058464096067172,5558,122276,False," ; covariables : log_pop, share_women_1549, level_pre, pretrend_pre (doublement robuste) ; contrôle = not_yet_treated ; fenêtre 2003-2024 ; 5558 traitées, 0 jamais traitées sur la fenêtre ; ATT(g,t) identifiés jusqu'en 2022 (sans unité jamais traitée, la dernière cohorte sert de contrôle)",event,0.0,5558.0,0.0,0.0,2003.0,2024.0,2003.0,2022.0,5558.0,5.0,dr,7.0,5268.0,,,,,
h2,H2,H2b,naissances / 1 000 f. 25-39 (taux brut),"unités avec covariables, bascule 4G",cs,3,0.12976604850027101,1.4707760828815228,-2.7529021032704115,3.0124342002709534,0.9296941575964005,5558,122276,False," ; covariables : log_pop, share_women_1549, level_pre, pretrend_pre (doublement robuste) ; contrôle = not_yet_treated ; fenêtre 2003-2024 ; 5558 traitées, 0 jamais traitées sur la fenêtre ; ATT(g,t) identifiés jusqu'en 2022 (sans unité jamais traitée, la dernière cohorte sert de contrôle)",event,0.0,5558.0,0.0,0.0,2003.0,2024.0,2003.0,2022.0,5558.0,5.0,dr,6.0,4844.0,,,,,
h2,H2,H2b,naissances / 1 000 f. 25-39 (taux brut),"unités avec covariables, bascule 4G",cs,4,-2.9672820625211473,1.2779248123768203,-5.47196866972982,-0.4625954553124738,0.020235436567557333,5558,122276,False," ; covariables : log_pop, share_women_1549, level_pre, pretrend_pre (doublement robuste) ; contrôle = not_yet_treated ; fenêtre 2003-2024 ; 5558 traitées, 0 jamais traitées sur la fenêtre ; ATT(g,t) identifiés jusqu'en 2022 (sans unité jamais traitée, la dernière cohorte sert de contrôle)",event,0.0,5558.0,0.0,0.0,2003.0,2024.0,2003.0,2022.0,5558.0,5.0,dr,5.0,4445.0,,,,,
h2,H2,H2b,naissances / 1 000 f. 25-39 (taux brut),"unités avec covariables, bascule 4G",cs,5,-8.576070746921523,2.908997562332816,-14.277601200208654,-2.874540293634393,0.0031971405191039987,5558,122276,False," ; covariables : log_pop, share_women_1549, level_pre, pretrend_pre (doublement robuste) ; contrôle = not_yet_treated ; fenêtre 2003-2024 ; 5558 traitées, 0 jamais traitées sur la fenêtre ; ATT(g,t) identifiés jusqu'en 2022 (sans unité jamais traitée, la dernière cohorte sert de contrôle)",event,0.0,5558.0,0.0,0.0,2003.0,2024.0,2003.0,2022.0,5558.0,5.0,dr,4.0,3767.0,,,,,
h2,H2,H2b,naissances / 1 000 f. 25-39 (taux brut),"unités avec covariables, bascule 4G",cs,6,-7.438598420980988,3.537075796968817,-14.371139593628177,-0.5060572483337982,0.03546260576012618,5558,122276,False," ; covariables : log_pop, share_women_1549, level_pre, pretrend_pre (doublement robuste) ; contrôle = not_yet_treated ; fenêtre 2003-2024 ; 5558 traitées, 0 jamais traitées sur la fenêtre ; ATT(g,t) identifiés jusqu'en 2022 (sans unité jamais traitée, la dernière cohorte sert de contrôle)",event,0.0,5558.0,0.0,0.0,2003.0,2024.0,2003.0,2022.0,5558.0,5.0,dr,3.0,1032.0,,,,,
h2,H2,H2b,naissances / 1 000 f. 25-39 (taux brut),"unités avec covariables, bascule 4G",cs,7,-8.908550044204954,5.685127491842312,-20.051195175734417,2.2340950873245085,0.11711653091349912,5558,122276,False," ; covariables : log_pop, share_women_1549, level_pre, pretrend_pre (doublement robuste) ; contrôle = not_yet_treated ; fenêtre 2003-2024 ; 5558 traitées, 0 jamais traitées sur la fenêtre ; ATT(g,t) identifiés jusqu'en 2022 (sans unité jamais traitée, la dernière cohorte sert de contrôle)",event,0.0,5558.0,0.0,0.0,2003.0,2024.0,2003.0,2022.0,5558.0,5.0,dr,2.0,481.0,,,,,
h2,H2,H2b,naissances / 1 000 f. 25-39 (taux brut),"unités avec covariables, bascule 4G",cs,8,-23.83441371031938,13.651772656257943,-50.591396441713655,2.922569021074896,0.08083108191541219,5558,122276,False," ; covariables : log_pop, share_women_1549, level_pre, pretrend_pre (doublement robuste) ; contrôle = not_yet_treated ; fenêtre 2003-2024 ; 5558 traitées, 0 jamais traitées sur la fenêtre ; ATT(g,t) identifiés jusqu'en 2022 (sans unité jamais traitée, la dernière cohorte sert de contrôle)",event,0.0,5558.0,0.0,0.0,2003.0,2024.0,2003.0,2022.0,5558.0,5.0,dr,1.0,187.0,,,,,
h2,H2,H2b,naissances / 1 000 f. 25-39 (taux brut),"unités avec covariables, bascule 4G",cs,"ATT[1,5]",-1.496275201268664,1.208924514522886,-3.86572370976109,0.8731733072237622,0.21583059312363762,5558,122276,False," ; covariables : log_pop, share_women_1549, level_pre, pretrend_pre (doublement robuste) ; contrôle = not_yet_treated ; fenêtre 2003-2024 ; 5558 traitées, 0 jamais traitées sur la fenêtre ; ATT(g,t) identifiés jusqu'en 2022 (sans unité jamais traitée, la dernière cohorte sert de contrôle) ; écart-type avec covariance complète des coefficients (fonctions d'influence)",post_avg,0.0,5558.0,0.0,0.0,2003.0,2024.0,2003.0,2022.0,5558.0,5.0,dr,,,,,5.0,,
h2,H2,H2b,naissances / 1 000 f. 25-39 (taux brut),"unités avec covariables, bascule 4G",cs,ATT,-1.2140707110067583,1.0797340113626248,-3.3303104861604647,0.902169064146948,0.26083638607410997,5558,122276,False," ; covariables : log_pop, share_women_1549, level_pre, pretrend_pre (doublement robuste) ; contrôle = not_yet_treated ; fenêtre 2003-2024 ; 5558 traitées, 0 jamais traitées sur la fenêtre ; ATT(g,t) identifiés jusqu'en 2022 (sans unité jamais traitée, la dernière cohorte sert de contrôle) ; moyenne de tous les ATT(g,t) post",simple,0.0,5558.0,0.0,0.0,2003.0,2024.0,2003.0,2022.0,5558.0,5.0,dr,,,,,,,
h2,H2,H2b,naissances / 1 000 f. 25-39 (taux brut),"unités avec covariables, bascule 4G",cs,Wald pré (-8..-2),12.927963008427293,,,,0.0738831322208413,5558,122276,False,"H5c : test de Wald joint de nullité des coefficients pré avec covariance des fonctions d'influence, df = 7 ; fenêtre 2003-2024 ; 5558 traitées, 0 jamais traitées sur la fenêtre",pre_test,0.0,5558.0,0.0,0.0,2003.0,2024.0,2003.0,2022.0,5558.0,5.0,dr,,,,,,7.0,
h2,H2,H2b,asinh(naissances / 1 000 f. 25-39),"unités avec covariables, bascule 4G",cs,-8,0.05883006359627849,0.03636320345244768,-0.01244050553302152,0.13010063272557848,0.10569578812518422,5558,122276,False," ; covariables : log_pop, share_women_1549, level_pre, pretrend_pre (doublement robuste) ; contrôle = not_yet_treated ; fenêtre 2003-2024 ; 5558 traitées, 0 jamais traitées sur la fenêtre ; ATT(g,t) identifiés jusqu'en 2022 (sans unité jamais traitée, la dernière cohorte sert de contrôle)",event,0.0,5558.0,0.0,0.0,2003.0,2024.0,2003.0,2022.0,5558.0,5.0,dr,9.0,5498.0,,,,,
h2,H2,H2b,asinh(naissances / 1 000 f. 25-39),"unités avec covariables, bascule 4G",cs,-7,0.08912050959384323,0.05763041955885637,-0.023833037155447975,0.2020740563431344,0.1220045231930811,5558,122276,False," ; covariables : log_pop, share_women_1549, level_pre, pretrend_pre (doublement robuste) ; contrôle = not_yet_treated ; fenêtre 2003-2024 ; 5558 traitées, 0 jamais traitées sur la fenêtre ; ATT(g,t) identifiés jusqu'en 2022 (sans unité jamais traitée, la dernière cohorte sert de contrôle)",event,0.0,5558.0,0.0,0.0,2003.0,2024.0,2003.0,2022.0,5558.0,5.0,dr,9.0,5498.0,,,,,
h2,H2,H2b,asinh(naissances / 1 000 f. 25-39),"unités avec covariables, bascule 4G",cs,-6,0.06206508024313462,0.041011392069166264,-0.01831577116828287,0.1424459316545521,0.13018774476700945,5558,122276,False," ; covariables : log_pop, share_women_1549, level_pre, pretrend_pre (doublement robuste) ; contrôle = not_yet_treated ; fenêtre 2003-2024 ; 5558 traitées, 0 jamais traitées sur la fenêtre ; ATT(g,t) identifiés jusqu'en 2022 (sans unité jamais traitée, la dernière cohorte sert de contrôle)",event,0.0,5558.0,0.0,0.0,2003.0,2024.0,2003.0,2022.0,5558.0,5.0,dr,9.0,5498.0,,,,,
h2,H2,H2b,asinh(naissances / 1 000 f. 25-39),"unités avec covariables, bascule 4G",cs,-5,0.04154375180959785,0.02899050820076222,-0.015276600157409184,0.09836410377660489,0.15185435209234074,5558,122276,False," ; covariables : log_pop, share_women_1549, level_pre, pretrend_pre (doublement robuste) ; contrôle = not_yet_treated ; fenêtre 2003-2024 ; 5558 traitées, 0 jamais traitées sur la fenêtre ; ATT(g,t) identifiés jusqu'en 2022 (sans unité jamais traitée, la dernière cohorte sert de contrôle)",event,0.0,5558.0,0.0,0.0,2003.0,2024.0,2003.0,2022.0,5558.0,5.0,dr,9.0,5498.0,,,,,
h2,H2,H2b,asinh(naissances / 1 000 f. 25-39),"unités avec covariables, bascule 4G",cs,-4,0.04688853563116038,0.03388080921237048,-0.01951663019215863,0.1132937014544794,0.16638108878113111,5558,122276,False," ; covariables : log_pop, share_women_1549, level_pre, pretrend_pre (doublement robuste) ; contrôle = not_yet_treated ; fenêtre 2003-2024 ; 5558 traitées, 0 jamais traitées sur la fenêtre ; ATT(g,t) identifiés jusqu'en 2022 (sans unité jamais traitée, la dernière cohorte sert de contrôle)",event,0.0,5558.0,0.0,0.0,2003.0,2024.0,2003.0,2022.0,5558.0,5.0,dr,9.0,5498.0,,,,,
h2,H2,H2b,asinh(naissances / 1 000 f. 25-39),"unités avec covariables, bascule 4G",cs,-3,-0.016548349901684578,0.01832653237785613,-0.05246769332378979,0.019370993520420633,0.36654063090895983,5558,122276,False," ; covariables : log_pop, share_women_1549, level_pre, pretrend_pre (doublement robuste) ; contrôle = not_yet_treated ; fenêtre 2003-2024 ; 5558 traitées, 0 jamais traitées sur la fenêtre ; ATT(g,t) identifiés jusqu'en 2022 (sans unité jamais traitée, la dernière cohorte sert de contrôle)",event,0.0,5558.0,0.0,0.0,2003.0,2024.0,2003.0,2022.0,5558.0,5.0,dr,9.0,5498.0,,,,,
h2,H2,H2b,asinh(naissances / 1 000 f. 25-39),"unités avec covariables, bascule 4G",cs,-2,-0.01405860250671417,0.012112386462595675,-0.037798443740232196,0.009681238726803858,0.24577213251787455,5558,122276,False," ; covariables : log_pop, share_women_1549, level_pre, pretrend_pre (doublement robuste) ; contrôle = not_yet_treated ; fenêtre 2003-2024 ; 5558 traitées, 0 jamais traitées sur la fenêtre ; ATT(g,t) identifiés jusqu'en 2022 (sans unité jamais traitée, la dernière cohorte sert de contrôle)",event,0.0,5558.0,0.0,0.0,2003.0,2024.0,2003.0,2022.0,5558.0,5.0,dr,9.0,5498.0,,,,,
h2,H2,H2b,asinh(naissances / 1 000 f. 25-39),"unités avec covariables, bascule 4G",cs,0,0.007089206321899967,0.011744544308485571,-0.015929677537566626,0.030108090181366565,0.5460983236151242,5558,122276,False," ; covariables : log_pop, share_women_1549, level_pre, pretrend_pre (doublement robuste) ; contrôle = not_yet_treated ; fenêtre 2003-2024 ; 5558 traitées, 0 jamais traitées sur la fenêtre ; ATT(g,t) identifiés jusqu'en 2022 (sans unité jamais traitée, la dernière cohorte sert de contrôle)",event,0.0,5558.0,0.0,0.0,2003.0,2024.0,2003.0,2022.0,5558.0,5.0,dr,9.0,5498.0,,,,,
h2,H2,H2b,asinh(naissances / 1 000 f. 25-39),"unités avec covariables, bascule 4G",cs,1,0.017810695763033676,0.030967896591107488,-0.04288526623249771,0.07850665775856507,0.5652005543055998,5558,122276,False," ; covariables : log_pop, share_women_1549, level_pre, pretrend_pre (doublement robuste) ; contrôle = not_yet_treated ; fenêtre 2003-2024 ; 5558 traitées, 0 jamais traitées sur la fenêtre ; ATT(g,t) identifiés jusqu'en 2022 (sans unité jamais traitée, la dernière cohorte sert de contrôle)",event,0.0,5558.0,0.0,0.0,2003.0,2024.0,2003.0,2022.0,5558.0,5.0,dr,8.0,5438.0,,,,,
h2,H2,H2b,asinh(naissances / 1 000 f. 25-39),"unités avec covariables, bascule 4G",cs,2,0.029769787267197742,0.03047237671025524,-0.029954973608239663,0.08949454814263515,0.32859717479686623,5558,122276,False," ; covariables : log_pop, share_women_1549, level_pre, pretrend_pre (doublement robuste) ; contrôle = not_yet_treated ; fenêtre 2003-2024 ; 5558 traitées, 0 jamais traitées sur la fenêtre ; ATT(g,t) identifiés jusqu'en 2022 (sans unité jamais traitée, la dernière cohorte sert de contrôle)",event,0.0,5558.0,0.0,0.0,2003.0,2024.0,2003.0,2022.0,5558.0,5.0,dr,7.0,5268.0,,,,,
h2,H2,H2b,asinh(naissances / 1 000 f. 25-39),"unités avec covariables, bascule 4G",cs,3,-0.022487662058165707,0.023175933705886633,-0.06791165742979141,0.022936333313459997,0.33189582518868066,5558,122276,False," ; covariables : log_pop, share_women_1549, level_pre, pretrend_pre (doublement robuste) ; contrôle = not_yet_treated ; fenêtre 2003-2024 ; 5558 traitées, 0 jamais traitées sur la fenêtre ; ATT(g,t) identifiés jusqu'en 2022 (sans unité jamais traitée, la dernière cohorte sert de contrôle)",event,0.0,5558.0,0.0,0.0,2003.0,2024.0,2003.0,2022.0,5558.0,5.0,dr,6.0,4844.0,,,,,
h2,H2,H2b,asinh(naissances / 1 000 f. 25-39),"unités avec covariables, bascule 4G",cs,4,-0.08248762146427986,0.024255618216389677,-0.13002775959115728,-0.034947483337402434,0.000671979336082808,5558,122276,False," ; covariables : log_pop, share_women_1549, level_pre, pretrend_pre (doublement robuste) ; contrôle = not_yet_treated ; fenêtre 2003-2024 ; 5558 traitées, 0 jamais traitées sur la fenêtre ; ATT(g,t) identifiés jusqu'en 2022 (sans unité jamais traitée, la dernière cohorte sert de contrôle)",event,0.0,5558.0,0.0,0.0,2003.0,2024.0,2003.0,2022.0,5558.0,5.0,dr,5.0,4445.0,,,,,
h2,H2,H2b,asinh(naissances / 1 000 f. 25-39),"unités avec covariables, bascule 4G",cs,5,-0.17868546956516054,0.05706392411012581,-0.29052870563753397,-0.06684223349278709,0.0017402177605601525,5558,122276,False," ; covariables : log_pop, share_women_1549, level_pre, pretrend_pre (doublement robuste) ; contrôle = not_yet_treated ; fenêtre 2003-2024 ; 5558 traitées, 0 jamais traitées sur la fenêtre ; ATT(g,t) identifiés jusqu'en 2022 (sans unité jamais traitée, la dernière cohorte sert de contrôle)",event,0.0,5558.0,0.0,0.0,2003.0,2024.0,2003.0,2022.0,5558.0,5.0,dr,4.0,3767.0,,,,,
h2,H2,H2b,asinh(naissances / 1 000 f. 25-39),"unités avec covariables, bascule 4G",cs,6,-0.20247905356054519,0.08273735711903481,-0.3646412936898821,-0.040316813431208326,0.014395067953002338,5558,122276,False," ; covariables : log_pop, share_women_1549, level_pre, pretrend_pre (doublement robuste) ; contrôle = not_yet_treated ; fenêtre 2003-2024 ; 5558 traitées, 0 jamais traitées sur la fenêtre ; ATT(g,t) identifiés jusqu'en 2022 (sans unité jamais traitée, la dernière cohorte sert de contrôle)",event,0.0,5558.0,0.0,0.0,2003.0,2024.0,2003.0,2022.0,5558.0,5.0,dr,3.0,1032.0,,,,,
h2,H2,H2b,asinh(naissances / 1 000 f. 25-39),"unités avec covariables, bascule 4G",cs,7,-0.26375351699494404,0.12662123349761092,-0.5119265743282981,-0.015580459661589968,0.037250152675871395,5558,122276,False," ; covariables : log_pop, share_women_1549, level_pre, pretrend_pre (doublement robuste) ; contrôle = not_yet_treated ; fenêtre 2003-2024 ; 5558 traitées, 0 jamais traitées sur la fenêtre ; ATT(g,t) identifiés jusqu'en 2022 (sans unité jamais traitée, la dernière cohorte sert de contrôle)",event,0.0,5558.0,0.0,0.0,2003.0,2024.0,2003.0,2022.0,5558.0,5.0,dr,2.0,481.0,,,,,
h2,H2,H2b,asinh(naissances / 1 000 f. 25-39),"unités avec covariables, bascule 4G",cs,8,-0.5917347378484951,0.2947726300733629,-1.169478476420435,-0.013990999276555338,0.04470414362771094,5558,122276,False," ; covariables : log_pop, share_women_1549, level_pre, pretrend_pre (doublement robuste) ; contrôle = not_yet_treated ; fenêtre 2003-2024 ; 5558 traitées, 0 jamais traitées sur la fenêtre ; ATT(g,t) identifiés jusqu'en 2022 (sans unité jamais traitée, la dernière cohorte sert de contrôle)",event,0.0,5558.0,0.0,0.0,2003.0,2024.0,2003.0,2022.0,5558.0,5.0,dr,1.0,187.0,,,,,
h2,H2,H2b,asinh(naissances / 1 000 f. 25-39),"unités avec covariables, bascule 4G",cs,"ATT[1,5]",-0.04721605401147494,0.022443551704748824,-0.09120460703794517,-0.003227500985004711,0.03539858008366782,5558,122276,False," ; covariables : log_pop, share_women_1549, level_pre, pretrend_pre (doublement robuste) ; contrôle = not_yet_treated ; fenêtre 2003-2024 ; 5558 traitées, 0 jamais traitées sur la fenêtre ; ATT(g,t) identifiés jusqu'en 2022 (sans unité jamais traitée, la dernière cohorte sert de contrôle) ; écart-type avec covariance complète des coefficients (fonctions d'influence)",post_avg,0.0,5558.0,0.0,0.0,2003.0,2024.0,2003.0,2022.0,5558.0,5.0,dr,,,,,5.0,,
h2,H2,H2b,asinh(naissances / 1 000 f. 25-39),"unités avec covariables, bascule 4G",cs,ATT,-0.042070924998591004,0.019814301322535418,-0.08090624196958479,-0.003235608027597224,0.033732021686926655,5558,122276,False," ; covariables : log_pop, share_women_1549, level_pre, pretrend_pre (doublement robuste) ; contrôle = not_yet_treated ; fenêtre 2003-2024 ; 5558 traitées, 0 jamais traitées sur la fenêtre ; ATT(g,t) identifiés jusqu'en 2022 (sans unité jamais traitée, la dernière cohorte sert de contrôle) ; moyenne de tous les ATT(g,t) post",simple,0.0,5558.0,0.0,0.0,2003.0,2024.0,2003.0,2022.0,5558.0,5.0,dr,,,,,,,
h2,H2,H2b,asinh(naissances / 1 000 f. 25-39),"unités avec covariables, bascule 4G",cs,Wald pré (-8..-2),3.618237923111992,,,,0.8225478127974526,5558,122276,False,"H5c : test de Wald joint de nullité des coefficients pré avec covariance des fonctions d'influence, df = 7 ; fenêtre 2003-2024 ; 5558 traitées, 0 jamais traitées sur la fenêtre",pre_test,0.0,5558.0,0.0,0.0,2003.0,2024.0,2003.0,2022.0,5558.0,5.0,dr,,,,,,7.0,
h2,H2,H2b,"log(naissances+0,5 / 1 000 f. 25-39)","unités avec covariables, bascule 4G, référence −2 (anticipation = 1)",cs,-8,0.07755875709734351,0.04763855974928553,-0.0158111042866156,0.17092861848130264,0.10351072422609182,5558,122276,True," ; covariables : log_pop, share_women_1549, level_pre, pretrend_pre (doublement robuste) ; contrôle = not_yet_treated ; fenêtre 2003-2024 ; 5558 traitées, 0 jamais traitées sur la fenêtre ; ATT(g,t) identifiés jusqu'en 2021 (sans unité jamais traitée, la dernière cohorte sert de contrôle) ; référence −2",event,0.0,5558.0,0.0,0.0,2003.0,2024.0,2003.0,2021.0,5558.0,5.0,dr,9.0,5498.0,,,,,
h2,H2,H2b,"log(naissances+0,5 / 1 000 f. 25-39)","unités avec covariables, bascule 4G, référence −2 (anticipation = 1)",cs,-7,0.10659793964292869,0.06797126446766169,-0.026623290697335322,0.2398191699831927,0.11681592144976212,5558,122276,True," ; covariables : log_pop, share_women_1549, level_pre, pretrend_pre (doublement robuste) ; contrôle = not_yet_treated ; fenêtre 2003-2024 ; 5558 traitées, 0 jamais traitées sur la fenêtre ; ATT(g,t) identifiés jusqu'en 2021 (sans unité jamais traitée, la dernière cohorte sert de contrôle) ; référence −2",event,0.0,5558.0,0.0,0.0,2003.0,2024.0,2003.0,2021.0,5558.0,5.0,dr,9.0,5498.0,,,,,
h2,H2,H2b,"log(naissances+0,5 / 1 000 f. 25-39)","unités avec covariables, bascule 4G, référence −2 (anticipation = 1)",cs,-6,0.07759354957237673,0.05006886976303707,-0.020539631909802444,0.17572673105455588,0.12120479962379829,5558,122276,True," ; covariables : log_pop, share_women_1549, level_pre, pretrend_pre (doublement robuste) ; contrôle = not_yet_treated ; fenêtre 2003-2024 ; 5558 traitées, 0 jamais traitées sur la fenêtre ; ATT(g,t) identifiés jusqu'en 2021 (sans unité jamais traitée, la dernière cohorte sert de contrôle) ; référence −2",event,0.0,5558.0,0.0,0.0,2003.0,2024.0,2003.0,2021.0,5558.0,5.0,dr,9.0,5498.0,,,,,
h2,H2,H2b,"log(naissances+0,5 / 1 000 f. 25-39)","unités avec covariables, bascule 4G, référence −2 (anticipation = 1)",cs,-5,0.05223577617663365,0.03427180670971852,-0.014935730659532825,0.11940728301280013,0.12746831560320512,5558,122276,True," ; covariables : log_pop, share_women_1549, level_pre, pretrend_pre (doublement robuste) ; contrôle = not_yet_treated ; fenêtre 2003-2024 ; 5558 traitées, 0 jamais traitées sur la fenêtre ; ATT(g,t) identifiés jusqu'en 2021 (sans unité jamais traitée, la dernière cohorte sert de contrôle) ; référence −2",event,0.0,5558.0,0.0,0.0,2003.0,2024.0,2003.0,2021.0,5558.0,5.0,dr,9.0,5498.0,,,,,
h2,H2,H2b,"log(naissances+0,5 / 1 000 f. 25-39)","unités avec covariables, bascule 4G, référence −2 (anticipation = 1)",cs,-4,0.05195245108039051,0.03522314973221333,-0.017083653816809263,0.12098855597759028,0.14022547966857626,5558,122276,True," ; covariables : log_pop, share_women_1549, level_pre, pretrend_pre (doublement robuste) ; contrôle = not_yet_treated ; fenêtre 2003-2024 ; 5558 traitées, 0 jamais traitées sur la fenêtre ; ATT(g,t) identifiés jusqu'en 2021 (sans unité jamais traitée, la dernière cohorte sert de contrôle) ; référence −2",event,0.0,5558.0,0.0,0.0,2003.0,2024.0,2003.0,2021.0,5558.0,5.0,dr,9.0,5498.0,,,,,
h2,H2,H2b,"log(naissances+0,5 / 1 000 f. 25-39)","unités avec covariables, bascule 4G, référence −2 (anticipation = 1)",cs,-3,-0.0023773988539204354,0.010380489995957936,-0.022722785387876324,0.01796798768003545,0.8188489512454722,5558,122276,True," ; covariables : log_pop, share_women_1549, level_pre, pretrend_pre (doublement robuste) ; contrôle = not_yet_treated ; fenêtre 2003-2024 ; 5558 traitées, 0 jamais traitées sur la fenêtre ; ATT(g,t) identifiés jusqu'en 2021 (sans unité jamais traitée, la dernière cohorte sert de contrôle) ; référence −2",event,0.0,5558.0,0.0,0.0,2003.0,2024.0,2003.0,2021.0,5558.0,5.0,dr,9.0,5498.0,,,,,
h2,H2,H2b,"log(naissances+0,5 / 1 000 f. 25-39)","unités avec covariables, bascule 4G, référence −2 (anticipation = 1)",cs,-1,0.013919029074926672,0.0117089058171499,-0.009030004625058662,0.036868062774912,0.23453579680376357,5558,122276,True," ; covariables : log_pop, share_women_1549, level_pre, pretrend_pre (doublement robuste) ; contrôle = not_yet_treated ; fenêtre 2003-2024 ; 5558 traitées, 0 jamais traitées sur la fenêtre ; ATT(g,t) identifiés jusqu'en 2021 (sans unité jamais traitée, la dernière cohorte sert de contrôle) ; référence −2",event,0.0,5558.0,0.0,0.0,2003.0,2024.0,2003.0,2021.0,5558.0,5.0,dr,9.0,5498.0,,,,,
h2,H2,H2b,"log(naissances+0,5 / 1 000 f. 25-39)","unités avec covariables, bascule 4G, référence −2 (anticipation = 1)",cs,0,0.09890959500694825,0.05796708244272883,-0.014703798869664358,0.21252298888356086,0.08795107522776996,5558,122276,True," ; covariables : log_pop, share_women_1549, level_pre, pretrend_pre (doublement robuste) ; contrôle = not_yet_treated ; fenêtre 2003-2024 ; 5558 traitées, 0 jamais traitées sur la fenêtre ; ATT(g,t) identifiés jusqu'en 2021 (sans unité jamais traitée, la dernière cohorte sert de contrôle) ; référence −2",event,0.0,5558.0,0.0,0.0,2003.0,2024.0,2003.0,2021.0,5558.0,5.0,dr,8.0,5438.0,,,,,
h2,H2,H2b,"log(naissances+0,5 / 1 000 f. 25-39)","unités avec covariables, bascule 4G, référence −2 (anticipation = 1)",cs,1,0.00720084860170387,0.0214688984314406,-0.03487741911166816,0.0492791163150759,0.737317041826643,5558,122276,True," ; covariables : log_pop, share_women_1549, level_pre, pretrend_pre (doublement robuste) ; contrôle = not_yet_treated ; fenêtre 2003-2024 ; 5558 traitées, 0 jamais traitées sur la fenêtre ; ATT(g,t) identifiés jusqu'en 2021 (sans unité jamais traitée, la dernière cohorte sert de contrôle) ; référence −2",event,0.0,5558.0,0.0,0.0,2003.0,2024.0,2003.0,2021.0,5558.0,5.0,dr,7.0,5268.0,,,,,
h2,H2,H2b,"log(naissances+0,5 / 1 000 f. 25-39)","unités avec covariables, bascule 4G, référence −2 (anticipation = 1)",cs,2,-0.034414467400110275,0.020323171834372142,-0.07424715224709849,0.005418217446877947,0.09038676590459102,5558,122276,True," ; covariables : log_pop, share_women_1549, level_pre, pretrend_pre (doublement robuste) ; contrôle = not_yet_treated ; fenêtre 2003-2024 ; 5558 traitées, 0 jamais traitées sur la fenêtre ; ATT(g,t) identifiés jusqu'en 2021 (sans unité jamais traitée, la dernière cohorte sert de contrôle) ; référence −2",event,0.0,5558.0,0.0,0.0,2003.0,2024.0,2003.0,2021.0,5558.0,5.0,dr,6.0,4844.0,,,,,
h2,H2,H2b,"log(naissances+0,5 / 1 000 f. 25-39)","unités avec covariables, bascule 4G, référence −2 (anticipation = 1)",cs,3,-0.03814363226689892,0.0263377658063587,-0.08976470468061251,0.013477440146814665,0.14754753904173767,5558,122276,True," ; covariables : log_pop, share_women_1549, level_pre, pretrend_pre (doublement robuste) ; contrôle = not_yet_treated ; fenêtre 2003-2024 ; 5558 traitées, 0 jamais traitées sur la fenêtre ; ATT(g,t) identifiés jusqu'en 2021 (sans unité jamais traitée, la dernière cohorte sert de contrôle) ; référence −2",event,0.0,5558.0,0.0,0.0,2003.0,2024.0,2003.0,2021.0,5558.0,5.0,dr,5.0,4445.0,,,,,
h2,H2,H2b,"log(naissances+0,5 / 1 000 f. 25-39)","unités avec covariables, bascule 4G, référence −2 (anticipation = 1)",cs,4,-0.08414344515067329,0.04128183368161937,-0.16505435238241978,-0.0032325379189267894,0.0415231271877065,5558,122276,True," ; covariables : log_pop, share_women_1549, level_pre, pretrend_pre (doublement robuste) ; contrôle = not_yet_treated ; fenêtre 2003-2024 ; 5558 traitées, 0 jamais traitées sur la fenêtre ; ATT(g,t) identifiés jusqu'en 2021 (sans unité jamais traitée, la dernière cohorte sert de contrôle) ; référence −2",event,0.0,5558.0,0.0,0.0,2003.0,2024.0,2003.0,2021.0,5558.0,5.0,dr,4.0,3767.0,,,,,
h2,H2,H2b,"log(naissances+0,5 / 1 000 f. 25-39)","unités avec covariables, bascule 4G, référence −2 (anticipation = 1)",cs,5,-0.11188411372125398,0.0785048488386341,-0.2657507900567379,0.041982562614229946,0.15410306584425737,5558,122276,True," ; covariables : log_pop, share_women_1549, level_pre, pretrend_pre (doublement robuste) ; contrôle = not_yet_treated ; fenêtre 2003-2024 ; 5558 traitées, 0 jamais traitées sur la fenêtre ; ATT(g,t) identifiés jusqu'en 2021 (sans unité jamais traitée, la dernière cohorte sert de contrôle) ; référence −2",event,0.0,5558.0,0.0,0.0,2003.0,2024.0,2003.0,2021.0,5558.0,5.0,dr,3.0,1032.0,,,,,
h2,H2,H2b,"log(naissances+0,5 / 1 000 f. 25-39)","unités avec covariables, bascule 4G, référence −2 (anticipation = 1)",cs,6,-0.12530951697155923,0.14380917283746938,-0.407170316379495,0.15655128243637656,0.3835577856237564,5558,122276,True," ; covariables : log_pop, share_women_1549, level_pre, pretrend_pre (doublement robuste) ; contrôle = not_yet_treated ; fenêtre 2003-2024 ; 5558 traitées, 0 jamais traitées sur la fenêtre ; ATT(g,t) identifiés jusqu'en 2021 (sans unité jamais traitée, la dernière cohorte sert de contrôle) ; référence −2",event,0.0,5558.0,0.0,0.0,2003.0,2024.0,2003.0,2021.0,5558.0,5.0,dr,2.0,481.0,,,,,
h2,H2,H2b,"log(naissances+0,5 / 1 000 f. 25-39)","unités avec covariables, bascule 4G, référence −2 (anticipation = 1)",cs,7,-0.06929645049671457,0.22504657073405632,-0.5103796239797107,0.37178672298628157,0.7581428334997093,5558,122276,True," ; covariables : log_pop, share_women_1549, level_pre, pretrend_pre (doublement robuste) ; contrôle = not_yet_treated ; fenêtre 2003-2024 ; 5558 traitées, 0 jamais traitées sur la fenêtre ; ATT(g,t) identifiés jusqu'en 2021 (sans unité jamais traitée, la dernière cohorte sert de contrôle) ; référence −2",event,0.0,5558.0,0.0,0.0,2003.0,2024.0,2003.0,2021.0,5558.0,5.0,dr,1.0,187.0,,,,,
h2,H2,H2b,"log(naissances+0,5 / 1 000 f. 25-39)","unités avec covariables, bascule 4G, référence −2 (anticipation = 1)",cs,"ATT[1,5]",-0.052276961987446524,0.02822506124476219,-0.10759706548861768,0.0030431415137246315,0.06400471965242015,5558,122276,True," ; covariables : log_pop, share_women_1549, level_pre, pretrend_pre (doublement robuste) ; contrôle = not_yet_treated ; fenêtre 2003-2024 ; 5558 traitées, 0 jamais traitées sur la fenêtre ; ATT(g,t) identifiés jusqu'en 2021 (sans unité jamais traitée, la dernière cohorte sert de contrôle) ; référence −2 ; écart-type avec covariance complète des coefficients (fonctions d'influence)",post_avg,0.0,5558.0,0.0,0.0,2003.0,2024.0,2003.0,2021.0,5558.0,5.0,dr,,,,,5.0,,
h2,H2,H2b,"log(naissances+0,5 / 1 000 f. 25-39)","unités avec covariables, bascule 4G, référence −2 (anticipation = 1)",cs,ATT,-0.010451368886185895,0.02301874605581314,-0.05556728212485307,0.03466454435248127,0.6498019934998724,5558,122276,True," ; covariables : log_pop, share_women_1549, level_pre, pretrend_pre (doublement robuste) ; contrôle = not_yet_treated ; fenêtre 2003-2024 ; 5558 traitées, 0 jamais traitées sur la fenêtre ; ATT(g,t) identifiés jusqu'en 2021 (sans unité jamais traitée, la dernière cohorte sert de contrôle) ; référence −2 ; moyenne de tous les ATT(g,t) post",simple,0.0,5558.0,0.0,0.0,2003.0,2024.0,2003.0,2021.0,5558.0,5.0,dr,,,,,,,
h2,H2,H2b,"log(naissances+0,5 / 1 000 f. 25-39)","unités avec covariables, bascule 4G, référence −2 (anticipation = 1)",cs,Wald pré (-8..-3),3.64805174693135,,,,0.7241791217252197,5558,122276,True,"H5c : test de Wald joint de nullité des coefficients pré avec covariance des fonctions d'influence, df = 6 ; fenêtre 2003-2024 ; 5558 traitées, 0 jamais traitées sur la fenêtre",pre_test,0.0,5558.0,0.0,0.0,2003.0,2024.0,2003.0,2021.0,5558.0,5.0,dr,,,,,,6.0,
h2,H2,H2a,"log(naissances+0,5 / 1 000 f. 15-19)","unités avec covariables, bascule 4G",cs,-8,0.08725610713492188,0.021246546333906373,0.045613641524603864,0.1288985727452399,4.011137074351936e-05,5558,122276,False," ; covariables : log_pop, share_women_1549, level_pre, pretrend_pre (doublement robuste) ; contrôle = not_yet_treated ; fenêtre 2003-2024 ; 5558 traitées, 0 jamais traitées sur la fenêtre ; ATT(g,t) identifiés jusqu'en 2022 (sans unité jamais traitée, la dernière cohorte sert de contrôle)",event,0.0,5558.0,0.0,0.0,2003.0,2024.0,2003.0,2022.0,5558.0,5.0,dr,9.0,5498.0,,,,,
h2,H2,H2a,"log(naissances+0,5 / 1 000 f. 15-19)","unités avec covariables, bascule 4G",cs,-7,0.14886854745095465,0.07008808856763737,0.011498418113131903,0.2862386767887774,0.0336684168529986,5558,122276,False," ; covariables : log_pop, share_women_1549, level_pre, pretrend_pre (doublement robuste) ; contrôle = not_yet_treated ; fenêtre 2003-2024 ; 5558 traitées, 0 jamais traitées sur la fenêtre ; ATT(g,t) identifiés jusqu'en 2022 (sans unité jamais traitée, la dernière cohorte sert de contrôle)",event,0.0,5558.0,0.0,0.0,2003.0,2024.0,2003.0,2022.0,5558.0,5.0,dr,9.0,5498.0,,,,,
h2,H2,H2a,"log(naissances+0,5 / 1 000 f. 15-19)","unités avec covariables, bascule 4G",cs,-6,0.0945908656851561,0.029526985587850732,0.03671903736093542,0.15246269400937676,0.0013574940023461208,5558,122276,False," ; covariables : log_pop, share_women_1549, level_pre, pretrend_pre (doublement robuste) ; contrôle = not_yet_treated ; fenêtre 2003-2024 ; 5558 traitées, 0 jamais traitées sur la fenêtre ; ATT(g,t) identifiés jusqu'en 2022 (sans unité jamais traitée, la dernière cohorte sert de contrôle)",event,0.0,5558.0,0.0,0.0,2003.0,2024.0,2003.0,2022.0,5558.0,5.0,dr,9.0,5498.0,,,,,
h2,H2,H2a,"log(naissances+0,5 / 1 000 f. 15-19)","unités avec covariables, bascule 4G",cs,-5,0.057817909554454205,0.024686242464767267,0.009433763409887067,0.10620205569902134,0.0191750329496794,5558,122276,False," ; covariables : log_pop, share_women_1549, level_pre, pretrend_pre (doublement robuste) ; contrôle = not_yet_treated ; fenêtre 2003-2024 ; 5558 traitées, 0 jamais traitées sur la fenêtre ; ATT(g,t) identifiés jusqu'en 2022 (sans unité jamais traitée, la dernière cohorte sert de contrôle)",event,0.0,5558.0,0.0,0.0,2003.0,2024.0,2003.0,2022.0,5558.0,5.0,dr,9.0,5498.0,,,,,
h2,H2,H2a,"log(naissances+0,5 / 1 000 f. 15-19)","unités avec covariables, bascule 4G",cs,-4,0.0524427563317791,0.02134401480123777,0.010609256035863233,0.09427625662769495,0.014009333247073982,5558,122276,False," ; covariables : log_pop, share_women_1549, level_pre, pretrend_pre (doublement robuste) ; contrôle = not_yet_treated ; fenêtre 2003-2024 ; 5558 traitées, 0 jamais traitées sur la fenêtre ; ATT(g,t) identifiés jusqu'en 2022 (sans unité jamais traitée, la dernière cohorte sert de contrôle)",event,0.0,5558.0,0.0,0.0,2003.0,2024.0,2003.0,2022.0,5558.0,5.0,dr,9.0,5498.0,,,,,
h2,H2,H2a,"log(naissances+0,5 / 1 000 f. 15-19)","unités avec covariables, bascule 4G",cs,-3,0.02175515215974691,0.015958514322703673,-0.009522961159518901,0.05303326547901272,0.17280950852577293,5558,122276,False," ; covariables : log_pop, share_women_1549, level_pre, pretrend_pre (doublement robuste) ; contrôle = not_yet_treated ; fenêtre 2003-2024 ; 5558 traitées, 0 jamais traitées sur la fenêtre ; ATT(g,t) identifiés jusqu'en 2022 (sans unité jamais traitée, la dernière cohorte sert de contrôle)",event,0.0,5558.0,0.0,0.0,2003.0,2024.0,2003.0,2022.0,5558.0,5.0,dr,9.0,5498.0,,,,,
h2,H2,H2a,"log(naissances+0,5 / 1 000 f. 15-19)","unités avec covariables, bascule 4G",cs,-2,0.0017802738576659135,0.0143226090963492,-0.026291524135824286,0.02985207185115611,0.9010792096072613,5558,122276,False," ; covariables : log_pop, share_women_1549, level_pre, pretrend_pre (doublement robuste) ; contrôle = not_yet_treated ; fenêtre 2003-2024 ; 5558 traitées, 0 jamais traitées sur la fenêtre ; ATT(g,t) identifiés jusqu'en 2022 (sans unité jamais traitée, la dernière cohorte sert de contrôle)",event,0.0,5558.0,0.0,0.0,2003.0,2024.0,2003.0,2022.0,5558.0,5.0,dr,9.0,5498.0,,,,,
h2,H2,H2a,"log(naissances+0,5 / 1 000 f. 15-19)","unités avec covariables, bascule 4G",cs,0,-0.01522584247709362,0.011778526194825124,-0.03831132960991247,0.007859644655725232,0.1961224265175393,5558,122276,False," ; covariables : log_pop, share_women_1549, level_pre, pretrend_pre (doublement robuste) ; contrôle = not_yet_treated ; fenêtre 2003-2024 ; 5558 traitées, 0 jamais traitées sur la fenêtre ; ATT(g,t) identifiés jusqu'en 2022 (sans unité jamais traitée, la dernière cohorte sert de contrôle)",event,0.0,5558.0,0.0,0.0,2003.0,2024.0,2003.0,2022.0,5558.0,5.0,dr,9.0,5498.0,,,,,
h2,H2,H2a,"log(naissances+0,5 / 1 000 f. 15-19)","unités avec covariables, bascule 4G",cs,1,0.00733344228327576,0.03539025144178553,-0.0620301759464406,0.07669706051299212,0.8358408205470241,5558,122276,False," ; covariables : log_pop, share_women_1549, level_pre, pretrend_pre (doublement robuste) ; contrôle = not_yet_treated ; fenêtre 2003-2024 ; 5558 traitées, 0 jamais traitées sur la fenêtre ; ATT(g,t) identifiés jusqu'en 2022 (sans unité jamais traitée, la dernière cohorte sert de contrôle)",event,0.0,5558.0,0.0,0.0,2003.0,2024.0,2003.0,2022.0,5558.0,5.0,dr,8.0,5438.0,,,,,
h2,H2,H2a,"log(naissances+0,5 / 1 000 f. 15-19)","unités avec covariables, bascule 4G",cs,2,0.0031787019142792165,0.030529142773082146,-0.05665731839984307,0.0630147222284015,0.9170739226748328,5558,122276,False," ; covariables : log_pop, share_women_1549, level_pre, pretrend_pre (doublement robuste) ; contrôle = not_yet_treated ; fenêtre 2003-2024 ; 5558 traitées, 0 jamais traitées sur la fenêtre ; ATT(g,t) identifiés jusqu'en 2022 (sans unité jamais traitée, la dernière cohorte sert de contrôle)",event,0.0,5558.0,0.0,0.0,2003.0,2024.0,2003.0,2022.0,5558.0,5.0,dr,7.0,5268.0,,,,,
h2,H2,H2a,"log(naissances+0,5 / 1 000 f. 15-19)","unités avec covariables, bascule 4G",cs,3,-0.05420875316454318,0.02425762044221742,-0.1017528155819319,-0.006664690747154464,0.025436376925992002,5558,122276,False," ; covariables : log_pop, share_women_1549, level_pre, pretrend_pre (doublement robuste) ; contrôle = not_yet_treated ; fenêtre 2003-2024 ; 5558 traitées, 0 jamais traitées sur la fenêtre ; ATT(g,t) identifiés jusqu'en 2022 (sans unité jamais traitée, la dernière cohorte sert de contrôle)",event,0.0,5558.0,0.0,0.0,2003.0,2024.0,2003.0,2022.0,5558.0,5.0,dr,6.0,4844.0,,,,,
h2,H2,H2a,"log(naissances+0,5 / 1 000 f. 15-19)","unités avec covariables, bascule 4G",cs,4,-0.16301367454958354,0.03920863762352741,-0.2398611921745794,-0.08616615692458769,3.2161415224413656e-05,5558,122276,False," ; covariables : log_pop, share_women_1549, level_pre, pretrend_pre (doublement robuste) ; contrôle = not_yet_treated ; fenêtre 2003-2024 ; 5558 traitées, 0 jamais traitées sur la fenêtre ; ATT(g,t) identifiés jusqu'en 2022 (sans unité jamais traitée, la dernière cohorte sert de contrôle)",event,0.0,5558.0,0.0,0.0,2003.0,2024.0,2003.0,2022.0,5558.0,5.0,dr,5.0,4445.0,,,,,
h2,H2,H2a,"log(naissances+0,5 / 1 000 f. 15-19)","unités avec covariables, bascule 4G",cs,5,-0.2720892266793972,0.059032670340989635,-0.38779113445896274,-0.1563873188998317,4.043582787885836e-06,5558,122276,False," ; covariables : log_pop, share_women_1549, level_pre, pretrend_pre (doublement robuste) ; contrôle = not_yet_treated ; fenêtre 2003-2024 ; 5558 traitées, 0 jamais traitées sur la fenêtre ; ATT(g,t) identifiés jusqu'en 2022 (sans unité jamais traitée, la dernière cohorte sert de contrôle)",event,0.0,5558.0,0.0,0.0,2003.0,2024.0,2003.0,2022.0,5558.0,5.0,dr,4.0,3767.0,,,,,
h2,H2,H2a,"log(naissances+0,5 / 1 000 f. 15-19)","unités avec covariables, bascule 4G",cs,6,-0.6207327259044326,0.1668059122213144,-0.9476663062665585,-0.29379914554230674,0.00019820976191972458,5558,122276,False," ; covariables : log_pop, share_women_1549, level_pre, pretrend_pre (doublement robuste) ; contrôle = not_yet_treated ; fenêtre 2003-2024 ; 5558 traitées, 0 jamais traitées sur la fenêtre ; ATT(g,t) identifiés jusqu'en 2022 (sans unité jamais traitée, la dernière cohorte sert de contrôle)",event,0.0,5558.0,0.0,0.0,2003.0,2024.0,2003.0,2022.0,5558.0,5.0,dr,3.0,1032.0,,,,,
h2,H2,H2a,"log(naissances+0,5 / 1 000 f. 15-19)","unités avec covariables, bascule 4G",cs,7,-0.8025701212706402,0.18685760172652752,-1.1688042908921634,-0.43633595164911687,1.7462288194004658e-05,5558,122276,False," ; covariables : log_pop, share_women_1549, level_pre, pretrend_pre (doublement robuste) ; contrôle = not_yet_treated ; fenêtre 2003-2024 ; 5558 traitées, 0 jamais traitées sur la fenêtre ; ATT(g,t) identifiés jusqu'en 2022 (sans unité jamais traitée, la dernière cohorte sert de contrôle)",event,0.0,5558.0,0.0,0.0,2003.0,2024.0,2003.0,2022.0,5558.0,5.0,dr,2.0,481.0,,,,,
h2,H2,H2a,"log(naissances+0,5 / 1 000 f. 15-19)","unités avec covariables, bascule 4G",cs,8,-0.9355409421167855,0.25393934441764227,-1.4332529114330768,-0.43782897280049426,0.0002295014756181175,5558,122276,False," ; covariables : log_pop, share_women_1549, level_pre, pretrend_pre (doublement robuste) ; contrôle = not_yet_treated ; fenêtre 2003-2024 ; 5558 traitées, 0 jamais traitées sur la fenêtre ; ATT(g,t) identifiés jusqu'en 2022 (sans unité jamais traitée, la dernière cohorte sert de contrôle)",event,0.0,5558.0,0.0,0.0,2003.0,2024.0,2003.0,2022.0,5558.0,5.0,dr,1.0,187.0,,,,,
h2,H2,H2a,"log(naissances+0,5 / 1 000 f. 15-19)","unités avec covariables, bascule 4G",cs,"ATT[1,5]",-0.0957599020391938,0.024309386702242707,-0.14340542446184643,-0.04811437961654117,8.174862979749386e-05,5558,122276,False," ; covariables : log_pop, share_women_1549, level_pre, pretrend_pre (doublement robuste) ; contrôle = not_yet_treated ; fenêtre 2003-2024 ; 5558 traitées, 0 jamais traitées sur la fenêtre ; ATT(g,t) identifiés jusqu'en 2022 (sans unité jamais traitée, la dernière cohorte sert de contrôle) ; écart-type avec covariance complète des coefficients (fonctions d'influence)",post_avg,0.0,5558.0,0.0,0.0,2003.0,2024.0,2003.0,2022.0,5558.0,5.0,dr,,,,,5.0,,
h2,H2,H2a,"log(naissances+0,5 / 1 000 f. 15-19)","unités avec covariables, bascule 4G",cs,ATT,-0.10467728292512313,0.02280766507845641,-0.1493794850503496,-0.059975080799896656,4.441686615512635e-06,5558,122276,False," ; covariables : log_pop, share_women_1549, level_pre, pretrend_pre (doublement robuste) ; contrôle = not_yet_treated ; fenêtre 2003-2024 ; 5558 traitées, 0 jamais traitées sur la fenêtre ; ATT(g,t) identifiés jusqu'en 2022 (sans unité jamais traitée, la dernière cohorte sert de contrôle) ; moyenne de tous les ATT(g,t) post",simple,0.0,5558.0,0.0,0.0,2003.0,2024.0,2003.0,2022.0,5558.0,5.0,dr,,,,,,,
h2,H2,H2a,"log(naissances+0,5 / 1 000 f. 15-19)","unités avec covariables, bascule 4G",cs,Wald pré (-8..-2),24.69708448633603,,,,0.0008585377192887026,5558,122276,False,"H5c : test de Wald joint de nullité des coefficients pré avec covariance des fonctions d'influence, df = 7 ; fenêtre 2003-2024 ; 5558 traitées, 0 jamais traitées sur la fenêtre",pre_test,0.0,5558.0,0.0,0.0,2003.0,2024.0,2003.0,2022.0,5558.0,5.0,dr,,,,,,7.0,
h2,H2,H2a,"log(naissances+0,5 / 1 000 f. 15-19)","unités avec covariables, bascule 4G ; fenêtre identifiée ≤ 2022, cohorte 2023 = contrôle",sunab,-8,-0.00724827961162407,0.05072170176815882,-0.10666098831179693,0.0921644290885488,0.8863668474101406,5558,122276,False," ; fenêtre 2003-2024 ; 5558 traitées, 0 jamais traitées sur la fenêtre ; covariables invariantes dans le temps absorbées par les effets fixes unité : log_pop, share_women_1549, level_pre, pretrend_pre ; comparaisons sur la fenêtre identifiée (années < 2023, cohorte 2023 recodée contrôle, 60 unités de contrôle) ; cellules −8 et +8 bornées",event,0.0,5558.0,0.0,0.0,2003.0,2024.0,,,,,,,,,,,,
h2,H2,H2a,"log(naissances+0,5 / 1 000 f. 15-19)","unités avec covariables, bascule 4G ; fenêtre identifiée ≤ 2022, cohorte 2023 = contrôle",sunab,-7,-0.003368865009079547,0.048896385688326445,-0.09920401993237911,0.09246628991422003,0.9450707807498065,5558,122276,False," ; fenêtre 2003-2024 ; 5558 traitées, 0 jamais traitées sur la fenêtre ; covariables invariantes dans le temps absorbées par les effets fixes unité : log_pop, share_women_1549, level_pre, pretrend_pre ; comparaisons sur la fenêtre identifiée (années < 2023, cohorte 2023 recodée contrôle, 60 unités de contrôle) ; cellules −8 et +8 bornées",event,0.0,5558.0,0.0,0.0,2003.0,2024.0,,,,,,,,,,,,
h2,H2,H2a,"log(naissances+0,5 / 1 000 f. 15-19)","unités avec covariables, bascule 4G ; fenêtre identifiée ≤ 2022, cohorte 2023 = contrôle",sunab,-6,0.011104132957561479,0.046842358169483414,-0.08070520200555159,0.10291346792067455,0.8126154845079475,5558,122276,False," ; fenêtre 2003-2024 ; 5558 traitées, 0 jamais traitées sur la fenêtre ; covariables invariantes dans le temps absorbées par les effets fixes unité : log_pop, share_women_1549, level_pre, pretrend_pre ; comparaisons sur la fenêtre identifiée (années < 2023, cohorte 2023 recodée contrôle, 60 unités de contrôle) ; cellules −8 et +8 bornées",event,0.0,5558.0,0.0,0.0,2003.0,2024.0,,,,,,,,,,,,
h2,H2,H2a,"log(naissances+0,5 / 1 000 f. 15-19)","unités avec covariables, bascule 4G ; fenêtre identifiée ≤ 2022, cohorte 2023 = contrôle",sunab,-5,0.028310443585298044,0.04348562859393305,-0.05691982230389588,0.11354070947449196,0.5150271984991913,5558,122276,False," ; fenêtre 2003-2024 ; 5558 traitées, 0 jamais traitées sur la fenêtre ; covariables invariantes dans le temps absorbées par les effets fixes unité : log_pop, share_women_1549, level_pre, pretrend_pre ; comparaisons sur la fenêtre identifiée (années < 2023, cohorte 2023 recodée contrôle, 60 unités de contrôle) ; cellules −8 et +8 bornées",event,0.0,5558.0,0.0,0.0,2003.0,2024.0,,,,,,,,,,,,
h2,H2,H2a,"log(naissances+0,5 / 1 000 f. 15-19)","unités avec covariables, bascule 4G ; fenêtre identifiée ≤ 2022, cohorte 2023 = contrôle",sunab,-4,0.02163971436245265,0.04084832224594638,-0.05842152606848854,0.10170095479339383,0.5962799177306859,5558,122276,False," ; fenêtre 2003-2024 ; 5558 traitées, 0 jamais traitées sur la fenêtre ; covariables invariantes dans le temps absorbées par les effets fixes unité : log_pop, share_women_1549, level_pre, pretrend_pre ; comparaisons sur la fenêtre identifiée (années < 2023, cohorte 2023 recodée contrôle, 60 unités de contrôle) ; cellules −8 et +8 bornées",event,0.0,5558.0,0.0,0.0,2003.0,2024.0,,,,,,,,,,,,
h2,H2,H2a,"log(naissances+0,5 / 1 000 f. 15-19)","unités avec covariables, bascule 4G ; fenêtre identifiée ≤ 2022, cohorte 2023 = contrôle",sunab,-3,0.00187255220556032,0.03613148983173175,-0.06894386657240908,0.07268897098352972,0.9586673027979423,5558,122276,False," ; fenêtre 2003-2024 ; 5558 traitées, 0 jamais traitées sur la fenêtre ; covariables invariantes dans le temps absorbées par les effets fixes unité : log_pop, share_women_1549, level_pre, pretrend_pre ; comparaisons sur la fenêtre identifiée (années < 2023, cohorte 2023 recodée contrôle, 60 unités de contrôle) ; cellules −8 et +8 bornées",event,0.0,5558.0,0.0,0.0,2003.0,2024.0,,,,,,,,,,,,
h2,H2,H2a,"log(naissances+0,5 / 1 000 f. 15-19)","unités avec covariables, bascule 4G ; fenêtre identifiée ≤ 2022, cohorte 2023 = contrôle",sunab,-2,0.01638352885712086,0.027060008822741052,-0.03665311385678771,0.06942017157102943,0.5448788955098435,5558,122276,False," ; fenêtre 2003-2024 ; 5558 traitées, 0 jamais traitées sur la fenêtre ; covariables invariantes dans le temps absorbées par les effets fixes unité : log_pop, share_women_1549, level_pre, pretrend_pre ; comparaisons sur la fenêtre identifiée (années < 2023, cohorte 2023 recodée contrôle, 60 unités de contrôle) ; cellules −8 et +8 bornées",event,0.0,5558.0,0.0,0.0,2003.0,2024.0,,,,,,,,,,,,
h2,H2,H2a,"log(naissances+0,5 / 1 000 f. 15-19)","unités avec covariables, bascule 4G ; fenêtre identifiée ≤ 2022, cohorte 2023 = contrôle",sunab,0,-0.0035728207642593264,0.025051641085106137,-0.052673135044691274,0.04552749351617262,0.886591697498336,5558,122276,False," ; fenêtre 2003-2024 ; 5558 traitées, 0 jamais traitées sur la fenêtre ; covariables invariantes dans le temps absorbées par les effets fixes unité : log_pop, share_women_1549, level_pre, pretrend_pre ; comparaisons sur la fenêtre identifiée (années < 2023, cohorte 2023 recodée contrôle, 60 unités de contrôle) ; cellules −8 et +8 bornées",event,0.0,5558.0,0.0,0.0,2003.0,2024.0,,,,,,,,,,,,
h2,H2,H2a,"log(naissances+0,5 / 1 000 f. 15-19)","unités avec covariables, bascule 4G ; fenêtre identifiée ≤ 2022, cohorte 2023 = contrôle",sunab,1,-0.0025646466072683,0.03269105230576791,-0.06663793174328848,0.06150863852875189,0.9374692853730906,5558,122276,False," ; fenêtre 2003-2024 ; 5558 traitées, 0 jamais traitées sur la fenêtre ; covariables invariantes dans le temps absorbées par les effets fixes unité : log_pop, share_women_1549, level_pre, pretrend_pre ; comparaisons sur la fenêtre identifiée (années < 2023, cohorte 2023 recodée contrôle, 60 unités de contrôle) ; cellules −8 et +8 bornées",event,0.0,5558.0,0.0,0.0,2003.0,2024.0,,,,,,,,,,,,
h2,H2,H2a,"log(naissances+0,5 / 1 000 f. 15-19)","unités avec covariables, bascule 4G ; fenêtre identifiée ≤ 2022, cohorte 2023 = contrôle",sunab,2,-0.02322190375734048,0.039866529327434855,-0.10135886542772263,0.05491505791304166,0.5602358461776751,5558,122276,False," ; fenêtre 2003-2024 ; 5558 traitées, 0 jamais traitées sur la fenêtre ; covariables invariantes dans le temps absorbées par les effets fixes unité : log_pop, share_women_1549, level_pre, pretrend_pre ; comparaisons sur la fenêtre identifiée (années < 2023, cohorte 2023 recodée contrôle, 60 unités de contrôle) ; cellules −8 et +8 bornées",event,0.0,5558.0,0.0,0.0,2003.0,2024.0,,,,,,,,,,,,
h2,H2,H2a,"log(naissances+0,5 / 1 000 f. 15-19)","unités avec covariables, bascule 4G ; fenêtre identifiée ≤ 2022, cohorte 2023 = contrôle",sunab,3,-0.01977427894300555,0.05744764375626957,-0.1323695917019812,0.09282103381597011,0.730685410775965,5558,122276,False," ; fenêtre 2003-2024 ; 5558 traitées, 0 jamais traitées sur la fenêtre ; covariables invariantes dans le temps absorbées par les effets fixes unité : log_pop, share_women_1549, level_pre, pretrend_pre ; comparaisons sur la fenêtre identifiée (années < 2023, cohorte 2023 recodée contrôle, 60 unités de contrôle) ; cellules −8 et +8 bornées",event,0.0,5558.0,0.0,0.0,2003.0,2024.0,,,,,,,,,,,,
h2,H2,H2a,"log(naissances+0,5 / 1 000 f. 15-19)","unités avec covariables, bascule 4G ; fenêtre identifiée ≤ 2022, cohorte 2023 = contrôle",sunab,4,-0.091139684879566,0.06256256068079692,-0.21376005059452965,0.03148068083539765,0.1451780111051872,5558,122276,False," ; fenêtre 2003-2024 ; 5558 traitées, 0 jamais traitées sur la fenêtre ; covariables invariantes dans le temps absorbées par les effets fixes unité : log_pop, share_women_1549, level_pre, pretrend_pre ; comparaisons sur la fenêtre identifiée (années < 2023, cohorte 2023 recodée contrôle, 60 unités de contrôle) ; cellules −8 et +8 bornées",event,0.0,5558.0,0.0,0.0,2003.0,2024.0,,,,,,,,,,,,
h2,H2,H2a,"log(naissances+0,5 / 1 000 f. 15-19)","unités avec covariables, bascule 4G ; fenêtre identifiée ≤ 2022, cohorte 2023 = contrôle",sunab,5,-0.13449162705737502,0.06460037519668538,-0.26110603583065295,-0.00787721828409707,0.03735145497558559,5558,122276,False," ; fenêtre 2003-2024 ; 5558 traitées, 0 jamais traitées sur la fenêtre ; covariables invariantes dans le temps absorbées par les effets fixes unité : log_pop, share_women_1549, level_pre, pretrend_pre ; comparaisons sur la fenêtre identifiée (années < 2023, cohorte 2023 recodée contrôle, 60 unités de contrôle) ; cellules −8 et +8 bornées",event,0.0,5558.0,0.0,0.0,2003.0,2024.0,,,,,,,,,,,,
h2,H2,H2a,"log(naissances+0,5 / 1 000 f. 15-19)","unités avec covariables, bascule 4G ; fenêtre identifiée ≤ 2022, cohorte 2023 = contrôle",sunab,6,-0.24007366622895115,0.06522959717427494,-0.36792132741658573,-0.11222600504131658,0.0002328311758245327,5558,122276,False," ; fenêtre 2003-2024 ; 5558 traitées, 0 jamais traitées sur la fenêtre ; covariables invariantes dans le temps absorbées par les effets fixes unité : log_pop, share_women_1549, level_pre, pretrend_pre ; comparaisons sur la fenêtre identifiée (années < 2023, cohorte 2023 recodée contrôle, 60 unités de contrôle) ; cellules −8 et +8 bornées",event,0.0,5558.0,0.0,0.0,2003.0,2024.0,,,,,,,,,,,,
h2,H2,H2a,"log(naissances+0,5 / 1 000 f. 15-19)","unités avec covariables, bascule 4G ; fenêtre identifiée ≤ 2022, cohorte 2023 = contrôle",sunab,7,-0.3136239007927081,0.06677023039501175,-0.44449114760637276,-0.18275665397904342,2.639305713974894e-06,5558,122276,False," ; fenêtre 2003-2024 ; 5558 traitées, 0 jamais traitées sur la fenêtre ; covariables invariantes dans le temps absorbées par les effets fixes unité : log_pop, share_women_1549, level_pre, pretrend_pre ; comparaisons sur la fenêtre identifiée (années < 2023, cohorte 2023 recodée contrôle, 60 unités de contrôle) ; cellules −8 et +8 bornées",event,0.0,5558.0,0.0,0.0,2003.0,2024.0,,,,,,,,,,,,
h2,H2,H2a,"log(naissances+0,5 / 1 000 f. 15-19)","unités avec covariables, bascule 4G ; fenêtre identifiée ≤ 2022, cohorte 2023 = contrôle",sunab,8,-0.4377562995694888,0.07442455860253164,-0.5836257539957415,-0.29188684514323615,4.056331621294031e-09,5558,122276,False," ; fenêtre 2003-2024 ; 5558 traitées, 0 jamais traitées sur la fenêtre ; covariables invariantes dans le temps absorbées par les effets fixes unité : log_pop, share_women_1549, level_pre, pretrend_pre ; comparaisons sur la fenêtre identifiée (années < 2023, cohorte 2023 recodée contrôle, 60 unités de contrôle) ; cellules −8 et +8 bornées",event,0.0,5558.0,0.0,0.0,2003.0,2024.0,,,,,,,,,,,,
h2,H2,H2a,"log(naissances+0,5 / 1 000 f. 15-19)","unités avec covariables, bascule 4G ; fenêtre identifiée ≤ 2022, cohorte 2023 = contrôle",sunab,"ATT[1,5]",-0.05423842824891108,0.045237223763815074,-0.1429017575865681,0.034424901088745935,0.23053656742093565,5558,122276,False," ; fenêtre 2003-2024 ; 5558 traitées, 0 jamais traitées sur la fenêtre ; covariables invariantes dans le temps absorbées par les effets fixes unité : log_pop, share_women_1549, level_pre, pretrend_pre ; comparaisons sur la fenêtre identifiée (années < 2023, cohorte 2023 recodée contrôle, 60 unités de contrôle) ; écart-type avec covariance complète (w'Vw)",post_avg,0.0,5558.0,0.0,0.0,2003.0,2024.0,,,,,,,,,,,,
h2,H2,H2a,"log(naissances+0,5 / 1 000 f. 15-19)","unités avec covariables, bascule 4G ; fenêtre identifiée ≤ 2022, cohorte 2023 = contrôle",sunab,Wald pré (-8..−2),9.83892072385381,,,,0.1978869495583132,5558,122276,False,"test de Wald joint, covariance groupée, df = 7 ; fenêtre 2003-2024 ; 5558 traitées, 0 jamais traitées sur la fenêtre",pre_test,0.0,5558.0,0.0,0.0,2003.0,2024.0,,,,,,,,,,,7.0,
h2,H2,H2a,"log(naissances+0,5 / 1 000 f. 15-19)","unités avec covariables, bascule 4G ; fenêtre identifiée ≤ 2022, cohorte 2023 = contrôle",did2s,-8,-0.0012345148978162173,0.0005856061911420652,-0.002382281941578344,-8.674785405409077e-05,0.03502256399626547,5558,122276,False," ; fenêtre 2003-2024 ; 5558 traitées, 0 jamais traitées sur la fenêtre ; covariables invariantes dans le temps absorbées par les effets fixes unité : log_pop, share_women_1549, level_pre, pretrend_pre ; comparaisons sur la fenêtre identifiée (années < 2023, cohorte 2023 recodée contrôle, 60 unités de contrôle) ; cellules −8 et +8 bornées ; did2s en deux étapes implémenté directement (pyfixest.did2s dépasse la mémoire au-delà de 5 000 unités), écarts-types par bootstrap par grappes (50 tirages, grappe = unit)",event,0.0,5558.0,0.0,0.0,2003.0,2024.0,,,,,,,,,,,,
h2,H2,H2a,"log(naissances+0,5 / 1 000 f. 15-19)","unités avec covariables, bascule 4G ; fenêtre identifiée ≤ 2022, cohorte 2023 = contrôle",did2s,-7,-0.009262203936896668,0.003919671964807342,-0.01694461981913041,-0.0015797880546629273,0.01812743144713382,5558,122276,False," ; fenêtre 2003-2024 ; 5558 traitées, 0 jamais traitées sur la fenêtre ; covariables invariantes dans le temps absorbées par les effets fixes unité : log_pop, share_women_1549, level_pre, pretrend_pre ; comparaisons sur la fenêtre identifiée (années < 2023, cohorte 2023 recodée contrôle, 60 unités de contrôle) ; cellules −8 et +8 bornées ; did2s en deux étapes implémenté directement (pyfixest.did2s dépasse la mémoire au-delà de 5 000 unités), écarts-types par bootstrap par grappes (50 tirages, grappe = unit)",event,0.0,5558.0,0.0,0.0,2003.0,2024.0,,,,,,,,,,,,
h2,H2,H2a,"log(naissances+0,5 / 1 000 f. 15-19)","unités avec covariables, bascule 4G ; fenêtre identifiée ≤ 2022, cohorte 2023 = contrôle",did2s,-6,-0.0026281883122499213,0.0037712598064341073,-0.010019721709204267,0.0047633450847044245,0.48586581703983966,5558,122276,False," ; fenêtre 2003-2024 ; 5558 traitées, 0 jamais traitées sur la fenêtre ; covariables invariantes dans le temps absorbées par les effets fixes unité : log_pop, share_women_1549, level_pre, pretrend_pre ; comparaisons sur la fenêtre identifiée (années < 2023, cohorte 2023 recodée contrôle, 60 unités de contrôle) ; cellules −8 et +8 bornées ; did2s en deux étapes implémenté directement (pyfixest.did2s dépasse la mémoire au-delà de 5 000 unités), écarts-types par bootstrap par grappes (50 tirages, grappe = unit)",event,0.0,5558.0,0.0,0.0,2003.0,2024.0,,,,,,,,,,,,
h2,H2,H2a,"log(naissances+0,5 / 1 000 f. 15-19)","unités avec covariables, bascule 4G ; fenêtre identifiée ≤ 2022, cohorte 2023 = contrôle",did2s,-5,-0.0035141805753010403,0.0033649661390508,-0.010109393017037407,0.0030810318664353273,0.29632648558144736,5558,122276,False," ; fenêtre 2003-2024 ; 5558 traitées, 0 jamais traitées sur la fenêtre ; covariables invariantes dans le temps absorbées par les effets fixes unité : log_pop, share_women_1549, level_pre, pretrend_pre ; comparaisons sur la fenêtre identifiée (années < 2023, cohorte 2023 recodée contrôle, 60 unités de contrôle) ; cellules −8 et +8 bornées ; did2s en deux étapes implémenté directement (pyfixest.did2s dépasse la mémoire au-delà de 5 000 unités), écarts-types par bootstrap par grappes (50 tirages, grappe = unit)",event,0.0,5558.0,0.0,0.0,2003.0,2024.0,,,,,,,,,,,,
h2,H2,H2a,"log(naissances+0,5 / 1 000 f. 15-19)","unités avec covariables, bascule 4G ; fenêtre identifiée ≤ 2022, cohorte 2023 = contrôle",did2s,-4,-0.0007175558085330306,0.00316935581455632,-0.006929379059256024,0.005494267442189963,0.8208869779780258,5558,122276,False," ; fenêtre 2003-2024 ; 5558 traitées, 0 jamais traitées sur la fenêtre ; covariables invariantes dans le temps absorbées par les effets fixes unité : log_pop, share_women_1549, level_pre, pretrend_pre ; comparaisons sur la fenêtre identifiée (années < 2023, cohorte 2023 recodée contrôle, 60 unités de contrôle) ; cellules −8 et +8 bornées ; did2s en deux étapes implémenté directement (pyfixest.did2s dépasse la mémoire au-delà de 5 000 unités), écarts-types par bootstrap par grappes (50 tirages, grappe = unit)",event,0.0,5558.0,0.0,0.0,2003.0,2024.0,,,,,,,,,,,,
h2,H2,H2a,"log(naissances+0,5 / 1 000 f. 15-19)","unités avec covariables, bascule 4G ; fenêtre identifiée ≤ 2022, cohorte 2023 = contrôle",did2s,-3,0.010684360253823542,0.003515300363590369,0.003794498146345862,0.017574222361301222,0.0023705966167503188,5558,122276,False," ; fenêtre 2003-2024 ; 5558 traitées, 0 jamais traitées sur la fenêtre ; covariables invariantes dans le temps absorbées par les effets fixes unité : log_pop, share_women_1549, level_pre, pretrend_pre ; comparaisons sur la fenêtre identifiée (années < 2023, cohorte 2023 recodée contrôle, 60 unités de contrôle) ; cellules −8 et +8 bornées ; did2s en deux étapes implémenté directement (pyfixest.did2s dépasse la mémoire au-delà de 5 000 unités), écarts-types par bootstrap par grappes (50 tirages, grappe = unit)",event,0.0,5558.0,0.0,0.0,2003.0,2024.0,,,,,,,,,,,,
h2,H2,H2a,"log(naissances+0,5 / 1 000 f. 15-19)","unités avec covariables, bascule 4G ; fenêtre identifiée ≤ 2022, cohorte 2023 = contrôle",did2s,-2,0.00916481221623261,0.0032933512331960995,0.0027099624107276817,0.015619662021737538,0.005388826357637625,5558,122276,False," ; fenêtre 2003-2024 ; 5558 traitées, 0 jamais traitées sur la fenêtre ; covariables invariantes dans le temps absorbées par les effets fixes unité : log_pop, share_women_1549, level_pre, pretrend_pre ; comparaisons sur la fenêtre identifiée (années < 2023, cohorte 2023 recodée contrôle, 60 unités de contrôle) ; cellules −8 et +8 bornées ; did2s en deux étapes implémenté directement (pyfixest.did2s dépasse la mémoire au-delà de 5 000 unités), écarts-types par bootstrap par grappes (50 tirages, grappe = unit)",event,0.0,5558.0,0.0,0.0,2003.0,2024.0,,,,,,,,,,,,
h2,H2,H2a,"log(naissances+0,5 / 1 000 f. 15-19)","unités avec covariables, bascule 4G ; fenêtre identifiée ≤ 2022, cohorte 2023 = contrôle",did2s,0,-0.005171280184570434,0.008304089568775869,-0.021446996663765885,0.011104436294625016,0.533456069464028,5558,122276,False," ; fenêtre 2003-2024 ; 5558 traitées, 0 jamais traitées sur la fenêtre ; covariables invariantes dans le temps absorbées par les effets fixes unité : log_pop, share_women_1549, level_pre, pretrend_pre ; comparaisons sur la fenêtre identifiée (années < 2023, cohorte 2023 recodée contrôle, 60 unités de contrôle) ; cellules −8 et +8 bornées ; did2s en deux étapes implémenté directement (pyfixest.did2s dépasse la mémoire au-delà de 5 000 unités), écarts-types par bootstrap par grappes (50 tirages, grappe = unit)",event,0.0,5558.0,0.0,0.0,2003.0,2024.0,,,,,,,,,,,,
h2,H2,H2a,"log(naissances+0,5 / 1 000 f. 15-19)","unités avec covariables, bascule 4G ; fenêtre identifiée ≤ 2022, cohorte 2023 = contrôle",did2s,1,-0.020139153027099604,0.011222789087012804,-0.04213541544373385,0.0018571093895346467,0.07273541621994162,5558,122276,False," ; fenêtre 2003-2024 ; 5558 traitées, 0 jamais traitées sur la fenêtre ; covariables invariantes dans le temps absorbées par les effets fixes unité : log_pop, share_women_1549, level_pre, pretrend_pre ; comparaisons sur la fenêtre identifiée (années < 2023, cohorte 2023 recodée contrôle, 60 unités de contrôle) ; cellules −8 et +8 bornées ; did2s en deux étapes implémenté directement (pyfixest.did2s dépasse la mémoire au-delà de 5 000 unités), écarts-types par bootstrap par grappes (50 tirages, grappe = unit)",event,0.0,5558.0,0.0,0.0,2003.0,2024.0,,,,,,,,,,,,
h2,H2,H2a,"log(naissances+0,5 / 1 000 f. 15-19)","unités avec covariables, bascule 4G ; fenêtre identifiée ≤ 2022, cohorte 2023 = contrôle",did2s,2,-0.04009844660709326,0.016414781052388503,-0.0722708262838852,-0.00792606693030131,0.01457277945133368,5558,122276,False," ; fenêtre 2003-2024 ; 5558 traitées, 0 jamais traitées sur la fenêtre ; covariables invariantes dans le temps absorbées par les effets fixes unité : log_pop, share_women_1549, level_pre, pretrend_pre ; comparaisons sur la fenêtre identifiée (années < 2023, cohorte 2023 recodée contrôle, 60 unités de contrôle) ; cellules −8 et +8 bornées ; did2s en deux étapes implémenté directement (pyfixest.did2s dépasse la mémoire au-delà de 5 000 unités), écarts-types par bootstrap par grappes (50 tirages, grappe = unit)",event,0.0,5558.0,0.0,0.0,2003.0,2024.0,,,,,,,,,,,,
h2,H2,H2a,"log(naissances+0,5 / 1 000 f. 15-19)","unités avec covariables, bascule 4G ; fenêtre identifiée ≤ 2022, cohorte 2023 = contrôle",did2s,3,-0.06443450696524736,0.02522601383408858,-0.11387658555357014,-0.014992428376924577,0.010640517367323745,5558,122276,False," ; fenêtre 2003-2024 ; 5558 traitées, 0 jamais traitées sur la fenêtre ; covariables invariantes dans le temps absorbées par les effets fixes unité : log_pop, share_women_1549, level_pre, pretrend_pre ; comparaisons sur la fenêtre identifiée (années < 2023, cohorte 2023 recodée contrôle, 60 unités de contrôle) ; cellules −8 et +8 bornées ; did2s en deux étapes implémenté directement (pyfixest.did2s dépasse la mémoire au-delà de 5 000 unités), écarts-types par bootstrap par grappes (50 tirages, grappe = unit)",event,0.0,5558.0,0.0,0.0,2003.0,2024.0,,,,,,,,,,,,
h2,H2,H2a,"log(naissances+0,5 / 1 000 f. 15-19)","unités avec covariables, bascule 4G ; fenêtre identifiée ≤ 2022, cohorte 2023 = contrôle",did2s,4,-0.09634993313692072,0.03752557425333174,-0.16989870717263444,-0.02280115910120699,0.010241100423859175,5558,122276,False," ; fenêtre 2003-2024 ; 5558 traitées, 0 jamais traitées sur la fenêtre ; covariables invariantes dans le temps absorbées par les effets fixes unité : log_pop, share_women_1549, level_pre, pretrend_pre ; comparaisons sur la fenêtre identifiée (années < 2023, cohorte 2023 recodée contrôle, 60 unités de contrôle) ; cellules −8 et +8 bornées ; did2s en deux étapes implémenté directement (pyfixest.did2s dépasse la mémoire au-delà de 5 000 unités), écarts-types par bootstrap par grappes (50 tirages, grappe = unit)",event,0.0,5558.0,0.0,0.0,2003.0,2024.0,,,,,,,,,,,,
h2,H2,H2a,"log(naissances+0,5 / 1 000 f. 15-19)","unités avec covariables, bascule 4G ; fenêtre identifiée ≤ 2022, cohorte 2023 = contrôle",did2s,5,-0.14669530243581635,0.04664918222249819,-0.23812601950015896,-0.055264585371473746,0.0016628623018765188,5558,122276,False," ; fenêtre 2003-2024 ; 5558 traitées, 0 jamais traitées sur la fenêtre ; covariables invariantes dans le temps absorbées par les effets fixes unité : log_pop, share_women_1549, level_pre, pretrend_pre ; comparaisons sur la fenêtre identifiée (années < 2023, cohorte 2023 recodée contrôle, 60 unités de contrôle) ; cellules −8 et +8 bornées ; did2s en deux étapes implémenté directement (pyfixest.did2s dépasse la mémoire au-delà de 5 000 unités), écarts-types par bootstrap par grappes (50 tirages, grappe = unit)",event,0.0,5558.0,0.0,0.0,2003.0,2024.0,,,,,,,,,,,,
h2,H2,H2a,"log(naissances+0,5 / 1 000 f. 15-19)","unités avec covariables, bascule 4G ; fenêtre identifiée ≤ 2022, cohorte 2023 = contrôle",did2s,6,-0.21356708027242496,0.04099856093804882,-0.29392278312897135,-0.13321137741587857,1.8972200194930946e-07,5558,122276,False," ; fenêtre 2003-2024 ; 5558 traitées, 0 jamais traitées sur la fenêtre ; covariables invariantes dans le temps absorbées par les effets fixes unité : log_pop, share_women_1549, level_pre, pretrend_pre ; comparaisons sur la fenêtre identifiée (années < 2023, cohorte 2023 recodée contrôle, 60 unités de contrôle) ; cellules −8 et +8 bornées ; did2s en deux étapes implémenté directement (pyfixest.did2s dépasse la mémoire au-delà de 5 000 unités), écarts-types par bootstrap par grappes (50 tirages, grappe = unit)",event,0.0,5558.0,0.0,0.0,2003.0,2024.0,,,,,,,,,,,,
h2,H2,H2a,"log(naissances+0,5 / 1 000 f. 15-19)","unités avec covariables, bascule 4G ; fenêtre identifiée ≤ 2022, cohorte 2023 = contrôle",did2s,7,-0.24433103734106656,0.05010180609412063,-0.3425287728459524,-0.14613330183618073,1.078801126835095e-06,5558,122276,False," ; fenêtre 2003-2024 ; 5558 traitées, 0 jamais traitées sur la fenêtre ; covariables invariantes dans le temps absorbées par les effets fixes unité : log_pop, share_women_1549, level_pre, pretrend_pre ; comparaisons sur la fenêtre identifiée (années < 2023, cohorte 2023 recodée contrôle, 60 unités de contrôle) ; cellules −8 et +8 bornées ; did2s en deux étapes implémenté directement (pyfixest.did2s dépasse la mémoire au-delà de 5 000 unités), écarts-types par bootstrap par grappes (50 tirages, grappe = unit)",event,0.0,5558.0,0.0,0.0,2003.0,2024.0,,,,,,,,,,,,
h2,H2,H2a,"log(naissances+0,5 / 1 000 f. 15-19)","unités avec covariables, bascule 4G ; fenêtre identifiée ≤ 2022, cohorte 2023 = contrôle",did2s,8,-0.31600549103089554,0.06444643162011371,-0.4423181759384417,-0.18969280612334935,9.42004035949049e-07,5558,122276,False," ; fenêtre 2003-2024 ; 5558 traitées, 0 jamais traitées sur la fenêtre ; covariables invariantes dans le temps absorbées par les effets fixes unité : log_pop, share_women_1549, level_pre, pretrend_pre ; comparaisons sur la fenêtre identifiée (années < 2023, cohorte 2023 recodée contrôle, 60 unités de contrôle) ; cellules −8 et +8 bornées ; did2s en deux étapes implémenté directement (pyfixest.did2s dépasse la mémoire au-delà de 5 000 unités), écarts-types par bootstrap par grappes (50 tirages, grappe = unit)",event,0.0,5558.0,0.0,0.0,2003.0,2024.0,,,,,,,,,,,,
h2,H2,H2a,"log(naissances+0,5 / 1 000 f. 15-19)","unités avec covariables, bascule 4G ; fenêtre identifiée ≤ 2022, cohorte 2023 = contrôle",did2s,"ATT[1,5]",-0.07354346843443546,0.023837623427377386,-0.12026435182912337,-0.02682258503974754,0.002034258591169703,5558,122276,False," ; fenêtre 2003-2024 ; 5558 traitées, 0 jamais traitées sur la fenêtre ; covariables invariantes dans le temps absorbées par les effets fixes unité : log_pop, share_women_1549, level_pre, pretrend_pre ; comparaisons sur la fenêtre identifiée (années < 2023, cohorte 2023 recodée contrôle, 60 unités de contrôle) ; écart-type avec covariance complète (w'Vw)",post_avg,0.0,5558.0,0.0,0.0,2003.0,2024.0,,,,,,,,,,,,
h2,H2,H2a,"log(naissances+0,5 / 1 000 f. 15-19)","unités avec covariables, bascule 4G ; fenêtre identifiée ≤ 2022, cohorte 2023 = contrôle",did2s,Wald pré (-8..−2),34.10678192310672,,,,1.6449889340030023e-05,5558,122276,False,"test de Wald joint, covariance groupée, df = 7 ; fenêtre 2003-2024 ; 5558 traitées, 0 jamais traitées sur la fenêtre",pre_test,0.0,5558.0,0.0,0.0,2003.0,2024.0,,,,,,,,,,,7.0,
h2,H2,H2a,"log(naissances+0,5 / 1 000 f. 15-19)","unités avec covariables, bascule 4G ; fenêtre identifiée ≤ 2022, cohorte 2023 = contrôle",twfe,-8,-0.09046319841353143,0.021488280518318074,-0.13257945431912854,-0.048346942507934317,2.5550025458414617e-05,5558,122276,False," ; fenêtre 2003-2024 ; 5558 traitées, 0 jamais traitées sur la fenêtre ; covariables invariantes dans le temps absorbées par les effets fixes unité : log_pop, share_women_1549, level_pre, pretrend_pre ; comparaisons sur la fenêtre identifiée (années < 2023, cohorte 2023 recodée contrôle, 60 unités de contrôle) ; cellules −8 et +8 bornées",event,0.0,5558.0,0.0,0.0,2003.0,2024.0,,,,,,,,,,,,
h2,H2,H2a,"log(naissances+0,5 / 1 000 f. 15-19)","unités avec covariables, bascule 4G ; fenêtre identifiée ≤ 2022, cohorte 2023 = contrôle",twfe,-7,-0.08183837787436041,0.01761203292983574,-0.11635732811137191,-0.04731942763734891,3.3723659884112023e-06,5558,122276,False," ; fenêtre 2003-2024 ; 5558 traitées, 0 jamais traitées sur la fenêtre ; covariables invariantes dans le temps absorbées par les effets fixes unité : log_pop, share_women_1549, level_pre, pretrend_pre ; comparaisons sur la fenêtre identifiée (années < 2023, cohorte 2023 recodée contrôle, 60 unités de contrôle) ; cellules −8 et +8 bornées",event,0.0,5558.0,0.0,0.0,2003.0,2024.0,,,,,,,,,,,,
h2,H2,H2a,"log(naissances+0,5 / 1 000 f. 15-19)","unités avec covariables, bascule 4G ; fenêtre identifiée ≤ 2022, cohorte 2023 = contrôle",twfe,-6,-0.06424463120859007,0.01542939310657204,-0.09448568600078186,-0.03400357641639829,3.1301882462904756e-05,5558,122276,False," ; fenêtre 2003-2024 ; 5558 traitées, 0 jamais traitées sur la fenêtre ; covariables invariantes dans le temps absorbées par les effets fixes unité : log_pop, share_women_1549, level_pre, pretrend_pre ; comparaisons sur la fenêtre identifiée (années < 2023, cohorte 2023 recodée contrôle, 60 unités de contrôle) ; cellules −8 et +8 bornées",event,0.0,5558.0,0.0,0.0,2003.0,2024.0,,,,,,,,,,,,
h2,H2,H2a,"log(naissances+0,5 / 1 000 f. 15-19)","unités avec covariables, bascule 4G ; fenêtre identifiée ≤ 2022, cohorte 2023 = contrôle",twfe,-5,-0.05395569057628745,0.013219752628032605,-0.07986592961176009,-0.028045451540814816,4.475660877471715e-05,5558,122276,False," ; fenêtre 2003-2024 ; 5558 traitées, 0 jamais traitées sur la fenêtre ; covariables invariantes dans le temps absorbées par les effets fixes unité : log_pop, share_women_1549, level_pre, pretrend_pre ; comparaisons sur la fenêtre identifiée (années < 2023, cohorte 2023 recodée contrôle, 60 unités de contrôle) ; cellules −8 et +8 bornées",event,0.0,5558.0,0.0,0.0,2003.0,2024.0,,,,,,,,,,,,
h2,H2,H2a,"log(naissances+0,5 / 1 000 f. 15-19)","unités avec covariables, bascule 4G ; fenêtre identifiée ≤ 2022, cohorte 2023 = contrôle",twfe,-4,-0.03825038662049589,0.010957608249317796,-0.05972690414585776,-0.016773869095134016,0.0004816477146575873,5558,122276,False," ; fenêtre 2003-2024 ; 5558 traitées, 0 jamais traitées sur la fenêtre ; covariables invariantes dans le temps absorbées par les effets fixes unité : log_pop, share_women_1549, level_pre, pretrend_pre ; comparaisons sur la fenêtre identifiée (années < 2023, cohorte 2023 recodée contrôle, 60 unités de contrôle) ; cellules −8 et +8 bornées",event,0.0,5558.0,0.0,0.0,2003.0,2024.0,,,,,,,,,,,,
h2,H2,H2a,"log(naissances+0,5 / 1 000 f. 15-19)","unités avec covariables, bascule 4G ; fenêtre identifiée ≤ 2022, cohorte 2023 = contrôle",twfe,-3,-0.013477680922696949,0.008769183242907123,-0.030664964252627068,0.00370960240723317,0.12430877300702703,5558,122276,False," ; fenêtre 2003-2024 ; 5558 traitées, 0 jamais traitées sur la fenêtre ; covariables invariantes dans le temps absorbées par les effets fixes unité : log_pop, share_women_1549, level_pre, pretrend_pre ; comparaisons sur la fenêtre identifiée (années < 2023, cohorte 2023 recodée contrôle, 60 unités de contrôle) ; cellules −8 et +8 bornées",event,0.0,5558.0,0.0,0.0,2003.0,2024.0,,,,,,,,,,,,
h2,H2,H2a,"log(naissances+0,5 / 1 000 f. 15-19)","unités avec covariables, bascule 4G ; fenêtre identifiée ≤ 2022, cohorte 2023 = contrôle",twfe,-2,-0.005010910831521495,0.0066184343651812284,-0.017982803821318918,0.007960982158275929,0.44898143008187374,5558,122276,False," ; fenêtre 2003-2024 ; 5558 traitées, 0 jamais traitées sur la fenêtre ; covariables invariantes dans le temps absorbées par les effets fixes unité : log_pop, share_women_1549, level_pre, pretrend_pre ; comparaisons sur la fenêtre identifiée (années < 2023, cohorte 2023 recodée contrôle, 60 unités de contrôle) ; cellules −8 et +8 bornées",event,0.0,5558.0,0.0,0.0,2003.0,2024.0,,,,,,,,,,,,
h2,H2,H2a,"log(naissances+0,5 / 1 000 f. 15-19)","unités avec covariables, bascule 4G ; fenêtre identifiée ≤ 2022, cohorte 2023 = contrôle",twfe,0,3.0696916929242676e-05,0.006730143852850853,-0.013160142645432067,0.013221536479290552,0.9963607744953084,5558,122276,False," ; fenêtre 2003-2024 ; 5558 traitées, 0 jamais traitées sur la fenêtre ; covariables invariantes dans le temps absorbées par les effets fixes unité : log_pop, share_women_1549, level_pre, pretrend_pre ; comparaisons sur la fenêtre identifiée (années < 2023, cohorte 2023 recodée contrôle, 60 unités de contrôle) ; cellules −8 et +8 bornées",event,0.0,5558.0,0.0,0.0,2003.0,2024.0,,,,,,,,,,,,
h2,H2,H2a,"log(naissances+0,5 / 1 000 f. 15-19)","unités avec covariables, bascule 4G ; fenêtre identifiée ≤ 2022, cohorte 2023 = contrôle",twfe,1,-0.01017097070701311,0.008715812448653803,-0.027253649202380423,0.006911707788354204,0.24322808915029648,5558,122276,False," ; fenêtre 2003-2024 ; 5558 traitées, 0 jamais traitées sur la fenêtre ; covariables invariantes dans le temps absorbées par les effets fixes unité : log_pop, share_women_1549, level_pre, pretrend_pre ; comparaisons sur la fenêtre identifiée (années < 2023, cohorte 2023 recodée contrôle, 60 unités de contrôle) ; cellules −8 et +8 bornées",event,0.0,5558.0,0.0,0.0,2003.0,2024.0,,,,,,,,,,,,
h2,H2,H2a,"log(naissances+0,5 / 1 000 f. 15-19)","unités avec covariables, bascule 4G ; fenêtre identifiée ≤ 2022, cohorte 2023 = contrôle",twfe,2,-0.033412686271431326,0.011275054671730874,-0.05551138735174392,-0.01131398519111873,0.003042443114165354,5558,122276,False," ; fenêtre 2003-2024 ; 5558 traitées, 0 jamais traitées sur la fenêtre ; covariables invariantes dans le temps absorbées par les effets fixes unité : log_pop, share_women_1549, level_pre, pretrend_pre ; comparaisons sur la fenêtre identifiée (années < 2023, cohorte 2023 recodée contrôle, 60 unités de contrôle) ; cellules −8 et +8 bornées",event,0.0,5558.0,0.0,0.0,2003.0,2024.0,,,,,,,,,,,,
h2,H2,H2a,"log(naissances+0,5 / 1 000 f. 15-19)","unités avec covariables, bascule 4G ; fenêtre identifiée ≤ 2022, cohorte 2023 = contrôle",twfe,3,-0.05615748944324265,0.014031831665788641,-0.08365937414531706,-0.02865560474116824,6.276958858160597e-05,5558,122276,False," ; fenêtre 2003-2024 ; 5558 traitées, 0 jamais traitées sur la fenêtre ; covariables invariantes dans le temps absorbées par les effets fixes unité : log_pop, share_women_1549, level_pre, pretrend_pre ; comparaisons sur la fenêtre identifiée (années < 2023, cohorte 2023 recodée contrôle, 60 unités de contrôle) ; cellules −8 et +8 bornées",event,0.0,5558.0,0.0,0.0,2003.0,2024.0,,,,,,,,,,,,
h2,H2,H2a,"log(naissances+0,5 / 1 000 f. 15-19)","unités avec covariables, bascule 4G ; fenêtre identifiée ≤ 2022, cohorte 2023 = contrôle",twfe,4,-0.10335339742425817,0.0169687023849624,-0.1366114429631634,-0.07009535188535294,1.123302613697839e-09,5558,122276,False," ; fenêtre 2003-2024 ; 5558 traitées, 0 jamais traitées sur la fenêtre ; covariables invariantes dans le temps absorbées par les effets fixes unité : log_pop, share_women_1549, level_pre, pretrend_pre ; comparaisons sur la fenêtre identifiée (années < 2023, cohorte 2023 recodée contrôle, 60 unités de contrôle) ; cellules −8 et +8 bornées",event,0.0,5558.0,0.0,0.0,2003.0,2024.0,,,,,,,,,,,,
h2,H2,H2a,"log(naissances+0,5 / 1 000 f. 15-19)","unités avec covariables, bascule 4G ; fenêtre identifiée ≤ 2022, cohorte 2023 = contrôle",twfe,5,-0.13762945019467013,0.01943744195974138,-0.17572613638735088,-0.09953276400198938,1.434944191675947e-12,5558,122276,False," ; fenêtre 2003-2024 ; 5558 traitées, 0 jamais traitées sur la fenêtre ; covariables invariantes dans le temps absorbées par les effets fixes unité : log_pop, share_women_1549, level_pre, pretrend_pre ; comparaisons sur la fenêtre identifiée (années < 2023, cohorte 2023 recodée contrôle, 60 unités de contrôle) ; cellules −8 et +8 bornées",event,0.0,5558.0,0.0,0.0,2003.0,2024.0,,,,,,,,,,,,
h2,H2,H2a,"log(naissances+0,5 / 1 000 f. 15-19)","unités avec covariables, bascule 4G ; fenêtre identifiée ≤ 2022, cohorte 2023 = contrôle",twfe,6,-0.1979692431282287,0.022293986186024232,-0.24166465312466967,-0.15427383313178772,6.689688300180949e-19,5558,122276,False," ; fenêtre 2003-2024 ; 5558 traitées, 0 jamais traitées sur la fenêtre ; covariables invariantes dans le temps absorbées par les effets fixes unité : log_pop, share_women_1549, level_pre, pretrend_pre ; comparaisons sur la fenêtre identifiée (années < 2023, cohorte 2023 recodée contrôle, 60 unités de contrôle) ; cellules −8 et +8 bornées",event,0.0,5558.0,0.0,0.0,2003.0,2024.0,,,,,,,,,,,,
h2,H2,H2a,"log(naissances+0,5 / 1 000 f. 15-19)","unités avec covariables, bascule 4G ; fenêtre identifiée ≤ 2022, cohorte 2023 = contrôle",twfe,7,-0.24097897720897954,0.025747933116789187,-0.2914439987942325,-0.19051395562372658,8.037454642738326e-21,5558,122276,False," ; fenêtre 2003-2024 ; 5558 traitées, 0 jamais traitées sur la fenêtre ; covariables invariantes dans le temps absorbées par les effets fixes unité : log_pop, share_women_1549, level_pre, pretrend_pre ; comparaisons sur la fenêtre identifiée (années < 2023, cohorte 2023 recodée contrôle, 60 unités de contrôle) ; cellules −8 et +8 bornées",event,0.0,5558.0,0.0,0.0,2003.0,2024.0,,,,,,,,,,,,
h2,H2,H2a,"log(naissances+0,5 / 1 000 f. 15-19)","unités avec covariables, bascule 4G ; fenêtre identifiée ≤ 2022, cohorte 2023 = contrôle",twfe,8,-0.3076504150926667,0.02877180195052958,-0.364042110686024,-0.25125871949930945,1.1002831155787246e-26,5558,122276,False," ; fenêtre 2003-2024 ; 5558 traitées, 0 jamais traitées sur la fenêtre ; covariables invariantes dans le temps absorbées par les effets fixes unité : log_pop, share_women_1549, level_pre, pretrend_pre ; comparaisons sur la fenêtre identifiée (années < 2023, cohorte 2023 recodée contrôle, 60 unités de contrôle) ; cellules −8 et +8 bornées",event,0.0,5558.0,0.0,0.0,2003.0,2024.0,,,,,,,,,,,,
h2,H2,H2a,"log(naissances+0,5 / 1 000 f. 15-19)","unités avec covariables, bascule 4G ; fenêtre identifiée ≤ 2022, cohorte 2023 = contrôle",twfe,"ATT[1,5]",-0.06814479880812309,0.013100023258739086,-0.09382037259188873,-0.042469225024357446,1.9727856132835041e-07,5558,122276,False," ; fenêtre 2003-2024 ; 5558 traitées, 0 jamais traitées sur la fenêtre ; covariables invariantes dans le temps absorbées par les effets fixes unité : log_pop, share_women_1549, level_pre, pretrend_pre ; comparaisons sur la fenêtre identifiée (années < 2023, cohorte 2023 recodée contrôle, 60 unités de contrôle) ; écart-type avec covariance complète (w'Vw)",post_avg,0.0,5558.0,0.0,0.0,2003.0,2024.0,,,,,,,,,,,,
h2,H2,H2a,"log(naissances+0,5 / 1 000 f. 15-19)","unités avec covariables, bascule 4G ; fenêtre identifiée ≤ 2022, cohorte 2023 = contrôle",twfe,Wald pré (-8..−2),33.16928765661038,,,,2.4621359848843662e-05,5558,122276,False,"test de Wald joint, covariance groupée, df = 7 ; fenêtre 2003-2024 ; 5558 traitées, 0 jamais traitées sur la fenêtre",pre_test,0.0,5558.0,0.0,0.0,2003.0,2024.0,,,,,,,,,,,7.0,
h2,H2,H2a,"log(naissances+0,5 / 1 000 f. 15-19)","unités avec covariables, bascule 4G ; fenêtre identifiée ≤ 2022, cohorte 2023 = contrôle",twfe,ATT,-0.0013053971074842056,0.007097197066169998,-0.015215647748360737,0.012604853533392326,0.8540673028887187,5558,122276,False," ; fenêtre 2003-2024 ; 5558 traitées, 0 jamais traitées sur la fenêtre ; covariables invariantes dans le temps absorbées par les effets fixes unité : log_pop, share_women_1549, level_pre, pretrend_pre ; comparaisons sur la fenêtre identifiée (années < 2023, cohorte 2023 recodée contrôle, 60 unités de contrôle)",static,0.0,5558.0,0.0,0.0,2003.0,2024.0,,,,,,,,,,,,
h2,H2,H2a,"log(naissances+0,5 / 1 000 f. 15-19)","unités avec covariables, bascule 4G ; fenêtre complète",twfe,ATT,0.008406767180864274,0.006832456720480637,-0.004984601917206425,0.021798136278934975,0.21854119432470942,5558,122276,True," ; fenêtre 2003-2024 ; 5558 traitées, 0 jamais traitées sur la fenêtre ; covariables invariantes dans le temps absorbées par les effets fixes unité : log_pop, share_women_1549, level_pre, pretrend_pre ; TWFE sur toutes les années (identification par le calendrier des bascules seulement)",static,0.0,5558.0,0.0,0.0,2003.0,2024.0,,,,,,,,,,,,
h2,H2,H2a,"log(naissances+0,5 / 1 000 f. 15-19)","unités avec covariables, bascule 4G ; fenêtre identifiée ≤ 2022, cohorte 2023 = contrôle",twfe_poisson,ATT (log du taux contrefactuel),0.05062098687513439,0.007276541489564056,0.0363592276235774,0.06488274612669137,3.482436935761332e-12,5558,122276,False," ; fenêtre 2003-2024 ; 5558 traitées, 0 jamais traitées sur la fenêtre ; covariables invariantes dans le temps absorbées par les effets fixes unité : log_pop, share_women_1549, level_pre, pretrend_pre ; comparaisons sur la fenêtre identifiée (années < 2023, cohorte 2023 recodée contrôle, 60 unités de contrôle) ; Poisson à effets fixes, offset = log(women)",static,0.0,5558.0,0.0,0.0,2003.0,2024.0,,,,,,,,,,,,
h2,H2,H2a,"log(naissances+0,5 / 1 000 f. 15-19)","unités avec covariables, bascule 4G ; fenêtre identifiée ≤ 2022, cohorte 2023 = contrôle",twfe_poisson,ATT en % du taux contrefactuel,5.192412466909602,0.765436953702803,3.7028308685836064,6.703390331079895,3.482436935761332e-12,5558,122276,False," ; fenêtre 2003-2024 ; 5558 traitées, 0 jamais traitées sur la fenêtre ; covariables invariantes dans le temps absorbées par les effets fixes unité : log_pop, share_women_1549, level_pre, pretrend_pre ; comparaisons sur la fenêtre identifiée (années < 2023, cohorte 2023 recodée contrôle, 60 unités de contrôle) ; Poisson à effets fixes, offset = log(women)",static,0.0,5558.0,0.0,0.0,2003.0,2024.0,,,,,,,,,,,,
h2,H2,H2a,"log(naissances+0,5 / 1 000 f. 20-24)","unités avec covariables, bascule 4G",cs,-8,0.046180640762283724,0.03083510415762008,-0.014255052846192912,0.10661633437076036,0.13422044035158495,5558,122276,False," ; covariables : log_pop, share_women_1549, level_pre, pretrend_pre (doublement robuste) ; contrôle = not_yet_treated ; fenêtre 2003-2024 ; 5558 traitées, 0 jamais traitées sur la fenêtre ; ATT(g,t) identifiés jusqu'en 2022 (sans unité jamais traitée, la dernière cohorte sert de contrôle)",event,0.0,5558.0,0.0,0.0,2003.0,2024.0,2003.0,2022.0,5558.0,5.0,dr,9.0,5498.0,,,,,
h2,H2,H2a,"log(naissances+0,5 / 1 000 f. 20-24)","unités avec covariables, bascule 4G",cs,-7,0.12281062136344424,0.08196958327299611,-0.03784680967938499,0.2834680524062735,0.1340692813848417,5558,122276,False," ; covariables : log_pop, share_women_1549, level_pre, pretrend_pre (doublement robuste) ; contrôle = not_yet_treated ; fenêtre 2003-2024 ; 5558 traitées, 0 jamais traitées sur la fenêtre ; ATT(g,t) identifiés jusqu'en 2022 (sans unité jamais traitée, la dernière cohorte sert de contrôle)",event,0.0,5558.0,0.0,0.0,2003.0,2024.0,2003.0,2022.0,5558.0,5.0,dr,9.0,5498.0,,,,,
h2,H2,H2a,"log(naissances+0,5 / 1 000 f. 20-24)","unités avec covariables, bascule 4G",cs,-6,0.07814518431310385,0.04883620935871581,-0.017572027171437063,0.1738623957976448,0.10956565671313928,5558,122276,False," ; covariables : log_pop, share_women_1549, level_pre, pretrend_pre (doublement robuste) ; contrôle = not_yet_treated ; fenêtre 2003-2024 ; 5558 traitées, 0 jamais traitées sur la fenêtre ; ATT(g,t) identifiés jusqu'en 2022 (sans unité jamais traitée, la dernière cohorte sert de contrôle)",event,0.0,5558.0,0.0,0.0,2003.0,2024.0,2003.0,2022.0,5558.0,5.0,dr,9.0,5498.0,,,,,
h2,H2,H2a,"log(naissances+0,5 / 1 000 f. 20-24)","unités avec covariables, bascule 4G",cs,-5,0.0238293566404958,0.021062643412164322,-0.0174526658665561,0.06511137914754771,0.2579051103822889,5558,122276,False," ; covariables : log_pop, share_women_1549, level_pre, pretrend_pre (doublement robuste) ; contrôle = not_yet_treated ; fenêtre 2003-2024 ; 5558 traitées, 0 jamais traitées sur la fenêtre ; ATT(g,t) identifiés jusqu'en 2022 (sans unité jamais traitée, la dernière cohorte sert de contrôle)",event,0.0,5558.0,0.0,0.0,2003.0,2024.0,2003.0,2022.0,5558.0,5.0,dr,9.0,5498.0,,,,,
h2,H2,H2a,"log(naissances+0,5 / 1 000 f. 20-24)","unités avec covariables, bascule 4G",cs,-4,0.04145672573238958,0.023679691277405265,-0.004954616336352004,0.08786806780113116,0.07999257612703112,5558,122276,False," ; covariables : log_pop, share_women_1549, level_pre, pretrend_pre (doublement robuste) ; contrôle = not_yet_treated ; fenêtre 2003-2024 ; 5558 traitées, 0 jamais traitées sur la fenêtre ; ATT(g,t) identifiés jusqu'en 2022 (sans unité jamais traitée, la dernière cohorte sert de contrôle)",event,0.0,5558.0,0.0,0.0,2003.0,2024.0,2003.0,2022.0,5558.0,5.0,dr,9.0,5498.0,,,,,
h2,H2,H2a,"log(naissances+0,5 / 1 000 f. 20-24)","unités avec covariables, bascule 4G",cs,-3,-0.021195244698470943,0.019896742497182592,-0.06019214340261636,0.017801654005674475,0.28675736118118433,5558,122276,False," ; covariables : log_pop, share_women_1549, level_pre, pretrend_pre (doublement robuste) ; contrôle = not_yet_treated ; fenêtre 2003-2024 ; 5558 traitées, 0 jamais traitées sur la fenêtre ; ATT(g,t) identifiés jusqu'en 2022 (sans unité jamais traitée, la dernière cohorte sert de contrôle)",event,0.0,5558.0,0.0,0.0,2003.0,2024.0,2003.0,2022.0,5558.0,5.0,dr,9.0,5498.0,,,,,
h2,H2,H2a,"log(naissances+0,5 / 1 000 f. 20-24)","unités avec covariables, bascule 4G",cs,-2,-0.004924817386182882,0.01424678262878249,-0.03284799823416744,0.022998363461801674,0.7295837668006033,5558,122276,False," ; covariables : log_pop, share_women_1549, level_pre, pretrend_pre (doublement robuste) ; contrôle = not_yet_treated ; fenêtre 2003-2024 ; 5558 traitées, 0 jamais traitées sur la fenêtre ; ATT(g,t) identifiés jusqu'en 2022 (sans unité jamais traitée, la dernière cohorte sert de contrôle)",event,0.0,5558.0,0.0,0.0,2003.0,2024.0,2003.0,2022.0,5558.0,5.0,dr,9.0,5498.0,,,,,
h2,H2,H2a,"log(naissances+0,5 / 1 000 f. 20-24)","unités avec covariables, bascule 4G",cs,0,0.003183596490360711,0.008423087912329106,-0.013325352456419009,0.01969254543714043,0.7054597637092417,5558,122276,False," ; covariables : log_pop, share_women_1549, level_pre, pretrend_pre (doublement robuste) ; contrôle = not_yet_treated ; fenêtre 2003-2024 ; 5558 traitées, 0 jamais traitées sur la fenêtre ; ATT(g,t) identifiés jusqu'en 2022 (sans unité jamais traitée, la dernière cohorte sert de contrôle)",event,0.0,5558.0,0.0,0.0,2003.0,2024.0,2003.0,2022.0,5558.0,5.0,dr,9.0,5498.0,,,,,
h2,H2,H2a,"log(naissances+0,5 / 1 000 f. 20-24)","unités avec covariables, bascule 4G",cs,1,0.0036605428689030287,0.026139727389409836,-0.04757238138003546,0.054893467117841516,0.8886303375675713,5558,122276,False," ; covariables : log_pop, share_women_1549, level_pre, pretrend_pre (doublement robuste) ; contrôle = not_yet_treated ; fenêtre 2003-2024 ; 5558 traitées, 0 jamais traitées sur la fenêtre ; ATT(g,t) identifiés jusqu'en 2022 (sans unité jamais traitée, la dernière cohorte sert de contrôle)",event,0.0,5558.0,0.0,0.0,2003.0,2024.0,2003.0,2022.0,5558.0,5.0,dr,8.0,5438.0,,,,,
h2,H2,H2a,"log(naissances+0,5 / 1 000 f. 20-24)","unités avec covariables, bascule 4G",cs,2,0.01567801354399751,0.02705205181102047,-0.037343033713514155,0.06869906080150917,0.5622181962173376,5558,122276,False," ; covariables : log_pop, share_women_1549, level_pre, pretrend_pre (doublement robuste) ; contrôle = not_yet_treated ; fenêtre 2003-2024 ; 5558 traitées, 0 jamais traitées sur la fenêtre ; ATT(g,t) identifiés jusqu'en 2022 (sans unité jamais traitée, la dernière cohorte sert de contrôle)",event,0.0,5558.0,0.0,0.0,2003.0,2024.0,2003.0,2022.0,5558.0,5.0,dr,7.0,5268.0,,,,,
h2,H2,H2a,"log(naissances+0,5 / 1 000 f. 20-24)","unités avec covariables, bascule 4G",cs,3,-0.026489406324212383,0.02407682313966027,-0.0736791125400871,0.020700299891662336,0.27124344359884955,5558,122276,False," ; covariables : log_pop, share_women_1549, level_pre, pretrend_pre (doublement robuste) ; contrôle = not_yet_treated ; fenêtre 2003-2024 ; 5558 traitées, 0 jamais traitées sur la fenêtre ; ATT(g,t) identifiés jusqu'en 2022 (sans unité jamais traitée, la dernière cohorte sert de contrôle)",event,0.0,5558.0,0.0,0.0,2003.0,2024.0,2003.0,2022.0,5558.0,5.0,dr,6.0,4844.0,,,,,
h2,H2,H2a,"log(naissances+0,5 / 1 000 f. 20-24)","unités avec covariables, bascule 4G",cs,4,-0.10007248579633801,0.02818432405870952,-0.15531274588001442,-0.04483222571266159,0.000384290637357546,5558,122276,False," ; covariables : log_pop, share_women_1549, level_pre, pretrend_pre (doublement robuste) ; contrôle = not_yet_treated ; fenêtre 2003-2024 ; 5558 traitées, 0 jamais traitées sur la fenêtre ; ATT(g,t) identifiés jusqu'en 2022 (sans unité jamais traitée, la dernière cohorte sert de contrôle)",event,0.0,5558.0,0.0,0.0,2003.0,2024.0,2003.0,2022.0,5558.0,5.0,dr,5.0,4445.0,,,,,
h2,H2,H2a,"log(naissances+0,5 / 1 000 f. 20-24)","unités avec covariables, bascule 4G",cs,5,-0.1367333981689124,0.05563420394366409,-0.24577443420705025,-0.027692362130774528,0.01398214242382577,5558,122276,False," ; covariables : log_pop, share_women_1549, level_pre, pretrend_pre (doublement robuste) ; contrôle = not_yet_treated ; fenêtre 2003-2024 ; 5558 traitées, 0 jamais traitées sur la fenêtre ; ATT(g,t) identifiés jusqu'en 2022 (sans unité jamais traitée, la dernière cohorte sert de contrôle)",event,0.0,5558.0,0.0,0.0,2003.0,2024.0,2003.0,2022.0,5558.0,5.0,dr,4.0,3767.0,,,,,
h2,H2,H2a,"log(naissances+0,5 / 1 000 f. 20-24)","unités avec covariables, bascule 4G",cs,6,-0.2740742924549834,0.10150374924275384,-0.4730179852665657,-0.07513059964340107,0.006931038716346782,5558,122276,False," ; covariables : log_pop, share_women_1549, level_pre, pretrend_pre (doublement robuste) ; contrôle = not_yet_treated ; fenêtre 2003-2024 ; 5558 traitées, 0 jamais traitées sur la fenêtre ; ATT(g,t) identifiés jusqu'en 2022 (sans unité jamais traitée, la dernière cohorte sert de contrôle)",event,0.0,5558.0,0.0,0.0,2003.0,2024.0,2003.0,2022.0,5558.0,5.0,dr,3.0,1032.0,,,,,
h2,H2,H2a,"log(naissances+0,5 / 1 000 f. 20-24)","unités avec covariables, bascule 4G",cs,7,-0.2677298656314718,0.14850901803518424,-0.5588021923598423,0.023342461096898692,0.0714219491982579,5558,122276,False," ; covariables : log_pop, share_women_1549, level_pre, pretrend_pre (doublement robuste) ; contrôle = not_yet_treated ; fenêtre 2003-2024 ; 5558 traitées, 0 jamais traitées sur la fenêtre ; ATT(g,t) identifiés jusqu'en 2022 (sans unité jamais traitée, la dernière cohorte sert de contrôle)",event,0.0,5558.0,0.0,0.0,2003.0,2024.0,2003.0,2022.0,5558.0,5.0,dr,2.0,481.0,,,,,
h2,H2,H2a,"log(naissances+0,5 / 1 000 f. 20-24)","unités avec covariables, bascule 4G",cs,8,-0.4586191950966821,0.2970449893828519,-1.0408166760751545,0.12357828588179037,0.1226032322847267,5558,122276,False," ; covariables : log_pop, share_women_1549, level_pre, pretrend_pre (doublement robuste) ; contrôle = not_yet_treated ; fenêtre 2003-2024 ; 5558 traitées, 0 jamais traitées sur la fenêtre ; ATT(g,t) identifiés jusqu'en 2022 (sans unité jamais traitée, la dernière cohorte sert de contrôle)",event,0.0,5558.0,0.0,0.0,2003.0,2024.0,2003.0,2022.0,5558.0,5.0,dr,1.0,187.0,,,,,
h2,H2,H2a,"log(naissances+0,5 / 1 000 f. 20-24)","unités avec covariables, bascule 4G",cs,"ATT[1,5]",-0.04879134677531245,0.021859231009610087,-0.09163465228388934,-0.005948041266735558,0.025610297487555972,5558,122276,False," ; covariables : log_pop, share_women_1549, level_pre, pretrend_pre (doublement robuste) ; contrôle = not_yet_treated ; fenêtre 2003-2024 ; 5558 traitées, 0 jamais traitées sur la fenêtre ; ATT(g,t) identifiés jusqu'en 2022 (sans unité jamais traitée, la dernière cohorte sert de contrôle) ; écart-type avec covariance complète des coefficients (fonctions d'influence)",post_avg,0.0,5558.0,0.0,0.0,2003.0,2024.0,2003.0,2022.0,5558.0,5.0,dr,,,,,5.0,,
h2,H2,H2a,"log(naissances+0,5 / 1 000 f. 20-24)","unités avec covariables, bascule 4G",cs,ATT,-0.047338336504909054,0.019588944850302492,-0.0857319629066433,-0.00894471010317481,0.015666898138669942,5558,122276,False," ; covariables : log_pop, share_women_1549, level_pre, pretrend_pre (doublement robuste) ; contrôle = not_yet_treated ; fenêtre 2003-2024 ; 5558 traitées, 0 jamais traitées sur la fenêtre ; ATT(g,t) identifiés jusqu'en 2022 (sans unité jamais traitée, la dernière cohorte sert de contrôle) ; moyenne de tous les ATT(g,t) post",simple,0.0,5558.0,0.0,0.0,2003.0,2024.0,2003.0,2022.0,5558.0,5.0,dr,,,,,,,
h2,H2,H2a,"log(naissances+0,5 / 1 000 f. 20-24)","unités avec covariables, bascule 4G",cs,Wald pré (-8..-2),5.469748651079375,,,,0.6028352216706538,5558,122276,False,"H5c : test de Wald joint de nullité des coefficients pré avec covariance des fonctions d'influence, df = 7 ; fenêtre 2003-2024 ; 5558 traitées, 0 jamais traitées sur la fenêtre",pre_test,0.0,5558.0,0.0,0.0,2003.0,2024.0,2003.0,2022.0,5558.0,5.0,dr,,,,,,7.0,
h2,H2,H2a,"log(naissances+0,5 / 1 000 f. 20-24)","unités avec covariables, bascule 4G ; fenêtre identifiée ≤ 2022, cohorte 2023 = contrôle",sunab,-8,0.03596796049777789,0.052545680014344905,-0.06701967987350424,0.13895560086906,0.4936541731858076,5558,122276,False," ; fenêtre 2003-2024 ; 5558 traitées, 0 jamais traitées sur la fenêtre ; covariables invariantes dans le temps absorbées par les effets fixes unité : log_pop, share_women_1549, level_pre, pretrend_pre ; comparaisons sur la fenêtre identifiée (années < 2023, cohorte 2023 recodée contrôle, 60 unités de contrôle) ; cellules −8 et +8 bornées",event,0.0,5558.0,0.0,0.0,2003.0,2024.0,,,,,,,,,,,,
h2,H2,H2a,"log(naissances+0,5 / 1 000 f. 20-24)","unités avec covariables, bascule 4G ; fenêtre identifiée ≤ 2022, cohorte 2023 = contrôle",sunab,-7,0.03949735341322539,0.050356312492918255,-0.05919920546713877,0.13819391229358954,0.43283034507031104,5558,122276,False," ; fenêtre 2003-2024 ; 5558 traitées, 0 jamais traitées sur la fenêtre ; covariables invariantes dans le temps absorbées par les effets fixes unité : log_pop, share_women_1549, level_pre, pretrend_pre ; comparaisons sur la fenêtre identifiée (années < 2023, cohorte 2023 recodée contrôle, 60 unités de contrôle) ; cellules −8 et +8 bornées",event,0.0,5558.0,0.0,0.0,2003.0,2024.0,,,,,,,,,,,,
h2,H2,H2a,"log(naissances+0,5 / 1 000 f. 20-24)","unités avec covariables, bascule 4G ; fenêtre identifiée ≤ 2022, cohorte 2023 = contrôle",sunab,-6,0.04257522187862055,0.04876415105619705,-0.053000757928196515,0.1381512016854376,0.38261705034509086,5558,122276,False," ; fenêtre 2003-2024 ; 5558 traitées, 0 jamais traitées sur la fenêtre ; covariables invariantes dans le temps absorbées par les effets fixes unité : log_pop, share_women_1549, level_pre, pretrend_pre ; comparaisons sur la fenêtre identifiée (années < 2023, cohorte 2023 recodée contrôle, 60 unités de contrôle) ; cellules −8 et +8 bornées",event,0.0,5558.0,0.0,0.0,2003.0,2024.0,,,,,,,,,,,,
h2,H2,H2a,"log(naissances+0,5 / 1 000 f. 20-24)","unités avec covariables, bascule 4G ; fenêtre identifiée ≤ 2022, cohorte 2023 = contrôle",sunab,-5,0.05988041254736633,0.045933709381026505,-0.03014800351577525,0.14990882861050792,0.19236087347256114,5558,122276,False," ; fenêtre 2003-2024 ; 5558 traitées, 0 jamais traitées sur la fenêtre ; covariables invariantes dans le temps absorbées par les effets fixes unité : log_pop, share_women_1549, level_pre, pretrend_pre ; comparaisons sur la fenêtre identifiée (années < 2023, cohorte 2023 recodée contrôle, 60 unités de contrôle) ; cellules −8 et +8 bornées",event,0.0,5558.0,0.0,0.0,2003.0,2024.0,,,,,,,,,,,,
h2,H2,H2a,"log(naissances+0,5 / 1 000 f. 20-24)","unités avec covariables, bascule 4G ; fenêtre identifiée ≤ 2022, cohorte 2023 = contrôle",sunab,-4,0.048690488900321946,0.041639285181151404,-0.03292101039672719,0.1303019881973711,0.24226660395867938,5558,122276,False," ; fenêtre 2003-2024 ; 5558 traitées, 0 jamais traitées sur la fenêtre ; covariables invariantes dans le temps absorbées par les effets fixes unité : log_pop, share_women_1549, level_pre, pretrend_pre ; comparaisons sur la fenêtre identifiée (années < 2023, cohorte 2023 recodée contrôle, 60 unités de contrôle) ; cellules −8 et +8 bornées",event,0.0,5558.0,0.0,0.0,2003.0,2024.0,,,,,,,,,,,,
h2,H2,H2a,"log(naissances+0,5 / 1 000 f. 20-24)","unités avec covariables, bascule 4G ; fenêtre identifiée ≤ 2022, cohorte 2023 = contrôle",sunab,-3,0.017121804485624767,0.0374055371890476,-0.056191701227282134,0.09043531019853167,0.6471432058707753,5558,122276,False," ; fenêtre 2003-2024 ; 5558 traitées, 0 jamais traitées sur la fenêtre ; covariables invariantes dans le temps absorbées par les effets fixes unité : log_pop, share_women_1549, level_pre, pretrend_pre ; comparaisons sur la fenêtre identifiée (années < 2023, cohorte 2023 recodée contrôle, 60 unités de contrôle) ; cellules −8 et +8 bornées",event,0.0,5558.0,0.0,0.0,2003.0,2024.0,,,,,,,,,,,,
h2,H2,H2a,"log(naissances+0,5 / 1 000 f. 20-24)","unités avec covariables, bascule 4G ; fenêtre identifiée ≤ 2022, cohorte 2023 = contrôle",sunab,-2,-0.01778114836066278,0.028247198342729367,-0.07314463977657185,0.03758234305524628,0.5290324961427456,5558,122276,False," ; fenêtre 2003-2024 ; 5558 traitées, 0 jamais traitées sur la fenêtre ; covariables invariantes dans le temps absorbées par les effets fixes unité : log_pop, share_women_1549, level_pre, pretrend_pre ; comparaisons sur la fenêtre identifiée (années < 2023, cohorte 2023 recodée contrôle, 60 unités de contrôle) ; cellules −8 et +8 bornées",event,0.0,5558.0,0.0,0.0,2003.0,2024.0,,,,,,,,,,,,
h2,H2,H2a,"log(naissances+0,5 / 1 000 f. 20-24)","unités avec covariables, bascule 4G ; fenêtre identifiée ≤ 2022, cohorte 2023 = contrôle",sunab,0,0.006289500167330162,0.01814891697580889,-0.02928172346366286,0.04186072379832318,0.7289297049826085,5558,122276,False," ; fenêtre 2003-2024 ; 5558 traitées, 0 jamais traitées sur la fenêtre ; covariables invariantes dans le temps absorbées par les effets fixes unité : log_pop, share_women_1549, level_pre, pretrend_pre ; comparaisons sur la fenêtre identifiée (années < 2023, cohorte 2023 recodée contrôle, 60 unités de contrôle) ; cellules −8 et +8 bornées",event,0.0,5558.0,0.0,0.0,2003.0,2024.0,,,,,,,,,,,,
h2,H2,H2a,"log(naissances+0,5 / 1 000 f. 20-24)","unités avec covariables, bascule 4G ; fenêtre identifiée ≤ 2022, cohorte 2023 = contrôle",sunab,1,-0.025046769902775642,0.021496852789765177,-0.06717982715167478,0.01708628734612349,0.24396370513200127,5558,122276,False," ; fenêtre 2003-2024 ; 5558 traitées, 0 jamais traitées sur la fenêtre ; covariables invariantes dans le temps absorbées par les effets fixes unité : log_pop, share_women_1549, level_pre, pretrend_pre ; comparaisons sur la fenêtre identifiée (années < 2023, cohorte 2023 recodée contrôle, 60 unités de contrôle) ; cellules −8 et +8 bornées",event,0.0,5558.0,0.0,0.0,2003.0,2024.0,,,,,,,,,,,,
h2,H2,H2a,"log(naissances+0,5 / 1 000 f. 20-24)","unités avec covariables, bascule 4G ; fenêtre identifiée ≤ 2022, cohorte 2023 = contrôle",sunab,2,-0.014453019636318709,0.02560890988908226,-0.06464556070225157,0.035739521429614146,0.5724991851499324,5558,122276,False," ; fenêtre 2003-2024 ; 5558 traitées, 0 jamais traitées sur la fenêtre ; covariables invariantes dans le temps absorbées par les effets fixes unité : log_pop, share_women_1549, level_pre, pretrend_pre ; comparaisons sur la fenêtre identifiée (années < 2023, cohorte 2023 recodée contrôle, 60 unités de contrôle) ; cellules −8 et +8 bornées",event,0.0,5558.0,0.0,0.0,2003.0,2024.0,,,,,,,,,,,,
h2,H2,H2a,"log(naissances+0,5 / 1 000 f. 20-24)","unités avec covariables, bascule 4G ; fenêtre identifiée ≤ 2022, cohorte 2023 = contrôle",sunab,3,-0.012113266809596485,0.03212147081330937,-0.07507019273413737,0.0508436591149444,0.7060932723303202,5558,122276,False," ; fenêtre 2003-2024 ; 5558 traitées, 0 jamais traitées sur la fenêtre ; covariables invariantes dans le temps absorbées par les effets fixes unité : log_pop, share_women_1549, level_pre, pretrend_pre ; comparaisons sur la fenêtre identifiée (années < 2023, cohorte 2023 recodée contrôle, 60 unités de contrôle) ; cellules −8 et +8 bornées",event,0.0,5558.0,0.0,0.0,2003.0,2024.0,,,,,,,,,,,,
h2,H2,H2a,"log(naissances+0,5 / 1 000 f. 20-24)","unités avec covariables, bascule 4G ; fenêtre identifiée ≤ 2022, cohorte 2023 = contrôle",sunab,4,-0.05748036897857377,0.03965947902443565,-0.13521151951208937,0.020250781554941824,0.14724054669347114,5558,122276,False," ; fenêtre 2003-2024 ; 5558 traitées, 0 jamais traitées sur la fenêtre ; covariables invariantes dans le temps absorbées par les effets fixes unité : log_pop, share_women_1549, level_pre, pretrend_pre ; comparaisons sur la fenêtre identifiée (années < 2023, cohorte 2023 recodée contrôle, 60 unités de contrôle) ; cellules −8 et +8 bornées",event,0.0,5558.0,0.0,0.0,2003.0,2024.0,,,,,,,,,,,,
h2,H2,H2a,"log(naissances+0,5 / 1 000 f. 20-24)","unités avec covariables, bascule 4G ; fenêtre identifiée ≤ 2022, cohorte 2023 = contrôle",sunab,5,-0.0821818091658814,0.04307467778297093,-0.16660662626617206,0.0022430079344092496,0.0564052484482775,5558,122276,False," ; fenêtre 2003-2024 ; 5558 traitées, 0 jamais traitées sur la fenêtre ; covariables invariantes dans le temps absorbées par les effets fixes unité : log_pop, share_women_1549, level_pre, pretrend_pre ; comparaisons sur la fenêtre identifiée (années < 2023, cohorte 2023 recodée contrôle, 60 unités de contrôle) ; cellules −8 et +8 bornées",event,0.0,5558.0,0.0,0.0,2003.0,2024.0,,,,,,,,,,,,
h2,H2,H2a,"log(naissances+0,5 / 1 000 f. 20-24)","unités avec covariables, bascule 4G ; fenêtre identifiée ≤ 2022, cohorte 2023 = contrôle",sunab,6,-0.10213934348159376,0.04930143987224454,-0.19876839001716007,-0.005510296946027449,0.0382904927127788,5558,122276,False," ; fenêtre 2003-2024 ; 5558 traitées, 0 jamais traitées sur la fenêtre ; covariables invariantes dans le temps absorbées par les effets fixes unité : log_pop, share_women_1549, level_pre, pretrend_pre ; comparaisons sur la fenêtre identifiée (années < 2023, cohorte 2023 recodée contrôle, 60 unités de contrôle) ; cellules −8 et +8 bornées",event,0.0,5558.0,0.0,0.0,2003.0,2024.0,,,,,,,,,,,,
h2,H2,H2a,"log(naissances+0,5 / 1 000 f. 20-24)","unités avec covariables, bascule 4G ; fenêtre identifiée ≤ 2022, cohorte 2023 = contrôle",sunab,7,-0.1963150735196699,0.059495939441494554,-0.3129249720513753,-0.07970517498796448,0.0009680955383586729,5558,122276,False," ; fenêtre 2003-2024 ; 5558 traitées, 0 jamais traitées sur la fenêtre ; covariables invariantes dans le temps absorbées par les effets fixes unité : log_pop, share_women_1549, level_pre, pretrend_pre ; comparaisons sur la fenêtre identifiée (années < 2023, cohorte 2023 recodée contrôle, 60 unités de contrôle) ; cellules −8 et +8 bornées",event,0.0,5558.0,0.0,0.0,2003.0,2024.0,,,,,,,,,,,,
h2,H2,H2a,"log(naissances+0,5 / 1 000 f. 20-24)","unités avec covariables, bascule 4G ; fenêtre identifiée ≤ 2022, cohorte 2023 = contrôle",sunab,8,-0.28544470025441626,0.06980639940119644,-0.42226272897117967,-0.14862667153765283,4.330674599121961e-05,5558,122276,False," ; fenêtre 2003-2024 ; 5558 traitées, 0 jamais traitées sur la fenêtre ; covariables invariantes dans le temps absorbées par les effets fixes unité : log_pop, share_women_1549, level_pre, pretrend_pre ; comparaisons sur la fenêtre identifiée (années < 2023, cohorte 2023 recodée contrôle, 60 unités de contrôle) ; cellules −8 et +8 bornées",event,0.0,5558.0,0.0,0.0,2003.0,2024.0,,,,,,,,,,,,
h2,H2,H2a,"log(naissances+0,5 / 1 000 f. 20-24)","unités avec covariables, bascule 4G ; fenêtre identifiée ≤ 2022, cohorte 2023 = contrôle",sunab,"ATT[1,5]",-0.0382550468986292,0.027007466775681634,-0.0911887090926273,0.014678615295368902,0.15664032036422934,5558,122276,False," ; fenêtre 2003-2024 ; 5558 traitées, 0 jamais traitées sur la fenêtre ; covariables invariantes dans le temps absorbées par les effets fixes unité : log_pop, share_women_1549, level_pre, pretrend_pre ; comparaisons sur la fenêtre identifiée (années < 2023, cohorte 2023 recodée contrôle, 60 unités de contrôle) ; écart-type avec covariance complète (w'Vw)",post_avg,0.0,5558.0,0.0,0.0,2003.0,2024.0,,,,,,,,,,,,
h2,H2,H2a,"log(naissances+0,5 / 1 000 f. 20-24)","unités avec covariables, bascule 4G ; fenêtre identifiée ≤ 2022, cohorte 2023 = contrôle",sunab,Wald pré (-8..−2),16.702729351366436,,,,0.019416942937371458,5558,122276,False,"test de Wald joint, covariance groupée, df = 7 ; fenêtre 2003-2024 ; 5558 traitées, 0 jamais traitées sur la fenêtre",pre_test,0.0,5558.0,0.0,0.0,2003.0,2024.0,,,,,,,,,,,7.0,
h2,H2,H2a,"log(naissances+0,5 / 1 000 f. 20-24)","unités avec covariables, bascule 4G ; fenêtre identifiée ≤ 2022, cohorte 2023 = contrôle",did2s,-8,-0.0004946296918180461,0.0006356407538483632,-0.0017404626764667278,0.0007512032928306356,0.4364751742492615,5558,122276,False," ; fenêtre 2003-2024 ; 5558 traitées, 0 jamais traitées sur la fenêtre ; covariables invariantes dans le temps absorbées par les effets fixes unité : log_pop, share_women_1549, level_pre, pretrend_pre ; comparaisons sur la fenêtre identifiée (années < 2023, cohorte 2023 recodée contrôle, 60 unités de contrôle) ; cellules −8 et +8 bornées ; did2s en deux étapes implémenté directement (pyfixest.did2s dépasse la mémoire au-delà de 5 000 unités), écarts-types par bootstrap par grappes (50 tirages, grappe = unit)",event,0.0,5558.0,0.0,0.0,2003.0,2024.0,,,,,,,,,,,,
h2,H2,H2a,"log(naissances+0,5 / 1 000 f. 20-24)","unités avec covariables, bascule 4G ; fenêtre identifiée ≤ 2022, cohorte 2023 = contrôle",did2s,-7,-0.008529860654951198,0.0029639555066047034,-0.014339106699675586,-0.002720614610226809,0.004003777900302972,5558,122276,False," ; fenêtre 2003-2024 ; 5558 traitées, 0 jamais traitées sur la fenêtre ; covariables invariantes dans le temps absorbées par les effets fixes unité : log_pop, share_women_1549, level_pre, pretrend_pre ; comparaisons sur la fenêtre identifiée (années < 2023, cohorte 2023 recodée contrôle, 60 unités de contrôle) ; cellules −8 et +8 bornées ; did2s en deux étapes implémenté directement (pyfixest.did2s dépasse la mémoire au-delà de 5 000 unités), écarts-types par bootstrap par grappes (50 tirages, grappe = unit)",event,0.0,5558.0,0.0,0.0,2003.0,2024.0,,,,,,,,,,,,
h2,H2,H2a,"log(naissances+0,5 / 1 000 f. 20-24)","unités avec covariables, bascule 4G ; fenêtre identifiée ≤ 2022, cohorte 2023 = contrôle",did2s,-6,-0.010241444972003758,0.003178046348905288,-0.016470301357057137,-0.004012588586950379,0.001270505632304696,5558,122276,False," ; fenêtre 2003-2024 ; 5558 traitées, 0 jamais traitées sur la fenêtre ; covariables invariantes dans le temps absorbées par les effets fixes unité : log_pop, share_women_1549, level_pre, pretrend_pre ; comparaisons sur la fenêtre identifiée (années < 2023, cohorte 2023 recodée contrôle, 60 unités de contrôle) ; cellules −8 et +8 bornées ; did2s en deux étapes implémenté directement (pyfixest.did2s dépasse la mémoire au-delà de 5 000 unités), écarts-types par bootstrap par grappes (50 tirages, grappe = unit)",event,0.0,5558.0,0.0,0.0,2003.0,2024.0,,,,,,,,,,,,
h2,H2,H2a,"log(naissances+0,5 / 1 000 f. 20-24)","unités avec covariables, bascule 4G ; fenêtre identifiée ≤ 2022, cohorte 2023 = contrôle",did2s,-5,-0.009994982515412245,0.0032223376641933674,-0.016310648283258167,-0.0036793167475663224,0.0019236085939380828,5558,122276,False," ; fenêtre 2003-2024 ; 5558 traitées, 0 jamais traitées sur la fenêtre ; covariables invariantes dans le temps absorbées par les effets fixes unité : log_pop, share_women_1549, level_pre, pretrend_pre ; comparaisons sur la fenêtre identifiée (années < 2023, cohorte 2023 recodée contrôle, 60 unités de contrôle) ; cellules −8 et +8 bornées ; did2s en deux étapes implémenté directement (pyfixest.did2s dépasse la mémoire au-delà de 5 000 unités), écarts-types par bootstrap par grappes (50 tirages, grappe = unit)",event,0.0,5558.0,0.0,0.0,2003.0,2024.0,,,,,,,,,,,,
h2,H2,H2a,"log(naissances+0,5 / 1 000 f. 20-24)","unités avec covariables, bascule 4G ; fenêtre identifiée ≤ 2022, cohorte 2023 = contrôle",did2s,-4,-0.0037777619311383016,0.0031582405078562537,-0.009967799581052048,0.002412275718775445,0.23163400777315468,5558,122276,False," ; fenêtre 2003-2024 ; 5558 traitées, 0 jamais traitées sur la fenêtre ; covariables invariantes dans le temps absorbées par les effets fixes unité : log_pop, share_women_1549, level_pre, pretrend_pre ; comparaisons sur la fenêtre identifiée (années < 2023, cohorte 2023 recodée contrôle, 60 unités de contrôle) ; cellules −8 et +8 bornées ; did2s en deux étapes implémenté directement (pyfixest.did2s dépasse la mémoire au-delà de 5 000 unités), écarts-types par bootstrap par grappes (50 tirages, grappe = unit)",event,0.0,5558.0,0.0,0.0,2003.0,2024.0,,,,,,,,,,,,
h2,H2,H2a,"log(naissances+0,5 / 1 000 f. 20-24)","unités avec covariables, bascule 4G ; fenêtre identifiée ≤ 2022, cohorte 2023 = contrôle",did2s,-3,0.0034737766781595177,0.0031098181974908274,-0.0026213549873897726,0.009568908343708809,0.2639792356833386,5558,122276,False," ; fenêtre 2003-2024 ; 5558 traitées, 0 jamais traitées sur la fenêtre ; covariables invariantes dans le temps absorbées par les effets fixes unité : log_pop, share_women_1549, level_pre, pretrend_pre ; comparaisons sur la fenêtre identifiée (années < 2023, cohorte 2023 recodée contrôle, 60 unités de contrôle) ; cellules −8 et +8 bornées ; did2s en deux étapes implémenté directement (pyfixest.did2s dépasse la mémoire au-delà de 5 000 unités), écarts-types par bootstrap par grappes (50 tirages, grappe = unit)",event,0.0,5558.0,0.0,0.0,2003.0,2024.0,,,,,,,,,,,,
h2,H2,H2a,"log(naissances+0,5 / 1 000 f. 20-24)","unités avec covariables, bascule 4G ; fenêtre identifiée ≤ 2022, cohorte 2023 = contrôle",did2s,-2,0.014702020944768685,0.002623707418344514,0.009559648898842872,0.019844392990694498,2.100307999898501e-08,5558,122276,False," ; fenêtre 2003-2024 ; 5558 traitées, 0 jamais traitées sur la fenêtre ; covariables invariantes dans le temps absorbées par les effets fixes unité : log_pop, share_women_1549, level_pre, pretrend_pre ; comparaisons sur la fenêtre identifiée (années < 2023, cohorte 2023 recodée contrôle, 60 unités de contrôle) ; cellules −8 et +8 bornées ; did2s en deux étapes implémenté directement (pyfixest.did2s dépasse la mémoire au-delà de 5 000 unités), écarts-types par bootstrap par grappes (50 tirages, grappe = unit)",event,0.0,5558.0,0.0,0.0,2003.0,2024.0,,,,,,,,,,,,
h2,H2,H2a,"log(naissances+0,5 / 1 000 f. 20-24)","unités avec covariables, bascule 4G ; fenêtre identifiée ≤ 2022, cohorte 2023 = contrôle",did2s,0,0.019056251362006192,0.007355420212124929,0.004639892655083366,0.033472610068929015,0.009575960254140706,5558,122276,False," ; fenêtre 2003-2024 ; 5558 traitées, 0 jamais traitées sur la fenêtre ; covariables invariantes dans le temps absorbées par les effets fixes unité : log_pop, share_women_1549, level_pre, pretrend_pre ; comparaisons sur la fenêtre identifiée (années < 2023, cohorte 2023 recodée contrôle, 60 unités de contrôle) ; cellules −8 et +8 bornées ; did2s en deux étapes implémenté directement (pyfixest.did2s dépasse la mémoire au-delà de 5 000 unités), écarts-types par bootstrap par grappes (50 tirages, grappe = unit)",event,0.0,5558.0,0.0,0.0,2003.0,2024.0,,,,,,,,,,,,
h2,H2,H2a,"log(naissances+0,5 / 1 000 f. 20-24)","unités avec covariables, bascule 4G ; fenêtre identifiée ≤ 2022, cohorte 2023 = contrôle",did2s,1,0.004750577577550732,0.00842485015213224,-0.011761825295775255,0.02126298045087672,0.5728379773528278,5558,122276,False," ; fenêtre 2003-2024 ; 5558 traitées, 0 jamais traitées sur la fenêtre ; covariables invariantes dans le temps absorbées par les effets fixes unité : log_pop, share_women_1549, level_pre, pretrend_pre ; comparaisons sur la fenêtre identifiée (années < 2023, cohorte 2023 recodée contrôle, 60 unités de contrôle) ; cellules −8 et +8 bornées ; did2s en deux étapes implémenté directement (pyfixest.did2s dépasse la mémoire au-delà de 5 000 unités), écarts-types par bootstrap par grappes (50 tirages, grappe = unit)",event,0.0,5558.0,0.0,0.0,2003.0,2024.0,,,,,,,,,,,,
h2,H2,H2a,"log(naissances+0,5 / 1 000 f. 20-24)","unités avec covariables, bascule 4G ; fenêtre identifiée ≤ 2022, cohorte 2023 = contrôle",did2s,2,0.0012078409738384172,0.013884992934281967,-0.026006245102947363,0.0284219270506242,0.9306802944188723,5558,122276,False," ; fenêtre 2003-2024 ; 5558 traitées, 0 jamais traitées sur la fenêtre ; covariables invariantes dans le temps absorbées par les effets fixes unité : log_pop, share_women_1549, level_pre, pretrend_pre ; comparaisons sur la fenêtre identifiée (années < 2023, cohorte 2023 recodée contrôle, 60 unités de contrôle) ; cellules −8 et +8 bornées ; did2s en deux étapes implémenté directement (pyfixest.did2s dépasse la mémoire au-delà de 5 000 unités), écarts-types par bootstrap par grappes (50 tirages, grappe = unit)",event,0.0,5558.0,0.0,0.0,2003.0,2024.0,,,,,,,,,,,,
h2,H2,H2a,"log(naissances+0,5 / 1 000 f. 20-24)","unités avec covariables, bascule 4G ; fenêtre identifiée ≤ 2022, cohorte 2023 = contrôle",did2s,3,-0.006553670550020433,0.016563828142882903,-0.03901817715618189,0.025910836056141025,0.6923546959818089,5558,122276,False," ; fenêtre 2003-2024 ; 5558 traitées, 0 jamais traitées sur la fenêtre ; covariables invariantes dans le temps absorbées par les effets fixes unité : log_pop, share_women_1549, level_pre, pretrend_pre ; comparaisons sur la fenêtre identifiée (années < 2023, cohorte 2023 recodée contrôle, 60 unités de contrôle) ; cellules −8 et +8 bornées ; did2s en deux étapes implémenté directement (pyfixest.did2s dépasse la mémoire au-delà de 5 000 unités), écarts-types par bootstrap par grappes (50 tirages, grappe = unit)",event,0.0,5558.0,0.0,0.0,2003.0,2024.0,,,,,,,,,,,,
h2,H2,H2a,"log(naissances+0,5 / 1 000 f. 20-24)","unités avec covariables, bascule 4G ; fenêtre identifiée ≤ 2022, cohorte 2023 = contrôle",did2s,4,-0.0411142495835191,0.02708112134798434,-0.0941922720865272,0.011963772919489003,0.12896686168452529,5558,122276,False," ; fenêtre 2003-2024 ; 5558 traitées, 0 jamais traitées sur la fenêtre ; covariables invariantes dans le temps absorbées par les effets fixes unité : log_pop, share_women_1549, level_pre, pretrend_pre ; comparaisons sur la fenêtre identifiée (années < 2023, cohorte 2023 recodée contrôle, 60 unités de contrôle) ; cellules −8 et +8 bornées ; did2s en deux étapes implémenté directement (pyfixest.did2s dépasse la mémoire au-delà de 5 000 unités), écarts-types par bootstrap par grappes (50 tirages, grappe = unit)",event,0.0,5558.0,0.0,0.0,2003.0,2024.0,,,,,,,,,,,,
h2,H2,H2a,"log(naissances+0,5 / 1 000 f. 20-24)","unités avec covariables, bascule 4G ; fenêtre identifiée ≤ 2022, cohorte 2023 = contrôle",did2s,5,-0.0881359979609979,0.042568574542749496,-0.1715688709379955,-0.004703124984000287,0.03841045931470711,5558,122276,False," ; fenêtre 2003-2024 ; 5558 traitées, 0 jamais traitées sur la fenêtre ; covariables invariantes dans le temps absorbées par les effets fixes unité : log_pop, share_women_1549, level_pre, pretrend_pre ; comparaisons sur la fenêtre identifiée (années < 2023, cohorte 2023 recodée contrôle, 60 unités de contrôle) ; cellules −8 et +8 bornées ; did2s en deux étapes implémenté directement (pyfixest.did2s dépasse la mémoire au-delà de 5 000 unités), écarts-types par bootstrap par grappes (50 tirages, grappe = unit)",event,0.0,5558.0,0.0,0.0,2003.0,2024.0,,,,,,,,,,,,
h2,H2,H2a,"log(naissances+0,5 / 1 000 f. 20-24)","unités avec covariables, bascule 4G ; fenêtre identifiée ≤ 2022, cohorte 2023 = contrôle",did2s,6,-0.06548054378939555,0.03680480413762265,-0.1376166343571867,0.00665554677839561,0.07521839517964816,5558,122276,False," ; fenêtre 2003-2024 ; 5558 traitées, 0 jamais traitées sur la fenêtre ; covariables invariantes dans le temps absorbées par les effets fixes unité : log_pop, share_women_1549, level_pre, pretrend_pre ; comparaisons sur la fenêtre identifiée (années < 2023, cohorte 2023 recodée contrôle, 60 unités de contrôle) ; cellules −8 et +8 bornées ; did2s en deux étapes implémenté directement (pyfixest.did2s dépasse la mémoire au-delà de 5 000 unités), écarts-types par bootstrap par grappes (50 tirages, grappe = unit)",event,0.0,5558.0,0.0,0.0,2003.0,2024.0,,,,,,,,,,,,
h2,H2,H2a,"log(naissances+0,5 / 1 000 f. 20-24)","unités avec covariables, bascule 4G ; fenêtre identifiée ≤ 2022, cohorte 2023 = contrôle",did2s,7,-0.07306214264983513,0.043869897849541664,-0.15904556244038795,0.012921277140717696,0.0958274588091282,5558,122276,False," ; fenêtre 2003-2024 ; 5558 traitées, 0 jamais traitées sur la fenêtre ; covariables invariantes dans le temps absorbées par les effets fixes unité : log_pop, share_women_1549, level_pre, pretrend_pre ; comparaisons sur la fenêtre identifiée (années < 2023, cohorte 2023 recodée contrôle, 60 unités de contrôle) ; cellules −8 et +8 bornées ; did2s en deux étapes implémenté directement (pyfixest.did2s dépasse la mémoire au-delà de 5 000 unités), écarts-types par bootstrap par grappes (50 tirages, grappe = unit)",event,0.0,5558.0,0.0,0.0,2003.0,2024.0,,,,,,,,,,,,
h2,H2,H2a,"log(naissances+0,5 / 1 000 f. 20-24)","unités avec covariables, bascule 4G ; fenêtre identifiée ≤ 2022, cohorte 2023 = contrôle",did2s,8,-0.13138045072696367,0.055936135416671744,-0.24101326157799566,-0.021747639875931674,0.01883613993498622,5558,122276,False," ; fenêtre 2003-2024 ; 5558 traitées, 0 jamais traitées sur la fenêtre ; covariables invariantes dans le temps absorbées par les effets fixes unité : log_pop, share_women_1549, level_pre, pretrend_pre ; comparaisons sur la fenêtre identifiée (années < 2023, cohorte 2023 recodée contrôle, 60 unités de contrôle) ; cellules −8 et +8 bornées ; did2s en deux étapes implémenté directement (pyfixest.did2s dépasse la mémoire au-delà de 5 000 unités), écarts-types par bootstrap par grappes (50 tirages, grappe = unit)",event,0.0,5558.0,0.0,0.0,2003.0,2024.0,,,,,,,,,,,,
h2,H2,H2a,"log(naissances+0,5 / 1 000 f. 20-24)","unités avec covariables, bascule 4G ; fenêtre identifiée ≤ 2022, cohorte 2023 = contrôle",did2s,"ATT[1,5]",-0.02596909990862966,0.019005962623535558,-0.06322010214227375,0.011281902325014428,0.17182413497122728,5558,122276,False," ; fenêtre 2003-2024 ; 5558 traitées, 0 jamais traitées sur la fenêtre ; covariables invariantes dans le temps absorbées par les effets fixes unité : log_pop, share_women_1549, level_pre, pretrend_pre ; comparaisons sur la fenêtre identifiée (années < 2023, cohorte 2023 recodée contrôle, 60 unités de contrôle) ; écart-type avec covariance complète (w'Vw)",post_avg,0.0,5558.0,0.0,0.0,2003.0,2024.0,,,,,,,,,,,,
h2,H2,H2a,"log(naissances+0,5 / 1 000 f. 20-24)","unités avec covariables, bascule 4G ; fenêtre identifiée ≤ 2022, cohorte 2023 = contrôle",did2s,Wald pré (-8..−2),91.33983398962731,,,,6.564471407491186e-17,5558,122276,False,"test de Wald joint, covariance groupée, df = 7 ; fenêtre 2003-2024 ; 5558 traitées, 0 jamais traitées sur la fenêtre",pre_test,0.0,5558.0,0.0,0.0,2003.0,2024.0,,,,,,,,,,,7.0,
h2,H2,H2a,"log(naissances+0,5 / 1 000 f. 20-24)","unités avec covariables, bascule 4G ; fenêtre identifiée ≤ 2022, cohorte 2023 = contrôle",twfe,-8,-0.11160305125969194,0.02136351363628499,-0.15347476857004086,-0.06973133394934303,1.7509629744711252e-07,5558,122276,False," ; fenêtre 2003-2024 ; 5558 traitées, 0 jamais traitées sur la fenêtre ; covariables invariantes dans le temps absorbées par les effets fixes unité : log_pop, share_women_1549, level_pre, pretrend_pre ; comparaisons sur la fenêtre identifiée (années < 2023, cohorte 2023 recodée contrôle, 60 unités de contrôle) ; cellules −8 et +8 bornées",event,0.0,5558.0,0.0,0.0,2003.0,2024.0,,,,,,,,,,,,
h2,H2,H2a,"log(naissances+0,5 / 1 000 f. 20-24)","unités avec covariables, bascule 4G ; fenêtre identifiée ≤ 2022, cohorte 2023 = contrôle",twfe,-7,-0.1070488714676417,0.017435275822871688,-0.14122138414099217,-0.07287635879429125,8.263245402866069e-10,5558,122276,False," ; fenêtre 2003-2024 ; 5558 traitées, 0 jamais traitées sur la fenêtre ; covariables invariantes dans le temps absorbées par les effets fixes unité : log_pop, share_women_1549, level_pre, pretrend_pre ; comparaisons sur la fenêtre identifiée (années < 2023, cohorte 2023 recodée contrôle, 60 unités de contrôle) ; cellules −8 et +8 bornées",event,0.0,5558.0,0.0,0.0,2003.0,2024.0,,,,,,,,,,,,
h2,H2,H2a,"log(naissances+0,5 / 1 000 f. 20-24)","unités avec covariables, bascule 4G ; fenêtre identifiée ≤ 2022, cohorte 2023 = contrôle",twfe,-6,-0.10023306249814519,0.015208645089852176,-0.13004145912790738,-0.07042466586838299,4.382532540469206e-11,5558,122276,False," ; fenêtre 2003-2024 ; 5558 traitées, 0 jamais traitées sur la fenêtre ; covariables invariantes dans le temps absorbées par les effets fixes unité : log_pop, share_women_1549, level_pre, pretrend_pre ; comparaisons sur la fenêtre identifiée (années < 2023, cohorte 2023 recodée contrôle, 60 unités de contrôle) ; cellules −8 et +8 bornées",event,0.0,5558.0,0.0,0.0,2003.0,2024.0,,,,,,,,,,,,
h2,H2,H2a,"log(naissances+0,5 / 1 000 f. 20-24)","unités avec covariables, bascule 4G ; fenêtre identifiée ≤ 2022, cohorte 2023 = contrôle",twfe,-5,-0.08828131815008798,0.012817856816524083,-0.11340385586946641,-0.06315878043070955,5.683340334253458e-12,5558,122276,False," ; fenêtre 2003-2024 ; 5558 traitées, 0 jamais traitées sur la fenêtre ; covariables invariantes dans le temps absorbées par les effets fixes unité : log_pop, share_women_1549, level_pre, pretrend_pre ; comparaisons sur la fenêtre identifiée (années < 2023, cohorte 2023 recodée contrôle, 60 unités de contrôle) ; cellules −8 et +8 bornées",event,0.0,5558.0,0.0,0.0,2003.0,2024.0,,,,,,,,,,,,
h2,H2,H2a,"log(naissances+0,5 / 1 000 f. 20-24)","unités avec covariables, bascule 4G ; fenêtre identifiée ≤ 2022, cohorte 2023 = contrôle",twfe,-4,-0.06701923496110394,0.010357801871154626,-0.08732015358756859,-0.0467183163346393,9.773671920414175e-11,5558,122276,False," ; fenêtre 2003-2024 ; 5558 traitées, 0 jamais traitées sur la fenêtre ; covariables invariantes dans le temps absorbées par les effets fixes unité : log_pop, share_women_1549, level_pre, pretrend_pre ; comparaisons sur la fenêtre identifiée (années < 2023, cohorte 2023 recodée contrôle, 60 unités de contrôle) ; cellules −8 et +8 bornées",event,0.0,5558.0,0.0,0.0,2003.0,2024.0,,,,,,,,,,,,
h2,H2,H2a,"log(naissances+0,5 / 1 000 f. 20-24)","unités avec covariables, bascule 4G ; fenêtre identifiée ≤ 2022, cohorte 2023 = contrôle",twfe,-3,-0.0443843668723043,0.007933842524169392,-0.059934412478688665,-0.02883432126591994,2.215021220391362e-08,5558,122276,False," ; fenêtre 2003-2024 ; 5558 traitées, 0 jamais traitées sur la fenêtre ; covariables invariantes dans le temps absorbées par les effets fixes unité : log_pop, share_women_1549, level_pre, pretrend_pre ; comparaisons sur la fenêtre identifiée (années < 2023, cohorte 2023 recodée contrôle, 60 unités de contrôle) ; cellules −8 et +8 bornées",event,0.0,5558.0,0.0,0.0,2003.0,2024.0,,,,,,,,,,,,
h2,H2,H2a,"log(naissances+0,5 / 1 000 f. 20-24)","unités avec covariables, bascule 4G ; fenêtre identifiée ≤ 2022, cohorte 2023 = contrôle",twfe,-2,-0.01731626395290773,0.005808912785356535,-0.028701523801540788,-0.005931004104274672,0.0028732576142492393,5558,122276,False," ; fenêtre 2003-2024 ; 5558 traitées, 0 jamais traitées sur la fenêtre ; covariables invariantes dans le temps absorbées par les effets fixes unité : log_pop, share_women_1549, level_pre, pretrend_pre ; comparaisons sur la fenêtre identifiée (années < 2023, cohorte 2023 recodée contrôle, 60 unités de contrôle) ; cellules −8 et +8 bornées",event,0.0,5558.0,0.0,0.0,2003.0,2024.0,,,,,,,,,,,,
h2,H2,H2a,"log(naissances+0,5 / 1 000 f. 20-24)","unités avec covariables, bascule 4G ; fenêtre identifiée ≤ 2022, cohorte 2023 = contrôle",twfe,0,0.016171415246865353,0.005716650620404826,0.004966985918673339,0.027375844575057366,0.004671895565877092,5558,122276,False," ; fenêtre 2003-2024 ; 5558 traitées, 0 jamais traitées sur la fenêtre ; covariables invariantes dans le temps absorbées par les effets fixes unité : log_pop, share_women_1549, level_pre, pretrend_pre ; comparaisons sur la fenêtre identifiée (années < 2023, cohorte 2023 recodée contrôle, 60 unités de contrôle) ; cellules −8 et +8 bornées",event,0.0,5558.0,0.0,0.0,2003.0,2024.0,,,,,,,,,,,,
h2,H2,H2a,"log(naissances+0,5 / 1 000 f. 20-24)","unités avec covariables, bascule 4G ; fenêtre identifiée ≤ 2022, cohorte 2023 = contrôle",twfe,1,0.021193684299071678,0.007658411709999178,0.006183473168693481,0.03620389542944988,0.005651000153599386,5558,122276,False," ; fenêtre 2003-2024 ; 5558 traitées, 0 jamais traitées sur la fenêtre ; covariables invariantes dans le temps absorbées par les effets fixes unité : log_pop, share_women_1549, level_pre, pretrend_pre ; comparaisons sur la fenêtre identifiée (années < 2023, cohorte 2023 recodée contrôle, 60 unités de contrôle) ; cellules −8 et +8 bornées",event,0.0,5558.0,0.0,0.0,2003.0,2024.0,,,,,,,,,,,,
h2,H2,H2a,"log(naissances+0,5 / 1 000 f. 20-24)","unités avec covariables, bascule 4G ; fenêtre identifiée ≤ 2022, cohorte 2023 = contrôle",twfe,2,0.027673788533285518,0.010097880603299636,0.007882306230632637,0.0474652708359384,0.006133567530303189,5558,122276,False," ; fenêtre 2003-2024 ; 5558 traitées, 0 jamais traitées sur la fenêtre ; covariables invariantes dans le temps absorbées par les effets fixes unité : log_pop, share_women_1549, level_pre, pretrend_pre ; comparaisons sur la fenêtre identifiée (années < 2023, cohorte 2023 recodée contrôle, 60 unités de contrôle) ; cellules −8 et +8 bornées",event,0.0,5558.0,0.0,0.0,2003.0,2024.0,,,,,,,,,,,,
h2,H2,H2a,"log(naissances+0,5 / 1 000 f. 20-24)","unités avec covariables, bascule 4G ; fenêtre identifiée ≤ 2022, cohorte 2023 = contrôle",twfe,3,0.034425719862237164,0.012728980787804961,0.009477375958237156,0.059374063766237176,0.006840417501446319,5558,122276,False," ; fenêtre 2003-2024 ; 5558 traitées, 0 jamais traitées sur la fenêtre ; covariables invariantes dans le temps absorbées par les effets fixes unité : log_pop, share_women_1549, level_pre, pretrend_pre ; comparaisons sur la fenêtre identifiée (années < 2023, cohorte 2023 recodée contrôle, 60 unités de contrôle) ; cellules −8 et +8 bornées",event,0.0,5558.0,0.0,0.0,2003.0,2024.0,,,,,,,,,,,,
h2,H2,H2a,"log(naissances+0,5 / 1 000 f. 20-24)","unités avec covariables, bascule 4G ; fenêtre identifiée ≤ 2022, cohorte 2023 = contrôle",twfe,4,0.028918962798009408,0.015490534508093115,-0.0014419269391279799,0.059279852535146796,0.061918403882755255,5558,122276,False," ; fenêtre 2003-2024 ; 5558 traitées, 0 jamais traitées sur la fenêtre ; covariables invariantes dans le temps absorbées par les effets fixes unité : log_pop, share_women_1549, level_pre, pretrend_pre ; comparaisons sur la fenêtre identifiée (années < 2023, cohorte 2023 recodée contrôle, 60 unités de contrôle) ; cellules −8 et +8 bornées",event,0.0,5558.0,0.0,0.0,2003.0,2024.0,,,,,,,,,,,,
h2,H2,H2a,"log(naissances+0,5 / 1 000 f. 20-24)","unités avec covariables, bascule 4G ; fenêtre identifiée ≤ 2022, cohorte 2023 = contrôle",twfe,5,0.026783761500071324,0.018003019968963856,-0.008501509252053233,0.062069032252195885,0.13682022802585864,5558,122276,False," ; fenêtre 2003-2024 ; 5558 traitées, 0 jamais traitées sur la fenêtre ; covariables invariantes dans le temps absorbées par les effets fixes unité : log_pop, share_women_1549, level_pre, pretrend_pre ; comparaisons sur la fenêtre identifiée (années < 2023, cohorte 2023 recodée contrôle, 60 unités de contrôle) ; cellules −8 et +8 bornées",event,0.0,5558.0,0.0,0.0,2003.0,2024.0,,,,,,,,,,,,
h2,H2,H2a,"log(naissances+0,5 / 1 000 f. 20-24)","unités avec covariables, bascule 4G ; fenêtre identifiée ≤ 2022, cohorte 2023 = contrôle",twfe,6,0.03678614892581158,0.02029349534604751,-0.002988371072872739,0.0765606689244959,0.06987711660510842,5558,122276,False," ; fenêtre 2003-2024 ; 5558 traitées, 0 jamais traitées sur la fenêtre ; covariables invariantes dans le temps absorbées par les effets fixes unité : log_pop, share_women_1549, level_pre, pretrend_pre ; comparaisons sur la fenêtre identifiée (années < 2023, cohorte 2023 recodée contrôle, 60 unités de contrôle) ; cellules −8 et +8 bornées",event,0.0,5558.0,0.0,0.0,2003.0,2024.0,,,,,,,,,,,,
h2,H2,H2a,"log(naissances+0,5 / 1 000 f. 20-24)","unités avec covariables, bascule 4G ; fenêtre identifiée ≤ 2022, cohorte 2023 = contrôle",twfe,7,0.03650487079475018,0.02314823062273686,-0.008864827531641258,0.0818745691211416,0.11479442070468433,5558,122276,False," ; fenêtre 2003-2024 ; 5558 traitées, 0 jamais traitées sur la fenêtre ; covariables invariantes dans le temps absorbées par les effets fixes unité : log_pop, share_women_1549, level_pre, pretrend_pre ; comparaisons sur la fenêtre identifiée (années < 2023, cohorte 2023 recodée contrôle, 60 unités de contrôle) ; cellules −8 et +8 bornées",event,0.0,5558.0,0.0,0.0,2003.0,2024.0,,,,,,,,,,,,
h2,H2,H2a,"log(naissances+0,5 / 1 000 f. 20-24)","unités avec covariables, bascule 4G ; fenêtre identifiée ≤ 2022, cohorte 2023 = contrôle",twfe,8,0.011743431410175972,0.025395952959971668,-0.038031721744441874,0.061518584564793824,0.6437848224022427,5558,122276,False," ; fenêtre 2003-2024 ; 5558 traitées, 0 jamais traitées sur la fenêtre ; covariables invariantes dans le temps absorbées par les effets fixes unité : log_pop, share_women_1549, level_pre, pretrend_pre ; comparaisons sur la fenêtre identifiée (années < 2023, cohorte 2023 recodée contrôle, 60 unités de contrôle) ; cellules −8 et +8 bornées",event,0.0,5558.0,0.0,0.0,2003.0,2024.0,,,,,,,,,,,,
h2,H2,H2a,"log(naissances+0,5 / 1 000 f. 20-24)","unités avec covariables, bascule 4G ; fenêtre identifiée ≤ 2022, cohorte 2023 = contrôle",twfe,"ATT[1,5]",0.027799183398535023,0.012154637439791803,0.003976531771400959,0.05162183502566908,0.022188488474423902,5558,122276,False," ; fenêtre 2003-2024 ; 5558 traitées, 0 jamais traitées sur la fenêtre ; covariables invariantes dans le temps absorbées par les effets fixes unité : log_pop, share_women_1549, level_pre, pretrend_pre ; comparaisons sur la fenêtre identifiée (années < 2023, cohorte 2023 recodée contrôle, 60 unités de contrôle) ; écart-type avec covariance complète (w'Vw)",post_avg,0.0,5558.0,0.0,0.0,2003.0,2024.0,,,,,,,,,,,,
h2,H2,H2a,"log(naissances+0,5 / 1 000 f. 20-24)","unités avec covariables, bascule 4G ; fenêtre identifiée ≤ 2022, cohorte 2023 = contrôle",twfe,Wald pré (-8..−2),63.94521640406167,,,,2.449263541200901e-11,5558,122276,False,"test de Wald joint, covariance groupée, df = 7 ; fenêtre 2003-2024 ; 5558 traitées, 0 jamais traitées sur la fenêtre",pre_test,0.0,5558.0,0.0,0.0,2003.0,2024.0,,,,,,,,,,,7.0,
h2,H2,H2a,"log(naissances+0,5 / 1 000 f. 20-24)","unités avec covariables, bascule 4G ; fenêtre identifiée ≤ 2022, cohorte 2023 = contrôle",twfe,ATT,0.0293989271690391,0.006298864008071998,0.017053380569702372,0.041744473768375825,3.051271967451917e-06,5558,122276,False," ; fenêtre 2003-2024 ; 5558 traitées, 0 jamais traitées sur la fenêtre ; covariables invariantes dans le temps absorbées par les effets fixes unité : log_pop, share_women_1549, level_pre, pretrend_pre ; comparaisons sur la fenêtre identifiée (années < 2023, cohorte 2023 recodée contrôle, 60 unités de contrôle)",static,0.0,5558.0,0.0,0.0,2003.0,2024.0,,,,,,,,,,,,
h2,H2,H2a,"log(naissances+0,5 / 1 000 f. 20-24)","unités avec covariables, bascule 4G ; fenêtre complète",twfe,ATT,0.030670158391058838,0.005983671601404986,0.018942377556989957,0.04239793922512772,2.9652559986241765e-07,5558,122276,True," ; fenêtre 2003-2024 ; 5558 traitées, 0 jamais traitées sur la fenêtre ; covariables invariantes dans le temps absorbées par les effets fixes unité : log_pop, share_women_1549, level_pre, pretrend_pre ; TWFE sur toutes les années (identification par le calendrier des bascules seulement)",static,0.0,5558.0,0.0,0.0,2003.0,2024.0,,,,,,,,,,,,
h2,H2,H2a,"log(naissances+0,5 / 1 000 f. 20-24)","unités avec covariables, bascule 4G ; fenêtre identifiée ≤ 2022, cohorte 2023 = contrôle",twfe_poisson,ATT (log du taux contrefactuel),0.07339339807554128,0.00558778543770178,0.06244153986430841,0.08434525628677415,2.085554903455011e-39,5558,122276,False," ; fenêtre 2003-2024 ; 5558 traitées, 0 jamais traitées sur la fenêtre ; covariables invariantes dans le temps absorbées par les effets fixes unité : log_pop, share_women_1549, level_pre, pretrend_pre ; comparaisons sur la fenêtre identifiée (années < 2023, cohorte 2023 recodée contrôle, 60 unités de contrôle) ; Poisson à effets fixes, offset = log(women)",static,0.0,5558.0,0.0,0.0,2003.0,2024.0,,,,,,,,,,,,
h2,H2,H2a,"log(naissances+0,5 / 1 000 f. 20-24)","unités avec covariables, bascule 4G ; fenêtre identifiée ≤ 2022, cohorte 2023 = contrôle",twfe_poisson,ATT en % du taux contrefactuel,7.615381048977277,0.6013316590982033,6.443223015436117,8.800446944725838,2.085554903455011e-39,5558,122276,False," ; fenêtre 2003-2024 ; 5558 traitées, 0 jamais traitées sur la fenêtre ; covariables invariantes dans le temps absorbées par les effets fixes unité : log_pop, share_women_1549, level_pre, pretrend_pre ; comparaisons sur la fenêtre identifiée (années < 2023, cohorte 2023 recodée contrôle, 60 unités de contrôle) ; Poisson à effets fixes, offset = log(women)",static,0.0,5558.0,0.0,0.0,2003.0,2024.0,,,,,,,,,,,,
h2,H2,H2c,"log(naissances+0,5 / 1 000 f. 25-29)","unités avec covariables, bascule 4G",cs,-8,0.08621499108958959,0.04872383024761724,-0.00928196138458351,0.1817119435637627,0.07681672141529777,5558,122276,False," ; covariables : log_pop, share_women_1549, level_pre, pretrend_pre (doublement robuste) ; contrôle = not_yet_treated ; fenêtre 2003-2024 ; 5558 traitées, 0 jamais traitées sur la fenêtre ; ATT(g,t) identifiés jusqu'en 2022 (sans unité jamais traitée, la dernière cohorte sert de contrôle)",event,0.0,5558.0,0.0,0.0,2003.0,2024.0,2003.0,2022.0,5558.0,5.0,dr,9.0,5498.0,,,,,
h2,H2,H2c,"log(naissances+0,5 / 1 000 f. 25-29)","unités avec covariables, bascule 4G",cs,-7,0.13763609409445557,0.08687281129236507,-0.03263148727432447,0.3079036754632356,0.11311630433580705,5558,122276,False," ; covariables : log_pop, share_women_1549, level_pre, pretrend_pre (doublement robuste) ; contrôle = not_yet_treated ; fenêtre 2003-2024 ; 5558 traitées, 0 jamais traitées sur la fenêtre ; ATT(g,t) identifiés jusqu'en 2022 (sans unité jamais traitée, la dernière cohorte sert de contrôle)",event,0.0,5558.0,0.0,0.0,2003.0,2024.0,2003.0,2022.0,5558.0,5.0,dr,9.0,5498.0,,,,,
h2,H2,H2c,"log(naissances+0,5 / 1 000 f. 25-29)","unités avec covariables, bascule 4G",cs,-6,0.07909725340830298,0.04337118767337016,-0.0059087123982300704,0.16410321921483603,0.06819318945395032,5558,122276,False," ; covariables : log_pop, share_women_1549, level_pre, pretrend_pre (doublement robuste) ; contrôle = not_yet_treated ; fenêtre 2003-2024 ; 5558 traitées, 0 jamais traitées sur la fenêtre ; ATT(g,t) identifiés jusqu'en 2022 (sans unité jamais traitée, la dernière cohorte sert de contrôle)",event,0.0,5558.0,0.0,0.0,2003.0,2024.0,2003.0,2022.0,5558.0,5.0,dr,9.0,5498.0,,,,,
h2,H2,H2c,"log(naissances+0,5 / 1 000 f. 25-29)","unités avec covariables, bascule 4G",cs,-5,0.052788744940090795,0.037258321110521256,-0.020236222560959263,0.12581371244114087,0.156532339311127,5558,122276,False," ; covariables : log_pop, share_women_1549, level_pre, pretrend_pre (doublement robuste) ; contrôle = not_yet_treated ; fenêtre 2003-2024 ; 5558 traitées, 0 jamais traitées sur la fenêtre ; ATT(g,t) identifiés jusqu'en 2022 (sans unité jamais traitée, la dernière cohorte sert de contrôle)",event,0.0,5558.0,0.0,0.0,2003.0,2024.0,2003.0,2022.0,5558.0,5.0,dr,9.0,5498.0,,,,,
h2,H2,H2c,"log(naissances+0,5 / 1 000 f. 25-29)","unités avec covariables, bascule 4G",cs,-4,0.03807571566853905,0.028224126932658567,-0.017242556614558695,0.09339398795163678,0.1773213933453588,5558,122276,False," ; covariables : log_pop, share_women_1549, level_pre, pretrend_pre (doublement robuste) ; contrôle = not_yet_treated ; fenêtre 2003-2024 ; 5558 traitées, 0 jamais traitées sur la fenêtre ; ATT(g,t) identifiés jusqu'en 2022 (sans unité jamais traitée, la dernière cohorte sert de contrôle)",event,0.0,5558.0,0.0,0.0,2003.0,2024.0,2003.0,2022.0,5558.0,5.0,dr,9.0,5498.0,,,,,
h2,H2,H2c,"log(naissances+0,5 / 1 000 f. 25-29)","unités avec covariables, bascule 4G",cs,-3,-0.01089412788880237,0.015903080798419567,-0.042063593496935205,0.020275337719330468,0.49332338531840225,5558,122276,False," ; covariables : log_pop, share_women_1549, level_pre, pretrend_pre (doublement robuste) ; contrôle = not_yet_treated ; fenêtre 2003-2024 ; 5558 traitées, 0 jamais traitées sur la fenêtre ; ATT(g,t) identifiés jusqu'en 2022 (sans unité jamais traitée, la dernière cohorte sert de contrôle)",event,0.0,5558.0,0.0,0.0,2003.0,2024.0,2003.0,2022.0,5558.0,5.0,dr,9.0,5498.0,,,,,
h2,H2,H2c,"log(naissances+0,5 / 1 000 f. 25-29)","unités avec covariables, bascule 4G",cs,-2,-0.011346630125568186,0.012365000706847097,-0.035581586179800805,0.012888325928664434,0.35880690855144814,5558,122276,False," ; covariables : log_pop, share_women_1549, level_pre, pretrend_pre (doublement robuste) ; contrôle = not_yet_treated ; fenêtre 2003-2024 ; 5558 traitées, 0 jamais traitées sur la fenêtre ; ATT(g,t) identifiés jusqu'en 2022 (sans unité jamais traitée, la dernière cohorte sert de contrôle)",event,0.0,5558.0,0.0,0.0,2003.0,2024.0,2003.0,2022.0,5558.0,5.0,dr,9.0,5498.0,,,,,
h2,H2,H2c,"log(naissances+0,5 / 1 000 f. 25-29)","unités avec covariables, bascule 4G",cs,0,0.00274357986196765,0.012337034210543251,-0.02143656286673566,0.02692372259067096,0.8240136508794712,5558,122276,False," ; covariables : log_pop, share_women_1549, level_pre, pretrend_pre (doublement robuste) ; contrôle = not_yet_treated ; fenêtre 2003-2024 ; 5558 traitées, 0 jamais traitées sur la fenêtre ; ATT(g,t) identifiés jusqu'en 2022 (sans unité jamais traitée, la dernière cohorte sert de contrôle)",event,0.0,5558.0,0.0,0.0,2003.0,2024.0,2003.0,2022.0,5558.0,5.0,dr,9.0,5498.0,,,,,
h2,H2,H2c,"log(naissances+0,5 / 1 000 f. 25-29)","unités avec covariables, bascule 4G",cs,1,-0.02060582832752621,0.027900456265967093,-0.07528971776105658,0.03407806110600417,0.4601814631223786,5558,122276,False," ; covariables : log_pop, share_women_1549, level_pre, pretrend_pre (doublement robuste) ; contrôle = not_yet_treated ; fenêtre 2003-2024 ; 5558 traitées, 0 jamais traitées sur la fenêtre ; ATT(g,t) identifiés jusqu'en 2022 (sans unité jamais traitée, la dernière cohorte sert de contrôle)",event,0.0,5558.0,0.0,0.0,2003.0,2024.0,2003.0,2022.0,5558.0,5.0,dr,8.0,5438.0,,,,,
h2,H2,H2c,"log(naissances+0,5 / 1 000 f. 25-29)","unités avec covariables, bascule 4G",cs,2,-0.0043956316238181106,0.027280533976121395,-0.05786449569603733,0.0490732324484011,0.8719933455390207,5558,122276,False," ; covariables : log_pop, share_women_1549, level_pre, pretrend_pre (doublement robuste) ; contrôle = not_yet_treated ; fenêtre 2003-2024 ; 5558 traitées, 0 jamais traitées sur la fenêtre ; ATT(g,t) identifiés jusqu'en 2022 (sans unité jamais traitée, la dernière cohorte sert de contrôle)",event,0.0,5558.0,0.0,0.0,2003.0,2024.0,2003.0,2022.0,5558.0,5.0,dr,7.0,5268.0,,,,,
h2,H2,H2c,"log(naissances+0,5 / 1 000 f. 25-29)","unités avec covariables, bascule 4G",cs,3,-0.04256252315761844,0.02416043494237233,-0.08991610549549126,0.004791059180254388,0.07812640071736657,5558,122276,False," ; covariables : log_pop, share_women_1549, level_pre, pretrend_pre (doublement robuste) ; contrôle = not_yet_treated ; fenêtre 2003-2024 ; 5558 traitées, 0 jamais traitées sur la fenêtre ; ATT(g,t) identifiés jusqu'en 2022 (sans unité jamais traitée, la dernière cohorte sert de contrôle)",event,0.0,5558.0,0.0,0.0,2003.0,2024.0,2003.0,2022.0,5558.0,5.0,dr,6.0,4844.0,,,,,
h2,H2,H2c,"log(naissances+0,5 / 1 000 f. 25-29)","unités avec covariables, bascule 4G",cs,4,-0.10222814418340359,0.027394153976277244,-0.1559196993638517,-0.04853658900295548,0.00019015388994561637,5558,122276,False," ; covariables : log_pop, share_women_1549, level_pre, pretrend_pre (doublement robuste) ; contrôle = not_yet_treated ; fenêtre 2003-2024 ; 5558 traitées, 0 jamais traitées sur la fenêtre ; ATT(g,t) identifiés jusqu'en 2022 (sans unité jamais traitée, la dernière cohorte sert de contrôle)",event,0.0,5558.0,0.0,0.0,2003.0,2024.0,2003.0,2022.0,5558.0,5.0,dr,5.0,4445.0,,,,,
h2,H2,H2c,"log(naissances+0,5 / 1 000 f. 25-29)","unités avec covariables, bascule 4G",cs,5,-0.20399986678347806,0.06995938003759686,-0.3411177320379183,-0.06688200152903781,0.0035457787866827427,5558,122276,False," ; covariables : log_pop, share_women_1549, level_pre, pretrend_pre (doublement robuste) ; contrôle = not_yet_treated ; fenêtre 2003-2024 ; 5558 traitées, 0 jamais traitées sur la fenêtre ; ATT(g,t) identifiés jusqu'en 2022 (sans unité jamais traitée, la dernière cohorte sert de contrôle)",event,0.0,5558.0,0.0,0.0,2003.0,2024.0,2003.0,2022.0,5558.0,5.0,dr,4.0,3767.0,,,,,
h2,H2,H2c,"log(naissances+0,5 / 1 000 f. 25-29)","unités avec covariables, bascule 4G",cs,6,-0.33136719739654186,0.10448058031231258,-0.5361453718925191,-0.12658902290056456,0.0015161870513810004,5558,122276,False," ; covariables : log_pop, share_women_1549, level_pre, pretrend_pre (doublement robuste) ; contrôle = not_yet_treated ; fenêtre 2003-2024 ; 5558 traitées, 0 jamais traitées sur la fenêtre ; ATT(g,t) identifiés jusqu'en 2022 (sans unité jamais traitée, la dernière cohorte sert de contrôle)",event,0.0,5558.0,0.0,0.0,2003.0,2024.0,2003.0,2022.0,5558.0,5.0,dr,3.0,1032.0,,,,,
h2,H2,H2c,"log(naissances+0,5 / 1 000 f. 25-29)","unités avec covariables, bascule 4G",cs,7,-0.4033999946389719,0.16163071703992335,-0.7201903788326061,-0.08660961044533771,0.012566894106589893,5558,122276,False," ; covariables : log_pop, share_women_1549, level_pre, pretrend_pre (doublement robuste) ; contrôle = not_yet_treated ; fenêtre 2003-2024 ; 5558 traitées, 0 jamais traitées sur la fenêtre ; ATT(g,t) identifiés jusqu'en 2022 (sans unité jamais traitée, la dernière cohorte sert de contrôle)",event,0.0,5558.0,0.0,0.0,2003.0,2024.0,2003.0,2022.0,5558.0,5.0,dr,2.0,481.0,,,,,
h2,H2,H2c,"log(naissances+0,5 / 1 000 f. 25-29)","unités avec covariables, bascule 4G",cs,8,-1.2615947302371777,0.42460003507923366,-2.093795506826919,-0.42939395364743616,0.0029658597046011417,5558,122276,False," ; covariables : log_pop, share_women_1549, level_pre, pretrend_pre (doublement robuste) ; contrôle = not_yet_treated ; fenêtre 2003-2024 ; 5558 traitées, 0 jamais traitées sur la fenêtre ; ATT(g,t) identifiés jusqu'en 2022 (sans unité jamais traitée, la dernière cohorte sert de contrôle)",event,0.0,5558.0,0.0,0.0,2003.0,2024.0,2003.0,2022.0,5558.0,5.0,dr,1.0,187.0,,,,,
h2,H2,H2c,"log(naissances+0,5 / 1 000 f. 25-29)","unités avec covariables, bascule 4G",cs,"ATT[1,5]",-0.0747583988151689,0.024071775680659633,-0.12193821219318893,-0.02757858543714887,0.001898642661293989,5558,122276,False," ; covariables : log_pop, share_women_1549, level_pre, pretrend_pre (doublement robuste) ; contrôle = not_yet_treated ; fenêtre 2003-2024 ; 5558 traitées, 0 jamais traitées sur la fenêtre ; ATT(g,t) identifiés jusqu'en 2022 (sans unité jamais traitée, la dernière cohorte sert de contrôle) ; écart-type avec covariance complète des coefficients (fonctions d'influence)",post_avg,0.0,5558.0,0.0,0.0,2003.0,2024.0,2003.0,2022.0,5558.0,5.0,dr,,,,,5.0,,
h2,H2,H2c,"log(naissances+0,5 / 1 000 f. 25-29)","unités avec covariables, bascule 4G",cs,ATT,-0.07497078490604935,0.021812447770252347,-0.11772239695040496,-0.03221917286169374,0.0005880560447215539,5558,122276,False," ; covariables : log_pop, share_women_1549, level_pre, pretrend_pre (doublement robuste) ; contrôle = not_yet_treated ; fenêtre 2003-2024 ; 5558 traitées, 0 jamais traitées sur la fenêtre ; ATT(g,t) identifiés jusqu'en 2022 (sans unité jamais traitée, la dernière cohorte sert de contrôle) ; moyenne de tous les ATT(g,t) post",simple,0.0,5558.0,0.0,0.0,2003.0,2024.0,2003.0,2022.0,5558.0,5.0,dr,,,,,,,
h2,H2,H2c,"log(naissances+0,5 / 1 000 f. 25-29)","unités avec covariables, bascule 4G",cs,Wald pré (-8..-2),7.0294462163648195,,,,0.4258203861717307,5558,122276,False,"H5c : test de Wald joint de nullité des coefficients pré avec covariance des fonctions d'influence, df = 7 ; fenêtre 2003-2024 ; 5558 traitées, 0 jamais traitées sur la fenêtre",pre_test,0.0,5558.0,0.0,0.0,2003.0,2024.0,2003.0,2022.0,5558.0,5.0,dr,,,,,,7.0,
h2,H2,H2c,"log(naissances+0,5 / 1 000 f. 25-29)","unités avec covariables, bascule 4G ; fenêtre identifiée ≤ 2022, cohorte 2023 = contrôle",sunab,-8,0.07307784709573385,0.04902050378136796,-0.023000574819756883,0.1691562690112246,0.13602429802449073,5558,122276,False," ; fenêtre 2003-2024 ; 5558 traitées, 0 jamais traitées sur la fenêtre ; covariables invariantes dans le temps absorbées par les effets fixes unité : log_pop, share_women_1549, level_pre, pretrend_pre ; comparaisons sur la fenêtre identifiée (années < 2023, cohorte 2023 recodée contrôle, 60 unités de contrôle) ; cellules −8 et +8 bornées",event,0.0,5558.0,0.0,0.0,2003.0,2024.0,,,,,,,,,,,,
h2,H2,H2c,"log(naissances+0,5 / 1 000 f. 25-29)","unités avec covariables, bascule 4G ; fenêtre identifiée ≤ 2022, cohorte 2023 = contrôle",sunab,-7,0.0743687854119212,0.04680809590486799,-0.017373396746516848,0.16611096757035926,0.11210515457060316,5558,122276,False," ; fenêtre 2003-2024 ; 5558 traitées, 0 jamais traitées sur la fenêtre ; covariables invariantes dans le temps absorbées par les effets fixes unité : log_pop, share_women_1549, level_pre, pretrend_pre ; comparaisons sur la fenêtre identifiée (années < 2023, cohorte 2023 recodée contrôle, 60 unités de contrôle) ; cellules −8 et +8 bornées",event,0.0,5558.0,0.0,0.0,2003.0,2024.0,,,,,,,,,,,,
h2,H2,H2c,"log(naissances+0,5 / 1 000 f. 25-29)","unités avec covariables, bascule 4G ; fenêtre identifiée ≤ 2022, cohorte 2023 = contrôle",sunab,-6,0.07670172117356702,0.04466715878623038,-0.010844301339176354,0.1642477436863104,0.08594559571427242,5558,122276,False," ; fenêtre 2003-2024 ; 5558 traitées, 0 jamais traitées sur la fenêtre ; covariables invariantes dans le temps absorbées par les effets fixes unité : log_pop, share_women_1549, level_pre, pretrend_pre ; comparaisons sur la fenêtre identifiée (années < 2023, cohorte 2023 recodée contrôle, 60 unités de contrôle) ; cellules −8 et +8 bornées",event,0.0,5558.0,0.0,0.0,2003.0,2024.0,,,,,,,,,,,,
h2,H2,H2c,"log(naissances+0,5 / 1 000 f. 25-29)","unités avec covariables, bascule 4G ; fenêtre identifiée ≤ 2022, cohorte 2023 = contrôle",sunab,-5,0.07431322846242175,0.04202516844828092,-0.008054588140437885,0.15668104506528138,0.07701027450466982,5558,122276,False," ; fenêtre 2003-2024 ; 5558 traitées, 0 jamais traitées sur la fenêtre ; covariables invariantes dans le temps absorbées par les effets fixes unité : log_pop, share_women_1549, level_pre, pretrend_pre ; comparaisons sur la fenêtre identifiée (années < 2023, cohorte 2023 recodée contrôle, 60 unités de contrôle) ; cellules −8 et +8 bornées",event,0.0,5558.0,0.0,0.0,2003.0,2024.0,,,,,,,,,,,,
h2,H2,H2c,"log(naissances+0,5 / 1 000 f. 25-29)","unités avec covariables, bascule 4G ; fenêtre identifiée ≤ 2022, cohorte 2023 = contrôle",sunab,-4,0.049978441470677225,0.038700596371669053,-0.025873333598015615,0.12583021653937007,0.19656061076123854,5558,122276,False," ; fenêtre 2003-2024 ; 5558 traitées, 0 jamais traitées sur la fenêtre ; covariables invariantes dans le temps absorbées par les effets fixes unité : log_pop, share_women_1549, level_pre, pretrend_pre ; comparaisons sur la fenêtre identifiée (années < 2023, cohorte 2023 recodée contrôle, 60 unités de contrôle) ; cellules −8 et +8 bornées",event,0.0,5558.0,0.0,0.0,2003.0,2024.0,,,,,,,,,,,,
h2,H2,H2c,"log(naissances+0,5 / 1 000 f. 25-29)","unités avec covariables, bascule 4G ; fenêtre identifiée ≤ 2022, cohorte 2023 = contrôle",sunab,-3,0.03302076585898077,0.034898190340012236,-0.03537843033306684,0.10141996205102838,0.34404515180977757,5558,122276,False," ; fenêtre 2003-2024 ; 5558 traitées, 0 jamais traitées sur la fenêtre ; covariables invariantes dans le temps absorbées par les effets fixes unité : log_pop, share_women_1549, level_pre, pretrend_pre ; comparaisons sur la fenêtre identifiée (années < 2023, cohorte 2023 recodée contrôle, 60 unités de contrôle) ; cellules −8 et +8 bornées",event,0.0,5558.0,0.0,0.0,2003.0,2024.0,,,,,,,,,,,,
h2,H2,H2c,"log(naissances+0,5 / 1 000 f. 25-29)","unités avec covariables, bascule 4G ; fenêtre identifiée ≤ 2022, cohorte 2023 = contrôle",sunab,-2,0.018406049439002335,0.026962588318130826,-0.034439652594514474,0.07125175147251914,0.4948271283245331,5558,122276,False," ; fenêtre 2003-2024 ; 5558 traitées, 0 jamais traitées sur la fenêtre ; covariables invariantes dans le temps absorbées par les effets fixes unité : log_pop, share_women_1549, level_pre, pretrend_pre ; comparaisons sur la fenêtre identifiée (années < 2023, cohorte 2023 recodée contrôle, 60 unités de contrôle) ; cellules −8 et +8 bornées",event,0.0,5558.0,0.0,0.0,2003.0,2024.0,,,,,,,,,,,,
h2,H2,H2c,"log(naissances+0,5 / 1 000 f. 25-29)","unités avec covariables, bascule 4G ; fenêtre identifiée ≤ 2022, cohorte 2023 = contrôle",sunab,0,-0.019977735296984694,0.026775519874851727,-0.0724567899190305,0.032501319325061104,0.45559528047308884,5558,122276,False," ; fenêtre 2003-2024 ; 5558 traitées, 0 jamais traitées sur la fenêtre ; covariables invariantes dans le temps absorbées par les effets fixes unité : log_pop, share_women_1549, level_pre, pretrend_pre ; comparaisons sur la fenêtre identifiée (années < 2023, cohorte 2023 recodée contrôle, 60 unités de contrôle) ; cellules −8 et +8 bornées",event,0.0,5558.0,0.0,0.0,2003.0,2024.0,,,,,,,,,,,,
h2,H2,H2c,"log(naissances+0,5 / 1 000 f. 25-29)","unités avec covariables, bascule 4G ; fenêtre identifiée ≤ 2022, cohorte 2023 = contrôle",sunab,1,-0.02368592692646466,0.027172345737734048,-0.07694274594789384,0.02957089209496452,0.38337621434826574,5558,122276,False," ; fenêtre 2003-2024 ; 5558 traitées, 0 jamais traitées sur la fenêtre ; covariables invariantes dans le temps absorbées par les effets fixes unité : log_pop, share_women_1549, level_pre, pretrend_pre ; comparaisons sur la fenêtre identifiée (années < 2023, cohorte 2023 recodée contrôle, 60 unités de contrôle) ; cellules −8 et +8 bornées",event,0.0,5558.0,0.0,0.0,2003.0,2024.0,,,,,,,,,,,,
h2,H2,H2c,"log(naissances+0,5 / 1 000 f. 25-29)","unités avec covariables, bascule 4G ; fenêtre identifiée ≤ 2022, cohorte 2023 = contrôle",sunab,2,-0.05309336941747679,0.030287562153616866,-0.11245590041808425,0.006269161583130664,0.07960612754812119,5558,122276,False," ; fenêtre 2003-2024 ; 5558 traitées, 0 jamais traitées sur la fenêtre ; covariables invariantes dans le temps absorbées par les effets fixes unité : log_pop, share_women_1549, level_pre, pretrend_pre ; comparaisons sur la fenêtre identifiée (années < 2023, cohorte 2023 recodée contrôle, 60 unités de contrôle) ; cellules −8 et +8 bornées",event,0.0,5558.0,0.0,0.0,2003.0,2024.0,,,,,,,,,,,,
h2,H2,H2c,"log(naissances+0,5 / 1 000 f. 25-29)","unités avec covariables, bascule 4G ; fenêtre identifiée ≤ 2022, cohorte 2023 = contrôle",sunab,3,-0.07300320258107368,0.036918074541728,-0.14536129906142561,-0.0006451061007217429,0.047992144968655816,5558,122276,False," ; fenêtre 2003-2024 ; 5558 traitées, 0 jamais traitées sur la fenêtre ; covariables invariantes dans le temps absorbées par les effets fixes unité : log_pop, share_women_1549, level_pre, pretrend_pre ; comparaisons sur la fenêtre identifiée (années < 2023, cohorte 2023 recodée contrôle, 60 unités de contrôle) ; cellules −8 et +8 bornées",event,0.0,5558.0,0.0,0.0,2003.0,2024.0,,,,,,,,,,,,
h2,H2,H2c,"log(naissances+0,5 / 1 000 f. 25-29)","unités avec covariables, bascule 4G ; fenêtre identifiée ≤ 2022, cohorte 2023 = contrôle",sunab,4,-0.09816835281333024,0.03596511871514999,-0.16865869019473168,-0.027678015431928785,0.006342209826702953,5558,122276,False," ; fenêtre 2003-2024 ; 5558 traitées, 0 jamais traitées sur la fenêtre ; covariables invariantes dans le temps absorbées par les effets fixes unité : log_pop, share_women_1549, level_pre, pretrend_pre ; comparaisons sur la fenêtre identifiée (années < 2023, cohorte 2023 recodée contrôle, 60 unités de contrôle) ; cellules −8 et +8 bornées",event,0.0,5558.0,0.0,0.0,2003.0,2024.0,,,,,,,,,,,,
h2,H2,H2c,"log(naissances+0,5 / 1 000 f. 25-29)","unités avec covariables, bascule 4G ; fenêtre identifiée ≤ 2022, cohorte 2023 = contrôle",sunab,5,-0.10205138404837966,0.04775902257705765,-0.19565734823624797,-0.008445419860511338,0.032614424674991115,5558,122276,False," ; fenêtre 2003-2024 ; 5558 traitées, 0 jamais traitées sur la fenêtre ; covariables invariantes dans le temps absorbées par les effets fixes unité : log_pop, share_women_1549, level_pre, pretrend_pre ; comparaisons sur la fenêtre identifiée (années < 2023, cohorte 2023 recodée contrôle, 60 unités de contrôle) ; cellules −8 et +8 bornées",event,0.0,5558.0,0.0,0.0,2003.0,2024.0,,,,,,,,,,,,
h2,H2,H2c,"log(naissances+0,5 / 1 000 f. 25-29)","unités avec covariables, bascule 4G ; fenêtre identifiée ≤ 2022, cohorte 2023 = contrôle",sunab,6,-0.1785937194979661,0.054784424139888495,-0.28596921772591427,-0.07121822127001792,0.0011143733491941312,5558,122276,False," ; fenêtre 2003-2024 ; 5558 traitées, 0 jamais traitées sur la fenêtre ; covariables invariantes dans le temps absorbées par les effets fixes unité : log_pop, share_women_1549, level_pre, pretrend_pre ; comparaisons sur la fenêtre identifiée (années < 2023, cohorte 2023 recodée contrôle, 60 unités de contrôle) ; cellules −8 et +8 bornées",event,0.0,5558.0,0.0,0.0,2003.0,2024.0,,,,,,,,,,,,
h2,H2,H2c,"log(naissances+0,5 / 1 000 f. 25-29)","unités avec covariables, bascule 4G ; fenêtre identifiée ≤ 2022, cohorte 2023 = contrôle",sunab,7,-0.19615213474864696,0.06493592902142555,-0.32342421693329026,-0.06888005256400362,0.002521888624422849,5558,122276,False," ; fenêtre 2003-2024 ; 5558 traitées, 0 jamais traitées sur la fenêtre ; covariables invariantes dans le temps absorbées par les effets fixes unité : log_pop, share_women_1549, level_pre, pretrend_pre ; comparaisons sur la fenêtre identifiée (années < 2023, cohorte 2023 recodée contrôle, 60 unités de contrôle) ; cellules −8 et +8 bornées",event,0.0,5558.0,0.0,0.0,2003.0,2024.0,,,,,,,,,,,,
h2,H2,H2c,"log(naissances+0,5 / 1 000 f. 25-29)","unités avec covariables, bascule 4G ; fenêtre identifiée ≤ 2022, cohorte 2023 = contrôle",sunab,8,-0.25194329961035444,0.080292821753818,-0.4093143384649319,-0.09457226075577699,0.0017021748429097774,5558,122276,False," ; fenêtre 2003-2024 ; 5558 traitées, 0 jamais traitées sur la fenêtre ; covariables invariantes dans le temps absorbées par les effets fixes unité : log_pop, share_women_1549, level_pre, pretrend_pre ; comparaisons sur la fenêtre identifiée (années < 2023, cohorte 2023 recodée contrôle, 60 unités de contrôle) ; cellules −8 et +8 bornées",event,0.0,5558.0,0.0,0.0,2003.0,2024.0,,,,,,,,,,,,
h2,H2,H2c,"log(naissances+0,5 / 1 000 f. 25-29)","unités avec covariables, bascule 4G ; fenêtre identifiée ≤ 2022, cohorte 2023 = contrôle",sunab,"ATT[1,5]",-0.070000447157345,0.030052606907272683,-0.12890247433713914,-0.011098419977550886,0.019845098752277843,5558,122276,False," ; fenêtre 2003-2024 ; 5558 traitées, 0 jamais traitées sur la fenêtre ; covariables invariantes dans le temps absorbées par les effets fixes unité : log_pop, share_women_1549, level_pre, pretrend_pre ; comparaisons sur la fenêtre identifiée (années < 2023, cohorte 2023 recodée contrôle, 60 unités de contrôle) ; écart-type avec covariance complète (w'Vw)",post_avg,0.0,5558.0,0.0,0.0,2003.0,2024.0,,,,,,,,,,,,
h2,H2,H2c,"log(naissances+0,5 / 1 000 f. 25-29)","unités avec covariables, bascule 4G ; fenêtre identifiée ≤ 2022, cohorte 2023 = contrôle",sunab,Wald pré (-8..−2),6.633869194856146,,,,0.4679695164029256,5558,122276,False,"test de Wald joint, covariance groupée, df = 7 ; fenêtre 2003-2024 ; 5558 traitées, 0 jamais traitées sur la fenêtre",pre_test,0.0,5558.0,0.0,0.0,2003.0,2024.0,,,,,,,,,,,7.0,
h2,H2,H2c,"log(naissances+0,5 / 1 000 f. 25-29)","unités avec covariables, bascule 4G ; fenêtre identifiée ≤ 2022, cohorte 2023 = contrôle",did2s,-8,-0.0005423817494994652,0.0005804625430631039,-0.0016800674282776793,0.0005953039292787488,0.3500997748155309,5558,122276,False," ; fenêtre 2003-2024 ; 5558 traitées, 0 jamais traitées sur la fenêtre ; covariables invariantes dans le temps absorbées par les effets fixes unité : log_pop, share_women_1549, level_pre, pretrend_pre ; comparaisons sur la fenêtre identifiée (années < 2023, cohorte 2023 recodée contrôle, 60 unités de contrôle) ; cellules −8 et +8 bornées ; did2s en deux étapes implémenté directement (pyfixest.did2s dépasse la mémoire au-delà de 5 000 unités), écarts-types par bootstrap par grappes (50 tirages, grappe = unit)",event,0.0,5558.0,0.0,0.0,2003.0,2024.0,,,,,,,,,,,,
h2,H2,H2c,"log(naissances+0,5 / 1 000 f. 25-29)","unités avec covariables, bascule 4G ; fenêtre identifiée ≤ 2022, cohorte 2023 = contrôle",did2s,-7,-0.0034882354606060226,0.002922570175470692,-0.009216367746819484,0.0022398968256074395,0.2326537977366766,5558,122276,False," ; fenêtre 2003-2024 ; 5558 traitées, 0 jamais traitées sur la fenêtre ; covariables invariantes dans le temps absorbées par les effets fixes unité : log_pop, share_women_1549, level_pre, pretrend_pre ; comparaisons sur la fenêtre identifiée (années < 2023, cohorte 2023 recodée contrôle, 60 unités de contrôle) ; cellules −8 et +8 bornées ; did2s en deux étapes implémenté directement (pyfixest.did2s dépasse la mémoire au-delà de 5 000 unités), écarts-types par bootstrap par grappes (50 tirages, grappe = unit)",event,0.0,5558.0,0.0,0.0,2003.0,2024.0,,,,,,,,,,,,
h2,H2,H2c,"log(naissances+0,5 / 1 000 f. 25-29)","unités avec covariables, bascule 4G ; fenêtre identifiée ≤ 2022, cohorte 2023 = contrôle",did2s,-6,0.0019078227110091365,0.003014221581456763,-0.003999943030069484,0.007815588452087756,0.5267725430300039,5558,122276,False," ; fenêtre 2003-2024 ; 5558 traitées, 0 jamais traitées sur la fenêtre ; covariables invariantes dans le temps absorbées par les effets fixes unité : log_pop, share_women_1549, level_pre, pretrend_pre ; comparaisons sur la fenêtre identifiée (années < 2023, cohorte 2023 recodée contrôle, 60 unités de contrôle) ; cellules −8 et +8 bornées ; did2s en deux étapes implémenté directement (pyfixest.did2s dépasse la mémoire au-delà de 5 000 unités), écarts-types par bootstrap par grappes (50 tirages, grappe = unit)",event,0.0,5558.0,0.0,0.0,2003.0,2024.0,,,,,,,,,,,,
h2,H2,H2c,"log(naissances+0,5 / 1 000 f. 25-29)","unités avec covariables, bascule 4G ; fenêtre identifiée ≤ 2022, cohorte 2023 = contrôle",did2s,-5,-0.004281004632185007,0.0026076249792067055,-0.009391855676617157,0.0008298464122471431,0.1006468878859635,5558,122276,False," ; fenêtre 2003-2024 ; 5558 traitées, 0 jamais traitées sur la fenêtre ; covariables invariantes dans le temps absorbées par les effets fixes unité : log_pop, share_women_1549, level_pre, pretrend_pre ; comparaisons sur la fenêtre identifiée (années < 2023, cohorte 2023 recodée contrôle, 60 unités de contrôle) ; cellules −8 et +8 bornées ; did2s en deux étapes implémenté directement (pyfixest.did2s dépasse la mémoire au-delà de 5 000 unités), écarts-types par bootstrap par grappes (50 tirages, grappe = unit)",event,0.0,5558.0,0.0,0.0,2003.0,2024.0,,,,,,,,,,,,
h2,H2,H2c,"log(naissances+0,5 / 1 000 f. 25-29)","unités avec covariables, bascule 4G ; fenêtre identifiée ≤ 2022, cohorte 2023 = contrôle",did2s,-4,-0.003078595156123676,0.002793632454358963,-0.00855401415270948,0.0023968238404621276,0.27045977438345736,5558,122276,False," ; fenêtre 2003-2024 ; 5558 traitées, 0 jamais traitées sur la fenêtre ; covariables invariantes dans le temps absorbées par les effets fixes unité : log_pop, share_women_1549, level_pre, pretrend_pre ; comparaisons sur la fenêtre identifiée (années < 2023, cohorte 2023 recodée contrôle, 60 unités de contrôle) ; cellules −8 et +8 bornées ; did2s en deux étapes implémenté directement (pyfixest.did2s dépasse la mémoire au-delà de 5 000 unités), écarts-types par bootstrap par grappes (50 tirages, grappe = unit)",event,0.0,5558.0,0.0,0.0,2003.0,2024.0,,,,,,,,,,,,
h2,H2,H2c,"log(naissances+0,5 / 1 000 f. 25-29)","unités avec covariables, bascule 4G ; fenêtre identifiée ≤ 2022, cohorte 2023 = contrôle",did2s,-3,0.0016163754294102356,0.00250270359484671,-0.0032888334804682395,0.00652158433928871,0.5183753872009856,5558,122276,False," ; fenêtre 2003-2024 ; 5558 traitées, 0 jamais traitées sur la fenêtre ; covariables invariantes dans le temps absorbées par les effets fixes unité : log_pop, share_women_1549, level_pre, pretrend_pre ; comparaisons sur la fenêtre identifiée (années < 2023, cohorte 2023 recodée contrôle, 60 unités de contrôle) ; cellules −8 et +8 bornées ; did2s en deux étapes implémenté directement (pyfixest.did2s dépasse la mémoire au-delà de 5 000 unités), écarts-types par bootstrap par grappes (50 tirages, grappe = unit)",event,0.0,5558.0,0.0,0.0,2003.0,2024.0,,,,,,,,,,,,
h2,H2,H2c,"log(naissances+0,5 / 1 000 f. 25-29)","unités avec covariables, bascule 4G ; fenêtre identifiée ≤ 2022, cohorte 2023 = contrôle",did2s,-2,0.0021609017452781307,0.0027417187234758745,-0.0032127682084737152,0.007534571699029977,0.43060553004527136,5558,122276,False," ; fenêtre 2003-2024 ; 5558 traitées, 0 jamais traitées sur la fenêtre ; covariables invariantes dans le temps absorbées par les effets fixes unité : log_pop, share_women_1549, level_pre, pretrend_pre ; comparaisons sur la fenêtre identifiée (années < 2023, cohorte 2023 recodée contrôle, 60 unités de contrôle) ; cellules −8 et +8 bornées ; did2s en deux étapes implémenté directement (pyfixest.did2s dépasse la mémoire au-delà de 5 000 unités), écarts-types par bootstrap par grappes (50 tirages, grappe = unit)",event,0.0,5558.0,0.0,0.0,2003.0,2024.0,,,,,,,,,,,,
h2,H2,H2c,"log(naissances+0,5 / 1 000 f. 25-29)","unités avec covariables, bascule 4G ; fenêtre identifiée ≤ 2022, cohorte 2023 = contrôle",did2s,0,-9.275593344355906e-05,0.007461818268742732,-0.014717650999362331,0.014532139132475214,0.9900819587681078,5558,122276,False," ; fenêtre 2003-2024 ; 5558 traitées, 0 jamais traitées sur la fenêtre ; covariables invariantes dans le temps absorbées par les effets fixes unité : log_pop, share_women_1549, level_pre, pretrend_pre ; comparaisons sur la fenêtre identifiée (années < 2023, cohorte 2023 recodée contrôle, 60 unités de contrôle) ; cellules −8 et +8 bornées ; did2s en deux étapes implémenté directement (pyfixest.did2s dépasse la mémoire au-delà de 5 000 unités), écarts-types par bootstrap par grappes (50 tirages, grappe = unit)",event,0.0,5558.0,0.0,0.0,2003.0,2024.0,,,,,,,,,,,,
h2,H2,H2c,"log(naissances+0,5 / 1 000 f. 25-29)","unités avec covariables, bascule 4G ; fenêtre identifiée ≤ 2022, cohorte 2023 = contrôle",did2s,1,-0.015289200645663066,0.010940158475013922,-0.036731517241850996,0.006153115950524863,0.16225422503047204,5558,122276,False," ; fenêtre 2003-2024 ; 5558 traitées, 0 jamais traitées sur la fenêtre ; covariables invariantes dans le temps absorbées par les effets fixes unité : log_pop, share_women_1549, level_pre, pretrend_pre ; comparaisons sur la fenêtre identifiée (années < 2023, cohorte 2023 recodée contrôle, 60 unités de contrôle) ; cellules −8 et +8 bornées ; did2s en deux étapes implémenté directement (pyfixest.did2s dépasse la mémoire au-delà de 5 000 unités), écarts-types par bootstrap par grappes (50 tirages, grappe = unit)",event,0.0,5558.0,0.0,0.0,2003.0,2024.0,,,,,,,,,,,,
h2,H2,H2c,"log(naissances+0,5 / 1 000 f. 25-29)","unités avec covariables, bascule 4G ; fenêtre identifiée ≤ 2022, cohorte 2023 = contrôle",did2s,2,-0.026690632924762942,0.015261834723576723,-0.05660327932097613,0.003222013471450246,0.08031725417299779,5558,122276,False," ; fenêtre 2003-2024 ; 5558 traitées, 0 jamais traitées sur la fenêtre ; covariables invariantes dans le temps absorbées par les effets fixes unité : log_pop, share_women_1549, level_pre, pretrend_pre ; comparaisons sur la fenêtre identifiée (années < 2023, cohorte 2023 recodée contrôle, 60 unités de contrôle) ; cellules −8 et +8 bornées ; did2s en deux étapes implémenté directement (pyfixest.did2s dépasse la mémoire au-delà de 5 000 unités), écarts-types par bootstrap par grappes (50 tirages, grappe = unit)",event,0.0,5558.0,0.0,0.0,2003.0,2024.0,,,,,,,,,,,,
h2,H2,H2c,"log(naissances+0,5 / 1 000 f. 25-29)","unités avec covariables, bascule 4G ; fenêtre identifiée ≤ 2022, cohorte 2023 = contrôle",did2s,3,-0.050615241009390584,0.023486438613751007,-0.09664781481745338,-0.0045826672013277794,0.031155285065791297,5558,122276,False," ; fenêtre 2003-2024 ; 5558 traitées, 0 jamais traitées sur la fenêtre ; covariables invariantes dans le temps absorbées par les effets fixes unité : log_pop, share_women_1549, level_pre, pretrend_pre ; comparaisons sur la fenêtre identifiée (années < 2023, cohorte 2023 recodée contrôle, 60 unités de contrôle) ; cellules −8 et +8 bornées ; did2s en deux étapes implémenté directement (pyfixest.did2s dépasse la mémoire au-delà de 5 000 unités), écarts-types par bootstrap par grappes (50 tirages, grappe = unit)",event,0.0,5558.0,0.0,0.0,2003.0,2024.0,,,,,,,,,,,,
h2,H2,H2c,"log(naissances+0,5 / 1 000 f. 25-29)","unités avec covariables, bascule 4G ; fenêtre identifiée ≤ 2022, cohorte 2023 = contrôle",did2s,4,-0.10017863840857294,0.035488763956570774,-0.16973533761929485,-0.030621939197851028,0.004760226162308557,5558,122276,False," ; fenêtre 2003-2024 ; 5558 traitées, 0 jamais traitées sur la fenêtre ; covariables invariantes dans le temps absorbées par les effets fixes unité : log_pop, share_women_1549, level_pre, pretrend_pre ; comparaisons sur la fenêtre identifiée (années < 2023, cohorte 2023 recodée contrôle, 60 unités de contrôle) ; cellules −8 et +8 bornées ; did2s en deux étapes implémenté directement (pyfixest.did2s dépasse la mémoire au-delà de 5 000 unités), écarts-types par bootstrap par grappes (50 tirages, grappe = unit)",event,0.0,5558.0,0.0,0.0,2003.0,2024.0,,,,,,,,,,,,
h2,H2,H2c,"log(naissances+0,5 / 1 000 f. 25-29)","unités avec covariables, bascule 4G ; fenêtre identifiée ≤ 2022, cohorte 2023 = contrôle",did2s,5,-0.11831783444671594,0.059422275899805414,-0.23478335508973697,-0.0018523138036948966,0.046465934456368464,5558,122276,False," ; fenêtre 2003-2024 ; 5558 traitées, 0 jamais traitées sur la fenêtre ; covariables invariantes dans le temps absorbées par les effets fixes unité : log_pop, share_women_1549, level_pre, pretrend_pre ; comparaisons sur la fenêtre identifiée (années < 2023, cohorte 2023 recodée contrôle, 60 unités de contrôle) ; cellules −8 et +8 bornées ; did2s en deux étapes implémenté directement (pyfixest.did2s dépasse la mémoire au-delà de 5 000 unités), écarts-types par bootstrap par grappes (50 tirages, grappe = unit)",event,0.0,5558.0,0.0,0.0,2003.0,2024.0,,,,,,,,,,,,
h2,H2,H2c,"log(naissances+0,5 / 1 000 f. 25-29)","unités avec covariables, bascule 4G ; fenêtre identifiée ≤ 2022, cohorte 2023 = contrôle",did2s,6,-0.12698600590763132,0.05158160694734787,-0.2280840977891342,-0.02588791402612846,0.013822375479835036,5558,122276,False," ; fenêtre 2003-2024 ; 5558 traitées, 0 jamais traitées sur la fenêtre ; covariables invariantes dans le temps absorbées par les effets fixes unité : log_pop, share_women_1549, level_pre, pretrend_pre ; comparaisons sur la fenêtre identifiée (années < 2023, cohorte 2023 recodée contrôle, 60 unités de contrôle) ; cellules −8 et +8 bornées ; did2s en deux étapes implémenté directement (pyfixest.did2s dépasse la mémoire au-delà de 5 000 unités), écarts-types par bootstrap par grappes (50 tirages, grappe = unit)",event,0.0,5558.0,0.0,0.0,2003.0,2024.0,,,,,,,,,,,,
h2,H2,H2c,"log(naissances+0,5 / 1 000 f. 25-29)","unités avec covariables, bascule 4G ; fenêtre identifiée ≤ 2022, cohorte 2023 = contrôle",did2s,7,-0.14308446847802225,0.0585266050319563,-0.2577945064780573,-0.028374430477987198,0.014494193214017393,5558,122276,False," ; fenêtre 2003-2024 ; 5558 traitées, 0 jamais traitées sur la fenêtre ; covariables invariantes dans le temps absorbées par les effets fixes unité : log_pop, share_women_1549, level_pre, pretrend_pre ; comparaisons sur la fenêtre identifiée (années < 2023, cohorte 2023 recodée contrôle, 60 unités de contrôle) ; cellules −8 et +8 bornées ; did2s en deux étapes implémenté directement (pyfixest.did2s dépasse la mémoire au-delà de 5 000 unités), écarts-types par bootstrap par grappes (50 tirages, grappe = unit)",event,0.0,5558.0,0.0,0.0,2003.0,2024.0,,,,,,,,,,,,
h2,H2,H2c,"log(naissances+0,5 / 1 000 f. 25-29)","unités avec covariables, bascule 4G ; fenêtre identifiée ≤ 2022, cohorte 2023 = contrôle",did2s,8,-0.18944460535346774,0.07635742012424068,-0.3391023987493734,-0.03978681195756206,0.013100548733661361,5558,122276,False," ; fenêtre 2003-2024 ; 5558 traitées, 0 jamais traitées sur la fenêtre ; covariables invariantes dans le temps absorbées par les effets fixes unité : log_pop, share_women_1549, level_pre, pretrend_pre ; comparaisons sur la fenêtre identifiée (années < 2023, cohorte 2023 recodée contrôle, 60 unités de contrôle) ; cellules −8 et +8 bornées ; did2s en deux étapes implémenté directement (pyfixest.did2s dépasse la mémoire au-delà de 5 000 unités), écarts-types par bootstrap par grappes (50 tirages, grappe = unit)",event,0.0,5558.0,0.0,0.0,2003.0,2024.0,,,,,,,,,,,,
h2,H2,H2c,"log(naissances+0,5 / 1 000 f. 25-29)","unités avec covariables, bascule 4G ; fenêtre identifiée ≤ 2022, cohorte 2023 = contrôle",did2s,"ATT[1,5]",-0.062218309487021096,0.026786984274849473,-0.11471983392016684,-0.009716785053875354,0.020194910815483774,5558,122276,False," ; fenêtre 2003-2024 ; 5558 traitées, 0 jamais traitées sur la fenêtre ; covariables invariantes dans le temps absorbées par les effets fixes unité : log_pop, share_women_1549, level_pre, pretrend_pre ; comparaisons sur la fenêtre identifiée (années < 2023, cohorte 2023 recodée contrôle, 60 unités de contrôle) ; écart-type avec covariance complète (w'Vw)",post_avg,0.0,5558.0,0.0,0.0,2003.0,2024.0,,,,,,,,,,,,
h2,H2,H2c,"log(naissances+0,5 / 1 000 f. 25-29)","unités avec covariables, bascule 4G ; fenêtre identifiée ≤ 2022, cohorte 2023 = contrôle",did2s,Wald pré (-8..−2),17.72482311433079,,,,0.013275194549169613,5558,122276,False,"test de Wald joint, covariance groupée, df = 7 ; fenêtre 2003-2024 ; 5558 traitées, 0 jamais traitées sur la fenêtre",pre_test,0.0,5558.0,0.0,0.0,2003.0,2024.0,,,,,,,,,,,7.0,
h2,H2,H2c,"log(naissances+0,5 / 1 000 f. 25-29)","unités avec covariables, bascule 4G ; fenêtre identifiée ≤ 2022, cohorte 2023 = contrôle",twfe,-8,-0.04213813330580882,0.021605303602436864,-0.08448375024163855,0.00020748363002091874,0.05113315219726226,5558,122276,False," ; fenêtre 2003-2024 ; 5558 traitées, 0 jamais traitées sur la fenêtre ; covariables invariantes dans le temps absorbées par les effets fixes unité : log_pop, share_women_1549, level_pre, pretrend_pre ; comparaisons sur la fenêtre identifiée (années < 2023, cohorte 2023 recodée contrôle, 60 unités de contrôle) ; cellules −8 et +8 bornées",event,0.0,5558.0,0.0,0.0,2003.0,2024.0,,,,,,,,,,,,
h2,H2,H2c,"log(naissances+0,5 / 1 000 f. 25-29)","unités avec covariables, bascule 4G ; fenêtre identifiée ≤ 2022, cohorte 2023 = contrôle",twfe,-7,-0.0401438646946588,0.01754987078667559,-0.07454097936987458,-0.0057467500194430116,0.022171521841196824,5558,122276,False," ; fenêtre 2003-2024 ; 5558 traitées, 0 jamais traitées sur la fenêtre ; covariables invariantes dans le temps absorbées par les effets fixes unité : log_pop, share_women_1549, level_pre, pretrend_pre ; comparaisons sur la fenêtre identifiée (années < 2023, cohorte 2023 recodée contrôle, 60 unités de contrôle) ; cellules −8 et +8 bornées",event,0.0,5558.0,0.0,0.0,2003.0,2024.0,,,,,,,,,,,,
h2,H2,H2c,"log(naissances+0,5 / 1 000 f. 25-29)","unités avec covariables, bascule 4G ; fenêtre identifiée ≤ 2022, cohorte 2023 = contrôle",twfe,-6,-0.03089617492577929,0.015152596584136733,-0.060594718502951936,-0.0011976313486066446,0.041449826723645486,5558,122276,False," ; fenêtre 2003-2024 ; 5558 traitées, 0 jamais traitées sur la fenêtre ; covariables invariantes dans le temps absorbées par les effets fixes unité : log_pop, share_women_1549, level_pre, pretrend_pre ; comparaisons sur la fenêtre identifiée (années < 2023, cohorte 2023 recodée contrôle, 60 unités de contrôle) ; cellules −8 et +8 bornées",event,0.0,5558.0,0.0,0.0,2003.0,2024.0,,,,,,,,,,,,
h2,H2,H2c,"log(naissances+0,5 / 1 000 f. 25-29)","unités avec covariables, bascule 4G ; fenêtre identifiée ≤ 2022, cohorte 2023 = contrôle",twfe,-5,-0.03457296998552203,0.012756563295277532,-0.05957537461077158,-0.009570565360272475,0.00672405476371838,5558,122276,False," ; fenêtre 2003-2024 ; 5558 traitées, 0 jamais traitées sur la fenêtre ; covariables invariantes dans le temps absorbées par les effets fixes unité : log_pop, share_women_1549, level_pre, pretrend_pre ; comparaisons sur la fenêtre identifiée (années < 2023, cohorte 2023 recodée contrôle, 60 unités de contrôle) ; cellules −8 et +8 bornées",event,0.0,5558.0,0.0,0.0,2003.0,2024.0,,,,,,,,,,,,
h2,H2,H2c,"log(naissances+0,5 / 1 000 f. 25-29)","unités avec covariables, bascule 4G ; fenêtre identifiée ≤ 2022, cohorte 2023 = contrôle",twfe,-4,-0.02870506451002679,0.010430428511907687,-0.049148328736685565,-0.008261800283368013,0.0059223413292336154,5558,122276,False," ; fenêtre 2003-2024 ; 5558 traitées, 0 jamais traitées sur la fenêtre ; covariables invariantes dans le temps absorbées par les effets fixes unité : log_pop, share_women_1549, level_pre, pretrend_pre ; comparaisons sur la fenêtre identifiée (années < 2023, cohorte 2023 recodée contrôle, 60 unités de contrôle) ; cellules −8 et +8 bornées",event,0.0,5558.0,0.0,0.0,2003.0,2024.0,,,,,,,,,,,,
h2,H2,H2c,"log(naissances+0,5 / 1 000 f. 25-29)","unités avec covariables, bascule 4G ; fenêtre identifiée ≤ 2022, cohorte 2023 = contrôle",twfe,-3,-0.01835079823778821,0.008016184153534325,-0.03406223047215619,-0.0026393660034202335,0.022066651725053708,5558,122276,False," ; fenêtre 2003-2024 ; 5558 traitées, 0 jamais traitées sur la fenêtre ; covariables invariantes dans le temps absorbées par les effets fixes unité : log_pop, share_women_1549, level_pre, pretrend_pre ; comparaisons sur la fenêtre identifiée (années < 2023, cohorte 2023 recodée contrôle, 60 unités de contrôle) ; cellules −8 et +8 bornées",event,0.0,5558.0,0.0,0.0,2003.0,2024.0,,,,,,,,,,,,
h2,H2,H2c,"log(naissances+0,5 / 1 000 f. 25-29)","unités avec covariables, bascule 4G ; fenêtre identifiée ≤ 2022, cohorte 2023 = contrôle",twfe,-2,-0.01340488395929263,0.0058615279802135475,-0.02489326769488499,-0.0019165002237002716,0.02220011065623549,5558,122276,False," ; fenêtre 2003-2024 ; 5558 traitées, 0 jamais traitées sur la fenêtre ; covariables invariantes dans le temps absorbées par les effets fixes unité : log_pop, share_women_1549, level_pre, pretrend_pre ; comparaisons sur la fenêtre identifiée (années < 2023, cohorte 2023 recodée contrôle, 60 unités de contrôle) ; cellules −8 et +8 bornées",event,0.0,5558.0,0.0,0.0,2003.0,2024.0,,,,,,,,,,,,
h2,H2,H2c,"log(naissances+0,5 / 1 000 f. 25-29)","unités avec covariables, bascule 4G ; fenêtre identifiée ≤ 2022, cohorte 2023 = contrôle",twfe,0,0.0022941125231723068,0.0058102229104926,-0.00909371512354268,0.013681940169887294,0.6929604506247733,5558,122276,False," ; fenêtre 2003-2024 ; 5558 traitées, 0 jamais traitées sur la fenêtre ; covariables invariantes dans le temps absorbées par les effets fixes unité : log_pop, share_women_1549, level_pre, pretrend_pre ; comparaisons sur la fenêtre identifiée (années < 2023, cohorte 2023 recodée contrôle, 60 unités de contrôle) ; cellules −8 et +8 bornées",event,0.0,5558.0,0.0,0.0,2003.0,2024.0,,,,,,,,,,,,
h2,H2,H2c,"log(naissances+0,5 / 1 000 f. 25-29)","unités avec covariables, bascule 4G ; fenêtre identifiée ≤ 2022, cohorte 2023 = contrôle",twfe,1,-0.0013110252393663498,0.007958753245868522,-0.016909894963109906,0.014287844484377208,0.8691584990735961,5558,122276,False," ; fenêtre 2003-2024 ; 5558 traitées, 0 jamais traitées sur la fenêtre ; covariables invariantes dans le temps absorbées par les effets fixes unité : log_pop, share_women_1549, level_pre, pretrend_pre ; comparaisons sur la fenêtre identifiée (années < 2023, cohorte 2023 recodée contrôle, 60 unités de contrôle) ; cellules −8 et +8 bornées",event,0.0,5558.0,0.0,0.0,2003.0,2024.0,,,,,,,,,,,,
h2,H2,H2c,"log(naissances+0,5 / 1 000 f. 25-29)","unités avec covariables, bascule 4G ; fenêtre identifiée ≤ 2022, cohorte 2023 = contrôle",twfe,2,-0.008337308578151091,0.010518880099496877,-0.02895393473086007,0.012279317574557889,0.42800845917261987,5558,122276,False," ; fenêtre 2003-2024 ; 5558 traitées, 0 jamais traitées sur la fenêtre ; covariables invariantes dans le temps absorbées par les effets fixes unité : log_pop, share_women_1549, level_pre, pretrend_pre ; comparaisons sur la fenêtre identifiée (années < 2023, cohorte 2023 recodée contrôle, 60 unités de contrôle) ; cellules −8 et +8 bornées",event,0.0,5558.0,0.0,0.0,2003.0,2024.0,,,,,,,,,,,,
h2,H2,H2c,"log(naissances+0,5 / 1 000 f. 25-29)","unités avec covariables, bascule 4G ; fenêtre identifiée ≤ 2022, cohorte 2023 = contrôle",twfe,3,-0.003122597361638114,0.013234773166697585,-0.0290622761119225,0.022817081388646274,0.8134801094143693,5558,122276,False," ; fenêtre 2003-2024 ; 5558 traitées, 0 jamais traitées sur la fenêtre ; covariables invariantes dans le temps absorbées par les effets fixes unité : log_pop, share_women_1549, level_pre, pretrend_pre ; comparaisons sur la fenêtre identifiée (années < 2023, cohorte 2023 recodée contrôle, 60 unités de contrôle) ; cellules −8 et +8 bornées",event,0.0,5558.0,0.0,0.0,2003.0,2024.0,,,,,,,,,,,,
h2,H2,H2c,"log(naissances+0,5 / 1 000 f. 25-29)","unités avec covariables, bascule 4G ; fenêtre identifiée ≤ 2022, cohorte 2023 = contrôle",twfe,4,-0.0305557457350324,0.016059214968507173,-0.06203122869329299,0.0009197372232281967,0.05708069856789464,5558,122276,False," ; fenêtre 2003-2024 ; 5558 traitées, 0 jamais traitées sur la fenêtre ; covariables invariantes dans le temps absorbées par les effets fixes unité : log_pop, share_women_1549, level_pre, pretrend_pre ; comparaisons sur la fenêtre identifiée (années < 2023, cohorte 2023 recodée contrôle, 60 unités de contrôle) ; cellules −8 et +8 bornées",event,0.0,5558.0,0.0,0.0,2003.0,2024.0,,,,,,,,,,,,
h2,H2,H2c,"log(naissances+0,5 / 1 000 f. 25-29)","unités avec covariables, bascule 4G ; fenêtre identifiée ≤ 2022, cohorte 2023 = contrôle",twfe,5,-0.039037090496777095,0.018603968685430884,-0.0755001990897326,-0.00257398190382159,0.03587683509857862,5558,122276,False," ; fenêtre 2003-2024 ; 5558 traitées, 0 jamais traitées sur la fenêtre ; covariables invariantes dans le temps absorbées par les effets fixes unité : log_pop, share_women_1549, level_pre, pretrend_pre ; comparaisons sur la fenêtre identifiée (années < 2023, cohorte 2023 recodée contrôle, 60 unités de contrôle) ; cellules −8 et +8 bornées",event,0.0,5558.0,0.0,0.0,2003.0,2024.0,,,,,,,,,,,,
h2,H2,H2c,"log(naissances+0,5 / 1 000 f. 25-29)","unités avec covariables, bascule 4G ; fenêtre identifiée ≤ 2022, cohorte 2023 = contrôle",twfe,6,-0.049789596895879015,0.020896610840827952,-0.09074620154285105,-0.008832992248906976,0.01718788640342299,5558,122276,False," ; fenêtre 2003-2024 ; 5558 traitées, 0 jamais traitées sur la fenêtre ; covariables invariantes dans le temps absorbées par les effets fixes unité : log_pop, share_women_1549, level_pre, pretrend_pre ; comparaisons sur la fenêtre identifiée (années < 2023, cohorte 2023 recodée contrôle, 60 unités de contrôle) ; cellules −8 et +8 bornées",event,0.0,5558.0,0.0,0.0,2003.0,2024.0,,,,,,,,,,,,
h2,H2,H2c,"log(naissances+0,5 / 1 000 f. 25-29)","unités avec covariables, bascule 4G ; fenêtre identifiée ≤ 2022, cohorte 2023 = contrôle",twfe,7,-0.0646481528277466,0.02379497813799007,-0.11128545299112508,-0.018010852664368103,0.006590005602746838,5558,122276,False," ; fenêtre 2003-2024 ; 5558 traitées, 0 jamais traitées sur la fenêtre ; covariables invariantes dans le temps absorbées par les effets fixes unité : log_pop, share_women_1549, level_pre, pretrend_pre ; comparaisons sur la fenêtre identifiée (années < 2023, cohorte 2023 recodée contrôle, 60 unités de contrôle) ; cellules −8 et +8 bornées",event,0.0,5558.0,0.0,0.0,2003.0,2024.0,,,,,,,,,,,,
h2,H2,H2c,"log(naissances+0,5 / 1 000 f. 25-29)","unités avec covariables, bascule 4G ; fenêtre identifiée ≤ 2022, cohorte 2023 = contrôle",twfe,8,-0.09891114290131768,0.026121227022800484,-0.15010780709800103,-0.047714478704634314,0.00015271078188386385,5558,122276,False," ; fenêtre 2003-2024 ; 5558 traitées, 0 jamais traitées sur la fenêtre ; covariables invariantes dans le temps absorbées par les effets fixes unité : log_pop, share_women_1549, level_pre, pretrend_pre ; comparaisons sur la fenêtre identifiée (années < 2023, cohorte 2023 recodée contrôle, 60 unités de contrôle) ; cellules −8 et +8 bornées",event,0.0,5558.0,0.0,0.0,2003.0,2024.0,,,,,,,,,,,,
h2,H2,H2c,"log(naissances+0,5 / 1 000 f. 25-29)","unités avec covariables, bascule 4G ; fenêtre identifiée ≤ 2022, cohorte 2023 = contrôle",twfe,"ATT[1,5]",-0.01647275348219301,0.012638050468623168,-0.04124287723549397,0.00829737027110795,0.19242963721721473,5558,122276,False," ; fenêtre 2003-2024 ; 5558 traitées, 0 jamais traitées sur la fenêtre ; covariables invariantes dans le temps absorbées par les effets fixes unité : log_pop, share_women_1549, level_pre, pretrend_pre ; comparaisons sur la fenêtre identifiée (années < 2023, cohorte 2023 recodée contrôle, 60 unités de contrôle) ; écart-type avec covariance complète (w'Vw)",post_avg,0.0,5558.0,0.0,0.0,2003.0,2024.0,,,,,,,,,,,,
h2,H2,H2c,"log(naissances+0,5 / 1 000 f. 25-29)","unités avec covariables, bascule 4G ; fenêtre identifiée ≤ 2022, cohorte 2023 = contrôle",twfe,Wald pré (-8..−2),11.202084427961289,,,,0.13004388204414946,5558,122276,False,"test de Wald joint, covariance groupée, df = 7 ; fenêtre 2003-2024 ; 5558 traitées, 0 jamais traitées sur la fenêtre",pre_test,0.0,5558.0,0.0,0.0,2003.0,2024.0,,,,,,,,,,,7.0,
h2,H2,H2c,"log(naissances+0,5 / 1 000 f. 25-29)","unités avec covariables, bascule 4G ; fenêtre identifiée ≤ 2022, cohorte 2023 = contrôle",twfe,ATT,0.008780388281564728,0.0065289441558246016,-0.004016107120924758,0.021576883684054214,0.1786767601889595,5558,122276,False," ; fenêtre 2003-2024 ; 5558 traitées, 0 jamais traitées sur la fenêtre ; covariables invariantes dans le temps absorbées par les effets fixes unité : log_pop, share_women_1549, level_pre, pretrend_pre ; comparaisons sur la fenêtre identifiée (années < 2023, cohorte 2023 recodée contrôle, 60 unités de contrôle)",static,0.0,5558.0,0.0,0.0,2003.0,2024.0,,,,,,,,,,,,
h2,H2,H2c,"log(naissances+0,5 / 1 000 f. 25-29)","unités avec covariables, bascule 4G ; fenêtre complète",twfe,ATT,0.013201030288554664,0.006173248512202906,0.0011016855370214948,0.025300375040087832,0.032482247646408856,5558,122276,True," ; fenêtre 2003-2024 ; 5558 traitées, 0 jamais traitées sur la fenêtre ; covariables invariantes dans le temps absorbées par les effets fixes unité : log_pop, share_women_1549, level_pre, pretrend_pre ; TWFE sur toutes les années (identification par le calendrier des bascules seulement)",static,0.0,5558.0,0.0,0.0,2003.0,2024.0,,,,,,,,,,,,
h2,H2,H2c,"log(naissances+0,5 / 1 000 f. 25-29)","unités avec covariables, bascule 4G ; fenêtre identifiée ≤ 2022, cohorte 2023 = contrôle",twfe_poisson,ATT (log du taux contrefactuel),0.034868099847025484,0.0054116275689211155,0.02426150471419605,0.045474694979854915,1.1699446995062979e-10,5558,122276,False," ; fenêtre 2003-2024 ; 5558 traitées, 0 jamais traitées sur la fenêtre ; covariables invariantes dans le temps absorbées par les effets fixes unité : log_pop, share_women_1549, level_pre, pretrend_pre ; comparaisons sur la fenêtre identifiée (années < 2023, cohorte 2023 recodée contrôle, 60 unités de contrôle) ; Poisson à effets fixes, offset = log(women)",static,0.0,5558.0,0.0,0.0,2003.0,2024.0,,,,,,,,,,,,
h2,H2,H2c,"log(naissances+0,5 / 1 000 f. 25-29)","unités avec covariables, bascule 4G ; fenêtre identifiée ≤ 2022, cohorte 2023 = contrôle",twfe_poisson,ATT en % du taux contrefactuel,3.548311940988791,0.5603648996150985,2.455820957769128,4.65245220423236,1.1699446995062979e-10,5558,122276,False," ; fenêtre 2003-2024 ; 5558 traitées, 0 jamais traitées sur la fenêtre ; covariables invariantes dans le temps absorbées par les effets fixes unité : log_pop, share_women_1549, level_pre, pretrend_pre ; comparaisons sur la fenêtre identifiée (années < 2023, cohorte 2023 recodée contrôle, 60 unités de contrôle) ; Poisson à effets fixes, offset = log(women)",static,0.0,5558.0,0.0,0.0,2003.0,2024.0,,,,,,,,,,,,
h2,H2,H2c,"log(naissances+0,5 / 1 000 f. 30-34)","unités avec covariables, bascule 4G",cs,-8,0.07970655570461233,0.0551763576347343,-0.028437118057568544,0.1878502294667932,0.14857643893342606,5558,122276,False," ; covariables : log_pop, share_women_1549, level_pre, pretrend_pre (doublement robuste) ; contrôle = not_yet_treated ; fenêtre 2003-2024 ; 5558 traitées, 0 jamais traitées sur la fenêtre ; ATT(g,t) identifiés jusqu'en 2022 (sans unité jamais traitée, la dernière cohorte sert de contrôle)",event,0.0,5558.0,0.0,0.0,2003.0,2024.0,2003.0,2022.0,5558.0,5.0,dr,9.0,5498.0,,,,,
h2,H2,H2c,"log(naissances+0,5 / 1 000 f. 30-34)","unités avec covariables, bascule 4G",cs,-7,0.05379821558722383,0.025573218606174338,0.0036756281503525223,0.10392080302409513,0.0354051855798646,5558,122276,False," ; covariables : log_pop, share_women_1549, level_pre, pretrend_pre (doublement robuste) ; contrôle = not_yet_treated ; fenêtre 2003-2024 ; 5558 traitées, 0 jamais traitées sur la fenêtre ; ATT(g,t) identifiés jusqu'en 2022 (sans unité jamais traitée, la dernière cohorte sert de contrôle)",event,0.0,5558.0,0.0,0.0,2003.0,2024.0,2003.0,2022.0,5558.0,5.0,dr,9.0,5498.0,,,,,
h2,H2,H2c,"log(naissances+0,5 / 1 000 f. 30-34)","unités avec covariables, bascule 4G",cs,-6,0.05685671279156384,0.043031448983155154,-0.027483377417992998,0.14119680300112067,0.18640709155616375,5558,122276,False," ; covariables : log_pop, share_women_1549, level_pre, pretrend_pre (doublement robuste) ; contrôle = not_yet_treated ; fenêtre 2003-2024 ; 5558 traitées, 0 jamais traitées sur la fenêtre ; ATT(g,t) identifiés jusqu'en 2022 (sans unité jamais traitée, la dernière cohorte sert de contrôle)",event,0.0,5558.0,0.0,0.0,2003.0,2024.0,2003.0,2022.0,5558.0,5.0,dr,9.0,5498.0,,,,,
h2,H2,H2c,"log(naissances+0,5 / 1 000 f. 30-34)","unités avec covariables, bascule 4G",cs,-5,0.025400198291555726,0.018142421595104635,-0.010158294627191079,0.060958691210302535,0.16149998124406872,5558,122276,False," ; covariables : log_pop, share_women_1549, level_pre, pretrend_pre (doublement robuste) ; contrôle = not_yet_treated ; fenêtre 2003-2024 ; 5558 traitées, 0 jamais traitées sur la fenêtre ; ATT(g,t) identifiés jusqu'en 2022 (sans unité jamais traitée, la dernière cohorte sert de contrôle)",event,0.0,5558.0,0.0,0.0,2003.0,2024.0,2003.0,2022.0,5558.0,5.0,dr,9.0,5498.0,,,,,
h2,H2,H2c,"log(naissances+0,5 / 1 000 f. 30-34)","unités avec covariables, bascule 4G",cs,-4,0.03327393810873833,0.01977159652748088,-0.005477679001981393,0.07202555521945805,0.09239133449477041,5558,122276,False," ; covariables : log_pop, share_women_1549, level_pre, pretrend_pre (doublement robuste) ; contrôle = not_yet_treated ; fenêtre 2003-2024 ; 5558 traitées, 0 jamais traitées sur la fenêtre ; ATT(g,t) identifiés jusqu'en 2022 (sans unité jamais traitée, la dernière cohorte sert de contrôle)",event,0.0,5558.0,0.0,0.0,2003.0,2024.0,2003.0,2022.0,5558.0,5.0,dr,9.0,5498.0,,,,,
h2,H2,H2c,"log(naissances+0,5 / 1 000 f. 30-34)","unités avec covariables, bascule 4G",cs,-3,-0.014608371190233534,0.021456533483365625,-0.05666240405070791,0.027445661670240845,0.4959755405912063,5558,122276,False," ; covariables : log_pop, share_women_1549, level_pre, pretrend_pre (doublement robuste) ; contrôle = not_yet_treated ; fenêtre 2003-2024 ; 5558 traitées, 0 jamais traitées sur la fenêtre ; ATT(g,t) identifiés jusqu'en 2022 (sans unité jamais traitée, la dernière cohorte sert de contrôle)",event,0.0,5558.0,0.0,0.0,2003.0,2024.0,2003.0,2022.0,5558.0,5.0,dr,9.0,5498.0,,,,,
h2,H2,H2c,"log(naissances+0,5 / 1 000 f. 30-34)","unités avec covariables, bascule 4G",cs,-2,-0.01341148852746573,0.019336580512294158,-0.05131048991572135,0.024487512860789887,0.48794489314949596,5558,122276,False," ; covariables : log_pop, share_women_1549, level_pre, pretrend_pre (doublement robuste) ; contrôle = not_yet_treated ; fenêtre 2003-2024 ; 5558 traitées, 0 jamais traitées sur la fenêtre ; ATT(g,t) identifiés jusqu'en 2022 (sans unité jamais traitée, la dernière cohorte sert de contrôle)",event,0.0,5558.0,0.0,0.0,2003.0,2024.0,2003.0,2022.0,5558.0,5.0,dr,9.0,5498.0,,,,,
h2,H2,H2c,"log(naissances+0,5 / 1 000 f. 30-34)","unités avec covariables, bascule 4G",cs,0,-0.011710765931208414,0.012075120961552357,-0.0353775681248157,0.011956036262398873,0.3321332443124707,5558,122276,False," ; covariables : log_pop, share_women_1549, level_pre, pretrend_pre (doublement robuste) ; contrôle = not_yet_treated ; fenêtre 2003-2024 ; 5558 traitées, 0 jamais traitées sur la fenêtre ; ATT(g,t) identifiés jusqu'en 2022 (sans unité jamais traitée, la dernière cohorte sert de contrôle)",event,0.0,5558.0,0.0,0.0,2003.0,2024.0,2003.0,2022.0,5558.0,5.0,dr,9.0,5498.0,,,,,
h2,H2,H2c,"log(naissances+0,5 / 1 000 f. 30-34)","unités avec covariables, bascule 4G",cs,1,0.03905309845481513,0.058122043249448745,-0.07486401302198378,0.15297020993161403,0.5016375282885523,5558,122276,False," ; covariables : log_pop, share_women_1549, level_pre, pretrend_pre (doublement robuste) ; contrôle = not_yet_treated ; fenêtre 2003-2024 ; 5558 traitées, 0 jamais traitées sur la fenêtre ; ATT(g,t) identifiés jusqu'en 2022 (sans unité jamais traitée, la dernière cohorte sert de contrôle)",event,0.0,5558.0,0.0,0.0,2003.0,2024.0,2003.0,2022.0,5558.0,5.0,dr,8.0,5438.0,,,,,
h2,H2,H2c,"log(naissances+0,5 / 1 000 f. 30-34)","unités avec covariables, bascule 4G",cs,2,0.04681319757646343,0.04115050924575399,-0.033840318490696894,0.12746671364362377,0.25528370661475674,5558,122276,False," ; covariables : log_pop, share_women_1549, level_pre, pretrend_pre (doublement robuste) ; contrôle = not_yet_treated ; fenêtre 2003-2024 ; 5558 traitées, 0 jamais traitées sur la fenêtre ; ATT(g,t) identifiés jusqu'en 2022 (sans unité jamais traitée, la dernière cohorte sert de contrôle)",event,0.0,5558.0,0.0,0.0,2003.0,2024.0,2003.0,2022.0,5558.0,5.0,dr,7.0,5268.0,,,,,
h2,H2,H2c,"log(naissances+0,5 / 1 000 f. 30-34)","unités avec covariables, bascule 4G",cs,3,-0.010590604812052776,0.031565315108212685,-0.07245748558480768,0.051276275960702125,0.7372373933368679,5558,122276,False," ; covariables : log_pop, share_women_1549, level_pre, pretrend_pre (doublement robuste) ; contrôle = not_yet_treated ; fenêtre 2003-2024 ; 5558 traitées, 0 jamais traitées sur la fenêtre ; ATT(g,t) identifiés jusqu'en 2022 (sans unité jamais traitée, la dernière cohorte sert de contrôle)",event,0.0,5558.0,0.0,0.0,2003.0,2024.0,2003.0,2022.0,5558.0,5.0,dr,6.0,4844.0,,,,,
h2,H2,H2c,"log(naissances+0,5 / 1 000 f. 30-34)","unités avec covariables, bascule 4G",cs,4,-0.07018589532161795,0.035914131728619736,-0.14057630004573987,0.0002045094025039662,0.050669343772445405,5558,122276,False," ; covariables : log_pop, share_women_1549, level_pre, pretrend_pre (doublement robuste) ; contrôle = not_yet_treated ; fenêtre 2003-2024 ; 5558 traitées, 0 jamais traitées sur la fenêtre ; ATT(g,t) identifiés jusqu'en 2022 (sans unité jamais traitée, la dernière cohorte sert de contrôle)",event,0.0,5558.0,0.0,0.0,2003.0,2024.0,2003.0,2022.0,5558.0,5.0,dr,5.0,4445.0,,,,,
h2,H2,H2c,"log(naissances+0,5 / 1 000 f. 30-34)","unités avec covariables, bascule 4G",cs,5,-0.15337312951522863,0.07640295985418333,-0.30312017914168754,-0.003626079888769701,0.04470454349945161,5558,122276,False," ; covariables : log_pop, share_women_1549, level_pre, pretrend_pre (doublement robuste) ; contrôle = not_yet_treated ; fenêtre 2003-2024 ; 5558 traitées, 0 jamais traitées sur la fenêtre ; ATT(g,t) identifiés jusqu'en 2022 (sans unité jamais traitée, la dernière cohorte sert de contrôle)",event,0.0,5558.0,0.0,0.0,2003.0,2024.0,2003.0,2022.0,5558.0,5.0,dr,4.0,3767.0,,,,,
h2,H2,H2c,"log(naissances+0,5 / 1 000 f. 30-34)","unités avec covariables, bascule 4G",cs,6,-0.1469738501412075,0.13842319538870312,-0.41827832772801654,0.12433062744560153,0.2883392790369176,5558,122276,False," ; covariables : log_pop, share_women_1549, level_pre, pretrend_pre (doublement robuste) ; contrôle = not_yet_treated ; fenêtre 2003-2024 ; 5558 traitées, 0 jamais traitées sur la fenêtre ; ATT(g,t) identifiés jusqu'en 2022 (sans unité jamais traitée, la dernière cohorte sert de contrôle)",event,0.0,5558.0,0.0,0.0,2003.0,2024.0,2003.0,2022.0,5558.0,5.0,dr,3.0,1032.0,,,,,
h2,H2,H2c,"log(naissances+0,5 / 1 000 f. 30-34)","unités avec covariables, bascule 4G",cs,7,-0.25321554358682596,0.2933418928111694,-0.8281550886535269,0.321724001479875,0.3880222258768061,5558,122276,False," ; covariables : log_pop, share_women_1549, level_pre, pretrend_pre (doublement robuste) ; contrôle = not_yet_treated ; fenêtre 2003-2024 ; 5558 traitées, 0 jamais traitées sur la fenêtre ; ATT(g,t) identifiés jusqu'en 2022 (sans unité jamais traitée, la dernière cohorte sert de contrôle)",event,0.0,5558.0,0.0,0.0,2003.0,2024.0,2003.0,2022.0,5558.0,5.0,dr,2.0,481.0,,,,,
h2,H2,H2c,"log(naissances+0,5 / 1 000 f. 30-34)","unités avec covariables, bascule 4G",cs,8,0.061037592820624376,0.3488074806468818,-0.6226125067854158,0.7446876924266645,0.8610880052997449,5558,122276,False," ; covariables : log_pop, share_women_1549, level_pre, pretrend_pre (doublement robuste) ; contrôle = not_yet_treated ; fenêtre 2003-2024 ; 5558 traitées, 0 jamais traitées sur la fenêtre ; ATT(g,t) identifiés jusqu'en 2022 (sans unité jamais traitée, la dernière cohorte sert de contrôle)",event,0.0,5558.0,0.0,0.0,2003.0,2024.0,2003.0,2022.0,5558.0,5.0,dr,1.0,187.0,,,,,
h2,H2,H2c,"log(naissances+0,5 / 1 000 f. 30-34)","unités avec covariables, bascule 4G",cs,"ATT[1,5]",-0.029656666723524162,0.03233048457111381,-0.09302325208563511,0.03370991863858679,0.3589868634309781,5558,122276,False," ; covariables : log_pop, share_women_1549, level_pre, pretrend_pre (doublement robuste) ; contrôle = not_yet_treated ; fenêtre 2003-2024 ; 5558 traitées, 0 jamais traitées sur la fenêtre ; ATT(g,t) identifiés jusqu'en 2022 (sans unité jamais traitée, la dernière cohorte sert de contrôle) ; écart-type avec covariance complète des coefficients (fonctions d'influence)",post_avg,0.0,5558.0,0.0,0.0,2003.0,2024.0,2003.0,2022.0,5558.0,5.0,dr,,,,,5.0,,
h2,H2,H2c,"log(naissances+0,5 / 1 000 f. 30-34)","unités avec covariables, bascule 4G",cs,ATT,-0.026114229654756606,0.028269674115094217,-0.0815217727750255,0.029293313465512283,0.3556143158103082,5558,122276,False," ; covariables : log_pop, share_women_1549, level_pre, pretrend_pre (doublement robuste) ; contrôle = not_yet_treated ; fenêtre 2003-2024 ; 5558 traitées, 0 jamais traitées sur la fenêtre ; ATT(g,t) identifiés jusqu'en 2022 (sans unité jamais traitée, la dernière cohorte sert de contrôle) ; moyenne de tous les ATT(g,t) post",simple,0.0,5558.0,0.0,0.0,2003.0,2024.0,2003.0,2022.0,5558.0,5.0,dr,,,,,,,
h2,H2,H2c,"log(naissances+0,5 / 1 000 f. 30-34)","unités avec covariables, bascule 4G",cs,Wald pré (-8..-2),6.804429355279339,,,,0.44952289380801935,5558,122276,False,"H5c : test de Wald joint de nullité des coefficients pré avec covariance des fonctions d'influence, df = 7 ; fenêtre 2003-2024 ; 5558 traitées, 0 jamais traitées sur la fenêtre",pre_test,0.0,5558.0,0.0,0.0,2003.0,2024.0,2003.0,2022.0,5558.0,5.0,dr,,,,,,7.0,
h2,H2,H2c,"log(naissances+0,5 / 1 000 f. 30-34)","unités avec covariables, bascule 4G ; fenêtre identifiée ≤ 2022, cohorte 2023 = contrôle",sunab,-8,0.10586936860043271,0.06066276174228629,-0.013027459617182685,0.2247661968180481,0.08094800514282106,5558,122276,False," ; fenêtre 2003-2024 ; 5558 traitées, 0 jamais traitées sur la fenêtre ; covariables invariantes dans le temps absorbées par les effets fixes unité : log_pop, share_women_1549, level_pre, pretrend_pre ; comparaisons sur la fenêtre identifiée (années < 2023, cohorte 2023 recodée contrôle, 60 unités de contrôle) ; cellules −8 et +8 bornées",event,0.0,5558.0,0.0,0.0,2003.0,2024.0,,,,,,,,,,,,
h2,H2,H2c,"log(naissances+0,5 / 1 000 f. 30-34)","unités avec covariables, bascule 4G ; fenêtre identifiée ≤ 2022, cohorte 2023 = contrôle",sunab,-7,0.11491825914944791,0.059008735438032305,-0.0007367370823477826,0.2305732553812436,0.05147736328796834,5558,122276,False," ; fenêtre 2003-2024 ; 5558 traitées, 0 jamais traitées sur la fenêtre ; covariables invariantes dans le temps absorbées par les effets fixes unité : log_pop, share_women_1549, level_pre, pretrend_pre ; comparaisons sur la fenêtre identifiée (années < 2023, cohorte 2023 recodée contrôle, 60 unités de contrôle) ; cellules −8 et +8 bornées",event,0.0,5558.0,0.0,0.0,2003.0,2024.0,,,,,,,,,,,,
h2,H2,H2c,"log(naissances+0,5 / 1 000 f. 30-34)","unités avec covariables, bascule 4G ; fenêtre identifiée ≤ 2022, cohorte 2023 = contrôle",sunab,-6,0.09732762702630529,0.056453302992955555,-0.013318813648214842,0.20797406770082544,0.08470102355064486,5558,122276,False," ; fenêtre 2003-2024 ; 5558 traitées, 0 jamais traitées sur la fenêtre ; covariables invariantes dans le temps absorbées par les effets fixes unité : log_pop, share_women_1549, level_pre, pretrend_pre ; comparaisons sur la fenêtre identifiée (années < 2023, cohorte 2023 recodée contrôle, 60 unités de contrôle) ; cellules −8 et +8 bornées",event,0.0,5558.0,0.0,0.0,2003.0,2024.0,,,,,,,,,,,,
h2,H2,H2c,"log(naissances+0,5 / 1 000 f. 30-34)","unités avec covariables, bascule 4G ; fenêtre identifiée ≤ 2022, cohorte 2023 = contrôle",sunab,-5,0.10996525066844418,0.05215123610321677,0.007750706156894313,0.21217979517999402,0.03498052396456207,5558,122276,False," ; fenêtre 2003-2024 ; 5558 traitées, 0 jamais traitées sur la fenêtre ; covariables invariantes dans le temps absorbées par les effets fixes unité : log_pop, share_women_1549, level_pre, pretrend_pre ; comparaisons sur la fenêtre identifiée (années < 2023, cohorte 2023 recodée contrôle, 60 unités de contrôle) ; cellules −8 et +8 bornées",event,0.0,5558.0,0.0,0.0,2003.0,2024.0,,,,,,,,,,,,
h2,H2,H2c,"log(naissances+0,5 / 1 000 f. 30-34)","unités avec covariables, bascule 4G ; fenêtre identifiée ≤ 2022, cohorte 2023 = contrôle",sunab,-4,0.08198523944541045,0.04652634082795591,-0.009204712909818613,0.1731751918006395,0.0780481398802713,5558,122276,False," ; fenêtre 2003-2024 ; 5558 traitées, 0 jamais traitées sur la fenêtre ; covariables invariantes dans le temps absorbées par les effets fixes unité : log_pop, share_women_1549, level_pre, pretrend_pre ; comparaisons sur la fenêtre identifiée (années < 2023, cohorte 2023 recodée contrôle, 60 unités de contrôle) ; cellules −8 et +8 bornées",event,0.0,5558.0,0.0,0.0,2003.0,2024.0,,,,,,,,,,,,
h2,H2,H2c,"log(naissances+0,5 / 1 000 f. 30-34)","unités avec covariables, bascule 4G ; fenêtre identifiée ≤ 2022, cohorte 2023 = contrôle",sunab,-3,0.022882672324900696,0.04200963388415999,-0.05945469709176639,0.10522004174156778,0.5859594596114038,5558,122276,False," ; fenêtre 2003-2024 ; 5558 traitées, 0 jamais traitées sur la fenêtre ; covariables invariantes dans le temps absorbées par les effets fixes unité : log_pop, share_women_1549, level_pre, pretrend_pre ; comparaisons sur la fenêtre identifiée (années < 2023, cohorte 2023 recodée contrôle, 60 unités de contrôle) ; cellules −8 et +8 bornées",event,0.0,5558.0,0.0,0.0,2003.0,2024.0,,,,,,,,,,,,
h2,H2,H2c,"log(naissances+0,5 / 1 000 f. 30-34)","unités avec covariables, bascule 4G ; fenêtre identifiée ≤ 2022, cohorte 2023 = contrôle",sunab,-2,-0.037529274959830744,0.0315586643731966,-0.0993831205314834,0.02432457061182191,0.234364573686343,5558,122276,False," ; fenêtre 2003-2024 ; 5558 traitées, 0 jamais traitées sur la fenêtre ; covariables invariantes dans le temps absorbées par les effets fixes unité : log_pop, share_women_1549, level_pre, pretrend_pre ; comparaisons sur la fenêtre identifiée (années < 2023, cohorte 2023 recodée contrôle, 60 unités de contrôle) ; cellules −8 et +8 bornées",event,0.0,5558.0,0.0,0.0,2003.0,2024.0,,,,,,,,,,,,
h2,H2,H2c,"log(naissances+0,5 / 1 000 f. 30-34)","unités avec covariables, bascule 4G ; fenêtre identifiée ≤ 2022, cohorte 2023 = contrôle",sunab,0,-0.042302899956912804,0.033414852567860504,-0.10779480753863513,0.02318900762480952,0.2055163329472277,5558,122276,False," ; fenêtre 2003-2024 ; 5558 traitées, 0 jamais traitées sur la fenêtre ; covariables invariantes dans le temps absorbées par les effets fixes unité : log_pop, share_women_1549, level_pre, pretrend_pre ; comparaisons sur la fenêtre identifiée (années < 2023, cohorte 2023 recodée contrôle, 60 unités de contrôle) ; cellules −8 et +8 bornées",event,0.0,5558.0,0.0,0.0,2003.0,2024.0,,,,,,,,,,,,
h2,H2,H2c,"log(naissances+0,5 / 1 000 f. 30-34)","unités avec covariables, bascule 4G ; fenêtre identifiée ≤ 2022, cohorte 2023 = contrôle",sunab,1,-0.056552754532058894,0.04033106841846971,-0.13560019609028032,0.02249468702616253,0.16085160567281276,5558,122276,False," ; fenêtre 2003-2024 ; 5558 traitées, 0 jamais traitées sur la fenêtre ; covariables invariantes dans le temps absorbées par les effets fixes unité : log_pop, share_women_1549, level_pre, pretrend_pre ; comparaisons sur la fenêtre identifiée (années < 2023, cohorte 2023 recodée contrôle, 60 unités de contrôle) ; cellules −8 et +8 bornées",event,0.0,5558.0,0.0,0.0,2003.0,2024.0,,,,,,,,,,,,
h2,H2,H2c,"log(naissances+0,5 / 1 000 f. 30-34)","unités avec covariables, bascule 4G ; fenêtre identifiée ≤ 2022, cohorte 2023 = contrôle",sunab,2,-0.09761602046666479,0.04498940574585129,-0.18579363541439267,-0.009438405518936904,0.030025356442540268,5558,122276,False," ; fenêtre 2003-2024 ; 5558 traitées, 0 jamais traitées sur la fenêtre ; covariables invariantes dans le temps absorbées par les effets fixes unité : log_pop, share_women_1549, level_pre, pretrend_pre ; comparaisons sur la fenêtre identifiée (années < 2023, cohorte 2023 recodée contrôle, 60 unités de contrôle) ; cellules −8 et +8 bornées",event,0.0,5558.0,0.0,0.0,2003.0,2024.0,,,,,,,,,,,,
h2,H2,H2c,"log(naissances+0,5 / 1 000 f. 30-34)","unités avec covariables, bascule 4G ; fenêtre identifiée ≤ 2022, cohorte 2023 = contrôle",sunab,3,-0.0971854388842821,0.06591108992880026,-0.2263688013265113,0.03199792355794709,0.14034890855252577,5558,122276,False," ; fenêtre 2003-2024 ; 5558 traitées, 0 jamais traitées sur la fenêtre ; covariables invariantes dans le temps absorbées par les effets fixes unité : log_pop, share_women_1549, level_pre, pretrend_pre ; comparaisons sur la fenêtre identifiée (années < 2023, cohorte 2023 recodée contrôle, 60 unités de contrôle) ; cellules −8 et +8 bornées",event,0.0,5558.0,0.0,0.0,2003.0,2024.0,,,,,,,,,,,,
h2,H2,H2c,"log(naissances+0,5 / 1 000 f. 30-34)","unités avec covariables, bascule 4G ; fenêtre identifiée ≤ 2022, cohorte 2023 = contrôle",sunab,4,-0.18733603260076978,0.05572792892085759,-0.29656076621865873,-0.07811129898288083,0.0007748712136051154,5558,122276,False," ; fenêtre 2003-2024 ; 5558 traitées, 0 jamais traitées sur la fenêtre ; covariables invariantes dans le temps absorbées par les effets fixes unité : log_pop, share_women_1549, level_pre, pretrend_pre ; comparaisons sur la fenêtre identifiée (années < 2023, cohorte 2023 recodée contrôle, 60 unités de contrôle) ; cellules −8 et +8 bornées",event,0.0,5558.0,0.0,0.0,2003.0,2024.0,,,,,,,,,,,,
h2,H2,H2c,"log(naissances+0,5 / 1 000 f. 30-34)","unités avec covariables, bascule 4G ; fenêtre identifiée ≤ 2022, cohorte 2023 = contrôle",sunab,5,-0.23635650511711156,0.05659426131895033,-0.3472792190339025,-0.1254337912003206,2.962454995032548e-05,5558,122276,False," ; fenêtre 2003-2024 ; 5558 traitées, 0 jamais traitées sur la fenêtre ; covariables invariantes dans le temps absorbées par les effets fixes unité : log_pop, share_women_1549, level_pre, pretrend_pre ; comparaisons sur la fenêtre identifiée (années < 2023, cohorte 2023 recodée contrôle, 60 unités de contrôle) ; cellules −8 et +8 bornées",event,0.0,5558.0,0.0,0.0,2003.0,2024.0,,,,,,,,,,,,
h2,H2,H2c,"log(naissances+0,5 / 1 000 f. 30-34)","unités avec covariables, bascule 4G ; fenêtre identifiée ≤ 2022, cohorte 2023 = contrôle",sunab,6,-0.2442223657787754,0.05569927104412327,-0.3533909309903917,-0.1350538005671591,1.161670738142037e-05,5558,122276,False," ; fenêtre 2003-2024 ; 5558 traitées, 0 jamais traitées sur la fenêtre ; covariables invariantes dans le temps absorbées par les effets fixes unité : log_pop, share_women_1549, level_pre, pretrend_pre ; comparaisons sur la fenêtre identifiée (années < 2023, cohorte 2023 recodée contrôle, 60 unités de contrôle) ; cellules −8 et +8 bornées",event,0.0,5558.0,0.0,0.0,2003.0,2024.0,,,,,,,,,,,,
h2,H2,H2c,"log(naissances+0,5 / 1 000 f. 30-34)","unités avec covariables, bascule 4G ; fenêtre identifiée ≤ 2022, cohorte 2023 = contrôle",sunab,7,-0.35701348040706077,0.06497784727375443,-0.48436772085656354,-0.22965923995755796,3.920684688769952e-08,5558,122276,False," ; fenêtre 2003-2024 ; 5558 traitées, 0 jamais traitées sur la fenêtre ; covariables invariantes dans le temps absorbées par les effets fixes unité : log_pop, share_women_1549, level_pre, pretrend_pre ; comparaisons sur la fenêtre identifiée (années < 2023, cohorte 2023 recodée contrôle, 60 unités de contrôle) ; cellules −8 et +8 bornées",event,0.0,5558.0,0.0,0.0,2003.0,2024.0,,,,,,,,,,,,
h2,H2,H2c,"log(naissances+0,5 / 1 000 f. 30-34)","unités avec covariables, bascule 4G ; fenêtre identifiée ≤ 2022, cohorte 2023 = contrôle",sunab,8,-0.5188858471365344,0.06469377461328585,-0.6456833154025263,-0.3920883788705425,1.0519070595260988e-15,5558,122276,False," ; fenêtre 2003-2024 ; 5558 traitées, 0 jamais traitées sur la fenêtre ; covariables invariantes dans le temps absorbées par les effets fixes unité : log_pop, share_women_1549, level_pre, pretrend_pre ; comparaisons sur la fenêtre identifiée (années < 2023, cohorte 2023 recodée contrôle, 60 unités de contrôle) ; cellules −8 et +8 bornées",event,0.0,5558.0,0.0,0.0,2003.0,2024.0,,,,,,,,,,,,
h2,H2,H2c,"log(naissances+0,5 / 1 000 f. 30-34)","unités avec covariables, bascule 4G ; fenêtre identifiée ≤ 2022, cohorte 2023 = contrôle",sunab,"ATT[1,5]",-0.13500935032017744,0.04813830655483943,-0.22935869744441112,-0.04066000319594375,0.005037692840474514,5558,122276,False," ; fenêtre 2003-2024 ; 5558 traitées, 0 jamais traitées sur la fenêtre ; covariables invariantes dans le temps absorbées par les effets fixes unité : log_pop, share_women_1549, level_pre, pretrend_pre ; comparaisons sur la fenêtre identifiée (années < 2023, cohorte 2023 recodée contrôle, 60 unités de contrôle) ; écart-type avec covariance complète (w'Vw)",post_avg,0.0,5558.0,0.0,0.0,2003.0,2024.0,,,,,,,,,,,,
h2,H2,H2c,"log(naissances+0,5 / 1 000 f. 30-34)","unités avec covariables, bascule 4G ; fenêtre identifiée ≤ 2022, cohorte 2023 = contrôle",sunab,Wald pré (-8..−2),22.65548936816555,,,,0.0019566740502993682,5558,122276,False,"test de Wald joint, covariance groupée, df = 7 ; fenêtre 2003-2024 ; 5558 traitées, 0 jamais traitées sur la fenêtre",pre_test,0.0,5558.0,0.0,0.0,2003.0,2024.0,,,,,,,,,,,7.0,
h2,H2,H2c,"log(naissances+0,5 / 1 000 f. 30-34)","unités avec covariables, bascule 4G ; fenêtre identifiée ≤ 2022, cohorte 2023 = contrôle",did2s,-8,-0.0007239702638394334,0.0006341727451906573,-0.0019669260043900186,0.0005189854767111519,0.253621204094851,5558,122276,False," ; fenêtre 2003-2024 ; 5558 traitées, 0 jamais traitées sur la fenêtre ; covariables invariantes dans le temps absorbées par les effets fixes unité : log_pop, share_women_1549, level_pre, pretrend_pre ; comparaisons sur la fenêtre identifiée (années < 2023, cohorte 2023 recodée contrôle, 60 unités de contrôle) ; cellules −8 et +8 bornées ; did2s en deux étapes implémenté directement (pyfixest.did2s dépasse la mémoire au-delà de 5 000 unités), écarts-types par bootstrap par grappes (50 tirages, grappe = unit)",event,0.0,5558.0,0.0,0.0,2003.0,2024.0,,,,,,,,,,,,
h2,H2,H2c,"log(naissances+0,5 / 1 000 f. 30-34)","unités avec covariables, bascule 4G ; fenêtre identifiée ≤ 2022, cohorte 2023 = contrôle",did2s,-7,0.00033367747062898294,0.003485239695744886,-0.0064972668105203295,0.007164621751778295,0.9237269296128372,5558,122276,False," ; fenêtre 2003-2024 ; 5558 traitées, 0 jamais traitées sur la fenêtre ; covariables invariantes dans le temps absorbées par les effets fixes unité : log_pop, share_women_1549, level_pre, pretrend_pre ; comparaisons sur la fenêtre identifiée (années < 2023, cohorte 2023 recodée contrôle, 60 unités de contrôle) ; cellules −8 et +8 bornées ; did2s en deux étapes implémenté directement (pyfixest.did2s dépasse la mémoire au-delà de 5 000 unités), écarts-types par bootstrap par grappes (50 tirages, grappe = unit)",event,0.0,5558.0,0.0,0.0,2003.0,2024.0,,,,,,,,,,,,
h2,H2,H2c,"log(naissances+0,5 / 1 000 f. 30-34)","unités avec covariables, bascule 4G ; fenêtre identifiée ≤ 2022, cohorte 2023 = contrôle",did2s,-6,-0.010114946176559088,0.002851183746391419,-0.015703163632792252,-0.004526728720325924,0.00038871325599755833,5558,122276,False," ; fenêtre 2003-2024 ; 5558 traitées, 0 jamais traitées sur la fenêtre ; covariables invariantes dans le temps absorbées par les effets fixes unité : log_pop, share_women_1549, level_pre, pretrend_pre ; comparaisons sur la fenêtre identifiée (années < 2023, cohorte 2023 recodée contrôle, 60 unités de contrôle) ; cellules −8 et +8 bornées ; did2s en deux étapes implémenté directement (pyfixest.did2s dépasse la mémoire au-delà de 5 000 unités), écarts-types par bootstrap par grappes (50 tirages, grappe = unit)",event,0.0,5558.0,0.0,0.0,2003.0,2024.0,,,,,,,,,,,,
h2,H2,H2c,"log(naissances+0,5 / 1 000 f. 30-34)","unités avec covariables, bascule 4G ; fenêtre identifiée ≤ 2022, cohorte 2023 = contrôle",did2s,-5,-0.004905554811543125,0.003916497794898132,-0.012581749435074004,0.002770639811987754,0.21037458831403977,5558,122276,False," ; fenêtre 2003-2024 ; 5558 traitées, 0 jamais traitées sur la fenêtre ; covariables invariantes dans le temps absorbées par les effets fixes unité : log_pop, share_women_1549, level_pre, pretrend_pre ; comparaisons sur la fenêtre identifiée (années < 2023, cohorte 2023 recodée contrôle, 60 unités de contrôle) ; cellules −8 et +8 bornées ; did2s en deux étapes implémenté directement (pyfixest.did2s dépasse la mémoire au-delà de 5 000 unités), écarts-types par bootstrap par grappes (50 tirages, grappe = unit)",event,0.0,5558.0,0.0,0.0,2003.0,2024.0,,,,,,,,,,,,
h2,H2,H2c,"log(naissances+0,5 / 1 000 f. 30-34)","unités avec covariables, bascule 4G ; fenêtre identifiée ≤ 2022, cohorte 2023 = contrôle",did2s,-4,0.00037050231182515704,0.003002289270256483,-0.0055138765290485905,0.006254881152698904,0.9017851307780926,5558,122276,False," ; fenêtre 2003-2024 ; 5558 traitées, 0 jamais traitées sur la fenêtre ; covariables invariantes dans le temps absorbées par les effets fixes unité : log_pop, share_women_1549, level_pre, pretrend_pre ; comparaisons sur la fenêtre identifiée (années < 2023, cohorte 2023 recodée contrôle, 60 unités de contrôle) ; cellules −8 et +8 bornées ; did2s en deux étapes implémenté directement (pyfixest.did2s dépasse la mémoire au-delà de 5 000 unités), écarts-types par bootstrap par grappes (50 tirages, grappe = unit)",event,0.0,5558.0,0.0,0.0,2003.0,2024.0,,,,,,,,,,,,
h2,H2,H2c,"log(naissances+0,5 / 1 000 f. 30-34)","unités avec covariables, bascule 4G ; fenêtre identifiée ≤ 2022, cohorte 2023 = contrôle",did2s,-3,0.005149868917062215,0.0037004875328535566,-0.0021029533725702354,0.012402691206694665,0.16402141489699773,5558,122276,False," ; fenêtre 2003-2024 ; 5558 traitées, 0 jamais traitées sur la fenêtre ; covariables invariantes dans le temps absorbées par les effets fixes unité : log_pop, share_women_1549, level_pre, pretrend_pre ; comparaisons sur la fenêtre identifiée (années < 2023, cohorte 2023 recodée contrôle, 60 unités de contrôle) ; cellules −8 et +8 bornées ; did2s en deux étapes implémenté directement (pyfixest.did2s dépasse la mémoire au-delà de 5 000 unités), écarts-types par bootstrap par grappes (50 tirages, grappe = unit)",event,0.0,5558.0,0.0,0.0,2003.0,2024.0,,,,,,,,,,,,
h2,H2,H2c,"log(naissances+0,5 / 1 000 f. 30-34)","unités avec covariables, bascule 4G ; fenêtre identifiée ≤ 2022, cohorte 2023 = contrôle",did2s,-2,0.007303854296455718,0.00319238576573711,0.0010468931708526603,0.013560815422058775,0.022143438316733814,5558,122276,False," ; fenêtre 2003-2024 ; 5558 traitées, 0 jamais traitées sur la fenêtre ; covariables invariantes dans le temps absorbées par les effets fixes unité : log_pop, share_women_1549, level_pre, pretrend_pre ; comparaisons sur la fenêtre identifiée (années < 2023, cohorte 2023 recodée contrôle, 60 unités de contrôle) ; cellules −8 et +8 bornées ; did2s en deux étapes implémenté directement (pyfixest.did2s dépasse la mémoire au-delà de 5 000 unités), écarts-types par bootstrap par grappes (50 tirages, grappe = unit)",event,0.0,5558.0,0.0,0.0,2003.0,2024.0,,,,,,,,,,,,
h2,H2,H2c,"log(naissances+0,5 / 1 000 f. 30-34)","unités avec covariables, bascule 4G ; fenêtre identifiée ≤ 2022, cohorte 2023 = contrôle",did2s,0,-0.010833046197094544,0.006770066296277224,-0.02410213231074638,0.0024360399165572894,0.10956778085009648,5558,122276,False," ; fenêtre 2003-2024 ; 5558 traitées, 0 jamais traitées sur la fenêtre ; covariables invariantes dans le temps absorbées par les effets fixes unité : log_pop, share_women_1549, level_pre, pretrend_pre ; comparaisons sur la fenêtre identifiée (années < 2023, cohorte 2023 recodée contrôle, 60 unités de contrôle) ; cellules −8 et +8 bornées ; did2s en deux étapes implémenté directement (pyfixest.did2s dépasse la mémoire au-delà de 5 000 unités), écarts-types par bootstrap par grappes (50 tirages, grappe = unit)",event,0.0,5558.0,0.0,0.0,2003.0,2024.0,,,,,,,,,,,,
h2,H2,H2c,"log(naissances+0,5 / 1 000 f. 30-34)","unités avec covariables, bascule 4G ; fenêtre identifiée ≤ 2022, cohorte 2023 = contrôle",did2s,1,-0.025991215605938,0.007759468503982267,-0.041199494412916135,-0.010782936798959863,0.0008092457580047969,5558,122276,False," ; fenêtre 2003-2024 ; 5558 traitées, 0 jamais traitées sur la fenêtre ; covariables invariantes dans le temps absorbées par les effets fixes unité : log_pop, share_women_1549, level_pre, pretrend_pre ; comparaisons sur la fenêtre identifiée (années < 2023, cohorte 2023 recodée contrôle, 60 unités de contrôle) ; cellules −8 et +8 bornées ; did2s en deux étapes implémenté directement (pyfixest.did2s dépasse la mémoire au-delà de 5 000 unités), écarts-types par bootstrap par grappes (50 tirages, grappe = unit)",event,0.0,5558.0,0.0,0.0,2003.0,2024.0,,,,,,,,,,,,
h2,H2,H2c,"log(naissances+0,5 / 1 000 f. 30-34)","unités avec covariables, bascule 4G ; fenêtre identifiée ≤ 2022, cohorte 2023 = contrôle",did2s,2,-0.04223561726971226,0.011133799655631499,-0.06405746360583446,-0.020413770933590068,0.00014856291475071688,5558,122276,False," ; fenêtre 2003-2024 ; 5558 traitées, 0 jamais traitées sur la fenêtre ; covariables invariantes dans le temps absorbées par les effets fixes unité : log_pop, share_women_1549, level_pre, pretrend_pre ; comparaisons sur la fenêtre identifiée (années < 2023, cohorte 2023 recodée contrôle, 60 unités de contrôle) ; cellules −8 et +8 bornées ; did2s en deux étapes implémenté directement (pyfixest.did2s dépasse la mémoire au-delà de 5 000 unités), écarts-types par bootstrap par grappes (50 tirages, grappe = unit)",event,0.0,5558.0,0.0,0.0,2003.0,2024.0,,,,,,,,,,,,
h2,H2,H2c,"log(naissances+0,5 / 1 000 f. 30-34)","unités avec covariables, bascule 4G ; fenêtre identifiée ≤ 2022, cohorte 2023 = contrôle",did2s,3,-0.06095873708084112,0.01696147523816823,-0.09420261767231877,-0.027714856489363456,0.00032569918430000813,5558,122276,False," ; fenêtre 2003-2024 ; 5558 traitées, 0 jamais traitées sur la fenêtre ; covariables invariantes dans le temps absorbées par les effets fixes unité : log_pop, share_women_1549, level_pre, pretrend_pre ; comparaisons sur la fenêtre identifiée (années < 2023, cohorte 2023 recodée contrôle, 60 unités de contrôle) ; cellules −8 et +8 bornées ; did2s en deux étapes implémenté directement (pyfixest.did2s dépasse la mémoire au-delà de 5 000 unités), écarts-types par bootstrap par grappes (50 tirages, grappe = unit)",event,0.0,5558.0,0.0,0.0,2003.0,2024.0,,,,,,,,,,,,
h2,H2,H2c,"log(naissances+0,5 / 1 000 f. 30-34)","unités avec covariables, bascule 4G ; fenêtre identifiée ≤ 2022, cohorte 2023 = contrôle",did2s,4,-0.14311030921515944,0.02740681429746328,-0.19682667816916488,-0.08939394026115399,1.7728287961835123e-07,5558,122276,False," ; fenêtre 2003-2024 ; 5558 traitées, 0 jamais traitées sur la fenêtre ; covariables invariantes dans le temps absorbées par les effets fixes unité : log_pop, share_women_1549, level_pre, pretrend_pre ; comparaisons sur la fenêtre identifiée (années < 2023, cohorte 2023 recodée contrôle, 60 unités de contrôle) ; cellules −8 et +8 bornées ; did2s en deux étapes implémenté directement (pyfixest.did2s dépasse la mémoire au-delà de 5 000 unités), écarts-types par bootstrap par grappes (50 tirages, grappe = unit)",event,0.0,5558.0,0.0,0.0,2003.0,2024.0,,,,,,,,,,,,
h2,H2,H2c,"log(naissances+0,5 / 1 000 f. 30-34)","unités avec covariables, bascule 4G ; fenêtre identifiée ≤ 2022, cohorte 2023 = contrôle",did2s,5,-0.23772717822732367,0.03764551025148913,-0.3115110224998757,-0.1639433339547716,2.703573279891377e-10,5558,122276,False," ; fenêtre 2003-2024 ; 5558 traitées, 0 jamais traitées sur la fenêtre ; covariables invariantes dans le temps absorbées par les effets fixes unité : log_pop, share_women_1549, level_pre, pretrend_pre ; comparaisons sur la fenêtre identifiée (années < 2023, cohorte 2023 recodée contrôle, 60 unités de contrôle) ; cellules −8 et +8 bornées ; did2s en deux étapes implémenté directement (pyfixest.did2s dépasse la mémoire au-delà de 5 000 unités), écarts-types par bootstrap par grappes (50 tirages, grappe = unit)",event,0.0,5558.0,0.0,0.0,2003.0,2024.0,,,,,,,,,,,,
h2,H2,H2c,"log(naissances+0,5 / 1 000 f. 30-34)","unités avec covariables, bascule 4G ; fenêtre identifiée ≤ 2022, cohorte 2023 = contrôle",did2s,6,-0.23799800411160474,0.03203381784004119,-0.30078313336540213,-0.17521287485780734,1.0893811196843383e-13,5558,122276,False," ; fenêtre 2003-2024 ; 5558 traitées, 0 jamais traitées sur la fenêtre ; covariables invariantes dans le temps absorbées par les effets fixes unité : log_pop, share_women_1549, level_pre, pretrend_pre ; comparaisons sur la fenêtre identifiée (années < 2023, cohorte 2023 recodée contrôle, 60 unités de contrôle) ; cellules −8 et +8 bornées ; did2s en deux étapes implémenté directement (pyfixest.did2s dépasse la mémoire au-delà de 5 000 unités), écarts-types par bootstrap par grappes (50 tirages, grappe = unit)",event,0.0,5558.0,0.0,0.0,2003.0,2024.0,,,,,,,,,,,,
h2,H2,H2c,"log(naissances+0,5 / 1 000 f. 30-34)","unités avec covariables, bascule 4G ; fenêtre identifiée ≤ 2022, cohorte 2023 = contrôle",did2s,7,-0.25195336472829327,0.038172443547836166,-0.3267699792839405,-0.17713675017264602,4.100521954614554e-11,5558,122276,False," ; fenêtre 2003-2024 ; 5558 traitées, 0 jamais traitées sur la fenêtre ; covariables invariantes dans le temps absorbées par les effets fixes unité : log_pop, share_women_1549, level_pre, pretrend_pre ; comparaisons sur la fenêtre identifiée (années < 2023, cohorte 2023 recodée contrôle, 60 unités de contrôle) ; cellules −8 et +8 bornées ; did2s en deux étapes implémenté directement (pyfixest.did2s dépasse la mémoire au-delà de 5 000 unités), écarts-types par bootstrap par grappes (50 tirages, grappe = unit)",event,0.0,5558.0,0.0,0.0,2003.0,2024.0,,,,,,,,,,,,
h2,H2,H2c,"log(naissances+0,5 / 1 000 f. 30-34)","unités avec covariables, bascule 4G ; fenêtre identifiée ≤ 2022, cohorte 2023 = contrôle",did2s,8,-0.368192540759478,0.04877729382582072,-0.46379427992141453,-0.27259080159754145,4.404980561779822e-14,5558,122276,False," ; fenêtre 2003-2024 ; 5558 traitées, 0 jamais traitées sur la fenêtre ; covariables invariantes dans le temps absorbées par les effets fixes unité : log_pop, share_women_1549, level_pre, pretrend_pre ; comparaisons sur la fenêtre identifiée (années < 2023, cohorte 2023 recodée contrôle, 60 unités de contrôle) ; cellules −8 et +8 bornées ; did2s en deux étapes implémenté directement (pyfixest.did2s dépasse la mémoire au-delà de 5 000 unités), écarts-types par bootstrap par grappes (50 tirages, grappe = unit)",event,0.0,5558.0,0.0,0.0,2003.0,2024.0,,,,,,,,,,,,
h2,H2,H2c,"log(naissances+0,5 / 1 000 f. 30-34)","unités avec covariables, bascule 4G ; fenêtre identifiée ≤ 2022, cohorte 2023 = contrôle",did2s,"ATT[1,5]",-0.10200461147979491,0.01652053667922604,-0.1343842683763509,-0.06962495458323892,6.640986344020517e-10,5558,122276,False," ; fenêtre 2003-2024 ; 5558 traitées, 0 jamais traitées sur la fenêtre ; covariables invariantes dans le temps absorbées par les effets fixes unité : log_pop, share_women_1549, level_pre, pretrend_pre ; comparaisons sur la fenêtre identifiée (années < 2023, cohorte 2023 recodée contrôle, 60 unités de contrôle) ; écart-type avec covariance complète (w'Vw)",post_avg,0.0,5558.0,0.0,0.0,2003.0,2024.0,,,,,,,,,,,,
h2,H2,H2c,"log(naissances+0,5 / 1 000 f. 30-34)","unités avec covariables, bascule 4G ; fenêtre identifiée ≤ 2022, cohorte 2023 = contrôle",did2s,Wald pré (-8..−2),34.309345055660266,,,,1.5073797050504395e-05,5558,122276,False,"test de Wald joint, covariance groupée, df = 7 ; fenêtre 2003-2024 ; 5558 traitées, 0 jamais traitées sur la fenêtre",pre_test,0.0,5558.0,0.0,0.0,2003.0,2024.0,,,,,,,,,,,7.0,
h2,H2,H2c,"log(naissances+0,5 / 1 000 f. 30-34)","unités avec covariables, bascule 4G ; fenêtre identifiée ≤ 2022, cohorte 2023 = contrôle",twfe,-8,-0.05364273130343738,0.02403999525906376,-0.100760256199716,-0.006525206407158757,0.025654959024326386,5558,122276,False," ; fenêtre 2003-2024 ; 5558 traitées, 0 jamais traitées sur la fenêtre ; covariables invariantes dans le temps absorbées par les effets fixes unité : log_pop, share_women_1549, level_pre, pretrend_pre ; comparaisons sur la fenêtre identifiée (années < 2023, cohorte 2023 recodée contrôle, 60 unités de contrôle) ; cellules −8 et +8 bornées",event,0.0,5558.0,0.0,0.0,2003.0,2024.0,,,,,,,,,,,,
h2,H2,H2c,"log(naissances+0,5 / 1 000 f. 30-34)","unités avec covariables, bascule 4G ; fenêtre identifiée ≤ 2022, cohorte 2023 = contrôle",twfe,-7,-0.04524960978631806,0.019311378218267398,-0.08309921558595344,-0.007400003986682682,0.019121285193812183,5558,122276,False," ; fenêtre 2003-2024 ; 5558 traitées, 0 jamais traitées sur la fenêtre ; covariables invariantes dans le temps absorbées par les effets fixes unité : log_pop, share_women_1549, level_pre, pretrend_pre ; comparaisons sur la fenêtre identifiée (années < 2023, cohorte 2023 recodée contrôle, 60 unités de contrôle) ; cellules −8 et +8 bornées",event,0.0,5558.0,0.0,0.0,2003.0,2024.0,,,,,,,,,,,,
h2,H2,H2c,"log(naissances+0,5 / 1 000 f. 30-34)","unités avec covariables, bascule 4G ; fenêtre identifiée ≤ 2022, cohorte 2023 = contrôle",twfe,-6,-0.05307005087980219,0.01684834925231841,-0.08609220861329862,-0.020047893146305756,0.0016334508529865775,5558,122276,False," ; fenêtre 2003-2024 ; 5558 traitées, 0 jamais traitées sur la fenêtre ; covariables invariantes dans le temps absorbées par les effets fixes unité : log_pop, share_women_1549, level_pre, pretrend_pre ; comparaisons sur la fenêtre identifiée (années < 2023, cohorte 2023 recodée contrôle, 60 unités de contrôle) ; cellules −8 et +8 bornées",event,0.0,5558.0,0.0,0.0,2003.0,2024.0,,,,,,,,,,,,
h2,H2,H2c,"log(naissances+0,5 / 1 000 f. 30-34)","unités avec covariables, bascule 4G ; fenêtre identifiée ≤ 2022, cohorte 2023 = contrôle",twfe,-5,-0.04140219279522533,0.014237030798839813,-0.06930626040773888,-0.01349812518271178,0.003636742234737056,5558,122276,False," ; fenêtre 2003-2024 ; 5558 traitées, 0 jamais traitées sur la fenêtre ; covariables invariantes dans le temps absorbées par les effets fixes unité : log_pop, share_women_1549, level_pre, pretrend_pre ; comparaisons sur la fenêtre identifiée (années < 2023, cohorte 2023 recodée contrôle, 60 unités de contrôle) ; cellules −8 et +8 bornées",event,0.0,5558.0,0.0,0.0,2003.0,2024.0,,,,,,,,,,,,
h2,H2,H2c,"log(naissances+0,5 / 1 000 f. 30-34)","unités avec covariables, bascule 4G ; fenêtre identifiée ≤ 2022, cohorte 2023 = contrôle",twfe,-4,-0.02804207559542397,0.011137252551491785,-0.04987068948307469,-0.00621346170777325,0.011806925157868573,5558,122276,False," ; fenêtre 2003-2024 ; 5558 traitées, 0 jamais traitées sur la fenêtre ; covariables invariantes dans le temps absorbées par les effets fixes unité : log_pop, share_women_1549, level_pre, pretrend_pre ; comparaisons sur la fenêtre identifiée (années < 2023, cohorte 2023 recodée contrôle, 60 unités de contrôle) ; cellules −8 et +8 bornées",event,0.0,5558.0,0.0,0.0,2003.0,2024.0,,,,,,,,,,,,
h2,H2,H2c,"log(naissances+0,5 / 1 000 f. 30-34)","unités avec covariables, bascule 4G ; fenêtre identifiée ≤ 2022, cohorte 2023 = contrôle",twfe,-3,-0.016040035065841937,0.008751246862207287,-0.03319216373558738,0.0011120936039035016,0.0668195735868172,5558,122276,False," ; fenêtre 2003-2024 ; 5558 traitées, 0 jamais traitées sur la fenêtre ; covariables invariantes dans le temps absorbées par les effets fixes unité : log_pop, share_women_1549, level_pre, pretrend_pre ; comparaisons sur la fenêtre identifiée (années < 2023, cohorte 2023 recodée contrôle, 60 unités de contrôle) ; cellules −8 et +8 bornées",event,0.0,5558.0,0.0,0.0,2003.0,2024.0,,,,,,,,,,,,
h2,H2,H2c,"log(naissances+0,5 / 1 000 f. 30-34)","unités avec covariables, bascule 4G ; fenêtre identifiée ≤ 2022, cohorte 2023 = contrôle",twfe,-2,-0.007375116027503235,0.00635160093487065,-0.01982402510402065,0.0050737930490141765,0.24558381035353638,5558,122276,False," ; fenêtre 2003-2024 ; 5558 traitées, 0 jamais traitées sur la fenêtre ; covariables invariantes dans le temps absorbées par les effets fixes unité : log_pop, share_women_1549, level_pre, pretrend_pre ; comparaisons sur la fenêtre identifiée (années < 2023, cohorte 2023 recodée contrôle, 60 unités de contrôle) ; cellules −8 et +8 bornées",event,0.0,5558.0,0.0,0.0,2003.0,2024.0,,,,,,,,,,,,
h2,H2,H2c,"log(naissances+0,5 / 1 000 f. 30-34)","unités avec covariables, bascule 4G ; fenêtre identifiée ≤ 2022, cohorte 2023 = contrôle",twfe,0,-0.003354062629441762,0.00632646585947638,-0.015753707863437705,0.009045582604554181,0.5959984277753467,5558,122276,False," ; fenêtre 2003-2024 ; 5558 traitées, 0 jamais traitées sur la fenêtre ; covariables invariantes dans le temps absorbées par les effets fixes unité : log_pop, share_women_1549, level_pre, pretrend_pre ; comparaisons sur la fenêtre identifiée (années < 2023, cohorte 2023 recodée contrôle, 60 unités de contrôle) ; cellules −8 et +8 bornées",event,0.0,5558.0,0.0,0.0,2003.0,2024.0,,,,,,,,,,,,
h2,H2,H2c,"log(naissances+0,5 / 1 000 f. 30-34)","unités avec covariables, bascule 4G ; fenêtre identifiée ≤ 2022, cohorte 2023 = contrôle",twfe,1,-0.002878153630375524,0.00839979724504207,-0.01934145370809675,0.013585146447345701,0.7318650869219706,5558,122276,False," ; fenêtre 2003-2024 ; 5558 traitées, 0 jamais traitées sur la fenêtre ; covariables invariantes dans le temps absorbées par les effets fixes unité : log_pop, share_women_1549, level_pre, pretrend_pre ; comparaisons sur la fenêtre identifiée (années < 2023, cohorte 2023 recodée contrôle, 60 unités de contrôle) ; cellules −8 et +8 bornées",event,0.0,5558.0,0.0,0.0,2003.0,2024.0,,,,,,,,,,,,
h2,H2,H2c,"log(naissances+0,5 / 1 000 f. 30-34)","unités avec covariables, bascule 4G ; fenêtre identifiée ≤ 2022, cohorte 2023 = contrôle",twfe,2,-0.011666235607736622,0.011207296308847134,-0.03363213273714569,0.010299661521672446,0.29789873305169534,5558,122276,False," ; fenêtre 2003-2024 ; 5558 traitées, 0 jamais traitées sur la fenêtre ; covariables invariantes dans le temps absorbées par les effets fixes unité : log_pop, share_women_1549, level_pre, pretrend_pre ; comparaisons sur la fenêtre identifiée (années < 2023, cohorte 2023 recodée contrôle, 60 unités de contrôle) ; cellules −8 et +8 bornées",event,0.0,5558.0,0.0,0.0,2003.0,2024.0,,,,,,,,,,,,
h2,H2,H2c,"log(naissances+0,5 / 1 000 f. 30-34)","unités avec covariables, bascule 4G ; fenêtre identifiée ≤ 2022, cohorte 2023 = contrôle",twfe,3,-0.011375770767738588,0.014162360437338846,-0.039133487160997654,0.016381945625520478,0.42183617805137297,5558,122276,False," ; fenêtre 2003-2024 ; 5558 traitées, 0 jamais traitées sur la fenêtre ; covariables invariantes dans le temps absorbées par les effets fixes unité : log_pop, share_women_1549, level_pre, pretrend_pre ; comparaisons sur la fenêtre identifiée (années < 2023, cohorte 2023 recodée contrôle, 60 unités de contrôle) ; cellules −8 et +8 bornées",event,0.0,5558.0,0.0,0.0,2003.0,2024.0,,,,,,,,,,,,
h2,H2,H2c,"log(naissances+0,5 / 1 000 f. 30-34)","unités avec covariables, bascule 4G ; fenêtre identifiée ≤ 2022, cohorte 2023 = contrôle",twfe,4,-0.03795341788560355,0.017144197484352277,-0.07155542749877622,-0.004351408272430891,0.026844171938232478,5558,122276,False," ; fenêtre 2003-2024 ; 5558 traitées, 0 jamais traitées sur la fenêtre ; covariables invariantes dans le temps absorbées par les effets fixes unité : log_pop, share_women_1549, level_pre, pretrend_pre ; comparaisons sur la fenêtre identifiée (années < 2023, cohorte 2023 recodée contrôle, 60 unités de contrôle) ; cellules −8 et +8 bornées",event,0.0,5558.0,0.0,0.0,2003.0,2024.0,,,,,,,,,,,,
h2,H2,H2c,"log(naissances+0,5 / 1 000 f. 30-34)","unités avec covariables, bascule 4G ; fenêtre identifiée ≤ 2022, cohorte 2023 = contrôle",twfe,5,-0.06691738333935045,0.01988419990125319,-0.1058896990072016,-0.027945067671499298,0.0007644534936535564,5558,122276,False," ; fenêtre 2003-2024 ; 5558 traitées, 0 jamais traitées sur la fenêtre ; covariables invariantes dans le temps absorbées par les effets fixes unité : log_pop, share_women_1549, level_pre, pretrend_pre ; comparaisons sur la fenêtre identifiée (années < 2023, cohorte 2023 recodée contrôle, 60 unités de contrôle) ; cellules −8 et +8 bornées",event,0.0,5558.0,0.0,0.0,2003.0,2024.0,,,,,,,,,,,,
h2,H2,H2c,"log(naissances+0,5 / 1 000 f. 30-34)","unités avec covariables, bascule 4G ; fenêtre identifiée ≤ 2022, cohorte 2023 = contrôle",twfe,6,-0.09049964824320056,0.02263179851695803,-0.1348571582418053,-0.046142138244595815,6.366905527301634e-05,5558,122276,False," ; fenêtre 2003-2024 ; 5558 traitées, 0 jamais traitées sur la fenêtre ; covariables invariantes dans le temps absorbées par les effets fixes unité : log_pop, share_women_1549, level_pre, pretrend_pre ; comparaisons sur la fenêtre identifiée (années < 2023, cohorte 2023 recodée contrôle, 60 unités de contrôle) ; cellules −8 et +8 bornées",event,0.0,5558.0,0.0,0.0,2003.0,2024.0,,,,,,,,,,,,
h2,H2,H2c,"log(naissances+0,5 / 1 000 f. 30-34)","unités avec covariables, bascule 4G ; fenêtre identifiée ≤ 2022, cohorte 2023 = contrôle",twfe,7,-0.08785003944511044,0.02573524880906411,-0.13829020024405342,-0.03740987864616747,0.000641088512844674,5558,122276,False," ; fenêtre 2003-2024 ; 5558 traitées, 0 jamais traitées sur la fenêtre ; covariables invariantes dans le temps absorbées par les effets fixes unité : log_pop, share_women_1549, level_pre, pretrend_pre ; comparaisons sur la fenêtre identifiée (années < 2023, cohorte 2023 recodée contrôle, 60 unités de contrôle) ; cellules −8 et +8 bornées",event,0.0,5558.0,0.0,0.0,2003.0,2024.0,,,,,,,,,,,,
h2,H2,H2c,"log(naissances+0,5 / 1 000 f. 30-34)","unités avec covariables, bascule 4G ; fenêtre identifiée ≤ 2022, cohorte 2023 = contrôle",twfe,8,-0.1602596532341416,0.028671789865260675,-0.21645532874235304,-0.10406397772593015,2.2778457332543706e-08,5558,122276,False," ; fenêtre 2003-2024 ; 5558 traitées, 0 jamais traitées sur la fenêtre ; covariables invariantes dans le temps absorbées par les effets fixes unité : log_pop, share_women_1549, level_pre, pretrend_pre ; comparaisons sur la fenêtre identifiée (années < 2023, cohorte 2023 recodée contrôle, 60 unités de contrôle) ; cellules −8 et +8 bornées",event,0.0,5558.0,0.0,0.0,2003.0,2024.0,,,,,,,,,,,,
h2,H2,H2c,"log(naissances+0,5 / 1 000 f. 30-34)","unités avec covariables, bascule 4G ; fenêtre identifiée ≤ 2022, cohorte 2023 = contrôle",twfe,"ATT[1,5]",-0.02615819224616095,0.01345806282859622,-0.052535510691886785,0.0002191261995648855,0.051933830539700444,5558,122276,False," ; fenêtre 2003-2024 ; 5558 traitées, 0 jamais traitées sur la fenêtre ; covariables invariantes dans le temps absorbées par les effets fixes unité : log_pop, share_women_1549, level_pre, pretrend_pre ; comparaisons sur la fenêtre identifiée (années < 2023, cohorte 2023 recodée contrôle, 60 unités de contrôle) ; écart-type avec covariance complète (w'Vw)",post_avg,0.0,5558.0,0.0,0.0,2003.0,2024.0,,,,,,,,,,,,
h2,H2,H2c,"log(naissances+0,5 / 1 000 f. 30-34)","unités avec covariables, bascule 4G ; fenêtre identifiée ≤ 2022, cohorte 2023 = contrôle",twfe,Wald pré (-8..−2),15.9258351845215,,,,0.025802645978827015,5558,122276,False,"test de Wald joint, covariance groupée, df = 7 ; fenêtre 2003-2024 ; 5558 traitées, 0 jamais traitées sur la fenêtre",pre_test,0.0,5558.0,0.0,0.0,2003.0,2024.0,,,,,,,,,,,7.0,
h2,H2,H2c,"log(naissances+0,5 / 1 000 f. 30-34)","unités avec covariables, bascule 4G ; fenêtre identifiée ≤ 2022, cohorte 2023 = contrôle",twfe,ATT,0.0033168806303137737,0.006885565295817384,-0.010178579362687182,0.01681234062331473,0.6300083627405543,5558,122276,False," ; fenêtre 2003-2024 ; 5558 traitées, 0 jamais traitées sur la fenêtre ; covariables invariantes dans le temps absorbées par les effets fixes unité : log_pop, share_women_1549, level_pre, pretrend_pre ; comparaisons sur la fenêtre identifiée (années < 2023, cohorte 2023 recodée contrôle, 60 unités de contrôle)",static,0.0,5558.0,0.0,0.0,2003.0,2024.0,,,,,,,,,,,,
h2,H2,H2c,"log(naissances+0,5 / 1 000 f. 30-34)","unités avec covariables, bascule 4G ; fenêtre complète",twfe,ATT,0.010225596925106032,0.006486856253859035,-0.002488407705346092,0.022939601555558155,0.11494370630238872,5558,122276,True," ; fenêtre 2003-2024 ; 5558 traitées, 0 jamais traitées sur la fenêtre ; covariables invariantes dans le temps absorbées par les effets fixes unité : log_pop, share_women_1549, level_pre, pretrend_pre ; TWFE sur toutes les années (identification par le calendrier des bascules seulement)",static,0.0,5558.0,0.0,0.0,2003.0,2024.0,,,,,,,,,,,,
h2,H2,H2c,"log(naissances+0,5 / 1 000 f. 30-34)","unités avec covariables, bascule 4G ; fenêtre identifiée ≤ 2022, cohorte 2023 = contrôle",twfe_poisson,ATT (log du taux contrefactuel),0.061148224163956544,0.005607077205567264,0.05015855478250922,0.07213789354540387,1.084433135515636e-27,5558,122276,False," ; fenêtre 2003-2024 ; 5558 traitées, 0 jamais traitées sur la fenêtre ; covariables invariantes dans le temps absorbées par les effets fixes unité : log_pop, share_women_1549, level_pre, pretrend_pre ; comparaisons sur la fenêtre identifiée (années < 2023, cohorte 2023 recodée contrôle, 60 unités de contrôle) ; Poisson à effets fixes, offset = log(women)",static,0.0,5558.0,0.0,0.0,2003.0,2024.0,,,,,,,,,,,,
h2,H2,H2c,"log(naissances+0,5 / 1 000 f. 30-34)","unités avec covariables, bascule 4G ; fenêtre identifiée ≤ 2022, cohorte 2023 = contrôle",twfe_poisson,ATT en % du taux contrefactuel,6.305647316685659,0.596063971892461,5.143779355989997,7.480354241001974,1.084433135515636e-27,5558,122276,False," ; fenêtre 2003-2024 ; 5558 traitées, 0 jamais traitées sur la fenêtre ; covariables invariantes dans le temps absorbées par les effets fixes unité : log_pop, share_women_1549, level_pre, pretrend_pre ; comparaisons sur la fenêtre identifiée (années < 2023, cohorte 2023 recodée contrôle, 60 unités de contrôle) ; Poisson à effets fixes, offset = log(women)",static,0.0,5558.0,0.0,0.0,2003.0,2024.0,,,,,,,,,,,,
h2,H2,H2c,"log(naissances+0,5 / 1 000 f. 35-39)","unités avec covariables, bascule 4G",cs,-8,0.010468580728248028,0.024618043687411457,-0.037781898268912054,0.05871905972540811,0.6706616141473897,5558,122276,False," ; covariables : log_pop, share_women_1549, level_pre, pretrend_pre (doublement robuste) ; contrôle = not_yet_treated ; fenêtre 2003-2024 ; 5558 traitées, 0 jamais traitées sur la fenêtre ; ATT(g,t) identifiés jusqu'en 2022 (sans unité jamais traitée, la dernière cohorte sert de contrôle)",event,0.0,5558.0,0.0,0.0,2003.0,2024.0,2003.0,2022.0,5558.0,5.0,dr,9.0,5498.0,,,,,
h2,H2,H2c,"log(naissances+0,5 / 1 000 f. 35-39)","unités avec covariables, bascule 4G",cs,-7,0.09618738505340538,0.06699950552380762,-0.035129232755249984,0.22750400286206074,0.15110389310573838,5558,122276,False," ; covariables : log_pop, share_women_1549, level_pre, pretrend_pre (doublement robuste) ; contrôle = not_yet_treated ; fenêtre 2003-2024 ; 5558 traitées, 0 jamais traitées sur la fenêtre ; ATT(g,t) identifiés jusqu'en 2022 (sans unité jamais traitée, la dernière cohorte sert de contrôle)",event,0.0,5558.0,0.0,0.0,2003.0,2024.0,2003.0,2022.0,5558.0,5.0,dr,9.0,5498.0,,,,,
h2,H2,H2c,"log(naissances+0,5 / 1 000 f. 35-39)","unités avec covariables, bascule 4G",cs,-6,0.11616426652851307,0.08742502615399479,-0.05518563608078901,0.28751416913781513,0.18393702014160906,5558,122276,False," ; covariables : log_pop, share_women_1549, level_pre, pretrend_pre (doublement robuste) ; contrôle = not_yet_treated ; fenêtre 2003-2024 ; 5558 traitées, 0 jamais traitées sur la fenêtre ; ATT(g,t) identifiés jusqu'en 2022 (sans unité jamais traitée, la dernière cohorte sert de contrôle)",event,0.0,5558.0,0.0,0.0,2003.0,2024.0,2003.0,2022.0,5558.0,5.0,dr,9.0,5498.0,,,,,
h2,H2,H2c,"log(naissances+0,5 / 1 000 f. 35-39)","unités avec covariables, bascule 4G",cs,-5,0.02212456563467624,0.023158471354323334,-0.023265204156800022,0.06751433542615251,0.3393981100647231,5558,122276,False," ; covariables : log_pop, share_women_1549, level_pre, pretrend_pre (doublement robuste) ; contrôle = not_yet_treated ; fenêtre 2003-2024 ; 5558 traitées, 0 jamais traitées sur la fenêtre ; ATT(g,t) identifiés jusqu'en 2022 (sans unité jamais traitée, la dernière cohorte sert de contrôle)",event,0.0,5558.0,0.0,0.0,2003.0,2024.0,2003.0,2022.0,5558.0,5.0,dr,9.0,5498.0,,,,,
h2,H2,H2c,"log(naissances+0,5 / 1 000 f. 35-39)","unités avec covariables, bascule 4G",cs,-4,0.024406619541519858,0.023527651331173252,-0.021706729708395576,0.0705199687914353,0.29956860466206914,5558,122276,False," ; covariables : log_pop, share_women_1549, level_pre, pretrend_pre (doublement robuste) ; contrôle = not_yet_treated ; fenêtre 2003-2024 ; 5558 traitées, 0 jamais traitées sur la fenêtre ; ATT(g,t) identifiés jusqu'en 2022 (sans unité jamais traitée, la dernière cohorte sert de contrôle)",event,0.0,5558.0,0.0,0.0,2003.0,2024.0,2003.0,2022.0,5558.0,5.0,dr,9.0,5498.0,,,,,
h2,H2,H2c,"log(naissances+0,5 / 1 000 f. 35-39)","unités avec covariables, bascule 4G",cs,-3,-0.022034384247451622,0.030727548002655994,-0.08225927166588304,0.0381905031709798,0.4733192312807165,5558,122276,False," ; covariables : log_pop, share_women_1549, level_pre, pretrend_pre (doublement robuste) ; contrôle = not_yet_treated ; fenêtre 2003-2024 ; 5558 traitées, 0 jamais traitées sur la fenêtre ; ATT(g,t) identifiés jusqu'en 2022 (sans unité jamais traitée, la dernière cohorte sert de contrôle)",event,0.0,5558.0,0.0,0.0,2003.0,2024.0,2003.0,2022.0,5558.0,5.0,dr,9.0,5498.0,,,,,
h2,H2,H2c,"log(naissances+0,5 / 1 000 f. 35-39)","unités avec covariables, bascule 4G",cs,-2,-0.01846471624028287,0.016728451587498288,-0.0512518788689014,0.014322446388335665,0.26968375967633507,5558,122276,False," ; covariables : log_pop, share_women_1549, level_pre, pretrend_pre (doublement robuste) ; contrôle = not_yet_treated ; fenêtre 2003-2024 ; 5558 traitées, 0 jamais traitées sur la fenêtre ; ATT(g,t) identifiés jusqu'en 2022 (sans unité jamais traitée, la dernière cohorte sert de contrôle)",event,0.0,5558.0,0.0,0.0,2003.0,2024.0,2003.0,2022.0,5558.0,5.0,dr,9.0,5498.0,,,,,
h2,H2,H2c,"log(naissances+0,5 / 1 000 f. 35-39)","unités avec covariables, bascule 4G",cs,0,0.02380769157405521,0.0208849661511843,-0.017126089900604127,0.06474147304871454,0.25430963793242023,5558,122276,False," ; covariables : log_pop, share_women_1549, level_pre, pretrend_pre (doublement robuste) ; contrôle = not_yet_treated ; fenêtre 2003-2024 ; 5558 traitées, 0 jamais traitées sur la fenêtre ; ATT(g,t) identifiés jusqu'en 2022 (sans unité jamais traitée, la dernière cohorte sert de contrôle)",event,0.0,5558.0,0.0,0.0,2003.0,2024.0,2003.0,2022.0,5558.0,5.0,dr,9.0,5498.0,,,,,
h2,H2,H2c,"log(naissances+0,5 / 1 000 f. 35-39)","unités avec covariables, bascule 4G",cs,1,0.02639385841209249,0.039596309452960485,-0.05121348203641295,0.10400119886059793,0.5050444743596658,5558,122276,False," ; covariables : log_pop, share_women_1549, level_pre, pretrend_pre (doublement robuste) ; contrôle = not_yet_treated ; fenêtre 2003-2024 ; 5558 traitées, 0 jamais traitées sur la fenêtre ; ATT(g,t) identifiés jusqu'en 2022 (sans unité jamais traitée, la dernière cohorte sert de contrôle)",event,0.0,5558.0,0.0,0.0,2003.0,2024.0,2003.0,2022.0,5558.0,5.0,dr,8.0,5438.0,,,,,
h2,H2,H2c,"log(naissances+0,5 / 1 000 f. 35-39)","unités avec covariables, bascule 4G",cs,2,0.023774245196611723,0.03846828345424102,-0.051622204920778736,0.09917069531400219,0.5365608414819354,5558,122276,False," ; covariables : log_pop, share_women_1549, level_pre, pretrend_pre (doublement robuste) ; contrôle = not_yet_treated ; fenêtre 2003-2024 ; 5558 traitées, 0 jamais traitées sur la fenêtre ; ATT(g,t) identifiés jusqu'en 2022 (sans unité jamais traitée, la dernière cohorte sert de contrôle)",event,0.0,5558.0,0.0,0.0,2003.0,2024.0,2003.0,2022.0,5558.0,5.0,dr,7.0,5268.0,,,,,
h2,H2,H2c,"log(naissances+0,5 / 1 000 f. 35-39)","unités avec covariables, bascule 4G",cs,3,-0.032415913069380534,0.03699521849129656,-0.10492520891251203,0.04009338277375096,0.3809109935284364,5558,122276,False," ; covariables : log_pop, share_women_1549, level_pre, pretrend_pre (doublement robuste) ; contrôle = not_yet_treated ; fenêtre 2003-2024 ; 5558 traitées, 0 jamais traitées sur la fenêtre ; ATT(g,t) identifiés jusqu'en 2022 (sans unité jamais traitée, la dernière cohorte sert de contrôle)",event,0.0,5558.0,0.0,0.0,2003.0,2024.0,2003.0,2022.0,5558.0,5.0,dr,6.0,4844.0,,,,,
h2,H2,H2c,"log(naissances+0,5 / 1 000 f. 35-39)","unités avec covariables, bascule 4G",cs,4,-0.14005840288057006,0.05326622117721876,-0.24445827798046355,-0.03565852778067656,0.008553473560559298,5558,122276,False," ; covariables : log_pop, share_women_1549, level_pre, pretrend_pre (doublement robuste) ; contrôle = not_yet_treated ; fenêtre 2003-2024 ; 5558 traitées, 0 jamais traitées sur la fenêtre ; ATT(g,t) identifiés jusqu'en 2022 (sans unité jamais traitée, la dernière cohorte sert de contrôle)",event,0.0,5558.0,0.0,0.0,2003.0,2024.0,2003.0,2022.0,5558.0,5.0,dr,5.0,4445.0,,,,,
h2,H2,H2c,"log(naissances+0,5 / 1 000 f. 35-39)","unités avec covariables, bascule 4G",cs,5,-0.32738121931870545,0.12107629185740107,-0.5646863907408718,-0.09007604789653914,0.006852574241650024,5558,122276,False," ; covariables : log_pop, share_women_1549, level_pre, pretrend_pre (doublement robuste) ; contrôle = not_yet_treated ; fenêtre 2003-2024 ; 5558 traitées, 0 jamais traitées sur la fenêtre ; ATT(g,t) identifiés jusqu'en 2022 (sans unité jamais traitée, la dernière cohorte sert de contrôle)",event,0.0,5558.0,0.0,0.0,2003.0,2024.0,2003.0,2022.0,5558.0,5.0,dr,4.0,3767.0,,,,,
h2,H2,H2c,"log(naissances+0,5 / 1 000 f. 35-39)","unités avec covariables, bascule 4G",cs,6,-0.17896972010971185,0.12814665998699287,-0.43013255842331793,0.07219311820389424,0.1625336677843514,5558,122276,False," ; covariables : log_pop, share_women_1549, level_pre, pretrend_pre (doublement robuste) ; contrôle = not_yet_treated ; fenêtre 2003-2024 ; 5558 traitées, 0 jamais traitées sur la fenêtre ; ATT(g,t) identifiés jusqu'en 2022 (sans unité jamais traitée, la dernière cohorte sert de contrôle)",event,0.0,5558.0,0.0,0.0,2003.0,2024.0,2003.0,2022.0,5558.0,5.0,dr,3.0,1032.0,,,,,
h2,H2,H2c,"log(naissances+0,5 / 1 000 f. 35-39)","unités avec covariables, bascule 4G",cs,7,-0.2725937315242131,0.2610197928168265,-0.7841831246972999,0.2389956616488736,0.2963275436607019,5558,122276,False," ; covariables : log_pop, share_women_1549, level_pre, pretrend_pre (doublement robuste) ; contrôle = not_yet_treated ; fenêtre 2003-2024 ; 5558 traitées, 0 jamais traitées sur la fenêtre ; ATT(g,t) identifiés jusqu'en 2022 (sans unité jamais traitée, la dernière cohorte sert de contrôle)",event,0.0,5558.0,0.0,0.0,2003.0,2024.0,2003.0,2022.0,5558.0,5.0,dr,2.0,481.0,,,,,
h2,H2,H2c,"log(naissances+0,5 / 1 000 f. 35-39)","unités avec covariables, bascule 4G",cs,8,-0.21500778812512436,0.39457878123055595,-0.988367988400723,0.5583524121504744,0.5858191407938951,5558,122276,False," ; covariables : log_pop, share_women_1549, level_pre, pretrend_pre (doublement robuste) ; contrôle = not_yet_treated ; fenêtre 2003-2024 ; 5558 traitées, 0 jamais traitées sur la fenêtre ; ATT(g,t) identifiés jusqu'en 2022 (sans unité jamais traitée, la dernière cohorte sert de contrôle)",event,0.0,5558.0,0.0,0.0,2003.0,2024.0,2003.0,2022.0,5558.0,5.0,dr,1.0,187.0,,,,,
h2,H2,H2c,"log(naissances+0,5 / 1 000 f. 35-39)","unités avec covariables, bascule 4G",cs,"ATT[1,5]",-0.08993748633199038,0.04179270119116204,-0.1718496754833122,-0.008025297180668564,0.031398120690401814,5558,122276,False," ; covariables : log_pop, share_women_1549, level_pre, pretrend_pre (doublement robuste) ; contrôle = not_yet_treated ; fenêtre 2003-2024 ; 5558 traitées, 0 jamais traitées sur la fenêtre ; ATT(g,t) identifiés jusqu'en 2022 (sans unité jamais traitée, la dernière cohorte sert de contrôle) ; écart-type avec covariance complète des coefficients (fonctions d'influence)",post_avg,0.0,5558.0,0.0,0.0,2003.0,2024.0,2003.0,2022.0,5558.0,5.0,dr,,,,,5.0,,
h2,H2,H2c,"log(naissances+0,5 / 1 000 f. 35-39)","unités avec covariables, bascule 4G",cs,ATT,-0.06360403473083592,0.034572156330543204,-0.13136421600658904,0.004156146544917194,0.0658053310196504,5558,122276,False," ; covariables : log_pop, share_women_1549, level_pre, pretrend_pre (doublement robuste) ; contrôle = not_yet_treated ; fenêtre 2003-2024 ; 5558 traitées, 0 jamais traitées sur la fenêtre ; ATT(g,t) identifiés jusqu'en 2022 (sans unité jamais traitée, la dernière cohorte sert de contrôle) ; moyenne de tous les ATT(g,t) post",simple,0.0,5558.0,0.0,0.0,2003.0,2024.0,2003.0,2022.0,5558.0,5.0,dr,,,,,,,
h2,H2,H2c,"log(naissances+0,5 / 1 000 f. 35-39)","unités avec covariables, bascule 4G",cs,Wald pré (-8..-2),4.411275697886999,,,,0.7313731517426327,5558,122276,False,"H5c : test de Wald joint de nullité des coefficients pré avec covariance des fonctions d'influence, df = 7 ; fenêtre 2003-2024 ; 5558 traitées, 0 jamais traitées sur la fenêtre",pre_test,0.0,5558.0,0.0,0.0,2003.0,2024.0,2003.0,2022.0,5558.0,5.0,dr,,,,,,7.0,
h2,H2,H2c,"log(naissances+0,5 / 1 000 f. 35-39)","unités avec covariables, bascule 4G ; fenêtre identifiée ≤ 2022, cohorte 2023 = contrôle",sunab,-8,0.15319385000111824,0.07036300194982123,0.015284900335347018,0.29110279966688946,0.029466154799064677,5558,122276,False," ; fenêtre 2003-2024 ; 5558 traitées, 0 jamais traitées sur la fenêtre ; covariables invariantes dans le temps absorbées par les effets fixes unité : log_pop, share_women_1549, level_pre, pretrend_pre ; comparaisons sur la fenêtre identifiée (années < 2023, cohorte 2023 recodée contrôle, 60 unités de contrôle) ; cellules −8 et +8 bornées",event,0.0,5558.0,0.0,0.0,2003.0,2024.0,,,,,,,,,,,,
h2,H2,H2c,"log(naissances+0,5 / 1 000 f. 35-39)","unités avec covariables, bascule 4G ; fenêtre identifiée ≤ 2022, cohorte 2023 = contrôle",sunab,-7,0.16041637677275028,0.07001980448170685,0.023180081784068607,0.29765267176143195,0.021962583783828902,5558,122276,False," ; fenêtre 2003-2024 ; 5558 traitées, 0 jamais traitées sur la fenêtre ; covariables invariantes dans le temps absorbées par les effets fixes unité : log_pop, share_women_1549, level_pre, pretrend_pre ; comparaisons sur la fenêtre identifiée (années < 2023, cohorte 2023 recodée contrôle, 60 unités de contrôle) ; cellules −8 et +8 bornées",event,0.0,5558.0,0.0,0.0,2003.0,2024.0,,,,,,,,,,,,
h2,H2,H2c,"log(naissances+0,5 / 1 000 f. 35-39)","unités avec covariables, bascule 4G ; fenêtre identifiée ≤ 2022, cohorte 2023 = contrôle",sunab,-6,0.14877643405659738,0.06764849391898482,0.016187822367010274,0.2813650457461845,0.02785964259045603,5558,122276,False," ; fenêtre 2003-2024 ; 5558 traitées, 0 jamais traitées sur la fenêtre ; covariables invariantes dans le temps absorbées par les effets fixes unité : log_pop, share_women_1549, level_pre, pretrend_pre ; comparaisons sur la fenêtre identifiée (années < 2023, cohorte 2023 recodée contrôle, 60 unités de contrôle) ; cellules −8 et +8 bornées",event,0.0,5558.0,0.0,0.0,2003.0,2024.0,,,,,,,,,,,,
h2,H2,H2c,"log(naissances+0,5 / 1 000 f. 35-39)","unités avec covariables, bascule 4G ; fenêtre identifiée ≤ 2022, cohorte 2023 = contrôle",sunab,-5,0.13117648260394166,0.06243643162039358,0.008803325304772444,0.25354963990311086,0.03564442535782615,5558,122276,False," ; fenêtre 2003-2024 ; 5558 traitées, 0 jamais traitées sur la fenêtre ; covariables invariantes dans le temps absorbées par les effets fixes unité : log_pop, share_women_1549, level_pre, pretrend_pre ; comparaisons sur la fenêtre identifiée (années < 2023, cohorte 2023 recodée contrôle, 60 unités de contrôle) ; cellules −8 et +8 bornées",event,0.0,5558.0,0.0,0.0,2003.0,2024.0,,,,,,,,,,,,
h2,H2,H2c,"log(naissances+0,5 / 1 000 f. 35-39)","unités avec covariables, bascule 4G ; fenêtre identifiée ≤ 2022, cohorte 2023 = contrôle",sunab,-4,0.10119175162079987,0.05552126134738627,-0.007627920996313015,0.21001142423791275,0.0683675426989403,5558,122276,False," ; fenêtre 2003-2024 ; 5558 traitées, 0 jamais traitées sur la fenêtre ; covariables invariantes dans le temps absorbées par les effets fixes unité : log_pop, share_women_1549, level_pre, pretrend_pre ; comparaisons sur la fenêtre identifiée (années < 2023, cohorte 2023 recodée contrôle, 60 unités de contrôle) ; cellules −8 et +8 bornées",event,0.0,5558.0,0.0,0.0,2003.0,2024.0,,,,,,,,,,,,
h2,H2,H2c,"log(naissances+0,5 / 1 000 f. 35-39)","unités avec covariables, bascule 4G ; fenêtre identifiée ≤ 2022, cohorte 2023 = contrôle",sunab,-3,0.05362420614718124,0.053032674785072204,-0.05031792643538573,0.1575663387297482,0.3119426840269339,5558,122276,False," ; fenêtre 2003-2024 ; 5558 traitées, 0 jamais traitées sur la fenêtre ; covariables invariantes dans le temps absorbées par les effets fixes unité : log_pop, share_women_1549, level_pre, pretrend_pre ; comparaisons sur la fenêtre identifiée (années < 2023, cohorte 2023 recodée contrôle, 60 unités de contrôle) ; cellules −8 et +8 bornées",event,0.0,5558.0,0.0,0.0,2003.0,2024.0,,,,,,,,,,,,
h2,H2,H2c,"log(naissances+0,5 / 1 000 f. 35-39)","unités avec covariables, bascule 4G ; fenêtre identifiée ≤ 2022, cohorte 2023 = contrôle",sunab,-2,-0.04145333419508909,0.036241341459857496,-0.11248505820782805,0.02957838981764986,0.2527010062452065,5558,122276,False," ; fenêtre 2003-2024 ; 5558 traitées, 0 jamais traitées sur la fenêtre ; covariables invariantes dans le temps absorbées par les effets fixes unité : log_pop, share_women_1549, level_pre, pretrend_pre ; comparaisons sur la fenêtre identifiée (années < 2023, cohorte 2023 recodée contrôle, 60 unités de contrôle) ; cellules −8 et +8 bornées",event,0.0,5558.0,0.0,0.0,2003.0,2024.0,,,,,,,,,,,,
h2,H2,H2c,"log(naissances+0,5 / 1 000 f. 35-39)","unités avec covariables, bascule 4G ; fenêtre identifiée ≤ 2022, cohorte 2023 = contrôle",sunab,0,-0.06092561223853207,0.04064729992689352,-0.14059285616404094,0.01874163168697679,0.13390356995554314,5558,122276,False," ; fenêtre 2003-2024 ; 5558 traitées, 0 jamais traitées sur la fenêtre ; covariables invariantes dans le temps absorbées par les effets fixes unité : log_pop, share_women_1549, level_pre, pretrend_pre ; comparaisons sur la fenêtre identifiée (années < 2023, cohorte 2023 recodée contrôle, 60 unités de contrôle) ; cellules −8 et +8 bornées",event,0.0,5558.0,0.0,0.0,2003.0,2024.0,,,,,,,,,,,,
h2,H2,H2c,"log(naissances+0,5 / 1 000 f. 35-39)","unités avec covariables, bascule 4G ; fenêtre identifiée ≤ 2022, cohorte 2023 = contrôle",sunab,1,-0.01708454916824781,0.05434370732293445,-0.12359625830758493,0.08942715997108931,0.7532328012746671,5558,122276,False," ; fenêtre 2003-2024 ; 5558 traitées, 0 jamais traitées sur la fenêtre ; covariables invariantes dans le temps absorbées par les effets fixes unité : log_pop, share_women_1549, level_pre, pretrend_pre ; comparaisons sur la fenêtre identifiée (années < 2023, cohorte 2023 recodée contrôle, 60 unités de contrôle) ; cellules −8 et +8 bornées",event,0.0,5558.0,0.0,0.0,2003.0,2024.0,,,,,,,,,,,,
h2,H2,H2c,"log(naissances+0,5 / 1 000 f. 35-39)","unités avec covariables, bascule 4G ; fenêtre identifiée ≤ 2022, cohorte 2023 = contrôle",sunab,2,-0.03428340641450398,0.06707138656256599,-0.16574090847029704,0.0971740956412891,0.6092474134783247,5558,122276,False," ; fenêtre 2003-2024 ; 5558 traitées, 0 jamais traitées sur la fenêtre ; covariables invariantes dans le temps absorbées par les effets fixes unité : log_pop, share_women_1549, level_pre, pretrend_pre ; comparaisons sur la fenêtre identifiée (années < 2023, cohorte 2023 recodée contrôle, 60 unités de contrôle) ; cellules −8 et +8 bornées",event,0.0,5558.0,0.0,0.0,2003.0,2024.0,,,,,,,,,,,,
h2,H2,H2c,"log(naissances+0,5 / 1 000 f. 35-39)","unités avec covariables, bascule 4G ; fenêtre identifiée ≤ 2022, cohorte 2023 = contrôle",sunab,3,-0.08642169293606901,0.07524863406978691,-0.23390630559868503,0.061062919726546996,0.25076968793654597,5558,122276,False," ; fenêtre 2003-2024 ; 5558 traitées, 0 jamais traitées sur la fenêtre ; covariables invariantes dans le temps absorbées par les effets fixes unité : log_pop, share_women_1549, level_pre, pretrend_pre ; comparaisons sur la fenêtre identifiée (années < 2023, cohorte 2023 recodée contrôle, 60 unités de contrôle) ; cellules −8 et +8 bornées",event,0.0,5558.0,0.0,0.0,2003.0,2024.0,,,,,,,,,,,,
h2,H2,H2c,"log(naissances+0,5 / 1 000 f. 35-39)","unités avec covariables, bascule 4G ; fenêtre identifiée ≤ 2022, cohorte 2023 = contrôle",sunab,4,-0.1086438591243118,0.07165786391697691,-0.24909069161065883,0.03180297336203523,0.12948217300521248,5558,122276,False," ; fenêtre 2003-2024 ; 5558 traitées, 0 jamais traitées sur la fenêtre ; covariables invariantes dans le temps absorbées par les effets fixes unité : log_pop, share_women_1549, level_pre, pretrend_pre ; comparaisons sur la fenêtre identifiée (années < 2023, cohorte 2023 recodée contrôle, 60 unités de contrôle) ; cellules −8 et +8 bornées",event,0.0,5558.0,0.0,0.0,2003.0,2024.0,,,,,,,,,,,,
h2,H2,H2c,"log(naissances+0,5 / 1 000 f. 35-39)","unités avec covariables, bascule 4G ; fenêtre identifiée ≤ 2022, cohorte 2023 = contrôle",sunab,5,-0.2121914370282555,0.08993919306955422,-0.3884690162431762,-0.03591385781333478,0.018310600152066165,5558,122276,False," ; fenêtre 2003-2024 ; 5558 traitées, 0 jamais traitées sur la fenêtre ; covariables invariantes dans le temps absorbées par les effets fixes unité : log_pop, share_women_1549, level_pre, pretrend_pre ; comparaisons sur la fenêtre identifiée (années < 2023, cohorte 2023 recodée contrôle, 60 unités de contrôle) ; cellules −8 et +8 bornées",event,0.0,5558.0,0.0,0.0,2003.0,2024.0,,,,,,,,,,,,
h2,H2,H2c,"log(naissances+0,5 / 1 000 f. 35-39)","unités avec covariables, bascule 4G ; fenêtre identifiée ≤ 2022, cohorte 2023 = contrôle",sunab,6,-0.1793400215387009,0.06754414891639883,-0.3117241207812527,-0.04695592229614909,0.00792725423474776,5558,122276,False," ; fenêtre 2003-2024 ; 5558 traitées, 0 jamais traitées sur la fenêtre ; covariables invariantes dans le temps absorbées par les effets fixes unité : log_pop, share_women_1549, level_pre, pretrend_pre ; comparaisons sur la fenêtre identifiée (années < 2023, cohorte 2023 recodée contrôle, 60 unités de contrôle) ; cellules −8 et +8 bornées",event,0.0,5558.0,0.0,0.0,2003.0,2024.0,,,,,,,,,,,,
h2,H2,H2c,"log(naissances+0,5 / 1 000 f. 35-39)","unités avec covariables, bascule 4G ; fenêtre identifiée ≤ 2022, cohorte 2023 = contrôle",sunab,7,-0.3372289007523949,0.07457180201269659,-0.48338694695953177,-0.1910708545452581,6.119903674225768e-06,5558,122276,False," ; fenêtre 2003-2024 ; 5558 traitées, 0 jamais traitées sur la fenêtre ; covariables invariantes dans le temps absorbées par les effets fixes unité : log_pop, share_women_1549, level_pre, pretrend_pre ; comparaisons sur la fenêtre identifiée (années < 2023, cohorte 2023 recodée contrôle, 60 unités de contrôle) ; cellules −8 et +8 bornées",event,0.0,5558.0,0.0,0.0,2003.0,2024.0,,,,,,,,,,,,
h2,H2,H2c,"log(naissances+0,5 / 1 000 f. 35-39)","unités avec covariables, bascule 4G ; fenêtre identifiée ≤ 2022, cohorte 2023 = contrôle",sunab,8,-0.47044689430551645,0.0830317203885597,-0.6331860758414936,-0.30770771276953934,1.4628080580751459e-08,5558,122276,False," ; fenêtre 2003-2024 ; 5558 traitées, 0 jamais traitées sur la fenêtre ; covariables invariantes dans le temps absorbées par les effets fixes unité : log_pop, share_women_1549, level_pre, pretrend_pre ; comparaisons sur la fenêtre identifiée (années < 2023, cohorte 2023 recodée contrôle, 60 unités de contrôle) ; cellules −8 et +8 bornées",event,0.0,5558.0,0.0,0.0,2003.0,2024.0,,,,,,,,,,,,
h2,H2,H2c,"log(naissances+0,5 / 1 000 f. 35-39)","unités avec covariables, bascule 4G ; fenêtre identifiée ≤ 2022, cohorte 2023 = contrôle",sunab,"ATT[1,5]",-0.09172498893427762,0.06636399208622908,-0.22179602329358777,0.038346045425032546,0.16692566139680642,5558,122276,False," ; fenêtre 2003-2024 ; 5558 traitées, 0 jamais traitées sur la fenêtre ; covariables invariantes dans le temps absorbées par les effets fixes unité : log_pop, share_women_1549, level_pre, pretrend_pre ; comparaisons sur la fenêtre identifiée (années < 2023, cohorte 2023 recodée contrôle, 60 unités de contrôle) ; écart-type avec covariance complète (w'Vw)",post_avg,0.0,5558.0,0.0,0.0,2003.0,2024.0,,,,,,,,,,,,
h2,H2,H2c,"log(naissances+0,5 / 1 000 f. 35-39)","unités avec covariables, bascule 4G ; fenêtre identifiée ≤ 2022, cohorte 2023 = contrôle",sunab,Wald pré (-8..−2),14.10716059520714,,,,0.04930789475131917,5558,122276,False,"test de Wald joint, covariance groupée, df = 7 ; fenêtre 2003-2024 ; 5558 traitées, 0 jamais traitées sur la fenêtre",pre_test,0.0,5558.0,0.0,0.0,2003.0,2024.0,,,,,,,,,,,7.0,
h2,H2,H2c,"log(naissances+0,5 / 1 000 f. 35-39)","unités avec covariables, bascule 4G ; fenêtre identifiée ≤ 2022, cohorte 2023 = contrôle",did2s,-8,-0.0010083368296454778,0.0007262301805432632,-0.0024317218279962948,0.0004150481687053391,0.16499899759812464,5558,122276,False," ; fenêtre 2003-2024 ; 5558 traitées, 0 jamais traitées sur la fenêtre ; covariables invariantes dans le temps absorbées par les effets fixes unité : log_pop, share_women_1549, level_pre, pretrend_pre ; comparaisons sur la fenêtre identifiée (années < 2023, cohorte 2023 recodée contrôle, 60 unités de contrôle) ; cellules −8 et +8 bornées ; did2s en deux étapes implémenté directement (pyfixest.did2s dépasse la mémoire au-delà de 5 000 unités), écarts-types par bootstrap par grappes (50 tirages, grappe = unit)",event,0.0,5558.0,0.0,0.0,2003.0,2024.0,,,,,,,,,,,,
h2,H2,H2c,"log(naissances+0,5 / 1 000 f. 35-39)","unités avec covariables, bascule 4G ; fenêtre identifiée ≤ 2022, cohorte 2023 = contrôle",did2s,-7,-0.008805185929901581,0.004742693471532483,-0.018100694323818486,0.0004903224640153258,0.06337104910079804,5558,122276,False," ; fenêtre 2003-2024 ; 5558 traitées, 0 jamais traitées sur la fenêtre ; covariables invariantes dans le temps absorbées par les effets fixes unité : log_pop, share_women_1549, level_pre, pretrend_pre ; comparaisons sur la fenêtre identifiée (années < 2023, cohorte 2023 recodée contrôle, 60 unités de contrôle) ; cellules −8 et +8 bornées ; did2s en deux étapes implémenté directement (pyfixest.did2s dépasse la mémoire au-delà de 5 000 unités), écarts-types par bootstrap par grappes (50 tirages, grappe = unit)",event,0.0,5558.0,0.0,0.0,2003.0,2024.0,,,,,,,,,,,,
h2,H2,H2c,"log(naissances+0,5 / 1 000 f. 35-39)","unités avec covariables, bascule 4G ; fenêtre identifiée ≤ 2022, cohorte 2023 = contrôle",did2s,-6,-0.009987256113832664,0.005106930661101381,-0.0199966562811347,2.2144053469371275e-05,0.050509003090337415,5558,122276,False," ; fenêtre 2003-2024 ; 5558 traitées, 0 jamais traitées sur la fenêtre ; covariables invariantes dans le temps absorbées par les effets fixes unité : log_pop, share_women_1549, level_pre, pretrend_pre ; comparaisons sur la fenêtre identifiée (années < 2023, cohorte 2023 recodée contrôle, 60 unités de contrôle) ; cellules −8 et +8 bornées ; did2s en deux étapes implémenté directement (pyfixest.did2s dépasse la mémoire au-delà de 5 000 unités), écarts-types par bootstrap par grappes (50 tirages, grappe = unit)",event,0.0,5558.0,0.0,0.0,2003.0,2024.0,,,,,,,,,,,,
h2,H2,H2c,"log(naissances+0,5 / 1 000 f. 35-39)","unités avec covariables, bascule 4G ; fenêtre identifiée ≤ 2022, cohorte 2023 = contrôle",did2s,-5,-0.011024480067807445,0.004802323244543073,-0.020436860669231408,-0.0016120994663834827,0.02169558316796528,5558,122276,False," ; fenêtre 2003-2024 ; 5558 traitées, 0 jamais traitées sur la fenêtre ; covariables invariantes dans le temps absorbées par les effets fixes unité : log_pop, share_women_1549, level_pre, pretrend_pre ; comparaisons sur la fenêtre identifiée (années < 2023, cohorte 2023 recodée contrôle, 60 unités de contrôle) ; cellules −8 et +8 bornées ; did2s en deux étapes implémenté directement (pyfixest.did2s dépasse la mémoire au-delà de 5 000 unités), écarts-types par bootstrap par grappes (50 tirages, grappe = unit)",event,0.0,5558.0,0.0,0.0,2003.0,2024.0,,,,,,,,,,,,
h2,H2,H2c,"log(naissances+0,5 / 1 000 f. 35-39)","unités avec covariables, bascule 4G ; fenêtre identifiée ≤ 2022, cohorte 2023 = contrôle",did2s,-4,-0.002993278001663327,0.005147545601925529,-0.013082281990214918,0.007095725986888264,0.560906105432937,5558,122276,False," ; fenêtre 2003-2024 ; 5558 traitées, 0 jamais traitées sur la fenêtre ; covariables invariantes dans le temps absorbées par les effets fixes unité : log_pop, share_women_1549, level_pre, pretrend_pre ; comparaisons sur la fenêtre identifiée (années < 2023, cohorte 2023 recodée contrôle, 60 unités de contrôle) ; cellules −8 et +8 bornées ; did2s en deux étapes implémenté directement (pyfixest.did2s dépasse la mémoire au-delà de 5 000 unités), écarts-types par bootstrap par grappes (50 tirages, grappe = unit)",event,0.0,5558.0,0.0,0.0,2003.0,2024.0,,,,,,,,,,,,
h2,H2,H2c,"log(naissances+0,5 / 1 000 f. 35-39)","unités avec covariables, bascule 4G ; fenêtre identifiée ≤ 2022, cohorte 2023 = contrôle",did2s,-3,0.008127530162042505,0.004102931160623829,8.593285617267653e-05,0.016169127467912332,0.04760156436558511,5558,122276,False," ; fenêtre 2003-2024 ; 5558 traitées, 0 jamais traitées sur la fenêtre ; covariables invariantes dans le temps absorbées par les effets fixes unité : log_pop, share_women_1549, level_pre, pretrend_pre ; comparaisons sur la fenêtre identifiée (années < 2023, cohorte 2023 recodée contrôle, 60 unités de contrôle) ; cellules −8 et +8 bornées ; did2s en deux étapes implémenté directement (pyfixest.did2s dépasse la mémoire au-delà de 5 000 unités), écarts-types par bootstrap par grappes (50 tirages, grappe = unit)",event,0.0,5558.0,0.0,0.0,2003.0,2024.0,,,,,,,,,,,,
h2,H2,H2c,"log(naissances+0,5 / 1 000 f. 35-39)","unités avec covariables, bascule 4G ; fenêtre identifiée ≤ 2022, cohorte 2023 = contrôle",did2s,-2,0.013064587733646556,0.0050757122062813275,0.0031163746134448157,0.023012800853848298,0.010054718961493956,5558,122276,False," ; fenêtre 2003-2024 ; 5558 traitées, 0 jamais traitées sur la fenêtre ; covariables invariantes dans le temps absorbées par les effets fixes unité : log_pop, share_women_1549, level_pre, pretrend_pre ; comparaisons sur la fenêtre identifiée (années < 2023, cohorte 2023 recodée contrôle, 60 unités de contrôle) ; cellules −8 et +8 bornées ; did2s en deux étapes implémenté directement (pyfixest.did2s dépasse la mémoire au-delà de 5 000 unités), écarts-types par bootstrap par grappes (50 tirages, grappe = unit)",event,0.0,5558.0,0.0,0.0,2003.0,2024.0,,,,,,,,,,,,
h2,H2,H2c,"log(naissances+0,5 / 1 000 f. 35-39)","unités avec covariables, bascule 4G ; fenêtre identifiée ≤ 2022, cohorte 2023 = contrôle",did2s,0,0.011959786075976205,0.009911182143809486,-0.007465773970106872,0.03138534612205928,0.22754915351671612,5558,122276,False," ; fenêtre 2003-2024 ; 5558 traitées, 0 jamais traitées sur la fenêtre ; covariables invariantes dans le temps absorbées par les effets fixes unité : log_pop, share_women_1549, level_pre, pretrend_pre ; comparaisons sur la fenêtre identifiée (années < 2023, cohorte 2023 recodée contrôle, 60 unités de contrôle) ; cellules −8 et +8 bornées ; did2s en deux étapes implémenté directement (pyfixest.did2s dépasse la mémoire au-delà de 5 000 unités), écarts-types par bootstrap par grappes (50 tirages, grappe = unit)",event,0.0,5558.0,0.0,0.0,2003.0,2024.0,,,,,,,,,,,,
h2,H2,H2c,"log(naissances+0,5 / 1 000 f. 35-39)","unités avec covariables, bascule 4G ; fenêtre identifiée ≤ 2022, cohorte 2023 = contrôle",did2s,1,0.017079880630529183,0.014656983004447217,-0.011647278180203037,0.0458070394412614,0.2438948643428016,5558,122276,False," ; fenêtre 2003-2024 ; 5558 traitées, 0 jamais traitées sur la fenêtre ; covariables invariantes dans le temps absorbées par les effets fixes unité : log_pop, share_women_1549, level_pre, pretrend_pre ; comparaisons sur la fenêtre identifiée (années < 2023, cohorte 2023 recodée contrôle, 60 unités de contrôle) ; cellules −8 et +8 bornées ; did2s en deux étapes implémenté directement (pyfixest.did2s dépasse la mémoire au-delà de 5 000 unités), écarts-types par bootstrap par grappes (50 tirages, grappe = unit)",event,0.0,5558.0,0.0,0.0,2003.0,2024.0,,,,,,,,,,,,
h2,H2,H2c,"log(naissances+0,5 / 1 000 f. 35-39)","unités avec covariables, bascule 4G ; fenêtre identifiée ≤ 2022, cohorte 2023 = contrôle",did2s,2,0.0008546070037082855,0.018298610924555283,-0.03501001137553125,0.03671922538294782,0.962749635381727,5558,122276,False," ; fenêtre 2003-2024 ; 5558 traitées, 0 jamais traitées sur la fenêtre ; covariables invariantes dans le temps absorbées par les effets fixes unité : log_pop, share_women_1549, level_pre, pretrend_pre ; comparaisons sur la fenêtre identifiée (années < 2023, cohorte 2023 recodée contrôle, 60 unités de contrôle) ; cellules −8 et +8 bornées ; did2s en deux étapes implémenté directement (pyfixest.did2s dépasse la mémoire au-delà de 5 000 unités), écarts-types par bootstrap par grappes (50 tirages, grappe = unit)",event,0.0,5558.0,0.0,0.0,2003.0,2024.0,,,,,,,,,,,,
h2,H2,H2c,"log(naissances+0,5 / 1 000 f. 35-39)","unités avec covariables, bascule 4G ; fenêtre identifiée ≤ 2022, cohorte 2023 = contrôle",did2s,3,-0.049513771737288485,0.026790289334252843,-0.1020217739678316,0.002994230493254625,0.06457363680322599,5558,122276,False," ; fenêtre 2003-2024 ; 5558 traitées, 0 jamais traitées sur la fenêtre ; covariables invariantes dans le temps absorbées par les effets fixes unité : log_pop, share_women_1549, level_pre, pretrend_pre ; comparaisons sur la fenêtre identifiée (années < 2023, cohorte 2023 recodée contrôle, 60 unités de contrôle) ; cellules −8 et +8 bornées ; did2s en deux étapes implémenté directement (pyfixest.did2s dépasse la mémoire au-delà de 5 000 unités), écarts-types par bootstrap par grappes (50 tirages, grappe = unit)",event,0.0,5558.0,0.0,0.0,2003.0,2024.0,,,,,,,,,,,,
h2,H2,H2c,"log(naissances+0,5 / 1 000 f. 35-39)","unités avec covariables, bascule 4G ; fenêtre identifiée ≤ 2022, cohorte 2023 = contrôle",did2s,4,-0.11807581005428576,0.03858755062048071,-0.19370601952204416,-0.042445600586527354,0.0022137711516425095,5558,122276,False," ; fenêtre 2003-2024 ; 5558 traitées, 0 jamais traitées sur la fenêtre ; covariables invariantes dans le temps absorbées par les effets fixes unité : log_pop, share_women_1549, level_pre, pretrend_pre ; comparaisons sur la fenêtre identifiée (années < 2023, cohorte 2023 recodée contrôle, 60 unités de contrôle) ; cellules −8 et +8 bornées ; did2s en deux étapes implémenté directement (pyfixest.did2s dépasse la mémoire au-delà de 5 000 unités), écarts-types par bootstrap par grappes (50 tirages, grappe = unit)",event,0.0,5558.0,0.0,0.0,2003.0,2024.0,,,,,,,,,,,,
h2,H2,H2c,"log(naissances+0,5 / 1 000 f. 35-39)","unités avec covariables, bascule 4G ; fenêtre identifiée ≤ 2022, cohorte 2023 = contrôle",did2s,5,-0.23186491862127642,0.06357132763695346,-0.356462431239101,-0.10726740600345186,0.0002649907334987252,5558,122276,False," ; fenêtre 2003-2024 ; 5558 traitées, 0 jamais traitées sur la fenêtre ; covariables invariantes dans le temps absorbées par les effets fixes unité : log_pop, share_women_1549, level_pre, pretrend_pre ; comparaisons sur la fenêtre identifiée (années < 2023, cohorte 2023 recodée contrôle, 60 unités de contrôle) ; cellules −8 et +8 bornées ; did2s en deux étapes implémenté directement (pyfixest.did2s dépasse la mémoire au-delà de 5 000 unités), écarts-types par bootstrap par grappes (50 tirages, grappe = unit)",event,0.0,5558.0,0.0,0.0,2003.0,2024.0,,,,,,,,,,,,
h2,H2,H2c,"log(naissances+0,5 / 1 000 f. 35-39)","unités avec covariables, bascule 4G ; fenêtre identifiée ≤ 2022, cohorte 2023 = contrôle",did2s,6,-0.15822687993550152,0.05449636081954107,-0.26503778443030174,-0.051415975440701325,0.0036908841929261067,5558,122276,False," ; fenêtre 2003-2024 ; 5558 traitées, 0 jamais traitées sur la fenêtre ; covariables invariantes dans le temps absorbées par les effets fixes unité : log_pop, share_women_1549, level_pre, pretrend_pre ; comparaisons sur la fenêtre identifiée (années < 2023, cohorte 2023 recodée contrôle, 60 unités de contrôle) ; cellules −8 et +8 bornées ; did2s en deux étapes implémenté directement (pyfixest.did2s dépasse la mémoire au-delà de 5 000 unités), écarts-types par bootstrap par grappes (50 tirages, grappe = unit)",event,0.0,5558.0,0.0,0.0,2003.0,2024.0,,,,,,,,,,,,
h2,H2,H2c,"log(naissances+0,5 / 1 000 f. 35-39)","unités avec covariables, bascule 4G ; fenêtre identifiée ≤ 2022, cohorte 2023 = contrôle",did2s,7,-0.19422586615661855,0.05784061071065913,-0.30759137999331215,-0.08086035231992496,0.0007852287722233655,5558,122276,False," ; fenêtre 2003-2024 ; 5558 traitées, 0 jamais traitées sur la fenêtre ; covariables invariantes dans le temps absorbées par les effets fixes unité : log_pop, share_women_1549, level_pre, pretrend_pre ; comparaisons sur la fenêtre identifiée (années < 2023, cohorte 2023 recodée contrôle, 60 unités de contrôle) ; cellules −8 et +8 bornées ; did2s en deux étapes implémenté directement (pyfixest.did2s dépasse la mémoire au-delà de 5 000 unités), écarts-types par bootstrap par grappes (50 tirages, grappe = unit)",event,0.0,5558.0,0.0,0.0,2003.0,2024.0,,,,,,,,,,,,
h2,H2,H2c,"log(naissances+0,5 / 1 000 f. 35-39)","unités avec covariables, bascule 4G ; fenêtre identifiée ≤ 2022, cohorte 2023 = contrôle",did2s,8,-0.27046966680652357,0.08264106870543708,-0.4324431851130804,-0.10849614849996675,0.0010647878588766102,5558,122276,False," ; fenêtre 2003-2024 ; 5558 traitées, 0 jamais traitées sur la fenêtre ; covariables invariantes dans le temps absorbées par les effets fixes unité : log_pop, share_women_1549, level_pre, pretrend_pre ; comparaisons sur la fenêtre identifiée (années < 2023, cohorte 2023 recodée contrôle, 60 unités de contrôle) ; cellules −8 et +8 bornées ; did2s en deux étapes implémenté directement (pyfixest.did2s dépasse la mémoire au-delà de 5 000 unités), écarts-types par bootstrap par grappes (50 tirages, grappe = unit)",event,0.0,5558.0,0.0,0.0,2003.0,2024.0,,,,,,,,,,,,
h2,H2,H2c,"log(naissances+0,5 / 1 000 f. 35-39)","unités avec covariables, bascule 4G ; fenêtre identifiée ≤ 2022, cohorte 2023 = contrôle",did2s,"ATT[1,5]",-0.07630400255572264,0.028435269879546036,-0.13203610741030947,-0.020571897701135815,0.007287164005683531,5558,122276,False," ; fenêtre 2003-2024 ; 5558 traitées, 0 jamais traitées sur la fenêtre ; covariables invariantes dans le temps absorbées par les effets fixes unité : log_pop, share_women_1549, level_pre, pretrend_pre ; comparaisons sur la fenêtre identifiée (années < 2023, cohorte 2023 recodée contrôle, 60 unités de contrôle) ; écart-type avec covariance complète (w'Vw)",post_avg,0.0,5558.0,0.0,0.0,2003.0,2024.0,,,,,,,,,,,,
h2,H2,H2c,"log(naissances+0,5 / 1 000 f. 35-39)","unités avec covariables, bascule 4G ; fenêtre identifiée ≤ 2022, cohorte 2023 = contrôle",did2s,Wald pré (-8..−2),51.791521342106286,,,,6.417786661088441e-09,5558,122276,False,"test de Wald joint, covariance groupée, df = 7 ; fenêtre 2003-2024 ; 5558 traitées, 0 jamais traitées sur la fenêtre",pre_test,0.0,5558.0,0.0,0.0,2003.0,2024.0,,,,,,,,,,,7.0,
h2,H2,H2c,"log(naissances+0,5 / 1 000 f. 35-39)","unités avec covariables, bascule 4G ; fenêtre identifiée ≤ 2022, cohorte 2023 = contrôle",twfe,-8,-0.10863137180020663,0.02786811269565684,-0.16325186900079747,-0.05401087459961578,9.696931842018705e-05,5558,122276,False," ; fenêtre 2003-2024 ; 5558 traitées, 0 jamais traitées sur la fenêtre ; covariables invariantes dans le temps absorbées par les effets fixes unité : log_pop, share_women_1549, level_pre, pretrend_pre ; comparaisons sur la fenêtre identifiée (années < 2023, cohorte 2023 recodée contrôle, 60 unités de contrôle) ; cellules −8 et +8 bornées",event,0.0,5558.0,0.0,0.0,2003.0,2024.0,,,,,,,,,,,,
h2,H2,H2c,"log(naissances+0,5 / 1 000 f. 35-39)","unités avec covariables, bascule 4G ; fenêtre identifiée ≤ 2022, cohorte 2023 = contrôle",twfe,-7,-0.10550792471028395,0.02301052320511998,-0.1506077214577423,-0.06040812796282561,4.535451191618957e-06,5558,122276,False," ; fenêtre 2003-2024 ; 5558 traitées, 0 jamais traitées sur la fenêtre ; covariables invariantes dans le temps absorbées par les effets fixes unité : log_pop, share_women_1549, level_pre, pretrend_pre ; comparaisons sur la fenêtre identifiée (années < 2023, cohorte 2023 recodée contrôle, 60 unités de contrôle) ; cellules −8 et +8 bornées",event,0.0,5558.0,0.0,0.0,2003.0,2024.0,,,,,,,,,,,,
h2,H2,H2c,"log(naissances+0,5 / 1 000 f. 35-39)","unités avec covariables, bascule 4G ; fenêtre identifiée ≤ 2022, cohorte 2023 = contrôle",twfe,-6,-0.09877373943411931,0.020227328683537833,-0.13841857515730743,-0.05912890371093117,1.0438712093308984e-06,5558,122276,False," ; fenêtre 2003-2024 ; 5558 traitées, 0 jamais traitées sur la fenêtre ; covariables invariantes dans le temps absorbées par les effets fixes unité : log_pop, share_women_1549, level_pre, pretrend_pre ; comparaisons sur la fenêtre identifiée (années < 2023, cohorte 2023 recodée contrôle, 60 unités de contrôle) ; cellules −8 et +8 bornées",event,0.0,5558.0,0.0,0.0,2003.0,2024.0,,,,,,,,,,,,
h2,H2,H2c,"log(naissances+0,5 / 1 000 f. 35-39)","unités avec covariables, bascule 4G ; fenêtre identifiée ≤ 2022, cohorte 2023 = contrôle",twfe,-5,-0.0893021935136029,0.017171272747777962,-0.12295726966796183,-0.055647117359243964,1.9856701253971767e-07,5558,122276,False," ; fenêtre 2003-2024 ; 5558 traitées, 0 jamais traitées sur la fenêtre ; covariables invariantes dans le temps absorbées par les effets fixes unité : log_pop, share_women_1549, level_pre, pretrend_pre ; comparaisons sur la fenêtre identifiée (années < 2023, cohorte 2023 recodée contrôle, 60 unités de contrôle) ; cellules −8 et +8 bornées",event,0.0,5558.0,0.0,0.0,2003.0,2024.0,,,,,,,,,,,,
h2,H2,H2c,"log(naissances+0,5 / 1 000 f. 35-39)","unités avec covariables, bascule 4G ; fenêtre identifiée ≤ 2022, cohorte 2023 = contrôle",twfe,-4,-0.06703612865028367,0.01416760609310604,-0.09480412633992173,-0.03926813096064562,2.2270407489350922e-06,5558,122276,False," ; fenêtre 2003-2024 ; 5558 traitées, 0 jamais traitées sur la fenêtre ; covariables invariantes dans le temps absorbées par les effets fixes unité : log_pop, share_women_1549, level_pre, pretrend_pre ; comparaisons sur la fenêtre identifiée (années < 2023, cohorte 2023 recodée contrôle, 60 unités de contrôle) ; cellules −8 et +8 bornées",event,0.0,5558.0,0.0,0.0,2003.0,2024.0,,,,,,,,,,,,
h2,H2,H2c,"log(naissances+0,5 / 1 000 f. 35-39)","unités avec covariables, bascule 4G ; fenêtre identifiée ≤ 2022, cohorte 2023 = contrôle",twfe,-3,-0.04144372258865364,0.01109384786986668,-0.06318726486355873,-0.019700180313748553,0.00018716455516761622,5558,122276,False," ; fenêtre 2003-2024 ; 5558 traitées, 0 jamais traitées sur la fenêtre ; covariables invariantes dans le temps absorbées par les effets fixes unité : log_pop, share_women_1549, level_pre, pretrend_pre ; comparaisons sur la fenêtre identifiée (années < 2023, cohorte 2023 recodée contrôle, 60 unités de contrôle) ; cellules −8 et +8 bornées",event,0.0,5558.0,0.0,0.0,2003.0,2024.0,,,,,,,,,,,,
h2,H2,H2c,"log(naissances+0,5 / 1 000 f. 35-39)","unités avec covariables, bascule 4G ; fenêtre identifiée ≤ 2022, cohorte 2023 = contrôle",twfe,-2,-0.0219018692975425,0.008720867630503287,-0.0389944557672701,-0.004809282827814898,0.01202423217885871,5558,122276,False," ; fenêtre 2003-2024 ; 5558 traitées, 0 jamais traitées sur la fenêtre ; covariables invariantes dans le temps absorbées par les effets fixes unité : log_pop, share_women_1549, level_pre, pretrend_pre ; comparaisons sur la fenêtre identifiée (années < 2023, cohorte 2023 recodée contrôle, 60 unités de contrôle) ; cellules −8 et +8 bornées",event,0.0,5558.0,0.0,0.0,2003.0,2024.0,,,,,,,,,,,,
h2,H2,H2c,"log(naissances+0,5 / 1 000 f. 35-39)","unités avec covariables, bascule 4G ; fenêtre identifiée ≤ 2022, cohorte 2023 = contrôle",twfe,0,0.018664035492482172,0.008477750282620702,0.00204795026862133,0.03528012071634301,0.027698409261095604,5558,122276,False," ; fenêtre 2003-2024 ; 5558 traitées, 0 jamais traitées sur la fenêtre ; covariables invariantes dans le temps absorbées par les effets fixes unité : log_pop, share_women_1549, level_pre, pretrend_pre ; comparaisons sur la fenêtre identifiée (années < 2023, cohorte 2023 recodée contrôle, 60 unités de contrôle) ; cellules −8 et +8 bornées",event,0.0,5558.0,0.0,0.0,2003.0,2024.0,,,,,,,,,,,,
h2,H2,H2c,"log(naissances+0,5 / 1 000 f. 35-39)","unités avec covariables, bascule 4G ; fenêtre identifiée ≤ 2022, cohorte 2023 = contrôle",twfe,1,0.05434138568961344,0.01062776481013404,0.03351134942558856,0.07517142195363832,3.1682576609429955e-07,5558,122276,False," ; fenêtre 2003-2024 ; 5558 traitées, 0 jamais traitées sur la fenêtre ; covariables invariantes dans le temps absorbées par les effets fixes unité : log_pop, share_women_1549, level_pre, pretrend_pre ; comparaisons sur la fenêtre identifiée (années < 2023, cohorte 2023 recodée contrôle, 60 unités de contrôle) ; cellules −8 et +8 bornées",event,0.0,5558.0,0.0,0.0,2003.0,2024.0,,,,,,,,,,,,
h2,H2,H2c,"log(naissances+0,5 / 1 000 f. 35-39)","unités avec covariables, bascule 4G ; fenêtre identifiée ≤ 2022, cohorte 2023 = contrôle",twfe,2,0.07265896952188741,0.013585391100998486,0.046032092248039426,0.0992858467957354,8.877618841261988e-08,5558,122276,False," ; fenêtre 2003-2024 ; 5558 traitées, 0 jamais traitées sur la fenêtre ; covariables invariantes dans le temps absorbées par les effets fixes unité : log_pop, share_women_1549, level_pre, pretrend_pre ; comparaisons sur la fenêtre identifiée (années < 2023, cohorte 2023 recodée contrôle, 60 unités de contrôle) ; cellules −8 et +8 bornées",event,0.0,5558.0,0.0,0.0,2003.0,2024.0,,,,,,,,,,,,
h2,H2,H2c,"log(naissances+0,5 / 1 000 f. 35-39)","unités avec covariables, bascule 4G ; fenêtre identifiée ≤ 2022, cohorte 2023 = contrôle",twfe,3,0.08900877051153756,0.016912434827078403,0.055861007359583,0.12215653366349213,1.4178624144338082e-07,5558,122276,False," ; fenêtre 2003-2024 ; 5558 traitées, 0 jamais traitées sur la fenêtre ; covariables invariantes dans le temps absorbées par les effets fixes unité : log_pop, share_women_1549, level_pre, pretrend_pre ; comparaisons sur la fenêtre identifiée (années < 2023, cohorte 2023 recodée contrôle, 60 unités de contrôle) ; cellules −8 et +8 bornées",event,0.0,5558.0,0.0,0.0,2003.0,2024.0,,,,,,,,,,,,
h2,H2,H2c,"log(naissances+0,5 / 1 000 f. 35-39)","unités avec covariables, bascule 4G ; fenêtre identifiée ≤ 2022, cohorte 2023 = contrôle",twfe,4,0.09111397738651128,0.020153790681790393,0.05161327349824317,0.13061468127477938,6.1567096196012775e-06,5558,122276,False," ; fenêtre 2003-2024 ; 5558 traitées, 0 jamais traitées sur la fenêtre ; covariables invariantes dans le temps absorbées par les effets fixes unité : log_pop, share_women_1549, level_pre, pretrend_pre ; comparaisons sur la fenêtre identifiée (années < 2023, cohorte 2023 recodée contrôle, 60 unités de contrôle) ; cellules −8 et +8 bornées",event,0.0,5558.0,0.0,0.0,2003.0,2024.0,,,,,,,,,,,,
h2,H2,H2c,"log(naissances+0,5 / 1 000 f. 35-39)","unités avec covariables, bascule 4G ; fenêtre identifiée ≤ 2022, cohorte 2023 = contrôle",twfe,5,0.08686446759725969,0.02326240888362641,0.04127098399170732,0.13245795120281206,0.00018837777336044794,5558,122276,False," ; fenêtre 2003-2024 ; 5558 traitées, 0 jamais traitées sur la fenêtre ; covariables invariantes dans le temps absorbées par les effets fixes unité : log_pop, share_women_1549, level_pre, pretrend_pre ; comparaisons sur la fenêtre identifiée (années < 2023, cohorte 2023 recodée contrôle, 60 unités de contrôle) ; cellules −8 et +8 bornées",event,0.0,5558.0,0.0,0.0,2003.0,2024.0,,,,,,,,,,,,
h2,H2,H2c,"log(naissances+0,5 / 1 000 f. 35-39)","unités avec covariables, bascule 4G ; fenêtre identifiée ≤ 2022, cohorte 2023 = contrôle",twfe,6,0.12022663223202246,0.026101798372996345,0.06906804748922343,0.17138521697482148,4.103562142661002e-06,5558,122276,False," ; fenêtre 2003-2024 ; 5558 traitées, 0 jamais traitées sur la fenêtre ; covariables invariantes dans le temps absorbées par les effets fixes unité : log_pop, share_women_1549, level_pre, pretrend_pre ; comparaisons sur la fenêtre identifiée (années < 2023, cohorte 2023 recodée contrôle, 60 unités de contrôle) ; cellules −8 et +8 bornées",event,0.0,5558.0,0.0,0.0,2003.0,2024.0,,,,,,,,,,,,
h2,H2,H2c,"log(naissances+0,5 / 1 000 f. 35-39)","unités avec covariables, bascule 4G ; fenêtre identifiée ≤ 2022, cohorte 2023 = contrôle",twfe,7,0.10665646352127975,0.029948025241627516,0.047959412639593364,0.16535351440296614,0.00036890294770543106,5558,122276,False," ; fenêtre 2003-2024 ; 5558 traitées, 0 jamais traitées sur la fenêtre ; covariables invariantes dans le temps absorbées par les effets fixes unité : log_pop, share_women_1549, level_pre, pretrend_pre ; comparaisons sur la fenêtre identifiée (années < 2023, cohorte 2023 recodée contrôle, 60 unités de contrôle) ; cellules −8 et +8 bornées",event,0.0,5558.0,0.0,0.0,2003.0,2024.0,,,,,,,,,,,,
h2,H2,H2c,"log(naissances+0,5 / 1 000 f. 35-39)","unités avec covariables, bascule 4G ; fenêtre identifiée ≤ 2022, cohorte 2023 = contrôle",twfe,8,0.09922311047588434,0.0326968421938863,0.035138477367677584,0.1633077435840911,0.002408238030304357,5558,122276,False," ; fenêtre 2003-2024 ; 5558 traitées, 0 jamais traitées sur la fenêtre ; covariables invariantes dans le temps absorbées par les effets fixes unité : log_pop, share_women_1549, level_pre, pretrend_pre ; comparaisons sur la fenêtre identifiée (années < 2023, cohorte 2023 recodée contrôle, 60 unités de contrôle) ; cellules −8 et +8 bornées",event,0.0,5558.0,0.0,0.0,2003.0,2024.0,,,,,,,,,,,,
h2,H2,H2c,"log(naissances+0,5 / 1 000 f. 35-39)","unités avec covariables, bascule 4G ; fenêtre identifiée ≤ 2022, cohorte 2023 = contrôle",twfe,"ATT[1,5]",0.07879751414136188,0.01594997807890294,0.047536131552508756,0.110058896730215,7.80065422227601e-07,5558,122276,False," ; fenêtre 2003-2024 ; 5558 traitées, 0 jamais traitées sur la fenêtre ; covariables invariantes dans le temps absorbées par les effets fixes unité : log_pop, share_women_1549, level_pre, pretrend_pre ; comparaisons sur la fenêtre identifiée (années < 2023, cohorte 2023 recodée contrôle, 60 unités de contrôle) ; écart-type avec covariance complète (w'Vw)",post_avg,0.0,5558.0,0.0,0.0,2003.0,2024.0,,,,,,,,,,,,
h2,H2,H2c,"log(naissances+0,5 / 1 000 f. 35-39)","unités avec covariables, bascule 4G ; fenêtre identifiée ≤ 2022, cohorte 2023 = contrôle",twfe,Wald pré (-8..−2),34.61121046966607,,,,1.3231869144233893e-05,5558,122276,False,"test de Wald joint, covariance groupée, df = 7 ; fenêtre 2003-2024 ; 5558 traitées, 0 jamais traitées sur la fenêtre",pre_test,0.0,5558.0,0.0,0.0,2003.0,2024.0,,,,,,,,,,,7.0,
h2,H2,H2c,"log(naissances+0,5 / 1 000 f. 35-39)","unités avec covariables, bascule 4G ; fenêtre identifiée ≤ 2022, cohorte 2023 = contrôle",twfe,ATT,0.04919957483061494,0.008302200864582675,0.0329275601436156,0.06547158951761428,3.1023594435364635e-09,5558,122276,False," ; fenêtre 2003-2024 ; 5558 traitées, 0 jamais traitées sur la fenêtre ; covariables invariantes dans le temps absorbées par les effets fixes unité : log_pop, share_women_1549, level_pre, pretrend_pre ; comparaisons sur la fenêtre identifiée (années < 2023, cohorte 2023 recodée contrôle, 60 unités de contrôle)",static,0.0,5558.0,0.0,0.0,2003.0,2024.0,,,,,,,,,,,,
h2,H2,H2c,"log(naissances+0,5 / 1 000 f. 35-39)","unités avec covariables, bascule 4G ; fenêtre complète",twfe,ATT,0.05187336224925936,0.007950054238741585,0.03629154226618586,0.06745518223233286,6.804387180261457e-11,5558,122276,True," ; fenêtre 2003-2024 ; 5558 traitées, 0 jamais traitées sur la fenêtre ; covariables invariantes dans le temps absorbées par les effets fixes unité : log_pop, share_women_1549, level_pre, pretrend_pre ; TWFE sur toutes les années (identification par le calendrier des bascules seulement)",static,0.0,5558.0,0.0,0.0,2003.0,2024.0,,,,,,,,,,,,
h2,H2,H2c,"log(naissances+0,5 / 1 000 f. 35-39)","unités avec covariables, bascule 4G ; fenêtre identifiée ≤ 2022, cohorte 2023 = contrôle",twfe_poisson,ATT (log du taux contrefactuel),0.11846170450969913,0.005619504213768705,0.10744767863974139,0.12947573037965687,1.202228178309127e-98,5558,122276,False," ; fenêtre 2003-2024 ; 5558 traitées, 0 jamais traitées sur la fenêtre ; covariables invariantes dans le temps absorbées par les effets fixes unité : log_pop, share_women_1549, level_pre, pretrend_pre ; comparaisons sur la fenêtre identifiée (années < 2023, cohorte 2023 recodée contrôle, 60 unités de contrôle) ; Poisson à effets fixes, offset = log(women)",static,0.0,5558.0,0.0,0.0,2003.0,2024.0,,,,,,,,,,,,
h2,H2,H2c,"log(naissances+0,5 / 1 000 f. 35-39)","unités avec covariables, bascule 4G ; fenêtre identifiée ≤ 2022, cohorte 2023 = contrôle",twfe_poisson,ATT en % du taux contrefactuel,12.576376160127012,0.6326234202026445,11.34326028174122,13.823148678040663,1.202228178309127e-98,5558,122276,False," ; fenêtre 2003-2024 ; 5558 traitées, 0 jamais traitées sur la fenêtre ; covariables invariantes dans le temps absorbées par les effets fixes unité : log_pop, share_women_1549, level_pre, pretrend_pre ; comparaisons sur la fenêtre identifiée (années < 2023, cohorte 2023 recodée contrôle, 60 unités de contrôle) ; Poisson à effets fixes, offset = log(women)",static,0.0,5558.0,0.0,0.0,2003.0,2024.0,,,,,,,,,,,,
h2,H2,H2c,"log(naissances+0,5 / 1 000 f. 40-49)","unités avec covariables, bascule 4G",cs,-8,-0.04156740660388553,0.046961924651171445,-0.1336110875648653,0.05047627435709424,0.3760865410667935,5558,122276,False," ; covariables : log_pop, share_women_1549, level_pre, pretrend_pre (doublement robuste) ; contrôle = not_yet_treated ; fenêtre 2003-2024 ; 5558 traitées, 0 jamais traitées sur la fenêtre ; ATT(g,t) identifiés jusqu'en 2022 (sans unité jamais traitée, la dernière cohorte sert de contrôle)",event,0.0,5558.0,0.0,0.0,2003.0,2024.0,2003.0,2022.0,5558.0,5.0,dr,9.0,5498.0,,,,,
h2,H2,H2c,"log(naissances+0,5 / 1 000 f. 40-49)","unités avec covariables, bascule 4G",cs,-7,0.00782604848917468,0.06406476846792657,-0.11773859038585868,0.13339068736420803,0.9027735855197719,5558,122276,False," ; covariables : log_pop, share_women_1549, level_pre, pretrend_pre (doublement robuste) ; contrôle = not_yet_treated ; fenêtre 2003-2024 ; 5558 traitées, 0 jamais traitées sur la fenêtre ; ATT(g,t) identifiés jusqu'en 2022 (sans unité jamais traitée, la dernière cohorte sert de contrôle)",event,0.0,5558.0,0.0,0.0,2003.0,2024.0,2003.0,2022.0,5558.0,5.0,dr,9.0,5498.0,,,,,
h2,H2,H2c,"log(naissances+0,5 / 1 000 f. 40-49)","unités avec covariables, bascule 4G",cs,-6,-0.0009841335190778223,0.05535574314509957,-0.10947939642092296,0.10751112938276731,0.9858156799329815,5558,122276,False," ; covariables : log_pop, share_women_1549, level_pre, pretrend_pre (doublement robuste) ; contrôle = not_yet_treated ; fenêtre 2003-2024 ; 5558 traitées, 0 jamais traitées sur la fenêtre ; ATT(g,t) identifiés jusqu'en 2022 (sans unité jamais traitée, la dernière cohorte sert de contrôle)",event,0.0,5558.0,0.0,0.0,2003.0,2024.0,2003.0,2022.0,5558.0,5.0,dr,9.0,5498.0,,,,,
h2,H2,H2c,"log(naissances+0,5 / 1 000 f. 40-49)","unités avec covariables, bascule 4G",cs,-5,-0.05423091994450227,0.020971325908785143,-0.09533396343377287,-0.013127876455231668,0.00971094083376311,5558,122276,False," ; covariables : log_pop, share_women_1549, level_pre, pretrend_pre (doublement robuste) ; contrôle = not_yet_treated ; fenêtre 2003-2024 ; 5558 traitées, 0 jamais traitées sur la fenêtre ; ATT(g,t) identifiés jusqu'en 2022 (sans unité jamais traitée, la dernière cohorte sert de contrôle)",event,0.0,5558.0,0.0,0.0,2003.0,2024.0,2003.0,2022.0,5558.0,5.0,dr,9.0,5498.0,,,,,
h2,H2,H2c,"log(naissances+0,5 / 1 000 f. 40-49)","unités avec covariables, bascule 4G",cs,-4,0.0034202728020349695,0.030419182910166816,-0.056200230141028304,0.06304077574509824,0.910476108091567,5558,122276,False," ; covariables : log_pop, share_women_1549, level_pre, pretrend_pre (doublement robuste) ; contrôle = not_yet_treated ; fenêtre 2003-2024 ; 5558 traitées, 0 jamais traitées sur la fenêtre ; ATT(g,t) identifiés jusqu'en 2022 (sans unité jamais traitée, la dernière cohorte sert de contrôle)",event,0.0,5558.0,0.0,0.0,2003.0,2024.0,2003.0,2022.0,5558.0,5.0,dr,9.0,5498.0,,,,,
h2,H2,H2c,"log(naissances+0,5 / 1 000 f. 40-49)","unités avec covariables, bascule 4G",cs,-3,-0.04109967703445501,0.024376017524039287,-0.08887579346808924,0.006676439399179217,0.0917822766467986,5558,122276,False," ; covariables : log_pop, share_women_1549, level_pre, pretrend_pre (doublement robuste) ; contrôle = not_yet_treated ; fenêtre 2003-2024 ; 5558 traitées, 0 jamais traitées sur la fenêtre ; ATT(g,t) identifiés jusqu'en 2022 (sans unité jamais traitée, la dernière cohorte sert de contrôle)",event,0.0,5558.0,0.0,0.0,2003.0,2024.0,2003.0,2022.0,5558.0,5.0,dr,9.0,5498.0,,,,,
h2,H2,H2c,"log(naissances+0,5 / 1 000 f. 40-49)","unités avec covariables, bascule 4G",cs,-2,-0.005764333634453808,0.024780097493603593,-0.05433243225530811,0.0428037649864005,0.8160568918152251,5558,122276,False," ; covariables : log_pop, share_women_1549, level_pre, pretrend_pre (doublement robuste) ; contrôle = not_yet_treated ; fenêtre 2003-2024 ; 5558 traitées, 0 jamais traitées sur la fenêtre ; ATT(g,t) identifiés jusqu'en 2022 (sans unité jamais traitée, la dernière cohorte sert de contrôle)",event,0.0,5558.0,0.0,0.0,2003.0,2024.0,2003.0,2022.0,5558.0,5.0,dr,9.0,5498.0,,,,,
h2,H2,H2c,"log(naissances+0,5 / 1 000 f. 40-49)","unités avec covariables, bascule 4G",cs,0,0.06755986483329399,0.08465764682647227,-0.09836607396250327,0.23348580362909124,0.4248494965093277,5558,122276,False," ; covariables : log_pop, share_women_1549, level_pre, pretrend_pre (doublement robuste) ; contrôle = not_yet_treated ; fenêtre 2003-2024 ; 5558 traitées, 0 jamais traitées sur la fenêtre ; ATT(g,t) identifiés jusqu'en 2022 (sans unité jamais traitée, la dernière cohorte sert de contrôle)",event,0.0,5558.0,0.0,0.0,2003.0,2024.0,2003.0,2022.0,5558.0,5.0,dr,9.0,5498.0,,,,,
h2,H2,H2c,"log(naissances+0,5 / 1 000 f. 40-49)","unités avec covariables, bascule 4G",cs,1,0.22242746781814576,0.13521721356315664,-0.04259340085550217,0.4874483364917937,0.09997720579970586,5558,122276,False," ; covariables : log_pop, share_women_1549, level_pre, pretrend_pre (doublement robuste) ; contrôle = not_yet_treated ; fenêtre 2003-2024 ; 5558 traitées, 0 jamais traitées sur la fenêtre ; ATT(g,t) identifiés jusqu'en 2022 (sans unité jamais traitée, la dernière cohorte sert de contrôle)",event,0.0,5558.0,0.0,0.0,2003.0,2024.0,2003.0,2022.0,5558.0,5.0,dr,8.0,5438.0,,,,,
h2,H2,H2c,"log(naissances+0,5 / 1 000 f. 40-49)","unités avec covariables, bascule 4G",cs,2,0.051545025423960236,0.06808471522215419,-0.08189856430912797,0.18498861515704845,0.4490067816248977,5558,122276,False," ; covariables : log_pop, share_women_1549, level_pre, pretrend_pre (doublement robuste) ; contrôle = not_yet_treated ; fenêtre 2003-2024 ; 5558 traitées, 0 jamais traitées sur la fenêtre ; ATT(g,t) identifiés jusqu'en 2022 (sans unité jamais traitée, la dernière cohorte sert de contrôle)",event,0.0,5558.0,0.0,0.0,2003.0,2024.0,2003.0,2022.0,5558.0,5.0,dr,7.0,5268.0,,,,,
h2,H2,H2c,"log(naissances+0,5 / 1 000 f. 40-49)","unités avec covariables, bascule 4G",cs,3,-0.05421370969532631,0.047273033542783685,-0.14686715287913626,0.03843973348848363,0.2514555898415004,5558,122276,False," ; covariables : log_pop, share_women_1549, level_pre, pretrend_pre (doublement robuste) ; contrôle = not_yet_treated ; fenêtre 2003-2024 ; 5558 traitées, 0 jamais traitées sur la fenêtre ; ATT(g,t) identifiés jusqu'en 2022 (sans unité jamais traitée, la dernière cohorte sert de contrôle)",event,0.0,5558.0,0.0,0.0,2003.0,2024.0,2003.0,2022.0,5558.0,5.0,dr,6.0,4844.0,,,,,
h2,H2,H2c,"log(naissances+0,5 / 1 000 f. 40-49)","unités avec covariables, bascule 4G",cs,4,-0.0456233190626419,0.08331484925818289,-0.20891742298606403,0.11767078486078021,0.5839657023683476,5558,122276,False," ; covariables : log_pop, share_women_1549, level_pre, pretrend_pre (doublement robuste) ; contrôle = not_yet_treated ; fenêtre 2003-2024 ; 5558 traitées, 0 jamais traitées sur la fenêtre ; ATT(g,t) identifiés jusqu'en 2022 (sans unité jamais traitée, la dernière cohorte sert de contrôle)",event,0.0,5558.0,0.0,0.0,2003.0,2024.0,2003.0,2022.0,5558.0,5.0,dr,5.0,4445.0,,,,,
h2,H2,H2c,"log(naissances+0,5 / 1 000 f. 40-49)","unités avec covariables, bascule 4G",cs,5,-0.22254471392049782,0.1385271279116448,-0.4940528955090949,0.04896346766809925,0.10816269565840829,5558,122276,False," ; covariables : log_pop, share_women_1549, level_pre, pretrend_pre (doublement robuste) ; contrôle = not_yet_treated ; fenêtre 2003-2024 ; 5558 traitées, 0 jamais traitées sur la fenêtre ; ATT(g,t) identifiés jusqu'en 2022 (sans unité jamais traitée, la dernière cohorte sert de contrôle)",event,0.0,5558.0,0.0,0.0,2003.0,2024.0,2003.0,2022.0,5558.0,5.0,dr,4.0,3767.0,,,,,
h2,H2,H2c,"log(naissances+0,5 / 1 000 f. 40-49)","unités avec covariables, bascule 4G",cs,6,-0.019416517741065384,0.1834342463235253,-0.3789410340664238,0.340107998584293,0.9157013533533713,5558,122276,False," ; covariables : log_pop, share_women_1549, level_pre, pretrend_pre (doublement robuste) ; contrôle = not_yet_treated ; fenêtre 2003-2024 ; 5558 traitées, 0 jamais traitées sur la fenêtre ; ATT(g,t) identifiés jusqu'en 2022 (sans unité jamais traitée, la dernière cohorte sert de contrôle)",event,0.0,5558.0,0.0,0.0,2003.0,2024.0,2003.0,2022.0,5558.0,5.0,dr,3.0,1032.0,,,,,
h2,H2,H2c,"log(naissances+0,5 / 1 000 f. 40-49)","unités avec covariables, bascule 4G",cs,7,0.34109026840377,0.2781726251735857,-0.20411805842141795,0.8862985952289579,0.22013018997274425,5558,122276,False," ; covariables : log_pop, share_women_1549, level_pre, pretrend_pre (doublement robuste) ; contrôle = not_yet_treated ; fenêtre 2003-2024 ; 5558 traitées, 0 jamais traitées sur la fenêtre ; ATT(g,t) identifiés jusqu'en 2022 (sans unité jamais traitée, la dernière cohorte sert de contrôle)",event,0.0,5558.0,0.0,0.0,2003.0,2024.0,2003.0,2022.0,5558.0,5.0,dr,2.0,481.0,,,,,
h2,H2,H2c,"log(naissances+0,5 / 1 000 f. 40-49)","unités avec covariables, bascule 4G",cs,8,-0.46694532388755866,0.5997145812951269,-1.6423643042295257,0.7084736564544083,0.43620795995286166,5558,122276,False," ; covariables : log_pop, share_women_1549, level_pre, pretrend_pre (doublement robuste) ; contrôle = not_yet_treated ; fenêtre 2003-2024 ; 5558 traitées, 0 jamais traitées sur la fenêtre ; ATT(g,t) identifiés jusqu'en 2022 (sans unité jamais traitée, la dernière cohorte sert de contrôle)",event,0.0,5558.0,0.0,0.0,2003.0,2024.0,2003.0,2022.0,5558.0,5.0,dr,1.0,187.0,,,,,
h2,H2,H2c,"log(naissances+0,5 / 1 000 f. 40-49)","unités avec covariables, bascule 4G",cs,"ATT[1,5]",-0.009681849887272007,0.06121730834340468,-0.12966556947082852,0.11030186969628451,0.8743343212643018,5558,122276,False," ; covariables : log_pop, share_women_1549, level_pre, pretrend_pre (doublement robuste) ; contrôle = not_yet_treated ; fenêtre 2003-2024 ; 5558 traitées, 0 jamais traitées sur la fenêtre ; ATT(g,t) identifiés jusqu'en 2022 (sans unité jamais traitée, la dernière cohorte sert de contrôle) ; écart-type avec covariance complète des coefficients (fonctions d'influence)",post_avg,0.0,5558.0,0.0,0.0,2003.0,2024.0,2003.0,2022.0,5558.0,5.0,dr,,,,,5.0,,
h2,H2,H2c,"log(naissances+0,5 / 1 000 f. 40-49)","unités avec covariables, bascule 4G",cs,ATT,0.01955810392998356,0.05899449854504739,-0.09606898850430995,0.13518519636427706,0.7402485646333599,5558,122276,False," ; covariables : log_pop, share_women_1549, level_pre, pretrend_pre (doublement robuste) ; contrôle = not_yet_treated ; fenêtre 2003-2024 ; 5558 traitées, 0 jamais traitées sur la fenêtre ; ATT(g,t) identifiés jusqu'en 2022 (sans unité jamais traitée, la dernière cohorte sert de contrôle) ; moyenne de tous les ATT(g,t) post",simple,0.0,5558.0,0.0,0.0,2003.0,2024.0,2003.0,2022.0,5558.0,5.0,dr,,,,,,,
h2,H2,H2c,"log(naissances+0,5 / 1 000 f. 40-49)","unités avec covariables, bascule 4G",cs,Wald pré (-8..-2),18.369921874102833,,,,0.010407925824031763,5558,122276,False,"H5c : test de Wald joint de nullité des coefficients pré avec covariance des fonctions d'influence, df = 7 ; fenêtre 2003-2024 ; 5558 traitées, 0 jamais traitées sur la fenêtre",pre_test,0.0,5558.0,0.0,0.0,2003.0,2024.0,2003.0,2022.0,5558.0,5.0,dr,,,,,,7.0,
h2,H2,H2c,"log(naissances+0,5 / 1 000 f. 40-49)","unités avec covariables, bascule 4G ; fenêtre identifiée ≤ 2022, cohorte 2023 = contrôle",sunab,-8,0.04084885928681129,0.058583169394051324,-0.0739720428257385,0.15566976139936106,0.485627721473881,5558,122276,False," ; fenêtre 2003-2024 ; 5558 traitées, 0 jamais traitées sur la fenêtre ; covariables invariantes dans le temps absorbées par les effets fixes unité : log_pop, share_women_1549, level_pre, pretrend_pre ; comparaisons sur la fenêtre identifiée (années < 2023, cohorte 2023 recodée contrôle, 60 unités de contrôle) ; cellules −8 et +8 bornées",event,0.0,5558.0,0.0,0.0,2003.0,2024.0,,,,,,,,,,,,
h2,H2,H2c,"log(naissances+0,5 / 1 000 f. 40-49)","unités avec covariables, bascule 4G ; fenêtre identifiée ≤ 2022, cohorte 2023 = contrôle",sunab,-7,0.05040960162154561,0.05691688600589648,-0.061145445062183286,0.16196464830527452,0.3757951591587556,5558,122276,False," ; fenêtre 2003-2024 ; 5558 traitées, 0 jamais traitées sur la fenêtre ; covariables invariantes dans le temps absorbées par les effets fixes unité : log_pop, share_women_1549, level_pre, pretrend_pre ; comparaisons sur la fenêtre identifiée (années < 2023, cohorte 2023 recodée contrôle, 60 unités de contrôle) ; cellules −8 et +8 bornées",event,0.0,5558.0,0.0,0.0,2003.0,2024.0,,,,,,,,,,,,
h2,H2,H2c,"log(naissances+0,5 / 1 000 f. 40-49)","unités avec covariables, bascule 4G ; fenêtre identifiée ≤ 2022, cohorte 2023 = contrôle",sunab,-6,0.06533342799034159,0.055183258524515735,-0.04282377126727217,0.17349062724795533,0.23643853000728876,5558,122276,False," ; fenêtre 2003-2024 ; 5558 traitées, 0 jamais traitées sur la fenêtre ; covariables invariantes dans le temps absorbées par les effets fixes unité : log_pop, share_women_1549, level_pre, pretrend_pre ; comparaisons sur la fenêtre identifiée (années < 2023, cohorte 2023 recodée contrôle, 60 unités de contrôle) ; cellules −8 et +8 bornées",event,0.0,5558.0,0.0,0.0,2003.0,2024.0,,,,,,,,,,,,
h2,H2,H2c,"log(naissances+0,5 / 1 000 f. 40-49)","unités avec covariables, bascule 4G ; fenêtre identifiée ≤ 2022, cohorte 2023 = contrôle",sunab,-5,0.049595160281106006,0.05236813482463514,-0.053044497912716655,0.15223481847492867,0.34361409719536573,5558,122276,False," ; fenêtre 2003-2024 ; 5558 traitées, 0 jamais traitées sur la fenêtre ; covariables invariantes dans le temps absorbées par les effets fixes unité : log_pop, share_women_1549, level_pre, pretrend_pre ; comparaisons sur la fenêtre identifiée (années < 2023, cohorte 2023 recodée contrôle, 60 unités de contrôle) ; cellules −8 et +8 bornées",event,0.0,5558.0,0.0,0.0,2003.0,2024.0,,,,,,,,,,,,
h2,H2,H2c,"log(naissances+0,5 / 1 000 f. 40-49)","unités avec covariables, bascule 4G ; fenêtre identifiée ≤ 2022, cohorte 2023 = contrôle",sunab,-4,0.06022739572116816,0.04802592349903945,-0.033901684661225,0.15435647610356132,0.20982015170653245,5558,122276,False," ; fenêtre 2003-2024 ; 5558 traitées, 0 jamais traitées sur la fenêtre ; covariables invariantes dans le temps absorbées par les effets fixes unité : log_pop, share_women_1549, level_pre, pretrend_pre ; comparaisons sur la fenêtre identifiée (années < 2023, cohorte 2023 recodée contrôle, 60 unités de contrôle) ; cellules −8 et +8 bornées",event,0.0,5558.0,0.0,0.0,2003.0,2024.0,,,,,,,,,,,,
h2,H2,H2c,"log(naissances+0,5 / 1 000 f. 40-49)","unités avec covariables, bascule 4G ; fenêtre identifiée ≤ 2022, cohorte 2023 = contrôle",sunab,-3,-4.610880900496588e-06,0.04885597100553864,-0.09576055448148935,0.09575133271968836,0.9999246980338119,5558,122276,False," ; fenêtre 2003-2024 ; 5558 traitées, 0 jamais traitées sur la fenêtre ; covariables invariantes dans le temps absorbées par les effets fixes unité : log_pop, share_women_1549, level_pre, pretrend_pre ; comparaisons sur la fenêtre identifiée (années < 2023, cohorte 2023 recodée contrôle, 60 unités de contrôle) ; cellules −8 et +8 bornées",event,0.0,5558.0,0.0,0.0,2003.0,2024.0,,,,,,,,,,,,
h2,H2,H2c,"log(naissances+0,5 / 1 000 f. 40-49)","unités avec covariables, bascule 4G ; fenêtre identifiée ≤ 2022, cohorte 2023 = contrôle",sunab,-2,-0.008662219554783527,0.04364197588823608,-0.09419892050989168,0.07687448140032463,0.8426666597844792,5558,122276,False," ; fenêtre 2003-2024 ; 5558 traitées, 0 jamais traitées sur la fenêtre ; covariables invariantes dans le temps absorbées par les effets fixes unité : log_pop, share_women_1549, level_pre, pretrend_pre ; comparaisons sur la fenêtre identifiée (années < 2023, cohorte 2023 recodée contrôle, 60 unités de contrôle) ; cellules −8 et +8 bornées",event,0.0,5558.0,0.0,0.0,2003.0,2024.0,,,,,,,,,,,,
h2,H2,H2c,"log(naissances+0,5 / 1 000 f. 40-49)","unités avec covariables, bascule 4G ; fenêtre identifiée ≤ 2022, cohorte 2023 = contrôle",sunab,0,0.014111120472788464,0.05072311334280863,-0.08530435486285952,0.11352659580843645,0.7808595863578629,5558,122276,False," ; fenêtre 2003-2024 ; 5558 traitées, 0 jamais traitées sur la fenêtre ; covariables invariantes dans le temps absorbées par les effets fixes unité : log_pop, share_women_1549, level_pre, pretrend_pre ; comparaisons sur la fenêtre identifiée (années < 2023, cohorte 2023 recodée contrôle, 60 unités de contrôle) ; cellules −8 et +8 bornées",event,0.0,5558.0,0.0,0.0,2003.0,2024.0,,,,,,,,,,,,
h2,H2,H2c,"log(naissances+0,5 / 1 000 f. 40-49)","unités avec covariables, bascule 4G ; fenêtre identifiée ≤ 2022, cohorte 2023 = contrôle",sunab,1,-0.022087444146775288,0.05251530746077721,-0.12501555540694623,0.08084066711339565,0.6740540662928733,5558,122276,False," ; fenêtre 2003-2024 ; 5558 traitées, 0 jamais traitées sur la fenêtre ; covariables invariantes dans le temps absorbées par les effets fixes unité : log_pop, share_women_1549, level_pre, pretrend_pre ; comparaisons sur la fenêtre identifiée (années < 2023, cohorte 2023 recodée contrôle, 60 unités de contrôle) ; cellules −8 et +8 bornées",event,0.0,5558.0,0.0,0.0,2003.0,2024.0,,,,,,,,,,,,
h2,H2,H2c,"log(naissances+0,5 / 1 000 f. 40-49)","unités avec covariables, bascule 4G ; fenêtre identifiée ≤ 2022, cohorte 2023 = contrôle",sunab,2,-0.01626021715427097,0.06121643383413323,-0.1362422227311513,0.10372178842260937,0.7905330385483217,5558,122276,False," ; fenêtre 2003-2024 ; 5558 traitées, 0 jamais traitées sur la fenêtre ; covariables invariantes dans le temps absorbées par les effets fixes unité : log_pop, share_women_1549, level_pre, pretrend_pre ; comparaisons sur la fenêtre identifiée (années < 2023, cohorte 2023 recodée contrôle, 60 unités de contrôle) ; cellules −8 et +8 bornées",event,0.0,5558.0,0.0,0.0,2003.0,2024.0,,,,,,,,,,,,
h2,H2,H2c,"log(naissances+0,5 / 1 000 f. 40-49)","unités avec covariables, bascule 4G ; fenêtre identifiée ≤ 2022, cohorte 2023 = contrôle",sunab,3,-0.04838297345105178,0.07049235216519742,-0.18654544488035282,0.08977949797824927,0.4924875292813369,5558,122276,False," ; fenêtre 2003-2024 ; 5558 traitées, 0 jamais traitées sur la fenêtre ; covariables invariantes dans le temps absorbées par les effets fixes unité : log_pop, share_women_1549, level_pre, pretrend_pre ; comparaisons sur la fenêtre identifiée (années < 2023, cohorte 2023 recodée contrôle, 60 unités de contrôle) ; cellules −8 et +8 bornées",event,0.0,5558.0,0.0,0.0,2003.0,2024.0,,,,,,,,,,,,
h2,H2,H2c,"log(naissances+0,5 / 1 000 f. 40-49)","unités avec covariables, bascule 4G ; fenêtre identifiée ≤ 2022, cohorte 2023 = contrôle",sunab,4,-0.08188841623999196,0.07334879971913097,-0.22564942199873028,0.06187258951874636,0.26424035923928535,5558,122276,False," ; fenêtre 2003-2024 ; 5558 traitées, 0 jamais traitées sur la fenêtre ; covariables invariantes dans le temps absorbées par les effets fixes unité : log_pop, share_women_1549, level_pre, pretrend_pre ; comparaisons sur la fenêtre identifiée (années < 2023, cohorte 2023 recodée contrôle, 60 unités de contrôle) ; cellules −8 et +8 bornées",event,0.0,5558.0,0.0,0.0,2003.0,2024.0,,,,,,,,,,,,
h2,H2,H2c,"log(naissances+0,5 / 1 000 f. 40-49)","unités avec covariables, bascule 4G ; fenêtre identifiée ≤ 2022, cohorte 2023 = contrôle",sunab,5,-0.18313459956737846,0.08564131616089302,-0.3509884948313369,-0.015280704303420045,0.03248504138975384,5558,122276,False," ; fenêtre 2003-2024 ; 5558 traitées, 0 jamais traitées sur la fenêtre ; covariables invariantes dans le temps absorbées par les effets fixes unité : log_pop, share_women_1549, level_pre, pretrend_pre ; comparaisons sur la fenêtre identifiée (années < 2023, cohorte 2023 recodée contrôle, 60 unités de contrôle) ; cellules −8 et +8 bornées",event,0.0,5558.0,0.0,0.0,2003.0,2024.0,,,,,,,,,,,,
h2,H2,H2c,"log(naissances+0,5 / 1 000 f. 40-49)","unités avec covariables, bascule 4G ; fenêtre identifiée ≤ 2022, cohorte 2023 = contrôle",sunab,6,-0.14236282065451733,0.07790320510920772,-0.2950502969488012,0.010324655639766533,0.06763482094263126,5558,122276,False," ; fenêtre 2003-2024 ; 5558 traitées, 0 jamais traitées sur la fenêtre ; covariables invariantes dans le temps absorbées par les effets fixes unité : log_pop, share_women_1549, level_pre, pretrend_pre ; comparaisons sur la fenêtre identifiée (années < 2023, cohorte 2023 recodée contrôle, 60 unités de contrôle) ; cellules −8 et +8 bornées",event,0.0,5558.0,0.0,0.0,2003.0,2024.0,,,,,,,,,,,,
h2,H2,H2c,"log(naissances+0,5 / 1 000 f. 40-49)","unités avec covariables, bascule 4G ; fenêtre identifiée ≤ 2022, cohorte 2023 = contrôle",sunab,7,-0.1617730154170124,0.0850231761461076,-0.32841537851458835,0.004869347680563546,0.0570805954138465,5558,122276,False," ; fenêtre 2003-2024 ; 5558 traitées, 0 jamais traitées sur la fenêtre ; covariables invariantes dans le temps absorbées par les effets fixes unité : log_pop, share_women_1549, level_pre, pretrend_pre ; comparaisons sur la fenêtre identifiée (années < 2023, cohorte 2023 recodée contrôle, 60 unités de contrôle) ; cellules −8 et +8 bornées",event,0.0,5558.0,0.0,0.0,2003.0,2024.0,,,,,,,,,,,,
h2,H2,H2c,"log(naissances+0,5 / 1 000 f. 40-49)","unités avec covariables, bascule 4G ; fenêtre identifiée ≤ 2022, cohorte 2023 = contrôle",sunab,8,-0.34128092120406717,0.10336939143186803,-0.5438812055143518,-0.13868063689378257,0.0009614653597341902,5558,122276,False," ; fenêtre 2003-2024 ; 5558 traitées, 0 jamais traitées sur la fenêtre ; covariables invariantes dans le temps absorbées par les effets fixes unité : log_pop, share_women_1549, level_pre, pretrend_pre ; comparaisons sur la fenêtre identifiée (années < 2023, cohorte 2023 recodée contrôle, 60 unités de contrôle) ; cellules −8 et +8 bornées",event,0.0,5558.0,0.0,0.0,2003.0,2024.0,,,,,,,,,,,,
h2,H2,H2c,"log(naissances+0,5 / 1 000 f. 40-49)","unités avec covariables, bascule 4G ; fenêtre identifiée ≤ 2022, cohorte 2023 = contrôle",sunab,"ATT[1,5]",-0.07035073011189369,0.05799921341998699,-0.18402709954672036,0.043325639322932985,0.22514508631171049,5558,122276,False," ; fenêtre 2003-2024 ; 5558 traitées, 0 jamais traitées sur la fenêtre ; covariables invariantes dans le temps absorbées par les effets fixes unité : log_pop, share_women_1549, level_pre, pretrend_pre ; comparaisons sur la fenêtre identifiée (années < 2023, cohorte 2023 recodée contrôle, 60 unités de contrôle) ; écart-type avec covariance complète (w'Vw)",post_avg,0.0,5558.0,0.0,0.0,2003.0,2024.0,,,,,,,,,,,,
h2,H2,H2c,"log(naissances+0,5 / 1 000 f. 40-49)","unités avec covariables, bascule 4G ; fenêtre identifiée ≤ 2022, cohorte 2023 = contrôle",sunab,Wald pré (-8..−2),8.781261613675353,,,,0.2687444652396076,5558,122276,False,"test de Wald joint, covariance groupée, df = 7 ; fenêtre 2003-2024 ; 5558 traitées, 0 jamais traitées sur la fenêtre",pre_test,0.0,5558.0,0.0,0.0,2003.0,2024.0,,,,,,,,,,,7.0,
h2,H2,H2c,"log(naissances+0,5 / 1 000 f. 40-49)","unités avec covariables, bascule 4G ; fenêtre identifiée ≤ 2022, cohorte 2023 = contrôle",did2s,-8,-0.0018144615818814326,0.0009063077288805853,-0.0035907920893976713,-3.813107436519375e-05,0.045280755233170836,5558,122276,False," ; fenêtre 2003-2024 ; 5558 traitées, 0 jamais traitées sur la fenêtre ; covariables invariantes dans le temps absorbées par les effets fixes unité : log_pop, share_women_1549, level_pre, pretrend_pre ; comparaisons sur la fenêtre identifiée (années < 2023, cohorte 2023 recodée contrôle, 60 unités de contrôle) ; cellules −8 et +8 bornées ; did2s en deux étapes implémenté directement (pyfixest.did2s dépasse la mémoire au-delà de 5 000 unités), écarts-types par bootstrap par grappes (50 tirages, grappe = unit)",event,0.0,5558.0,0.0,0.0,2003.0,2024.0,,,,,,,,,,,,
h2,H2,H2c,"log(naissances+0,5 / 1 000 f. 40-49)","unités avec covariables, bascule 4G ; fenêtre identifiée ≤ 2022, cohorte 2023 = contrôle",did2s,-7,-0.022503229369077678,0.005813733471201984,-0.033897937588348595,-0.011108521149806757,0.00010852241999193658,5558,122276,False," ; fenêtre 2003-2024 ; 5558 traitées, 0 jamais traitées sur la fenêtre ; covariables invariantes dans le temps absorbées par les effets fixes unité : log_pop, share_women_1549, level_pre, pretrend_pre ; comparaisons sur la fenêtre identifiée (années < 2023, cohorte 2023 recodée contrôle, 60 unités de contrôle) ; cellules −8 et +8 bornées ; did2s en deux étapes implémenté directement (pyfixest.did2s dépasse la mémoire au-delà de 5 000 unités), écarts-types par bootstrap par grappes (50 tirages, grappe = unit)",event,0.0,5558.0,0.0,0.0,2003.0,2024.0,,,,,,,,,,,,
h2,H2,H2c,"log(naissances+0,5 / 1 000 f. 40-49)","unités avec covariables, bascule 4G ; fenêtre identifiée ≤ 2022, cohorte 2023 = contrôle",did2s,-6,-0.00699093166971883,0.006043995362401746,-0.018836944902753363,0.004855081563315704,0.2474056181812545,5558,122276,False," ; fenêtre 2003-2024 ; 5558 traitées, 0 jamais traitées sur la fenêtre ; covariables invariantes dans le temps absorbées par les effets fixes unité : log_pop, share_women_1549, level_pre, pretrend_pre ; comparaisons sur la fenêtre identifiée (années < 2023, cohorte 2023 recodée contrôle, 60 unités de contrôle) ; cellules −8 et +8 bornées ; did2s en deux étapes implémenté directement (pyfixest.did2s dépasse la mémoire au-delà de 5 000 unités), écarts-types par bootstrap par grappes (50 tirages, grappe = unit)",event,0.0,5558.0,0.0,0.0,2003.0,2024.0,,,,,,,,,,,,
h2,H2,H2c,"log(naissances+0,5 / 1 000 f. 40-49)","unités avec covariables, bascule 4G ; fenêtre identifiée ≤ 2022, cohorte 2023 = contrôle",did2s,-5,-0.019088649110409323,0.00662372132684607,-0.03207090435465748,-0.006106393866161165,0.003953331517119019,5558,122276,False," ; fenêtre 2003-2024 ; 5558 traitées, 0 jamais traitées sur la fenêtre ; covariables invariantes dans le temps absorbées par les effets fixes unité : log_pop, share_women_1549, level_pre, pretrend_pre ; comparaisons sur la fenêtre identifiée (années < 2023, cohorte 2023 recodée contrôle, 60 unités de contrôle) ; cellules −8 et +8 bornées ; did2s en deux étapes implémenté directement (pyfixest.did2s dépasse la mémoire au-delà de 5 000 unités), écarts-types par bootstrap par grappes (50 tirages, grappe = unit)",event,0.0,5558.0,0.0,0.0,2003.0,2024.0,,,,,,,,,,,,
h2,H2,H2c,"log(naissances+0,5 / 1 000 f. 40-49)","unités avec covariables, bascule 4G ; fenêtre identifiée ≤ 2022, cohorte 2023 = contrôle",did2s,-4,0.0022715937879513046,0.005920060975527101,-0.009331512510362874,0.013874700086265481,0.7011924996372532,5558,122276,False," ; fenêtre 2003-2024 ; 5558 traitées, 0 jamais traitées sur la fenêtre ; covariables invariantes dans le temps absorbées par les effets fixes unité : log_pop, share_women_1549, level_pre, pretrend_pre ; comparaisons sur la fenêtre identifiée (années < 2023, cohorte 2023 recodée contrôle, 60 unités de contrôle) ; cellules −8 et +8 bornées ; did2s en deux étapes implémenté directement (pyfixest.did2s dépasse la mémoire au-delà de 5 000 unités), écarts-types par bootstrap par grappes (50 tirages, grappe = unit)",event,0.0,5558.0,0.0,0.0,2003.0,2024.0,,,,,,,,,,,,
h2,H2,H2c,"log(naissances+0,5 / 1 000 f. 40-49)","unités avec covariables, bascule 4G ; fenêtre identifiée ≤ 2022, cohorte 2023 = contrôle",did2s,-3,0.0048601192320656275,0.007882161684863534,-0.010588633790588452,0.020308872254719706,0.5375004077625818,5558,122276,False," ; fenêtre 2003-2024 ; 5558 traitées, 0 jamais traitées sur la fenêtre ; covariables invariantes dans le temps absorbées par les effets fixes unité : log_pop, share_women_1549, level_pre, pretrend_pre ; comparaisons sur la fenêtre identifiée (années < 2023, cohorte 2023 recodée contrôle, 60 unités de contrôle) ; cellules −8 et +8 bornées ; did2s en deux étapes implémenté directement (pyfixest.did2s dépasse la mémoire au-delà de 5 000 unités), écarts-types par bootstrap par grappes (50 tirages, grappe = unit)",event,0.0,5558.0,0.0,0.0,2003.0,2024.0,,,,,,,,,,,,
h2,H2,H2c,"log(naissances+0,5 / 1 000 f. 40-49)","unités avec covariables, bascule 4G ; fenêtre identifiée ≤ 2022, cohorte 2023 = contrôle",did2s,-2,0.012175987278364263,0.006244710637091226,-6.34206642087156e-05,0.02441539522093724,0.05119899775694104,5558,122276,False," ; fenêtre 2003-2024 ; 5558 traitées, 0 jamais traitées sur la fenêtre ; covariables invariantes dans le temps absorbées par les effets fixes unité : log_pop, share_women_1549, level_pre, pretrend_pre ; comparaisons sur la fenêtre identifiée (années < 2023, cohorte 2023 recodée contrôle, 60 unités de contrôle) ; cellules −8 et +8 bornées ; did2s en deux étapes implémenté directement (pyfixest.did2s dépasse la mémoire au-delà de 5 000 unités), écarts-types par bootstrap par grappes (50 tirages, grappe = unit)",event,0.0,5558.0,0.0,0.0,2003.0,2024.0,,,,,,,,,,,,
h2,H2,H2c,"log(naissances+0,5 / 1 000 f. 40-49)","unités avec covariables, bascule 4G ; fenêtre identifiée ≤ 2022, cohorte 2023 = contrôle",did2s,0,0.06161258218572042,0.015274121439598635,0.03167585426861601,0.09154931010282483,5.488461832549406e-05,5558,122276,False," ; fenêtre 2003-2024 ; 5558 traitées, 0 jamais traitées sur la fenêtre ; covariables invariantes dans le temps absorbées par les effets fixes unité : log_pop, share_women_1549, level_pre, pretrend_pre ; comparaisons sur la fenêtre identifiée (années < 2023, cohorte 2023 recodée contrôle, 60 unités de contrôle) ; cellules −8 et +8 bornées ; did2s en deux étapes implémenté directement (pyfixest.did2s dépasse la mémoire au-delà de 5 000 unités), écarts-types par bootstrap par grappes (50 tirages, grappe = unit)",event,0.0,5558.0,0.0,0.0,2003.0,2024.0,,,,,,,,,,,,
h2,H2,H2c,"log(naissances+0,5 / 1 000 f. 40-49)","unités avec covariables, bascule 4G ; fenêtre identifiée ≤ 2022, cohorte 2023 = contrôle",did2s,1,0.08203678488436551,0.011995007815192714,0.05852700157231131,0.10554656819641972,7.961220346476916e-12,5558,122276,False," ; fenêtre 2003-2024 ; 5558 traitées, 0 jamais traitées sur la fenêtre ; covariables invariantes dans le temps absorbées par les effets fixes unité : log_pop, share_women_1549, level_pre, pretrend_pre ; comparaisons sur la fenêtre identifiée (années < 2023, cohorte 2023 recodée contrôle, 60 unités de contrôle) ; cellules −8 et +8 bornées ; did2s en deux étapes implémenté directement (pyfixest.did2s dépasse la mémoire au-delà de 5 000 unités), écarts-types par bootstrap par grappes (50 tirages, grappe = unit)",event,0.0,5558.0,0.0,0.0,2003.0,2024.0,,,,,,,,,,,,
h2,H2,H2c,"log(naissances+0,5 / 1 000 f. 40-49)","unités avec covariables, bascule 4G ; fenêtre identifiée ≤ 2022, cohorte 2023 = contrôle",did2s,2,0.06884313356724497,0.0212410211853786,0.027211497049050633,0.11047477008543932,0.00119091830676221,5558,122276,False," ; fenêtre 2003-2024 ; 5558 traitées, 0 jamais traitées sur la fenêtre ; covariables invariantes dans le temps absorbées par les effets fixes unité : log_pop, share_women_1549, level_pre, pretrend_pre ; comparaisons sur la fenêtre identifiée (années < 2023, cohorte 2023 recodée contrôle, 60 unités de contrôle) ; cellules −8 et +8 bornées ; did2s en deux étapes implémenté directement (pyfixest.did2s dépasse la mémoire au-delà de 5 000 unités), écarts-types par bootstrap par grappes (50 tirages, grappe = unit)",event,0.0,5558.0,0.0,0.0,2003.0,2024.0,,,,,,,,,,,,
h2,H2,H2c,"log(naissances+0,5 / 1 000 f. 40-49)","unités avec covariables, bascule 4G ; fenêtre identifiée ≤ 2022, cohorte 2023 = contrôle",did2s,3,0.07117405419797242,0.029376815662354207,0.013596553519286,0.12875155487665885,0.015401540021299634,5558,122276,False," ; fenêtre 2003-2024 ; 5558 traitées, 0 jamais traitées sur la fenêtre ; covariables invariantes dans le temps absorbées par les effets fixes unité : log_pop, share_women_1549, level_pre, pretrend_pre ; comparaisons sur la fenêtre identifiée (années < 2023, cohorte 2023 recodée contrôle, 60 unités de contrôle) ; cellules −8 et +8 bornées ; did2s en deux étapes implémenté directement (pyfixest.did2s dépasse la mémoire au-delà de 5 000 unités), écarts-types par bootstrap par grappes (50 tirages, grappe = unit)",event,0.0,5558.0,0.0,0.0,2003.0,2024.0,,,,,,,,,,,,
h2,H2,H2c,"log(naissances+0,5 / 1 000 f. 40-49)","unités avec covariables, bascule 4G ; fenêtre identifiée ≤ 2022, cohorte 2023 = contrôle",did2s,4,0.06135185380254932,0.040322127048217464,-0.01767806299200527,0.1403817705971039,0.1281236064535972,5558,122276,False," ; fenêtre 2003-2024 ; 5558 traitées, 0 jamais traitées sur la fenêtre ; covariables invariantes dans le temps absorbées par les effets fixes unité : log_pop, share_women_1549, level_pre, pretrend_pre ; comparaisons sur la fenêtre identifiée (années < 2023, cohorte 2023 recodée contrôle, 60 unités de contrôle) ; cellules −8 et +8 bornées ; did2s en deux étapes implémenté directement (pyfixest.did2s dépasse la mémoire au-delà de 5 000 unités), écarts-types par bootstrap par grappes (50 tirages, grappe = unit)",event,0.0,5558.0,0.0,0.0,2003.0,2024.0,,,,,,,,,,,,
h2,H2,H2c,"log(naissances+0,5 / 1 000 f. 40-49)","unités avec covariables, bascule 4G ; fenêtre identifiée ≤ 2022, cohorte 2023 = contrôle",did2s,5,-0.11802676811398492,0.0750680739253737,-0.2651574893965077,0.029103953168537824,0.11588952997274692,5558,122276,False," ; fenêtre 2003-2024 ; 5558 traitées, 0 jamais traitées sur la fenêtre ; covariables invariantes dans le temps absorbées par les effets fixes unité : log_pop, share_women_1549, level_pre, pretrend_pre ; comparaisons sur la fenêtre identifiée (années < 2023, cohorte 2023 recodée contrôle, 60 unités de contrôle) ; cellules −8 et +8 bornées ; did2s en deux étapes implémenté directement (pyfixest.did2s dépasse la mémoire au-delà de 5 000 unités), écarts-types par bootstrap par grappes (50 tirages, grappe = unit)",event,0.0,5558.0,0.0,0.0,2003.0,2024.0,,,,,,,,,,,,
h2,H2,H2c,"log(naissances+0,5 / 1 000 f. 40-49)","unités avec covariables, bascule 4G ; fenêtre identifiée ≤ 2022, cohorte 2023 = contrôle",did2s,6,0.07321839625178309,0.058944256663207954,-0.042310223903589614,0.1887470164071558,0.214176293095531,5558,122276,False," ; fenêtre 2003-2024 ; 5558 traitées, 0 jamais traitées sur la fenêtre ; covariables invariantes dans le temps absorbées par les effets fixes unité : log_pop, share_women_1549, level_pre, pretrend_pre ; comparaisons sur la fenêtre identifiée (années < 2023, cohorte 2023 recodée contrôle, 60 unités de contrôle) ; cellules −8 et +8 bornées ; did2s en deux étapes implémenté directement (pyfixest.did2s dépasse la mémoire au-delà de 5 000 unités), écarts-types par bootstrap par grappes (50 tirages, grappe = unit)",event,0.0,5558.0,0.0,0.0,2003.0,2024.0,,,,,,,,,,,,
h2,H2,H2c,"log(naissances+0,5 / 1 000 f. 40-49)","unités avec covariables, bascule 4G ; fenêtre identifiée ≤ 2022, cohorte 2023 = contrôle",did2s,7,0.0887117299992002,0.05753257231214926,-0.02405003967055866,0.20147349966895906,0.12308836276287063,5558,122276,False," ; fenêtre 2003-2024 ; 5558 traitées, 0 jamais traitées sur la fenêtre ; covariables invariantes dans le temps absorbées par les effets fixes unité : log_pop, share_women_1549, level_pre, pretrend_pre ; comparaisons sur la fenêtre identifiée (années < 2023, cohorte 2023 recodée contrôle, 60 unités de contrôle) ; cellules −8 et +8 bornées ; did2s en deux étapes implémenté directement (pyfixest.did2s dépasse la mémoire au-delà de 5 000 unités), écarts-types par bootstrap par grappes (50 tirages, grappe = unit)",event,0.0,5558.0,0.0,0.0,2003.0,2024.0,,,,,,,,,,,,
h2,H2,H2c,"log(naissances+0,5 / 1 000 f. 40-49)","unités avec covariables, bascule 4G ; fenêtre identifiée ≤ 2022, cohorte 2023 = contrôle",did2s,8,-0.03516857949636225,0.09767396070461047,-0.22660602470477925,0.15626886571205478,0.7188015511855571,5558,122276,False," ; fenêtre 2003-2024 ; 5558 traitées, 0 jamais traitées sur la fenêtre ; covariables invariantes dans le temps absorbées par les effets fixes unité : log_pop, share_women_1549, level_pre, pretrend_pre ; comparaisons sur la fenêtre identifiée (années < 2023, cohorte 2023 recodée contrôle, 60 unités de contrôle) ; cellules −8 et +8 bornées ; did2s en deux étapes implémenté directement (pyfixest.did2s dépasse la mémoire au-delà de 5 000 unités), écarts-types par bootstrap par grappes (50 tirages, grappe = unit)",event,0.0,5558.0,0.0,0.0,2003.0,2024.0,,,,,,,,,,,,
h2,H2,H2c,"log(naissances+0,5 / 1 000 f. 40-49)","unités avec covariables, bascule 4G ; fenêtre identifiée ≤ 2022, cohorte 2023 = contrôle",did2s,"ATT[1,5]",0.03307581166762947,0.02751631006785575,-0.020855165052804693,0.08700678838806364,0.2293465339840559,5558,122276,False," ; fenêtre 2003-2024 ; 5558 traitées, 0 jamais traitées sur la fenêtre ; covariables invariantes dans le temps absorbées par les effets fixes unité : log_pop, share_women_1549, level_pre, pretrend_pre ; comparaisons sur la fenêtre identifiée (années < 2023, cohorte 2023 recodée contrôle, 60 unités de contrôle) ; écart-type avec covariance complète (w'Vw)",post_avg,0.0,5558.0,0.0,0.0,2003.0,2024.0,,,,,,,,,,,,
h2,H2,H2c,"log(naissances+0,5 / 1 000 f. 40-49)","unités avec covariables, bascule 4G ; fenêtre identifiée ≤ 2022, cohorte 2023 = contrôle",did2s,Wald pré (-8..−2),135.51026098627688,,,,4.427721790641199e-26,5558,122276,False,"test de Wald joint, covariance groupée, df = 7 ; fenêtre 2003-2024 ; 5558 traitées, 0 jamais traitées sur la fenêtre",pre_test,0.0,5558.0,0.0,0.0,2003.0,2024.0,,,,,,,,,,,7.0,
h2,H2,H2c,"log(naissances+0,5 / 1 000 f. 40-49)","unités avec covariables, bascule 4G ; fenêtre identifiée ≤ 2022, cohorte 2023 = contrôle",twfe,-8,-0.21460389973954952,0.031244707971343176,-0.2758424020708537,-0.15336539740824537,6.488595974623306e-12,5558,122276,False," ; fenêtre 2003-2024 ; 5558 traitées, 0 jamais traitées sur la fenêtre ; covariables invariantes dans le temps absorbées par les effets fixes unité : log_pop, share_women_1549, level_pre, pretrend_pre ; comparaisons sur la fenêtre identifiée (années < 2023, cohorte 2023 recodée contrôle, 60 unités de contrôle) ; cellules −8 et +8 bornées",event,0.0,5558.0,0.0,0.0,2003.0,2024.0,,,,,,,,,,,,
h2,H2,H2c,"log(naissances+0,5 / 1 000 f. 40-49)","unités avec covariables, bascule 4G ; fenêtre identifiée ≤ 2022, cohorte 2023 = contrôle",twfe,-7,-0.2122595498528199,0.026304099158202664,-0.26381463684866746,-0.16070446285697232,7.061693193826258e-16,5558,122276,False," ; fenêtre 2003-2024 ; 5558 traitées, 0 jamais traitées sur la fenêtre ; covariables invariantes dans le temps absorbées par les effets fixes unité : log_pop, share_women_1549, level_pre, pretrend_pre ; comparaisons sur la fenêtre identifiée (années < 2023, cohorte 2023 recodée contrôle, 60 unités de contrôle) ; cellules −8 et +8 bornées",event,0.0,5558.0,0.0,0.0,2003.0,2024.0,,,,,,,,,,,,
h2,H2,H2c,"log(naissances+0,5 / 1 000 f. 40-49)","unités avec covariables, bascule 4G ; fenêtre identifiée ≤ 2022, cohorte 2023 = contrôle",twfe,-6,-0.17822029155581146,0.02337217872043971,-0.22402892008810674,-0.13241166302351617,2.4343382446240714e-14,5558,122276,False," ; fenêtre 2003-2024 ; 5558 traitées, 0 jamais traitées sur la fenêtre ; covariables invariantes dans le temps absorbées par les effets fixes unité : log_pop, share_women_1549, level_pre, pretrend_pre ; comparaisons sur la fenêtre identifiée (années < 2023, cohorte 2023 recodée contrôle, 60 unités de contrôle) ; cellules −8 et +8 bornées",event,0.0,5558.0,0.0,0.0,2003.0,2024.0,,,,,,,,,,,,
h2,H2,H2c,"log(naissances+0,5 / 1 000 f. 40-49)","unités avec covariables, bascule 4G ; fenêtre identifiée ≤ 2022, cohorte 2023 = contrôle",twfe,-5,-0.1717074271368333,0.02045098798202723,-0.21179062702986814,-0.13162422724379844,4.617664749718145e-17,5558,122276,False," ; fenêtre 2003-2024 ; 5558 traitées, 0 jamais traitées sur la fenêtre ; covariables invariantes dans le temps absorbées par les effets fixes unité : log_pop, share_women_1549, level_pre, pretrend_pre ; comparaisons sur la fenêtre identifiée (années < 2023, cohorte 2023 recodée contrôle, 60 unités de contrôle) ; cellules −8 et +8 bornées",event,0.0,5558.0,0.0,0.0,2003.0,2024.0,,,,,,,,,,,,
h2,H2,H2c,"log(naissances+0,5 / 1 000 f. 40-49)","unités avec covariables, bascule 4G ; fenêtre identifiée ≤ 2022, cohorte 2023 = contrôle",twfe,-4,-0.12319190730931066,0.017334920650705552,-0.15716772745955318,-0.08921608715906815,1.1895834610979e-12,5558,122276,False," ; fenêtre 2003-2024 ; 5558 traitées, 0 jamais traitées sur la fenêtre ; covariables invariantes dans le temps absorbées par les effets fixes unité : log_pop, share_women_1549, level_pre, pretrend_pre ; comparaisons sur la fenêtre identifiée (années < 2023, cohorte 2023 recodée contrôle, 60 unités de contrôle) ; cellules −8 et +8 bornées",event,0.0,5558.0,0.0,0.0,2003.0,2024.0,,,,,,,,,,,,
h2,H2,H2c,"log(naissances+0,5 / 1 000 f. 40-49)","unités avec covariables, bascule 4G ; fenêtre identifiée ≤ 2022, cohorte 2023 = contrôle",twfe,-3,-0.09756075147579643,0.01464582493919615,-0.12626604088049942,-0.06885546207109344,2.71350671371804e-11,5558,122276,False," ; fenêtre 2003-2024 ; 5558 traitées, 0 jamais traitées sur la fenêtre ; covariables invariantes dans le temps absorbées par les effets fixes unité : log_pop, share_women_1549, level_pre, pretrend_pre ; comparaisons sur la fenêtre identifiée (années < 2023, cohorte 2023 recodée contrôle, 60 unités de contrôle) ; cellules −8 et +8 bornées",event,0.0,5558.0,0.0,0.0,2003.0,2024.0,,,,,,,,,,,,
h2,H2,H2c,"log(naissances+0,5 / 1 000 f. 40-49)","unités avec covariables, bascule 4G ; fenêtre identifiée ≤ 2022, cohorte 2023 = contrôle",twfe,-2,-0.06519106963903595,0.012146115504922315,-0.08899701858074723,-0.04138512069732468,7.995236654470425e-08,5558,122276,False," ; fenêtre 2003-2024 ; 5558 traitées, 0 jamais traitées sur la fenêtre ; covariables invariantes dans le temps absorbées par les effets fixes unité : log_pop, share_women_1549, level_pre, pretrend_pre ; comparaisons sur la fenêtre identifiée (années < 2023, cohorte 2023 recodée contrôle, 60 unités de contrôle) ; cellules −8 et +8 bornées",event,0.0,5558.0,0.0,0.0,2003.0,2024.0,,,,,,,,,,,,
h2,H2,H2c,"log(naissances+0,5 / 1 000 f. 40-49)","unités avec covariables, bascule 4G ; fenêtre identifiée ≤ 2022, cohorte 2023 = contrôle",twfe,0,0.04239847966132507,0.012174001235015053,0.018537875692949426,0.0662590836297007,0.0004963712544332784,5558,122276,False," ; fenêtre 2003-2024 ; 5558 traitées, 0 jamais traitées sur la fenêtre ; covariables invariantes dans le temps absorbées par les effets fixes unité : log_pop, share_women_1549, level_pre, pretrend_pre ; comparaisons sur la fenêtre identifiée (années < 2023, cohorte 2023 recodée contrôle, 60 unités de contrôle) ; cellules −8 et +8 bornées",event,0.0,5558.0,0.0,0.0,2003.0,2024.0,,,,,,,,,,,,
h2,H2,H2c,"log(naissances+0,5 / 1 000 f. 40-49)","unités avec covariables, bascule 4G ; fenêtre identifiée ≤ 2022, cohorte 2023 = contrôle",twfe,1,0.10316569830245988,0.014517525093636876,0.07471187197427512,0.13161952463064464,1.1920649031212563e-12,5558,122276,False," ; fenêtre 2003-2024 ; 5558 traitées, 0 jamais traitées sur la fenêtre ; covariables invariantes dans le temps absorbées par les effets fixes unité : log_pop, share_women_1549, level_pre, pretrend_pre ; comparaisons sur la fenêtre identifiée (années < 2023, cohorte 2023 recodée contrôle, 60 unités de contrôle) ; cellules −8 et +8 bornées",event,0.0,5558.0,0.0,0.0,2003.0,2024.0,,,,,,,,,,,,
h2,H2,H2c,"log(naissances+0,5 / 1 000 f. 40-49)","unités avec covariables, bascule 4G ; fenêtre identifiée ≤ 2022, cohorte 2023 = contrôle",twfe,2,0.1654907185559825,0.017257904405797043,0.13166584747198518,0.1993155896399798,8.8709746551716e-22,5558,122276,False," ; fenêtre 2003-2024 ; 5558 traitées, 0 jamais traitées sur la fenêtre ; covariables invariantes dans le temps absorbées par les effets fixes unité : log_pop, share_women_1549, level_pre, pretrend_pre ; comparaisons sur la fenêtre identifiée (années < 2023, cohorte 2023 recodée contrôle, 60 unités de contrôle) ; cellules −8 et +8 bornées",event,0.0,5558.0,0.0,0.0,2003.0,2024.0,,,,,,,,,,,,
h2,H2,H2c,"log(naissances+0,5 / 1 000 f. 40-49)","unités avec covariables, bascule 4G ; fenêtre identifiée ≤ 2022, cohorte 2023 = contrôle",twfe,3,0.23302206721482704,0.02108257374136683,0.1917009819803382,0.2743431524493159,2.1241546297507284e-28,5558,122276,False," ; fenêtre 2003-2024 ; 5558 traitées, 0 jamais traitées sur la fenêtre ; covariables invariantes dans le temps absorbées par les effets fixes unité : log_pop, share_women_1549, level_pre, pretrend_pre ; comparaisons sur la fenêtre identifiée (années < 2023, cohorte 2023 recodée contrôle, 60 unités de contrôle) ; cellules −8 et +8 bornées",event,0.0,5558.0,0.0,0.0,2003.0,2024.0,,,,,,,,,,,,
h2,H2,H2c,"log(naissances+0,5 / 1 000 f. 40-49)","unités avec covariables, bascule 4G ; fenêtre identifiée ≤ 2022, cohorte 2023 = contrôle",twfe,4,0.3025826077554847,0.02464879816607654,0.2542718510877777,0.35089336442319163,1.2224605812409373e-34,5558,122276,False," ; fenêtre 2003-2024 ; 5558 traitées, 0 jamais traitées sur la fenêtre ; covariables invariantes dans le temps absorbées par les effets fixes unité : log_pop, share_women_1549, level_pre, pretrend_pre ; comparaisons sur la fenêtre identifiée (années < 2023, cohorte 2023 recodée contrôle, 60 unités de contrôle) ; cellules −8 et +8 bornées",event,0.0,5558.0,0.0,0.0,2003.0,2024.0,,,,,,,,,,,,
h2,H2,H2c,"log(naissances+0,5 / 1 000 f. 40-49)","unités avec covariables, bascule 4G ; fenêtre identifiée ≤ 2022, cohorte 2023 = contrôle",twfe,5,0.3543138074341112,0.02843516995103944,0.29858189843579835,0.4100457164324241,1.227416879871862e-35,5558,122276,False," ; fenêtre 2003-2024 ; 5558 traitées, 0 jamais traitées sur la fenêtre ; covariables invariantes dans le temps absorbées par les effets fixes unité : log_pop, share_women_1549, level_pre, pretrend_pre ; comparaisons sur la fenêtre identifiée (années < 2023, cohorte 2023 recodée contrôle, 60 unités de contrôle) ; cellules −8 et +8 bornées",event,0.0,5558.0,0.0,0.0,2003.0,2024.0,,,,,,,,,,,,
h2,H2,H2c,"log(naissances+0,5 / 1 000 f. 40-49)","unités avec covariables, bascule 4G ; fenêtre identifiée ≤ 2022, cohorte 2023 = contrôle",twfe,6,0.47220839520240054,0.032125401676413735,0.40924376492774694,0.5351730254770541,6.5505428283212496e-49,5558,122276,False," ; fenêtre 2003-2024 ; 5558 traitées, 0 jamais traitées sur la fenêtre ; covariables invariantes dans le temps absorbées par les effets fixes unité : log_pop, share_women_1549, level_pre, pretrend_pre ; comparaisons sur la fenêtre identifiée (années < 2023, cohorte 2023 recodée contrôle, 60 unités de contrôle) ; cellules −8 et +8 bornées",event,0.0,5558.0,0.0,0.0,2003.0,2024.0,,,,,,,,,,,,
h2,H2,H2c,"log(naissances+0,5 / 1 000 f. 40-49)","unités avec covariables, bascule 4G ; fenêtre identifiée ≤ 2022, cohorte 2023 = contrôle",twfe,7,0.5337142776246444,0.03577289456390702,0.46360069265663795,0.6038278625926509,2.4605112101913403e-50,5558,122276,False," ; fenêtre 2003-2024 ; 5558 traitées, 0 jamais traitées sur la fenêtre ; covariables invariantes dans le temps absorbées par les effets fixes unité : log_pop, share_women_1549, level_pre, pretrend_pre ; comparaisons sur la fenêtre identifiée (années < 2023, cohorte 2023 recodée contrôle, 60 unités de contrôle) ; cellules −8 et +8 bornées",event,0.0,5558.0,0.0,0.0,2003.0,2024.0,,,,,,,,,,,,
h2,H2,H2c,"log(naissances+0,5 / 1 000 f. 40-49)","unités avec covariables, bascule 4G ; fenêtre identifiée ≤ 2022, cohorte 2023 = contrôle",twfe,8,0.5638503741092216,0.04023056115798396,0.484999923161737,0.6427008250567061,1.253589308919851e-44,5558,122276,False," ; fenêtre 2003-2024 ; 5558 traitées, 0 jamais traitées sur la fenêtre ; covariables invariantes dans le temps absorbées par les effets fixes unité : log_pop, share_women_1549, level_pre, pretrend_pre ; comparaisons sur la fenêtre identifiée (années < 2023, cohorte 2023 recodée contrôle, 60 unités de contrôle) ; cellules −8 et +8 bornées",event,0.0,5558.0,0.0,0.0,2003.0,2024.0,,,,,,,,,,,,
h2,H2,H2c,"log(naissances+0,5 / 1 000 f. 40-49)","unités avec covariables, bascule 4G ; fenêtre identifiée ≤ 2022, cohorte 2023 = contrôle",twfe,"ATT[1,5]",0.23171497985257308,0.01942737461713503,0.1936380252888208,0.2697919344163254,8.535571949838993e-33,5558,122276,False," ; fenêtre 2003-2024 ; 5558 traitées, 0 jamais traitées sur la fenêtre ; covariables invariantes dans le temps absorbées par les effets fixes unité : log_pop, share_women_1549, level_pre, pretrend_pre ; comparaisons sur la fenêtre identifiée (années < 2023, cohorte 2023 recodée contrôle, 60 unités de contrôle) ; écart-type avec covariance complète (w'Vw)",post_avg,0.0,5558.0,0.0,0.0,2003.0,2024.0,,,,,,,,,,,,
h2,H2,H2c,"log(naissances+0,5 / 1 000 f. 40-49)","unités avec covariables, bascule 4G ; fenêtre identifiée ≤ 2022, cohorte 2023 = contrôle",twfe,Wald pré (-8..−2),82.2327176239381,,,,4.823980034323161e-15,5558,122276,False,"test de Wald joint, covariance groupée, df = 7 ; fenêtre 2003-2024 ; 5558 traitées, 0 jamais traitées sur la fenêtre",pre_test,0.0,5558.0,0.0,0.0,2003.0,2024.0,,,,,,,,,,,7.0,
h2,H2,H2c,"log(naissances+0,5 / 1 000 f. 40-49)","unités avec covariables, bascule 4G ; fenêtre identifiée ≤ 2022, cohorte 2023 = contrôle",twfe,ATT,0.09841624386024145,0.010317526638160532,0.07819426323991419,0.11863822448056871,1.4457277983709035e-21,5558,122276,False," ; fenêtre 2003-2024 ; 5558 traitées, 0 jamais traitées sur la fenêtre ; covariables invariantes dans le temps absorbées par les effets fixes unité : log_pop, share_women_1549, level_pre, pretrend_pre ; comparaisons sur la fenêtre identifiée (années < 2023, cohorte 2023 recodée contrôle, 60 unités de contrôle)",static,0.0,5558.0,0.0,0.0,2003.0,2024.0,,,,,,,,,,,,
h2,H2,H2c,"log(naissances+0,5 / 1 000 f. 40-49)","unités avec covariables, bascule 4G ; fenêtre complète",twfe,ATT,0.09118470095082133,0.009896534916431833,0.07178784894287182,0.11058155295877084,3.147771398854531e-20,5558,122276,True," ; fenêtre 2003-2024 ; 5558 traitées, 0 jamais traitées sur la fenêtre ; covariables invariantes dans le temps absorbées par les effets fixes unité : log_pop, share_women_1549, level_pre, pretrend_pre ; TWFE sur toutes les années (identification par le calendrier des bascules seulement)",static,0.0,5558.0,0.0,0.0,2003.0,2024.0,,,,,,,,,,,,
h2,H2,H2c,"log(naissances+0,5 / 1 000 f. 40-49)","unités avec covariables, bascule 4G ; fenêtre identifiée ≤ 2022, cohorte 2023 = contrôle",twfe_poisson,ATT (log du taux contrefactuel),0.16048251419413698,0.009001789063126613,0.14283933183398226,0.1781256965542917,4.29654045336779e-71,5558,122276,False," ; fenêtre 2003-2024 ; 5558 traitées, 0 jamais traitées sur la fenêtre ; covariables invariantes dans le temps absorbées par les effets fixes unité : log_pop, share_women_1549, level_pre, pretrend_pre ; comparaisons sur la fenêtre identifiée (années < 2023, cohorte 2023 recodée contrôle, 60 unités de contrôle) ; Poisson à effets fixes, offset = log(women)",static,0.0,5558.0,0.0,0.0,2003.0,2024.0,,,,,,,,,,,,
h2,H2,H2c,"log(naissances+0,5 / 1 000 f. 40-49)","unités avec covariables, bascule 4G ; fenêtre identifiée ≤ 2022, cohorte 2023 = contrôle",twfe_poisson,ATT en % du taux contrefactuel,17.407724327438203,1.0568795687773176,15.354444874470396,19.497551626625253,4.29654045336779e-71,5558,122276,False," ; fenêtre 2003-2024 ; 5558 traitées, 0 jamais traitées sur la fenêtre ; covariables invariantes dans le temps absorbées par les effets fixes unité : log_pop, share_women_1549, level_pre, pretrend_pre ; comparaisons sur la fenêtre identifiée (années < 2023, cohorte 2023 recodée contrôle, 60 unités de contrôle) ; Poisson à effets fixes, offset = log(women)",static,0.0,5558.0,0.0,0.0,2003.0,2024.0,,,,,,,,,,,,
h2,H2,H2c,"log(naissances+0,5 / 1 000 f. 25-29)","unités avec covariables, bascule 4G",cs,"ATT[1,5] (Holm)",-0.0747583988151689,0.024071775680659633,-0.12193821256533727,-0.027578585065000515,0.001898642661293989,5558,122276,False,"p brut 0.0019, p Holm 0.0076 (famille : 25-29, 30-34, 35-39, 40-49, 4 tests)",post_avg_holm,,,,,,,2003.0,2022.0,5558.0,5.0,,,,,,,,0.007594570645175956
h2,H2,H2c,"log(naissances+0,5 / 1 000 f. 30-34)","unités avec covariables, bascule 4G",cs,"ATT[1,5] (Holm)",-0.029656666723524162,0.03233048457111381,-0.09302325258546268,0.03370991913841435,0.3589868634309781,5558,122276,False,"p brut 0.3590, p Holm 0.7180 (famille : 25-29, 30-34, 35-39, 40-49, 4 tests)",post_avg_holm,,,,,,,2003.0,2022.0,5558.0,5.0,,,,,,,,0.7179737268619562
h2,H2,H2c,"log(naissances+0,5 / 1 000 f. 35-39)","unités avec covariables, bascule 4G",cs,"ATT[1,5] (Holm)",-0.08993748633199038,0.04179270119116204,-0.1718496761294251,-0.008025296534555665,0.031398120690401814,5558,122276,False,"p brut 0.0314, p Holm 0.0942 (famille : 25-29, 30-34, 35-39, 40-49, 4 tests)",post_avg_holm,,,,,,,2003.0,2022.0,5558.0,5.0,,,,,,,,0.09419436207120543
h2,H2,H2c,"log(naissances+0,5 / 1 000 f. 40-49)","unités avec covariables, bascule 4G",cs,"ATT[1,5] (Holm)",-0.009681849887272007,0.06121730834340468,-0.1296655704172448,0.11030187064270079,0.8743343212643018,5558,122276,False,"p brut 0.8743, p Holm 0.8743 (famille : 25-29, 30-34, 35-39, 40-49, 4 tests)",post_avg_holm,,,,,,,2003.0,2022.0,5558.0,5.0,,,,,,,,0.8743343212643018
h2,H2,H2a,"log(naissances+0,5 / 1 000 f. 15-19)","unités avec covariables, bascule 4G",cs,"ATT[1,5] (Holm)",-0.0957599020391938,0.024309386702242707,-0.14340542483766822,-0.04811437924071937,8.174862979749386e-05,5558,122276,False,"p brut 0.0001, p Holm 0.0002 (famille : 15-19, 20-24, 2 tests)",post_avg_holm,,,,,,,2003.0,2022.0,5558.0,5.0,,,,,,,,0.00016349725959498773
h2,H2,H2a,"log(naissances+0,5 / 1 000 f. 20-24)","unités avec covariables, bascule 4G",cs,"ATT[1,5] (Holm)",-0.04879134677531245,0.021859231009610087,-0.09163465262183187,-0.00594804092879303,0.025610297487555972,5558,122276,False,"p brut 0.0256, p Holm 0.0256 (famille : 15-19, 20-24, 2 tests)",post_avg_holm,,,,,,,2003.0,2022.0,5558.0,5.0,,,,,,,,0.025610297487555972
h2,H2,H2d,"log(naissances+0,5 / 1 000 f. 15-24)","unités avec covariables, bascule 4G",cs,-8,0.05610482005590596,0.021888203065323193,0.01320473036157329,0.09900490975023862,0.01036989399246052,5558,122276,False," ; covariables : log_pop, share_women_1549, level_pre, pretrend_pre (doublement robuste) ; contrôle = not_yet_treated ; fenêtre 2003-2024 ; 5558 traitées, 0 jamais traitées sur la fenêtre ; ATT(g,t) identifiés jusqu'en 2022 (sans unité jamais traitée, la dernière cohorte sert de contrôle)",event,0.0,5558.0,0.0,0.0,2003.0,2024.0,2003.0,2022.0,5558.0,5.0,dr,9.0,5498.0,,,,,
h2,H2,H2d,"log(naissances+0,5 / 1 000 f. 15-24)","unités avec covariables, bascule 4G",cs,-7,0.13147656816835895,0.07466933678301133,-0.014872642675835157,0.27782577901255306,0.07827498100819054,5558,122276,False," ; covariables : log_pop, share_women_1549, level_pre, pretrend_pre (doublement robuste) ; contrôle = not_yet_treated ; fenêtre 2003-2024 ; 5558 traitées, 0 jamais traitées sur la fenêtre ; ATT(g,t) identifiés jusqu'en 2022 (sans unité jamais traitée, la dernière cohorte sert de contrôle)",event,0.0,5558.0,0.0,0.0,2003.0,2024.0,2003.0,2022.0,5558.0,5.0,dr,9.0,5498.0,,,,,
h2,H2,H2d,"log(naissances+0,5 / 1 000 f. 15-24)","unités avec covariables, bascule 4G",cs,-6,0.07810650961024947,0.03356668811380073,0.012317009826911321,0.1438960093935876,0.0199702979233378,5558,122276,False," ; covariables : log_pop, share_women_1549, level_pre, pretrend_pre (doublement robuste) ; contrôle = not_yet_treated ; fenêtre 2003-2024 ; 5558 traitées, 0 jamais traitées sur la fenêtre ; ATT(g,t) identifiés jusqu'en 2022 (sans unité jamais traitée, la dernière cohorte sert de contrôle)",event,0.0,5558.0,0.0,0.0,2003.0,2024.0,2003.0,2022.0,5558.0,5.0,dr,9.0,5498.0,,,,,
h2,H2,H2d,"log(naissances+0,5 / 1 000 f. 15-24)","unités avec covariables, bascule 4G",cs,-5,0.03772227365090398,0.020705613524486025,-0.0028599831348940855,0.07830453043670205,0.06847956914293572,5558,122276,False," ; covariables : log_pop, share_women_1549, level_pre, pretrend_pre (doublement robuste) ; contrôle = not_yet_treated ; fenêtre 2003-2024 ; 5558 traitées, 0 jamais traitées sur la fenêtre ; ATT(g,t) identifiés jusqu'en 2022 (sans unité jamais traitée, la dernière cohorte sert de contrôle)",event,0.0,5558.0,0.0,0.0,2003.0,2024.0,2003.0,2022.0,5558.0,5.0,dr,9.0,5498.0,,,,,
h2,H2,H2d,"log(naissances+0,5 / 1 000 f. 15-24)","unités avec covariables, bascule 4G",cs,-4,0.048044576882330194,0.0235580296556049,0.0018716872106180546,0.09421746655404234,0.04140872044695346,5558,122276,False," ; covariables : log_pop, share_women_1549, level_pre, pretrend_pre (doublement robuste) ; contrôle = not_yet_treated ; fenêtre 2003-2024 ; 5558 traitées, 0 jamais traitées sur la fenêtre ; ATT(g,t) identifiés jusqu'en 2022 (sans unité jamais traitée, la dernière cohorte sert de contrôle)",event,0.0,5558.0,0.0,0.0,2003.0,2024.0,2003.0,2022.0,5558.0,5.0,dr,9.0,5498.0,,,,,
h2,H2,H2d,"log(naissances+0,5 / 1 000 f. 15-24)","unités avec covariables, bascule 4G",cs,-3,-0.0050012665584574885,0.017349510952600674,-0.039005683174938015,0.02900315005802304,0.7731434648438698,5558,122276,False," ; covariables : log_pop, share_women_1549, level_pre, pretrend_pre (doublement robuste) ; contrôle = not_yet_treated ; fenêtre 2003-2024 ; 5558 traitées, 0 jamais traitées sur la fenêtre ; ATT(g,t) identifiés jusqu'en 2022 (sans unité jamais traitée, la dernière cohorte sert de contrôle)",event,0.0,5558.0,0.0,0.0,2003.0,2024.0,2003.0,2022.0,5558.0,5.0,dr,9.0,5498.0,,,,,
h2,H2,H2d,"log(naissances+0,5 / 1 000 f. 15-24)","unités avec covariables, bascule 4G",cs,-2,-0.0025970780574457505,0.013394356597162456,-0.02884953458397064,0.023655378469079134,0.8462593098129,5558,122276,False," ; covariables : log_pop, share_women_1549, level_pre, pretrend_pre (doublement robuste) ; contrôle = not_yet_treated ; fenêtre 2003-2024 ; 5558 traitées, 0 jamais traitées sur la fenêtre ; ATT(g,t) identifiés jusqu'en 2022 (sans unité jamais traitée, la dernière cohorte sert de contrôle)",event,0.0,5558.0,0.0,0.0,2003.0,2024.0,2003.0,2022.0,5558.0,5.0,dr,9.0,5498.0,,,,,
h2,H2,H2d,"log(naissances+0,5 / 1 000 f. 15-24)","unités avec covariables, bascule 4G",cs,0,-0.0032375823684560735,0.007754111796840663,-0.018435362222360935,0.01196019748544879,0.6762900246630437,5558,122276,False," ; covariables : log_pop, share_women_1549, level_pre, pretrend_pre (doublement robuste) ; contrôle = not_yet_treated ; fenêtre 2003-2024 ; 5558 traitées, 0 jamais traitées sur la fenêtre ; ATT(g,t) identifiés jusqu'en 2022 (sans unité jamais traitée, la dernière cohorte sert de contrôle)",event,0.0,5558.0,0.0,0.0,2003.0,2024.0,2003.0,2022.0,5558.0,5.0,dr,9.0,5498.0,,,,,
h2,H2,H2d,"log(naissances+0,5 / 1 000 f. 15-24)","unités avec covariables, bascule 4G",cs,1,0.011979907412223639,0.027354545203660856,-0.04163401600042452,0.0655938308248718,0.6614229441211461,5558,122276,False," ; covariables : log_pop, share_women_1549, level_pre, pretrend_pre (doublement robuste) ; contrôle = not_yet_treated ; fenêtre 2003-2024 ; 5558 traitées, 0 jamais traitées sur la fenêtre ; ATT(g,t) identifiés jusqu'en 2022 (sans unité jamais traitée, la dernière cohorte sert de contrôle)",event,0.0,5558.0,0.0,0.0,2003.0,2024.0,2003.0,2022.0,5558.0,5.0,dr,8.0,5438.0,,,,,
h2,H2,H2d,"log(naissances+0,5 / 1 000 f. 15-24)","unités avec covariables, bascule 4G",cs,2,0.017346383659006374,0.02689365128712618,-0.035364204276540204,0.07005697159455296,0.5189277018825982,5558,122276,False," ; covariables : log_pop, share_women_1549, level_pre, pretrend_pre (doublement robuste) ; contrôle = not_yet_treated ; fenêtre 2003-2024 ; 5558 traitées, 0 jamais traitées sur la fenêtre ; ATT(g,t) identifiés jusqu'en 2022 (sans unité jamais traitée, la dernière cohorte sert de contrôle)",event,0.0,5558.0,0.0,0.0,2003.0,2024.0,2003.0,2022.0,5558.0,5.0,dr,7.0,5268.0,,,,,
h2,H2,H2d,"log(naissances+0,5 / 1 000 f. 15-24)","unités avec covariables, bascule 4G",cs,3,-0.029732860588768735,0.020945728889988413,-0.07078573484308615,0.011320013665548675,0.15574775516817024,5558,122276,False," ; covariables : log_pop, share_women_1549, level_pre, pretrend_pre (doublement robuste) ; contrôle = not_yet_treated ; fenêtre 2003-2024 ; 5558 traitées, 0 jamais traitées sur la fenêtre ; ATT(g,t) identifiés jusqu'en 2022 (sans unité jamais traitée, la dernière cohorte sert de contrôle)",event,0.0,5558.0,0.0,0.0,2003.0,2024.0,2003.0,2022.0,5558.0,5.0,dr,6.0,4844.0,,,,,
h2,H2,H2d,"log(naissances+0,5 / 1 000 f. 15-24)","unités avec covariables, bascule 4G",cs,4,-0.1111033331107646,0.026822872133827218,-0.16367519645498899,-0.05853146976654023,3.441226296527504e-05,5558,122276,False," ; covariables : log_pop, share_women_1549, level_pre, pretrend_pre (doublement robuste) ; contrôle = not_yet_treated ; fenêtre 2003-2024 ; 5558 traitées, 0 jamais traitées sur la fenêtre ; ATT(g,t) identifiés jusqu'en 2022 (sans unité jamais traitée, la dernière cohorte sert de contrôle)",event,0.0,5558.0,0.0,0.0,2003.0,2024.0,2003.0,2022.0,5558.0,5.0,dr,5.0,4445.0,,,,,
h2,H2,H2d,"log(naissances+0,5 / 1 000 f. 15-24)","unités avec covariables, bascule 4G",cs,5,-0.17537974291200853,0.048867263918850164,-0.2711578202159685,-0.07960166560804854,0.00033207567362349784,5558,122276,False," ; covariables : log_pop, share_women_1549, level_pre, pretrend_pre (doublement robuste) ; contrôle = not_yet_treated ; fenêtre 2003-2024 ; 5558 traitées, 0 jamais traitées sur la fenêtre ; ATT(g,t) identifiés jusqu'en 2022 (sans unité jamais traitée, la dernière cohorte sert de contrôle)",event,0.0,5558.0,0.0,0.0,2003.0,2024.0,2003.0,2022.0,5558.0,5.0,dr,4.0,3767.0,,,,,
h2,H2,H2d,"log(naissances+0,5 / 1 000 f. 15-24)","unités avec covariables, bascule 4G",cs,6,-0.4027794028263463,0.12719836625956768,-0.6520836195874338,-0.15347518606525884,0.0015426125899155947,5558,122276,False," ; covariables : log_pop, share_women_1549, level_pre, pretrend_pre (doublement robuste) ; contrôle = not_yet_treated ; fenêtre 2003-2024 ; 5558 traitées, 0 jamais traitées sur la fenêtre ; ATT(g,t) identifiés jusqu'en 2022 (sans unité jamais traitée, la dernière cohorte sert de contrôle)",event,0.0,5558.0,0.0,0.0,2003.0,2024.0,2003.0,2022.0,5558.0,5.0,dr,3.0,1032.0,,,,,
h2,H2,H2d,"log(naissances+0,5 / 1 000 f. 15-24)","unités avec covariables, bascule 4G",cs,7,-0.4673716034494851,0.15691508825862027,-0.7749195250673047,-0.15982368183166545,0.0028966295083813383,5558,122276,False," ; covariables : log_pop, share_women_1549, level_pre, pretrend_pre (doublement robuste) ; contrôle = not_yet_treated ; fenêtre 2003-2024 ; 5558 traitées, 0 jamais traitées sur la fenêtre ; ATT(g,t) identifiés jusqu'en 2022 (sans unité jamais traitée, la dernière cohorte sert de contrôle)",event,0.0,5558.0,0.0,0.0,2003.0,2024.0,2003.0,2022.0,5558.0,5.0,dr,2.0,481.0,,,,,
h2,H2,H2d,"log(naissances+0,5 / 1 000 f. 15-24)","unités avec covariables, bascule 4G",cs,8,-0.6571291009102663,0.24782959796475046,-1.1428661872242183,-0.17139201459631437,0.00801265705955523,5558,122276,False," ; covariables : log_pop, share_women_1549, level_pre, pretrend_pre (doublement robuste) ; contrôle = not_yet_treated ; fenêtre 2003-2024 ; 5558 traitées, 0 jamais traitées sur la fenêtre ; ATT(g,t) identifiés jusqu'en 2022 (sans unité jamais traitée, la dernière cohorte sert de contrôle)",event,0.0,5558.0,0.0,0.0,2003.0,2024.0,2003.0,2022.0,5558.0,5.0,dr,1.0,187.0,,,,,
h2,H2,H2d,"log(naissances+0,5 / 1 000 f. 15-24)","unités avec covariables, bascule 4G",cs,"ATT[1,5]",-0.05737792910806237,0.02036418327944801,-0.09729099491035324,-0.017464863305771502,0.00483854784174765,5558,122276,False," ; covariables : log_pop, share_women_1549, level_pre, pretrend_pre (doublement robuste) ; contrôle = not_yet_treated ; fenêtre 2003-2024 ; 5558 traitées, 0 jamais traitées sur la fenêtre ; ATT(g,t) identifiés jusqu'en 2022 (sans unité jamais traitée, la dernière cohorte sert de contrôle) ; écart-type avec covariance complète des coefficients (fonctions d'influence)",post_avg,0.0,5558.0,0.0,0.0,2003.0,2024.0,2003.0,2022.0,5558.0,5.0,dr,,,,,5.0,,
h2,H2,H2d,"log(naissances+0,5 / 1 000 f. 15-24)","unités avec covariables, bascule 4G",cs,ATT,-0.062117756879959504,0.018830674579410202,-0.09902520086019742,-0.02521031289972158,0.0009711509039103878,5558,122276,False," ; covariables : log_pop, share_women_1549, level_pre, pretrend_pre (doublement robuste) ; contrôle = not_yet_treated ; fenêtre 2003-2024 ; 5558 traitées, 0 jamais traitées sur la fenêtre ; ATT(g,t) identifiés jusqu'en 2022 (sans unité jamais traitée, la dernière cohorte sert de contrôle) ; moyenne de tous les ATT(g,t) post",simple,0.0,5558.0,0.0,0.0,2003.0,2024.0,2003.0,2022.0,5558.0,5.0,dr,,,,,,,
h2,H2,H2d,"log(naissances+0,5 / 1 000 f. 15-24)","unités avec covariables, bascule 4G",cs,Wald pré (-8..-2),11.623857748476462,,,,0.11362695976966511,5558,122276,False,"H5c : test de Wald joint de nullité des coefficients pré avec covariance des fonctions d'influence, df = 7 ; fenêtre 2003-2024 ; 5558 traitées, 0 jamais traitées sur la fenêtre",pre_test,0.0,5558.0,0.0,0.0,2003.0,2024.0,2003.0,2022.0,5558.0,5.0,dr,,,,,,7.0,
h2,H2,H2d,ATT 15-24 − ATT 25-39,"unités avec covariables, bascule 4G",cs,différence (bootstrap conjoint),-0.00953195715838942,0.012914978728990528,-0.03484485052797662,0.015780936211197773,0.46048137896961083,5558,611380,False,"bootstrap par unité géographique stratifié par cohorte, 50 tirages ; quantiles [-0.0292, +0.0168]",difference,,,,,,,,,,,,,,,,,,
