part,family,hypothesis,outcome,sample,estimator,term,estimate,se,ci_low,ci_high,p,n_units,n_obs,exploratory,notes,aggregation,n_never,n_treated,n_late_recoded,n_unbalanced,year_min,year_max,years_model_min,years_model_max,n_clusters,k_post,est_method,n_cohorts,n_units_rel,cband_low,cband_high,k_periods,df,p_holm
h1,H1,H1,"log(naissances+0,5 / 1 000 f. 15-49)",primaire : unités avec covariables,cs,-8,0.0390486573141935,0.02374624513301,-0.0074931279145656,0.0855904425429527,0.1000907206826311,5558,122276,False,"spécification primaire (A5) ; covariables : log_pop, share_women_1549, level_pre, pretrend_pre (doublement robuste) ; contrôle = not_yet_treated ; fenêtre 2003-2024 ; 5558 traitées, 0 jamais traitées sur la fenêtre ; ATT(g,t) identifiés jusqu'en 2022 (sans unité jamais traitée, la dernière cohorte sert de contrôle) ; bandes simultanées sup-t (bootstrap multiplicateur Rademacher, 999 tirages, valeur critique 2.69)",event,0.0,5558.0,0.0,0.0,2003.0,2024.0,2003.0,2022.0,5558.0,5.0,dr,9.0,5498.0,-0.0248371114142483,0.1029344260426354,,,
h1,H1,H1,"log(naissances+0,5 / 1 000 f. 15-49)",primaire : unités avec covariables,cs,-7,0.1023162140031688,0.0675790673085793,-0.0301363240304547,0.2347687520367924,0.1300201871313579,5558,122276,False,"spécification primaire (A5) ; covariables : log_pop, share_women_1549, level_pre, pretrend_pre (doublement robuste) ; contrôle = not_yet_treated ; fenêtre 2003-2024 ; 5558 traitées, 0 jamais traitées sur la fenêtre ; ATT(g,t) identifiés jusqu'en 2022 (sans unité jamais traitée, la dernière cohorte sert de contrôle) ; bandes simultanées sup-t (bootstrap multiplicateur Rademacher, 999 tirages, valeur critique 2.69)",event,0.0,5558.0,0.0,0.0,2003.0,2024.0,2003.0,2022.0,5558.0,5.0,dr,9.0,5498.0,-0.0794952951755224,0.2841277231818601,,,
h1,H1,H1,"log(naissances+0,5 / 1 000 f. 15-49)",primaire : unités avec covariables,cs,-6,0.060419274944661,0.0355921123909293,-0.0093399834752622,0.1301785333645843,0.0895933392185884,5558,122276,False,"spécification primaire (A5) ; covariables : log_pop, share_women_1549, level_pre, pretrend_pre (doublement robuste) ; contrôle = not_yet_treated ; fenêtre 2003-2024 ; 5558 traitées, 0 jamais traitées sur la fenêtre ; ATT(g,t) identifiés jusqu'en 2022 (sans unité jamais traitée, la dernière cohorte sert de contrôle) ; bandes simultanées sup-t (bootstrap multiplicateur Rademacher, 999 tirages, valeur critique 2.69)",event,0.0,5558.0,0.0,0.0,2003.0,2024.0,2003.0,2022.0,5558.0,5.0,dr,9.0,5498.0,-0.0353360517618226,0.1561746016511447,,,
h1,H1,H1,"log(naissances+0,5 / 1 000 f. 15-49)",primaire : unités avec covariables,cs,-5,0.0281699544814603,0.020858701909131,-0.0127123500246932,0.069052258987614,0.1768513883570467,5558,122276,False,"spécification primaire (A5) ; covariables : log_pop, share_women_1549, level_pre, pretrend_pre (doublement robuste) ; contrôle = not_yet_treated ; fenêtre 2003-2024 ; 5558 traitées, 0 jamais traitées sur la fenêtre ; ATT(g,t) identifiés jusqu'en 2022 (sans unité jamais traitée, la dernière cohorte sert de contrôle) ; bandes simultanées sup-t (bootstrap multiplicateur Rademacher, 999 tirages, valeur critique 2.69)",event,0.0,5558.0,0.0,0.0,2003.0,2024.0,2003.0,2022.0,5558.0,5.0,dr,9.0,5498.0,-0.0279473052654215,0.0842872142283422,,,
h1,H1,H1,"log(naissances+0,5 / 1 000 f. 15-49)",primaire : unités avec covariables,cs,-4,0.0403994723900064,0.0267498099549157,-0.0120291917149193,0.0928281364949322,0.1309741914935606,5558,122276,False,"spécification primaire (A5) ; covariables : log_pop, share_women_1549, level_pre, pretrend_pre (doublement robuste) ; contrôle = not_yet_treated ; fenêtre 2003-2024 ; 5558 traitées, 0 jamais traitées sur la fenêtre ; ATT(g,t) identifiés jusqu'en 2022 (sans unité jamais traitée, la dernière cohorte sert de contrôle) ; bandes simultanées sup-t (bootstrap multiplicateur Rademacher, 999 tirages, valeur critique 2.69)",event,0.0,5558.0,0.0,0.0,2003.0,2024.0,2003.0,2022.0,5558.0,5.0,dr,9.0,5498.0,-0.0315669443102871,0.1123658890903,,,
h1,H1,H1,"log(naissances+0,5 / 1 000 f. 15-49)",primaire : unités avec covariables,cs,-3,-0.0140067081462431,0.0169844863458161,-0.0472956896799551,0.0192822733874688,0.4095552303106287,5558,122276,False,"spécification primaire (A5) ; covariables : log_pop, share_women_1549, level_pre, pretrend_pre (doublement robuste) ; contrôle = not_yet_treated ; fenêtre 2003-2024 ; 5558 traitées, 0 jamais traitées sur la fenêtre ; ATT(g,t) identifiés jusqu'en 2022 (sans unité jamais traitée, la dernière cohorte sert de contrôle) ; bandes simultanées sup-t (bootstrap multiplicateur Rademacher, 999 tirages, valeur critique 2.69)",event,0.0,5558.0,0.0,0.0,2003.0,2024.0,2003.0,2022.0,5558.0,5.0,dr,9.0,5498.0,-0.059700962567622,0.0316875462751357,,,
h1,H1,H1,"log(naissances+0,5 / 1 000 f. 15-49)",primaire : unités avec covariables,cs,-2,-0.0106032494536017,0.0116163055133766,-0.033370789893234,0.0121642909860305,0.361352910641655,5558,122276,False,"spécification primaire (A5) ; covariables : log_pop, share_women_1549, level_pre, pretrend_pre (doublement robuste) ; contrôle = not_yet_treated ; fenêtre 2003-2024 ; 5558 traitées, 0 jamais traitées sur la fenêtre ; ATT(g,t) identifiés jusqu'en 2022 (sans unité jamais traitée, la dernière cohorte sert de contrôle) ; bandes simultanées sup-t (bootstrap multiplicateur Rademacher, 999 tirages, valeur critique 2.69)",event,0.0,5558.0,0.0,0.0,2003.0,2024.0,2003.0,2022.0,5558.0,5.0,dr,9.0,5498.0,-0.0418552054302069,0.0206487065230034,,,
h1,H1,H1,"log(naissances+0,5 / 1 000 f. 15-49)",primaire : unités avec covariables,cs,0,0.0041000197788198,0.0065718469497987,-0.0087805635546951,0.0169806031123349,0.5327088039964715,5558,122276,False,"spécification primaire (A5) ; covariables : log_pop, share_women_1549, level_pre, pretrend_pre (doublement robuste) ; contrôle = not_yet_treated ; fenêtre 2003-2024 ; 5558 traitées, 0 jamais traitées sur la fenêtre ; ATT(g,t) identifiés jusqu'en 2022 (sans unité jamais traitée, la dernière cohorte sert de contrôle) ; bandes simultanées sup-t (bootstrap multiplicateur Rademacher, 999 tirages, valeur critique 2.69)",event,0.0,5558.0,0.0,0.0,2003.0,2024.0,2003.0,2022.0,5558.0,5.0,dr,9.0,5498.0,-0.0135805647515707,0.0217806043092105,,,
h1,H1,H1,"log(naissances+0,5 / 1 000 f. 15-49)",primaire : unités avec covariables,cs,1,0.0215977307859265,0.0269343062664696,-0.0311925394449255,0.0743880010167785,0.4226299093485168,5558,122276,False,"spécification primaire (A5) ; covariables : log_pop, share_women_1549, level_pre, pretrend_pre (doublement robuste) ; contrôle = not_yet_treated ; fenêtre 2003-2024 ; 5558 traitées, 0 jamais traitées sur la fenêtre ; ATT(g,t) identifiés jusqu'en 2022 (sans unité jamais traitée, la dernière cohorte sert de contrôle) ; bandes simultanées sup-t (bootstrap multiplicateur Rademacher, 999 tirages, valeur critique 2.69)",event,0.0,5558.0,0.0,0.0,2003.0,2024.0,2003.0,2022.0,5558.0,5.0,dr,8.0,5438.0,-0.0508650460178346,0.0940605075896876,,,
h1,H1,H1,"log(naissances+0,5 / 1 000 f. 15-49)",primaire : unités avec covariables,cs,2,0.0310307635705926,0.0261349024586507,-0.0201927039878301,0.0822542311290154,0.2350973308192162,5558,122276,False,"spécification primaire (A5) ; covariables : log_pop, share_women_1549, level_pre, pretrend_pre (doublement robuste) ; contrôle = not_yet_treated ; fenêtre 2003-2024 ; 5558 traitées, 0 jamais traitées sur la fenêtre ; ATT(g,t) identifiés jusqu'en 2022 (sans unité jamais traitée, la dernière cohorte sert de contrôle) ; bandes simultanées sup-t (bootstrap multiplicateur Rademacher, 999 tirages, valeur critique 2.69)",event,0.0,5558.0,0.0,0.0,2003.0,2024.0,2003.0,2022.0,5558.0,5.0,dr,7.0,5268.0,-0.0392813352417263,0.1013428623829116,,,
h1,H1,H1,"log(naissances+0,5 / 1 000 f. 15-49)",primaire : unités avec covariables,cs,3,-0.0110041537675424,0.0195267610745544,-0.0492759022083877,0.0272675946733028,0.5730657371432154,5558,122276,False,"spécification primaire (A5) ; covariables : log_pop, share_women_1549, level_pre, pretrend_pre (doublement robuste) ; contrôle = not_yet_treated ; fenêtre 2003-2024 ; 5558 traitées, 0 jamais traitées sur la fenêtre ; ATT(g,t) identifiés jusqu'en 2022 (sans unité jamais traitée, la dernière cohorte sert de contrôle) ; bandes simultanées sup-t (bootstrap multiplicateur Rademacher, 999 tirages, valeur critique 2.69)",event,0.0,5558.0,0.0,0.0,2003.0,2024.0,2003.0,2022.0,5558.0,5.0,dr,6.0,4844.0,-0.0635380232293033,0.0415297156942185,,,
h1,H1,H1,"log(naissances+0,5 / 1 000 f. 15-49)",primaire : unités avec covariables,cs,4,-0.0736488096112047,0.021598517070832,-0.1159811251895091,-0.0313164940329004,0.0006498641330846,5558,122276,False,"spécification primaire (A5) ; covariables : log_pop, share_women_1549, level_pre, pretrend_pre (doublement robuste) ; contrôle = not_yet_treated ; fenêtre 2003-2024 ; 5558 traitées, 0 jamais traitées sur la fenêtre ; ATT(g,t) identifiés jusqu'en 2022 (sans unité jamais traitée, la dernière cohorte sert de contrôle) ; bandes simultanées sup-t (bootstrap multiplicateur Rademacher, 999 tirages, valeur critique 2.69)",event,0.0,5558.0,0.0,0.0,2003.0,2024.0,2003.0,2022.0,5558.0,5.0,dr,5.0,4445.0,-0.1317564328895623,-0.0155411863328471,,,
h1,H1,H1,"log(naissances+0,5 / 1 000 f. 15-49)",primaire : unités avec covariables,cs,5,-0.1477085864119933,0.0480846537303404,-0.2419527759325402,-0.0534643968914464,0.0021274041061272,5558,122276,False,"spécification primaire (A5) ; covariables : log_pop, share_women_1549, level_pre, pretrend_pre (doublement robuste) ; contrôle = not_yet_treated ; fenêtre 2003-2024 ; 5558 traitées, 0 jamais traitées sur la fenêtre ; ATT(g,t) identifiés jusqu'en 2022 (sans unité jamais traitée, la dernière cohorte sert de contrôle) ; bandes simultanées sup-t (bootstrap multiplicateur Rademacher, 999 tirages, valeur critique 2.69)",event,0.0,5558.0,0.0,0.0,2003.0,2024.0,2003.0,2022.0,5558.0,5.0,dr,4.0,3767.0,-0.2770732522948285,-0.0183439205291582,,,
h1,H1,H1,"log(naissances+0,5 / 1 000 f. 15-49)",primaire : unités avec covariables,cs,6,-0.2412236087597811,0.0921660867338467,-0.4218658193541156,-0.0605813981654466,0.0088635988437452,5558,122276,False,"spécification primaire (A5) ; covariables : log_pop, share_women_1549, level_pre, pretrend_pre (doublement robuste) ; contrôle = not_yet_treated ; fenêtre 2003-2024 ; 5558 traitées, 0 jamais traitées sur la fenêtre ; ATT(g,t) identifiés jusqu'en 2022 (sans unité jamais traitée, la dernière cohorte sert de contrôle) ; bandes simultanées sup-t (bootstrap multiplicateur Rademacher, 999 tirages, valeur critique 2.69)",event,0.0,5558.0,0.0,0.0,2003.0,2024.0,2003.0,2022.0,5558.0,5.0,dr,3.0,1032.0,-0.4891828658424475,0.0067356483228853,,,
h1,H1,H1,"log(naissances+0,5 / 1 000 f. 15-49)",primaire : unités avec covariables,cs,7,-0.2900918842741539,0.1175968108957243,-0.5205773983265409,-0.0596063702217668,0.0136313298809752,5558,122276,False,"spécification primaire (A5) ; covariables : log_pop, share_women_1549, level_pre, pretrend_pre (doublement robuste) ; contrôle = not_yet_treated ; fenêtre 2003-2024 ; 5558 traitées, 0 jamais traitées sur la fenêtre ; ATT(g,t) identifiés jusqu'en 2022 (sans unité jamais traitée, la dernière cohorte sert de contrôle) ; bandes simultanées sup-t (bootstrap multiplicateur Rademacher, 999 tirages, valeur critique 2.69)",event,0.0,5558.0,0.0,0.0,2003.0,2024.0,2003.0,2022.0,5558.0,5.0,dr,2.0,481.0,-0.6064687523644672,0.0262849838161594,,,
h1,H1,H1,"log(naissances+0,5 / 1 000 f. 15-49)",primaire : unités avec covariables,cs,8,-0.5097770600732092,0.2209362221067954,-0.9428040982828704,-0.076750021863548,0.0210353495060283,5558,122276,False,"spécification primaire (A5) ; covariables : log_pop, share_women_1549, level_pre, pretrend_pre (doublement robuste) ; contrôle = not_yet_treated ; fenêtre 2003-2024 ; 5558 traitées, 0 jamais traitées sur la fenêtre ; ATT(g,t) identifiés jusqu'en 2022 (sans unité jamais traitée, la dernière cohorte sert de contrôle) ; bandes simultanées sup-t (bootstrap multiplicateur Rademacher, 999 tirages, valeur critique 2.69)",event,0.0,5558.0,0.0,0.0,2003.0,2024.0,2003.0,2022.0,5558.0,5.0,dr,1.0,187.0,-1.104173366107689,0.0846192459612705,,,
h1,H1,H1,"log(naissances+0,5 / 1 000 f. 15-49)",primaire : unités avec covariables,cs,"ATT[1,5]",-0.0359466110868442,0.0192944835901134,-0.0737631040237658,0.0018698818500772,0.0624550610489119,5558,122276,False,"spécification primaire (A5) ; covariables : log_pop, share_women_1549, level_pre, pretrend_pre (doublement robuste) ; contrôle = not_yet_treated ; fenêtre 2003-2024 ; 5558 traitées, 0 jamais traitées sur la fenêtre ; ATT(g,t) identifiés jusqu'en 2022 (sans unité jamais traitée, la dernière cohorte sert de contrôle) ; bandes simultanées sup-t (bootstrap multiplicateur Rademacher, 999 tirages, valeur critique 2.69) ; écart-type avec covariance complète des coefficients (fonctions d'influence)",post_avg,0.0,5558.0,0.0,0.0,2003.0,2024.0,2003.0,2022.0,5558.0,5.0,dr,,,,,5.0,,
h1,H1,H1,"log(naissances+0,5 / 1 000 f. 15-49)",primaire : unités avec covariables,cs,ATT,-0.0360928993587761,0.0173620856656333,-0.0701219619599166,-0.0020638367576356,0.037632582252216,5558,122276,False,"spécification primaire (A5) ; covariables : log_pop, share_women_1549, level_pre, pretrend_pre (doublement robuste) ; contrôle = not_yet_treated ; fenêtre 2003-2024 ; 5558 traitées, 0 jamais traitées sur la fenêtre ; ATT(g,t) identifiés jusqu'en 2022 (sans unité jamais traitée, la dernière cohorte sert de contrôle) ; bandes simultanées sup-t (bootstrap multiplicateur Rademacher, 999 tirages, valeur critique 2.69) ; moyenne de tous les ATT(g,t) post",simple,0.0,5558.0,0.0,0.0,2003.0,2024.0,2003.0,2022.0,5558.0,5.0,dr,,,,,,,
h1,H1,H1,"log(naissances+0,5 / 1 000 f. 15-49)",primaire : unités avec covariables,cs,Wald pré (-8..-2),4.966334367343372,,,,0.6640717568500527,5558,122276,False,"H5c : test de Wald joint de nullité des coefficients pré avec covariance des fonctions d'influence, df = 7 ; fenêtre 2003-2024 ; 5558 traitées, 0 jamais traitées sur la fenêtre",pre_test,0.0,5558.0,0.0,0.0,2003.0,2024.0,2003.0,2022.0,5558.0,5.0,dr,,,,,,7.0,
h1,H1,H1,"log(naissances+0,5 / 1 000 f. 15-49)",primaire : unités avec covariables,cs,"ATT[1,5]",-0.0359466110868442,0.0270376579315677,-0.0889394472770315,0.017046225103343,0.183682518689441,5558,122276,False,"écart-type par bootstrap par grappes stratifié par cohorte (50 tirages, grappe = unit) ; quantiles [-0.0976, +0.0043] ; fenêtre 2003-2024 ; 5558 traitées, 0 jamais traitées sur la fenêtre",post_avg_boot,0.0,5558.0,0.0,0.0,2003.0,2024.0,2003.0,2022.0,5558.0,5.0,dr,,,,,,,
h1,H1,H1,"log(naissances+0,5 / 1 000 f. 15-49)",primaire : unités avec covariables ; agrégation à composition constante (cohortes 2014-2017 observées jusqu'à +5),cs,"ATT[1,5]",-0.0235216006275661,0.0218164227896821,-0.0662810035668419,0.0192378023117096,0.2809622317796818,5558,122276,False,"spécification primaire (A5) ; covariables : log_pop, share_women_1549, level_pre, pretrend_pre (doublement robuste) ; contrôle = not_yet_treated ; fenêtre 2003-2024 ; 5558 traitées, 0 jamais traitées sur la fenêtre ; ATT(g,t) identifiés jusqu'en 2022 (sans unité jamais traitée, la dernière cohorte sert de contrôle) ; bandes simultanées sup-t (bootstrap multiplicateur Rademacher, 999 tirages, valeur critique 2.69) ; même estimation, agrégat +1..+5 restreint aux cohortes [2014, 2015, 2016, 2017] (g + 5 ≤ 2022), poids fixes = tailles de cohortes ; par période : +1: +0.0436, +2: +0.0574, +3: -0.0029, +4: -0.0681, +5: -0.1477",post_avg_balanced,0.0,5558.0,0.0,0.0,2003.0,2024.0,2003.0,2022.0,5558.0,5.0,dr,,,,,5.0,,
h1,H1,H1,"log(naissances+0,5 / 1 000 f. 15-49)","unités avec covariables, comparaisons ; fenêtre identifiée ≤ 2022, cohorte 2023 = contrôle",sunab,-8,0.0221446806425616,0.0564866492910971,-0.0885671175753336,0.1328564788604569,0.6950331761897421,5558,122276,False,"comparaisons de la spécification primaire ; fenêtre 2003-2024 ; 5558 traitées, 0 jamais traitées sur la fenêtre ; covariables invariantes dans le temps absorbées par les effets fixes unité : log_pop, share_women_1549, level_pre, pretrend_pre ; comparaisons sur la fenêtre identifiée (années < 2023, cohorte 2023 recodée contrôle, 60 unités de contrôle) ; cellules −8 et +8 bornées",event,0.0,5558.0,0.0,0.0,2003.0,2024.0,,,,,,,,,,,,
h1,H1,H1,"log(naissances+0,5 / 1 000 f. 15-49)","unités avec covariables, comparaisons ; fenêtre identifiée ≤ 2022, cohorte 2023 = contrôle",sunab,-7,0.0297289787866853,0.0543756814160424,-0.0768453984235818,0.1363033559969525,0.5845621872260114,5558,122276,False,"comparaisons de la spécification primaire ; fenêtre 2003-2024 ; 5558 traitées, 0 jamais traitées sur la fenêtre ; covariables invariantes dans le temps absorbées par les effets fixes unité : log_pop, share_women_1549, level_pre, pretrend_pre ; comparaisons sur la fenêtre identifiée (années < 2023, cohorte 2023 recodée contrôle, 60 unités de contrôle) ; cellules −8 et +8 bornées",event,0.0,5558.0,0.0,0.0,2003.0,2024.0,,,,,,,,,,,,
h1,H1,H1,"log(naissances+0,5 / 1 000 f. 15-49)","unités avec covariables, comparaisons ; fenêtre identifiée ≤ 2022, cohorte 2023 = contrôle",sunab,-6,0.0363320944813712,0.0525469997812987,-0.0666581325856084,0.1393223215483509,0.4893010664745757,5558,122276,False,"comparaisons de la spécification primaire ; fenêtre 2003-2024 ; 5558 traitées, 0 jamais traitées sur la fenêtre ; covariables invariantes dans le temps absorbées par les effets fixes unité : log_pop, share_women_1549, level_pre, pretrend_pre ; comparaisons sur la fenêtre identifiée (années < 2023, cohorte 2023 recodée contrôle, 60 unités de contrôle) ; cellules −8 et +8 bornées",event,0.0,5558.0,0.0,0.0,2003.0,2024.0,,,,,,,,,,,,
h1,H1,H1,"log(naissances+0,5 / 1 000 f. 15-49)","unités avec covariables, comparaisons ; fenêtre identifiée ≤ 2022, cohorte 2023 = contrôle",sunab,-5,0.0494637105555152,0.0491907168794858,-0.0469483229019835,0.1458757440130141,0.3146322309070032,5558,122276,False,"comparaisons de la spécification primaire ; fenêtre 2003-2024 ; 5558 traitées, 0 jamais traitées sur la fenêtre ; covariables invariantes dans le temps absorbées par les effets fixes unité : log_pop, share_women_1549, level_pre, pretrend_pre ; comparaisons sur la fenêtre identifiée (années < 2023, cohorte 2023 recodée contrôle, 60 unités de contrôle) ; cellules −8 et +8 bornées",event,0.0,5558.0,0.0,0.0,2003.0,2024.0,,,,,,,,,,,,
h1,H1,H1,"log(naissances+0,5 / 1 000 f. 15-49)","unités avec covariables, comparaisons ; fenêtre identifiée ≤ 2022, cohorte 2023 = contrôle",sunab,-4,0.0393823579900863,0.0449632511965424,-0.0487439949829643,0.1275087109631371,0.3810959318878607,5558,122276,False,"comparaisons de la spécification primaire ; fenêtre 2003-2024 ; 5558 traitées, 0 jamais traitées sur la fenêtre ; covariables invariantes dans le temps absorbées par les effets fixes unité : log_pop, share_women_1549, level_pre, pretrend_pre ; comparaisons sur la fenêtre identifiée (années < 2023, cohorte 2023 recodée contrôle, 60 unités de contrôle) ; cellules −8 et +8 bornées",event,0.0,5558.0,0.0,0.0,2003.0,2024.0,,,,,,,,,,,,
h1,H1,H1,"log(naissances+0,5 / 1 000 f. 15-49)","unités avec covariables, comparaisons ; fenêtre identifiée ≤ 2022, cohorte 2023 = contrôle",sunab,-3,0.0092893025854904,0.0403039185279217,-0.0697049261650726,0.0882835313360535,0.8177177340537102,5558,122276,False,"comparaisons de la spécification primaire ; fenêtre 2003-2024 ; 5558 traitées, 0 jamais traitées sur la fenêtre ; covariables invariantes dans le temps absorbées par les effets fixes unité : log_pop, share_women_1549, level_pre, pretrend_pre ; comparaisons sur la fenêtre identifiée (années < 2023, cohorte 2023 recodée contrôle, 60 unités de contrôle) ; cellules −8 et +8 bornées",event,0.0,5558.0,0.0,0.0,2003.0,2024.0,,,,,,,,,,,,
h1,H1,H1,"log(naissances+0,5 / 1 000 f. 15-49)","unités avec covariables, comparaisons ; fenêtre identifiée ≤ 2022, cohorte 2023 = contrôle",sunab,-2,-0.016966783910215,0.0281855644337679,-0.0722094750843332,0.0382759072639032,0.5471960037702241,5558,122276,False,"comparaisons de la spécification primaire ; fenêtre 2003-2024 ; 5558 traitées, 0 jamais traitées sur la fenêtre ; covariables invariantes dans le temps absorbées par les effets fixes unité : log_pop, share_women_1549, level_pre, pretrend_pre ; comparaisons sur la fenêtre identifiée (années < 2023, cohorte 2023 recodée contrôle, 60 unités de contrôle) ; cellules −8 et +8 bornées",event,0.0,5558.0,0.0,0.0,2003.0,2024.0,,,,,,,,,,,,
h1,H1,H1,"log(naissances+0,5 / 1 000 f. 15-49)","unités avec covariables, comparaisons ; fenêtre identifiée ≤ 2022, cohorte 2023 = contrôle",sunab,0,-0.016587450313243,0.0153176187166182,-0.0466094313267314,0.0134345307002453,0.2788527827722559,5558,122276,False,"comparaisons de la spécification primaire ; fenêtre 2003-2024 ; 5558 traitées, 0 jamais traitées sur la fenêtre ; covariables invariantes dans le temps absorbées par les effets fixes unité : log_pop, share_women_1549, level_pre, pretrend_pre ; comparaisons sur la fenêtre identifiée (années < 2023, cohorte 2023 recodée contrôle, 60 unités de contrôle) ; cellules −8 et +8 bornées",event,0.0,5558.0,0.0,0.0,2003.0,2024.0,,,,,,,,,,,,
h1,H1,H1,"log(naissances+0,5 / 1 000 f. 15-49)","unités avec covariables, comparaisons ; fenêtre identifiée ≤ 2022, cohorte 2023 = contrôle",sunab,1,-0.0273449404765259,0.017211105193231,-0.061078086789389,0.0063882058363371,0.1121063859137338,5558,122276,False,"comparaisons de la spécification primaire ; fenêtre 2003-2024 ; 5558 traitées, 0 jamais traitées sur la fenêtre ; covariables invariantes dans le temps absorbées par les effets fixes unité : log_pop, share_women_1549, level_pre, pretrend_pre ; comparaisons sur la fenêtre identifiée (années < 2023, cohorte 2023 recodée contrôle, 60 unités de contrôle) ; cellules −8 et +8 bornées",event,0.0,5558.0,0.0,0.0,2003.0,2024.0,,,,,,,,,,,,
h1,H1,H1,"log(naissances+0,5 / 1 000 f. 15-49)","unités avec covariables, comparaisons ; fenêtre identifiée ≤ 2022, cohorte 2023 = contrôle",sunab,2,-0.0427526867584789,0.0237341891306939,-0.0892708426569011,0.0037654691399432,0.0716536705926029,5558,122276,False,"comparaisons de la spécification primaire ; fenêtre 2003-2024 ; 5558 traitées, 0 jamais traitées sur la fenêtre ; covariables invariantes dans le temps absorbées par les effets fixes unité : log_pop, share_women_1549, level_pre, pretrend_pre ; comparaisons sur la fenêtre identifiée (années < 2023, cohorte 2023 recodée contrôle, 60 unités de contrôle) ; cellules −8 et +8 bornées",event,0.0,5558.0,0.0,0.0,2003.0,2024.0,,,,,,,,,,,,
h1,H1,H1,"log(naissances+0,5 / 1 000 f. 15-49)","unités avec covariables, comparaisons ; fenêtre identifiée ≤ 2022, cohorte 2023 = contrôle",sunab,3,-0.0549172052668852,0.0277790404142303,-0.1093631240038592,-0.0004712865299112,0.0480495965173458,5558,122276,False,"comparaisons de la spécification primaire ; fenêtre 2003-2024 ; 5558 traitées, 0 jamais traitées sur la fenêtre ; covariables invariantes dans le temps absorbées par les effets fixes unité : log_pop, share_women_1549, level_pre, pretrend_pre ; comparaisons sur la fenêtre identifiée (années < 2023, cohorte 2023 recodée contrôle, 60 unités de contrôle) ; cellules −8 et +8 bornées",event,0.0,5558.0,0.0,0.0,2003.0,2024.0,,,,,,,,,,,,
h1,H1,H1,"log(naissances+0,5 / 1 000 f. 15-49)","unités avec covariables, comparaisons ; fenêtre identifiée ≤ 2022, cohorte 2023 = contrôle",sunab,4,-0.1033335378485283,0.0324838970197998,-0.167000806084844,-0.0396662696122126,0.0014673236447335,5558,122276,False,"comparaisons de la spécification primaire ; fenêtre 2003-2024 ; 5558 traitées, 0 jamais traitées sur la fenêtre ; covariables invariantes dans le temps absorbées par les effets fixes unité : log_pop, share_women_1549, level_pre, pretrend_pre ; comparaisons sur la fenêtre identifiée (années < 2023, cohorte 2023 recodée contrôle, 60 unités de contrôle) ; cellules −8 et +8 bornées",event,0.0,5558.0,0.0,0.0,2003.0,2024.0,,,,,,,,,,,,
h1,H1,H1,"log(naissances+0,5 / 1 000 f. 15-49)","unités avec covariables, comparaisons ; fenêtre identifiée ≤ 2022, cohorte 2023 = contrôle",sunab,5,-0.1349263758960838,0.0372506607072301,-0.2079363292825763,-0.0619164225095913,0.0002921981234358,5558,122276,False,"comparaisons de la spécification primaire ; fenêtre 2003-2024 ; 5558 traitées, 0 jamais traitées sur la fenêtre ; covariables invariantes dans le temps absorbées par les effets fixes unité : log_pop, share_women_1549, level_pre, pretrend_pre ; comparaisons sur la fenêtre identifiée (années < 2023, cohorte 2023 recodée contrôle, 60 unités de contrôle) ; cellules −8 et +8 bornées",event,0.0,5558.0,0.0,0.0,2003.0,2024.0,,,,,,,,,,,,
h1,H1,H1,"log(naissances+0,5 / 1 000 f. 15-49)","unités avec covariables, comparaisons ; fenêtre identifiée ≤ 2022, cohorte 2023 = contrôle",sunab,6,-0.1531769531295702,0.0429412626002989,-0.2373402812768329,-0.0690136249823075,0.000360916076836,5558,122276,False,"comparaisons de la spécification primaire ; fenêtre 2003-2024 ; 5558 traitées, 0 jamais traitées sur la fenêtre ; covariables invariantes dans le temps absorbées par les effets fixes unité : log_pop, share_women_1549, level_pre, pretrend_pre ; comparaisons sur la fenêtre identifiée (années < 2023, cohorte 2023 recodée contrôle, 60 unités de contrôle) ; cellules −8 et +8 bornées",event,0.0,5558.0,0.0,0.0,2003.0,2024.0,,,,,,,,,,,,
h1,H1,H1,"log(naissances+0,5 / 1 000 f. 15-49)","unités avec covariables, comparaisons ; fenêtre identifiée ≤ 2022, cohorte 2023 = contrôle",sunab,7,-0.2201185531471513,0.0520265533606429,-0.3220887239737629,-0.1181483823205398,2.3276990419774404e-05,5558,122276,False,"comparaisons de la spécification primaire ; fenêtre 2003-2024 ; 5558 traitées, 0 jamais traitées sur la fenêtre ; covariables invariantes dans le temps absorbées par les effets fixes unité : log_pop, share_women_1549, level_pre, pretrend_pre ; comparaisons sur la fenêtre identifiée (années < 2023, cohorte 2023 recodée contrôle, 60 unités de contrôle) ; cellules −8 et +8 bornées",event,0.0,5558.0,0.0,0.0,2003.0,2024.0,,,,,,,,,,,,
h1,H1,H1,"log(naissances+0,5 / 1 000 f. 15-49)","unités avec covariables, comparaisons ; fenêtre identifiée ≤ 2022, cohorte 2023 = contrôle",sunab,8,-0.3134752328857457,0.0582572512162362,-0.427657347107871,-0.1992931186636203,7.412291310587068e-08,5558,122276,False,"comparaisons de la spécification primaire ; fenêtre 2003-2024 ; 5558 traitées, 0 jamais traitées sur la fenêtre ; covariables invariantes dans le temps absorbées par les effets fixes unité : log_pop, share_women_1549, level_pre, pretrend_pre ; comparaisons sur la fenêtre identifiée (années < 2023, cohorte 2023 recodée contrôle, 60 unités de contrôle) ; cellules −8 et +8 bornées",event,0.0,5558.0,0.0,0.0,2003.0,2024.0,,,,,,,,,,,,
h1,H1,H1,"log(naissances+0,5 / 1 000 f. 15-49)","unités avec covariables, comparaisons ; fenêtre identifiée ≤ 2022, cohorte 2023 = contrôle",sunab,"ATT[1,5]",-0.0726549492493004,0.0251722668102803,-0.1219916856066829,-0.0233182128919179,0.0038978881327671,5558,122276,False,"comparaisons de la spécification primaire ; fenêtre 2003-2024 ; 5558 traitées, 0 jamais traitées sur la fenêtre ; covariables invariantes dans le temps absorbées par les effets fixes unité : log_pop, share_women_1549, level_pre, pretrend_pre ; comparaisons sur la fenêtre identifiée (années < 2023, cohorte 2023 recodée contrôle, 60 unités de contrôle) ; écart-type avec covariance complète (w'Vw)",post_avg,0.0,5558.0,0.0,0.0,2003.0,2024.0,,,,,,,,,,,,
h1,H1,H1,"log(naissances+0,5 / 1 000 f. 15-49)","unités avec covariables, comparaisons ; fenêtre identifiée ≤ 2022, cohorte 2023 = contrôle",sunab,Wald pré (-8..−2),20.70751819069772,,,,0.0042280357075655,5558,122276,False,"test de Wald joint, covariance groupée, df = 7 ; fenêtre 2003-2024 ; 5558 traitées, 0 jamais traitées sur la fenêtre",pre_test,0.0,5558.0,0.0,0.0,2003.0,2024.0,,,,,,,,,,,7.0,
h1,H1,H1,"log(naissances+0,5 / 1 000 f. 15-49)","unités avec covariables, comparaisons ; fenêtre identifiée ≤ 2022, cohorte 2023 = contrôle",did2s,-8,-0.001256457792722,0.0005613884140588,-0.0023567588656154,-0.0001561567198286,0.0252128643075454,5558,122276,False,"comparaisons de la spécification primaire ; fenêtre 2003-2024 ; 5558 traitées, 0 jamais traitées sur la fenêtre ; covariables invariantes dans le temps absorbées par les effets fixes unité : log_pop, share_women_1549, level_pre, pretrend_pre ; comparaisons sur la fenêtre identifiée (années < 2023, cohorte 2023 recodée contrôle, 60 unités de contrôle) ; cellules −8 et +8 bornées ; did2s en deux étapes implémenté directement (pyfixest.did2s dépasse la mémoire au-delà de 5 000 unités), écarts-types par bootstrap par grappes (50 tirages, grappe = unit)",event,0.0,5558.0,0.0,0.0,2003.0,2024.0,,,,,,,,,,,,
h1,H1,H1,"log(naissances+0,5 / 1 000 f. 15-49)","unités avec covariables, comparaisons ; fenêtre identifiée ≤ 2022, cohorte 2023 = contrôle",did2s,-7,-0.0091455362143281,0.0022189745758065,-0.0134946464655189,-0.0047964259631374,3.763895364670412e-05,5558,122276,False,"comparaisons de la spécification primaire ; fenêtre 2003-2024 ; 5558 traitées, 0 jamais traitées sur la fenêtre ; covariables invariantes dans le temps absorbées par les effets fixes unité : log_pop, share_women_1549, level_pre, pretrend_pre ; comparaisons sur la fenêtre identifiée (années < 2023, cohorte 2023 recodée contrôle, 60 unités de contrôle) ; cellules −8 et +8 bornées ; did2s en deux étapes implémenté directement (pyfixest.did2s dépasse la mémoire au-delà de 5 000 unités), écarts-types par bootstrap par grappes (50 tirages, grappe = unit)",event,0.0,5558.0,0.0,0.0,2003.0,2024.0,,,,,,,,,,,,
h1,H1,H1,"log(naissances+0,5 / 1 000 f. 15-49)","unités avec covariables, comparaisons ; fenêtre identifiée ≤ 2022, cohorte 2023 = contrôle",did2s,-6,-0.0065996368540574,0.002132543510228,-0.010779345329569,-0.0024199283785458,0.0019699509936925,5558,122276,False,"comparaisons de la spécification primaire ; fenêtre 2003-2024 ; 5558 traitées, 0 jamais traitées sur la fenêtre ; covariables invariantes dans le temps absorbées par les effets fixes unité : log_pop, share_women_1549, level_pre, pretrend_pre ; comparaisons sur la fenêtre identifiée (années < 2023, cohorte 2023 recodée contrôle, 60 unités de contrôle) ; cellules −8 et +8 bornées ; did2s en deux étapes implémenté directement (pyfixest.did2s dépasse la mémoire au-delà de 5 000 unités), écarts-types par bootstrap par grappes (50 tirages, grappe = unit)",event,0.0,5558.0,0.0,0.0,2003.0,2024.0,,,,,,,,,,,,
h1,H1,H1,"log(naissances+0,5 / 1 000 f. 15-49)","unités avec covariables, comparaisons ; fenêtre identifiée ≤ 2022, cohorte 2023 = contrôle",did2s,-5,-0.0063354462681909,0.002008495309162,-0.0102720247372662,-0.0023988677991156,0.0016087001806241,5558,122276,False,"comparaisons de la spécification primaire ; fenêtre 2003-2024 ; 5558 traitées, 0 jamais traitées sur la fenêtre ; covariables invariantes dans le temps absorbées par les effets fixes unité : log_pop, share_women_1549, level_pre, pretrend_pre ; comparaisons sur la fenêtre identifiée (années < 2023, cohorte 2023 recodée contrôle, 60 unités de contrôle) ; cellules −8 et +8 bornées ; did2s en deux étapes implémenté directement (pyfixest.did2s dépasse la mémoire au-delà de 5 000 unités), écarts-types par bootstrap par grappes (50 tirages, grappe = unit)",event,0.0,5558.0,0.0,0.0,2003.0,2024.0,,,,,,,,,,,,
h1,H1,H1,"log(naissances+0,5 / 1 000 f. 15-49)","unités avec covariables, comparaisons ; fenêtre identifiée ≤ 2022, cohorte 2023 = contrôle",did2s,-4,-0.0015080822994215,0.001863142919783,-0.0051597753202471,0.0021436107214041,0.418268306854989,5558,122276,False,"comparaisons de la spécification primaire ; fenêtre 2003-2024 ; 5558 traitées, 0 jamais traitées sur la fenêtre ; covariables invariantes dans le temps absorbées par les effets fixes unité : log_pop, share_women_1549, level_pre, pretrend_pre ; comparaisons sur la fenêtre identifiée (années < 2023, cohorte 2023 recodée contrôle, 60 unités de contrôle) ; cellules −8 et +8 bornées ; did2s en deux étapes implémenté directement (pyfixest.did2s dépasse la mémoire au-delà de 5 000 unités), écarts-types par bootstrap par grappes (50 tirages, grappe = unit)",event,0.0,5558.0,0.0,0.0,2003.0,2024.0,,,,,,,,,,,,
h1,H1,H1,"log(naissances+0,5 / 1 000 f. 15-49)","unités avec covariables, comparaisons ; fenêtre identifiée ≤ 2022, cohorte 2023 = contrôle",did2s,-3,0.0061558027726174,0.001530696708762,0.0031556923521898,0.0091559131930449,5.781171307873669e-05,5558,122276,False,"comparaisons de la spécification primaire ; fenêtre 2003-2024 ; 5558 traitées, 0 jamais traitées sur la fenêtre ; covariables invariantes dans le temps absorbées par les effets fixes unité : log_pop, share_women_1549, level_pre, pretrend_pre ; comparaisons sur la fenêtre identifiée (années < 2023, cohorte 2023 recodée contrôle, 60 unités de contrôle) ; cellules −8 et +8 bornées ; did2s en deux étapes implémenté directement (pyfixest.did2s dépasse la mémoire au-delà de 5 000 unités), écarts-types par bootstrap par grappes (50 tirages, grappe = unit)",event,0.0,5558.0,0.0,0.0,2003.0,2024.0,,,,,,,,,,,,
h1,H1,H1,"log(naissances+0,5 / 1 000 f. 15-49)","unités avec covariables, comparaisons ; fenêtre identifiée ≤ 2022, cohorte 2023 = contrôle",did2s,-2,0.0104195820357125,0.0021072033449481,0.0062895393715117,0.0145496246999133,7.62438163215879e-07,5558,122276,False,"comparaisons de la spécification primaire ; fenêtre 2003-2024 ; 5558 traitées, 0 jamais traitées sur la fenêtre ; covariables invariantes dans le temps absorbées par les effets fixes unité : log_pop, share_women_1549, level_pre, pretrend_pre ; comparaisons sur la fenêtre identifiée (années < 2023, cohorte 2023 recodée contrôle, 60 unités de contrôle) ; cellules −8 et +8 bornées ; did2s en deux étapes implémenté directement (pyfixest.did2s dépasse la mémoire au-delà de 5 000 unités), écarts-types par bootstrap par grappes (50 tirages, grappe = unit)",event,0.0,5558.0,0.0,0.0,2003.0,2024.0,,,,,,,,,,,,
h1,H1,H1,"log(naissances+0,5 / 1 000 f. 15-49)","unités avec covariables, comparaisons ; fenêtre identifiée ≤ 2022, cohorte 2023 = contrôle",did2s,0,0.0158045266318114,0.0058978049507675,0.0042450413404651,0.0273640119231578,0.0073681499036043,5558,122276,False,"comparaisons de la spécification primaire ; fenêtre 2003-2024 ; 5558 traitées, 0 jamais traitées sur la fenêtre ; covariables invariantes dans le temps absorbées par les effets fixes unité : log_pop, share_women_1549, level_pre, pretrend_pre ; comparaisons sur la fenêtre identifiée (années < 2023, cohorte 2023 recodée contrôle, 60 unités de contrôle) ; cellules −8 et +8 bornées ; did2s en deux étapes implémenté directement (pyfixest.did2s dépasse la mémoire au-delà de 5 000 unités), écarts-types par bootstrap par grappes (50 tirages, grappe = unit)",event,0.0,5558.0,0.0,0.0,2003.0,2024.0,,,,,,,,,,,,
h1,H1,H1,"log(naissances+0,5 / 1 000 f. 15-49)","unités avec covariables, comparaisons ; fenêtre identifiée ≤ 2022, cohorte 2023 = contrôle",did2s,1,0.0102788781019236,0.0076696236870083,-0.0047533080995879,0.0253110643034352,0.180178278984141,5558,122276,False,"comparaisons de la spécification primaire ; fenêtre 2003-2024 ; 5558 traitées, 0 jamais traitées sur la fenêtre ; covariables invariantes dans le temps absorbées par les effets fixes unité : log_pop, share_women_1549, level_pre, pretrend_pre ; comparaisons sur la fenêtre identifiée (années < 2023, cohorte 2023 recodée contrôle, 60 unités de contrôle) ; cellules −8 et +8 bornées ; did2s en deux étapes implémenté directement (pyfixest.did2s dépasse la mémoire au-delà de 5 000 unités), écarts-types par bootstrap par grappes (50 tirages, grappe = unit)",event,0.0,5558.0,0.0,0.0,2003.0,2024.0,,,,,,,,,,,,
h1,H1,H1,"log(naissances+0,5 / 1 000 f. 15-49)","unités avec covariables, comparaisons ; fenêtre identifiée ≤ 2022, cohorte 2023 = contrôle",did2s,2,0.0011991009197483,0.0122509049949107,-0.0228122316482986,0.0252104334877952,0.9220287261551532,5558,122276,False,"comparaisons de la spécification primaire ; fenêtre 2003-2024 ; 5558 traitées, 0 jamais traitées sur la fenêtre ; covariables invariantes dans le temps absorbées par les effets fixes unité : log_pop, share_women_1549, level_pre, pretrend_pre ; comparaisons sur la fenêtre identifiée (années < 2023, cohorte 2023 recodée contrôle, 60 unités de contrôle) ; cellules −8 et +8 bornées ; did2s en deux étapes implémenté directement (pyfixest.did2s dépasse la mémoire au-delà de 5 000 unités), écarts-types par bootstrap par grappes (50 tirages, grappe = unit)",event,0.0,5558.0,0.0,0.0,2003.0,2024.0,,,,,,,,,,,,
h1,H1,H1,"log(naissances+0,5 / 1 000 f. 15-49)","unités avec covariables, comparaisons ; fenêtre identifiée ≤ 2022, cohorte 2023 = contrôle",did2s,3,-0.0147613137989249,0.0177066859189228,-0.0494657804855762,0.0199431528877263,0.4044739410896533,5558,122276,False,"comparaisons de la spécification primaire ; fenêtre 2003-2024 ; 5558 traitées, 0 jamais traitées sur la fenêtre ; covariables invariantes dans le temps absorbées par les effets fixes unité : log_pop, share_women_1549, level_pre, pretrend_pre ; comparaisons sur la fenêtre identifiée (années < 2023, cohorte 2023 recodée contrôle, 60 unités de contrôle) ; cellules −8 et +8 bornées ; did2s en deux étapes implémenté directement (pyfixest.did2s dépasse la mémoire au-delà de 5 000 unités), écarts-types par bootstrap par grappes (50 tirages, grappe = unit)",event,0.0,5558.0,0.0,0.0,2003.0,2024.0,,,,,,,,,,,,
h1,H1,H1,"log(naissances+0,5 / 1 000 f. 15-49)","unités avec covariables, comparaisons ; fenêtre identifiée ≤ 2022, cohorte 2023 = contrôle",did2s,4,-0.0538132002997063,0.0260867878857662,-0.1049423650281439,-0.0026840355712687,0.039126627152311,5558,122276,False,"comparaisons de la spécification primaire ; fenêtre 2003-2024 ; 5558 traitées, 0 jamais traitées sur la fenêtre ; covariables invariantes dans le temps absorbées par les effets fixes unité : log_pop, share_women_1549, level_pre, pretrend_pre ; comparaisons sur la fenêtre identifiée (années < 2023, cohorte 2023 recodée contrôle, 60 unités de contrôle) ; cellules −8 et +8 bornées ; did2s en deux étapes implémenté directement (pyfixest.did2s dépasse la mémoire au-delà de 5 000 unités), écarts-types par bootstrap par grappes (50 tirages, grappe = unit)",event,0.0,5558.0,0.0,0.0,2003.0,2024.0,,,,,,,,,,,,
h1,H1,H1,"log(naissances+0,5 / 1 000 f. 15-49)","unités avec covariables, comparaisons ; fenêtre identifiée ≤ 2022, cohorte 2023 = contrôle",did2s,5,-0.1092560372366974,0.0405136302466595,-0.1886612934031227,-0.029850781070272,0.0070015120377871,5558,122276,False,"comparaisons de la spécification primaire ; fenêtre 2003-2024 ; 5558 traitées, 0 jamais traitées sur la fenêtre ; covariables invariantes dans le temps absorbées par les effets fixes unité : log_pop, share_women_1549, level_pre, pretrend_pre ; comparaisons sur la fenêtre identifiée (années < 2023, cohorte 2023 recodée contrôle, 60 unités de contrôle) ; cellules −8 et +8 bornées ; did2s en deux étapes implémenté directement (pyfixest.did2s dépasse la mémoire au-delà de 5 000 unités), écarts-types par bootstrap par grappes (50 tirages, grappe = unit)",event,0.0,5558.0,0.0,0.0,2003.0,2024.0,,,,,,,,,,,,
h1,H1,H1,"log(naissances+0,5 / 1 000 f. 15-49)","unités avec covariables, comparaisons ; fenêtre identifiée ≤ 2022, cohorte 2023 = contrôle",did2s,6,-0.0941361480736521,0.0366841141162788,-0.1660356905463159,-0.0222366056009882,0.0102840743357001,5558,122276,False,"comparaisons de la spécification primaire ; fenêtre 2003-2024 ; 5558 traitées, 0 jamais traitées sur la fenêtre ; covariables invariantes dans le temps absorbées par les effets fixes unité : log_pop, share_women_1549, level_pre, pretrend_pre ; comparaisons sur la fenêtre identifiée (années < 2023, cohorte 2023 recodée contrôle, 60 unités de contrôle) ; cellules −8 et +8 bornées ; did2s en deux étapes implémenté directement (pyfixest.did2s dépasse la mémoire au-delà de 5 000 unités), écarts-types par bootstrap par grappes (50 tirages, grappe = unit)",event,0.0,5558.0,0.0,0.0,2003.0,2024.0,,,,,,,,,,,,
h1,H1,H1,"log(naissances+0,5 / 1 000 f. 15-49)","unités avec covariables, comparaisons ; fenêtre identifiée ≤ 2022, cohorte 2023 = contrôle",did2s,7,-0.0997260586709646,0.0407724874184362,-0.1796386655712121,-0.019813451770717,0.0144484861765188,5558,122276,False,"comparaisons de la spécification primaire ; fenêtre 2003-2024 ; 5558 traitées, 0 jamais traitées sur la fenêtre ; covariables invariantes dans le temps absorbées par les effets fixes unité : log_pop, share_women_1549, level_pre, pretrend_pre ; comparaisons sur la fenêtre identifiée (années < 2023, cohorte 2023 recodée contrôle, 60 unités de contrôle) ; cellules −8 et +8 bornées ; did2s en deux étapes implémenté directement (pyfixest.did2s dépasse la mémoire au-delà de 5 000 unités), écarts-types par bootstrap par grappes (50 tirages, grappe = unit)",event,0.0,5558.0,0.0,0.0,2003.0,2024.0,,,,,,,,,,,,
h1,H1,H1,"log(naissances+0,5 / 1 000 f. 15-49)","unités avec covariables, comparaisons ; fenêtre identifiée ≤ 2022, cohorte 2023 = contrôle",did2s,8,-0.1555477777786743,0.0517734499763217,-0.257021875087651,-0.0540736804696975,0.002661115609332,5558,122276,False,"comparaisons de la spécification primaire ; fenêtre 2003-2024 ; 5558 traitées, 0 jamais traitées sur la fenêtre ; covariables invariantes dans le temps absorbées par les effets fixes unité : log_pop, share_women_1549, level_pre, pretrend_pre ; comparaisons sur la fenêtre identifiée (années < 2023, cohorte 2023 recodée contrôle, 60 unités de contrôle) ; cellules −8 et +8 bornées ; did2s en deux étapes implémenté directement (pyfixest.did2s dépasse la mémoire au-delà de 5 000 unités), écarts-types par bootstrap par grappes (50 tirages, grappe = unit)",event,0.0,5558.0,0.0,0.0,2003.0,2024.0,,,,,,,,,,,,
h1,H1,H1,"log(naissances+0,5 / 1 000 f. 15-49)","unités avec covariables, comparaisons ; fenêtre identifiée ≤ 2022, cohorte 2023 = contrôle",did2s,"ATT[1,5]",-0.0332705144627313,0.0192454861792015,-0.0709909742389298,0.0044499453134671,0.0838549626705744,5558,122276,False,"comparaisons de la spécification primaire ; fenêtre 2003-2024 ; 5558 traitées, 0 jamais traitées sur la fenêtre ; covariables invariantes dans le temps absorbées par les effets fixes unité : log_pop, share_women_1549, level_pre, pretrend_pre ; comparaisons sur la fenêtre identifiée (années < 2023, cohorte 2023 recodée contrôle, 60 unités de contrôle) ; écart-type avec covariance complète (w'Vw)",post_avg,0.0,5558.0,0.0,0.0,2003.0,2024.0,,,,,,,,,,,,
h1,H1,H1,"log(naissances+0,5 / 1 000 f. 15-49)","unités avec covariables, comparaisons ; fenêtre identifiée ≤ 2022, cohorte 2023 = contrôle",did2s,Wald pré (-8..−2),69.23743325377345,,,,2.1064402011780205e-12,5558,122276,False,"test de Wald joint, covariance groupée, df = 7 ; fenêtre 2003-2024 ; 5558 traitées, 0 jamais traitées sur la fenêtre",pre_test,0.0,5558.0,0.0,0.0,2003.0,2024.0,,,,,,,,,,,7.0,
h1,H1,H1,"log(naissances+0,5 / 1 000 f. 15-49)","unités avec covariables, comparaisons ; fenêtre identifiée ≤ 2022, cohorte 2023 = contrôle",twfe,-8,-0.1140356690486248,0.0214344195975265,-0.1560463594892965,-0.0720249786079532,1.0364606569293665e-07,5558,122276,False,"comparaisons de la spécification primaire ; fenêtre 2003-2024 ; 5558 traitées, 0 jamais traitées sur la fenêtre ; covariables invariantes dans le temps absorbées par les effets fixes unité : log_pop, share_women_1549, level_pre, pretrend_pre ; comparaisons sur la fenêtre identifiée (années < 2023, cohorte 2023 recodée contrôle, 60 unités de contrôle) ; cellules −8 et +8 bornées",event,0.0,5558.0,0.0,0.0,2003.0,2024.0,,,,,,,,,,,,
h1,H1,H1,"log(naissances+0,5 / 1 000 f. 15-49)","unités avec covariables, comparaisons ; fenêtre identifiée ≤ 2022, cohorte 2023 = contrôle",twfe,-7,-0.1057049372128581,0.0168799640065509,-0.1387890587260303,-0.0726208156996859,3.796952324638208e-10,5558,122276,False,"comparaisons de la spécification primaire ; fenêtre 2003-2024 ; 5558 traitées, 0 jamais traitées sur la fenêtre ; covariables invariantes dans le temps absorbées par les effets fixes unité : log_pop, share_women_1549, level_pre, pretrend_pre ; comparaisons sur la fenêtre identifiée (années < 2023, cohorte 2023 recodée contrôle, 60 unités de contrôle) ; cellules −8 et +8 bornées",event,0.0,5558.0,0.0,0.0,2003.0,2024.0,,,,,,,,,,,,
h1,H1,H1,"log(naissances+0,5 / 1 000 f. 15-49)","unités avec covariables, comparaisons ; fenêtre identifiée ≤ 2022, cohorte 2023 = contrôle",twfe,-6,-0.0926600173571757,0.0144208576062802,-0.1209243788916655,-0.064395655822686,1.3150888143012364e-10,5558,122276,False,"comparaisons de la spécification primaire ; fenêtre 2003-2024 ; 5558 traitées, 0 jamais traitées sur la fenêtre ; covariables invariantes dans le temps absorbées par les effets fixes unité : log_pop, share_women_1549, level_pre, pretrend_pre ; comparaisons sur la fenêtre identifiée (années < 2023, cohorte 2023 recodée contrôle, 60 unités de contrôle) ; cellules −8 et +8 bornées",event,0.0,5558.0,0.0,0.0,2003.0,2024.0,,,,,,,,,,,,
h1,H1,H1,"log(naissances+0,5 / 1 000 f. 15-49)","unités avec covariables, comparaisons ; fenêtre identifiée ≤ 2022, cohorte 2023 = contrôle",twfe,-5,-0.0801243784526937,0.0118577514447347,-0.1033651442220016,-0.0568836126833858,1.4075104001452782e-11,5558,122276,False,"comparaisons de la spécification primaire ; fenêtre 2003-2024 ; 5558 traitées, 0 jamais traitées sur la fenêtre ; covariables invariantes dans le temps absorbées par les effets fixes unité : log_pop, share_women_1549, level_pre, pretrend_pre ; comparaisons sur la fenêtre identifiée (années < 2023, cohorte 2023 recodée contrôle, 60 unités de contrôle) ; cellules −8 et +8 bornées",event,0.0,5558.0,0.0,0.0,2003.0,2024.0,,,,,,,,,,,,
h1,H1,H1,"log(naissances+0,5 / 1 000 f. 15-49)","unités avec covariables, comparaisons ; fenêtre identifiée ≤ 2022, cohorte 2023 = contrôle",twfe,-4,-0.0605145821609993,0.0092261783907989,-0.0785975595219069,-0.0424316048000917,5.416672825218492e-11,5558,122276,False,"comparaisons de la spécification primaire ; fenêtre 2003-2024 ; 5558 traitées, 0 jamais traitées sur la fenêtre ; covariables invariantes dans le temps absorbées par les effets fixes unité : log_pop, share_women_1549, level_pre, pretrend_pre ; comparaisons sur la fenêtre identifiée (années < 2023, cohorte 2023 recodée contrôle, 60 unités de contrôle) ; cellules −8 et +8 bornées",event,0.0,5558.0,0.0,0.0,2003.0,2024.0,,,,,,,,,,,,
h1,H1,H1,"log(naissances+0,5 / 1 000 f. 15-49)","unités avec covariables, comparaisons ; fenêtre identifiée ≤ 2022, cohorte 2023 = contrôle",twfe,-3,-0.0382685100238784,0.0066915329614307,-0.0513836736296453,-0.0251533464181114,1.0718738115001057e-08,5558,122276,False,"comparaisons de la spécification primaire ; fenêtre 2003-2024 ; 5558 traitées, 0 jamais traitées sur la fenêtre ; covariables invariantes dans le temps absorbées par les effets fixes unité : log_pop, share_women_1549, level_pre, pretrend_pre ; comparaisons sur la fenêtre identifiée (années < 2023, cohorte 2023 recodée contrôle, 60 unités de contrôle) ; cellules −8 et +8 bornées",event,0.0,5558.0,0.0,0.0,2003.0,2024.0,,,,,,,,,,,,
h1,H1,H1,"log(naissances+0,5 / 1 000 f. 15-49)","unités avec covariables, comparaisons ; fenêtre identifiée ≤ 2022, cohorte 2023 = contrôle",twfe,-2,-0.020300144875368,0.0040258848225676,-0.028190734133507,-0.0124095556172291,4.5971514336019123e-07,5558,122276,False,"comparaisons de la spécification primaire ; fenêtre 2003-2024 ; 5558 traitées, 0 jamais traitées sur la fenêtre ; covariables invariantes dans le temps absorbées par les effets fixes unité : log_pop, share_women_1549, level_pre, pretrend_pre ; comparaisons sur la fenêtre identifiée (années < 2023, cohorte 2023 recodée contrôle, 60 unités de contrôle) ; cellules −8 et +8 bornées",event,0.0,5558.0,0.0,0.0,2003.0,2024.0,,,,,,,,,,,,
h1,H1,H1,"log(naissances+0,5 / 1 000 f. 15-49)","unités avec covariables, comparaisons ; fenêtre identifiée ≤ 2022, cohorte 2023 = contrôle",twfe,0,0.0150921861088196,0.0038839675042345,0.007479749683396,0.0227046225342431,0.0001020080280336,5558,122276,False,"comparaisons de la spécification primaire ; fenêtre 2003-2024 ; 5558 traitées, 0 jamais traitées sur la fenêtre ; covariables invariantes dans le temps absorbées par les effets fixes unité : log_pop, share_women_1549, level_pre, pretrend_pre ; comparaisons sur la fenêtre identifiée (années < 2023, cohorte 2023 recodée contrôle, 60 unités de contrôle) ; cellules −8 et +8 bornées",event,0.0,5558.0,0.0,0.0,2003.0,2024.0,,,,,,,,,,,,
h1,H1,H1,"log(naissances+0,5 / 1 000 f. 15-49)","unités avec covariables, comparaisons ; fenêtre identifiée ≤ 2022, cohorte 2023 = contrôle",twfe,1,0.0263020148048937,0.0064062937545976,0.0137459097714984,0.038858119838289,4.031755107445736e-05,5558,122276,False,"comparaisons de la spécification primaire ; fenêtre 2003-2024 ; 5558 traitées, 0 jamais traitées sur la fenêtre ; covariables invariantes dans le temps absorbées par les effets fixes unité : log_pop, share_women_1549, level_pre, pretrend_pre ; comparaisons sur la fenêtre identifiée (années < 2023, cohorte 2023 recodée contrôle, 60 unités de contrôle) ; cellules −8 et +8 bornées",event,0.0,5558.0,0.0,0.0,2003.0,2024.0,,,,,,,,,,,,
h1,H1,H1,"log(naissances+0,5 / 1 000 f. 15-49)","unités avec covariables, comparaisons ; fenêtre identifiée ≤ 2022, cohorte 2023 = contrôle",twfe,2,0.0328404908477908,0.0091462878244306,0.0149140961196696,0.0507668855759119,0.0003299411796038,5558,122276,False,"comparaisons de la spécification primaire ; fenêtre 2003-2024 ; 5558 traitées, 0 jamais traitées sur la fenêtre ; covariables invariantes dans le temps absorbées par les effets fixes unité : log_pop, share_women_1549, level_pre, pretrend_pre ; comparaisons sur la fenêtre identifiée (années < 2023, cohorte 2023 recodée contrôle, 60 unités de contrôle) ; cellules −8 et +8 bornées",event,0.0,5558.0,0.0,0.0,2003.0,2024.0,,,,,,,,,,,,
h1,H1,H1,"log(naissances+0,5 / 1 000 f. 15-49)","unités avec covariables, comparaisons ; fenêtre identifiée ≤ 2022, cohorte 2023 = contrôle",twfe,3,0.0441478472867968,0.011917684662731,0.0207896145687386,0.067506080004855,0.0002118933435348,5558,122276,False,"comparaisons de la spécification primaire ; fenêtre 2003-2024 ; 5558 traitées, 0 jamais traitées sur la fenêtre ; covariables invariantes dans le temps absorbées par les effets fixes unité : log_pop, share_women_1549, level_pre, pretrend_pre ; comparaisons sur la fenêtre identifiée (années < 2023, cohorte 2023 recodée contrôle, 60 unités de contrôle) ; cellules −8 et +8 bornées",event,0.0,5558.0,0.0,0.0,2003.0,2024.0,,,,,,,,,,,,
h1,H1,H1,"log(naissances+0,5 / 1 000 f. 15-49)","unités avec covariables, comparaisons ; fenêtre identifiée ≤ 2022, cohorte 2023 = contrôle",twfe,4,0.0373413285514687,0.0147555225947056,0.0084210356927786,0.0662616214101587,0.0113845557265128,5558,122276,False,"comparaisons de la spécification primaire ; fenêtre 2003-2024 ; 5558 traitées, 0 jamais traitées sur la fenêtre ; covariables invariantes dans le temps absorbées par les effets fixes unité : log_pop, share_women_1549, level_pre, pretrend_pre ; comparaisons sur la fenêtre identifiée (années < 2023, cohorte 2023 recodée contrôle, 60 unités de contrôle) ; cellules −8 et +8 bornées",event,0.0,5558.0,0.0,0.0,2003.0,2024.0,,,,,,,,,,,,
h1,H1,H1,"log(naissances+0,5 / 1 000 f. 15-49)","unités avec covariables, comparaisons ; fenêtre identifiée ≤ 2022, cohorte 2023 = contrôle",twfe,5,0.0348165764693252,0.017262924571567,0.0009818660412222,0.0686512868974281,0.0437120941715777,5558,122276,False,"comparaisons de la spécification primaire ; fenêtre 2003-2024 ; 5558 traitées, 0 jamais traitées sur la fenêtre ; covariables invariantes dans le temps absorbées par les effets fixes unité : log_pop, share_women_1549, level_pre, pretrend_pre ; comparaisons sur la fenêtre identifiée (années < 2023, cohorte 2023 recodée contrôle, 60 unités de contrôle) ; cellules −8 et +8 bornées",event,0.0,5558.0,0.0,0.0,2003.0,2024.0,,,,,,,,,,,,
h1,H1,H1,"log(naissances+0,5 / 1 000 f. 15-49)","unités avec covariables, comparaisons ; fenêtre identifiée ≤ 2022, cohorte 2023 = contrôle",twfe,6,0.0384267134028913,0.0194625329568873,0.0002808497594682,0.0765725770463144,0.0483369299426932,5558,122276,False,"comparaisons de la spécification primaire ; fenêtre 2003-2024 ; 5558 traitées, 0 jamais traitées sur la fenêtre ; covariables invariantes dans le temps absorbées par les effets fixes unité : log_pop, share_women_1549, level_pre, pretrend_pre ; comparaisons sur la fenêtre identifiée (années < 2023, cohorte 2023 recodée contrôle, 60 unités de contrôle) ; cellules −8 et +8 bornées",event,0.0,5558.0,0.0,0.0,2003.0,2024.0,,,,,,,,,,,,
h1,H1,H1,"log(naissances+0,5 / 1 000 f. 15-49)","unités avec covariables, comparaisons ; fenêtre identifiée ≤ 2022, cohorte 2023 = contrôle",twfe,7,0.0418269353976998,0.0220884129518649,-0.0014655584636034,0.0851194292590031,0.0582762193980502,5558,122276,False,"comparaisons de la spécification primaire ; fenêtre 2003-2024 ; 5558 traitées, 0 jamais traitées sur la fenêtre ; covariables invariantes dans le temps absorbées par les effets fixes unité : log_pop, share_women_1549, level_pre, pretrend_pre ; comparaisons sur la fenêtre identifiée (années < 2023, cohorte 2023 recodée contrôle, 60 unités de contrôle) ; cellules −8 et +8 bornées",event,0.0,5558.0,0.0,0.0,2003.0,2024.0,,,,,,,,,,,,
h1,H1,H1,"log(naissances+0,5 / 1 000 f. 15-49)","unités avec covariables, comparaisons ; fenêtre identifiée ≤ 2022, cohorte 2023 = contrôle",twfe,8,0.0212983533830608,0.024291806714461,-0.0263127128966909,0.0689094196628127,0.3806109952157674,5558,122276,False,"comparaisons de la spécification primaire ; fenêtre 2003-2024 ; 5558 traitées, 0 jamais traitées sur la fenêtre ; covariables invariantes dans le temps absorbées par les effets fixes unité : log_pop, share_women_1549, level_pre, pretrend_pre ; comparaisons sur la fenêtre identifiée (années < 2023, cohorte 2023 recodée contrôle, 60 unités de contrôle) ; cellules −8 et +8 bornées",event,0.0,5558.0,0.0,0.0,2003.0,2024.0,,,,,,,,,,,,
h1,H1,H1,"log(naissances+0,5 / 1 000 f. 15-49)","unités avec covariables, comparaisons ; fenêtre identifiée ≤ 2022, cohorte 2023 = contrôle",twfe,"ATT[1,5]",0.035089651592055,0.0116341604619766,0.0122871160962209,0.0578921870878891,0.0025605894652753,5558,122276,False,"comparaisons de la spécification primaire ; fenêtre 2003-2024 ; 5558 traitées, 0 jamais traitées sur la fenêtre ; covariables invariantes dans le temps absorbées par les effets fixes unité : log_pop, share_women_1549, level_pre, pretrend_pre ; comparaisons sur la fenêtre identifiée (années < 2023, cohorte 2023 recodée contrôle, 60 unités de contrôle) ; écart-type avec covariance complète (w'Vw)",post_avg,0.0,5558.0,0.0,0.0,2003.0,2024.0,,,,,,,,,,,,
h1,H1,H1,"log(naissances+0,5 / 1 000 f. 15-49)","unités avec covariables, comparaisons ; fenêtre identifiée ≤ 2022, cohorte 2023 = contrôle",twfe,Wald pré (-8..−2),60.7106887204082,,,,1.0886299469180144e-10,5558,122276,False,"test de Wald joint, covariance groupée, df = 7 ; fenêtre 2003-2024 ; 5558 traitées, 0 jamais traitées sur la fenêtre",pre_test,0.0,5558.0,0.0,0.0,2003.0,2024.0,,,,,,,,,,,7.0,
h1,H1,H1,"log(naissances+0,5 / 1 000 f. 15-49)","unités avec covariables, comparaisons ; fenêtre identifiée ≤ 2022, cohorte 2023 = contrôle",twfe,ATT,0.030190591338805,0.0054882876132298,0.0194337452800772,0.0409474373975328,3.77830144169584e-08,5558,122276,False,"comparaisons de la spécification primaire ; fenêtre 2003-2024 ; 5558 traitées, 0 jamais traitées sur la fenêtre ; covariables invariantes dans le temps absorbées par les effets fixes unité : log_pop, share_women_1549, level_pre, pretrend_pre ; comparaisons sur la fenêtre identifiée (années < 2023, cohorte 2023 recodée contrôle, 60 unités de contrôle)",static,0.0,5558.0,0.0,0.0,2003.0,2024.0,,,,,,,,,,,,
h1,H1,H1,"log(naissances+0,5 / 1 000 f. 15-49)","unités avec covariables, comparaisons ; fenêtre complète",twfe,ATT,0.0320728934918342,0.0051072270629086,0.022062912387665,0.0420828745960034,3.3878307820670507e-10,5558,122276,True,"comparaisons de la spécification primaire ; fenêtre 2003-2024 ; 5558 traitées, 0 jamais traitées sur la fenêtre ; covariables invariantes dans le temps absorbées par les effets fixes unité : log_pop, share_women_1549, level_pre, pretrend_pre ; TWFE sur toutes les années (identification par le calendrier des bascules seulement)",static,0.0,5558.0,0.0,0.0,2003.0,2024.0,,,,,,,,,,,,
h1,H1,H1,"log(naissances+0,5 / 1 000 f. 15-49)","unités avec covariables, comparaisons ; fenêtre identifiée ≤ 2022, cohorte 2023 = contrôle",twfe_poisson,ATT (log du taux contrefactuel),0.077894684965745,0.0043463525315881,0.0693759905397177,0.0864133793917723,7.963297266567378e-72,5558,122276,False,"comparaisons de la spécification primaire ; fenêtre 2003-2024 ; 5558 traitées, 0 jamais traitées sur la fenêtre ; covariables invariantes dans le temps absorbées par les effets fixes unité : log_pop, share_women_1549, level_pre, pretrend_pre ; comparaisons sur la fenêtre identifiée (années < 2023, cohorte 2023 recodée contrôle, 60 unités de contrôle) ; Poisson à effets fixes, offset = log(women)",static,0.0,5558.0,0.0,0.0,2003.0,2024.0,,,,,,,,,,,,
h1,H1,H1,"log(naissances+0,5 / 1 000 f. 15-49)","unités avec covariables, comparaisons ; fenêtre identifiée ≤ 2022, cohorte 2023 = contrôle",twfe_poisson,ATT en % du taux contrefactuel,8.100880619554541,0.4698445361477111,7.183913469823966,9.02569249827907,7.963297266567378e-72,5558,122276,False,"comparaisons de la spécification primaire ; fenêtre 2003-2024 ; 5558 traitées, 0 jamais traitées sur la fenêtre ; covariables invariantes dans le temps absorbées par les effets fixes unité : log_pop, share_women_1549, level_pre, pretrend_pre ; comparaisons sur la fenêtre identifiée (années < 2023, cohorte 2023 recodée contrôle, 60 unités de contrôle) ; Poisson à effets fixes, offset = log(women)",static,0.0,5558.0,0.0,0.0,2003.0,2024.0,,,,,,,,,,,,
h1,H1,H1,"log(naissances+0,5 / 1 000 f. 15-49)","toutes unités, sans covariables",cs,-8,-0.0328568232943657,0.0075691740492244,-0.0476921318235608,-0.0180215147651707,1.4191773314543664e-05,5558,122276,False," ; contrôle = not_yet_treated ; fenêtre 2003-2024 ; 5558 traitées, 0 jamais traitées sur la fenêtre ; ATT(g,t) identifiés jusqu'en 2022 (sans unité jamais traitée, la dernière cohorte sert de contrôle) ; bandes simultanées sup-t (bootstrap multiplicateur Rademacher, 999 tirages, valeur critique 2.83)",event,0.0,5558.0,0.0,0.0,2003.0,2024.0,2003.0,2022.0,5558.0,5.0,reg,9.0,5498.0,-0.0543027763362503,-0.0114108702524812,,,
h1,H1,H1,"log(naissances+0,5 / 1 000 f. 15-49)","toutes unités, sans covariables",cs,-7,-0.0217580143866901,0.0074268742216057,-0.0363144203787463,-0.0072016083946338,0.0033936275850694,5558,122276,False," ; contrôle = not_yet_treated ; fenêtre 2003-2024 ; 5558 traitées, 0 jamais traitées sur la fenêtre ; ATT(g,t) identifiés jusqu'en 2022 (sans unité jamais traitée, la dernière cohorte sert de contrôle) ; bandes simultanées sup-t (bootstrap multiplicateur Rademacher, 999 tirages, valeur critique 2.83)",event,0.0,5558.0,0.0,0.0,2003.0,2024.0,2003.0,2022.0,5558.0,5.0,reg,9.0,5498.0,-0.0428007853374862,-0.0007152434358939,,,
h1,H1,H1,"log(naissances+0,5 / 1 000 f. 15-49)","toutes unités, sans covariables",cs,-6,-0.0164904800333441,0.0068412925824305,-0.0298991671026089,-0.0030817929640792,0.0159335807959283,5558,122276,False," ; contrôle = not_yet_treated ; fenêtre 2003-2024 ; 5558 traitées, 0 jamais traitées sur la fenêtre ; ATT(g,t) identifiés jusqu'en 2022 (sans unité jamais traitée, la dernière cohorte sert de contrôle) ; bandes simultanées sup-t (bootstrap multiplicateur Rademacher, 999 tirages, valeur critique 2.83)",event,0.0,5558.0,0.0,0.0,2003.0,2024.0,2003.0,2022.0,5558.0,5.0,reg,9.0,5498.0,-0.0358741061085869,0.0028931460418987,,,
h1,H1,H1,"log(naissances+0,5 / 1 000 f. 15-49)","toutes unités, sans covariables",cs,-5,-0.0103008128529763,0.0064378826093537,-0.0229188309040065,0.0023172051980538,0.1095916684493809,5558,122276,False," ; contrôle = not_yet_treated ; fenêtre 2003-2024 ; 5558 traitées, 0 jamais traitées sur la fenêtre ; ATT(g,t) identifiés jusqu'en 2022 (sans unité jamais traitée, la dernière cohorte sert de contrôle) ; bandes simultanées sup-t (bootstrap multiplicateur Rademacher, 999 tirages, valeur critique 2.83)",event,0.0,5558.0,0.0,0.0,2003.0,2024.0,2003.0,2022.0,5558.0,5.0,reg,9.0,5498.0,-0.0285414461415599,0.0079398204356073,,,
h1,H1,H1,"log(naissances+0,5 / 1 000 f. 15-49)","toutes unités, sans covariables",cs,-4,-0.0029478393759591,0.0056916337489926,-0.0141032365371774,0.008207557785259,0.6045106026177816,5558,122276,False," ; contrôle = not_yet_treated ; fenêtre 2003-2024 ; 5558 traitées, 0 jamais traitées sur la fenêtre ; ATT(g,t) identifiés jusqu'en 2022 (sans unité jamais traitée, la dernière cohorte sert de contrôle) ; bandes simultanées sup-t (bootstrap multiplicateur Rademacher, 999 tirages, valeur critique 2.83)",event,0.0,5558.0,0.0,0.0,2003.0,2024.0,2003.0,2022.0,5558.0,5.0,reg,9.0,5498.0,-0.0190741048467616,0.0131784260948432,,,
h1,H1,H1,"log(naissances+0,5 / 1 000 f. 15-49)","toutes unités, sans covariables",cs,-3,-0.0005821609765778,0.0048452188813147,-0.0100786154811681,0.0089142935280125,0.9043630288163822,5558,122276,False," ; contrôle = not_yet_treated ; fenêtre 2003-2024 ; 5558 traitées, 0 jamais traitées sur la fenêtre ; ATT(g,t) identifiés jusqu'en 2022 (sans unité jamais traitée, la dernière cohorte sert de contrôle) ; bandes simultanées sup-t (bootstrap multiplicateur Rademacher, 999 tirages, valeur critique 2.83)",event,0.0,5558.0,0.0,0.0,2003.0,2024.0,2003.0,2022.0,5558.0,5.0,reg,9.0,5498.0,-0.0143102554728294,0.0131459335196738,,,
h1,H1,H1,"log(naissances+0,5 / 1 000 f. 15-49)","toutes unités, sans covariables",cs,-2,-0.0009127279585178,0.0040365284986155,-0.0088241784383738,0.0069987225213381,0.8211103758769023,5558,122276,False," ; contrôle = not_yet_treated ; fenêtre 2003-2024 ; 5558 traitées, 0 jamais traitées sur la fenêtre ; ATT(g,t) identifiés jusqu'en 2022 (sans unité jamais traitée, la dernière cohorte sert de contrôle) ; bandes simultanées sup-t (bootstrap multiplicateur Rademacher, 999 tirages, valeur critique 2.83)",event,0.0,5558.0,0.0,0.0,2003.0,2024.0,2003.0,2022.0,5558.0,5.0,reg,9.0,5498.0,-0.0123495373211467,0.0105240814041109,,,
h1,H1,H1,"log(naissances+0,5 / 1 000 f. 15-49)","toutes unités, sans covariables",cs,0,-0.0068943184020635,0.003920934812692,-0.0145792094206693,0.0007905726165422,0.0786904612230439,5558,122276,False," ; contrôle = not_yet_treated ; fenêtre 2003-2024 ; 5558 traitées, 0 jamais traitées sur la fenêtre ; ATT(g,t) identifiés jusqu'en 2022 (sans unité jamais traitée, la dernière cohorte sert de contrôle) ; bandes simultanées sup-t (bootstrap multiplicateur Rademacher, 999 tirages, valeur critique 2.83)",event,0.0,5558.0,0.0,0.0,2003.0,2024.0,2003.0,2022.0,5558.0,5.0,reg,9.0,5498.0,-0.0180036129335984,0.0042149761294713,,,
h1,H1,H1,"log(naissances+0,5 / 1 000 f. 15-49)","toutes unités, sans covariables",cs,1,-0.0156343461681536,0.0054109607621386,-0.0262396343837049,-0.0050290579526024,0.0038599677503364,5558,122276,False," ; contrôle = not_yet_treated ; fenêtre 2003-2024 ; 5558 traitées, 0 jamais traitées sur la fenêtre ; ATT(g,t) identifiés jusqu'en 2022 (sans unité jamais traitée, la dernière cohorte sert de contrôle) ; bandes simultanées sup-t (bootstrap multiplicateur Rademacher, 999 tirages, valeur critique 2.83)",event,0.0,5558.0,0.0,0.0,2003.0,2024.0,2003.0,2022.0,5558.0,5.0,reg,8.0,5438.0,-0.0309653729963974,-0.0003033193399099,,,
h1,H1,H1,"log(naissances+0,5 / 1 000 f. 15-49)","toutes unités, sans covariables",cs,2,-0.0317525901473189,0.0075329074222303,-0.046516817393765,-0.0169883629008729,2.495747260122804e-05,5558,122276,False," ; contrôle = not_yet_treated ; fenêtre 2003-2024 ; 5558 traitées, 0 jamais traitées sur la fenêtre ; ATT(g,t) identifiés jusqu'en 2022 (sans unité jamais traitée, la dernière cohorte sert de contrôle) ; bandes simultanées sup-t (bootstrap multiplicateur Rademacher, 999 tirages, valeur critique 2.83)",event,0.0,5558.0,0.0,0.0,2003.0,2024.0,2003.0,2022.0,5558.0,5.0,reg,7.0,5268.0,-0.0530957879381756,-0.0104093923564622,,,
h1,H1,H1,"log(naissances+0,5 / 1 000 f. 15-49)","toutes unités, sans covariables",cs,3,-0.0461670463535908,0.0119022729229926,-0.0694950726168226,-0.0228390200903591,0.0001049545222878,5558,122276,False," ; contrôle = not_yet_treated ; fenêtre 2003-2024 ; 5558 traitées, 0 jamais traitées sur la fenêtre ; ATT(g,t) identifiés jusqu'en 2022 (sans unité jamais traitée, la dernière cohorte sert de contrôle) ; bandes simultanées sup-t (bootstrap multiplicateur Rademacher, 999 tirages, valeur critique 2.83)",event,0.0,5558.0,0.0,0.0,2003.0,2024.0,2003.0,2022.0,5558.0,5.0,reg,6.0,4844.0,-0.0798900899166264,-0.0124440027905553,,,
h1,H1,H1,"log(naissances+0,5 / 1 000 f. 15-49)","toutes unités, sans covariables",cs,4,-0.0796211629716394,0.0219828539936833,-0.1227067650766614,-0.0365355608666175,0.0002923718755329,5558,122276,False," ; contrôle = not_yet_treated ; fenêtre 2003-2024 ; 5558 traitées, 0 jamais traitées sur la fenêtre ; ATT(g,t) identifiés jusqu'en 2022 (sans unité jamais traitée, la dernière cohorte sert de contrôle) ; bandes simultanées sup-t (bootstrap multiplicateur Rademacher, 999 tirages, valeur critique 2.83)",event,0.0,5558.0,0.0,0.0,2003.0,2024.0,2003.0,2022.0,5558.0,5.0,reg,5.0,4445.0,-0.1419057994999069,-0.0173365264433719,,,
h1,H1,H1,"log(naissances+0,5 / 1 000 f. 15-49)","toutes unités, sans covariables",cs,5,-0.1284300519675444,0.0381108315790964,-0.2031259092834452,-0.0537341946516435,0.000751928846856,5558,122276,False," ; contrôle = not_yet_treated ; fenêtre 2003-2024 ; 5558 traitées, 0 jamais traitées sur la fenêtre ; ATT(g,t) identifiés jusqu'en 2022 (sans unité jamais traitée, la dernière cohorte sert de contrôle) ; bandes simultanées sup-t (bootstrap multiplicateur Rademacher, 999 tirages, valeur critique 2.83)",event,0.0,5558.0,0.0,0.0,2003.0,2024.0,2003.0,2022.0,5558.0,5.0,reg,4.0,3767.0,-0.2364105395500991,-0.0204495643849896,,,
h1,H1,H1,"log(naissances+0,5 / 1 000 f. 15-49)","toutes unités, sans covariables",cs,6,-0.1215877387633999,0.032701727070417,-0.1856819460536758,-0.057493531473124,0.0002007402413597,5558,122276,False," ; contrôle = not_yet_treated ; fenêtre 2003-2024 ; 5558 traitées, 0 jamais traitées sur la fenêtre ; ATT(g,t) identifiés jusqu'en 2022 (sans unité jamais traitée, la dernière cohorte sert de contrôle) ; bandes simultanées sup-t (bootstrap multiplicateur Rademacher, 999 tirages, valeur critique 2.83)",event,0.0,5558.0,0.0,0.0,2003.0,2024.0,2003.0,2022.0,5558.0,5.0,reg,3.0,1032.0,-0.2142424588926786,-0.0289330186341212,,,
h1,H1,H1,"log(naissances+0,5 / 1 000 f. 15-49)","toutes unités, sans covariables",cs,7,-0.1336720182616313,0.0455770366310251,-0.2230013685805033,-0.0443426679427593,0.0033583273982131,5558,122276,False," ; contrôle = not_yet_treated ; fenêtre 2003-2024 ; 5558 traitées, 0 jamais traitées sur la fenêtre ; ATT(g,t) identifiés jusqu'en 2022 (sans unité jamais traitée, la dernière cohorte sert de contrôle) ; bandes simultanées sup-t (bootstrap multiplicateur Rademacher, 999 tirages, valeur critique 2.83)",event,0.0,5558.0,0.0,0.0,2003.0,2024.0,2003.0,2022.0,5558.0,5.0,reg,2.0,481.0,-0.2628067139392093,-0.0045373225840533,,,
h1,H1,H1,"log(naissances+0,5 / 1 000 f. 15-49)","toutes unités, sans covariables",cs,8,-0.2359025651070436,0.0576156585121304,-0.3488271807363778,-0.1229779494777093,4.232309311615297e-05,5558,122276,False," ; contrôle = not_yet_treated ; fenêtre 2003-2024 ; 5558 traitées, 0 jamais traitées sur la fenêtre ; ATT(g,t) identifiés jusqu'en 2022 (sans unité jamais traitée, la dernière cohorte sert de contrôle) ; bandes simultanées sup-t (bootstrap multiplicateur Rademacher, 999 tirages, valeur critique 2.83)",event,0.0,5558.0,0.0,0.0,2003.0,2024.0,2003.0,2022.0,5558.0,5.0,reg,1.0,187.0,-0.3991466256733366,-0.0726585045407506,,,
h1,H1,H1,"log(naissances+0,5 / 1 000 f. 15-49)","toutes unités, sans covariables",cs,"ATT[1,5]",-0.0603210395216494,0.0147828521051279,-0.0892948972364824,-0.0313471818068165,4.494401070666893e-05,5558,122276,False," ; contrôle = not_yet_treated ; fenêtre 2003-2024 ; 5558 traitées, 0 jamais traitées sur la fenêtre ; ATT(g,t) identifiés jusqu'en 2022 (sans unité jamais traitée, la dernière cohorte sert de contrôle) ; bandes simultanées sup-t (bootstrap multiplicateur Rademacher, 999 tirages, valeur critique 2.83) ; écart-type avec covariance complète des coefficients (fonctions d'influence)",post_avg,0.0,5558.0,0.0,0.0,2003.0,2024.0,2003.0,2022.0,5558.0,5.0,reg,,,,,5.0,,
h1,H1,H1,"log(naissances+0,5 / 1 000 f. 15-49)","toutes unités, sans covariables",cs,ATT,-0.0512090115149613,0.0108596966767216,-0.0724936258843651,-0.0299243971455575,2.4110569745868605e-06,5558,122276,False," ; contrôle = not_yet_treated ; fenêtre 2003-2024 ; 5558 traitées, 0 jamais traitées sur la fenêtre ; ATT(g,t) identifiés jusqu'en 2022 (sans unité jamais traitée, la dernière cohorte sert de contrôle) ; bandes simultanées sup-t (bootstrap multiplicateur Rademacher, 999 tirages, valeur critique 2.83) ; moyenne de tous les ATT(g,t) post",simple,0.0,5558.0,0.0,0.0,2003.0,2024.0,2003.0,2022.0,5558.0,5.0,reg,,,,,,,
h1,H1,H1,"log(naissances+0,5 / 1 000 f. 15-49)","toutes unités, sans covariables",cs,Wald pré (-8..-2),26.152319263032403,,,,0.0004730571507045,5558,122276,False,"H5c : test de Wald joint de nullité des coefficients pré avec covariance des fonctions d'influence, df = 7 ; fenêtre 2003-2024 ; 5558 traitées, 0 jamais traitées sur la fenêtre",pre_test,0.0,5558.0,0.0,0.0,2003.0,2024.0,2003.0,2022.0,5558.0,5.0,reg,,,,,,7.0,
h1,H1,H1,"log(naissances+0,5 / 1 000 f. 15-49)","toutes unités, sans covariables ; fenêtre identifiée ≤ 2022, cohorte 2023 = contrôle",sunab,-8,0.0221446806425616,0.0564866492910971,-0.0885671175753336,0.1328564788604569,0.6950331761897421,5558,122276,False," ; fenêtre 2003-2024 ; 5558 traitées, 0 jamais traitées sur la fenêtre ; comparaisons sur la fenêtre identifiée (années < 2023, cohorte 2023 recodée contrôle, 60 unités de contrôle) ; cellules −8 et +8 bornées",event,0.0,5558.0,0.0,0.0,2003.0,2024.0,,,,,,,,,,,,
h1,H1,H1,"log(naissances+0,5 / 1 000 f. 15-49)","toutes unités, sans covariables ; fenêtre identifiée ≤ 2022, cohorte 2023 = contrôle",sunab,-7,0.0297289787866853,0.0543756814160424,-0.0768453984235818,0.1363033559969525,0.5845621872260114,5558,122276,False," ; fenêtre 2003-2024 ; 5558 traitées, 0 jamais traitées sur la fenêtre ; comparaisons sur la fenêtre identifiée (années < 2023, cohorte 2023 recodée contrôle, 60 unités de contrôle) ; cellules −8 et +8 bornées",event,0.0,5558.0,0.0,0.0,2003.0,2024.0,,,,,,,,,,,,
h1,H1,H1,"log(naissances+0,5 / 1 000 f. 15-49)","toutes unités, sans covariables ; fenêtre identifiée ≤ 2022, cohorte 2023 = contrôle",sunab,-6,0.0363320944813712,0.0525469997812987,-0.0666581325856084,0.1393223215483509,0.4893010664745757,5558,122276,False," ; fenêtre 2003-2024 ; 5558 traitées, 0 jamais traitées sur la fenêtre ; comparaisons sur la fenêtre identifiée (années < 2023, cohorte 2023 recodée contrôle, 60 unités de contrôle) ; cellules −8 et +8 bornées",event,0.0,5558.0,0.0,0.0,2003.0,2024.0,,,,,,,,,,,,
h1,H1,H1,"log(naissances+0,5 / 1 000 f. 15-49)","toutes unités, sans covariables ; fenêtre identifiée ≤ 2022, cohorte 2023 = contrôle",sunab,-5,0.0494637105555152,0.0491907168794858,-0.0469483229019835,0.1458757440130141,0.3146322309070032,5558,122276,False," ; fenêtre 2003-2024 ; 5558 traitées, 0 jamais traitées sur la fenêtre ; comparaisons sur la fenêtre identifiée (années < 2023, cohorte 2023 recodée contrôle, 60 unités de contrôle) ; cellules −8 et +8 bornées",event,0.0,5558.0,0.0,0.0,2003.0,2024.0,,,,,,,,,,,,
h1,H1,H1,"log(naissances+0,5 / 1 000 f. 15-49)","toutes unités, sans covariables ; fenêtre identifiée ≤ 2022, cohorte 2023 = contrôle",sunab,-4,0.0393823579900863,0.0449632511965424,-0.0487439949829643,0.1275087109631371,0.3810959318878607,5558,122276,False," ; fenêtre 2003-2024 ; 5558 traitées, 0 jamais traitées sur la fenêtre ; comparaisons sur la fenêtre identifiée (années < 2023, cohorte 2023 recodée contrôle, 60 unités de contrôle) ; cellules −8 et +8 bornées",event,0.0,5558.0,0.0,0.0,2003.0,2024.0,,,,,,,,,,,,
h1,H1,H1,"log(naissances+0,5 / 1 000 f. 15-49)","toutes unités, sans covariables ; fenêtre identifiée ≤ 2022, cohorte 2023 = contrôle",sunab,-3,0.0092893025854904,0.0403039185279217,-0.0697049261650726,0.0882835313360535,0.8177177340537102,5558,122276,False," ; fenêtre 2003-2024 ; 5558 traitées, 0 jamais traitées sur la fenêtre ; comparaisons sur la fenêtre identifiée (années < 2023, cohorte 2023 recodée contrôle, 60 unités de contrôle) ; cellules −8 et +8 bornées",event,0.0,5558.0,0.0,0.0,2003.0,2024.0,,,,,,,,,,,,
h1,H1,H1,"log(naissances+0,5 / 1 000 f. 15-49)","toutes unités, sans covariables ; fenêtre identifiée ≤ 2022, cohorte 2023 = contrôle",sunab,-2,-0.016966783910215,0.0281855644337679,-0.0722094750843332,0.0382759072639032,0.5471960037702241,5558,122276,False," ; fenêtre 2003-2024 ; 5558 traitées, 0 jamais traitées sur la fenêtre ; comparaisons sur la fenêtre identifiée (années < 2023, cohorte 2023 recodée contrôle, 60 unités de contrôle) ; cellules −8 et +8 bornées",event,0.0,5558.0,0.0,0.0,2003.0,2024.0,,,,,,,,,,,,
h1,H1,H1,"log(naissances+0,5 / 1 000 f. 15-49)","toutes unités, sans covariables ; fenêtre identifiée ≤ 2022, cohorte 2023 = contrôle",sunab,0,-0.016587450313243,0.0153176187166182,-0.0466094313267314,0.0134345307002453,0.2788527827722559,5558,122276,False," ; fenêtre 2003-2024 ; 5558 traitées, 0 jamais traitées sur la fenêtre ; comparaisons sur la fenêtre identifiée (années < 2023, cohorte 2023 recodée contrôle, 60 unités de contrôle) ; cellules −8 et +8 bornées",event,0.0,5558.0,0.0,0.0,2003.0,2024.0,,,,,,,,,,,,
h1,H1,H1,"log(naissances+0,5 / 1 000 f. 15-49)","toutes unités, sans covariables ; fenêtre identifiée ≤ 2022, cohorte 2023 = contrôle",sunab,1,-0.0273449404765259,0.017211105193231,-0.061078086789389,0.0063882058363371,0.1121063859137338,5558,122276,False," ; fenêtre 2003-2024 ; 5558 traitées, 0 jamais traitées sur la fenêtre ; comparaisons sur la fenêtre identifiée (années < 2023, cohorte 2023 recodée contrôle, 60 unités de contrôle) ; cellules −8 et +8 bornées",event,0.0,5558.0,0.0,0.0,2003.0,2024.0,,,,,,,,,,,,
h1,H1,H1,"log(naissances+0,5 / 1 000 f. 15-49)","toutes unités, sans covariables ; fenêtre identifiée ≤ 2022, cohorte 2023 = contrôle",sunab,2,-0.0427526867584789,0.0237341891306939,-0.0892708426569011,0.0037654691399432,0.0716536705926029,5558,122276,False," ; fenêtre 2003-2024 ; 5558 traitées, 0 jamais traitées sur la fenêtre ; comparaisons sur la fenêtre identifiée (années < 2023, cohorte 2023 recodée contrôle, 60 unités de contrôle) ; cellules −8 et +8 bornées",event,0.0,5558.0,0.0,0.0,2003.0,2024.0,,,,,,,,,,,,
h1,H1,H1,"log(naissances+0,5 / 1 000 f. 15-49)","toutes unités, sans covariables ; fenêtre identifiée ≤ 2022, cohorte 2023 = contrôle",sunab,3,-0.0549172052668852,0.0277790404142303,-0.1093631240038592,-0.0004712865299112,0.0480495965173458,5558,122276,False," ; fenêtre 2003-2024 ; 5558 traitées, 0 jamais traitées sur la fenêtre ; comparaisons sur la fenêtre identifiée (années < 2023, cohorte 2023 recodée contrôle, 60 unités de contrôle) ; cellules −8 et +8 bornées",event,0.0,5558.0,0.0,0.0,2003.0,2024.0,,,,,,,,,,,,
h1,H1,H1,"log(naissances+0,5 / 1 000 f. 15-49)","toutes unités, sans covariables ; fenêtre identifiée ≤ 2022, cohorte 2023 = contrôle",sunab,4,-0.1033335378485283,0.0324838970197998,-0.167000806084844,-0.0396662696122126,0.0014673236447335,5558,122276,False," ; fenêtre 2003-2024 ; 5558 traitées, 0 jamais traitées sur la fenêtre ; comparaisons sur la fenêtre identifiée (années < 2023, cohorte 2023 recodée contrôle, 60 unités de contrôle) ; cellules −8 et +8 bornées",event,0.0,5558.0,0.0,0.0,2003.0,2024.0,,,,,,,,,,,,
h1,H1,H1,"log(naissances+0,5 / 1 000 f. 15-49)","toutes unités, sans covariables ; fenêtre identifiée ≤ 2022, cohorte 2023 = contrôle",sunab,5,-0.1349263758960838,0.0372506607072301,-0.2079363292825763,-0.0619164225095913,0.0002921981234358,5558,122276,False," ; fenêtre 2003-2024 ; 5558 traitées, 0 jamais traitées sur la fenêtre ; comparaisons sur la fenêtre identifiée (années < 2023, cohorte 2023 recodée contrôle, 60 unités de contrôle) ; cellules −8 et +8 bornées",event,0.0,5558.0,0.0,0.0,2003.0,2024.0,,,,,,,,,,,,
h1,H1,H1,"log(naissances+0,5 / 1 000 f. 15-49)","toutes unités, sans covariables ; fenêtre identifiée ≤ 2022, cohorte 2023 = contrôle",sunab,6,-0.1531769531295702,0.0429412626002989,-0.2373402812768329,-0.0690136249823075,0.000360916076836,5558,122276,False," ; fenêtre 2003-2024 ; 5558 traitées, 0 jamais traitées sur la fenêtre ; comparaisons sur la fenêtre identifiée (années < 2023, cohorte 2023 recodée contrôle, 60 unités de contrôle) ; cellules −8 et +8 bornées",event,0.0,5558.0,0.0,0.0,2003.0,2024.0,,,,,,,,,,,,
h1,H1,H1,"log(naissances+0,5 / 1 000 f. 15-49)","toutes unités, sans covariables ; fenêtre identifiée ≤ 2022, cohorte 2023 = contrôle",sunab,7,-0.2201185531471513,0.0520265533606429,-0.3220887239737629,-0.1181483823205398,2.3276990419774404e-05,5558,122276,False," ; fenêtre 2003-2024 ; 5558 traitées, 0 jamais traitées sur la fenêtre ; comparaisons sur la fenêtre identifiée (années < 2023, cohorte 2023 recodée contrôle, 60 unités de contrôle) ; cellules −8 et +8 bornées",event,0.0,5558.0,0.0,0.0,2003.0,2024.0,,,,,,,,,,,,
h1,H1,H1,"log(naissances+0,5 / 1 000 f. 15-49)","toutes unités, sans covariables ; fenêtre identifiée ≤ 2022, cohorte 2023 = contrôle",sunab,8,-0.3134752328857457,0.0582572512162362,-0.427657347107871,-0.1992931186636203,7.412291310587068e-08,5558,122276,False," ; fenêtre 2003-2024 ; 5558 traitées, 0 jamais traitées sur la fenêtre ; comparaisons sur la fenêtre identifiée (années < 2023, cohorte 2023 recodée contrôle, 60 unités de contrôle) ; cellules −8 et +8 bornées",event,0.0,5558.0,0.0,0.0,2003.0,2024.0,,,,,,,,,,,,
h1,H1,H1,"log(naissances+0,5 / 1 000 f. 15-49)","toutes unités, sans covariables ; fenêtre identifiée ≤ 2022, cohorte 2023 = contrôle",sunab,"ATT[1,5]",-0.0726549492493004,0.0251722668102803,-0.1219916856066829,-0.0233182128919179,0.0038978881327671,5558,122276,False," ; fenêtre 2003-2024 ; 5558 traitées, 0 jamais traitées sur la fenêtre ; comparaisons sur la fenêtre identifiée (années < 2023, cohorte 2023 recodée contrôle, 60 unités de contrôle) ; écart-type avec covariance complète (w'Vw)",post_avg,0.0,5558.0,0.0,0.0,2003.0,2024.0,,,,,,,,,,,,
h1,H1,H1,"log(naissances+0,5 / 1 000 f. 15-49)","toutes unités, sans covariables ; fenêtre identifiée ≤ 2022, cohorte 2023 = contrôle",sunab,Wald pré (-8..−2),20.70751819069772,,,,0.0042280357075655,5558,122276,False,"test de Wald joint, covariance groupée, df = 7 ; fenêtre 2003-2024 ; 5558 traitées, 0 jamais traitées sur la fenêtre",pre_test,0.0,5558.0,0.0,0.0,2003.0,2024.0,,,,,,,,,,,7.0,
h1,H1,H1,"log(naissances+0,5 / 1 000 f. 15-49)","toutes unités, sans covariables ; fenêtre identifiée ≤ 2022, cohorte 2023 = contrôle",did2s,-8,-0.001256457792722,0.0005613884140588,-0.0023567588656154,-0.0001561567198286,0.0252128643075454,5558,122276,False," ; fenêtre 2003-2024 ; 5558 traitées, 0 jamais traitées sur la fenêtre ; comparaisons sur la fenêtre identifiée (années < 2023, cohorte 2023 recodée contrôle, 60 unités de contrôle) ; cellules −8 et +8 bornées ; did2s en deux étapes implémenté directement (pyfixest.did2s dépasse la mémoire au-delà de 5 000 unités), écarts-types par bootstrap par grappes (50 tirages, grappe = unit)",event,0.0,5558.0,0.0,0.0,2003.0,2024.0,,,,,,,,,,,,
h1,H1,H1,"log(naissances+0,5 / 1 000 f. 15-49)","toutes unités, sans covariables ; fenêtre identifiée ≤ 2022, cohorte 2023 = contrôle",did2s,-7,-0.0091455362143281,0.0022189745758065,-0.0134946464655189,-0.0047964259631374,3.763895364670412e-05,5558,122276,False," ; fenêtre 2003-2024 ; 5558 traitées, 0 jamais traitées sur la fenêtre ; comparaisons sur la fenêtre identifiée (années < 2023, cohorte 2023 recodée contrôle, 60 unités de contrôle) ; cellules −8 et +8 bornées ; did2s en deux étapes implémenté directement (pyfixest.did2s dépasse la mémoire au-delà de 5 000 unités), écarts-types par bootstrap par grappes (50 tirages, grappe = unit)",event,0.0,5558.0,0.0,0.0,2003.0,2024.0,,,,,,,,,,,,
h1,H1,H1,"log(naissances+0,5 / 1 000 f. 15-49)","toutes unités, sans covariables ; fenêtre identifiée ≤ 2022, cohorte 2023 = contrôle",did2s,-6,-0.0065996368540574,0.002132543510228,-0.010779345329569,-0.0024199283785458,0.0019699509936925,5558,122276,False," ; fenêtre 2003-2024 ; 5558 traitées, 0 jamais traitées sur la fenêtre ; comparaisons sur la fenêtre identifiée (années < 2023, cohorte 2023 recodée contrôle, 60 unités de contrôle) ; cellules −8 et +8 bornées ; did2s en deux étapes implémenté directement (pyfixest.did2s dépasse la mémoire au-delà de 5 000 unités), écarts-types par bootstrap par grappes (50 tirages, grappe = unit)",event,0.0,5558.0,0.0,0.0,2003.0,2024.0,,,,,,,,,,,,
h1,H1,H1,"log(naissances+0,5 / 1 000 f. 15-49)","toutes unités, sans covariables ; fenêtre identifiée ≤ 2022, cohorte 2023 = contrôle",did2s,-5,-0.0063354462681909,0.002008495309162,-0.0102720247372662,-0.0023988677991156,0.0016087001806241,5558,122276,False," ; fenêtre 2003-2024 ; 5558 traitées, 0 jamais traitées sur la fenêtre ; comparaisons sur la fenêtre identifiée (années < 2023, cohorte 2023 recodée contrôle, 60 unités de contrôle) ; cellules −8 et +8 bornées ; did2s en deux étapes implémenté directement (pyfixest.did2s dépasse la mémoire au-delà de 5 000 unités), écarts-types par bootstrap par grappes (50 tirages, grappe = unit)",event,0.0,5558.0,0.0,0.0,2003.0,2024.0,,,,,,,,,,,,
h1,H1,H1,"log(naissances+0,5 / 1 000 f. 15-49)","toutes unités, sans covariables ; fenêtre identifiée ≤ 2022, cohorte 2023 = contrôle",did2s,-4,-0.0015080822994215,0.001863142919783,-0.0051597753202471,0.0021436107214041,0.418268306854989,5558,122276,False," ; fenêtre 2003-2024 ; 5558 traitées, 0 jamais traitées sur la fenêtre ; comparaisons sur la fenêtre identifiée (années < 2023, cohorte 2023 recodée contrôle, 60 unités de contrôle) ; cellules −8 et +8 bornées ; did2s en deux étapes implémenté directement (pyfixest.did2s dépasse la mémoire au-delà de 5 000 unités), écarts-types par bootstrap par grappes (50 tirages, grappe = unit)",event,0.0,5558.0,0.0,0.0,2003.0,2024.0,,,,,,,,,,,,
h1,H1,H1,"log(naissances+0,5 / 1 000 f. 15-49)","toutes unités, sans covariables ; fenêtre identifiée ≤ 2022, cohorte 2023 = contrôle",did2s,-3,0.0061558027726174,0.001530696708762,0.0031556923521898,0.0091559131930449,5.781171307873669e-05,5558,122276,False," ; fenêtre 2003-2024 ; 5558 traitées, 0 jamais traitées sur la fenêtre ; comparaisons sur la fenêtre identifiée (années < 2023, cohorte 2023 recodée contrôle, 60 unités de contrôle) ; cellules −8 et +8 bornées ; did2s en deux étapes implémenté directement (pyfixest.did2s dépasse la mémoire au-delà de 5 000 unités), écarts-types par bootstrap par grappes (50 tirages, grappe = unit)",event,0.0,5558.0,0.0,0.0,2003.0,2024.0,,,,,,,,,,,,
h1,H1,H1,"log(naissances+0,5 / 1 000 f. 15-49)","toutes unités, sans covariables ; fenêtre identifiée ≤ 2022, cohorte 2023 = contrôle",did2s,-2,0.0104195820357125,0.0021072033449481,0.0062895393715117,0.0145496246999133,7.62438163215879e-07,5558,122276,False," ; fenêtre 2003-2024 ; 5558 traitées, 0 jamais traitées sur la fenêtre ; comparaisons sur la fenêtre identifiée (années < 2023, cohorte 2023 recodée contrôle, 60 unités de contrôle) ; cellules −8 et +8 bornées ; did2s en deux étapes implémenté directement (pyfixest.did2s dépasse la mémoire au-delà de 5 000 unités), écarts-types par bootstrap par grappes (50 tirages, grappe = unit)",event,0.0,5558.0,0.0,0.0,2003.0,2024.0,,,,,,,,,,,,
h1,H1,H1,"log(naissances+0,5 / 1 000 f. 15-49)","toutes unités, sans covariables ; fenêtre identifiée ≤ 2022, cohorte 2023 = contrôle",did2s,0,0.0158045266318114,0.0058978049507675,0.0042450413404651,0.0273640119231578,0.0073681499036043,5558,122276,False," ; fenêtre 2003-2024 ; 5558 traitées, 0 jamais traitées sur la fenêtre ; comparaisons sur la fenêtre identifiée (années < 2023, cohorte 2023 recodée contrôle, 60 unités de contrôle) ; cellules −8 et +8 bornées ; did2s en deux étapes implémenté directement (pyfixest.did2s dépasse la mémoire au-delà de 5 000 unités), écarts-types par bootstrap par grappes (50 tirages, grappe = unit)",event,0.0,5558.0,0.0,0.0,2003.0,2024.0,,,,,,,,,,,,
h1,H1,H1,"log(naissances+0,5 / 1 000 f. 15-49)","toutes unités, sans covariables ; fenêtre identifiée ≤ 2022, cohorte 2023 = contrôle",did2s,1,0.0102788781019236,0.0076696236870083,-0.0047533080995879,0.0253110643034352,0.180178278984141,5558,122276,False," ; fenêtre 2003-2024 ; 5558 traitées, 0 jamais traitées sur la fenêtre ; comparaisons sur la fenêtre identifiée (années < 2023, cohorte 2023 recodée contrôle, 60 unités de contrôle) ; cellules −8 et +8 bornées ; did2s en deux étapes implémenté directement (pyfixest.did2s dépasse la mémoire au-delà de 5 000 unités), écarts-types par bootstrap par grappes (50 tirages, grappe = unit)",event,0.0,5558.0,0.0,0.0,2003.0,2024.0,,,,,,,,,,,,
h1,H1,H1,"log(naissances+0,5 / 1 000 f. 15-49)","toutes unités, sans covariables ; fenêtre identifiée ≤ 2022, cohorte 2023 = contrôle",did2s,2,0.0011991009197483,0.0122509049949107,-0.0228122316482986,0.0252104334877952,0.9220287261551532,5558,122276,False," ; fenêtre 2003-2024 ; 5558 traitées, 0 jamais traitées sur la fenêtre ; comparaisons sur la fenêtre identifiée (années < 2023, cohorte 2023 recodée contrôle, 60 unités de contrôle) ; cellules −8 et +8 bornées ; did2s en deux étapes implémenté directement (pyfixest.did2s dépasse la mémoire au-delà de 5 000 unités), écarts-types par bootstrap par grappes (50 tirages, grappe = unit)",event,0.0,5558.0,0.0,0.0,2003.0,2024.0,,,,,,,,,,,,
h1,H1,H1,"log(naissances+0,5 / 1 000 f. 15-49)","toutes unités, sans covariables ; fenêtre identifiée ≤ 2022, cohorte 2023 = contrôle",did2s,3,-0.0147613137989249,0.0177066859189228,-0.0494657804855762,0.0199431528877263,0.4044739410896533,5558,122276,False," ; fenêtre 2003-2024 ; 5558 traitées, 0 jamais traitées sur la fenêtre ; comparaisons sur la fenêtre identifiée (années < 2023, cohorte 2023 recodée contrôle, 60 unités de contrôle) ; cellules −8 et +8 bornées ; did2s en deux étapes implémenté directement (pyfixest.did2s dépasse la mémoire au-delà de 5 000 unités), écarts-types par bootstrap par grappes (50 tirages, grappe = unit)",event,0.0,5558.0,0.0,0.0,2003.0,2024.0,,,,,,,,,,,,
h1,H1,H1,"log(naissances+0,5 / 1 000 f. 15-49)","toutes unités, sans covariables ; fenêtre identifiée ≤ 2022, cohorte 2023 = contrôle",did2s,4,-0.0538132002997063,0.0260867878857662,-0.1049423650281439,-0.0026840355712687,0.039126627152311,5558,122276,False," ; fenêtre 2003-2024 ; 5558 traitées, 0 jamais traitées sur la fenêtre ; comparaisons sur la fenêtre identifiée (années < 2023, cohorte 2023 recodée contrôle, 60 unités de contrôle) ; cellules −8 et +8 bornées ; did2s en deux étapes implémenté directement (pyfixest.did2s dépasse la mémoire au-delà de 5 000 unités), écarts-types par bootstrap par grappes (50 tirages, grappe = unit)",event,0.0,5558.0,0.0,0.0,2003.0,2024.0,,,,,,,,,,,,
h1,H1,H1,"log(naissances+0,5 / 1 000 f. 15-49)","toutes unités, sans covariables ; fenêtre identifiée ≤ 2022, cohorte 2023 = contrôle",did2s,5,-0.1092560372366974,0.0405136302466595,-0.1886612934031227,-0.029850781070272,0.0070015120377871,5558,122276,False," ; fenêtre 2003-2024 ; 5558 traitées, 0 jamais traitées sur la fenêtre ; comparaisons sur la fenêtre identifiée (années < 2023, cohorte 2023 recodée contrôle, 60 unités de contrôle) ; cellules −8 et +8 bornées ; did2s en deux étapes implémenté directement (pyfixest.did2s dépasse la mémoire au-delà de 5 000 unités), écarts-types par bootstrap par grappes (50 tirages, grappe = unit)",event,0.0,5558.0,0.0,0.0,2003.0,2024.0,,,,,,,,,,,,
h1,H1,H1,"log(naissances+0,5 / 1 000 f. 15-49)","toutes unités, sans covariables ; fenêtre identifiée ≤ 2022, cohorte 2023 = contrôle",did2s,6,-0.0941361480736521,0.0366841141162788,-0.1660356905463159,-0.0222366056009882,0.0102840743357001,5558,122276,False," ; fenêtre 2003-2024 ; 5558 traitées, 0 jamais traitées sur la fenêtre ; comparaisons sur la fenêtre identifiée (années < 2023, cohorte 2023 recodée contrôle, 60 unités de contrôle) ; cellules −8 et +8 bornées ; did2s en deux étapes implémenté directement (pyfixest.did2s dépasse la mémoire au-delà de 5 000 unités), écarts-types par bootstrap par grappes (50 tirages, grappe = unit)",event,0.0,5558.0,0.0,0.0,2003.0,2024.0,,,,,,,,,,,,
h1,H1,H1,"log(naissances+0,5 / 1 000 f. 15-49)","toutes unités, sans covariables ; fenêtre identifiée ≤ 2022, cohorte 2023 = contrôle",did2s,7,-0.0997260586709646,0.0407724874184362,-0.1796386655712121,-0.019813451770717,0.0144484861765188,5558,122276,False," ; fenêtre 2003-2024 ; 5558 traitées, 0 jamais traitées sur la fenêtre ; comparaisons sur la fenêtre identifiée (années < 2023, cohorte 2023 recodée contrôle, 60 unités de contrôle) ; cellules −8 et +8 bornées ; did2s en deux étapes implémenté directement (pyfixest.did2s dépasse la mémoire au-delà de 5 000 unités), écarts-types par bootstrap par grappes (50 tirages, grappe = unit)",event,0.0,5558.0,0.0,0.0,2003.0,2024.0,,,,,,,,,,,,
h1,H1,H1,"log(naissances+0,5 / 1 000 f. 15-49)","toutes unités, sans covariables ; fenêtre identifiée ≤ 2022, cohorte 2023 = contrôle",did2s,8,-0.1555477777786743,0.0517734499763217,-0.257021875087651,-0.0540736804696975,0.002661115609332,5558,122276,False," ; fenêtre 2003-2024 ; 5558 traitées, 0 jamais traitées sur la fenêtre ; comparaisons sur la fenêtre identifiée (années < 2023, cohorte 2023 recodée contrôle, 60 unités de contrôle) ; cellules −8 et +8 bornées ; did2s en deux étapes implémenté directement (pyfixest.did2s dépasse la mémoire au-delà de 5 000 unités), écarts-types par bootstrap par grappes (50 tirages, grappe = unit)",event,0.0,5558.0,0.0,0.0,2003.0,2024.0,,,,,,,,,,,,
h1,H1,H1,"log(naissances+0,5 / 1 000 f. 15-49)","toutes unités, sans covariables ; fenêtre identifiée ≤ 2022, cohorte 2023 = contrôle",did2s,"ATT[1,5]",-0.0332705144627313,0.0192454861792015,-0.0709909742389298,0.0044499453134671,0.0838549626705744,5558,122276,False," ; fenêtre 2003-2024 ; 5558 traitées, 0 jamais traitées sur la fenêtre ; comparaisons sur la fenêtre identifiée (années < 2023, cohorte 2023 recodée contrôle, 60 unités de contrôle) ; écart-type avec covariance complète (w'Vw)",post_avg,0.0,5558.0,0.0,0.0,2003.0,2024.0,,,,,,,,,,,,
h1,H1,H1,"log(naissances+0,5 / 1 000 f. 15-49)","toutes unités, sans covariables ; fenêtre identifiée ≤ 2022, cohorte 2023 = contrôle",did2s,Wald pré (-8..−2),69.23743325377345,,,,2.1064402011780205e-12,5558,122276,False,"test de Wald joint, covariance groupée, df = 7 ; fenêtre 2003-2024 ; 5558 traitées, 0 jamais traitées sur la fenêtre",pre_test,0.0,5558.0,0.0,0.0,2003.0,2024.0,,,,,,,,,,,7.0,
h1,H1,H1,"log(naissances+0,5 / 1 000 f. 15-49)","toutes unités, sans covariables ; fenêtre identifiée ≤ 2022, cohorte 2023 = contrôle",twfe,-8,-0.1140356690486248,0.0214344195975265,-0.1560463594892965,-0.0720249786079532,1.0364606569293665e-07,5558,122276,False," ; fenêtre 2003-2024 ; 5558 traitées, 0 jamais traitées sur la fenêtre ; comparaisons sur la fenêtre identifiée (années < 2023, cohorte 2023 recodée contrôle, 60 unités de contrôle) ; cellules −8 et +8 bornées",event,0.0,5558.0,0.0,0.0,2003.0,2024.0,,,,,,,,,,,,
h1,H1,H1,"log(naissances+0,5 / 1 000 f. 15-49)","toutes unités, sans covariables ; fenêtre identifiée ≤ 2022, cohorte 2023 = contrôle",twfe,-7,-0.1057049372128581,0.0168799640065509,-0.1387890587260303,-0.0726208156996859,3.796952324638208e-10,5558,122276,False," ; fenêtre 2003-2024 ; 5558 traitées, 0 jamais traitées sur la fenêtre ; comparaisons sur la fenêtre identifiée (années < 2023, cohorte 2023 recodée contrôle, 60 unités de contrôle) ; cellules −8 et +8 bornées",event,0.0,5558.0,0.0,0.0,2003.0,2024.0,,,,,,,,,,,,
h1,H1,H1,"log(naissances+0,5 / 1 000 f. 15-49)","toutes unités, sans covariables ; fenêtre identifiée ≤ 2022, cohorte 2023 = contrôle",twfe,-6,-0.0926600173571757,0.0144208576062802,-0.1209243788916655,-0.064395655822686,1.3150888143012364e-10,5558,122276,False," ; fenêtre 2003-2024 ; 5558 traitées, 0 jamais traitées sur la fenêtre ; comparaisons sur la fenêtre identifiée (années < 2023, cohorte 2023 recodée contrôle, 60 unités de contrôle) ; cellules −8 et +8 bornées",event,0.0,5558.0,0.0,0.0,2003.0,2024.0,,,,,,,,,,,,
h1,H1,H1,"log(naissances+0,5 / 1 000 f. 15-49)","toutes unités, sans covariables ; fenêtre identifiée ≤ 2022, cohorte 2023 = contrôle",twfe,-5,-0.0801243784526937,0.0118577514447347,-0.1033651442220016,-0.0568836126833858,1.4075104001452782e-11,5558,122276,False," ; fenêtre 2003-2024 ; 5558 traitées, 0 jamais traitées sur la fenêtre ; comparaisons sur la fenêtre identifiée (années < 2023, cohorte 2023 recodée contrôle, 60 unités de contrôle) ; cellules −8 et +8 bornées",event,0.0,5558.0,0.0,0.0,2003.0,2024.0,,,,,,,,,,,,
h1,H1,H1,"log(naissances+0,5 / 1 000 f. 15-49)","toutes unités, sans covariables ; fenêtre identifiée ≤ 2022, cohorte 2023 = contrôle",twfe,-4,-0.0605145821609993,0.0092261783907989,-0.0785975595219069,-0.0424316048000917,5.416672825218492e-11,5558,122276,False," ; fenêtre 2003-2024 ; 5558 traitées, 0 jamais traitées sur la fenêtre ; comparaisons sur la fenêtre identifiée (années < 2023, cohorte 2023 recodée contrôle, 60 unités de contrôle) ; cellules −8 et +8 bornées",event,0.0,5558.0,0.0,0.0,2003.0,2024.0,,,,,,,,,,,,
h1,H1,H1,"log(naissances+0,5 / 1 000 f. 15-49)","toutes unités, sans covariables ; fenêtre identifiée ≤ 2022, cohorte 2023 = contrôle",twfe,-3,-0.0382685100238784,0.0066915329614307,-0.0513836736296453,-0.0251533464181114,1.0718738115001057e-08,5558,122276,False," ; fenêtre 2003-2024 ; 5558 traitées, 0 jamais traitées sur la fenêtre ; comparaisons sur la fenêtre identifiée (années < 2023, cohorte 2023 recodée contrôle, 60 unités de contrôle) ; cellules −8 et +8 bornées",event,0.0,5558.0,0.0,0.0,2003.0,2024.0,,,,,,,,,,,,
h1,H1,H1,"log(naissances+0,5 / 1 000 f. 15-49)","toutes unités, sans covariables ; fenêtre identifiée ≤ 2022, cohorte 2023 = contrôle",twfe,-2,-0.020300144875368,0.0040258848225676,-0.028190734133507,-0.0124095556172291,4.5971514336019123e-07,5558,122276,False," ; fenêtre 2003-2024 ; 5558 traitées, 0 jamais traitées sur la fenêtre ; comparaisons sur la fenêtre identifiée (années < 2023, cohorte 2023 recodée contrôle, 60 unités de contrôle) ; cellules −8 et +8 bornées",event,0.0,5558.0,0.0,0.0,2003.0,2024.0,,,,,,,,,,,,
h1,H1,H1,"log(naissances+0,5 / 1 000 f. 15-49)","toutes unités, sans covariables ; fenêtre identifiée ≤ 2022, cohorte 2023 = contrôle",twfe,0,0.0150921861088196,0.0038839675042345,0.007479749683396,0.0227046225342431,0.0001020080280336,5558,122276,False," ; fenêtre 2003-2024 ; 5558 traitées, 0 jamais traitées sur la fenêtre ; comparaisons sur la fenêtre identifiée (années < 2023, cohorte 2023 recodée contrôle, 60 unités de contrôle) ; cellules −8 et +8 bornées",event,0.0,5558.0,0.0,0.0,2003.0,2024.0,,,,,,,,,,,,
h1,H1,H1,"log(naissances+0,5 / 1 000 f. 15-49)","toutes unités, sans covariables ; fenêtre identifiée ≤ 2022, cohorte 2023 = contrôle",twfe,1,0.0263020148048937,0.0064062937545976,0.0137459097714984,0.038858119838289,4.031755107445736e-05,5558,122276,False," ; fenêtre 2003-2024 ; 5558 traitées, 0 jamais traitées sur la fenêtre ; comparaisons sur la fenêtre identifiée (années < 2023, cohorte 2023 recodée contrôle, 60 unités de contrôle) ; cellules −8 et +8 bornées",event,0.0,5558.0,0.0,0.0,2003.0,2024.0,,,,,,,,,,,,
h1,H1,H1,"log(naissances+0,5 / 1 000 f. 15-49)","toutes unités, sans covariables ; fenêtre identifiée ≤ 2022, cohorte 2023 = contrôle",twfe,2,0.0328404908477908,0.0091462878244306,0.0149140961196696,0.0507668855759119,0.0003299411796038,5558,122276,False," ; fenêtre 2003-2024 ; 5558 traitées, 0 jamais traitées sur la fenêtre ; comparaisons sur la fenêtre identifiée (années < 2023, cohorte 2023 recodée contrôle, 60 unités de contrôle) ; cellules −8 et +8 bornées",event,0.0,5558.0,0.0,0.0,2003.0,2024.0,,,,,,,,,,,,
h1,H1,H1,"log(naissances+0,5 / 1 000 f. 15-49)","toutes unités, sans covariables ; fenêtre identifiée ≤ 2022, cohorte 2023 = contrôle",twfe,3,0.0441478472867968,0.011917684662731,0.0207896145687386,0.067506080004855,0.0002118933435348,5558,122276,False," ; fenêtre 2003-2024 ; 5558 traitées, 0 jamais traitées sur la fenêtre ; comparaisons sur la fenêtre identifiée (années < 2023, cohorte 2023 recodée contrôle, 60 unités de contrôle) ; cellules −8 et +8 bornées",event,0.0,5558.0,0.0,0.0,2003.0,2024.0,,,,,,,,,,,,
h1,H1,H1,"log(naissances+0,5 / 1 000 f. 15-49)","toutes unités, sans covariables ; fenêtre identifiée ≤ 2022, cohorte 2023 = contrôle",twfe,4,0.0373413285514687,0.0147555225947056,0.0084210356927786,0.0662616214101587,0.0113845557265128,5558,122276,False," ; fenêtre 2003-2024 ; 5558 traitées, 0 jamais traitées sur la fenêtre ; comparaisons sur la fenêtre identifiée (années < 2023, cohorte 2023 recodée contrôle, 60 unités de contrôle) ; cellules −8 et +8 bornées",event,0.0,5558.0,0.0,0.0,2003.0,2024.0,,,,,,,,,,,,
h1,H1,H1,"log(naissances+0,5 / 1 000 f. 15-49)","toutes unités, sans covariables ; fenêtre identifiée ≤ 2022, cohorte 2023 = contrôle",twfe,5,0.0348165764693252,0.017262924571567,0.0009818660412222,0.0686512868974281,0.0437120941715777,5558,122276,False," ; fenêtre 2003-2024 ; 5558 traitées, 0 jamais traitées sur la fenêtre ; comparaisons sur la fenêtre identifiée (années < 2023, cohorte 2023 recodée contrôle, 60 unités de contrôle) ; cellules −8 et +8 bornées",event,0.0,5558.0,0.0,0.0,2003.0,2024.0,,,,,,,,,,,,
h1,H1,H1,"log(naissances+0,5 / 1 000 f. 15-49)","toutes unités, sans covariables ; fenêtre identifiée ≤ 2022, cohorte 2023 = contrôle",twfe,6,0.0384267134028913,0.0194625329568873,0.0002808497594682,0.0765725770463144,0.0483369299426932,5558,122276,False," ; fenêtre 2003-2024 ; 5558 traitées, 0 jamais traitées sur la fenêtre ; comparaisons sur la fenêtre identifiée (années < 2023, cohorte 2023 recodée contrôle, 60 unités de contrôle) ; cellules −8 et +8 bornées",event,0.0,5558.0,0.0,0.0,2003.0,2024.0,,,,,,,,,,,,
h1,H1,H1,"log(naissances+0,5 / 1 000 f. 15-49)","toutes unités, sans covariables ; fenêtre identifiée ≤ 2022, cohorte 2023 = contrôle",twfe,7,0.0418269353976998,0.0220884129518649,-0.0014655584636034,0.0851194292590031,0.0582762193980502,5558,122276,False," ; fenêtre 2003-2024 ; 5558 traitées, 0 jamais traitées sur la fenêtre ; comparaisons sur la fenêtre identifiée (années < 2023, cohorte 2023 recodée contrôle, 60 unités de contrôle) ; cellules −8 et +8 bornées",event,0.0,5558.0,0.0,0.0,2003.0,2024.0,,,,,,,,,,,,
h1,H1,H1,"log(naissances+0,5 / 1 000 f. 15-49)","toutes unités, sans covariables ; fenêtre identifiée ≤ 2022, cohorte 2023 = contrôle",twfe,8,0.0212983533830608,0.024291806714461,-0.0263127128966909,0.0689094196628127,0.3806109952157674,5558,122276,False," ; fenêtre 2003-2024 ; 5558 traitées, 0 jamais traitées sur la fenêtre ; comparaisons sur la fenêtre identifiée (années < 2023, cohorte 2023 recodée contrôle, 60 unités de contrôle) ; cellules −8 et +8 bornées",event,0.0,5558.0,0.0,0.0,2003.0,2024.0,,,,,,,,,,,,
h1,H1,H1,"log(naissances+0,5 / 1 000 f. 15-49)","toutes unités, sans covariables ; fenêtre identifiée ≤ 2022, cohorte 2023 = contrôle",twfe,"ATT[1,5]",0.035089651592055,0.0116341604619766,0.0122871160962209,0.0578921870878891,0.0025605894652753,5558,122276,False," ; fenêtre 2003-2024 ; 5558 traitées, 0 jamais traitées sur la fenêtre ; comparaisons sur la fenêtre identifiée (années < 2023, cohorte 2023 recodée contrôle, 60 unités de contrôle) ; écart-type avec covariance complète (w'Vw)",post_avg,0.0,5558.0,0.0,0.0,2003.0,2024.0,,,,,,,,,,,,
h1,H1,H1,"log(naissances+0,5 / 1 000 f. 15-49)","toutes unités, sans covariables ; fenêtre identifiée ≤ 2022, cohorte 2023 = contrôle",twfe,Wald pré (-8..−2),60.7106887204082,,,,1.0886299469180144e-10,5558,122276,False,"test de Wald joint, covariance groupée, df = 7 ; fenêtre 2003-2024 ; 5558 traitées, 0 jamais traitées sur la fenêtre",pre_test,0.0,5558.0,0.0,0.0,2003.0,2024.0,,,,,,,,,,,7.0,
h1,H1,H1,"log(naissances+0,5 / 1 000 f. 15-49)","toutes unités, sans covariables ; fenêtre identifiée ≤ 2022, cohorte 2023 = contrôle",twfe,ATT,0.030190591338805,0.0054882876132298,0.0194337452800772,0.0409474373975328,3.77830144169584e-08,5558,122276,False," ; fenêtre 2003-2024 ; 5558 traitées, 0 jamais traitées sur la fenêtre ; comparaisons sur la fenêtre identifiée (années < 2023, cohorte 2023 recodée contrôle, 60 unités de contrôle)",static,0.0,5558.0,0.0,0.0,2003.0,2024.0,,,,,,,,,,,,
h1,H1,H1,"log(naissances+0,5 / 1 000 f. 15-49)","toutes unités, sans covariables ; fenêtre complète",twfe,ATT,0.0320728934918342,0.0051072270629086,0.022062912387665,0.0420828745960034,3.3878307820670507e-10,5558,122276,True," ; fenêtre 2003-2024 ; 5558 traitées, 0 jamais traitées sur la fenêtre ; TWFE sur toutes les années (identification par le calendrier des bascules seulement)",static,0.0,5558.0,0.0,0.0,2003.0,2024.0,,,,,,,,,,,,
h1,H1,H1,"log(naissances+0,5 / 1 000 f. 15-49)","toutes unités, sans covariables ; fenêtre identifiée ≤ 2022, cohorte 2023 = contrôle",twfe_poisson,ATT (log du taux contrefactuel),0.077894684965745,0.0043463525315881,0.0693759905397177,0.0864133793917723,7.963297266567378e-72,5558,122276,False," ; fenêtre 2003-2024 ; 5558 traitées, 0 jamais traitées sur la fenêtre ; comparaisons sur la fenêtre identifiée (années < 2023, cohorte 2023 recodée contrôle, 60 unités de contrôle) ; Poisson à effets fixes, offset = log(women)",static,0.0,5558.0,0.0,0.0,2003.0,2024.0,,,,,,,,,,,,
h1,H1,H1,"log(naissances+0,5 / 1 000 f. 15-49)","toutes unités, sans covariables ; fenêtre identifiée ≤ 2022, cohorte 2023 = contrôle",twfe_poisson,ATT en % du taux contrefactuel,8.100880619554541,0.4698445361477111,7.183913469823966,9.02569249827907,7.963297266567378e-72,5558,122276,False," ; fenêtre 2003-2024 ; 5558 traitées, 0 jamais traitées sur la fenêtre ; comparaisons sur la fenêtre identifiée (années < 2023, cohorte 2023 recodée contrôle, 60 unités de contrôle) ; Poisson à effets fixes, offset = log(women)",static,0.0,5558.0,0.0,0.0,2003.0,2024.0,,,,,,,,,,,,
h1,H1,H1,"log(naissances+0,5 / 1 000 f. 15-49)","covariables, contrôle = jamais traités",cs,non estimable,,,,,,0,0,False,aucune unité jamais traitée sur la fenêtre : contrôle = pas encore traités seulement,note,,,,,,,,,,,,,,,,,,
h1,H1,H1,naissances / 1 000 f. 15-49 (taux brut),unités avec covariables,cs,-8,-4.897663963169122,2.4582030359708007,-9.71565338035891,-0.0796745459793335,0.0463298528907686,5558,122276,False," ; covariables : log_pop, share_women_1549, level_pre, pretrend_pre (doublement robuste) ; contrôle = not_yet_treated ; fenêtre 2003-2024 ; 5558 traitées, 0 jamais traitées sur la fenêtre ; ATT(g,t) identifiés jusqu'en 2022 (sans unité jamais traitée, la dernière cohorte sert de contrôle)",event,0.0,5558.0,0.0,0.0,2003.0,2024.0,2003.0,2022.0,5558.0,5.0,dr,9.0,5498.0,,,,,
h1,H1,H1,naissances / 1 000 f. 15-49 (taux brut),unités avec covariables,cs,-7,-1.8422149701646096,0.8787218991182897,-3.5644782448630963,-0.1199516954661232,0.0360404306982248,5558,122276,False," ; covariables : log_pop, share_women_1549, level_pre, pretrend_pre (doublement robuste) ; contrôle = not_yet_treated ; fenêtre 2003-2024 ; 5558 traitées, 0 jamais traitées sur la fenêtre ; ATT(g,t) identifiés jusqu'en 2022 (sans unité jamais traitée, la dernière cohorte sert de contrôle)",event,0.0,5558.0,0.0,0.0,2003.0,2024.0,2003.0,2022.0,5558.0,5.0,dr,9.0,5498.0,,,,,
h1,H1,H1,naissances / 1 000 f. 15-49 (taux brut),unités avec covariables,cs,-6,-0.7173331803074281,0.420186069412732,-1.5408827431618302,0.1062163825469739,0.0877886337842747,5558,122276,False," ; covariables : log_pop, share_women_1549, level_pre, pretrend_pre (doublement robuste) ; contrôle = not_yet_treated ; fenêtre 2003-2024 ; 5558 traitées, 0 jamais traitées sur la fenêtre ; ATT(g,t) identifiés jusqu'en 2022 (sans unité jamais traitée, la dernière cohorte sert de contrôle)",event,0.0,5558.0,0.0,0.0,2003.0,2024.0,2003.0,2022.0,5558.0,5.0,dr,9.0,5498.0,,,,,
h1,H1,H1,naissances / 1 000 f. 15-49 (taux brut),unités avec covariables,cs,-5,-0.8714793298786409,0.4863614830739318,-1.8247303201710343,0.0817716604137526,0.073159465789354,5558,122276,False," ; covariables : log_pop, share_women_1549, level_pre, pretrend_pre (doublement robuste) ; contrôle = not_yet_treated ; fenêtre 2003-2024 ; 5558 traitées, 0 jamais traitées sur la fenêtre ; ATT(g,t) identifiés jusqu'en 2022 (sans unité jamais traitée, la dernière cohorte sert de contrôle)",event,0.0,5558.0,0.0,0.0,2003.0,2024.0,2003.0,2022.0,5558.0,5.0,dr,9.0,5498.0,,,,,
h1,H1,H1,naissances / 1 000 f. 15-49 (taux brut),unités avec covariables,cs,-4,-0.5613057538588124,0.691662824972681,-1.9169399802504985,0.7943284725328734,0.4170608561218664,5558,122276,False," ; covariables : log_pop, share_women_1549, level_pre, pretrend_pre (doublement robuste) ; contrôle = not_yet_treated ; fenêtre 2003-2024 ; 5558 traitées, 0 jamais traitées sur la fenêtre ; ATT(g,t) identifiés jusqu'en 2022 (sans unité jamais traitée, la dernière cohorte sert de contrôle)",event,0.0,5558.0,0.0,0.0,2003.0,2024.0,2003.0,2022.0,5558.0,5.0,dr,9.0,5498.0,,,,,
h1,H1,H1,naissances / 1 000 f. 15-49 (taux brut),unités avec covariables,cs,-3,-1.6029028955927145,1.336748837788906,-4.222882474034745,1.017076682849316,0.2304869222512657,5558,122276,False," ; covariables : log_pop, share_women_1549, level_pre, pretrend_pre (doublement robuste) ; contrôle = not_yet_treated ; fenêtre 2003-2024 ; 5558 traitées, 0 jamais traitées sur la fenêtre ; ATT(g,t) identifiés jusqu'en 2022 (sans unité jamais traitée, la dernière cohorte sert de contrôle)",event,0.0,5558.0,0.0,0.0,2003.0,2024.0,2003.0,2022.0,5558.0,5.0,dr,9.0,5498.0,,,,,
h1,H1,H1,naissances / 1 000 f. 15-49 (taux brut),unités avec covariables,cs,-2,-1.065319936760447,0.8143414153919011,-2.661399782047945,0.5307599085270509,0.1908061078808454,5558,122276,False," ; covariables : log_pop, share_women_1549, level_pre, pretrend_pre (doublement robuste) ; contrôle = not_yet_treated ; fenêtre 2003-2024 ; 5558 traitées, 0 jamais traitées sur la fenêtre ; ATT(g,t) identifiés jusqu'en 2022 (sans unité jamais traitée, la dernière cohorte sert de contrôle)",event,0.0,5558.0,0.0,0.0,2003.0,2024.0,2003.0,2022.0,5558.0,5.0,dr,9.0,5498.0,,,,,
h1,H1,H1,naissances / 1 000 f. 15-49 (taux brut),unités avec covariables,cs,0,0.1776983296476463,0.4364008115668459,-0.6776315438474224,1.033028203142715,0.6838679690830718,5558,122276,False," ; covariables : log_pop, share_women_1549, level_pre, pretrend_pre (doublement robuste) ; contrôle = not_yet_treated ; fenêtre 2003-2024 ; 5558 traitées, 0 jamais traitées sur la fenêtre ; ATT(g,t) identifiés jusqu'en 2022 (sans unité jamais traitée, la dernière cohorte sert de contrôle)",event,0.0,5558.0,0.0,0.0,2003.0,2024.0,2003.0,2022.0,5558.0,5.0,dr,9.0,5498.0,,,,,
h1,H1,H1,naissances / 1 000 f. 15-49 (taux brut),unités avec covariables,cs,1,1.2346083944847646,1.6320043541685594,-1.9640613622981624,4.433278151267691,0.4493505371919096,5558,122276,False," ; covariables : log_pop, share_women_1549, level_pre, pretrend_pre (doublement robuste) ; contrôle = not_yet_treated ; fenêtre 2003-2024 ; 5558 traitées, 0 jamais traitées sur la fenêtre ; ATT(g,t) identifiés jusqu'en 2022 (sans unité jamais traitée, la dernière cohorte sert de contrôle)",event,0.0,5558.0,0.0,0.0,2003.0,2024.0,2003.0,2022.0,5558.0,5.0,dr,8.0,5438.0,,,,,
h1,H1,H1,naissances / 1 000 f. 15-49 (taux brut),unités avec covariables,cs,2,2.4963973448563754,1.6364915493943222,-0.7110671529606472,5.703861842673398,0.127145172952609,5558,122276,False," ; covariables : log_pop, share_women_1549, level_pre, pretrend_pre (doublement robuste) ; contrôle = not_yet_treated ; fenêtre 2003-2024 ; 5558 traitées, 0 jamais traitées sur la fenêtre ; ATT(g,t) identifiés jusqu'en 2022 (sans unité jamais traitée, la dernière cohorte sert de contrôle)",event,0.0,5558.0,0.0,0.0,2003.0,2024.0,2003.0,2022.0,5558.0,5.0,dr,7.0,5268.0,,,,,
h1,H1,H1,naissances / 1 000 f. 15-49 (taux brut),unités avec covariables,cs,3,0.3899205291389309,1.3378477958855943,-2.2322129675931275,3.0120540258709894,0.7707044415502835,5558,122276,False," ; covariables : log_pop, share_women_1549, level_pre, pretrend_pre (doublement robuste) ; contrôle = not_yet_treated ; fenêtre 2003-2024 ; 5558 traitées, 0 jamais traitées sur la fenêtre ; ATT(g,t) identifiés jusqu'en 2022 (sans unité jamais traitée, la dernière cohorte sert de contrôle)",event,0.0,5558.0,0.0,0.0,2003.0,2024.0,2003.0,2022.0,5558.0,5.0,dr,6.0,4844.0,,,,,
h1,H1,H1,naissances / 1 000 f. 15-49 (taux brut),unités avec covariables,cs,4,-3.4076481385213127,1.1216080910554276,-5.605959601758672,-1.2093366752839532,0.0023801112800263,5558,122276,False," ; covariables : log_pop, share_women_1549, level_pre, pretrend_pre (doublement robuste) ; contrôle = not_yet_treated ; fenêtre 2003-2024 ; 5558 traitées, 0 jamais traitées sur la fenêtre ; ATT(g,t) identifiés jusqu'en 2022 (sans unité jamais traitée, la dernière cohorte sert de contrôle)",event,0.0,5558.0,0.0,0.0,2003.0,2024.0,2003.0,2022.0,5558.0,5.0,dr,5.0,4445.0,,,,,
h1,H1,H1,naissances / 1 000 f. 15-49 (taux brut),unités avec covariables,cs,5,-7.314074335643994,2.714737550614806,-12.634862162327495,-1.993286508960492,0.0070555595582827,5558,122276,False," ; covariables : log_pop, share_women_1549, level_pre, pretrend_pre (doublement robuste) ; contrôle = not_yet_treated ; fenêtre 2003-2024 ; 5558 traitées, 0 jamais traitées sur la fenêtre ; ATT(g,t) identifiés jusqu'en 2022 (sans unité jamais traitée, la dernière cohorte sert de contrôle)",event,0.0,5558.0,0.0,0.0,2003.0,2024.0,2003.0,2022.0,5558.0,5.0,dr,4.0,3767.0,,,,,
h1,H1,H1,naissances / 1 000 f. 15-49 (taux brut),unités avec covariables,cs,6,-10.209854013865453,4.168804077686822,-18.38055986473534,-2.039148162995565,0.0143210252371163,5558,122276,False," ; covariables : log_pop, share_women_1549, level_pre, pretrend_pre (doublement robuste) ; contrôle = not_yet_treated ; fenêtre 2003-2024 ; 5558 traitées, 0 jamais traitées sur la fenêtre ; ATT(g,t) identifiés jusqu'en 2022 (sans unité jamais traitée, la dernière cohorte sert de contrôle)",event,0.0,5558.0,0.0,0.0,2003.0,2024.0,2003.0,2022.0,5558.0,5.0,dr,3.0,1032.0,,,,,
h1,H1,H1,naissances / 1 000 f. 15-49 (taux brut),unités avec covariables,cs,7,-11.125957077167472,4.815361442131609,-20.563892076288283,-1.6880220780466626,0.0208597482370757,5558,122276,False," ; covariables : log_pop, share_women_1549, level_pre, pretrend_pre (doublement robuste) ; contrôle = not_yet_treated ; fenêtre 2003-2024 ; 5558 traitées, 0 jamais traitées sur la fenêtre ; ATT(g,t) identifiés jusqu'en 2022 (sans unité jamais traitée, la dernière cohorte sert de contrôle)",event,0.0,5558.0,0.0,0.0,2003.0,2024.0,2003.0,2022.0,5558.0,5.0,dr,2.0,481.0,,,,,
h1,H1,H1,naissances / 1 000 f. 15-49 (taux brut),unités avec covariables,cs,8,-20.75528773984119,10.443335226660311,-41.22384866257384,-0.2867268171085371,0.0468759320689767,5558,122276,False," ; covariables : log_pop, share_women_1549, level_pre, pretrend_pre (doublement robuste) ; contrôle = not_yet_treated ; fenêtre 2003-2024 ; 5558 traitées, 0 jamais traitées sur la fenêtre ; ATT(g,t) identifiés jusqu'en 2022 (sans unité jamais traitée, la dernière cohorte sert de contrôle)",event,0.0,5558.0,0.0,0.0,2003.0,2024.0,2003.0,2022.0,5558.0,5.0,dr,1.0,187.0,,,,,
h1,H1,H1,naissances / 1 000 f. 15-49 (taux brut),unités avec covariables,cs,"ATT[1,5]",-1.3201592411370473,1.15312206618989,-3.5802369606476443,0.9399184783735496,0.2522686246024677,5558,122276,False," ; covariables : log_pop, share_women_1549, level_pre, pretrend_pre (doublement robuste) ; contrôle = not_yet_treated ; fenêtre 2003-2024 ; 5558 traitées, 0 jamais traitées sur la fenêtre ; ATT(g,t) identifiés jusqu'en 2022 (sans unité jamais traitée, la dernière cohorte sert de contrôle) ; écart-type avec covariance complète des coefficients (fonctions d'influence)",post_avg,0.0,5558.0,0.0,0.0,2003.0,2024.0,2003.0,2022.0,5558.0,5.0,dr,,,,,5.0,,
h1,H1,H1,naissances / 1 000 f. 15-49 (taux brut),unités avec covariables,cs,ATT,-1.2835247215895318,1.0256892311735912,-3.293838674020348,0.7267892308412847,0.2107966771017765,5558,122276,False," ; covariables : log_pop, share_women_1549, level_pre, pretrend_pre (doublement robuste) ; contrôle = not_yet_treated ; fenêtre 2003-2024 ; 5558 traitées, 0 jamais traitées sur la fenêtre ; ATT(g,t) identifiés jusqu'en 2022 (sans unité jamais traitée, la dernière cohorte sert de contrôle) ; moyenne de tous les ATT(g,t) post",simple,0.0,5558.0,0.0,0.0,2003.0,2024.0,2003.0,2022.0,5558.0,5.0,dr,,,,,,,
h1,H1,H1,naissances / 1 000 f. 15-49 (taux brut),unités avec covariables,cs,Wald pré (-8..-2),18.05388545933413,,,,0.0117292330195355,5558,122276,False,"H5c : test de Wald joint de nullité des coefficients pré avec covariance des fonctions d'influence, df = 7 ; fenêtre 2003-2024 ; 5558 traitées, 0 jamais traitées sur la fenêtre",pre_test,0.0,5558.0,0.0,0.0,2003.0,2024.0,2003.0,2022.0,5558.0,5.0,dr,,,,,,7.0,
h1,H1,H1,asinh(taux),unités avec covariables,cs,-8,0.0363336321280122,0.02247969154161,-0.007725753677113,0.0803930179331376,0.1060322865282408,5558,122276,False," ; covariables : log_pop, share_women_1549, level_pre, pretrend_pre (doublement robuste) ; contrôle = not_yet_treated ; fenêtre 2003-2024 ; 5558 traitées, 0 jamais traitées sur la fenêtre ; ATT(g,t) identifiés jusqu'en 2022 (sans unité jamais traitée, la dernière cohorte sert de contrôle)",event,0.0,5558.0,0.0,0.0,2003.0,2024.0,2003.0,2022.0,5558.0,5.0,dr,9.0,5498.0,,,,,
h1,H1,H1,asinh(taux),unités avec covariables,cs,-7,0.0997475789746028,0.0658460003235388,-0.0293082101855461,0.2288033681347517,0.1298074506467081,5558,122276,False," ; covariables : log_pop, share_women_1549, level_pre, pretrend_pre (doublement robuste) ; contrôle = not_yet_treated ; fenêtre 2003-2024 ; 5558 traitées, 0 jamais traitées sur la fenêtre ; ATT(g,t) identifiés jusqu'en 2022 (sans unité jamais traitée, la dernière cohorte sert de contrôle)",event,0.0,5558.0,0.0,0.0,2003.0,2024.0,2003.0,2022.0,5558.0,5.0,dr,9.0,5498.0,,,,,
h1,H1,H1,asinh(taux),unités avec covariables,cs,-6,0.0597464619324747,0.0351485140260924,-0.0091433596687672,0.1286362835337168,0.0891631030921812,5558,122276,False," ; covariables : log_pop, share_women_1549, level_pre, pretrend_pre (doublement robuste) ; contrôle = not_yet_treated ; fenêtre 2003-2024 ; 5558 traitées, 0 jamais traitées sur la fenêtre ; ATT(g,t) identifiés jusqu'en 2022 (sans unité jamais traitée, la dernière cohorte sert de contrôle)",event,0.0,5558.0,0.0,0.0,2003.0,2024.0,2003.0,2022.0,5558.0,5.0,dr,9.0,5498.0,,,,,
h1,H1,H1,asinh(taux),unités avec covariables,cs,-5,0.0290009051746715,0.0214732394166813,-0.0130858707134298,0.0710876810627729,0.176836317728615,5558,122276,False," ; covariables : log_pop, share_women_1549, level_pre, pretrend_pre (doublement robuste) ; contrôle = not_yet_treated ; fenêtre 2003-2024 ; 5558 traitées, 0 jamais traitées sur la fenêtre ; ATT(g,t) identifiés jusqu'en 2022 (sans unité jamais traitée, la dernière cohorte sert de contrôle)",event,0.0,5558.0,0.0,0.0,2003.0,2024.0,2003.0,2022.0,5558.0,5.0,dr,9.0,5498.0,,,,,
h1,H1,H1,asinh(taux),unités avec covariables,cs,-4,0.0425292533984363,0.0281777369847442,-0.0126980962575047,0.0977566030543773,0.1312167413375974,5558,122276,False," ; covariables : log_pop, share_women_1549, level_pre, pretrend_pre (doublement robuste) ; contrôle = not_yet_treated ; fenêtre 2003-2024 ; 5558 traitées, 0 jamais traitées sur la fenêtre ; ATT(g,t) identifiés jusqu'en 2022 (sans unité jamais traitée, la dernière cohorte sert de contrôle)",event,0.0,5558.0,0.0,0.0,2003.0,2024.0,2003.0,2022.0,5558.0,5.0,dr,9.0,5498.0,,,,,
h1,H1,H1,asinh(taux),unités avec covariables,cs,-3,-0.0138972878965658,0.0171450866937916,-0.0475010403282144,0.0197064645350827,0.4176128191976563,5558,122276,False," ; covariables : log_pop, share_women_1549, level_pre, pretrend_pre (doublement robuste) ; contrôle = not_yet_treated ; fenêtre 2003-2024 ; 5558 traitées, 0 jamais traitées sur la fenêtre ; ATT(g,t) identifiés jusqu'en 2022 (sans unité jamais traitée, la dernière cohorte sert de contrôle)",event,0.0,5558.0,0.0,0.0,2003.0,2024.0,2003.0,2022.0,5558.0,5.0,dr,9.0,5498.0,,,,,
h1,H1,H1,asinh(taux),unités avec covariables,cs,-2,-0.0106815972980491,0.011765379853371,-0.0337413180750895,0.0123781234789912,0.3639396386882033,5558,122276,False," ; covariables : log_pop, share_women_1549, level_pre, pretrend_pre (doublement robuste) ; contrôle = not_yet_treated ; fenêtre 2003-2024 ; 5558 traitées, 0 jamais traitées sur la fenêtre ; ATT(g,t) identifiés jusqu'en 2022 (sans unité jamais traitée, la dernière cohorte sert de contrôle)",event,0.0,5558.0,0.0,0.0,2003.0,2024.0,2003.0,2022.0,5558.0,5.0,dr,9.0,5498.0,,,,,
h1,H1,H1,asinh(taux),unités avec covariables,cs,0,0.0041641600094261,0.0066521332659727,-0.0088737816122413,0.0172021016310935,0.531322377407017,5558,122276,False," ; covariables : log_pop, share_women_1549, level_pre, pretrend_pre (doublement robuste) ; contrôle = not_yet_treated ; fenêtre 2003-2024 ; 5558 traitées, 0 jamais traitées sur la fenêtre ; ATT(g,t) identifiés jusqu'en 2022 (sans unité jamais traitée, la dernière cohorte sert de contrôle)",event,0.0,5558.0,0.0,0.0,2003.0,2024.0,2003.0,2022.0,5558.0,5.0,dr,9.0,5498.0,,,,,
h1,H1,H1,asinh(taux),unités avec covariables,cs,1,0.0219029821577237,0.0271823074880421,-0.0313733615355322,0.0751793258509797,0.420369236108244,5558,122276,False," ; covariables : log_pop, share_women_1549, level_pre, pretrend_pre (doublement robuste) ; contrôle = not_yet_treated ; fenêtre 2003-2024 ; 5558 traitées, 0 jamais traitées sur la fenêtre ; ATT(g,t) identifiés jusqu'en 2022 (sans unité jamais traitée, la dernière cohorte sert de contrôle)",event,0.0,5558.0,0.0,0.0,2003.0,2024.0,2003.0,2022.0,5558.0,5.0,dr,8.0,5438.0,,,,,
h1,H1,H1,asinh(taux),unités avec covariables,cs,2,0.0310732639962286,0.0264585883582546,-0.0207846162677212,0.0829311442601785,0.2402303387300034,5558,122276,False," ; covariables : log_pop, share_women_1549, level_pre, pretrend_pre (doublement robuste) ; contrôle = not_yet_treated ; fenêtre 2003-2024 ; 5558 traitées, 0 jamais traitées sur la fenêtre ; ATT(g,t) identifiés jusqu'en 2022 (sans unité jamais traitée, la dernière cohorte sert de contrôle)",event,0.0,5558.0,0.0,0.0,2003.0,2024.0,2003.0,2022.0,5558.0,5.0,dr,7.0,5268.0,,,,,
h1,H1,H1,asinh(taux),unités avec covariables,cs,3,-0.011828791076577,0.0197937670631343,-0.0506238616386955,0.0269662794855414,0.5501056544421804,5558,122276,False," ; covariables : log_pop, share_women_1549, level_pre, pretrend_pre (doublement robuste) ; contrôle = not_yet_treated ; fenêtre 2003-2024 ; 5558 traitées, 0 jamais traitées sur la fenêtre ; ATT(g,t) identifiés jusqu'en 2022 (sans unité jamais traitée, la dernière cohorte sert de contrôle)",event,0.0,5558.0,0.0,0.0,2003.0,2024.0,2003.0,2022.0,5558.0,5.0,dr,6.0,4844.0,,,,,
h1,H1,H1,asinh(taux),unités avec covariables,cs,4,-0.0746643714810957,0.0218203717277745,-0.1174315141968099,-0.0318972287653814,0.0006221409943232,5558,122276,False," ; covariables : log_pop, share_women_1549, level_pre, pretrend_pre (doublement robuste) ; contrôle = not_yet_treated ; fenêtre 2003-2024 ; 5558 traitées, 0 jamais traitées sur la fenêtre ; ATT(g,t) identifiés jusqu'en 2022 (sans unité jamais traitée, la dernière cohorte sert de contrôle)",event,0.0,5558.0,0.0,0.0,2003.0,2024.0,2003.0,2022.0,5558.0,5.0,dr,5.0,4445.0,,,,,
h1,H1,H1,asinh(taux),unités avec covariables,cs,5,-0.1480679239418435,0.0484515863069651,-0.2430312880973293,-0.0531045597863577,0.0022431316766778,5558,122276,False," ; covariables : log_pop, share_women_1549, level_pre, pretrend_pre (doublement robuste) ; contrôle = not_yet_treated ; fenêtre 2003-2024 ; 5558 traitées, 0 jamais traitées sur la fenêtre ; ATT(g,t) identifiés jusqu'en 2022 (sans unité jamais traitée, la dernière cohorte sert de contrôle)",event,0.0,5558.0,0.0,0.0,2003.0,2024.0,2003.0,2022.0,5558.0,5.0,dr,4.0,3767.0,,,,,
h1,H1,H1,asinh(taux),unités avec covariables,cs,6,-0.245215457287928,0.0937211838764898,-0.4289056022743042,-0.0615253123015519,0.0088853081134562,5558,122276,False," ; covariables : log_pop, share_women_1549, level_pre, pretrend_pre (doublement robuste) ; contrôle = not_yet_treated ; fenêtre 2003-2024 ; 5558 traitées, 0 jamais traitées sur la fenêtre ; ATT(g,t) identifiés jusqu'en 2022 (sans unité jamais traitée, la dernière cohorte sert de contrôle)",event,0.0,5558.0,0.0,0.0,2003.0,2024.0,2003.0,2022.0,5558.0,5.0,dr,3.0,1032.0,,,,,
h1,H1,H1,asinh(taux),unités avec covariables,cs,7,-0.2949156785236534,0.1202596070785014,-0.5306201771924544,-0.0592111798548524,0.0141936277464292,5558,122276,False," ; covariables : log_pop, share_women_1549, level_pre, pretrend_pre (doublement robuste) ; contrôle = not_yet_treated ; fenêtre 2003-2024 ; 5558 traitées, 0 jamais traitées sur la fenêtre ; ATT(g,t) identifiés jusqu'en 2022 (sans unité jamais traitée, la dernière cohorte sert de contrôle)",event,0.0,5558.0,0.0,0.0,2003.0,2024.0,2003.0,2022.0,5558.0,5.0,dr,2.0,481.0,,,,,
h1,H1,H1,asinh(taux),unités avec covariables,cs,8,-0.5149692305970165,0.2259277891145983,-0.9577795603683898,-0.0721589008256431,0.0226460775480717,5558,122276,False," ; covariables : log_pop, share_women_1549, level_pre, pretrend_pre (doublement robuste) ; contrôle = not_yet_treated ; fenêtre 2003-2024 ; 5558 traitées, 0 jamais traitées sur la fenêtre ; ATT(g,t) identifiés jusqu'en 2022 (sans unité jamais traitée, la dernière cohorte sert de contrôle)",event,0.0,5558.0,0.0,0.0,2003.0,2024.0,2003.0,2022.0,5558.0,5.0,dr,1.0,187.0,,,,,
h1,H1,H1,asinh(taux),unités avec covariables,cs,"ATT[1,5]",-0.0363169680691127,0.0194630305937574,-0.0744638070628785,0.0018298709246529,0.0620488922676852,5558,122276,False," ; covariables : log_pop, share_women_1549, level_pre, pretrend_pre (doublement robuste) ; contrôle = not_yet_treated ; fenêtre 2003-2024 ; 5558 traitées, 0 jamais traitées sur la fenêtre ; ATT(g,t) identifiés jusqu'en 2022 (sans unité jamais traitée, la dernière cohorte sert de contrôle) ; écart-type avec covariance complète des coefficients (fonctions d'influence)",post_avg,0.0,5558.0,0.0,0.0,2003.0,2024.0,2003.0,2022.0,5558.0,5.0,dr,,,,,5.0,,
h1,H1,H1,asinh(taux),unités avec covariables,cs,ATT,-0.0365785781870909,0.017544464783396,-0.0709650972905785,-0.0021920590836034,0.0370777392769807,5558,122276,False," ; covariables : log_pop, share_women_1549, level_pre, pretrend_pre (doublement robuste) ; contrôle = not_yet_treated ; fenêtre 2003-2024 ; 5558 traitées, 0 jamais traitées sur la fenêtre ; ATT(g,t) identifiés jusqu'en 2022 (sans unité jamais traitée, la dernière cohorte sert de contrôle) ; moyenne de tous les ATT(g,t) post",simple,0.0,5558.0,0.0,0.0,2003.0,2024.0,2003.0,2022.0,5558.0,5.0,dr,,,,,,,
h1,H1,H1,asinh(taux),unités avec covariables,cs,Wald pré (-8..-2),4.956483823045138,,,,0.665273841791416,5558,122276,False,"H5c : test de Wald joint de nullité des coefficients pré avec covariance des fonctions d'influence, df = 7 ; fenêtre 2003-2024 ; 5558 traitées, 0 jamais traitées sur la fenêtre",pre_test,0.0,5558.0,0.0,0.0,2003.0,2024.0,2003.0,2022.0,5558.0,5.0,dr,,,,,,7.0,
h1,H1,H1,"log(naissances+0,5 / 1 000 f. 15-49)","unités avec covariables, référence −2 (anticipation = 1)",cs,-8,0.0496519067677952,0.0320694299530307,-0.0132030209448749,0.1125068344804655,0.121559026771541,5558,122276,True,"complément A2 : année −1 partiellement exposée ; covariables : log_pop, share_women_1549, level_pre, pretrend_pre (doublement robuste) ; contrôle = not_yet_treated ; fenêtre 2003-2024 ; 5558 traitées, 0 jamais traitées sur la fenêtre ; ATT(g,t) identifiés jusqu'en 2021 (sans unité jamais traitée, la dernière cohorte sert de contrôle) ; référence −2",event,0.0,5558.0,0.0,0.0,2003.0,2024.0,2003.0,2021.0,5558.0,5.0,dr,9.0,5498.0,,,,,
h1,H1,H1,"log(naissances+0,5 / 1 000 f. 15-49)","unités avec covariables, référence −2 (anticipation = 1)",cs,-7,0.1129194634567705,0.0770493658208798,-0.0380945185838053,0.2639334454973464,0.1427717514451796,5558,122276,True,"complément A2 : année −1 partiellement exposée ; covariables : log_pop, share_women_1549, level_pre, pretrend_pre (doublement robuste) ; contrôle = not_yet_treated ; fenêtre 2003-2024 ; 5558 traitées, 0 jamais traitées sur la fenêtre ; ATT(g,t) identifiés jusqu'en 2021 (sans unité jamais traitée, la dernière cohorte sert de contrôle) ; référence −2",event,0.0,5558.0,0.0,0.0,2003.0,2024.0,2003.0,2021.0,5558.0,5.0,dr,9.0,5498.0,,,,,
h1,H1,H1,"log(naissances+0,5 / 1 000 f. 15-49)","unités avec covariables, référence −2 (anticipation = 1)",cs,-6,0.0710225243982628,0.0446070437138082,-0.016405674737605,0.1584507235341307,0.111343855131161,5558,122276,True,"complément A2 : année −1 partiellement exposée ; covariables : log_pop, share_women_1549, level_pre, pretrend_pre (doublement robuste) ; contrôle = not_yet_treated ; fenêtre 2003-2024 ; 5558 traitées, 0 jamais traitées sur la fenêtre ; ATT(g,t) identifiés jusqu'en 2021 (sans unité jamais traitée, la dernière cohorte sert de contrôle) ; référence −2",event,0.0,5558.0,0.0,0.0,2003.0,2024.0,2003.0,2021.0,5558.0,5.0,dr,9.0,5498.0,,,,,
h1,H1,H1,"log(naissances+0,5 / 1 000 f. 15-49)","unités avec covariables, référence −2 (anticipation = 1)",cs,-5,0.0387732039350621,0.0289177601280744,-0.0179045644295321,0.0954509722996564,0.1799823510275552,5558,122276,True,"complément A2 : année −1 partiellement exposée ; covariables : log_pop, share_women_1549, level_pre, pretrend_pre (doublement robuste) ; contrôle = not_yet_treated ; fenêtre 2003-2024 ; 5558 traitées, 0 jamais traitées sur la fenêtre ; ATT(g,t) identifiés jusqu'en 2021 (sans unité jamais traitée, la dernière cohorte sert de contrôle) ; référence −2",event,0.0,5558.0,0.0,0.0,2003.0,2024.0,2003.0,2021.0,5558.0,5.0,dr,9.0,5498.0,,,,,
h1,H1,H1,"log(naissances+0,5 / 1 000 f. 15-49)","unités avec covariables, référence −2 (anticipation = 1)",cs,-4,0.0510027218436082,0.0352302629365882,-0.018047324677981,0.1200527683651974,0.14770200087638,5558,122276,True,"complément A2 : année −1 partiellement exposée ; covariables : log_pop, share_women_1549, level_pre, pretrend_pre (doublement robuste) ; contrôle = not_yet_treated ; fenêtre 2003-2024 ; 5558 traitées, 0 jamais traitées sur la fenêtre ; ATT(g,t) identifiés jusqu'en 2021 (sans unité jamais traitée, la dernière cohorte sert de contrôle) ; référence −2",event,0.0,5558.0,0.0,0.0,2003.0,2024.0,2003.0,2021.0,5558.0,5.0,dr,9.0,5498.0,,,,,
h1,H1,H1,"log(naissances+0,5 / 1 000 f. 15-49)","unités avec covariables, référence −2 (anticipation = 1)",cs,-3,-0.0034034586926413,0.0084790856809995,-0.0200221612492297,0.0132152438639469,0.6881296689910239,5558,122276,True,"complément A2 : année −1 partiellement exposée ; covariables : log_pop, share_women_1549, level_pre, pretrend_pre (doublement robuste) ; contrôle = not_yet_treated ; fenêtre 2003-2024 ; 5558 traitées, 0 jamais traitées sur la fenêtre ; ATT(g,t) identifiés jusqu'en 2021 (sans unité jamais traitée, la dernière cohorte sert de contrôle) ; référence −2",event,0.0,5558.0,0.0,0.0,2003.0,2024.0,2003.0,2021.0,5558.0,5.0,dr,9.0,5498.0,,,,,
h1,H1,H1,"log(naissances+0,5 / 1 000 f. 15-49)","unités avec covariables, référence −2 (anticipation = 1)",cs,-1,0.0106032494536017,0.0116163055133766,-0.0121642909860305,0.033370789893234,0.361352910641655,5558,122276,True,"complément A2 : année −1 partiellement exposée ; covariables : log_pop, share_women_1549, level_pre, pretrend_pre (doublement robuste) ; contrôle = not_yet_treated ; fenêtre 2003-2024 ; 5558 traitées, 0 jamais traitées sur la fenêtre ; ATT(g,t) identifiés jusqu'en 2021 (sans unité jamais traitée, la dernière cohorte sert de contrôle) ; référence −2",event,0.0,5558.0,0.0,0.0,2003.0,2024.0,2003.0,2021.0,5558.0,5.0,dr,9.0,5498.0,,,,,
h1,H1,H1,"log(naissances+0,5 / 1 000 f. 15-49)","unités avec covariables, référence −2 (anticipation = 1)",cs,0,0.0832930824544391,0.0492058885750196,-0.0131486869798901,0.1797348518887685,0.090503781203176,5558,122276,True,"complément A2 : année −1 partiellement exposée ; covariables : log_pop, share_women_1549, level_pre, pretrend_pre (doublement robuste) ; contrôle = not_yet_treated ; fenêtre 2003-2024 ; 5558 traitées, 0 jamais traitées sur la fenêtre ; ATT(g,t) identifiés jusqu'en 2021 (sans unité jamais traitée, la dernière cohorte sert de contrôle) ; référence −2",event,0.0,5558.0,0.0,0.0,2003.0,2024.0,2003.0,2021.0,5558.0,5.0,dr,8.0,5438.0,,,,,
h1,H1,H1,"log(naissances+0,5 / 1 000 f. 15-49)","unités avec covariables, référence −2 (anticipation = 1)",cs,1,0.0089227212011058,0.0173534603256944,-0.0250894360443999,0.0429348784466116,0.6071294136826272,5558,122276,True,"complément A2 : année −1 partiellement exposée ; covariables : log_pop, share_women_1549, level_pre, pretrend_pre (doublement robuste) ; contrôle = not_yet_treated ; fenêtre 2003-2024 ; 5558 traitées, 0 jamais traitées sur la fenêtre ; ATT(g,t) identifiés jusqu'en 2021 (sans unité jamais traitée, la dernière cohorte sert de contrôle) ; référence −2",event,0.0,5558.0,0.0,0.0,2003.0,2024.0,2003.0,2021.0,5558.0,5.0,dr,7.0,5268.0,,,,,
h1,H1,H1,"log(naissances+0,5 / 1 000 f. 15-49)","unités avec covariables, référence −2 (anticipation = 1)",cs,2,-0.0408881418171828,0.0204092442304893,-0.0808895254606237,-0.0008867581737419,0.0451329950853604,5558,122276,True,"complément A2 : année −1 partiellement exposée ; covariables : log_pop, share_women_1549, level_pre, pretrend_pre (doublement robuste) ; contrôle = not_yet_treated ; fenêtre 2003-2024 ; 5558 traitées, 0 jamais traitées sur la fenêtre ; ATT(g,t) identifiés jusqu'en 2021 (sans unité jamais traitée, la dernière cohorte sert de contrôle) ; référence −2",event,0.0,5558.0,0.0,0.0,2003.0,2024.0,2003.0,2021.0,5558.0,5.0,dr,6.0,4844.0,,,,,
h1,H1,H1,"log(naissances+0,5 / 1 000 f. 15-49)","unités avec covariables, référence −2 (anticipation = 1)",cs,3,-0.0449941956644718,0.0246010345223671,-0.093211337310738,0.0032229459817943,0.0674062854395692,5558,122276,True,"complément A2 : année −1 partiellement exposée ; covariables : log_pop, share_women_1549, level_pre, pretrend_pre (doublement robuste) ; contrôle = not_yet_treated ; fenêtre 2003-2024 ; 5558 traitées, 0 jamais traitées sur la fenêtre ; ATT(g,t) identifiés jusqu'en 2021 (sans unité jamais traitée, la dernière cohorte sert de contrôle) ; référence −2",event,0.0,5558.0,0.0,0.0,2003.0,2024.0,2003.0,2021.0,5558.0,5.0,dr,5.0,4445.0,,,,,
h1,H1,H1,"log(naissances+0,5 / 1 000 f. 15-49)","unités avec covariables, référence −2 (anticipation = 1)",cs,4,-0.1054205752289698,0.0437694317136183,-0.1912070850114471,-0.0196340654464925,0.0160163225127828,5558,122276,True,"complément A2 : année −1 partiellement exposée ; covariables : log_pop, share_women_1549, level_pre, pretrend_pre (doublement robuste) ; contrôle = not_yet_treated ; fenêtre 2003-2024 ; 5558 traitées, 0 jamais traitées sur la fenêtre ; ATT(g,t) identifiés jusqu'en 2021 (sans unité jamais traitée, la dernière cohorte sert de contrôle) ; référence −2",event,0.0,5558.0,0.0,0.0,2003.0,2024.0,2003.0,2021.0,5558.0,5.0,dr,4.0,3767.0,,,,,
h1,H1,H1,"log(naissances+0,5 / 1 000 f. 15-49)","unités avec covariables, référence −2 (anticipation = 1)",cs,5,-0.1631504998747297,0.0974633850930196,-0.3541752244684061,0.0278742247189467,0.0941370658926209,5558,122276,True,"complément A2 : année −1 partiellement exposée ; covariables : log_pop, share_women_1549, level_pre, pretrend_pre (doublement robuste) ; contrôle = not_yet_treated ; fenêtre 2003-2024 ; 5558 traitées, 0 jamais traitées sur la fenêtre ; ATT(g,t) identifiés jusqu'en 2021 (sans unité jamais traitée, la dernière cohorte sert de contrôle) ; référence −2",event,0.0,5558.0,0.0,0.0,2003.0,2024.0,2003.0,2021.0,5558.0,5.0,dr,3.0,1032.0,,,,,
h1,H1,H1,"log(naissances+0,5 / 1 000 f. 15-49)","unités avec covariables, référence −2 (anticipation = 1)",cs,6,-0.1684588112004546,0.154432455894475,-0.471140862797696,0.1342232403967868,0.2753498153228256,5558,122276,True,"complément A2 : année −1 partiellement exposée ; covariables : log_pop, share_women_1549, level_pre, pretrend_pre (doublement robuste) ; contrôle = not_yet_treated ; fenêtre 2003-2024 ; 5558 traitées, 0 jamais traitées sur la fenêtre ; ATT(g,t) identifiés jusqu'en 2021 (sans unité jamais traitée, la dernière cohorte sert de contrôle) ; référence −2",event,0.0,5558.0,0.0,0.0,2003.0,2024.0,2003.0,2021.0,5558.0,5.0,dr,2.0,481.0,,,,,
h1,H1,H1,"log(naissances+0,5 / 1 000 f. 15-49)","unités avec covariables, référence −2 (anticipation = 1)",cs,7,-0.1717312768950685,0.2399853888665611,-0.642093995889368,0.2986314420992308,0.4742442091919729,5558,122276,True,"complément A2 : année −1 partiellement exposée ; covariables : log_pop, share_women_1549, level_pre, pretrend_pre (doublement robuste) ; contrôle = not_yet_treated ; fenêtre 2003-2024 ; 5558 traitées, 0 jamais traitées sur la fenêtre ; ATT(g,t) identifiés jusqu'en 2021 (sans unité jamais traitée, la dernière cohorte sert de contrôle) ; référence −2",event,0.0,5558.0,0.0,0.0,2003.0,2024.0,2003.0,2021.0,5558.0,5.0,dr,1.0,187.0,,,,,
h1,H1,H1,"log(naissances+0,5 / 1 000 f. 15-49)","unités avec covariables, référence −2 (anticipation = 1)",cs,"ATT[1,5]",-0.0691061382768496,0.0313945085990196,-0.1306382444432612,-0.0075740321104381,0.0277206377843836,5558,122276,True,"complément A2 : année −1 partiellement exposée ; covariables : log_pop, share_women_1549, level_pre, pretrend_pre (doublement robuste) ; contrôle = not_yet_treated ; fenêtre 2003-2024 ; 5558 traitées, 0 jamais traitées sur la fenêtre ; ATT(g,t) identifiés jusqu'en 2021 (sans unité jamais traitée, la dernière cohorte sert de contrôle) ; référence −2 ; écart-type avec covariance complète des coefficients (fonctions d'influence)",post_avg,0.0,5558.0,0.0,0.0,2003.0,2024.0,2003.0,2021.0,5558.0,5.0,dr,,,,,5.0,,
h1,H1,H1,"log(naissances+0,5 / 1 000 f. 15-49)","unités avec covariables, référence −2 (anticipation = 1)",cs,ATT,-0.02265107771351,0.0221504787132061,-0.0660652182317152,0.0207630628046951,0.3064970484443743,5558,122276,True,"complément A2 : année −1 partiellement exposée ; covariables : log_pop, share_women_1549, level_pre, pretrend_pre (doublement robuste) ; contrôle = not_yet_treated ; fenêtre 2003-2024 ; 5558 traitées, 0 jamais traitées sur la fenêtre ; ATT(g,t) identifiés jusqu'en 2021 (sans unité jamais traitée, la dernière cohorte sert de contrôle) ; référence −2 ; moyenne de tous les ATT(g,t) post",simple,0.0,5558.0,0.0,0.0,2003.0,2024.0,2003.0,2021.0,5558.0,5.0,dr,,,,,,,
h1,H1,H1,"log(naissances+0,5 / 1 000 f. 15-49)","unités avec covariables, référence −2 (anticipation = 1)",cs,Wald pré (-8..-3),4.375538909143788,,,,0.6259950829828655,5558,122276,True,"H5c : test de Wald joint de nullité des coefficients pré avec covariance des fonctions d'influence, df = 6 ; fenêtre 2003-2024 ; 5558 traitées, 0 jamais traitées sur la fenêtre",pre_test,0.0,5558.0,0.0,0.0,2003.0,2024.0,2003.0,2021.0,5558.0,5.0,dr,,,,,,6.0,
h1,H1,H1,"log(naissances+0,5 / 1 000 f. 15-49)","unités avec covariables, régression de résultat seule (est_method = reg)",cs,-8,-0.011117997818602,0.0072485050029696,-0.0253248065661809,0.0030888109289768,0.1250706864546862,5558,122276,True,"complément A2 ; covariables : log_pop, share_women_1549, level_pre, pretrend_pre (régression de résultat seule) ; contrôle = not_yet_treated ; fenêtre 2003-2024 ; 5558 traitées, 0 jamais traitées sur la fenêtre ; ATT(g,t) identifiés jusqu'en 2022 (sans unité jamais traitée, la dernière cohorte sert de contrôle)",event,0.0,5558.0,0.0,0.0,2003.0,2024.0,2003.0,2022.0,5558.0,5.0,reg,9.0,5498.0,,,,,
h1,H1,H1,"log(naissances+0,5 / 1 000 f. 15-49)","unités avec covariables, régression de résultat seule (est_method = reg)",cs,-7,-0.0016475228551286,0.0079587313508483,-0.0172463496654211,0.0139513039551638,0.8360034345241869,5558,122276,True,"complément A2 ; covariables : log_pop, share_women_1549, level_pre, pretrend_pre (régression de résultat seule) ; contrôle = not_yet_treated ; fenêtre 2003-2024 ; 5558 traitées, 0 jamais traitées sur la fenêtre ; ATT(g,t) identifiés jusqu'en 2022 (sans unité jamais traitée, la dernière cohorte sert de contrôle)",event,0.0,5558.0,0.0,0.0,2003.0,2024.0,2003.0,2022.0,5558.0,5.0,reg,9.0,5498.0,,,,,
h1,H1,H1,"log(naissances+0,5 / 1 000 f. 15-49)","unités avec covariables, régression de résultat seule (est_method = reg)",cs,-6,-0.0018508499410105,0.007760039727159,-0.0170602483248423,0.0133585484428213,0.8114852738599976,5558,122276,True,"complément A2 ; covariables : log_pop, share_women_1549, level_pre, pretrend_pre (régression de résultat seule) ; contrôle = not_yet_treated ; fenêtre 2003-2024 ; 5558 traitées, 0 jamais traitées sur la fenêtre ; ATT(g,t) identifiés jusqu'en 2022 (sans unité jamais traitée, la dernière cohorte sert de contrôle)",event,0.0,5558.0,0.0,0.0,2003.0,2024.0,2003.0,2022.0,5558.0,5.0,reg,9.0,5498.0,,,,,
h1,H1,H1,"log(naissances+0,5 / 1 000 f. 15-49)","unités avec covariables, régression de résultat seule (est_method = reg)",cs,-5,-0.0100653550854152,0.0072691514447043,-0.0243126301152031,0.0041819199443725,0.1661542736325825,5558,122276,True,"complément A2 ; covariables : log_pop, share_women_1549, level_pre, pretrend_pre (régression de résultat seule) ; contrôle = not_yet_treated ; fenêtre 2003-2024 ; 5558 traitées, 0 jamais traitées sur la fenêtre ; ATT(g,t) identifiés jusqu'en 2022 (sans unité jamais traitée, la dernière cohorte sert de contrôle)",event,0.0,5558.0,0.0,0.0,2003.0,2024.0,2003.0,2022.0,5558.0,5.0,reg,9.0,5498.0,,,,,
h1,H1,H1,"log(naissances+0,5 / 1 000 f. 15-49)","unités avec covariables, régression de résultat seule (est_method = reg)",cs,-4,-0.0058232910658688,0.0059251248444737,-0.0174363223649408,0.0057897402332032,0.3256993709662021,5558,122276,True,"complément A2 ; covariables : log_pop, share_women_1549, level_pre, pretrend_pre (régression de résultat seule) ; contrôle = not_yet_treated ; fenêtre 2003-2024 ; 5558 traitées, 0 jamais traitées sur la fenêtre ; ATT(g,t) identifiés jusqu'en 2022 (sans unité jamais traitée, la dernière cohorte sert de contrôle)",event,0.0,5558.0,0.0,0.0,2003.0,2024.0,2003.0,2022.0,5558.0,5.0,reg,9.0,5498.0,,,,,
h1,H1,H1,"log(naissances+0,5 / 1 000 f. 15-49)","unités avec covariables, régression de résultat seule (est_method = reg)",cs,-3,-0.0023037093118214,0.0054453090901956,-0.0129763190132934,0.0083689003896505,0.6722492281074584,5558,122276,True,"complément A2 ; covariables : log_pop, share_women_1549, level_pre, pretrend_pre (régression de résultat seule) ; contrôle = not_yet_treated ; fenêtre 2003-2024 ; 5558 traitées, 0 jamais traitées sur la fenêtre ; ATT(g,t) identifiés jusqu'en 2022 (sans unité jamais traitée, la dernière cohorte sert de contrôle)",event,0.0,5558.0,0.0,0.0,2003.0,2024.0,2003.0,2022.0,5558.0,5.0,reg,9.0,5498.0,,,,,
h1,H1,H1,"log(naissances+0,5 / 1 000 f. 15-49)","unités avec covariables, régression de résultat seule (est_method = reg)",cs,-2,-0.0012581585802997,0.0042845181500994,-0.0096556598456029,0.0071393426850033,0.7690236122209743,5558,122276,True,"complément A2 ; covariables : log_pop, share_women_1549, level_pre, pretrend_pre (régression de résultat seule) ; contrôle = not_yet_treated ; fenêtre 2003-2024 ; 5558 traitées, 0 jamais traitées sur la fenêtre ; ATT(g,t) identifiés jusqu'en 2022 (sans unité jamais traitée, la dernière cohorte sert de contrôle)",event,0.0,5558.0,0.0,0.0,2003.0,2024.0,2003.0,2022.0,5558.0,5.0,reg,9.0,5498.0,,,,,
h1,H1,H1,"log(naissances+0,5 / 1 000 f. 15-49)","unités avec covariables, régression de résultat seule (est_method = reg)",cs,0,-0.0006516060724349,0.004278445523205,-0.0090372052077333,0.0077339930628635,0.8789505425782997,5558,122276,True,"complément A2 ; covariables : log_pop, share_women_1549, level_pre, pretrend_pre (régression de résultat seule) ; contrôle = not_yet_treated ; fenêtre 2003-2024 ; 5558 traitées, 0 jamais traitées sur la fenêtre ; ATT(g,t) identifiés jusqu'en 2022 (sans unité jamais traitée, la dernière cohorte sert de contrôle)",event,0.0,5558.0,0.0,0.0,2003.0,2024.0,2003.0,2022.0,5558.0,5.0,reg,9.0,5498.0,,,,,
h1,H1,H1,"log(naissances+0,5 / 1 000 f. 15-49)","unités avec covariables, régression de résultat seule (est_method = reg)",cs,1,-0.0133364593265456,0.006472857083549,-0.0260230260873767,-0.0006498925657145,0.0393634958159432,5558,122276,True,"complément A2 ; covariables : log_pop, share_women_1549, level_pre, pretrend_pre (régression de résultat seule) ; contrôle = not_yet_treated ; fenêtre 2003-2024 ; 5558 traitées, 0 jamais traitées sur la fenêtre ; ATT(g,t) identifiés jusqu'en 2022 (sans unité jamais traitée, la dernière cohorte sert de contrôle)",event,0.0,5558.0,0.0,0.0,2003.0,2024.0,2003.0,2022.0,5558.0,5.0,reg,8.0,5438.0,,,,,
h1,H1,H1,"log(naissances+0,5 / 1 000 f. 15-49)","unités avec covariables, régression de résultat seule (est_method = reg)",cs,2,-0.019797031980431,0.0090208269391222,-0.0374775278918793,-0.0021165360689827,0.0281928990491839,5558,122276,True,"complément A2 ; covariables : log_pop, share_women_1549, level_pre, pretrend_pre (régression de résultat seule) ; contrôle = not_yet_treated ; fenêtre 2003-2024 ; 5558 traitées, 0 jamais traitées sur la fenêtre ; ATT(g,t) identifiés jusqu'en 2022 (sans unité jamais traitée, la dernière cohorte sert de contrôle)",event,0.0,5558.0,0.0,0.0,2003.0,2024.0,2003.0,2022.0,5558.0,5.0,reg,7.0,5268.0,,,,,
h1,H1,H1,"log(naissances+0,5 / 1 000 f. 15-49)","unités avec covariables, régression de résultat seule (est_method = reg)",cs,3,-0.0266288085385161,0.0128191160401446,-0.0517538142908394,-0.0015038027861929,0.0377763342985071,5558,122276,True,"complément A2 ; covariables : log_pop, share_women_1549, level_pre, pretrend_pre (régression de résultat seule) ; contrôle = not_yet_treated ; fenêtre 2003-2024 ; 5558 traitées, 0 jamais traitées sur la fenêtre ; ATT(g,t) identifiés jusqu'en 2022 (sans unité jamais traitée, la dernière cohorte sert de contrôle)",event,0.0,5558.0,0.0,0.0,2003.0,2024.0,2003.0,2022.0,5558.0,5.0,reg,6.0,4844.0,,,,,
h1,H1,H1,"log(naissances+0,5 / 1 000 f. 15-49)","unités avec covariables, régression de résultat seule (est_method = reg)",cs,4,-0.0635029624281259,0.0217096044736164,-0.1060530053150237,-0.0209529195412281,0.0034433543723794,5558,122276,True,"complément A2 ; covariables : log_pop, share_women_1549, level_pre, pretrend_pre (régression de résultat seule) ; contrôle = not_yet_treated ; fenêtre 2003-2024 ; 5558 traitées, 0 jamais traitées sur la fenêtre ; ATT(g,t) identifiés jusqu'en 2022 (sans unité jamais traitée, la dernière cohorte sert de contrôle)",event,0.0,5558.0,0.0,0.0,2003.0,2024.0,2003.0,2022.0,5558.0,5.0,reg,5.0,4445.0,,,,,
h1,H1,H1,"log(naissances+0,5 / 1 000 f. 15-49)","unités avec covariables, régression de résultat seule (est_method = reg)",cs,5,-0.1449187560828499,0.0477401870156381,-0.2384878032487074,-0.0513497089169924,0.0024008020967699,5558,122276,True,"complément A2 ; covariables : log_pop, share_women_1549, level_pre, pretrend_pre (régression de résultat seule) ; contrôle = not_yet_treated ; fenêtre 2003-2024 ; 5558 traitées, 0 jamais traitées sur la fenêtre ; ATT(g,t) identifiés jusqu'en 2022 (sans unité jamais traitée, la dernière cohorte sert de contrôle)",event,0.0,5558.0,0.0,0.0,2003.0,2024.0,2003.0,2022.0,5558.0,5.0,reg,4.0,3767.0,,,,,
h1,H1,H1,"log(naissances+0,5 / 1 000 f. 15-49)","unités avec covariables, régression de résultat seule (est_method = reg)",cs,6,-0.2190214698437468,0.0657013502716531,-0.3477937501118379,-0.0902491895756558,0.0008573243486783,5558,122276,True,"complément A2 ; covariables : log_pop, share_women_1549, level_pre, pretrend_pre (régression de résultat seule) ; contrôle = not_yet_treated ; fenêtre 2003-2024 ; 5558 traitées, 0 jamais traitées sur la fenêtre ; ATT(g,t) identifiés jusqu'en 2022 (sans unité jamais traitée, la dernière cohorte sert de contrôle)",event,0.0,5558.0,0.0,0.0,2003.0,2024.0,2003.0,2022.0,5558.0,5.0,reg,3.0,1032.0,,,,,
h1,H1,H1,"log(naissances+0,5 / 1 000 f. 15-49)","unités avec covariables, régression de résultat seule (est_method = reg)",cs,7,-0.2992877331720101,0.1098757171304099,-0.5146401815231242,-0.0839352848208959,0.0064520896097591,5558,122276,True,"complément A2 ; covariables : log_pop, share_women_1549, level_pre, pretrend_pre (régression de résultat seule) ; contrôle = not_yet_treated ; fenêtre 2003-2024 ; 5558 traitées, 0 jamais traitées sur la fenêtre ; ATT(g,t) identifiés jusqu'en 2022 (sans unité jamais traitée, la dernière cohorte sert de contrôle)",event,0.0,5558.0,0.0,0.0,2003.0,2024.0,2003.0,2022.0,5558.0,5.0,reg,2.0,481.0,,,,,
h1,H1,H1,"log(naissances+0,5 / 1 000 f. 15-49)","unités avec covariables, régression de résultat seule (est_method = reg)",cs,8,-0.5897524898223919,0.2317269076966636,-1.0439288831566902,-0.1355760964880936,0.01092675967473,5558,122276,True,"complément A2 ; covariables : log_pop, share_women_1549, level_pre, pretrend_pre (régression de résultat seule) ; contrôle = not_yet_treated ; fenêtre 2003-2024 ; 5558 traitées, 0 jamais traitées sur la fenêtre ; ATT(g,t) identifiés jusqu'en 2022 (sans unité jamais traitée, la dernière cohorte sert de contrôle)",event,0.0,5558.0,0.0,0.0,2003.0,2024.0,2003.0,2022.0,5558.0,5.0,reg,1.0,187.0,,,,,
h1,H1,H1,"log(naissances+0,5 / 1 000 f. 15-49)","unités avec covariables, régression de résultat seule (est_method = reg)",cs,"ATT[1,5]",-0.0536368036712937,0.0155419355666905,-0.0840984376320493,-0.0231751697105381,0.0005583026926425,5558,122276,True,"complément A2 ; covariables : log_pop, share_women_1549, level_pre, pretrend_pre (régression de résultat seule) ; contrôle = not_yet_treated ; fenêtre 2003-2024 ; 5558 traitées, 0 jamais traitées sur la fenêtre ; ATT(g,t) identifiés jusqu'en 2022 (sans unité jamais traitée, la dernière cohorte sert de contrôle) ; écart-type avec covariance complète des coefficients (fonctions d'influence)",post_avg,0.0,5558.0,0.0,0.0,2003.0,2024.0,2003.0,2022.0,5558.0,5.0,reg,,,,,5.0,,
h1,H1,H1,"log(naissances+0,5 / 1 000 f. 15-49)","unités avec covariables, régression de résultat seule (est_method = reg)",cs,ATT,-0.0522557430014816,0.0138618734841062,-0.0794245157885806,-0.0250869702143826,0.0001634137281935,5558,122276,True,"complément A2 ; covariables : log_pop, share_women_1549, level_pre, pretrend_pre (régression de résultat seule) ; contrôle = not_yet_treated ; fenêtre 2003-2024 ; 5558 traitées, 0 jamais traitées sur la fenêtre ; ATT(g,t) identifiés jusqu'en 2022 (sans unité jamais traitée, la dernière cohorte sert de contrôle) ; moyenne de tous les ATT(g,t) post",simple,0.0,5558.0,0.0,0.0,2003.0,2024.0,2003.0,2022.0,5558.0,5.0,reg,,,,,,,
h1,H1,H1,"log(naissances+0,5 / 1 000 f. 15-49)","unités avec covariables, régression de résultat seule (est_method = reg)",cs,Wald pré (-8..-2),7.169207090898576,,,,0.4114774418591118,5558,122276,True,"H5c : test de Wald joint de nullité des coefficients pré avec covariance des fonctions d'influence, df = 7 ; fenêtre 2003-2024 ; 5558 traitées, 0 jamais traitées sur la fenêtre",pre_test,0.0,5558.0,0.0,0.0,2003.0,2024.0,2003.0,2022.0,5558.0,5.0,reg,,,,,,7.0,
h2,H2,H2b,"log(naissances+0,5 / 1 000 f. 25-39)","unités avec covariables, bascule 4G",cs,-8,0.0636397280224168,0.0397290631014636,-0.014227804795971,0.1415072608408046,0.1091902960424651,5558,122276,False,"test primaire du papier (Brésil) ; covariables : log_pop, share_women_1549, level_pre, pretrend_pre (doublement robuste) ; contrôle = not_yet_treated ; fenêtre 2003-2024 ; 5558 traitées, 0 jamais traitées sur la fenêtre ; ATT(g,t) identifiés jusqu'en 2022 (sans unité jamais traitée, la dernière cohorte sert de contrôle) ; bandes simultanées sup-t (bootstrap multiplicateur Rademacher, 999 tirages, valeur critique 2.68)",event,0.0,5558.0,0.0,0.0,2003.0,2024.0,2003.0,2022.0,5558.0,5.0,dr,9.0,5498.0,-0.0430255860329593,0.1703050420777929,,,
h2,H2,H2b,"log(naissances+0,5 / 1 000 f. 25-39)","unités avec covariables, bascule 4G",cs,-7,0.092678910568002,0.0596406328496744,-0.0242145818325363,0.2095724029685404,0.1201949471895027,5558,122276,False,"test primaire du papier (Brésil) ; covariables : log_pop, share_women_1549, level_pre, pretrend_pre (doublement robuste) ; contrôle = not_yet_treated ; fenêtre 2003-2024 ; 5558 traitées, 0 jamais traitées sur la fenêtre ; ATT(g,t) identifiés jusqu'en 2022 (sans unité jamais traitée, la dernière cohorte sert de contrôle) ; bandes simultanées sup-t (bootstrap multiplicateur Rademacher, 999 tirages, valeur critique 2.68)",event,0.0,5558.0,0.0,0.0,2003.0,2024.0,2003.0,2022.0,5558.0,5.0,dr,9.0,5498.0,-0.0674453495265569,0.2528031706625611,,,
h2,H2,H2b,"log(naissances+0,5 / 1 000 f. 25-39)","unités avec covariables, bascule 4G",cs,-6,0.0636745204974499,0.0421574671454175,-0.018952596786999,0.1463016377818989,0.1309421016930423,5558,122276,False,"test primaire du papier (Brésil) ; covariables : log_pop, share_women_1549, level_pre, pretrend_pre (doublement robuste) ; contrôle = not_yet_treated ; fenêtre 2003-2024 ; 5558 traitées, 0 jamais traitées sur la fenêtre ; ATT(g,t) identifiés jusqu'en 2022 (sans unité jamais traitée, la dernière cohorte sert de contrôle) ; bandes simultanées sup-t (bootstrap multiplicateur Rademacher, 999 tirages, valeur critique 2.68)",event,0.0,5558.0,0.0,0.0,2003.0,2024.0,2003.0,2022.0,5558.0,5.0,dr,9.0,5498.0,-0.0495106170770503,0.1768596580719502,,,
h2,H2,H2b,"log(naissances+0,5 / 1 000 f. 25-39)","unités avec covariables, bascule 4G",cs,-5,0.038316747101707,0.0267948297819867,-0.0142001542428681,0.0908336484462822,0.1527155139886284,5558,122276,False,"test primaire du papier (Brésil) ; covariables : log_pop, share_women_1549, level_pre, pretrend_pre (doublement robuste) ; contrôle = not_yet_treated ; fenêtre 2003-2024 ; 5558 traitées, 0 jamais traitées sur la fenêtre ; ATT(g,t) identifiés jusqu'en 2022 (sans unité jamais traitée, la dernière cohorte sert de contrôle) ; bandes simultanées sup-t (bootstrap multiplicateur Rademacher, 999 tirages, valeur critique 2.68)",event,0.0,5558.0,0.0,0.0,2003.0,2024.0,2003.0,2022.0,5558.0,5.0,dr,9.0,5498.0,-0.0336225011623848,0.1102559953657988,,,
h2,H2,H2b,"log(naissances+0,5 / 1 000 f. 25-39)","unités avec covariables, bascule 4G",cs,-4,0.0380334220054638,0.0273915729343069,-0.0156530744256798,0.0917199184366075,0.1649823676102708,5558,122276,False,"test primaire du papier (Brésil) ; covariables : log_pop, share_women_1549, level_pre, pretrend_pre (doublement robuste) ; contrôle = not_yet_treated ; fenêtre 2003-2024 ; 5558 traitées, 0 jamais traitées sur la fenêtre ; ATT(g,t) identifiés jusqu'en 2022 (sans unité jamais traitée, la dernière cohorte sert de contrôle) ; bandes simultanées sup-t (bootstrap multiplicateur Rademacher, 999 tirages, valeur critique 2.68)",event,0.0,5558.0,0.0,0.0,2003.0,2024.0,2003.0,2022.0,5558.0,5.0,dr,9.0,5498.0,-0.035507973170325,0.1115748171812527,,,
h2,H2,H2b,"log(naissances+0,5 / 1 000 f. 25-39)","unités avec covariables, bascule 4G",cs,-3,-0.0162964279288471,0.0176758514855089,-0.0509404602365235,0.0183476043788293,0.3565494436345752,5558,122276,False,"test primaire du papier (Brésil) ; covariables : log_pop, share_women_1549, level_pre, pretrend_pre (doublement robuste) ; contrôle = not_yet_treated ; fenêtre 2003-2024 ; 5558 traitées, 0 jamais traitées sur la fenêtre ; ATT(g,t) identifiés jusqu'en 2022 (sans unité jamais traitée, la dernière cohorte sert de contrôle) ; bandes simultanées sup-t (bootstrap multiplicateur Rademacher, 999 tirages, valeur critique 2.68)",event,0.0,5558.0,0.0,0.0,2003.0,2024.0,2003.0,2022.0,5558.0,5.0,dr,9.0,5498.0,-0.0637528767527949,0.0311600208951007,,,
h2,H2,H2b,"log(naissances+0,5 / 1 000 f. 25-39)","unités avec covariables, bascule 4G",cs,-2,-0.0139190290749266,0.0117089058171499,-0.036868062774912,0.0090300046250586,0.2345357968037635,5558,122276,False,"test primaire du papier (Brésil) ; covariables : log_pop, share_women_1549, level_pre, pretrend_pre (doublement robuste) ; contrôle = not_yet_treated ; fenêtre 2003-2024 ; 5558 traitées, 0 jamais traitées sur la fenêtre ; ATT(g,t) identifiés jusqu'en 2022 (sans unité jamais traitée, la dernière cohorte sert de contrôle) ; bandes simultanées sup-t (bootstrap multiplicateur Rademacher, 999 tirages, valeur critique 2.68)",event,0.0,5558.0,0.0,0.0,2003.0,2024.0,2003.0,2022.0,5558.0,5.0,dr,9.0,5498.0,-0.0453553132138573,0.0175172550640039,,,
h2,H2,H2b,"log(naissances+0,5 / 1 000 f. 25-39)","unités avec covariables, bascule 4G",cs,0,0.006919730676549,0.011500000657749,-0.0156198564348259,0.029459317787924,0.5473634130759859,5558,122276,False,"test primaire du papier (Brésil) ; covariables : log_pop, share_women_1549, level_pre, pretrend_pre (doublement robuste) ; contrôle = not_yet_treated ; fenêtre 2003-2024 ; 5558 traitées, 0 jamais traitées sur la fenêtre ; ATT(g,t) identifiés jusqu'en 2022 (sans unité jamais traitée, la dernière cohorte sert de contrôle) ; bandes simultanées sup-t (bootstrap multiplicateur Rademacher, 999 tirages, valeur critique 2.68)",event,0.0,5558.0,0.0,0.0,2003.0,2024.0,2003.0,2022.0,5558.0,5.0,dr,9.0,5498.0,-0.0239556810758776,0.0377951424289757,,,
h2,H2,H2b,"log(naissances+0,5 / 1 000 f. 25-39)","unités avec covariables, bascule 4G",cs,1,0.0172886162773197,0.0303298638894864,-0.0421568246020756,0.0767340571567152,0.5686644180233742,5558,122276,False,"test primaire du papier (Brésil) ; covariables : log_pop, share_women_1549, level_pre, pretrend_pre (doublement robuste) ; contrôle = not_yet_treated ; fenêtre 2003-2024 ; 5558 traitées, 0 jamais traitées sur la fenêtre ; ATT(g,t) identifiés jusqu'en 2022 (sans unité jamais traitée, la dernière cohorte sert de contrôle) ; bandes simultanées sup-t (bootstrap multiplicateur Rademacher, 999 tirages, valeur critique 2.68)",event,0.0,5558.0,0.0,0.0,2003.0,2024.0,2003.0,2022.0,5558.0,5.0,dr,8.0,5438.0,-0.0641415561072313,0.0987187886618708,,,
h2,H2,H2b,"log(naissances+0,5 / 1 000 f. 25-39)","unités avec covariables, bascule 4G",cs,2,0.0284793564491124,0.0294544063116436,-0.0292502191077183,0.0862089320059432,0.3335958770293891,5558,122276,False,"test primaire du papier (Brésil) ; covariables : log_pop, share_women_1549, level_pre, pretrend_pre (doublement robuste) ; contrôle = not_yet_treated ; fenêtre 2003-2024 ; 5558 traitées, 0 jamais traitées sur la fenêtre ; ATT(g,t) identifiés jusqu'en 2022 (sans unité jamais traitée, la dernière cohorte sert de contrôle) ; bandes simultanées sup-t (bootstrap multiplicateur Rademacher, 999 tirages, valeur critique 2.68)",event,0.0,5558.0,0.0,0.0,2003.0,2024.0,2003.0,2022.0,5558.0,5.0,dr,7.0,5268.0,-0.0506003714448579,0.1075590843430829,,,
h2,H2,H2b,"log(naissances+0,5 / 1 000 f. 25-39)","unités avec covariables, bascule 4G",cs,3,-0.0225071830922634,0.0225619892629465,-0.0667278694672181,0.0217135032826911,0.3184874959065294,5558,122276,False,"test primaire du papier (Brésil) ; covariables : log_pop, share_women_1549, level_pre, pretrend_pre (doublement robuste) ; contrôle = not_yet_treated ; fenêtre 2003-2024 ; 5558 traitées, 0 jamais traitées sur la fenêtre ; ATT(g,t) identifiés jusqu'en 2022 (sans unité jamais traitée, la dernière cohorte sert de contrôle) ; bandes simultanées sup-t (bootstrap multiplicateur Rademacher, 999 tirages, valeur critique 2.68)",event,0.0,5558.0,0.0,0.0,2003.0,2024.0,2003.0,2022.0,5558.0,5.0,dr,6.0,4844.0,-0.0830820238404602,0.0380676576559332,,,
h2,H2,H2b,"log(naissances+0,5 / 1 000 f. 25-39)","unités avec covariables, bascule 4G",cs,4,-0.0819086712300952,0.0238727806755961,-0.1286984615650874,-0.035118880895103,0.0006012528234347,5558,122276,False,"test primaire du papier (Brésil) ; covariables : log_pop, share_women_1549, level_pre, pretrend_pre (doublement robuste) ; contrôle = not_yet_treated ; fenêtre 2003-2024 ; 5558 traitées, 0 jamais traitées sur la fenêtre ; ATT(g,t) identifiés jusqu'en 2022 (sans unité jamais traitée, la dernière cohorte sert de contrôle) ; bandes simultanées sup-t (bootstrap multiplicateur Rademacher, 999 tirages, valeur critique 2.68)",event,0.0,5558.0,0.0,0.0,2003.0,2024.0,2003.0,2022.0,5558.0,5.0,dr,5.0,4445.0,-0.1460027486976247,-0.0178145937625657,,,
h2,H2,H2b,"log(naissances+0,5 / 1 000 f. 25-39)","unités avec covariables, bascule 4G",cs,5,-0.1805819781524382,0.0564097420717676,-0.2911430409902966,-0.0700209153145798,0.0013683030332797,5558,122276,False,"test primaire du papier (Brésil) ; covariables : log_pop, share_women_1549, level_pre, pretrend_pre (doublement robuste) ; contrôle = not_yet_treated ; fenêtre 2003-2024 ; 5558 traitées, 0 jamais traitées sur la fenêtre ; ATT(g,t) identifiés jusqu'en 2022 (sans unité jamais traitée, la dernière cohorte sert de contrôle) ; bandes simultanées sup-t (bootstrap multiplicateur Rademacher, 999 tirages, valeur critique 2.68)",event,0.0,5558.0,0.0,0.0,2003.0,2024.0,2003.0,2022.0,5558.0,5.0,dr,4.0,3767.0,-0.3320318836913934,-0.029132072613483,,,
h2,H2,H2b,"log(naissances+0,5 / 1 000 f. 25-39)","unités avec covariables, bascule 4G",cs,6,-0.1990619824021136,0.0785377254488656,-0.352993095709585,-0.0451308690946421,0.0112574712594997,5558,122276,False,"test primaire du papier (Brésil) ; covariables : log_pop, share_women_1549, level_pre, pretrend_pre (doublement robuste) ; contrôle = not_yet_treated ; fenêtre 2003-2024 ; 5558 traitées, 0 jamais traitées sur la fenêtre ; ATT(g,t) identifiés jusqu'en 2022 (sans unité jamais traitée, la dernière cohorte sert de contrôle) ; bandes simultanées sup-t (bootstrap multiplicateur Rademacher, 999 tirages, valeur critique 2.68)",event,0.0,5558.0,0.0,0.0,2003.0,2024.0,2003.0,2022.0,5558.0,5.0,dr,3.0,1032.0,-0.4099215017621244,0.0117975369578972,,,
h2,H2,H2b,"log(naissances+0,5 / 1 000 f. 25-39)","unités avec covariables, bascule 4G",cs,7,-0.2604976256935568,0.1199884130225959,-0.4956705937799617,-0.0253246576071518,0.0299294204067089,5558,122276,False,"test primaire du papier (Brésil) ; covariables : log_pop, share_women_1549, level_pre, pretrend_pre (doublement robuste) ; contrôle = not_yet_treated ; fenêtre 2003-2024 ; 5558 traitées, 0 jamais traitées sur la fenêtre ; ATT(g,t) identifiés jusqu'en 2022 (sans unité jamais traitée, la dernière cohorte sert de contrôle) ; bandes simultanées sup-t (bootstrap multiplicateur Rademacher, 999 tirages, valeur critique 2.68)",event,0.0,5558.0,0.0,0.0,2003.0,2024.0,2003.0,2022.0,5558.0,5.0,dr,2.0,481.0,-0.5826447079284229,0.0616494565413093,,,
h2,H2,H2b,"log(naissances+0,5 / 1 000 f. 25-39)","unités avec covariables, bascule 4G",cs,8,-0.5829714911685268,0.2826373963408997,-1.136930608680863,-0.0290123736561904,0.0391494374703908,5558,122276,False,"test primaire du papier (Brésil) ; covariables : log_pop, share_women_1549, level_pre, pretrend_pre (doublement robuste) ; contrôle = not_yet_treated ; fenêtre 2003-2024 ; 5558 traitées, 0 jamais traitées sur la fenêtre ; ATT(g,t) identifiés jusqu'en 2022 (sans unité jamais traitée, la dernière cohorte sert de contrôle) ; bandes simultanées sup-t (bootstrap multiplicateur Rademacher, 999 tirages, valeur critique 2.68)",event,0.0,5558.0,0.0,0.0,2003.0,2024.0,2003.0,2022.0,5558.0,5.0,dr,1.0,187.0,-1.3418015337371685,0.1758585514001148,,,
h2,H2,H2b,"log(naissances+0,5 / 1 000 f. 25-39)","unités avec covariables, bascule 4G",cs,"ATT[1,5]",-0.0478459719496729,0.0220082194201344,-0.0909812893769915,-0.0047106545223543,0.0297047839653244,5558,122276,False,"test primaire du papier (Brésil) ; covariables : log_pop, share_women_1549, level_pre, pretrend_pre (doublement robuste) ; contrôle = not_yet_treated ; fenêtre 2003-2024 ; 5558 traitées, 0 jamais traitées sur la fenêtre ; ATT(g,t) identifiés jusqu'en 2022 (sans unité jamais traitée, la dernière cohorte sert de contrôle) ; bandes simultanées sup-t (bootstrap multiplicateur Rademacher, 999 tirages, valeur critique 2.68) ; écart-type avec covariance complète des coefficients (fonctions d'influence)",post_avg,0.0,5558.0,0.0,0.0,2003.0,2024.0,2003.0,2022.0,5558.0,5.0,dr,,,,,5.0,,
h2,H2,H2b,"log(naissances+0,5 / 1 000 f. 25-39)","unités avec covariables, bascule 4G",cs,ATT,-0.0423455658434552,0.0194488948906751,-0.0804646993682835,-0.0042264323186268,0.0294601579943048,5558,122276,False,"test primaire du papier (Brésil) ; covariables : log_pop, share_women_1549, level_pre, pretrend_pre (doublement robuste) ; contrôle = not_yet_treated ; fenêtre 2003-2024 ; 5558 traitées, 0 jamais traitées sur la fenêtre ; ATT(g,t) identifiés jusqu'en 2022 (sans unité jamais traitée, la dernière cohorte sert de contrôle) ; bandes simultanées sup-t (bootstrap multiplicateur Rademacher, 999 tirages, valeur critique 2.68) ; moyenne de tous les ATT(g,t) post",simple,0.0,5558.0,0.0,0.0,2003.0,2024.0,2003.0,2022.0,5558.0,5.0,dr,,,,,,,
h2,H2,H2b,"log(naissances+0,5 / 1 000 f. 25-39)","unités avec covariables, bascule 4G",cs,Wald pré (-8..-2),3.6542109912561855,,,,0.8186319877179515,5558,122276,False,"H5c : test de Wald joint de nullité des coefficients pré avec covariance des fonctions d'influence, df = 7 ; fenêtre 2003-2024 ; 5558 traitées, 0 jamais traitées sur la fenêtre",pre_test,0.0,5558.0,0.0,0.0,2003.0,2024.0,2003.0,2022.0,5558.0,5.0,dr,,,,,,7.0,
h2,H2,H2b,"log(naissances+0,5 / 1 000 f. 25-39)","unités avec covariables, bascule 4G",cs,"ATT[1,5]",-0.0478459719496729,0.0288905505376428,-0.1044704109436335,0.0087784670442876,0.097699248158338,5558,122276,False,"écart-type par bootstrap par grappes stratifié par cohorte (50 tirages, grappe = unit) ; quantiles [-0.1204, -0.0016] ; fenêtre 2003-2024 ; 5558 traitées, 0 jamais traitées sur la fenêtre",post_avg_boot,0.0,5558.0,0.0,0.0,2003.0,2024.0,2003.0,2022.0,5558.0,5.0,dr,,,,,,,
h2,H2,H2b,"log(naissances+0,5 / 1 000 f. 25-39)","unités avec covariables, bascule 4G ; agrégation à composition constante (cohortes 2014-2017 observées jusqu'à +5)",cs,"ATT[1,5]",-0.0334216874386409,0.0252060708860409,-0.0828246785670447,0.0159813036897629,0.1848602318576826,5558,122276,False,"test primaire du papier (Brésil) ; covariables : log_pop, share_women_1549, level_pre, pretrend_pre (doublement robuste) ; contrôle = not_yet_treated ; fenêtre 2003-2024 ; 5558 traitées, 0 jamais traitées sur la fenêtre ; ATT(g,t) identifiés jusqu'en 2022 (sans unité jamais traitée, la dernière cohorte sert de contrôle) ; bandes simultanées sup-t (bootstrap multiplicateur Rademacher, 999 tirages, valeur critique 2.68) ; même estimation, agrégat +1..+5 restreint aux cohortes [2014, 2015, 2016, 2017] (g + 5 ≤ 2022), poids fixes = tailles de cohortes ; par période : +1: +0.0421, +2: +0.0629, +3: -0.0160, +4: -0.0755, +5: -0.1806",post_avg_balanced,0.0,5558.0,0.0,0.0,2003.0,2024.0,2003.0,2022.0,5558.0,5.0,dr,,,,,5.0,,
h2,H2,H2b,"log(naissances+0,5 / 1 000 f. 25-39)","unités avec covariables, bascule 4G ; fenêtre identifiée ≤ 2022, cohorte 2023 = contrôle",sunab,-8,0.085087861853827,0.0563397012303894,-0.0253359234574831,0.1955116471651372,0.1309758958177866,5558,122276,False,"test primaire du papier (Brésil) ; fenêtre 2003-2024 ; 5558 traitées, 0 jamais traitées sur la fenêtre ; covariables invariantes dans le temps absorbées par les effets fixes unité : log_pop, share_women_1549, level_pre, pretrend_pre ; comparaisons sur la fenêtre identifiée (années < 2023, cohorte 2023 recodée contrôle, 60 unités de contrôle) ; cellules −8 et +8 bornées",event,0.0,5558.0,0.0,0.0,2003.0,2024.0,,,,,,,,,,,,
h2,H2,H2b,"log(naissances+0,5 / 1 000 f. 25-39)","unités avec covariables, bascule 4G ; fenêtre identifiée ≤ 2022, cohorte 2023 = contrôle",sunab,-7,0.0893317289843964,0.0541592352387317,-0.0168184215137502,0.1954818794825432,0.0990600960515865,5558,122276,False,"test primaire du papier (Brésil) ; fenêtre 2003-2024 ; 5558 traitées, 0 jamais traitées sur la fenêtre ; covariables invariantes dans le temps absorbées par les effets fixes unité : log_pop, share_women_1549, level_pre, pretrend_pre ; comparaisons sur la fenêtre identifiée (années < 2023, cohorte 2023 recodée contrôle, 60 unités de contrôle) ; cellules −8 et +8 bornées",event,0.0,5558.0,0.0,0.0,2003.0,2024.0,,,,,,,,,,,,
h2,H2,H2b,"log(naissances+0,5 / 1 000 f. 25-39)","unités avec covariables, bascule 4G ; fenêtre identifiée ≤ 2022, cohorte 2023 = contrôle",sunab,-6,0.0854278777665787,0.0518706633689283,-0.0162367542907218,0.1870925098238793,0.0995703495987023,5558,122276,False,"test primaire du papier (Brésil) ; fenêtre 2003-2024 ; 5558 traitées, 0 jamais traitées sur la fenêtre ; covariables invariantes dans le temps absorbées par les effets fixes unité : log_pop, share_women_1549, level_pre, pretrend_pre ; comparaisons sur la fenêtre identifiée (années < 2023, cohorte 2023 recodée contrôle, 60 unités de contrôle) ; cellules −8 et +8 bornées",event,0.0,5558.0,0.0,0.0,2003.0,2024.0,,,,,,,,,,,,
h2,H2,H2b,"log(naissances+0,5 / 1 000 f. 25-39)","unités avec covariables, bascule 4G ; fenêtre identifiée ≤ 2022, cohorte 2023 = contrôle",sunab,-5,0.0894502231666661,0.0483157478233421,-0.005246902453204,0.1841473487865362,0.064116648040101,5558,122276,False,"test primaire du papier (Brésil) ; fenêtre 2003-2024 ; 5558 traitées, 0 jamais traitées sur la fenêtre ; covariables invariantes dans le temps absorbées par les effets fixes unité : log_pop, share_women_1549, level_pre, pretrend_pre ; comparaisons sur la fenêtre identifiée (années < 2023, cohorte 2023 recodée contrôle, 60 unités de contrôle) ; cellules −8 et +8 bornées",event,0.0,5558.0,0.0,0.0,2003.0,2024.0,,,,,,,,,,,,
h2,H2,H2b,"log(naissances+0,5 / 1 000 f. 25-39)","unités avec covariables, bascule 4G ; fenêtre identifiée ≤ 2022, cohorte 2023 = contrôle",sunab,-4,0.0662486801498464,0.0437225622416033,-0.019445967155507,0.1519433274551999,0.1297202932804663,5558,122276,False,"test primaire du papier (Brésil) ; fenêtre 2003-2024 ; 5558 traitées, 0 jamais traitées sur la fenêtre ; covariables invariantes dans le temps absorbées par les effets fixes unité : log_pop, share_women_1549, level_pre, pretrend_pre ; comparaisons sur la fenêtre identifiée (années < 2023, cohorte 2023 recodée contrôle, 60 unités de contrôle) ; cellules −8 et +8 bornées",event,0.0,5558.0,0.0,0.0,2003.0,2024.0,,,,,,,,,,,,
h2,H2,H2b,"log(naissances+0,5 / 1 000 f. 25-39)","unités avec covariables, bascule 4G ; fenêtre identifiée ≤ 2022, cohorte 2023 = contrôle",sunab,-3,0.0291496293267971,0.0385528357420953,-0.0464125402295983,0.1047117988831926,0.4495918821073618,5558,122276,False,"test primaire du papier (Brésil) ; fenêtre 2003-2024 ; 5558 traitées, 0 jamais traitées sur la fenêtre ; covariables invariantes dans le temps absorbées par les effets fixes unité : log_pop, share_women_1549, level_pre, pretrend_pre ; comparaisons sur la fenêtre identifiée (années < 2023, cohorte 2023 recodée contrôle, 60 unités de contrôle) ; cellules −8 et +8 bornées",event,0.0,5558.0,0.0,0.0,2003.0,2024.0,,,,,,,,,,,,
h2,H2,H2b,"log(naissances+0,5 / 1 000 f. 25-39)","unités avec covariables, bascule 4G ; fenêtre identifiée ≤ 2022, cohorte 2023 = contrôle",sunab,-2,-0.0126922912978062,0.0254803492753807,-0.0626328581910537,0.0372482755954413,0.6183989192958337,5558,122276,False,"test primaire du papier (Brésil) ; fenêtre 2003-2024 ; 5558 traitées, 0 jamais traitées sur la fenêtre ; covariables invariantes dans le temps absorbées par les effets fixes unité : log_pop, share_women_1549, level_pre, pretrend_pre ; comparaisons sur la fenêtre identifiée (années < 2023, cohorte 2023 recodée contrôle, 60 unités de contrôle) ; cellules −8 et +8 bornées",event,0.0,5558.0,0.0,0.0,2003.0,2024.0,,,,,,,,,,,,
h2,H2,H2b,"log(naissances+0,5 / 1 000 f. 25-39)","unités avec covariables, bascule 4G ; fenêtre identifiée ≤ 2022, cohorte 2023 = contrôle",sunab,0,-0.032499781443395,0.018732027818051,-0.0692138813241775,0.0042143184373874,0.0827435173359831,5558,122276,False,"test primaire du papier (Brésil) ; fenêtre 2003-2024 ; 5558 traitées, 0 jamais traitées sur la fenêtre ; covariables invariantes dans le temps absorbées par les effets fixes unité : log_pop, share_women_1549, level_pre, pretrend_pre ; comparaisons sur la fenêtre identifiée (années < 2023, cohorte 2023 recodée contrôle, 60 unités de contrôle) ; cellules −8 et +8 bornées",event,0.0,5558.0,0.0,0.0,2003.0,2024.0,,,,,,,,,,,,
h2,H2,H2b,"log(naissances+0,5 / 1 000 f. 25-39)","unités avec covariables, bascule 4G ; fenêtre identifiée ≤ 2022, cohorte 2023 = contrôle",sunab,1,-0.035755142642619,0.0201966471402193,-0.0753398436459128,0.0038295583606747,0.0766687844928183,5558,122276,False,"test primaire du papier (Brésil) ; fenêtre 2003-2024 ; 5558 traitées, 0 jamais traitées sur la fenêtre ; covariables invariantes dans le temps absorbées par les effets fixes unité : log_pop, share_women_1549, level_pre, pretrend_pre ; comparaisons sur la fenêtre identifiée (années < 2023, cohorte 2023 recodée contrôle, 60 unités de contrôle) ; cellules −8 et +8 bornées",event,0.0,5558.0,0.0,0.0,2003.0,2024.0,,,,,,,,,,,,
h2,H2,H2b,"log(naissances+0,5 / 1 000 f. 25-39)","unités avec covariables, bascule 4G ; fenêtre identifiée ≤ 2022, cohorte 2023 = contrôle",sunab,2,-0.0645434264755537,0.0263588696919989,-0.1162058617450561,-0.0128809912060513,0.014339602915274,5558,122276,False,"test primaire du papier (Brésil) ; fenêtre 2003-2024 ; 5558 traitées, 0 jamais traitées sur la fenêtre ; covariables invariantes dans le temps absorbées par les effets fixes unité : log_pop, share_women_1549, level_pre, pretrend_pre ; comparaisons sur la fenêtre identifiée (années < 2023, cohorte 2023 recodée contrôle, 60 unités de contrôle) ; cellules −8 et +8 bornées",event,0.0,5558.0,0.0,0.0,2003.0,2024.0,,,,,,,,,,,,
h2,H2,H2b,"log(naissances+0,5 / 1 000 f. 25-39)","unités avec covariables, bascule 4G ; fenêtre identifiée ≤ 2022, cohorte 2023 = contrôle",sunab,3,-0.0862294411107659,0.0316534976201012,-0.1482691564308887,-0.0241897257906431,0.0064463731947877,5558,122276,False,"test primaire du papier (Brésil) ; fenêtre 2003-2024 ; 5558 traitées, 0 jamais traitées sur la fenêtre ; covariables invariantes dans le temps absorbées par les effets fixes unité : log_pop, share_women_1549, level_pre, pretrend_pre ; comparaisons sur la fenêtre identifiée (années < 2023, cohorte 2023 recodée contrôle, 60 unités de contrôle) ; cellules −8 et +8 bornées",event,0.0,5558.0,0.0,0.0,2003.0,2024.0,,,,,,,,,,,,
h2,H2,H2b,"log(naissances+0,5 / 1 000 f. 25-39)","unités avec covariables, bascule 4G ; fenêtre identifiée ≤ 2022, cohorte 2023 = contrôle",sunab,4,-0.1308225614373368,0.0293346815964883,-0.1883174808644038,-0.0733276420102697,8.209166150206136e-06,5558,122276,False,"test primaire du papier (Brésil) ; fenêtre 2003-2024 ; 5558 traitées, 0 jamais traitées sur la fenêtre ; covariables invariantes dans le temps absorbées par les effets fixes unité : log_pop, share_women_1549, level_pre, pretrend_pre ; comparaisons sur la fenêtre identifiée (années < 2023, cohorte 2023 recodée contrôle, 60 unités de contrôle) ; cellules −8 et +8 bornées",event,0.0,5558.0,0.0,0.0,2003.0,2024.0,,,,,,,,,,,,
h2,H2,H2b,"log(naissances+0,5 / 1 000 f. 25-39)","unités avec covariables, bascule 4G ; fenêtre identifiée ≤ 2022, cohorte 2023 = contrôle",sunab,5,-0.1732714112483499,0.0345025662511526,-0.2408951984748162,-0.1056476240218837,5.113986109721473e-07,5558,122276,False,"test primaire du papier (Brésil) ; fenêtre 2003-2024 ; 5558 traitées, 0 jamais traitées sur la fenêtre ; covariables invariantes dans le temps absorbées par les effets fixes unité : log_pop, share_women_1549, level_pre, pretrend_pre ; comparaisons sur la fenêtre identifiée (années < 2023, cohorte 2023 recodée contrôle, 60 unités de contrôle) ; cellules −8 et +8 bornées",event,0.0,5558.0,0.0,0.0,2003.0,2024.0,,,,,,,,,,,,
h2,H2,H2b,"log(naissances+0,5 / 1 000 f. 25-39)","unités avec covariables, bascule 4G ; fenêtre identifiée ≤ 2022, cohorte 2023 = contrôle",sunab,6,-0.1995156871654953,0.0449374896699341,-0.2875915484742069,-0.1114398258567837,9.002184531964097e-06,5558,122276,False,"test primaire du papier (Brésil) ; fenêtre 2003-2024 ; 5558 traitées, 0 jamais traitées sur la fenêtre ; covariables invariantes dans le temps absorbées par les effets fixes unité : log_pop, share_women_1549, level_pre, pretrend_pre ; comparaisons sur la fenêtre identifiée (années < 2023, cohorte 2023 recodée contrôle, 60 unités de contrôle) ; cellules −8 et +8 bornées",event,0.0,5558.0,0.0,0.0,2003.0,2024.0,,,,,,,,,,,,
h2,H2,H2b,"log(naissances+0,5 / 1 000 f. 25-39)","unités avec covariables, bascule 4G ; fenêtre identifiée ≤ 2022, cohorte 2023 = contrôle",sunab,7,-0.2700319608972061,0.0564652489593011,-0.3807018152355241,-0.1593621065588881,1.7332826110863628e-06,5558,122276,False,"test primaire du papier (Brésil) ; fenêtre 2003-2024 ; 5558 traitées, 0 jamais traitées sur la fenêtre ; covariables invariantes dans le temps absorbées par les effets fixes unité : log_pop, share_women_1549, level_pre, pretrend_pre ; comparaisons sur la fenêtre identifiée (années < 2023, cohorte 2023 recodée contrôle, 60 unités de contrôle) ; cellules −8 et +8 bornées",event,0.0,5558.0,0.0,0.0,2003.0,2024.0,,,,,,,,,,,,
h2,H2,H2b,"log(naissances+0,5 / 1 000 f. 25-39)","unités avec covariables, bascule 4G ; fenêtre identifiée ≤ 2022, cohorte 2023 = contrôle",sunab,8,-0.38318930271932,0.0630166367394667,-0.5066996411555185,-0.2596789642831217,1.1961115713022103e-09,5558,122276,False,"test primaire du papier (Brésil) ; fenêtre 2003-2024 ; 5558 traitées, 0 jamais traitées sur la fenêtre ; covariables invariantes dans le temps absorbées par les effets fixes unité : log_pop, share_women_1549, level_pre, pretrend_pre ; comparaisons sur la fenêtre identifiée (années < 2023, cohorte 2023 recodée contrôle, 60 unités de contrôle) ; cellules −8 et +8 bornées",event,0.0,5558.0,0.0,0.0,2003.0,2024.0,,,,,,,,,,,,
h2,H2,H2b,"log(naissances+0,5 / 1 000 f. 25-39)","unités avec covariables, bascule 4G ; fenêtre identifiée ≤ 2022, cohorte 2023 = contrôle",sunab,"ATT[1,5]",-0.0981243965829251,0.0249187066870925,-0.1469641642309439,-0.0492846289349062,8.223877968225742e-05,5558,122276,False,"test primaire du papier (Brésil) ; fenêtre 2003-2024 ; 5558 traitées, 0 jamais traitées sur la fenêtre ; covariables invariantes dans le temps absorbées par les effets fixes unité : log_pop, share_women_1549, level_pre, pretrend_pre ; comparaisons sur la fenêtre identifiée (années < 2023, cohorte 2023 recodée contrôle, 60 unités de contrôle) ; écart-type avec covariance complète (w'Vw)",post_avg,0.0,5558.0,0.0,0.0,2003.0,2024.0,,,,,,,,,,,,
h2,H2,H2b,"log(naissances+0,5 / 1 000 f. 25-39)","unités avec covariables, bascule 4G ; fenêtre identifiée ≤ 2022, cohorte 2023 = contrôle",sunab,Wald pré (-8..−2),16.317315659678354,,,,0.0223702673440888,5558,122276,False,"test de Wald joint, covariance groupée, df = 7 ; fenêtre 2003-2024 ; 5558 traitées, 0 jamais traitées sur la fenêtre",pre_test,0.0,5558.0,0.0,0.0,2003.0,2024.0,,,,,,,,,,,7.0,
h2,H2,H2b,"log(naissances+0,5 / 1 000 f. 25-39)","unités avec covariables, bascule 4G ; fenêtre identifiée ≤ 2022, cohorte 2023 = contrôle",did2s,-8,-0.0007448617628021,0.0005337484270448,-0.0017909894566149,0.0003012659310105,0.1628561760375724,5558,122276,False,"test primaire du papier (Brésil) ; fenêtre 2003-2024 ; 5558 traitées, 0 jamais traitées sur la fenêtre ; covariables invariantes dans le temps absorbées par les effets fixes unité : log_pop, share_women_1549, level_pre, pretrend_pre ; comparaisons sur la fenêtre identifiée (années < 2023, cohorte 2023 recodée contrôle, 60 unités de contrôle) ; cellules −8 et +8 bornées ; did2s en deux étapes implémenté directement (pyfixest.did2s dépasse la mémoire au-delà de 5 000 unités), écarts-types par bootstrap par grappes (50 tirages, grappe = unit)",event,0.0,5558.0,0.0,0.0,2003.0,2024.0,,,,,,,,,,,,
h2,H2,H2b,"log(naissances+0,5 / 1 000 f. 25-39)","unités avec covariables, bascule 4G ; fenêtre identifiée ≤ 2022, cohorte 2023 = contrôle",did2s,-7,-0.0053822031155,0.0025247867598903,-0.0103306942335287,-0.0004337119974714,0.0330277643292971,5558,122276,False,"test primaire du papier (Brésil) ; fenêtre 2003-2024 ; 5558 traitées, 0 jamais traitées sur la fenêtre ; covariables invariantes dans le temps absorbées par les effets fixes unité : log_pop, share_women_1549, level_pre, pretrend_pre ; comparaisons sur la fenêtre identifiée (années < 2023, cohorte 2023 recodée contrôle, 60 unités de contrôle) ; cellules −8 et +8 bornées ; did2s en deux étapes implémenté directement (pyfixest.did2s dépasse la mémoire au-delà de 5 000 unités), écarts-types par bootstrap par grappes (50 tirages, grappe = unit)",event,0.0,5558.0,0.0,0.0,2003.0,2024.0,,,,,,,,,,,,
h2,H2,H2b,"log(naissances+0,5 / 1 000 f. 25-39)","unités avec covariables, bascule 4G ; fenêtre identifiée ≤ 2022, cohorte 2023 = contrôle",did2s,-6,-0.0042936127572772,0.0022650132573739,-0.008732957166236,0.0001457316516814,0.0580098242476633,5558,122276,False,"test primaire du papier (Brésil) ; fenêtre 2003-2024 ; 5558 traitées, 0 jamais traitées sur la fenêtre ; covariables invariantes dans le temps absorbées par les effets fixes unité : log_pop, share_women_1549, level_pre, pretrend_pre ; comparaisons sur la fenêtre identifiée (années < 2023, cohorte 2023 recodée contrôle, 60 unités de contrôle) ; cellules −8 et +8 bornées ; did2s en deux étapes implémenté directement (pyfixest.did2s dépasse la mémoire au-delà de 5 000 unités), écarts-types par bootstrap par grappes (50 tirages, grappe = unit)",event,0.0,5558.0,0.0,0.0,2003.0,2024.0,,,,,,,,,,,,
h2,H2,H2b,"log(naissances+0,5 / 1 000 f. 25-39)","unités avec covariables, bascule 4G ; fenêtre identifiée ≤ 2022, cohorte 2023 = contrôle",did2s,-5,-0.0047202618892391,0.002314994580233,-0.0092575678909013,-0.0001829558875769,0.0414505474768026,5558,122276,False,"test primaire du papier (Brésil) ; fenêtre 2003-2024 ; 5558 traitées, 0 jamais traitées sur la fenêtre ; covariables invariantes dans le temps absorbées par les effets fixes unité : log_pop, share_women_1549, level_pre, pretrend_pre ; comparaisons sur la fenêtre identifiée (années < 2023, cohorte 2023 recodée contrôle, 60 unités de contrôle) ; cellules −8 et +8 bornées ; did2s en deux étapes implémenté directement (pyfixest.did2s dépasse la mémoire au-delà de 5 000 unités), écarts-types par bootstrap par grappes (50 tirages, grappe = unit)",event,0.0,5558.0,0.0,0.0,2003.0,2024.0,,,,,,,,,,,,
h2,H2,H2b,"log(naissances+0,5 / 1 000 f. 25-39)","unités avec covariables, bascule 4G ; fenêtre identifiée ≤ 2022, cohorte 2023 = contrôle",did2s,-4,-0.0018533389261647,0.0020836113138731,-0.0059371420591363,0.0022304642068068,0.3737430183050559,5558,122276,False,"test primaire du papier (Brésil) ; fenêtre 2003-2024 ; 5558 traitées, 0 jamais traitées sur la fenêtre ; covariables invariantes dans le temps absorbées par les effets fixes unité : log_pop, share_women_1549, level_pre, pretrend_pre ; comparaisons sur la fenêtre identifiée (années < 2023, cohorte 2023 recodée contrôle, 60 unités de contrôle) ; cellules −8 et +8 bornées ; did2s en deux étapes implémenté directement (pyfixest.did2s dépasse la mémoire au-delà de 5 000 unités), écarts-types par bootstrap par grappes (50 tirages, grappe = unit)",event,0.0,5558.0,0.0,0.0,2003.0,2024.0,,,,,,,,,,,,
h2,H2,H2b,"log(naissances+0,5 / 1 000 f. 25-39)","unités avec covariables, bascule 4G ; fenêtre identifiée ≤ 2022, cohorte 2023 = contrôle",did2s,-3,0.0043191213344379,0.0020998297831768,0.0002035305857468,0.0084347120831291,0.0396966957775379,5558,122276,False,"test primaire du papier (Brésil) ; fenêtre 2003-2024 ; 5558 traitées, 0 jamais traitées sur la fenêtre ; covariables invariantes dans le temps absorbées par les effets fixes unité : log_pop, share_women_1549, level_pre, pretrend_pre ; comparaisons sur la fenêtre identifiée (années < 2023, cohorte 2023 recodée contrôle, 60 unités de contrôle) ; cellules −8 et +8 bornées ; did2s en deux étapes implémenté directement (pyfixest.did2s dépasse la mémoire au-delà de 5 000 unités), écarts-types par bootstrap par grappes (50 tirages, grappe = unit)",event,0.0,5558.0,0.0,0.0,2003.0,2024.0,,,,,,,,,,,,
h2,H2,H2b,"log(naissances+0,5 / 1 000 f. 25-39)","unités avec covariables, bascule 4G ; fenêtre identifiée ≤ 2022, cohorte 2023 = contrôle",did2s,-2,0.0058913936920011,0.0025409083347901,0.0009113048677947,0.0108714825162075,0.0204158032931164,5558,122276,False,"test primaire du papier (Brésil) ; fenêtre 2003-2024 ; 5558 traitées, 0 jamais traitées sur la fenêtre ; covariables invariantes dans le temps absorbées par les effets fixes unité : log_pop, share_women_1549, level_pre, pretrend_pre ; comparaisons sur la fenêtre identifiée (années < 2023, cohorte 2023 recodée contrôle, 60 unités de contrôle) ; cellules −8 et +8 bornées ; did2s en deux étapes implémenté directement (pyfixest.did2s dépasse la mémoire au-delà de 5 000 unités), écarts-types par bootstrap par grappes (50 tirages, grappe = unit)",event,0.0,5558.0,0.0,0.0,2003.0,2024.0,,,,,,,,,,,,
h2,H2,H2b,"log(naissances+0,5 / 1 000 f. 25-39)","unités avec covariables, bascule 4G ; fenêtre identifiée ≤ 2022, cohorte 2023 = contrôle",did2s,0,0.0026738440324419,0.0062408674435567,-0.0095580313892177,0.0149057194541016,0.6683300164847755,5558,122276,False,"test primaire du papier (Brésil) ; fenêtre 2003-2024 ; 5558 traitées, 0 jamais traitées sur la fenêtre ; covariables invariantes dans le temps absorbées par les effets fixes unité : log_pop, share_women_1549, level_pre, pretrend_pre ; comparaisons sur la fenêtre identifiée (années < 2023, cohorte 2023 recodée contrôle, 60 unités de contrôle) ; cellules −8 et +8 bornées ; did2s en deux étapes implémenté directement (pyfixest.did2s dépasse la mémoire au-delà de 5 000 unités), écarts-types par bootstrap par grappes (50 tirages, grappe = unit)",event,0.0,5558.0,0.0,0.0,2003.0,2024.0,,,,,,,,,,,,
h2,H2,H2b,"log(naissances+0,5 / 1 000 f. 25-39)","unités avec covariables, bascule 4G ; fenêtre identifiée ≤ 2022, cohorte 2023 = contrôle",did2s,1,-0.0064446661892895,0.0085539970312736,-0.0232101922944484,0.0103208599158694,0.4512036255897274,5558,122276,False,"test primaire du papier (Brésil) ; fenêtre 2003-2024 ; 5558 traitées, 0 jamais traitées sur la fenêtre ; covariables invariantes dans le temps absorbées par les effets fixes unité : log_pop, share_women_1549, level_pre, pretrend_pre ; comparaisons sur la fenêtre identifiée (années < 2023, cohorte 2023 recodée contrôle, 60 unités de contrôle) ; cellules −8 et +8 bornées ; did2s en deux étapes implémenté directement (pyfixest.did2s dépasse la mémoire au-delà de 5 000 unités), écarts-types par bootstrap par grappes (50 tirages, grappe = unit)",event,0.0,5558.0,0.0,0.0,2003.0,2024.0,,,,,,,,,,,,
h2,H2,H2b,"log(naissances+0,5 / 1 000 f. 25-39)","unités avec covariables, bascule 4G ; fenêtre identifiée ≤ 2022, cohorte 2023 = contrôle",did2s,2,-0.0184256714615488,0.0128002440398653,-0.0435136887730083,0.0066623458499106,0.1500150996001167,5558,122276,False,"test primaire du papier (Brésil) ; fenêtre 2003-2024 ; 5558 traitées, 0 jamais traitées sur la fenêtre ; covariables invariantes dans le temps absorbées par les effets fixes unité : log_pop, share_women_1549, level_pre, pretrend_pre ; comparaisons sur la fenêtre identifiée (années < 2023, cohorte 2023 recodée contrôle, 60 unités de contrôle) ; cellules −8 et +8 bornées ; did2s en deux étapes implémenté directement (pyfixest.did2s dépasse la mémoire au-delà de 5 000 unités), écarts-types par bootstrap par grappes (50 tirages, grappe = unit)",event,0.0,5558.0,0.0,0.0,2003.0,2024.0,,,,,,,,,,,,
h2,H2,H2b,"log(naissances+0,5 / 1 000 f. 25-39)","unités avec covariables, bascule 4G ; fenêtre identifiée ≤ 2022, cohorte 2023 = contrôle",did2s,3,-0.0464376218603739,0.0205299191459774,-0.0866755239920089,-0.0061997197287389,0.023700579201498,5558,122276,False,"test primaire du papier (Brésil) ; fenêtre 2003-2024 ; 5558 traitées, 0 jamais traitées sur la fenêtre ; covariables invariantes dans le temps absorbées par les effets fixes unité : log_pop, share_women_1549, level_pre, pretrend_pre ; comparaisons sur la fenêtre identifiée (années < 2023, cohorte 2023 recodée contrôle, 60 unités de contrôle) ; cellules −8 et +8 bornées ; did2s en deux étapes implémenté directement (pyfixest.did2s dépasse la mémoire au-delà de 5 000 unités), écarts-types par bootstrap par grappes (50 tirages, grappe = unit)",event,0.0,5558.0,0.0,0.0,2003.0,2024.0,,,,,,,,,,,,
h2,H2,H2b,"log(naissances+0,5 / 1 000 f. 25-39)","unités avec covariables, bascule 4G ; fenêtre identifiée ≤ 2022, cohorte 2023 = contrôle",did2s,4,-0.1016686953374654,0.0300111936568126,-0.160489554037875,-0.0428478366370558,0.0007048323989979,5558,122276,False,"test primaire du papier (Brésil) ; fenêtre 2003-2024 ; 5558 traitées, 0 jamais traitées sur la fenêtre ; covariables invariantes dans le temps absorbées par les effets fixes unité : log_pop, share_women_1549, level_pre, pretrend_pre ; comparaisons sur la fenêtre identifiée (années < 2023, cohorte 2023 recodée contrôle, 60 unités de contrôle) ; cellules −8 et +8 bornées ; did2s en deux étapes implémenté directement (pyfixest.did2s dépasse la mémoire au-delà de 5 000 unités), écarts-types par bootstrap par grappes (50 tirages, grappe = unit)",event,0.0,5558.0,0.0,0.0,2003.0,2024.0,,,,,,,,,,,,
h2,H2,H2b,"log(naissances+0,5 / 1 000 f. 25-39)","unités avec covariables, bascule 4G ; fenêtre identifiée ≤ 2022, cohorte 2023 = contrôle",did2s,5,-0.1724686909496921,0.0478174916728376,-0.2661892524594978,-0.0787481294398865,0.0003099823760198,5558,122276,False,"test primaire du papier (Brésil) ; fenêtre 2003-2024 ; 5558 traitées, 0 jamais traitées sur la fenêtre ; covariables invariantes dans le temps absorbées par les effets fixes unité : log_pop, share_women_1549, level_pre, pretrend_pre ; comparaisons sur la fenêtre identifiée (années < 2023, cohorte 2023 recodée contrôle, 60 unités de contrôle) ; cellules −8 et +8 bornées ; did2s en deux étapes implémenté directement (pyfixest.did2s dépasse la mémoire au-delà de 5 000 unités), écarts-types par bootstrap par grappes (50 tirages, grappe = unit)",event,0.0,5558.0,0.0,0.0,2003.0,2024.0,,,,,,,,,,,,
h2,H2,H2b,"log(naissances+0,5 / 1 000 f. 25-39)","unités avec covariables, bascule 4G ; fenêtre identifiée ≤ 2022, cohorte 2023 = contrôle",did2s,6,-0.1565848509583028,0.0423176242223684,-0.2395258703454448,-0.0736438315711608,0.0002154059909054,5558,122276,False,"test primaire du papier (Brésil) ; fenêtre 2003-2024 ; 5558 traitées, 0 jamais traitées sur la fenêtre ; covariables invariantes dans le temps absorbées par les effets fixes unité : log_pop, share_women_1549, level_pre, pretrend_pre ; comparaisons sur la fenêtre identifiée (années < 2023, cohorte 2023 recodée contrôle, 60 unités de contrôle) ; cellules −8 et +8 bornées ; did2s en deux étapes implémenté directement (pyfixest.did2s dépasse la mémoire au-delà de 5 000 unités), écarts-types par bootstrap par grappes (50 tirages, grappe = unit)",event,0.0,5558.0,0.0,0.0,2003.0,2024.0,,,,,,,,,,,,
h2,H2,H2b,"log(naissances+0,5 / 1 000 f. 25-39)","unités avec covariables, bascule 4G ; fenêtre identifiée ≤ 2022, cohorte 2023 = contrôle",did2s,7,-0.1703443035837692,0.0470490828579473,-0.2625588114909869,-0.0781297956765516,0.0002939593992208,5558,122276,False,"test primaire du papier (Brésil) ; fenêtre 2003-2024 ; 5558 traitées, 0 jamais traitées sur la fenêtre ; covariables invariantes dans le temps absorbées par les effets fixes unité : log_pop, share_women_1549, level_pre, pretrend_pre ; comparaisons sur la fenêtre identifiée (années < 2023, cohorte 2023 recodée contrôle, 60 unités de contrôle) ; cellules −8 et +8 bornées ; did2s en deux étapes implémenté directement (pyfixest.did2s dépasse la mémoire au-delà de 5 000 unités), écarts-types par bootstrap par grappes (50 tirages, grappe = unit)",event,0.0,5558.0,0.0,0.0,2003.0,2024.0,,,,,,,,,,,,
h2,H2,H2b,"log(naissances+0,5 / 1 000 f. 25-39)","unités avec covariables, bascule 4G ; fenêtre identifiée ≤ 2022, cohorte 2023 = contrôle",did2s,8,-0.2511802705465796,0.0598203196085543,-0.3684259425230213,-0.1339345985701379,2.6820026478533844e-05,5558,122276,False,"test primaire du papier (Brésil) ; fenêtre 2003-2024 ; 5558 traitées, 0 jamais traitées sur la fenêtre ; covariables invariantes dans le temps absorbées par les effets fixes unité : log_pop, share_women_1549, level_pre, pretrend_pre ; comparaisons sur la fenêtre identifiée (années < 2023, cohorte 2023 recodée contrôle, 60 unités de contrôle) ; cellules −8 et +8 bornées ; did2s en deux étapes implémenté directement (pyfixest.did2s dépasse la mémoire au-delà de 5 000 unités), écarts-types par bootstrap par grappes (50 tirages, grappe = unit)",event,0.0,5558.0,0.0,0.0,2003.0,2024.0,,,,,,,,,,,,
h2,H2,H2b,"log(naissances+0,5 / 1 000 f. 25-39)","unités avec covariables, bascule 4G ; fenêtre identifiée ≤ 2022, cohorte 2023 = contrôle",did2s,"ATT[1,5]",-0.0690890691596739,0.0222988118799298,-0.1127939373423703,-0.0253842009769775,0.001946148437678,5558,122276,False,"test primaire du papier (Brésil) ; fenêtre 2003-2024 ; 5558 traitées, 0 jamais traitées sur la fenêtre ; covariables invariantes dans le temps absorbées par les effets fixes unité : log_pop, share_women_1549, level_pre, pretrend_pre ; comparaisons sur la fenêtre identifiée (années < 2023, cohorte 2023 recodée contrôle, 60 unités de contrôle) ; écart-type avec covariance complète (w'Vw)",post_avg,0.0,5558.0,0.0,0.0,2003.0,2024.0,,,,,,,,,,,,
h2,H2,H2b,"log(naissances+0,5 / 1 000 f. 25-39)","unités avec covariables, bascule 4G ; fenêtre identifiée ≤ 2022, cohorte 2023 = contrôle",did2s,Wald pré (-8..−2),28.3522434105336,,,,0.000189806054694,5558,122276,False,"test de Wald joint, covariance groupée, df = 7 ; fenêtre 2003-2024 ; 5558 traitées, 0 jamais traitées sur la fenêtre",pre_test,0.0,5558.0,0.0,0.0,2003.0,2024.0,,,,,,,,,,,7.0,
h2,H2,H2b,"log(naissances+0,5 / 1 000 f. 25-39)","unités avec covariables, bascule 4G ; fenêtre identifiée ≤ 2022, cohorte 2023 = contrôle",twfe,-8,-0.0660882418150107,0.0223916419957414,-0.1099750536813785,-0.0222014299486429,0.0031626608055377,5558,122276,False,"test primaire du papier (Brésil) ; fenêtre 2003-2024 ; 5558 traitées, 0 jamais traitées sur la fenêtre ; covariables invariantes dans le temps absorbées par les effets fixes unité : log_pop, share_women_1549, level_pre, pretrend_pre ; comparaisons sur la fenêtre identifiée (années < 2023, cohorte 2023 recodée contrôle, 60 unités de contrôle) ; cellules −8 et +8 bornées",event,0.0,5558.0,0.0,0.0,2003.0,2024.0,,,,,,,,,,,,
h2,H2,H2b,"log(naissances+0,5 / 1 000 f. 25-39)","unités avec covariables, bascule 4G ; fenêtre identifiée ≤ 2022, cohorte 2023 = contrôle",twfe,-7,-0.0629520367122458,0.0177289964830081,-0.097700231300979,-0.0282038421235125,0.0003840690626402,5558,122276,False,"test primaire du papier (Brésil) ; fenêtre 2003-2024 ; 5558 traitées, 0 jamais traitées sur la fenêtre ; covariables invariantes dans le temps absorbées par les effets fixes unité : log_pop, share_women_1549, level_pre, pretrend_pre ; comparaisons sur la fenêtre identifiée (années < 2023, cohorte 2023 recodée contrôle, 60 unités de contrôle) ; cellules −8 et +8 bornées",event,0.0,5558.0,0.0,0.0,2003.0,2024.0,,,,,,,,,,,,
h2,H2,H2b,"log(naissances+0,5 / 1 000 f. 25-39)","unités avec covariables, bascule 4G ; fenêtre identifiée ≤ 2022, cohorte 2023 = contrôle",twfe,-6,-0.0564785185165879,0.0151366785246678,-0.0861458632704977,-0.0268111737626781,0.0001905426846659,5558,122276,False,"test primaire du papier (Brésil) ; fenêtre 2003-2024 ; 5558 traitées, 0 jamais traitées sur la fenêtre ; covariables invariantes dans le temps absorbées par les effets fixes unité : log_pop, share_women_1549, level_pre, pretrend_pre ; comparaisons sur la fenêtre identifiée (années < 2023, cohorte 2023 recodée contrôle, 60 unités de contrôle) ; cellules −8 et +8 bornées",event,0.0,5558.0,0.0,0.0,2003.0,2024.0,,,,,,,,,,,,
h2,H2,H2b,"log(naissances+0,5 / 1 000 f. 25-39)","unités avec covariables, bascule 4G ; fenêtre identifiée ≤ 2022, cohorte 2023 = contrôle",twfe,-5,-0.0504872086324114,0.0125601603116998,-0.0751046704833924,-0.0258697467814303,5.828938608215268e-05,5558,122276,False,"test primaire du papier (Brésil) ; fenêtre 2003-2024 ; 5558 traitées, 0 jamais traitées sur la fenêtre ; covariables invariantes dans le temps absorbées par les effets fixes unité : log_pop, share_women_1549, level_pre, pretrend_pre ; comparaisons sur la fenêtre identifiée (années < 2023, cohorte 2023 recodée contrôle, 60 unités de contrôle) ; cellules −8 et +8 bornées",event,0.0,5558.0,0.0,0.0,2003.0,2024.0,,,,,,,,,,,,
h2,H2,H2b,"log(naissances+0,5 / 1 000 f. 25-39)","unités avec covariables, bascule 4G ; fenêtre identifiée ≤ 2022, cohorte 2023 = contrôle",twfe,-4,-0.0392980471741645,0.0098348849223527,-0.0585740674140718,-0.0200220269342572,6.448129831784275e-05,5558,122276,False,"test primaire du papier (Brésil) ; fenêtre 2003-2024 ; 5558 traitées, 0 jamais traitées sur la fenêtre ; covariables invariantes dans le temps absorbées par les effets fixes unité : log_pop, share_women_1549, level_pre, pretrend_pre ; comparaisons sur la fenêtre identifiée (années < 2023, cohorte 2023 recodée contrôle, 60 unités de contrôle) ; cellules −8 et +8 bornées",event,0.0,5558.0,0.0,0.0,2003.0,2024.0,,,,,,,,,,,,
h2,H2,H2b,"log(naissances+0,5 / 1 000 f. 25-39)","unités avec covariables, bascule 4G ; fenêtre identifiée ≤ 2022, cohorte 2023 = contrôle",twfe,-3,-0.0245169911940313,0.0072469294681022,-0.0387207119500137,-0.0103132704380488,0.0007167598300347,5558,122276,False,"test primaire du papier (Brésil) ; fenêtre 2003-2024 ; 5558 traitées, 0 jamais traitées sur la fenêtre ; covariables invariantes dans le temps absorbées par les effets fixes unité : log_pop, share_women_1549, level_pre, pretrend_pre ; comparaisons sur la fenêtre identifiée (années < 2023, cohorte 2023 recodée contrôle, 60 unités de contrôle) ; cellules −8 et +8 bornées",event,0.0,5558.0,0.0,0.0,2003.0,2024.0,,,,,,,,,,,,
h2,H2,H2b,"log(naissances+0,5 / 1 000 f. 25-39)","unités avec covariables, bascule 4G ; fenêtre identifiée ≤ 2022, cohorte 2023 = contrôle",twfe,-2,-0.0151533388686419,0.004615357163431,-0.0241992726847557,-0.0061074050525281,0.0010262018437465,5558,122276,False,"test primaire du papier (Brésil) ; fenêtre 2003-2024 ; 5558 traitées, 0 jamais traitées sur la fenêtre ; covariables invariantes dans le temps absorbées par les effets fixes unité : log_pop, share_women_1549, level_pre, pretrend_pre ; comparaisons sur la fenêtre identifiée (années < 2023, cohorte 2023 recodée contrôle, 60 unités de contrôle) ; cellules −8 et +8 bornées",event,0.0,5558.0,0.0,0.0,2003.0,2024.0,,,,,,,,,,,,
h2,H2,H2b,"log(naissances+0,5 / 1 000 f. 25-39)","unités avec covariables, bascule 4G ; fenêtre identifiée ≤ 2022, cohorte 2023 = contrôle",twfe,0,0.006658424414155,0.0045566379793349,-0.0022724219159288,0.0155892707442389,0.143944608352017,5558,122276,False,"test primaire du papier (Brésil) ; fenêtre 2003-2024 ; 5558 traitées, 0 jamais traitées sur la fenêtre ; covariables invariantes dans le temps absorbées par les effets fixes unité : log_pop, share_women_1549, level_pre, pretrend_pre ; comparaisons sur la fenêtre identifiée (années < 2023, cohorte 2023 recodée contrôle, 60 unités de contrôle) ; cellules −8 et +8 bornées",event,0.0,5558.0,0.0,0.0,2003.0,2024.0,,,,,,,,,,,,
h2,H2,H2b,"log(naissances+0,5 / 1 000 f. 25-39)","unités avec covariables, bascule 4G ; fenêtre identifiée ≤ 2022, cohorte 2023 = contrôle",twfe,1,0.0141207883315,0.0069852937786833,0.0004298641038488,0.0278117125591511,0.0432277812943942,5558,122276,False,"test primaire du papier (Brésil) ; fenêtre 2003-2024 ; 5558 traitées, 0 jamais traitées sur la fenêtre ; covariables invariantes dans le temps absorbées par les effets fixes unité : log_pop, share_women_1549, level_pre, pretrend_pre ; comparaisons sur la fenêtre identifiée (années < 2023, cohorte 2023 recodée contrôle, 60 unités de contrôle) ; cellules −8 et +8 bornées",event,0.0,5558.0,0.0,0.0,2003.0,2024.0,,,,,,,,,,,,
h2,H2,H2b,"log(naissances+0,5 / 1 000 f. 25-39)","unités avec covariables, bascule 4G ; fenêtre identifiée ≤ 2022, cohorte 2023 = contrôle",twfe,2,0.0154038947347723,0.0097899089270897,-0.0037839741742508,0.0345917636437954,0.115615542745606,5558,122276,False,"test primaire du papier (Brésil) ; fenêtre 2003-2024 ; 5558 traitées, 0 jamais traitées sur la fenêtre ; covariables invariantes dans le temps absorbées par les effets fixes unité : log_pop, share_women_1549, level_pre, pretrend_pre ; comparaisons sur la fenêtre identifiée (années < 2023, cohorte 2023 recodée contrôle, 60 unités de contrôle) ; cellules −8 et +8 bornées",event,0.0,5558.0,0.0,0.0,2003.0,2024.0,,,,,,,,,,,,
h2,H2,H2b,"log(naissances+0,5 / 1 000 f. 25-39)","unités avec covariables, bascule 4G ; fenêtre identifiée ≤ 2022, cohorte 2023 = contrôle",twfe,3,0.0223978799584225,0.0126960877676754,-0.0024859948107808,0.0472817547276258,0.0777057111023335,5558,122276,False,"test primaire du papier (Brésil) ; fenêtre 2003-2024 ; 5558 traitées, 0 jamais traitées sur la fenêtre ; covariables invariantes dans le temps absorbées par les effets fixes unité : log_pop, share_women_1549, level_pre, pretrend_pre ; comparaisons sur la fenêtre identifiée (années < 2023, cohorte 2023 recodée contrôle, 60 unités de contrôle) ; cellules −8 et +8 bornées",event,0.0,5558.0,0.0,0.0,2003.0,2024.0,,,,,,,,,,,,
h2,H2,H2b,"log(naissances+0,5 / 1 000 f. 25-39)","unités avec covariables, bascule 4G ; fenêtre identifiée ≤ 2022, cohorte 2023 = contrôle",twfe,4,0.005854469951545,0.0156022105884827,-0.0247253008810905,0.0364342407841806,0.7074869197047414,5558,122276,False,"test primaire du papier (Brésil) ; fenêtre 2003-2024 ; 5558 traitées, 0 jamais traitées sur la fenêtre ; covariables invariantes dans le temps absorbées par les effets fixes unité : log_pop, share_women_1549, level_pre, pretrend_pre ; comparaisons sur la fenêtre identifiée (années < 2023, cohorte 2023 recodée contrôle, 60 unités de contrôle) ; cellules −8 et +8 bornées",event,0.0,5558.0,0.0,0.0,2003.0,2024.0,,,,,,,,,,,,
h2,H2,H2b,"log(naissances+0,5 / 1 000 f. 25-39)","unités avec covariables, bascule 4G ; fenêtre identifiée ≤ 2022, cohorte 2023 = contrôle",twfe,5,-0.0049241530018819,0.0182095152920383,-0.0406141471502085,0.0307658411464446,0.7868398641110599,5558,122276,False,"test primaire du papier (Brésil) ; fenêtre 2003-2024 ; 5558 traitées, 0 jamais traitées sur la fenêtre ; covariables invariantes dans le temps absorbées par les effets fixes unité : log_pop, share_women_1549, level_pre, pretrend_pre ; comparaisons sur la fenêtre identifiée (années < 2023, cohorte 2023 recodée contrôle, 60 unités de contrôle) ; cellules −8 et +8 bornées",event,0.0,5558.0,0.0,0.0,2003.0,2024.0,,,,,,,,,,,,
h2,H2,H2b,"log(naissances+0,5 / 1 000 f. 25-39)","unités avec covariables, bascule 4G ; fenêtre identifiée ≤ 2022, cohorte 2023 = contrôle",twfe,6,-0.0083884382054308,0.0205053509985354,-0.0485781876529128,0.0318013112420511,0.6824770443133684,5558,122276,False,"test primaire du papier (Brésil) ; fenêtre 2003-2024 ; 5558 traitées, 0 jamais traitées sur la fenêtre ; covariables invariantes dans le temps absorbées par les effets fixes unité : log_pop, share_women_1549, level_pre, pretrend_pre ; comparaisons sur la fenêtre identifiée (années < 2023, cohorte 2023 recodée contrôle, 60 unités de contrôle) ; cellules −8 et +8 bornées",event,0.0,5558.0,0.0,0.0,2003.0,2024.0,,,,,,,,,,,,
h2,H2,H2b,"log(naissances+0,5 / 1 000 f. 25-39)","unités avec covariables, bascule 4G ; fenêtre identifiée ≤ 2022, cohorte 2023 = contrôle",twfe,7,-0.0120827683831487,0.023373222228221,-0.0578934421531129,0.0337279053868155,0.6051916257016632,5558,122276,False,"test primaire du papier (Brésil) ; fenêtre 2003-2024 ; 5558 traitées, 0 jamais traitées sur la fenêtre ; covariables invariantes dans le temps absorbées par les effets fixes unité : log_pop, share_women_1549, level_pre, pretrend_pre ; comparaisons sur la fenêtre identifiée (années < 2023, cohorte 2023 recodée contrôle, 60 unités de contrôle) ; cellules −8 et +8 bornées",event,0.0,5558.0,0.0,0.0,2003.0,2024.0,,,,,,,,,,,,
h2,H2,H2b,"log(naissances+0,5 / 1 000 f. 25-39)","unités avec covariables, bascule 4G ; fenêtre identifiée ≤ 2022, cohorte 2023 = contrôle",twfe,8,-0.0509231917333695,0.0258248157979808,-0.1015389006047931,-0.0003074828619459,0.0486243948211505,5558,122276,False,"test primaire du papier (Brésil) ; fenêtre 2003-2024 ; 5558 traitées, 0 jamais traitées sur la fenêtre ; covariables invariantes dans le temps absorbées par les effets fixes unité : log_pop, share_women_1549, level_pre, pretrend_pre ; comparaisons sur la fenêtre identifiée (années < 2023, cohorte 2023 recodée contrôle, 60 unités de contrôle) ; cellules −8 et +8 bornées",event,0.0,5558.0,0.0,0.0,2003.0,2024.0,,,,,,,,,,,,
h2,H2,H2b,"log(naissances+0,5 / 1 000 f. 25-39)","unités avec covariables, bascule 4G ; fenêtre identifiée ≤ 2022, cohorte 2023 = contrôle",twfe,"ATT[1,5]",0.0105705759948715,0.0123074646642922,-0.0135516114881406,0.0346927634778838,0.3904093812420722,5558,122276,False,"test primaire du papier (Brésil) ; fenêtre 2003-2024 ; 5558 traitées, 0 jamais traitées sur la fenêtre ; covariables invariantes dans le temps absorbées par les effets fixes unité : log_pop, share_women_1549, level_pre, pretrend_pre ; comparaisons sur la fenêtre identifiée (années < 2023, cohorte 2023 recodée contrôle, 60 unités de contrôle) ; écart-type avec covariance complète (w'Vw)",post_avg,0.0,5558.0,0.0,0.0,2003.0,2024.0,,,,,,,,,,,,
h2,H2,H2b,"log(naissances+0,5 / 1 000 f. 25-39)","unités avec covariables, bascule 4G ; fenêtre identifiée ≤ 2022, cohorte 2023 = contrôle",twfe,Wald pré (-8..−2),23.22224582854398,,,,0.0015591219367719,5558,122276,False,"test de Wald joint, covariance groupée, df = 7 ; fenêtre 2003-2024 ; 5558 traitées, 0 jamais traitées sur la fenêtre",pre_test,0.0,5558.0,0.0,0.0,2003.0,2024.0,,,,,,,,,,,7.0,
h2,H2,H2b,"log(naissances+0,5 / 1 000 f. 25-39)","unités avec covariables, bascule 4G ; fenêtre identifiée ≤ 2022, cohorte 2023 = contrôle",twfe,ATT,0.0194429830625884,0.0059354857108668,0.0078096448385372,0.0310763212866396,0.0010539338233519,5558,122276,False,"test primaire du papier (Brésil) ; fenêtre 2003-2024 ; 5558 traitées, 0 jamais traitées sur la fenêtre ; covariables invariantes dans le temps absorbées par les effets fixes unité : log_pop, share_women_1549, level_pre, pretrend_pre ; comparaisons sur la fenêtre identifiée (années < 2023, cohorte 2023 recodée contrôle, 60 unités de contrôle)",static,0.0,5558.0,0.0,0.0,2003.0,2024.0,,,,,,,,,,,,
h2,H2,H2b,"log(naissances+0,5 / 1 000 f. 25-39)","unités avec covariables, bascule 4G ; fenêtre complète",twfe,ATT,0.0236668296480015,0.005515374888878,0.0128568935045639,0.0344767657914392,1.7781861467078622e-05,5558,122276,True,"test primaire du papier (Brésil) ; fenêtre 2003-2024 ; 5558 traitées, 0 jamais traitées sur la fenêtre ; covariables invariantes dans le temps absorbées par les effets fixes unité : log_pop, share_women_1549, level_pre, pretrend_pre ; TWFE sur toutes les années (identification par le calendrier des bascules seulement)",static,0.0,5558.0,0.0,0.0,2003.0,2024.0,,,,,,,,,,,,
h2,H2,H2b,"log(naissances+0,5 / 1 000 f. 25-39)","unités avec covariables, bascule 4G ; fenêtre identifiée ≤ 2022, cohorte 2023 = contrôle",twfe_poisson,ATT (log du taux contrefactuel),0.0667281336615661,0.0043517885830969,0.0581987847703635,0.0752574825527686,4.567277151618749e-53,5558,122276,False,"test primaire du papier (Brésil) ; fenêtre 2003-2024 ; 5558 traitées, 0 jamais traitées sur la fenêtre ; covariables invariantes dans le temps absorbées par les effets fixes unité : log_pop, share_women_1549, level_pre, pretrend_pre ; comparaisons sur la fenêtre identifiée (années < 2023, cohorte 2023 recodée contrôle, 60 unités de contrôle) ; Poisson à effets fixes, offset = log(women)",static,0.0,5558.0,0.0,0.0,2003.0,2024.0,,,,,,,,,,,,
h2,H2,H2b,"log(naissances+0,5 / 1 000 f. 25-39)","unités avec covariables, bascule 4G ; fenêtre identifiée ≤ 2022, cohorte 2023 = contrôle",twfe_poisson,ATT en % du taux contrefactuel,6.900481224117683,0.4652082937186807,5.9925671779961,7.816172305337954,4.567277151618749e-53,5558,122276,False,"test primaire du papier (Brésil) ; fenêtre 2003-2024 ; 5558 traitées, 0 jamais traitées sur la fenêtre ; covariables invariantes dans le temps absorbées par les effets fixes unité : log_pop, share_women_1549, level_pre, pretrend_pre ; comparaisons sur la fenêtre identifiée (années < 2023, cohorte 2023 recodée contrôle, 60 unités de contrôle) ; Poisson à effets fixes, offset = log(women)",static,0.0,5558.0,0.0,0.0,2003.0,2024.0,,,,,,,,,,,,
h2,H2,H2b,"log(naissances+0,5 / 1 000 f. 25-39)","unités, sans covariables",cs,-8,-0.0226883891040136,0.0081743049859361,-0.0387097324750945,-0.0066670457329326,0.0055104342812286,5558,122276,False," ; contrôle = not_yet_treated ; fenêtre 2003-2024 ; 5558 traitées, 0 jamais traitées sur la fenêtre ; ATT(g,t) identifiés jusqu'en 2022 (sans unité jamais traitée, la dernière cohorte sert de contrôle)",event,0.0,5558.0,0.0,0.0,2003.0,2024.0,2003.0,2022.0,5558.0,5.0,reg,9.0,5498.0,,,,,
h2,H2,H2b,"log(naissances+0,5 / 1 000 f. 25-39)","unités, sans covariables",cs,-7,-0.0091069927857064,0.0080442737271477,-0.0248734795726978,0.0066594940012849,0.2575887108166559,5558,122276,False," ; contrôle = not_yet_treated ; fenêtre 2003-2024 ; 5558 traitées, 0 jamais traitées sur la fenêtre ; ATT(g,t) identifiés jusqu'en 2022 (sans unité jamais traitée, la dernière cohorte sert de contrôle)",event,0.0,5558.0,0.0,0.0,2003.0,2024.0,2003.0,2022.0,5558.0,5.0,reg,9.0,5498.0,,,,,
h2,H2,H2b,"log(naissances+0,5 / 1 000 f. 25-39)","unités, sans covariables",cs,-6,-0.0102828215856799,0.0075308131678303,-0.0250429441689273,0.0044773009975674,0.1721169657641202,5558,122276,False," ; contrôle = not_yet_treated ; fenêtre 2003-2024 ; 5558 traitées, 0 jamais traitées sur la fenêtre ; ATT(g,t) identifiés jusqu'en 2022 (sans unité jamais traitée, la dernière cohorte sert de contrôle)",event,0.0,5558.0,0.0,0.0,2003.0,2024.0,2003.0,2022.0,5558.0,5.0,reg,9.0,5498.0,,,,,
h2,H2,H2b,"log(naissances+0,5 / 1 000 f. 25-39)","unités, sans covariables",cs,-5,-0.0060334425729934,0.0072648385919274,-0.0202722645666678,0.0082053794206809,0.4062566050738941,5558,122276,False," ; contrôle = not_yet_treated ; fenêtre 2003-2024 ; 5558 traitées, 0 jamais traitées sur la fenêtre ; ATT(g,t) identifiés jusqu'en 2022 (sans unité jamais traitée, la dernière cohorte sert de contrôle)",event,0.0,5558.0,0.0,0.0,2003.0,2024.0,2003.0,2022.0,5558.0,5.0,reg,9.0,5498.0,,,,,
h2,H2,H2b,"log(naissances+0,5 / 1 000 f. 25-39)","unités, sans covariables",cs,-4,-0.0029400969908714,0.0065029255153075,-0.0156855967950208,0.0098054028132779,0.6511831669830824,5558,122276,False," ; contrôle = not_yet_treated ; fenêtre 2003-2024 ; 5558 traitées, 0 jamais traitées sur la fenêtre ; ATT(g,t) identifiés jusqu'en 2022 (sans unité jamais traitée, la dernière cohorte sert de contrôle)",event,0.0,5558.0,0.0,0.0,2003.0,2024.0,2003.0,2022.0,5558.0,5.0,reg,9.0,5498.0,,,,,
h2,H2,H2b,"log(naissances+0,5 / 1 000 f. 25-39)","unités, sans covariables",cs,-3,-0.0007640612582276,0.0058800095980865,-0.0122886682992271,0.0107605457827718,0.896612173352321,5558,122276,False," ; contrôle = not_yet_treated ; fenêtre 2003-2024 ; 5558 traitées, 0 jamais traitées sur la fenêtre ; ATT(g,t) identifiés jusqu'en 2022 (sans unité jamais traitée, la dernière cohorte sert de contrôle)",event,0.0,5558.0,0.0,0.0,2003.0,2024.0,2003.0,2022.0,5558.0,5.0,reg,9.0,5498.0,,,,,
h2,H2,H2b,"log(naissances+0,5 / 1 000 f. 25-39)","unités, sans covariables",cs,-2,-0.0022771288144603,0.0050945398931558,-0.0122622435228483,0.0077079858939275,0.6548935576603016,5558,122276,False," ; contrôle = not_yet_treated ; fenêtre 2003-2024 ; 5558 traitées, 0 jamais traitées sur la fenêtre ; ATT(g,t) identifiés jusqu'en 2022 (sans unité jamais traitée, la dernière cohorte sert de contrôle)",event,0.0,5558.0,0.0,0.0,2003.0,2024.0,2003.0,2022.0,5558.0,5.0,reg,9.0,5498.0,,,,,
h2,H2,H2b,"log(naissances+0,5 / 1 000 f. 25-39)","unités, sans covariables",cs,0,-0.0103761189647213,0.0049971603983646,-0.0201703733704858,-0.0005818645589568,0.0378566917716757,5558,122276,False," ; contrôle = not_yet_treated ; fenêtre 2003-2024 ; 5558 traitées, 0 jamais traitées sur la fenêtre ; ATT(g,t) identifiés jusqu'en 2022 (sans unité jamais traitée, la dernière cohorte sert de contrôle)",event,0.0,5558.0,0.0,0.0,2003.0,2024.0,2003.0,2022.0,5558.0,5.0,reg,9.0,5498.0,,,,,
h2,H2,H2b,"log(naissances+0,5 / 1 000 f. 25-39)","unités, sans covariables",cs,1,-0.0183168876721639,0.0063390783678121,-0.0307412529682528,-0.0058925223760751,0.0038583163461518,5558,122276,False," ; contrôle = not_yet_treated ; fenêtre 2003-2024 ; 5558 traitées, 0 jamais traitées sur la fenêtre ; ATT(g,t) identifiés jusqu'en 2022 (sans unité jamais traitée, la dernière cohorte sert de contrôle)",event,0.0,5558.0,0.0,0.0,2003.0,2024.0,2003.0,2022.0,5558.0,5.0,reg,8.0,5438.0,,,,,
h2,H2,H2b,"log(naissances+0,5 / 1 000 f. 25-39)","unités, sans covariables",cs,2,-0.0336202714217269,0.00855819786194,-0.050394031003697,-0.0168465118397567,8.550263745029505e-05,5558,122276,False," ; contrôle = not_yet_treated ; fenêtre 2003-2024 ; 5558 traitées, 0 jamais traitées sur la fenêtre ; ATT(g,t) identifiés jusqu'en 2022 (sans unité jamais traitée, la dernière cohorte sert de contrôle)",event,0.0,5558.0,0.0,0.0,2003.0,2024.0,2003.0,2022.0,5558.0,5.0,reg,7.0,5268.0,,,,,
h2,H2,H2b,"log(naissances+0,5 / 1 000 f. 25-39)","unités, sans covariables",cs,3,-0.0592886469671491,0.0131089585038059,-0.0849817335094388,-0.0335955604248594,6.103901426368646e-06,5558,122276,False," ; contrôle = not_yet_treated ; fenêtre 2003-2024 ; 5558 traitées, 0 jamais traitées sur la fenêtre ; ATT(g,t) identifiés jusqu'en 2022 (sans unité jamais traitée, la dernière cohorte sert de contrôle)",event,0.0,5558.0,0.0,0.0,2003.0,2024.0,2003.0,2022.0,5558.0,5.0,reg,6.0,4844.0,,,,,
h2,H2,H2b,"log(naissances+0,5 / 1 000 f. 25-39)","unités, sans covariables",cs,4,-0.0965389016168063,0.0212663569505705,-0.1382201953222975,-0.054857607911315,5.638433217185749e-06,5558,122276,False," ; contrôle = not_yet_treated ; fenêtre 2003-2024 ; 5558 traitées, 0 jamais traitées sur la fenêtre ; ATT(g,t) identifiés jusqu'en 2022 (sans unité jamais traitée, la dernière cohorte sert de contrôle)",event,0.0,5558.0,0.0,0.0,2003.0,2024.0,2003.0,2022.0,5558.0,5.0,reg,5.0,4445.0,,,,,
h2,H2,H2b,"log(naissances+0,5 / 1 000 f. 25-39)","unités, sans covariables",cs,5,-0.1594980765988427,0.0343124290791696,-0.2267492018160999,-0.0922469513815854,3.345111635420697e-06,5558,122276,False," ; contrôle = not_yet_treated ; fenêtre 2003-2024 ; 5558 traitées, 0 jamais traitées sur la fenêtre ; ATT(g,t) identifiés jusqu'en 2022 (sans unité jamais traitée, la dernière cohorte sert de contrôle)",event,0.0,5558.0,0.0,0.0,2003.0,2024.0,2003.0,2022.0,5558.0,5.0,reg,4.0,3767.0,,,,,
h2,H2,H2b,"log(naissances+0,5 / 1 000 f. 25-39)","unités, sans covariables",cs,6,-0.1525527904605523,0.0336369448869064,-0.2184799909888477,-0.0866255899322569,5.752851681018772e-06,5558,122276,False," ; contrôle = not_yet_treated ; fenêtre 2003-2024 ; 5558 traitées, 0 jamais traitées sur la fenêtre ; ATT(g,t) identifiés jusqu'en 2022 (sans unité jamais traitée, la dernière cohorte sert de contrôle)",event,0.0,5558.0,0.0,0.0,2003.0,2024.0,2003.0,2022.0,5558.0,5.0,reg,3.0,1032.0,,,,,
h2,H2,H2b,"log(naissances+0,5 / 1 000 f. 25-39)","unités, sans covariables",cs,7,-0.1835855078928359,0.0504023773089532,-0.2823723521535831,-0.0847986636320888,0.000270110236585,5558,122276,False," ; contrôle = not_yet_treated ; fenêtre 2003-2024 ; 5558 traitées, 0 jamais traitées sur la fenêtre ; ATT(g,t) identifiés jusqu'en 2022 (sans unité jamais traitée, la dernière cohorte sert de contrôle)",event,0.0,5558.0,0.0,0.0,2003.0,2024.0,2003.0,2022.0,5558.0,5.0,reg,2.0,481.0,,,,,
h2,H2,H2b,"log(naissances+0,5 / 1 000 f. 25-39)","unités, sans covariables",cs,8,-0.2630018276334345,0.0653065271574219,-0.3910002688173684,-0.1350033864495006,5.644729046738373e-05,5558,122276,False," ; contrôle = not_yet_treated ; fenêtre 2003-2024 ; 5558 traitées, 0 jamais traitées sur la fenêtre ; ATT(g,t) identifiés jusqu'en 2022 (sans unité jamais traitée, la dernière cohorte sert de contrôle)",event,0.0,5558.0,0.0,0.0,2003.0,2024.0,2003.0,2022.0,5558.0,5.0,reg,1.0,187.0,,,,,
h2,H2,H2b,"log(naissances+0,5 / 1 000 f. 25-39)","unités, sans covariables",cs,"ATT[1,5]",-0.0734525568553378,0.0134881368197681,-0.099888819240632,-0.0470162944700436,5.1597527522551256e-08,5558,122276,False," ; contrôle = not_yet_treated ; fenêtre 2003-2024 ; 5558 traitées, 0 jamais traitées sur la fenêtre ; ATT(g,t) identifiés jusqu'en 2022 (sans unité jamais traitée, la dernière cohorte sert de contrôle) ; écart-type avec covariance complète des coefficients (fonctions d'influence)",post_avg,0.0,5558.0,0.0,0.0,2003.0,2024.0,2003.0,2022.0,5558.0,5.0,reg,,,,,5.0,,
h2,H2,H2b,"log(naissances+0,5 / 1 000 f. 25-39)","unités, sans covariables",cs,ATT,-0.062849678812711,0.0104921162306863,-0.0834138487464644,-0.0422855088789577,2.0960719594310472e-09,5558,122276,False," ; contrôle = not_yet_treated ; fenêtre 2003-2024 ; 5558 traitées, 0 jamais traitées sur la fenêtre ; ATT(g,t) identifiés jusqu'en 2022 (sans unité jamais traitée, la dernière cohorte sert de contrôle) ; moyenne de tous les ATT(g,t) post",simple,0.0,5558.0,0.0,0.0,2003.0,2024.0,2003.0,2022.0,5558.0,5.0,reg,,,,,,,
h2,H2,H2b,"log(naissances+0,5 / 1 000 f. 25-39)","unités, sans covariables",cs,Wald pré (-8..-2),10.95404451255992,,,,0.1406361768830596,5558,122276,False,"H5c : test de Wald joint de nullité des coefficients pré avec covariance des fonctions d'influence, df = 7 ; fenêtre 2003-2024 ; 5558 traitées, 0 jamais traitées sur la fenêtre",pre_test,0.0,5558.0,0.0,0.0,2003.0,2024.0,2003.0,2022.0,5558.0,5.0,reg,,,,,,7.0,
h2,H2,H2b,"log(naissances+0,5 / 1 000 f. 25-39)","unités, sans covariables ; fenêtre identifiée ≤ 2022, cohorte 2023 = contrôle",twfe,-8,-0.0660882418150107,0.0223916419957414,-0.1099750536813785,-0.0222014299486429,0.0031626608055377,5558,122276,False," ; fenêtre 2003-2024 ; 5558 traitées, 0 jamais traitées sur la fenêtre ; comparaisons sur la fenêtre identifiée (années < 2023, cohorte 2023 recodée contrôle, 60 unités de contrôle) ; cellules −8 et +8 bornées",event,0.0,5558.0,0.0,0.0,2003.0,2024.0,,,,,,,,,,,,
h2,H2,H2b,"log(naissances+0,5 / 1 000 f. 25-39)","unités, sans covariables ; fenêtre identifiée ≤ 2022, cohorte 2023 = contrôle",twfe,-7,-0.0629520367122458,0.0177289964830081,-0.097700231300979,-0.0282038421235125,0.0003840690626402,5558,122276,False," ; fenêtre 2003-2024 ; 5558 traitées, 0 jamais traitées sur la fenêtre ; comparaisons sur la fenêtre identifiée (années < 2023, cohorte 2023 recodée contrôle, 60 unités de contrôle) ; cellules −8 et +8 bornées",event,0.0,5558.0,0.0,0.0,2003.0,2024.0,,,,,,,,,,,,
h2,H2,H2b,"log(naissances+0,5 / 1 000 f. 25-39)","unités, sans covariables ; fenêtre identifiée ≤ 2022, cohorte 2023 = contrôle",twfe,-6,-0.0564785185165879,0.0151366785246678,-0.0861458632704977,-0.0268111737626781,0.0001905426846659,5558,122276,False," ; fenêtre 2003-2024 ; 5558 traitées, 0 jamais traitées sur la fenêtre ; comparaisons sur la fenêtre identifiée (années < 2023, cohorte 2023 recodée contrôle, 60 unités de contrôle) ; cellules −8 et +8 bornées",event,0.0,5558.0,0.0,0.0,2003.0,2024.0,,,,,,,,,,,,
h2,H2,H2b,"log(naissances+0,5 / 1 000 f. 25-39)","unités, sans covariables ; fenêtre identifiée ≤ 2022, cohorte 2023 = contrôle",twfe,-5,-0.0504872086324114,0.0125601603116998,-0.0751046704833924,-0.0258697467814303,5.828938608215268e-05,5558,122276,False," ; fenêtre 2003-2024 ; 5558 traitées, 0 jamais traitées sur la fenêtre ; comparaisons sur la fenêtre identifiée (années < 2023, cohorte 2023 recodée contrôle, 60 unités de contrôle) ; cellules −8 et +8 bornées",event,0.0,5558.0,0.0,0.0,2003.0,2024.0,,,,,,,,,,,,
h2,H2,H2b,"log(naissances+0,5 / 1 000 f. 25-39)","unités, sans covariables ; fenêtre identifiée ≤ 2022, cohorte 2023 = contrôle",twfe,-4,-0.0392980471741645,0.0098348849223527,-0.0585740674140718,-0.0200220269342572,6.448129831784275e-05,5558,122276,False," ; fenêtre 2003-2024 ; 5558 traitées, 0 jamais traitées sur la fenêtre ; comparaisons sur la fenêtre identifiée (années < 2023, cohorte 2023 recodée contrôle, 60 unités de contrôle) ; cellules −8 et +8 bornées",event,0.0,5558.0,0.0,0.0,2003.0,2024.0,,,,,,,,,,,,
h2,H2,H2b,"log(naissances+0,5 / 1 000 f. 25-39)","unités, sans covariables ; fenêtre identifiée ≤ 2022, cohorte 2023 = contrôle",twfe,-3,-0.0245169911940313,0.0072469294681022,-0.0387207119500137,-0.0103132704380488,0.0007167598300347,5558,122276,False," ; fenêtre 2003-2024 ; 5558 traitées, 0 jamais traitées sur la fenêtre ; comparaisons sur la fenêtre identifiée (années < 2023, cohorte 2023 recodée contrôle, 60 unités de contrôle) ; cellules −8 et +8 bornées",event,0.0,5558.0,0.0,0.0,2003.0,2024.0,,,,,,,,,,,,
h2,H2,H2b,"log(naissances+0,5 / 1 000 f. 25-39)","unités, sans covariables ; fenêtre identifiée ≤ 2022, cohorte 2023 = contrôle",twfe,-2,-0.0151533388686419,0.004615357163431,-0.0241992726847557,-0.0061074050525281,0.0010262018437465,5558,122276,False," ; fenêtre 2003-2024 ; 5558 traitées, 0 jamais traitées sur la fenêtre ; comparaisons sur la fenêtre identifiée (années < 2023, cohorte 2023 recodée contrôle, 60 unités de contrôle) ; cellules −8 et +8 bornées",event,0.0,5558.0,0.0,0.0,2003.0,2024.0,,,,,,,,,,,,
h2,H2,H2b,"log(naissances+0,5 / 1 000 f. 25-39)","unités, sans covariables ; fenêtre identifiée ≤ 2022, cohorte 2023 = contrôle",twfe,0,0.006658424414155,0.0045566379793349,-0.0022724219159288,0.0155892707442389,0.143944608352017,5558,122276,False," ; fenêtre 2003-2024 ; 5558 traitées, 0 jamais traitées sur la fenêtre ; comparaisons sur la fenêtre identifiée (années < 2023, cohorte 2023 recodée contrôle, 60 unités de contrôle) ; cellules −8 et +8 bornées",event,0.0,5558.0,0.0,0.0,2003.0,2024.0,,,,,,,,,,,,
h2,H2,H2b,"log(naissances+0,5 / 1 000 f. 25-39)","unités, sans covariables ; fenêtre identifiée ≤ 2022, cohorte 2023 = contrôle",twfe,1,0.0141207883315,0.0069852937786833,0.0004298641038488,0.0278117125591511,0.0432277812943942,5558,122276,False," ; fenêtre 2003-2024 ; 5558 traitées, 0 jamais traitées sur la fenêtre ; comparaisons sur la fenêtre identifiée (années < 2023, cohorte 2023 recodée contrôle, 60 unités de contrôle) ; cellules −8 et +8 bornées",event,0.0,5558.0,0.0,0.0,2003.0,2024.0,,,,,,,,,,,,
h2,H2,H2b,"log(naissances+0,5 / 1 000 f. 25-39)","unités, sans covariables ; fenêtre identifiée ≤ 2022, cohorte 2023 = contrôle",twfe,2,0.0154038947347723,0.0097899089270897,-0.0037839741742508,0.0345917636437954,0.115615542745606,5558,122276,False," ; fenêtre 2003-2024 ; 5558 traitées, 0 jamais traitées sur la fenêtre ; comparaisons sur la fenêtre identifiée (années < 2023, cohorte 2023 recodée contrôle, 60 unités de contrôle) ; cellules −8 et +8 bornées",event,0.0,5558.0,0.0,0.0,2003.0,2024.0,,,,,,,,,,,,
h2,H2,H2b,"log(naissances+0,5 / 1 000 f. 25-39)","unités, sans covariables ; fenêtre identifiée ≤ 2022, cohorte 2023 = contrôle",twfe,3,0.0223978799584225,0.0126960877676754,-0.0024859948107808,0.0472817547276258,0.0777057111023335,5558,122276,False," ; fenêtre 2003-2024 ; 5558 traitées, 0 jamais traitées sur la fenêtre ; comparaisons sur la fenêtre identifiée (années < 2023, cohorte 2023 recodée contrôle, 60 unités de contrôle) ; cellules −8 et +8 bornées",event,0.0,5558.0,0.0,0.0,2003.0,2024.0,,,,,,,,,,,,
h2,H2,H2b,"log(naissances+0,5 / 1 000 f. 25-39)","unités, sans covariables ; fenêtre identifiée ≤ 2022, cohorte 2023 = contrôle",twfe,4,0.005854469951545,0.0156022105884827,-0.0247253008810905,0.0364342407841806,0.7074869197047414,5558,122276,False," ; fenêtre 2003-2024 ; 5558 traitées, 0 jamais traitées sur la fenêtre ; comparaisons sur la fenêtre identifiée (années < 2023, cohorte 2023 recodée contrôle, 60 unités de contrôle) ; cellules −8 et +8 bornées",event,0.0,5558.0,0.0,0.0,2003.0,2024.0,,,,,,,,,,,,
h2,H2,H2b,"log(naissances+0,5 / 1 000 f. 25-39)","unités, sans covariables ; fenêtre identifiée ≤ 2022, cohorte 2023 = contrôle",twfe,5,-0.0049241530018819,0.0182095152920383,-0.0406141471502085,0.0307658411464446,0.7868398641110599,5558,122276,False," ; fenêtre 2003-2024 ; 5558 traitées, 0 jamais traitées sur la fenêtre ; comparaisons sur la fenêtre identifiée (années < 2023, cohorte 2023 recodée contrôle, 60 unités de contrôle) ; cellules −8 et +8 bornées",event,0.0,5558.0,0.0,0.0,2003.0,2024.0,,,,,,,,,,,,
h2,H2,H2b,"log(naissances+0,5 / 1 000 f. 25-39)","unités, sans covariables ; fenêtre identifiée ≤ 2022, cohorte 2023 = contrôle",twfe,6,-0.0083884382054308,0.0205053509985354,-0.0485781876529128,0.0318013112420511,0.6824770443133684,5558,122276,False," ; fenêtre 2003-2024 ; 5558 traitées, 0 jamais traitées sur la fenêtre ; comparaisons sur la fenêtre identifiée (années < 2023, cohorte 2023 recodée contrôle, 60 unités de contrôle) ; cellules −8 et +8 bornées",event,0.0,5558.0,0.0,0.0,2003.0,2024.0,,,,,,,,,,,,
h2,H2,H2b,"log(naissances+0,5 / 1 000 f. 25-39)","unités, sans covariables ; fenêtre identifiée ≤ 2022, cohorte 2023 = contrôle",twfe,7,-0.0120827683831487,0.023373222228221,-0.0578934421531129,0.0337279053868155,0.6051916257016632,5558,122276,False," ; fenêtre 2003-2024 ; 5558 traitées, 0 jamais traitées sur la fenêtre ; comparaisons sur la fenêtre identifiée (années < 2023, cohorte 2023 recodée contrôle, 60 unités de contrôle) ; cellules −8 et +8 bornées",event,0.0,5558.0,0.0,0.0,2003.0,2024.0,,,,,,,,,,,,
h2,H2,H2b,"log(naissances+0,5 / 1 000 f. 25-39)","unités, sans covariables ; fenêtre identifiée ≤ 2022, cohorte 2023 = contrôle",twfe,8,-0.0509231917333695,0.0258248157979808,-0.1015389006047931,-0.0003074828619459,0.0486243948211505,5558,122276,False," ; fenêtre 2003-2024 ; 5558 traitées, 0 jamais traitées sur la fenêtre ; comparaisons sur la fenêtre identifiée (années < 2023, cohorte 2023 recodée contrôle, 60 unités de contrôle) ; cellules −8 et +8 bornées",event,0.0,5558.0,0.0,0.0,2003.0,2024.0,,,,,,,,,,,,
h2,H2,H2b,"log(naissances+0,5 / 1 000 f. 25-39)","unités, sans covariables ; fenêtre identifiée ≤ 2022, cohorte 2023 = contrôle",twfe,"ATT[1,5]",0.0105705759948715,0.0123074646642922,-0.0135516114881406,0.0346927634778838,0.3904093812420722,5558,122276,False," ; fenêtre 2003-2024 ; 5558 traitées, 0 jamais traitées sur la fenêtre ; comparaisons sur la fenêtre identifiée (années < 2023, cohorte 2023 recodée contrôle, 60 unités de contrôle) ; écart-type avec covariance complète (w'Vw)",post_avg,0.0,5558.0,0.0,0.0,2003.0,2024.0,,,,,,,,,,,,
h2,H2,H2b,"log(naissances+0,5 / 1 000 f. 25-39)","unités, sans covariables ; fenêtre identifiée ≤ 2022, cohorte 2023 = contrôle",twfe,Wald pré (-8..−2),23.22224582854398,,,,0.0015591219367719,5558,122276,False,"test de Wald joint, covariance groupée, df = 7 ; fenêtre 2003-2024 ; 5558 traitées, 0 jamais traitées sur la fenêtre",pre_test,0.0,5558.0,0.0,0.0,2003.0,2024.0,,,,,,,,,,,7.0,
h2,H2,H2b,"log(naissances+0,5 / 1 000 f. 25-39)","unités, sans covariables ; fenêtre identifiée ≤ 2022, cohorte 2023 = contrôle",twfe,ATT,0.0194429830625884,0.0059354857108668,0.0078096448385372,0.0310763212866396,0.0010539338233519,5558,122276,False," ; fenêtre 2003-2024 ; 5558 traitées, 0 jamais traitées sur la fenêtre ; comparaisons sur la fenêtre identifiée (années < 2023, cohorte 2023 recodée contrôle, 60 unités de contrôle)",static,0.0,5558.0,0.0,0.0,2003.0,2024.0,,,,,,,,,,,,
h2,H2,H2b,"log(naissances+0,5 / 1 000 f. 25-39)","unités, sans covariables ; fenêtre complète",twfe,ATT,0.0236668296480015,0.005515374888878,0.0128568935045639,0.0344767657914392,1.7781861467078622e-05,5558,122276,True," ; fenêtre 2003-2024 ; 5558 traitées, 0 jamais traitées sur la fenêtre ; TWFE sur toutes les années (identification par le calendrier des bascules seulement)",static,0.0,5558.0,0.0,0.0,2003.0,2024.0,,,,,,,,,,,,
h2,H2,H2b,naissances / 1 000 f. 25-39 (taux brut),"unités avec covariables, bascule 4G",cs,-8,-5.328834743254915,2.4745444687929026,-10.178852780231804,-0.4788167062780264,0.0312824743270707,5558,122276,False," ; covariables : log_pop, share_women_1549, level_pre, pretrend_pre (doublement robuste) ; contrôle = not_yet_treated ; fenêtre 2003-2024 ; 5558 traitées, 0 jamais traitées sur la fenêtre ; ATT(g,t) identifiés jusqu'en 2022 (sans unité jamais traitée, la dernière cohorte sert de contrôle)",event,0.0,5558.0,0.0,0.0,2003.0,2024.0,2003.0,2022.0,5558.0,5.0,dr,9.0,5498.0,,,,,
h2,H2,H2b,naissances / 1 000 f. 25-39 (taux brut),"unités avec covariables, bascule 4G",cs,-7,-2.8042209951844947,1.3046738507784132,-5.361334754281369,-0.2471072360876198,0.0316054361138513,5558,122276,False," ; covariables : log_pop, share_women_1549, level_pre, pretrend_pre (doublement robuste) ; contrôle = not_yet_treated ; fenêtre 2003-2024 ; 5558 traitées, 0 jamais traitées sur la fenêtre ; ATT(g,t) identifiés jusqu'en 2022 (sans unité jamais traitée, la dernière cohorte sert de contrôle)",event,0.0,5558.0,0.0,0.0,2003.0,2024.0,2003.0,2022.0,5558.0,5.0,dr,9.0,5498.0,,,,,
h2,H2,H2b,naissances / 1 000 f. 25-39 (taux brut),"unités avec covariables, bascule 4G",cs,-6,-1.7127303349296144,0.6358547819872482,-2.9589828070221884,-0.46647786283704,0.0070687641090699,5558,122276,False," ; covariables : log_pop, share_women_1549, level_pre, pretrend_pre (doublement robuste) ; contrôle = not_yet_treated ; fenêtre 2003-2024 ; 5558 traitées, 0 jamais traitées sur la fenêtre ; ATT(g,t) identifiés jusqu'en 2022 (sans unité jamais traitée, la dernière cohorte sert de contrôle)",event,0.0,5558.0,0.0,0.0,2003.0,2024.0,2003.0,2022.0,5558.0,5.0,dr,9.0,5498.0,,,,,
h2,H2,H2b,naissances / 1 000 f. 25-39 (taux brut),"unités avec covariables, bascule 4G",cs,-5,-0.6599104160727174,0.4969615233276218,-1.633937103497018,0.3141162713515832,0.1842143298520022,5558,122276,False," ; covariables : log_pop, share_women_1549, level_pre, pretrend_pre (doublement robuste) ; contrôle = not_yet_treated ; fenêtre 2003-2024 ; 5558 traitées, 0 jamais traitées sur la fenêtre ; ATT(g,t) identifiés jusqu'en 2022 (sans unité jamais traitée, la dernière cohorte sert de contrôle)",event,0.0,5558.0,0.0,0.0,2003.0,2024.0,2003.0,2022.0,5558.0,5.0,dr,9.0,5498.0,,,,,
h2,H2,H2b,naissances / 1 000 f. 25-39 (taux brut),"unités avec covariables, bascule 4G",cs,-4,-0.5489445703223156,0.4983782609831002,-1.5257480125268956,0.4278588718822643,0.2706957615303164,5558,122276,False," ; covariables : log_pop, share_women_1549, level_pre, pretrend_pre (doublement robuste) ; contrôle = not_yet_treated ; fenêtre 2003-2024 ; 5558 traitées, 0 jamais traitées sur la fenêtre ; ATT(g,t) identifiés jusqu'en 2022 (sans unité jamais traitée, la dernière cohorte sert de contrôle)",event,0.0,5558.0,0.0,0.0,2003.0,2024.0,2003.0,2022.0,5558.0,5.0,dr,9.0,5498.0,,,,,
h2,H2,H2b,naissances / 1 000 f. 25-39 (taux brut),"unités avec covariables, bascule 4G",cs,-3,-1.5299547286930677,1.122992672400582,-3.730979921500595,0.6710704641144607,0.1730746296088511,5558,122276,False," ; covariables : log_pop, share_women_1549, level_pre, pretrend_pre (doublement robuste) ; contrôle = not_yet_treated ; fenêtre 2003-2024 ; 5558 traitées, 0 jamais traitées sur la fenêtre ; ATT(g,t) identifiés jusqu'en 2022 (sans unité jamais traitée, la dernière cohorte sert de contrôle)",event,0.0,5558.0,0.0,0.0,2003.0,2024.0,2003.0,2022.0,5558.0,5.0,dr,9.0,5498.0,,,,,
h2,H2,H2b,naissances / 1 000 f. 25-39 (taux brut),"unités avec covariables, bascule 4G",cs,-2,-1.0934037617679506,0.7521581978032682,-2.56760674013891,0.3807992166030089,0.1460326734001986,5558,122276,False," ; covariables : log_pop, share_women_1549, level_pre, pretrend_pre (doublement robuste) ; contrôle = not_yet_treated ; fenêtre 2003-2024 ; 5558 traitées, 0 jamais traitées sur la fenêtre ; ATT(g,t) identifiés jusqu'en 2022 (sans unité jamais traitée, la dernière cohorte sert de contrôle)",event,0.0,5558.0,0.0,0.0,2003.0,2024.0,2003.0,2022.0,5558.0,5.0,dr,9.0,5498.0,,,,,
h2,H2,H2b,naissances / 1 000 f. 25-39 (taux brut),"unités avec covariables, bascule 4G",cs,0,0.4963012709705424,0.6498944371734281,-0.7774684196423055,1.7700709615833905,0.4450672374594577,5558,122276,False," ; covariables : log_pop, share_women_1549, level_pre, pretrend_pre (doublement robuste) ; contrôle = not_yet_treated ; fenêtre 2003-2024 ; 5558 traitées, 0 jamais traitées sur la fenêtre ; ATT(g,t) identifiés jusqu'en 2022 (sans unité jamais traitée, la dernière cohorte sert de contrôle)",event,0.0,5558.0,0.0,0.0,2003.0,2024.0,2003.0,2022.0,5558.0,5.0,dr,9.0,5498.0,,,,,
h2,H2,H2b,naissances / 1 000 f. 25-39 (taux brut),"unités avec covariables, bascule 4G",cs,1,1.497306955153065,1.6834389137439305,-1.8021726859582696,4.7967865962644,0.3737701508202281,5558,122276,False," ; covariables : log_pop, share_women_1549, level_pre, pretrend_pre (doublement robuste) ; contrôle = not_yet_treated ; fenêtre 2003-2024 ; 5558 traitées, 0 jamais traitées sur la fenêtre ; ATT(g,t) identifiés jusqu'en 2022 (sans unité jamais traitée, la dernière cohorte sert de contrôle)",event,0.0,5558.0,0.0,0.0,2003.0,2024.0,2003.0,2022.0,5558.0,5.0,dr,8.0,5438.0,,,,,
h2,H2,H2b,naissances / 1 000 f. 25-39 (taux brut),"unités avec covariables, bascule 4G",cs,2,2.4349037994460154,1.6523310891021814,-0.803605625730103,5.673413224622134,0.1405846409606717,5558,122276,False," ; covariables : log_pop, share_women_1549, level_pre, pretrend_pre (doublement robuste) ; contrôle = not_yet_treated ; fenêtre 2003-2024 ; 5558 traitées, 0 jamais traitées sur la fenêtre ; ATT(g,t) identifiés jusqu'en 2022 (sans unité jamais traitée, la dernière cohorte sert de contrôle)",event,0.0,5558.0,0.0,0.0,2003.0,2024.0,2003.0,2022.0,5558.0,5.0,dr,7.0,5268.0,,,,,
h2,H2,H2b,naissances / 1 000 f. 25-39 (taux brut),"unités avec covariables, bascule 4G",cs,3,0.129766048500271,1.4707760828815228,-2.7529021032704115,3.012434200270953,0.9296941575964004,5558,122276,False," ; covariables : log_pop, share_women_1549, level_pre, pretrend_pre (doublement robuste) ; contrôle = not_yet_treated ; fenêtre 2003-2024 ; 5558 traitées, 0 jamais traitées sur la fenêtre ; ATT(g,t) identifiés jusqu'en 2022 (sans unité jamais traitée, la dernière cohorte sert de contrôle)",event,0.0,5558.0,0.0,0.0,2003.0,2024.0,2003.0,2022.0,5558.0,5.0,dr,6.0,4844.0,,,,,
h2,H2,H2b,naissances / 1 000 f. 25-39 (taux brut),"unités avec covariables, bascule 4G",cs,4,-2.967282062521148,1.2779248123768203,-5.47196866972982,-0.4625954553124738,0.0202354365675573,5558,122276,False," ; covariables : log_pop, share_women_1549, level_pre, pretrend_pre (doublement robuste) ; contrôle = not_yet_treated ; fenêtre 2003-2024 ; 5558 traitées, 0 jamais traitées sur la fenêtre ; ATT(g,t) identifiés jusqu'en 2022 (sans unité jamais traitée, la dernière cohorte sert de contrôle)",event,0.0,5558.0,0.0,0.0,2003.0,2024.0,2003.0,2022.0,5558.0,5.0,dr,5.0,4445.0,,,,,
h2,H2,H2b,naissances / 1 000 f. 25-39 (taux brut),"unités avec covariables, bascule 4G",cs,5,-8.576070746921523,2.908997562332816,-14.277601200208654,-2.874540293634393,0.0031971405191039,5558,122276,False," ; covariables : log_pop, share_women_1549, level_pre, pretrend_pre (doublement robuste) ; contrôle = not_yet_treated ; fenêtre 2003-2024 ; 5558 traitées, 0 jamais traitées sur la fenêtre ; ATT(g,t) identifiés jusqu'en 2022 (sans unité jamais traitée, la dernière cohorte sert de contrôle)",event,0.0,5558.0,0.0,0.0,2003.0,2024.0,2003.0,2022.0,5558.0,5.0,dr,4.0,3767.0,,,,,
h2,H2,H2b,naissances / 1 000 f. 25-39 (taux brut),"unités avec covariables, bascule 4G",cs,6,-7.438598420980988,3.537075796968817,-14.371139593628175,-0.5060572483337982,0.0354626057601261,5558,122276,False," ; covariables : log_pop, share_women_1549, level_pre, pretrend_pre (doublement robuste) ; contrôle = not_yet_treated ; fenêtre 2003-2024 ; 5558 traitées, 0 jamais traitées sur la fenêtre ; ATT(g,t) identifiés jusqu'en 2022 (sans unité jamais traitée, la dernière cohorte sert de contrôle)",event,0.0,5558.0,0.0,0.0,2003.0,2024.0,2003.0,2022.0,5558.0,5.0,dr,3.0,1032.0,,,,,
h2,H2,H2b,naissances / 1 000 f. 25-39 (taux brut),"unités avec covariables, bascule 4G",cs,7,-8.908550044204954,5.685127491842312,-20.051195175734417,2.2340950873245085,0.1171165309134991,5558,122276,False," ; covariables : log_pop, share_women_1549, level_pre, pretrend_pre (doublement robuste) ; contrôle = not_yet_treated ; fenêtre 2003-2024 ; 5558 traitées, 0 jamais traitées sur la fenêtre ; ATT(g,t) identifiés jusqu'en 2022 (sans unité jamais traitée, la dernière cohorte sert de contrôle)",event,0.0,5558.0,0.0,0.0,2003.0,2024.0,2003.0,2022.0,5558.0,5.0,dr,2.0,481.0,,,,,
h2,H2,H2b,naissances / 1 000 f. 25-39 (taux brut),"unités avec covariables, bascule 4G",cs,8,-23.83441371031938,13.651772656257943,-50.591396441713655,2.922569021074896,0.0808310819154121,5558,122276,False," ; covariables : log_pop, share_women_1549, level_pre, pretrend_pre (doublement robuste) ; contrôle = not_yet_treated ; fenêtre 2003-2024 ; 5558 traitées, 0 jamais traitées sur la fenêtre ; ATT(g,t) identifiés jusqu'en 2022 (sans unité jamais traitée, la dernière cohorte sert de contrôle)",event,0.0,5558.0,0.0,0.0,2003.0,2024.0,2003.0,2022.0,5558.0,5.0,dr,1.0,187.0,,,,,
h2,H2,H2b,naissances / 1 000 f. 25-39 (taux brut),"unités avec covariables, bascule 4G",cs,"ATT[1,5]",-1.496275201268664,1.208924514522886,-3.86572370976109,0.8731733072237622,0.2158305931236376,5558,122276,False," ; covariables : log_pop, share_women_1549, level_pre, pretrend_pre (doublement robuste) ; contrôle = not_yet_treated ; fenêtre 2003-2024 ; 5558 traitées, 0 jamais traitées sur la fenêtre ; ATT(g,t) identifiés jusqu'en 2022 (sans unité jamais traitée, la dernière cohorte sert de contrôle) ; écart-type avec covariance complète des coefficients (fonctions d'influence)",post_avg,0.0,5558.0,0.0,0.0,2003.0,2024.0,2003.0,2022.0,5558.0,5.0,dr,,,,,5.0,,
h2,H2,H2b,naissances / 1 000 f. 25-39 (taux brut),"unités avec covariables, bascule 4G",cs,ATT,-1.2140707110067583,1.0797340113626248,-3.3303104861604647,0.902169064146948,0.2608363860741099,5558,122276,False," ; covariables : log_pop, share_women_1549, level_pre, pretrend_pre (doublement robuste) ; contrôle = not_yet_treated ; fenêtre 2003-2024 ; 5558 traitées, 0 jamais traitées sur la fenêtre ; ATT(g,t) identifiés jusqu'en 2022 (sans unité jamais traitée, la dernière cohorte sert de contrôle) ; moyenne de tous les ATT(g,t) post",simple,0.0,5558.0,0.0,0.0,2003.0,2024.0,2003.0,2022.0,5558.0,5.0,dr,,,,,,,
h2,H2,H2b,naissances / 1 000 f. 25-39 (taux brut),"unités avec covariables, bascule 4G",cs,Wald pré (-8..-2),12.927963008427293,,,,0.0738831322208413,5558,122276,False,"H5c : test de Wald joint de nullité des coefficients pré avec covariance des fonctions d'influence, df = 7 ; fenêtre 2003-2024 ; 5558 traitées, 0 jamais traitées sur la fenêtre",pre_test,0.0,5558.0,0.0,0.0,2003.0,2024.0,2003.0,2022.0,5558.0,5.0,dr,,,,,,7.0,
h2,H2,H2b,asinh(naissances / 1 000 f. 25-39),"unités avec covariables, bascule 4G",cs,-8,0.0588300635962784,0.0363632034524476,-0.0124405055330215,0.1301006327255784,0.1056957881251842,5558,122276,False," ; covariables : log_pop, share_women_1549, level_pre, pretrend_pre (doublement robuste) ; contrôle = not_yet_treated ; fenêtre 2003-2024 ; 5558 traitées, 0 jamais traitées sur la fenêtre ; ATT(g,t) identifiés jusqu'en 2022 (sans unité jamais traitée, la dernière cohorte sert de contrôle)",event,0.0,5558.0,0.0,0.0,2003.0,2024.0,2003.0,2022.0,5558.0,5.0,dr,9.0,5498.0,,,,,
h2,H2,H2b,asinh(naissances / 1 000 f. 25-39),"unités avec covariables, bascule 4G",cs,-7,0.0891205095938432,0.0576304195588563,-0.0238330371554479,0.2020740563431344,0.1220045231930811,5558,122276,False," ; covariables : log_pop, share_women_1549, level_pre, pretrend_pre (doublement robuste) ; contrôle = not_yet_treated ; fenêtre 2003-2024 ; 5558 traitées, 0 jamais traitées sur la fenêtre ; ATT(g,t) identifiés jusqu'en 2022 (sans unité jamais traitée, la dernière cohorte sert de contrôle)",event,0.0,5558.0,0.0,0.0,2003.0,2024.0,2003.0,2022.0,5558.0,5.0,dr,9.0,5498.0,,,,,
h2,H2,H2b,asinh(naissances / 1 000 f. 25-39),"unités avec covariables, bascule 4G",cs,-6,0.0620650802431346,0.0410113920691662,-0.0183157711682828,0.1424459316545521,0.1301877447670094,5558,122276,False," ; covariables : log_pop, share_women_1549, level_pre, pretrend_pre (doublement robuste) ; contrôle = not_yet_treated ; fenêtre 2003-2024 ; 5558 traitées, 0 jamais traitées sur la fenêtre ; ATT(g,t) identifiés jusqu'en 2022 (sans unité jamais traitée, la dernière cohorte sert de contrôle)",event,0.0,5558.0,0.0,0.0,2003.0,2024.0,2003.0,2022.0,5558.0,5.0,dr,9.0,5498.0,,,,,
h2,H2,H2b,asinh(naissances / 1 000 f. 25-39),"unités avec covariables, bascule 4G",cs,-5,0.0415437518095978,0.0289905082007622,-0.0152766001574091,0.0983641037766048,0.1518543520923407,5558,122276,False," ; covariables : log_pop, share_women_1549, level_pre, pretrend_pre (doublement robuste) ; contrôle = not_yet_treated ; fenêtre 2003-2024 ; 5558 traitées, 0 jamais traitées sur la fenêtre ; ATT(g,t) identifiés jusqu'en 2022 (sans unité jamais traitée, la dernière cohorte sert de contrôle)",event,0.0,5558.0,0.0,0.0,2003.0,2024.0,2003.0,2022.0,5558.0,5.0,dr,9.0,5498.0,,,,,
h2,H2,H2b,asinh(naissances / 1 000 f. 25-39),"unités avec covariables, bascule 4G",cs,-4,0.0468885356311603,0.0338808092123704,-0.0195166301921586,0.1132937014544794,0.1663810887811311,5558,122276,False," ; covariables : log_pop, share_women_1549, level_pre, pretrend_pre (doublement robuste) ; contrôle = not_yet_treated ; fenêtre 2003-2024 ; 5558 traitées, 0 jamais traitées sur la fenêtre ; ATT(g,t) identifiés jusqu'en 2022 (sans unité jamais traitée, la dernière cohorte sert de contrôle)",event,0.0,5558.0,0.0,0.0,2003.0,2024.0,2003.0,2022.0,5558.0,5.0,dr,9.0,5498.0,,,,,
h2,H2,H2b,asinh(naissances / 1 000 f. 25-39),"unités avec covariables, bascule 4G",cs,-3,-0.0165483499016845,0.0183265323778561,-0.0524676933237897,0.0193709935204206,0.3665406309089598,5558,122276,False," ; covariables : log_pop, share_women_1549, level_pre, pretrend_pre (doublement robuste) ; contrôle = not_yet_treated ; fenêtre 2003-2024 ; 5558 traitées, 0 jamais traitées sur la fenêtre ; ATT(g,t) identifiés jusqu'en 2022 (sans unité jamais traitée, la dernière cohorte sert de contrôle)",event,0.0,5558.0,0.0,0.0,2003.0,2024.0,2003.0,2022.0,5558.0,5.0,dr,9.0,5498.0,,,,,
h2,H2,H2b,asinh(naissances / 1 000 f. 25-39),"unités avec covariables, bascule 4G",cs,-2,-0.0140586025067141,0.0121123864625956,-0.0377984437402321,0.0096812387268038,0.2457721325178745,5558,122276,False," ; covariables : log_pop, share_women_1549, level_pre, pretrend_pre (doublement robuste) ; contrôle = not_yet_treated ; fenêtre 2003-2024 ; 5558 traitées, 0 jamais traitées sur la fenêtre ; ATT(g,t) identifiés jusqu'en 2022 (sans unité jamais traitée, la dernière cohorte sert de contrôle)",event,0.0,5558.0,0.0,0.0,2003.0,2024.0,2003.0,2022.0,5558.0,5.0,dr,9.0,5498.0,,,,,
h2,H2,H2b,asinh(naissances / 1 000 f. 25-39),"unités avec covariables, bascule 4G",cs,0,0.0070892063218999,0.0117445443084855,-0.0159296775375666,0.0301080901813665,0.5460983236151242,5558,122276,False," ; covariables : log_pop, share_women_1549, level_pre, pretrend_pre (doublement robuste) ; contrôle = not_yet_treated ; fenêtre 2003-2024 ; 5558 traitées, 0 jamais traitées sur la fenêtre ; ATT(g,t) identifiés jusqu'en 2022 (sans unité jamais traitée, la dernière cohorte sert de contrôle)",event,0.0,5558.0,0.0,0.0,2003.0,2024.0,2003.0,2022.0,5558.0,5.0,dr,9.0,5498.0,,,,,
h2,H2,H2b,asinh(naissances / 1 000 f. 25-39),"unités avec covariables, bascule 4G",cs,1,0.0178106957630336,0.0309678965911074,-0.0428852662324977,0.078506657758565,0.5652005543055998,5558,122276,False," ; covariables : log_pop, share_women_1549, level_pre, pretrend_pre (doublement robuste) ; contrôle = not_yet_treated ; fenêtre 2003-2024 ; 5558 traitées, 0 jamais traitées sur la fenêtre ; ATT(g,t) identifiés jusqu'en 2022 (sans unité jamais traitée, la dernière cohorte sert de contrôle)",event,0.0,5558.0,0.0,0.0,2003.0,2024.0,2003.0,2022.0,5558.0,5.0,dr,8.0,5438.0,,,,,
h2,H2,H2b,asinh(naissances / 1 000 f. 25-39),"unités avec covariables, bascule 4G",cs,2,0.0297697872671977,0.0304723767102552,-0.0299549736082396,0.0894945481426351,0.3285971747968662,5558,122276,False," ; covariables : log_pop, share_women_1549, level_pre, pretrend_pre (doublement robuste) ; contrôle = not_yet_treated ; fenêtre 2003-2024 ; 5558 traitées, 0 jamais traitées sur la fenêtre ; ATT(g,t) identifiés jusqu'en 2022 (sans unité jamais traitée, la dernière cohorte sert de contrôle)",event,0.0,5558.0,0.0,0.0,2003.0,2024.0,2003.0,2022.0,5558.0,5.0,dr,7.0,5268.0,,,,,
h2,H2,H2b,asinh(naissances / 1 000 f. 25-39),"unités avec covariables, bascule 4G",cs,3,-0.0224876620581657,0.0231759337058866,-0.0679116574297914,0.0229363333134599,0.3318958251886806,5558,122276,False," ; covariables : log_pop, share_women_1549, level_pre, pretrend_pre (doublement robuste) ; contrôle = not_yet_treated ; fenêtre 2003-2024 ; 5558 traitées, 0 jamais traitées sur la fenêtre ; ATT(g,t) identifiés jusqu'en 2022 (sans unité jamais traitée, la dernière cohorte sert de contrôle)",event,0.0,5558.0,0.0,0.0,2003.0,2024.0,2003.0,2022.0,5558.0,5.0,dr,6.0,4844.0,,,,,
h2,H2,H2b,asinh(naissances / 1 000 f. 25-39),"unités avec covariables, bascule 4G",cs,4,-0.0824876214642798,0.0242556182163896,-0.1300277595911572,-0.0349474833374024,0.0006719793360828,5558,122276,False," ; covariables : log_pop, share_women_1549, level_pre, pretrend_pre (doublement robuste) ; contrôle = not_yet_treated ; fenêtre 2003-2024 ; 5558 traitées, 0 jamais traitées sur la fenêtre ; ATT(g,t) identifiés jusqu'en 2022 (sans unité jamais traitée, la dernière cohorte sert de contrôle)",event,0.0,5558.0,0.0,0.0,2003.0,2024.0,2003.0,2022.0,5558.0,5.0,dr,5.0,4445.0,,,,,
h2,H2,H2b,asinh(naissances / 1 000 f. 25-39),"unités avec covariables, bascule 4G",cs,5,-0.1786854695651605,0.0570639241101258,-0.2905287056375339,-0.066842233492787,0.0017402177605601,5558,122276,False," ; covariables : log_pop, share_women_1549, level_pre, pretrend_pre (doublement robuste) ; contrôle = not_yet_treated ; fenêtre 2003-2024 ; 5558 traitées, 0 jamais traitées sur la fenêtre ; ATT(g,t) identifiés jusqu'en 2022 (sans unité jamais traitée, la dernière cohorte sert de contrôle)",event,0.0,5558.0,0.0,0.0,2003.0,2024.0,2003.0,2022.0,5558.0,5.0,dr,4.0,3767.0,,,,,
h2,H2,H2b,asinh(naissances / 1 000 f. 25-39),"unités avec covariables, bascule 4G",cs,6,-0.2024790535605451,0.0827373571190348,-0.3646412936898821,-0.0403168134312083,0.0143950679530023,5558,122276,False," ; covariables : log_pop, share_women_1549, level_pre, pretrend_pre (doublement robuste) ; contrôle = not_yet_treated ; fenêtre 2003-2024 ; 5558 traitées, 0 jamais traitées sur la fenêtre ; ATT(g,t) identifiés jusqu'en 2022 (sans unité jamais traitée, la dernière cohorte sert de contrôle)",event,0.0,5558.0,0.0,0.0,2003.0,2024.0,2003.0,2022.0,5558.0,5.0,dr,3.0,1032.0,,,,,
h2,H2,H2b,asinh(naissances / 1 000 f. 25-39),"unités avec covariables, bascule 4G",cs,7,-0.263753516994944,0.1266212334976109,-0.5119265743282981,-0.0155804596615899,0.0372501526758713,5558,122276,False," ; covariables : log_pop, share_women_1549, level_pre, pretrend_pre (doublement robuste) ; contrôle = not_yet_treated ; fenêtre 2003-2024 ; 5558 traitées, 0 jamais traitées sur la fenêtre ; ATT(g,t) identifiés jusqu'en 2022 (sans unité jamais traitée, la dernière cohorte sert de contrôle)",event,0.0,5558.0,0.0,0.0,2003.0,2024.0,2003.0,2022.0,5558.0,5.0,dr,2.0,481.0,,,,,
h2,H2,H2b,asinh(naissances / 1 000 f. 25-39),"unités avec covariables, bascule 4G",cs,8,-0.5917347378484951,0.2947726300733629,-1.169478476420435,-0.0139909992765553,0.0447041436277109,5558,122276,False," ; covariables : log_pop, share_women_1549, level_pre, pretrend_pre (doublement robuste) ; contrôle = not_yet_treated ; fenêtre 2003-2024 ; 5558 traitées, 0 jamais traitées sur la fenêtre ; ATT(g,t) identifiés jusqu'en 2022 (sans unité jamais traitée, la dernière cohorte sert de contrôle)",event,0.0,5558.0,0.0,0.0,2003.0,2024.0,2003.0,2022.0,5558.0,5.0,dr,1.0,187.0,,,,,
h2,H2,H2b,asinh(naissances / 1 000 f. 25-39),"unités avec covariables, bascule 4G",cs,"ATT[1,5]",-0.0472160540114749,0.0224435517047488,-0.0912046070379451,-0.0032275009850047,0.0353985800836678,5558,122276,False," ; covariables : log_pop, share_women_1549, level_pre, pretrend_pre (doublement robuste) ; contrôle = not_yet_treated ; fenêtre 2003-2024 ; 5558 traitées, 0 jamais traitées sur la fenêtre ; ATT(g,t) identifiés jusqu'en 2022 (sans unité jamais traitée, la dernière cohorte sert de contrôle) ; écart-type avec covariance complète des coefficients (fonctions d'influence)",post_avg,0.0,5558.0,0.0,0.0,2003.0,2024.0,2003.0,2022.0,5558.0,5.0,dr,,,,,5.0,,
h2,H2,H2b,asinh(naissances / 1 000 f. 25-39),"unités avec covariables, bascule 4G",cs,ATT,-0.042070924998591,0.0198143013225354,-0.0809062419695847,-0.0032356080275972,0.0337320216869266,5558,122276,False," ; covariables : log_pop, share_women_1549, level_pre, pretrend_pre (doublement robuste) ; contrôle = not_yet_treated ; fenêtre 2003-2024 ; 5558 traitées, 0 jamais traitées sur la fenêtre ; ATT(g,t) identifiés jusqu'en 2022 (sans unité jamais traitée, la dernière cohorte sert de contrôle) ; moyenne de tous les ATT(g,t) post",simple,0.0,5558.0,0.0,0.0,2003.0,2024.0,2003.0,2022.0,5558.0,5.0,dr,,,,,,,
h2,H2,H2b,asinh(naissances / 1 000 f. 25-39),"unités avec covariables, bascule 4G",cs,Wald pré (-8..-2),3.618237923111992,,,,0.8225478127974526,5558,122276,False,"H5c : test de Wald joint de nullité des coefficients pré avec covariance des fonctions d'influence, df = 7 ; fenêtre 2003-2024 ; 5558 traitées, 0 jamais traitées sur la fenêtre",pre_test,0.0,5558.0,0.0,0.0,2003.0,2024.0,2003.0,2022.0,5558.0,5.0,dr,,,,,,7.0,
h2,H2,H2b,"log(naissances+0,5 / 1 000 f. 25-39)","unités avec covariables, bascule 4G, référence −2 (anticipation = 1)",cs,-8,0.0775587570973435,0.0476385597492855,-0.0158111042866156,0.1709286184813026,0.1035107242260918,5558,122276,True," ; covariables : log_pop, share_women_1549, level_pre, pretrend_pre (doublement robuste) ; contrôle = not_yet_treated ; fenêtre 2003-2024 ; 5558 traitées, 0 jamais traitées sur la fenêtre ; ATT(g,t) identifiés jusqu'en 2021 (sans unité jamais traitée, la dernière cohorte sert de contrôle) ; référence −2",event,0.0,5558.0,0.0,0.0,2003.0,2024.0,2003.0,2021.0,5558.0,5.0,dr,9.0,5498.0,,,,,
h2,H2,H2b,"log(naissances+0,5 / 1 000 f. 25-39)","unités avec covariables, bascule 4G, référence −2 (anticipation = 1)",cs,-7,0.1065979396429286,0.0679712644676616,-0.0266232906973353,0.2398191699831927,0.1168159214497621,5558,122276,True," ; covariables : log_pop, share_women_1549, level_pre, pretrend_pre (doublement robuste) ; contrôle = not_yet_treated ; fenêtre 2003-2024 ; 5558 traitées, 0 jamais traitées sur la fenêtre ; ATT(g,t) identifiés jusqu'en 2021 (sans unité jamais traitée, la dernière cohorte sert de contrôle) ; référence −2",event,0.0,5558.0,0.0,0.0,2003.0,2024.0,2003.0,2021.0,5558.0,5.0,dr,9.0,5498.0,,,,,
h2,H2,H2b,"log(naissances+0,5 / 1 000 f. 25-39)","unités avec covariables, bascule 4G, référence −2 (anticipation = 1)",cs,-6,0.0775935495723767,0.050068869763037,-0.0205396319098024,0.1757267310545558,0.1212047996237982,5558,122276,True," ; covariables : log_pop, share_women_1549, level_pre, pretrend_pre (doublement robuste) ; contrôle = not_yet_treated ; fenêtre 2003-2024 ; 5558 traitées, 0 jamais traitées sur la fenêtre ; ATT(g,t) identifiés jusqu'en 2021 (sans unité jamais traitée, la dernière cohorte sert de contrôle) ; référence −2",event,0.0,5558.0,0.0,0.0,2003.0,2024.0,2003.0,2021.0,5558.0,5.0,dr,9.0,5498.0,,,,,
h2,H2,H2b,"log(naissances+0,5 / 1 000 f. 25-39)","unités avec covariables, bascule 4G, référence −2 (anticipation = 1)",cs,-5,0.0522357761766336,0.0342718067097185,-0.0149357306595328,0.1194072830128001,0.1274683156032051,5558,122276,True," ; covariables : log_pop, share_women_1549, level_pre, pretrend_pre (doublement robuste) ; contrôle = not_yet_treated ; fenêtre 2003-2024 ; 5558 traitées, 0 jamais traitées sur la fenêtre ; ATT(g,t) identifiés jusqu'en 2021 (sans unité jamais traitée, la dernière cohorte sert de contrôle) ; référence −2",event,0.0,5558.0,0.0,0.0,2003.0,2024.0,2003.0,2021.0,5558.0,5.0,dr,9.0,5498.0,,,,,
h2,H2,H2b,"log(naissances+0,5 / 1 000 f. 25-39)","unités avec covariables, bascule 4G, référence −2 (anticipation = 1)",cs,-4,0.0519524510803905,0.0352231497322133,-0.0170836538168092,0.1209885559775902,0.1402254796685762,5558,122276,True," ; covariables : log_pop, share_women_1549, level_pre, pretrend_pre (doublement robuste) ; contrôle = not_yet_treated ; fenêtre 2003-2024 ; 5558 traitées, 0 jamais traitées sur la fenêtre ; ATT(g,t) identifiés jusqu'en 2021 (sans unité jamais traitée, la dernière cohorte sert de contrôle) ; référence −2",event,0.0,5558.0,0.0,0.0,2003.0,2024.0,2003.0,2021.0,5558.0,5.0,dr,9.0,5498.0,,,,,
h2,H2,H2b,"log(naissances+0,5 / 1 000 f. 25-39)","unités avec covariables, bascule 4G, référence −2 (anticipation = 1)",cs,-3,-0.0023773988539204,0.0103804899959579,-0.0227227853878763,0.0179679876800354,0.8188489512454722,5558,122276,True," ; covariables : log_pop, share_women_1549, level_pre, pretrend_pre (doublement robuste) ; contrôle = not_yet_treated ; fenêtre 2003-2024 ; 5558 traitées, 0 jamais traitées sur la fenêtre ; ATT(g,t) identifiés jusqu'en 2021 (sans unité jamais traitée, la dernière cohorte sert de contrôle) ; référence −2",event,0.0,5558.0,0.0,0.0,2003.0,2024.0,2003.0,2021.0,5558.0,5.0,dr,9.0,5498.0,,,,,
h2,H2,H2b,"log(naissances+0,5 / 1 000 f. 25-39)","unités avec covariables, bascule 4G, référence −2 (anticipation = 1)",cs,-1,0.0139190290749266,0.0117089058171499,-0.0090300046250586,0.036868062774912,0.2345357968037635,5558,122276,True," ; covariables : log_pop, share_women_1549, level_pre, pretrend_pre (doublement robuste) ; contrôle = not_yet_treated ; fenêtre 2003-2024 ; 5558 traitées, 0 jamais traitées sur la fenêtre ; ATT(g,t) identifiés jusqu'en 2021 (sans unité jamais traitée, la dernière cohorte sert de contrôle) ; référence −2",event,0.0,5558.0,0.0,0.0,2003.0,2024.0,2003.0,2021.0,5558.0,5.0,dr,9.0,5498.0,,,,,
h2,H2,H2b,"log(naissances+0,5 / 1 000 f. 25-39)","unités avec covariables, bascule 4G, référence −2 (anticipation = 1)",cs,0,0.0989095950069482,0.0579670824427288,-0.0147037988696643,0.2125229888835608,0.0879510752277699,5558,122276,True," ; covariables : log_pop, share_women_1549, level_pre, pretrend_pre (doublement robuste) ; contrôle = not_yet_treated ; fenêtre 2003-2024 ; 5558 traitées, 0 jamais traitées sur la fenêtre ; ATT(g,t) identifiés jusqu'en 2021 (sans unité jamais traitée, la dernière cohorte sert de contrôle) ; référence −2",event,0.0,5558.0,0.0,0.0,2003.0,2024.0,2003.0,2021.0,5558.0,5.0,dr,8.0,5438.0,,,,,
h2,H2,H2b,"log(naissances+0,5 / 1 000 f. 25-39)","unités avec covariables, bascule 4G, référence −2 (anticipation = 1)",cs,1,0.0072008486017038,0.0214688984314406,-0.0348774191116681,0.0492791163150759,0.737317041826643,5558,122276,True," ; covariables : log_pop, share_women_1549, level_pre, pretrend_pre (doublement robuste) ; contrôle = not_yet_treated ; fenêtre 2003-2024 ; 5558 traitées, 0 jamais traitées sur la fenêtre ; ATT(g,t) identifiés jusqu'en 2021 (sans unité jamais traitée, la dernière cohorte sert de contrôle) ; référence −2",event,0.0,5558.0,0.0,0.0,2003.0,2024.0,2003.0,2021.0,5558.0,5.0,dr,7.0,5268.0,,,,,
h2,H2,H2b,"log(naissances+0,5 / 1 000 f. 25-39)","unités avec covariables, bascule 4G, référence −2 (anticipation = 1)",cs,2,-0.0344144674001102,0.0203231718343721,-0.0742471522470984,0.0054182174468779,0.090386765904591,5558,122276,True," ; covariables : log_pop, share_women_1549, level_pre, pretrend_pre (doublement robuste) ; contrôle = not_yet_treated ; fenêtre 2003-2024 ; 5558 traitées, 0 jamais traitées sur la fenêtre ; ATT(g,t) identifiés jusqu'en 2021 (sans unité jamais traitée, la dernière cohorte sert de contrôle) ; référence −2",event,0.0,5558.0,0.0,0.0,2003.0,2024.0,2003.0,2021.0,5558.0,5.0,dr,6.0,4844.0,,,,,
h2,H2,H2b,"log(naissances+0,5 / 1 000 f. 25-39)","unités avec covariables, bascule 4G, référence −2 (anticipation = 1)",cs,3,-0.0381436322668989,0.0263377658063587,-0.0897647046806125,0.0134774401468146,0.1475475390417376,5558,122276,True," ; covariables : log_pop, share_women_1549, level_pre, pretrend_pre (doublement robuste) ; contrôle = not_yet_treated ; fenêtre 2003-2024 ; 5558 traitées, 0 jamais traitées sur la fenêtre ; ATT(g,t) identifiés jusqu'en 2021 (sans unité jamais traitée, la dernière cohorte sert de contrôle) ; référence −2",event,0.0,5558.0,0.0,0.0,2003.0,2024.0,2003.0,2021.0,5558.0,5.0,dr,5.0,4445.0,,,,,
h2,H2,H2b,"log(naissances+0,5 / 1 000 f. 25-39)","unités avec covariables, bascule 4G, référence −2 (anticipation = 1)",cs,4,-0.0841434451506732,0.0412818336816193,-0.1650543523824197,-0.0032325379189267,0.0415231271877065,5558,122276,True," ; covariables : log_pop, share_women_1549, level_pre, pretrend_pre (doublement robuste) ; contrôle = not_yet_treated ; fenêtre 2003-2024 ; 5558 traitées, 0 jamais traitées sur la fenêtre ; ATT(g,t) identifiés jusqu'en 2021 (sans unité jamais traitée, la dernière cohorte sert de contrôle) ; référence −2",event,0.0,5558.0,0.0,0.0,2003.0,2024.0,2003.0,2021.0,5558.0,5.0,dr,4.0,3767.0,,,,,
h2,H2,H2b,"log(naissances+0,5 / 1 000 f. 25-39)","unités avec covariables, bascule 4G, référence −2 (anticipation = 1)",cs,5,-0.1118841137212539,0.0785048488386341,-0.2657507900567379,0.0419825626142299,0.1541030658442573,5558,122276,True," ; covariables : log_pop, share_women_1549, level_pre, pretrend_pre (doublement robuste) ; contrôle = not_yet_treated ; fenêtre 2003-2024 ; 5558 traitées, 0 jamais traitées sur la fenêtre ; ATT(g,t) identifiés jusqu'en 2021 (sans unité jamais traitée, la dernière cohorte sert de contrôle) ; référence −2",event,0.0,5558.0,0.0,0.0,2003.0,2024.0,2003.0,2021.0,5558.0,5.0,dr,3.0,1032.0,,,,,
h2,H2,H2b,"log(naissances+0,5 / 1 000 f. 25-39)","unités avec covariables, bascule 4G, référence −2 (anticipation = 1)",cs,6,-0.1253095169715592,0.1438091728374693,-0.407170316379495,0.1565512824363765,0.3835577856237564,5558,122276,True," ; covariables : log_pop, share_women_1549, level_pre, pretrend_pre (doublement robuste) ; contrôle = not_yet_treated ; fenêtre 2003-2024 ; 5558 traitées, 0 jamais traitées sur la fenêtre ; ATT(g,t) identifiés jusqu'en 2021 (sans unité jamais traitée, la dernière cohorte sert de contrôle) ; référence −2",event,0.0,5558.0,0.0,0.0,2003.0,2024.0,2003.0,2021.0,5558.0,5.0,dr,2.0,481.0,,,,,
h2,H2,H2b,"log(naissances+0,5 / 1 000 f. 25-39)","unités avec covariables, bascule 4G, référence −2 (anticipation = 1)",cs,7,-0.0692964504967145,0.2250465707340563,-0.5103796239797107,0.3717867229862815,0.7581428334997093,5558,122276,True," ; covariables : log_pop, share_women_1549, level_pre, pretrend_pre (doublement robuste) ; contrôle = not_yet_treated ; fenêtre 2003-2024 ; 5558 traitées, 0 jamais traitées sur la fenêtre ; ATT(g,t) identifiés jusqu'en 2021 (sans unité jamais traitée, la dernière cohorte sert de contrôle) ; référence −2",event,0.0,5558.0,0.0,0.0,2003.0,2024.0,2003.0,2021.0,5558.0,5.0,dr,1.0,187.0,,,,,
h2,H2,H2b,"log(naissances+0,5 / 1 000 f. 25-39)","unités avec covariables, bascule 4G, référence −2 (anticipation = 1)",cs,"ATT[1,5]",-0.0522769619874465,0.0282250612447621,-0.1075970654886176,0.0030431415137246,0.0640047196524201,5558,122276,True," ; covariables : log_pop, share_women_1549, level_pre, pretrend_pre (doublement robuste) ; contrôle = not_yet_treated ; fenêtre 2003-2024 ; 5558 traitées, 0 jamais traitées sur la fenêtre ; ATT(g,t) identifiés jusqu'en 2021 (sans unité jamais traitée, la dernière cohorte sert de contrôle) ; référence −2 ; écart-type avec covariance complète des coefficients (fonctions d'influence)",post_avg,0.0,5558.0,0.0,0.0,2003.0,2024.0,2003.0,2021.0,5558.0,5.0,dr,,,,,5.0,,
h2,H2,H2b,"log(naissances+0,5 / 1 000 f. 25-39)","unités avec covariables, bascule 4G, référence −2 (anticipation = 1)",cs,ATT,-0.0104513688861858,0.0230187460558131,-0.055567282124853,0.0346645443524812,0.6498019934998724,5558,122276,True," ; covariables : log_pop, share_women_1549, level_pre, pretrend_pre (doublement robuste) ; contrôle = not_yet_treated ; fenêtre 2003-2024 ; 5558 traitées, 0 jamais traitées sur la fenêtre ; ATT(g,t) identifiés jusqu'en 2021 (sans unité jamais traitée, la dernière cohorte sert de contrôle) ; référence −2 ; moyenne de tous les ATT(g,t) post",simple,0.0,5558.0,0.0,0.0,2003.0,2024.0,2003.0,2021.0,5558.0,5.0,dr,,,,,,,
h2,H2,H2b,"log(naissances+0,5 / 1 000 f. 25-39)","unités avec covariables, bascule 4G, référence −2 (anticipation = 1)",cs,Wald pré (-8..-3),3.64805174693135,,,,0.7241791217252197,5558,122276,True,"H5c : test de Wald joint de nullité des coefficients pré avec covariance des fonctions d'influence, df = 6 ; fenêtre 2003-2024 ; 5558 traitées, 0 jamais traitées sur la fenêtre",pre_test,0.0,5558.0,0.0,0.0,2003.0,2024.0,2003.0,2021.0,5558.0,5.0,dr,,,,,,6.0,
h2,H2,H2a,"log(naissances+0,5 / 1 000 f. 15-19)","unités avec covariables, bascule 4G",cs,-8,0.0872561071349218,0.0212465463339063,0.0456136415246038,0.1288985727452399,4.011137074351936e-05,5558,122276,False," ; covariables : log_pop, share_women_1549, level_pre, pretrend_pre (doublement robuste) ; contrôle = not_yet_treated ; fenêtre 2003-2024 ; 5558 traitées, 0 jamais traitées sur la fenêtre ; ATT(g,t) identifiés jusqu'en 2022 (sans unité jamais traitée, la dernière cohorte sert de contrôle)",event,0.0,5558.0,0.0,0.0,2003.0,2024.0,2003.0,2022.0,5558.0,5.0,dr,9.0,5498.0,,,,,
h2,H2,H2a,"log(naissances+0,5 / 1 000 f. 15-19)","unités avec covariables, bascule 4G",cs,-7,0.1488685474509546,0.0700880885676373,0.0114984181131319,0.2862386767887774,0.0336684168529986,5558,122276,False," ; covariables : log_pop, share_women_1549, level_pre, pretrend_pre (doublement robuste) ; contrôle = not_yet_treated ; fenêtre 2003-2024 ; 5558 traitées, 0 jamais traitées sur la fenêtre ; ATT(g,t) identifiés jusqu'en 2022 (sans unité jamais traitée, la dernière cohorte sert de contrôle)",event,0.0,5558.0,0.0,0.0,2003.0,2024.0,2003.0,2022.0,5558.0,5.0,dr,9.0,5498.0,,,,,
h2,H2,H2a,"log(naissances+0,5 / 1 000 f. 15-19)","unités avec covariables, bascule 4G",cs,-6,0.0945908656851561,0.0295269855878507,0.0367190373609354,0.1524626940093767,0.0013574940023461,5558,122276,False," ; covariables : log_pop, share_women_1549, level_pre, pretrend_pre (doublement robuste) ; contrôle = not_yet_treated ; fenêtre 2003-2024 ; 5558 traitées, 0 jamais traitées sur la fenêtre ; ATT(g,t) identifiés jusqu'en 2022 (sans unité jamais traitée, la dernière cohorte sert de contrôle)",event,0.0,5558.0,0.0,0.0,2003.0,2024.0,2003.0,2022.0,5558.0,5.0,dr,9.0,5498.0,,,,,
h2,H2,H2a,"log(naissances+0,5 / 1 000 f. 15-19)","unités avec covariables, bascule 4G",cs,-5,0.0578179095544542,0.0246862424647672,0.009433763409887,0.1062020556990213,0.0191750329496794,5558,122276,False," ; covariables : log_pop, share_women_1549, level_pre, pretrend_pre (doublement robuste) ; contrôle = not_yet_treated ; fenêtre 2003-2024 ; 5558 traitées, 0 jamais traitées sur la fenêtre ; ATT(g,t) identifiés jusqu'en 2022 (sans unité jamais traitée, la dernière cohorte sert de contrôle)",event,0.0,5558.0,0.0,0.0,2003.0,2024.0,2003.0,2022.0,5558.0,5.0,dr,9.0,5498.0,,,,,
h2,H2,H2a,"log(naissances+0,5 / 1 000 f. 15-19)","unités avec covariables, bascule 4G",cs,-4,0.0524427563317791,0.0213440148012377,0.0106092560358632,0.0942762566276949,0.0140093332470739,5558,122276,False," ; covariables : log_pop, share_women_1549, level_pre, pretrend_pre (doublement robuste) ; contrôle = not_yet_treated ; fenêtre 2003-2024 ; 5558 traitées, 0 jamais traitées sur la fenêtre ; ATT(g,t) identifiés jusqu'en 2022 (sans unité jamais traitée, la dernière cohorte sert de contrôle)",event,0.0,5558.0,0.0,0.0,2003.0,2024.0,2003.0,2022.0,5558.0,5.0,dr,9.0,5498.0,,,,,
h2,H2,H2a,"log(naissances+0,5 / 1 000 f. 15-19)","unités avec covariables, bascule 4G",cs,-3,0.0217551521597469,0.0159585143227036,-0.0095229611595189,0.0530332654790127,0.1728095085257729,5558,122276,False," ; covariables : log_pop, share_women_1549, level_pre, pretrend_pre (doublement robuste) ; contrôle = not_yet_treated ; fenêtre 2003-2024 ; 5558 traitées, 0 jamais traitées sur la fenêtre ; ATT(g,t) identifiés jusqu'en 2022 (sans unité jamais traitée, la dernière cohorte sert de contrôle)",event,0.0,5558.0,0.0,0.0,2003.0,2024.0,2003.0,2022.0,5558.0,5.0,dr,9.0,5498.0,,,,,
h2,H2,H2a,"log(naissances+0,5 / 1 000 f. 15-19)","unités avec covariables, bascule 4G",cs,-2,0.0017802738576659,0.0143226090963492,-0.0262915241358242,0.0298520718511561,0.9010792096072612,5558,122276,False," ; covariables : log_pop, share_women_1549, level_pre, pretrend_pre (doublement robuste) ; contrôle = not_yet_treated ; fenêtre 2003-2024 ; 5558 traitées, 0 jamais traitées sur la fenêtre ; ATT(g,t) identifiés jusqu'en 2022 (sans unité jamais traitée, la dernière cohorte sert de contrôle)",event,0.0,5558.0,0.0,0.0,2003.0,2024.0,2003.0,2022.0,5558.0,5.0,dr,9.0,5498.0,,,,,
h2,H2,H2a,"log(naissances+0,5 / 1 000 f. 15-19)","unités avec covariables, bascule 4G",cs,0,-0.0152258424770936,0.0117785261948251,-0.0383113296099124,0.0078596446557252,0.1961224265175393,5558,122276,False," ; covariables : log_pop, share_women_1549, level_pre, pretrend_pre (doublement robuste) ; contrôle = not_yet_treated ; fenêtre 2003-2024 ; 5558 traitées, 0 jamais traitées sur la fenêtre ; ATT(g,t) identifiés jusqu'en 2022 (sans unité jamais traitée, la dernière cohorte sert de contrôle)",event,0.0,5558.0,0.0,0.0,2003.0,2024.0,2003.0,2022.0,5558.0,5.0,dr,9.0,5498.0,,,,,
h2,H2,H2a,"log(naissances+0,5 / 1 000 f. 15-19)","unités avec covariables, bascule 4G",cs,1,0.0073334422832757,0.0353902514417855,-0.0620301759464406,0.0766970605129921,0.8358408205470241,5558,122276,False," ; covariables : log_pop, share_women_1549, level_pre, pretrend_pre (doublement robuste) ; contrôle = not_yet_treated ; fenêtre 2003-2024 ; 5558 traitées, 0 jamais traitées sur la fenêtre ; ATT(g,t) identifiés jusqu'en 2022 (sans unité jamais traitée, la dernière cohorte sert de contrôle)",event,0.0,5558.0,0.0,0.0,2003.0,2024.0,2003.0,2022.0,5558.0,5.0,dr,8.0,5438.0,,,,,
h2,H2,H2a,"log(naissances+0,5 / 1 000 f. 15-19)","unités avec covariables, bascule 4G",cs,2,0.0031787019142792,0.0305291427730821,-0.056657318399843,0.0630147222284015,0.9170739226748328,5558,122276,False," ; covariables : log_pop, share_women_1549, level_pre, pretrend_pre (doublement robuste) ; contrôle = not_yet_treated ; fenêtre 2003-2024 ; 5558 traitées, 0 jamais traitées sur la fenêtre ; ATT(g,t) identifiés jusqu'en 2022 (sans unité jamais traitée, la dernière cohorte sert de contrôle)",event,0.0,5558.0,0.0,0.0,2003.0,2024.0,2003.0,2022.0,5558.0,5.0,dr,7.0,5268.0,,,,,
h2,H2,H2a,"log(naissances+0,5 / 1 000 f. 15-19)","unités avec covariables, bascule 4G",cs,3,-0.0542087531645431,0.0242576204422174,-0.1017528155819319,-0.0066646907471544,0.025436376925992,5558,122276,False," ; covariables : log_pop, share_women_1549, level_pre, pretrend_pre (doublement robuste) ; contrôle = not_yet_treated ; fenêtre 2003-2024 ; 5558 traitées, 0 jamais traitées sur la fenêtre ; ATT(g,t) identifiés jusqu'en 2022 (sans unité jamais traitée, la dernière cohorte sert de contrôle)",event,0.0,5558.0,0.0,0.0,2003.0,2024.0,2003.0,2022.0,5558.0,5.0,dr,6.0,4844.0,,,,,
h2,H2,H2a,"log(naissances+0,5 / 1 000 f. 15-19)","unités avec covariables, bascule 4G",cs,4,-0.1630136745495835,0.0392086376235274,-0.2398611921745794,-0.0861661569245876,3.2161415224413656e-05,5558,122276,False," ; covariables : log_pop, share_women_1549, level_pre, pretrend_pre (doublement robuste) ; contrôle = not_yet_treated ; fenêtre 2003-2024 ; 5558 traitées, 0 jamais traitées sur la fenêtre ; ATT(g,t) identifiés jusqu'en 2022 (sans unité jamais traitée, la dernière cohorte sert de contrôle)",event,0.0,5558.0,0.0,0.0,2003.0,2024.0,2003.0,2022.0,5558.0,5.0,dr,5.0,4445.0,,,,,
h2,H2,H2a,"log(naissances+0,5 / 1 000 f. 15-19)","unités avec covariables, bascule 4G",cs,5,-0.2720892266793972,0.0590326703409896,-0.3877911344589627,-0.1563873188998317,4.043582787885836e-06,5558,122276,False," ; covariables : log_pop, share_women_1549, level_pre, pretrend_pre (doublement robuste) ; contrôle = not_yet_treated ; fenêtre 2003-2024 ; 5558 traitées, 0 jamais traitées sur la fenêtre ; ATT(g,t) identifiés jusqu'en 2022 (sans unité jamais traitée, la dernière cohorte sert de contrôle)",event,0.0,5558.0,0.0,0.0,2003.0,2024.0,2003.0,2022.0,5558.0,5.0,dr,4.0,3767.0,,,,,
h2,H2,H2a,"log(naissances+0,5 / 1 000 f. 15-19)","unités avec covariables, bascule 4G",cs,6,-0.6207327259044326,0.1668059122213144,-0.9476663062665583,-0.2937991455423067,0.0001982097619197,5558,122276,False," ; covariables : log_pop, share_women_1549, level_pre, pretrend_pre (doublement robuste) ; contrôle = not_yet_treated ; fenêtre 2003-2024 ; 5558 traitées, 0 jamais traitées sur la fenêtre ; ATT(g,t) identifiés jusqu'en 2022 (sans unité jamais traitée, la dernière cohorte sert de contrôle)",event,0.0,5558.0,0.0,0.0,2003.0,2024.0,2003.0,2022.0,5558.0,5.0,dr,3.0,1032.0,,,,,
h2,H2,H2a,"log(naissances+0,5 / 1 000 f. 15-19)","unités avec covariables, bascule 4G",cs,7,-0.8025701212706402,0.1868576017265275,-1.1688042908921634,-0.4363359516491168,1.7462288194004658e-05,5558,122276,False," ; covariables : log_pop, share_women_1549, level_pre, pretrend_pre (doublement robuste) ; contrôle = not_yet_treated ; fenêtre 2003-2024 ; 5558 traitées, 0 jamais traitées sur la fenêtre ; ATT(g,t) identifiés jusqu'en 2022 (sans unité jamais traitée, la dernière cohorte sert de contrôle)",event,0.0,5558.0,0.0,0.0,2003.0,2024.0,2003.0,2022.0,5558.0,5.0,dr,2.0,481.0,,,,,
h2,H2,H2a,"log(naissances+0,5 / 1 000 f. 15-19)","unités avec covariables, bascule 4G",cs,8,-0.9355409421167856,0.2539393444176422,-1.4332529114330768,-0.4378289728004942,0.0002295014756181,5558,122276,False," ; covariables : log_pop, share_women_1549, level_pre, pretrend_pre (doublement robuste) ; contrôle = not_yet_treated ; fenêtre 2003-2024 ; 5558 traitées, 0 jamais traitées sur la fenêtre ; ATT(g,t) identifiés jusqu'en 2022 (sans unité jamais traitée, la dernière cohorte sert de contrôle)",event,0.0,5558.0,0.0,0.0,2003.0,2024.0,2003.0,2022.0,5558.0,5.0,dr,1.0,187.0,,,,,
h2,H2,H2a,"log(naissances+0,5 / 1 000 f. 15-19)","unités avec covariables, bascule 4G",cs,"ATT[1,5]",-0.0957599020391938,0.0243093867022427,-0.1434054244618464,-0.0481143796165411,8.174862979749386e-05,5558,122276,False," ; covariables : log_pop, share_women_1549, level_pre, pretrend_pre (doublement robuste) ; contrôle = not_yet_treated ; fenêtre 2003-2024 ; 5558 traitées, 0 jamais traitées sur la fenêtre ; ATT(g,t) identifiés jusqu'en 2022 (sans unité jamais traitée, la dernière cohorte sert de contrôle) ; écart-type avec covariance complète des coefficients (fonctions d'influence)",post_avg,0.0,5558.0,0.0,0.0,2003.0,2024.0,2003.0,2022.0,5558.0,5.0,dr,,,,,5.0,,
h2,H2,H2a,"log(naissances+0,5 / 1 000 f. 15-19)","unités avec covariables, bascule 4G",cs,ATT,-0.1046772829251231,0.0228076650784564,-0.1493794850503496,-0.0599750807998966,4.441686615512635e-06,5558,122276,False," ; covariables : log_pop, share_women_1549, level_pre, pretrend_pre (doublement robuste) ; contrôle = not_yet_treated ; fenêtre 2003-2024 ; 5558 traitées, 0 jamais traitées sur la fenêtre ; ATT(g,t) identifiés jusqu'en 2022 (sans unité jamais traitée, la dernière cohorte sert de contrôle) ; moyenne de tous les ATT(g,t) post",simple,0.0,5558.0,0.0,0.0,2003.0,2024.0,2003.0,2022.0,5558.0,5.0,dr,,,,,,,
h2,H2,H2a,"log(naissances+0,5 / 1 000 f. 15-19)","unités avec covariables, bascule 4G",cs,Wald pré (-8..-2),24.69708448633603,,,,0.0008585377192887,5558,122276,False,"H5c : test de Wald joint de nullité des coefficients pré avec covariance des fonctions d'influence, df = 7 ; fenêtre 2003-2024 ; 5558 traitées, 0 jamais traitées sur la fenêtre",pre_test,0.0,5558.0,0.0,0.0,2003.0,2024.0,2003.0,2022.0,5558.0,5.0,dr,,,,,,7.0,
h2,H2,H2a,"log(naissances+0,5 / 1 000 f. 15-19)","unités avec covariables, bascule 4G ; fenêtre identifiée ≤ 2022, cohorte 2023 = contrôle",sunab,-8,-0.007248279611624,0.0507217017681588,-0.1066609883117969,0.0921644290885488,0.8863668474101406,5558,122276,False," ; fenêtre 2003-2024 ; 5558 traitées, 0 jamais traitées sur la fenêtre ; covariables invariantes dans le temps absorbées par les effets fixes unité : log_pop, share_women_1549, level_pre, pretrend_pre ; comparaisons sur la fenêtre identifiée (années < 2023, cohorte 2023 recodée contrôle, 60 unités de contrôle) ; cellules −8 et +8 bornées",event,0.0,5558.0,0.0,0.0,2003.0,2024.0,,,,,,,,,,,,
h2,H2,H2a,"log(naissances+0,5 / 1 000 f. 15-19)","unités avec covariables, bascule 4G ; fenêtre identifiée ≤ 2022, cohorte 2023 = contrôle",sunab,-7,-0.0033688650090795,0.0488963856883264,-0.0992040199323791,0.09246628991422,0.9450707807498064,5558,122276,False," ; fenêtre 2003-2024 ; 5558 traitées, 0 jamais traitées sur la fenêtre ; covariables invariantes dans le temps absorbées par les effets fixes unité : log_pop, share_women_1549, level_pre, pretrend_pre ; comparaisons sur la fenêtre identifiée (années < 2023, cohorte 2023 recodée contrôle, 60 unités de contrôle) ; cellules −8 et +8 bornées",event,0.0,5558.0,0.0,0.0,2003.0,2024.0,,,,,,,,,,,,
h2,H2,H2a,"log(naissances+0,5 / 1 000 f. 15-19)","unités avec covariables, bascule 4G ; fenêtre identifiée ≤ 2022, cohorte 2023 = contrôle",sunab,-6,0.0111041329575614,0.0468423581694834,-0.0807052020055515,0.1029134679206745,0.8126154845079475,5558,122276,False," ; fenêtre 2003-2024 ; 5558 traitées, 0 jamais traitées sur la fenêtre ; covariables invariantes dans le temps absorbées par les effets fixes unité : log_pop, share_women_1549, level_pre, pretrend_pre ; comparaisons sur la fenêtre identifiée (années < 2023, cohorte 2023 recodée contrôle, 60 unités de contrôle) ; cellules −8 et +8 bornées",event,0.0,5558.0,0.0,0.0,2003.0,2024.0,,,,,,,,,,,,
h2,H2,H2a,"log(naissances+0,5 / 1 000 f. 15-19)","unités avec covariables, bascule 4G ; fenêtre identifiée ≤ 2022, cohorte 2023 = contrôle",sunab,-5,0.028310443585298,0.043485628593933,-0.0569198223038958,0.1135407094744919,0.5150271984991913,5558,122276,False," ; fenêtre 2003-2024 ; 5558 traitées, 0 jamais traitées sur la fenêtre ; covariables invariantes dans le temps absorbées par les effets fixes unité : log_pop, share_women_1549, level_pre, pretrend_pre ; comparaisons sur la fenêtre identifiée (années < 2023, cohorte 2023 recodée contrôle, 60 unités de contrôle) ; cellules −8 et +8 bornées",event,0.0,5558.0,0.0,0.0,2003.0,2024.0,,,,,,,,,,,,
h2,H2,H2a,"log(naissances+0,5 / 1 000 f. 15-19)","unités avec covariables, bascule 4G ; fenêtre identifiée ≤ 2022, cohorte 2023 = contrôle",sunab,-4,0.0216397143624526,0.0408483222459463,-0.0584215260684885,0.1017009547933938,0.5962799177306859,5558,122276,False," ; fenêtre 2003-2024 ; 5558 traitées, 0 jamais traitées sur la fenêtre ; covariables invariantes dans le temps absorbées par les effets fixes unité : log_pop, share_women_1549, level_pre, pretrend_pre ; comparaisons sur la fenêtre identifiée (années < 2023, cohorte 2023 recodée contrôle, 60 unités de contrôle) ; cellules −8 et +8 bornées",event,0.0,5558.0,0.0,0.0,2003.0,2024.0,,,,,,,,,,,,
h2,H2,H2a,"log(naissances+0,5 / 1 000 f. 15-19)","unités avec covariables, bascule 4G ; fenêtre identifiée ≤ 2022, cohorte 2023 = contrôle",sunab,-3,0.0018725522055603,0.0361314898317317,-0.068943866572409,0.0726889709835297,0.9586673027979424,5558,122276,False," ; fenêtre 2003-2024 ; 5558 traitées, 0 jamais traitées sur la fenêtre ; covariables invariantes dans le temps absorbées par les effets fixes unité : log_pop, share_women_1549, level_pre, pretrend_pre ; comparaisons sur la fenêtre identifiée (années < 2023, cohorte 2023 recodée contrôle, 60 unités de contrôle) ; cellules −8 et +8 bornées",event,0.0,5558.0,0.0,0.0,2003.0,2024.0,,,,,,,,,,,,
h2,H2,H2a,"log(naissances+0,5 / 1 000 f. 15-19)","unités avec covariables, bascule 4G ; fenêtre identifiée ≤ 2022, cohorte 2023 = contrôle",sunab,-2,0.0163835288571208,0.027060008822741,-0.0366531138567877,0.0694201715710294,0.5448788955098435,5558,122276,False," ; fenêtre 2003-2024 ; 5558 traitées, 0 jamais traitées sur la fenêtre ; covariables invariantes dans le temps absorbées par les effets fixes unité : log_pop, share_women_1549, level_pre, pretrend_pre ; comparaisons sur la fenêtre identifiée (années < 2023, cohorte 2023 recodée contrôle, 60 unités de contrôle) ; cellules −8 et +8 bornées",event,0.0,5558.0,0.0,0.0,2003.0,2024.0,,,,,,,,,,,,
h2,H2,H2a,"log(naissances+0,5 / 1 000 f. 15-19)","unités avec covariables, bascule 4G ; fenêtre identifiée ≤ 2022, cohorte 2023 = contrôle",sunab,0,-0.0035728207642593,0.0250516410851061,-0.0526731350446912,0.0455274935161726,0.886591697498336,5558,122276,False," ; fenêtre 2003-2024 ; 5558 traitées, 0 jamais traitées sur la fenêtre ; covariables invariantes dans le temps absorbées par les effets fixes unité : log_pop, share_women_1549, level_pre, pretrend_pre ; comparaisons sur la fenêtre identifiée (années < 2023, cohorte 2023 recodée contrôle, 60 unités de contrôle) ; cellules −8 et +8 bornées",event,0.0,5558.0,0.0,0.0,2003.0,2024.0,,,,,,,,,,,,
h2,H2,H2a,"log(naissances+0,5 / 1 000 f. 15-19)","unités avec covariables, bascule 4G ; fenêtre identifiée ≤ 2022, cohorte 2023 = contrôle",sunab,1,-0.0025646466072683,0.0326910523057679,-0.0666379317432884,0.0615086385287518,0.9374692853730906,5558,122276,False," ; fenêtre 2003-2024 ; 5558 traitées, 0 jamais traitées sur la fenêtre ; covariables invariantes dans le temps absorbées par les effets fixes unité : log_pop, share_women_1549, level_pre, pretrend_pre ; comparaisons sur la fenêtre identifiée (années < 2023, cohorte 2023 recodée contrôle, 60 unités de contrôle) ; cellules −8 et +8 bornées",event,0.0,5558.0,0.0,0.0,2003.0,2024.0,,,,,,,,,,,,
h2,H2,H2a,"log(naissances+0,5 / 1 000 f. 15-19)","unités avec covariables, bascule 4G ; fenêtre identifiée ≤ 2022, cohorte 2023 = contrôle",sunab,2,-0.0232219037573404,0.0398665293274348,-0.1013588654277226,0.0549150579130416,0.5602358461776751,5558,122276,False," ; fenêtre 2003-2024 ; 5558 traitées, 0 jamais traitées sur la fenêtre ; covariables invariantes dans le temps absorbées par les effets fixes unité : log_pop, share_women_1549, level_pre, pretrend_pre ; comparaisons sur la fenêtre identifiée (années < 2023, cohorte 2023 recodée contrôle, 60 unités de contrôle) ; cellules −8 et +8 bornées",event,0.0,5558.0,0.0,0.0,2003.0,2024.0,,,,,,,,,,,,
h2,H2,H2a,"log(naissances+0,5 / 1 000 f. 15-19)","unités avec covariables, bascule 4G ; fenêtre identifiée ≤ 2022, cohorte 2023 = contrôle",sunab,3,-0.0197742789430055,0.0574476437562695,-0.1323695917019812,0.0928210338159701,0.730685410775965,5558,122276,False," ; fenêtre 2003-2024 ; 5558 traitées, 0 jamais traitées sur la fenêtre ; covariables invariantes dans le temps absorbées par les effets fixes unité : log_pop, share_women_1549, level_pre, pretrend_pre ; comparaisons sur la fenêtre identifiée (années < 2023, cohorte 2023 recodée contrôle, 60 unités de contrôle) ; cellules −8 et +8 bornées",event,0.0,5558.0,0.0,0.0,2003.0,2024.0,,,,,,,,,,,,
h2,H2,H2a,"log(naissances+0,5 / 1 000 f. 15-19)","unités avec covariables, bascule 4G ; fenêtre identifiée ≤ 2022, cohorte 2023 = contrôle",sunab,4,-0.091139684879566,0.0625625606807969,-0.2137600505945296,0.0314806808353976,0.1451780111051872,5558,122276,False," ; fenêtre 2003-2024 ; 5558 traitées, 0 jamais traitées sur la fenêtre ; covariables invariantes dans le temps absorbées par les effets fixes unité : log_pop, share_women_1549, level_pre, pretrend_pre ; comparaisons sur la fenêtre identifiée (années < 2023, cohorte 2023 recodée contrôle, 60 unités de contrôle) ; cellules −8 et +8 bornées",event,0.0,5558.0,0.0,0.0,2003.0,2024.0,,,,,,,,,,,,
h2,H2,H2a,"log(naissances+0,5 / 1 000 f. 15-19)","unités avec covariables, bascule 4G ; fenêtre identifiée ≤ 2022, cohorte 2023 = contrôle",sunab,5,-0.134491627057375,0.0646003751966853,-0.2611060358306529,-0.007877218284097,0.0373514549755855,5558,122276,False," ; fenêtre 2003-2024 ; 5558 traitées, 0 jamais traitées sur la fenêtre ; covariables invariantes dans le temps absorbées par les effets fixes unité : log_pop, share_women_1549, level_pre, pretrend_pre ; comparaisons sur la fenêtre identifiée (années < 2023, cohorte 2023 recodée contrôle, 60 unités de contrôle) ; cellules −8 et +8 bornées",event,0.0,5558.0,0.0,0.0,2003.0,2024.0,,,,,,,,,,,,
h2,H2,H2a,"log(naissances+0,5 / 1 000 f. 15-19)","unités avec covariables, bascule 4G ; fenêtre identifiée ≤ 2022, cohorte 2023 = contrôle",sunab,6,-0.2400736662289511,0.0652295971742749,-0.3679213274165857,-0.1122260050413165,0.0002328311758245,5558,122276,False," ; fenêtre 2003-2024 ; 5558 traitées, 0 jamais traitées sur la fenêtre ; covariables invariantes dans le temps absorbées par les effets fixes unité : log_pop, share_women_1549, level_pre, pretrend_pre ; comparaisons sur la fenêtre identifiée (années < 2023, cohorte 2023 recodée contrôle, 60 unités de contrôle) ; cellules −8 et +8 bornées",event,0.0,5558.0,0.0,0.0,2003.0,2024.0,,,,,,,,,,,,
h2,H2,H2a,"log(naissances+0,5 / 1 000 f. 15-19)","unités avec covariables, bascule 4G ; fenêtre identifiée ≤ 2022, cohorte 2023 = contrôle",sunab,7,-0.3136239007927081,0.0667702303950117,-0.4444911476063727,-0.1827566539790434,2.639305713974894e-06,5558,122276,False," ; fenêtre 2003-2024 ; 5558 traitées, 0 jamais traitées sur la fenêtre ; covariables invariantes dans le temps absorbées par les effets fixes unité : log_pop, share_women_1549, level_pre, pretrend_pre ; comparaisons sur la fenêtre identifiée (années < 2023, cohorte 2023 recodée contrôle, 60 unités de contrôle) ; cellules −8 et +8 bornées",event,0.0,5558.0,0.0,0.0,2003.0,2024.0,,,,,,,,,,,,
h2,H2,H2a,"log(naissances+0,5 / 1 000 f. 15-19)","unités avec covariables, bascule 4G ; fenêtre identifiée ≤ 2022, cohorte 2023 = contrôle",sunab,8,-0.4377562995694888,0.0744245586025316,-0.5836257539957415,-0.2918868451432361,4.056331621294031e-09,5558,122276,False," ; fenêtre 2003-2024 ; 5558 traitées, 0 jamais traitées sur la fenêtre ; covariables invariantes dans le temps absorbées par les effets fixes unité : log_pop, share_women_1549, level_pre, pretrend_pre ; comparaisons sur la fenêtre identifiée (années < 2023, cohorte 2023 recodée contrôle, 60 unités de contrôle) ; cellules −8 et +8 bornées",event,0.0,5558.0,0.0,0.0,2003.0,2024.0,,,,,,,,,,,,
h2,H2,H2a,"log(naissances+0,5 / 1 000 f. 15-19)","unités avec covariables, bascule 4G ; fenêtre identifiée ≤ 2022, cohorte 2023 = contrôle",sunab,"ATT[1,5]",-0.054238428248911,0.045237223763815,-0.1429017575865681,0.0344249010887459,0.2305365674209356,5558,122276,False," ; fenêtre 2003-2024 ; 5558 traitées, 0 jamais traitées sur la fenêtre ; covariables invariantes dans le temps absorbées par les effets fixes unité : log_pop, share_women_1549, level_pre, pretrend_pre ; comparaisons sur la fenêtre identifiée (années < 2023, cohorte 2023 recodée contrôle, 60 unités de contrôle) ; écart-type avec covariance complète (w'Vw)",post_avg,0.0,5558.0,0.0,0.0,2003.0,2024.0,,,,,,,,,,,,
h2,H2,H2a,"log(naissances+0,5 / 1 000 f. 15-19)","unités avec covariables, bascule 4G ; fenêtre identifiée ≤ 2022, cohorte 2023 = contrôle",sunab,Wald pré (-8..−2),9.83892072385381,,,,0.1978869495583132,5558,122276,False,"test de Wald joint, covariance groupée, df = 7 ; fenêtre 2003-2024 ; 5558 traitées, 0 jamais traitées sur la fenêtre",pre_test,0.0,5558.0,0.0,0.0,2003.0,2024.0,,,,,,,,,,,7.0,
h2,H2,H2a,"log(naissances+0,5 / 1 000 f. 15-19)","unités avec covariables, bascule 4G ; fenêtre identifiée ≤ 2022, cohorte 2023 = contrôle",did2s,-8,-0.0012345148978162,0.000585606191142,-0.0023822819415783,-8.674785405409077e-05,0.0350225639962654,5558,122276,False," ; fenêtre 2003-2024 ; 5558 traitées, 0 jamais traitées sur la fenêtre ; covariables invariantes dans le temps absorbées par les effets fixes unité : log_pop, share_women_1549, level_pre, pretrend_pre ; comparaisons sur la fenêtre identifiée (années < 2023, cohorte 2023 recodée contrôle, 60 unités de contrôle) ; cellules −8 et +8 bornées ; did2s en deux étapes implémenté directement (pyfixest.did2s dépasse la mémoire au-delà de 5 000 unités), écarts-types par bootstrap par grappes (50 tirages, grappe = unit)",event,0.0,5558.0,0.0,0.0,2003.0,2024.0,,,,,,,,,,,,
h2,H2,H2a,"log(naissances+0,5 / 1 000 f. 15-19)","unités avec covariables, bascule 4G ; fenêtre identifiée ≤ 2022, cohorte 2023 = contrôle",did2s,-7,-0.0092622039368966,0.0039196719648073,-0.0169446198191304,-0.0015797880546629,0.0181274314471338,5558,122276,False," ; fenêtre 2003-2024 ; 5558 traitées, 0 jamais traitées sur la fenêtre ; covariables invariantes dans le temps absorbées par les effets fixes unité : log_pop, share_women_1549, level_pre, pretrend_pre ; comparaisons sur la fenêtre identifiée (années < 2023, cohorte 2023 recodée contrôle, 60 unités de contrôle) ; cellules −8 et +8 bornées ; did2s en deux étapes implémenté directement (pyfixest.did2s dépasse la mémoire au-delà de 5 000 unités), écarts-types par bootstrap par grappes (50 tirages, grappe = unit)",event,0.0,5558.0,0.0,0.0,2003.0,2024.0,,,,,,,,,,,,
h2,H2,H2a,"log(naissances+0,5 / 1 000 f. 15-19)","unités avec covariables, bascule 4G ; fenêtre identifiée ≤ 2022, cohorte 2023 = contrôle",did2s,-6,-0.0026281883122499,0.0037712598064341,-0.0100197217092042,0.0047633450847044,0.4858658170398396,5558,122276,False," ; fenêtre 2003-2024 ; 5558 traitées, 0 jamais traitées sur la fenêtre ; covariables invariantes dans le temps absorbées par les effets fixes unité : log_pop, share_women_1549, level_pre, pretrend_pre ; comparaisons sur la fenêtre identifiée (années < 2023, cohorte 2023 recodée contrôle, 60 unités de contrôle) ; cellules −8 et +8 bornées ; did2s en deux étapes implémenté directement (pyfixest.did2s dépasse la mémoire au-delà de 5 000 unités), écarts-types par bootstrap par grappes (50 tirages, grappe = unit)",event,0.0,5558.0,0.0,0.0,2003.0,2024.0,,,,,,,,,,,,
h2,H2,H2a,"log(naissances+0,5 / 1 000 f. 15-19)","unités avec covariables, bascule 4G ; fenêtre identifiée ≤ 2022, cohorte 2023 = contrôle",did2s,-5,-0.003514180575301,0.0033649661390508,-0.0101093930170374,0.0030810318664353,0.2963264855814473,5558,122276,False," ; fenêtre 2003-2024 ; 5558 traitées, 0 jamais traitées sur la fenêtre ; covariables invariantes dans le temps absorbées par les effets fixes unité : log_pop, share_women_1549, level_pre, pretrend_pre ; comparaisons sur la fenêtre identifiée (années < 2023, cohorte 2023 recodée contrôle, 60 unités de contrôle) ; cellules −8 et +8 bornées ; did2s en deux étapes implémenté directement (pyfixest.did2s dépasse la mémoire au-delà de 5 000 unités), écarts-types par bootstrap par grappes (50 tirages, grappe = unit)",event,0.0,5558.0,0.0,0.0,2003.0,2024.0,,,,,,,,,,,,
h2,H2,H2a,"log(naissances+0,5 / 1 000 f. 15-19)","unités avec covariables, bascule 4G ; fenêtre identifiée ≤ 2022, cohorte 2023 = contrôle",did2s,-4,-0.000717555808533,0.0031693558145563,-0.006929379059256,0.0054942674421899,0.8208869779780258,5558,122276,False," ; fenêtre 2003-2024 ; 5558 traitées, 0 jamais traitées sur la fenêtre ; covariables invariantes dans le temps absorbées par les effets fixes unité : log_pop, share_women_1549, level_pre, pretrend_pre ; comparaisons sur la fenêtre identifiée (années < 2023, cohorte 2023 recodée contrôle, 60 unités de contrôle) ; cellules −8 et +8 bornées ; did2s en deux étapes implémenté directement (pyfixest.did2s dépasse la mémoire au-delà de 5 000 unités), écarts-types par bootstrap par grappes (50 tirages, grappe = unit)",event,0.0,5558.0,0.0,0.0,2003.0,2024.0,,,,,,,,,,,,
h2,H2,H2a,"log(naissances+0,5 / 1 000 f. 15-19)","unités avec covariables, bascule 4G ; fenêtre identifiée ≤ 2022, cohorte 2023 = contrôle",did2s,-3,0.0106843602538235,0.0035153003635903,0.0037944981463458,0.0175742223613012,0.0023705966167503,5558,122276,False," ; fenêtre 2003-2024 ; 5558 traitées, 0 jamais traitées sur la fenêtre ; covariables invariantes dans le temps absorbées par les effets fixes unité : log_pop, share_women_1549, level_pre, pretrend_pre ; comparaisons sur la fenêtre identifiée (années < 2023, cohorte 2023 recodée contrôle, 60 unités de contrôle) ; cellules −8 et +8 bornées ; did2s en deux étapes implémenté directement (pyfixest.did2s dépasse la mémoire au-delà de 5 000 unités), écarts-types par bootstrap par grappes (50 tirages, grappe = unit)",event,0.0,5558.0,0.0,0.0,2003.0,2024.0,,,,,,,,,,,,
h2,H2,H2a,"log(naissances+0,5 / 1 000 f. 15-19)","unités avec covariables, bascule 4G ; fenêtre identifiée ≤ 2022, cohorte 2023 = contrôle",did2s,-2,0.0091648122162326,0.003293351233196,0.0027099624107276,0.0156196620217375,0.0053888263576376,5558,122276,False," ; fenêtre 2003-2024 ; 5558 traitées, 0 jamais traitées sur la fenêtre ; covariables invariantes dans le temps absorbées par les effets fixes unité : log_pop, share_women_1549, level_pre, pretrend_pre ; comparaisons sur la fenêtre identifiée (années < 2023, cohorte 2023 recodée contrôle, 60 unités de contrôle) ; cellules −8 et +8 bornées ; did2s en deux étapes implémenté directement (pyfixest.did2s dépasse la mémoire au-delà de 5 000 unités), écarts-types par bootstrap par grappes (50 tirages, grappe = unit)",event,0.0,5558.0,0.0,0.0,2003.0,2024.0,,,,,,,,,,,,
h2,H2,H2a,"log(naissances+0,5 / 1 000 f. 15-19)","unités avec covariables, bascule 4G ; fenêtre identifiée ≤ 2022, cohorte 2023 = contrôle",did2s,0,-0.0051712801845704,0.0083040895687758,-0.0214469966637658,0.011104436294625,0.533456069464028,5558,122276,False," ; fenêtre 2003-2024 ; 5558 traitées, 0 jamais traitées sur la fenêtre ; covariables invariantes dans le temps absorbées par les effets fixes unité : log_pop, share_women_1549, level_pre, pretrend_pre ; comparaisons sur la fenêtre identifiée (années < 2023, cohorte 2023 recodée contrôle, 60 unités de contrôle) ; cellules −8 et +8 bornées ; did2s en deux étapes implémenté directement (pyfixest.did2s dépasse la mémoire au-delà de 5 000 unités), écarts-types par bootstrap par grappes (50 tirages, grappe = unit)",event,0.0,5558.0,0.0,0.0,2003.0,2024.0,,,,,,,,,,,,
h2,H2,H2a,"log(naissances+0,5 / 1 000 f. 15-19)","unités avec covariables, bascule 4G ; fenêtre identifiée ≤ 2022, cohorte 2023 = contrôle",did2s,1,-0.0201391530270996,0.0112227890870128,-0.0421354154437338,0.0018571093895346,0.0727354162199416,5558,122276,False," ; fenêtre 2003-2024 ; 5558 traitées, 0 jamais traitées sur la fenêtre ; covariables invariantes dans le temps absorbées par les effets fixes unité : log_pop, share_women_1549, level_pre, pretrend_pre ; comparaisons sur la fenêtre identifiée (années < 2023, cohorte 2023 recodée contrôle, 60 unités de contrôle) ; cellules −8 et +8 bornées ; did2s en deux étapes implémenté directement (pyfixest.did2s dépasse la mémoire au-delà de 5 000 unités), écarts-types par bootstrap par grappes (50 tirages, grappe = unit)",event,0.0,5558.0,0.0,0.0,2003.0,2024.0,,,,,,,,,,,,
h2,H2,H2a,"log(naissances+0,5 / 1 000 f. 15-19)","unités avec covariables, bascule 4G ; fenêtre identifiée ≤ 2022, cohorte 2023 = contrôle",did2s,2,-0.0400984466070932,0.0164147810523885,-0.0722708262838852,-0.0079260669303013,0.0145727794513336,5558,122276,False," ; fenêtre 2003-2024 ; 5558 traitées, 0 jamais traitées sur la fenêtre ; covariables invariantes dans le temps absorbées par les effets fixes unité : log_pop, share_women_1549, level_pre, pretrend_pre ; comparaisons sur la fenêtre identifiée (années < 2023, cohorte 2023 recodée contrôle, 60 unités de contrôle) ; cellules −8 et +8 bornées ; did2s en deux étapes implémenté directement (pyfixest.did2s dépasse la mémoire au-delà de 5 000 unités), écarts-types par bootstrap par grappes (50 tirages, grappe = unit)",event,0.0,5558.0,0.0,0.0,2003.0,2024.0,,,,,,,,,,,,
h2,H2,H2a,"log(naissances+0,5 / 1 000 f. 15-19)","unités avec covariables, bascule 4G ; fenêtre identifiée ≤ 2022, cohorte 2023 = contrôle",did2s,3,-0.0644345069652473,0.0252260138340885,-0.1138765855535701,-0.0149924283769245,0.0106405173673237,5558,122276,False," ; fenêtre 2003-2024 ; 5558 traitées, 0 jamais traitées sur la fenêtre ; covariables invariantes dans le temps absorbées par les effets fixes unité : log_pop, share_women_1549, level_pre, pretrend_pre ; comparaisons sur la fenêtre identifiée (années < 2023, cohorte 2023 recodée contrôle, 60 unités de contrôle) ; cellules −8 et +8 bornées ; did2s en deux étapes implémenté directement (pyfixest.did2s dépasse la mémoire au-delà de 5 000 unités), écarts-types par bootstrap par grappes (50 tirages, grappe = unit)",event,0.0,5558.0,0.0,0.0,2003.0,2024.0,,,,,,,,,,,,
h2,H2,H2a,"log(naissances+0,5 / 1 000 f. 15-19)","unités avec covariables, bascule 4G ; fenêtre identifiée ≤ 2022, cohorte 2023 = contrôle",did2s,4,-0.0963499331369207,0.0375255742533317,-0.1698987071726344,-0.0228011591012069,0.0102411004238591,5558,122276,False," ; fenêtre 2003-2024 ; 5558 traitées, 0 jamais traitées sur la fenêtre ; covariables invariantes dans le temps absorbées par les effets fixes unité : log_pop, share_women_1549, level_pre, pretrend_pre ; comparaisons sur la fenêtre identifiée (années < 2023, cohorte 2023 recodée contrôle, 60 unités de contrôle) ; cellules −8 et +8 bornées ; did2s en deux étapes implémenté directement (pyfixest.did2s dépasse la mémoire au-delà de 5 000 unités), écarts-types par bootstrap par grappes (50 tirages, grappe = unit)",event,0.0,5558.0,0.0,0.0,2003.0,2024.0,,,,,,,,,,,,
h2,H2,H2a,"log(naissances+0,5 / 1 000 f. 15-19)","unités avec covariables, bascule 4G ; fenêtre identifiée ≤ 2022, cohorte 2023 = contrôle",did2s,5,-0.1466953024358163,0.0466491822224981,-0.2381260195001589,-0.0552645853714737,0.0016628623018765,5558,122276,False," ; fenêtre 2003-2024 ; 5558 traitées, 0 jamais traitées sur la fenêtre ; covariables invariantes dans le temps absorbées par les effets fixes unité : log_pop, share_women_1549, level_pre, pretrend_pre ; comparaisons sur la fenêtre identifiée (années < 2023, cohorte 2023 recodée contrôle, 60 unités de contrôle) ; cellules −8 et +8 bornées ; did2s en deux étapes implémenté directement (pyfixest.did2s dépasse la mémoire au-delà de 5 000 unités), écarts-types par bootstrap par grappes (50 tirages, grappe = unit)",event,0.0,5558.0,0.0,0.0,2003.0,2024.0,,,,,,,,,,,,
h2,H2,H2a,"log(naissances+0,5 / 1 000 f. 15-19)","unités avec covariables, bascule 4G ; fenêtre identifiée ≤ 2022, cohorte 2023 = contrôle",did2s,6,-0.2135670802724249,0.0409985609380488,-0.2939227831289713,-0.1332113774158785,1.8972200194930946e-07,5558,122276,False," ; fenêtre 2003-2024 ; 5558 traitées, 0 jamais traitées sur la fenêtre ; covariables invariantes dans le temps absorbées par les effets fixes unité : log_pop, share_women_1549, level_pre, pretrend_pre ; comparaisons sur la fenêtre identifiée (années < 2023, cohorte 2023 recodée contrôle, 60 unités de contrôle) ; cellules −8 et +8 bornées ; did2s en deux étapes implémenté directement (pyfixest.did2s dépasse la mémoire au-delà de 5 000 unités), écarts-types par bootstrap par grappes (50 tirages, grappe = unit)",event,0.0,5558.0,0.0,0.0,2003.0,2024.0,,,,,,,,,,,,
h2,H2,H2a,"log(naissances+0,5 / 1 000 f. 15-19)","unités avec covariables, bascule 4G ; fenêtre identifiée ≤ 2022, cohorte 2023 = contrôle",did2s,7,-0.2443310373410665,0.0501018060941206,-0.3425287728459524,-0.1461333018361807,1.078801126835095e-06,5558,122276,False," ; fenêtre 2003-2024 ; 5558 traitées, 0 jamais traitées sur la fenêtre ; covariables invariantes dans le temps absorbées par les effets fixes unité : log_pop, share_women_1549, level_pre, pretrend_pre ; comparaisons sur la fenêtre identifiée (années < 2023, cohorte 2023 recodée contrôle, 60 unités de contrôle) ; cellules −8 et +8 bornées ; did2s en deux étapes implémenté directement (pyfixest.did2s dépasse la mémoire au-delà de 5 000 unités), écarts-types par bootstrap par grappes (50 tirages, grappe = unit)",event,0.0,5558.0,0.0,0.0,2003.0,2024.0,,,,,,,,,,,,
h2,H2,H2a,"log(naissances+0,5 / 1 000 f. 15-19)","unités avec covariables, bascule 4G ; fenêtre identifiée ≤ 2022, cohorte 2023 = contrôle",did2s,8,-0.3160054910308955,0.0644464316201137,-0.4423181759384417,-0.1896928061233493,9.42004035949049e-07,5558,122276,False," ; fenêtre 2003-2024 ; 5558 traitées, 0 jamais traitées sur la fenêtre ; covariables invariantes dans le temps absorbées par les effets fixes unité : log_pop, share_women_1549, level_pre, pretrend_pre ; comparaisons sur la fenêtre identifiée (années < 2023, cohorte 2023 recodée contrôle, 60 unités de contrôle) ; cellules −8 et +8 bornées ; did2s en deux étapes implémenté directement (pyfixest.did2s dépasse la mémoire au-delà de 5 000 unités), écarts-types par bootstrap par grappes (50 tirages, grappe = unit)",event,0.0,5558.0,0.0,0.0,2003.0,2024.0,,,,,,,,,,,,
h2,H2,H2a,"log(naissances+0,5 / 1 000 f. 15-19)","unités avec covariables, bascule 4G ; fenêtre identifiée ≤ 2022, cohorte 2023 = contrôle",did2s,"ATT[1,5]",-0.0735434684344354,0.0238376234273773,-0.1202643518291233,-0.0268225850397475,0.0020342585911697,5558,122276,False," ; fenêtre 2003-2024 ; 5558 traitées, 0 jamais traitées sur la fenêtre ; covariables invariantes dans le temps absorbées par les effets fixes unité : log_pop, share_women_1549, level_pre, pretrend_pre ; comparaisons sur la fenêtre identifiée (années < 2023, cohorte 2023 recodée contrôle, 60 unités de contrôle) ; écart-type avec covariance complète (w'Vw)",post_avg,0.0,5558.0,0.0,0.0,2003.0,2024.0,,,,,,,,,,,,
h2,H2,H2a,"log(naissances+0,5 / 1 000 f. 15-19)","unités avec covariables, bascule 4G ; fenêtre identifiée ≤ 2022, cohorte 2023 = contrôle",did2s,Wald pré (-8..−2),34.10678192310672,,,,1.6449889340030023e-05,5558,122276,False,"test de Wald joint, covariance groupée, df = 7 ; fenêtre 2003-2024 ; 5558 traitées, 0 jamais traitées sur la fenêtre",pre_test,0.0,5558.0,0.0,0.0,2003.0,2024.0,,,,,,,,,,,7.0,
h2,H2,H2a,"log(naissances+0,5 / 1 000 f. 15-19)","unités avec covariables, bascule 4G ; fenêtre identifiée ≤ 2022, cohorte 2023 = contrôle",twfe,-8,-0.0904631984135314,0.021488280518318,-0.1325794543191285,-0.0483469425079343,2.5550025458414617e-05,5558,122276,False," ; fenêtre 2003-2024 ; 5558 traitées, 0 jamais traitées sur la fenêtre ; covariables invariantes dans le temps absorbées par les effets fixes unité : log_pop, share_women_1549, level_pre, pretrend_pre ; comparaisons sur la fenêtre identifiée (années < 2023, cohorte 2023 recodée contrôle, 60 unités de contrôle) ; cellules −8 et +8 bornées",event,0.0,5558.0,0.0,0.0,2003.0,2024.0,,,,,,,,,,,,
h2,H2,H2a,"log(naissances+0,5 / 1 000 f. 15-19)","unités avec covariables, bascule 4G ; fenêtre identifiée ≤ 2022, cohorte 2023 = contrôle",twfe,-7,-0.0818383778743604,0.0176120329298357,-0.1163573281113719,-0.0473194276373489,3.3723659884112023e-06,5558,122276,False," ; fenêtre 2003-2024 ; 5558 traitées, 0 jamais traitées sur la fenêtre ; covariables invariantes dans le temps absorbées par les effets fixes unité : log_pop, share_women_1549, level_pre, pretrend_pre ; comparaisons sur la fenêtre identifiée (années < 2023, cohorte 2023 recodée contrôle, 60 unités de contrôle) ; cellules −8 et +8 bornées",event,0.0,5558.0,0.0,0.0,2003.0,2024.0,,,,,,,,,,,,
h2,H2,H2a,"log(naissances+0,5 / 1 000 f. 15-19)","unités avec covariables, bascule 4G ; fenêtre identifiée ≤ 2022, cohorte 2023 = contrôle",twfe,-6,-0.06424463120859,0.015429393106572,-0.0944856860007818,-0.0340035764163982,3.130188246290476e-05,5558,122276,False," ; fenêtre 2003-2024 ; 5558 traitées, 0 jamais traitées sur la fenêtre ; covariables invariantes dans le temps absorbées par les effets fixes unité : log_pop, share_women_1549, level_pre, pretrend_pre ; comparaisons sur la fenêtre identifiée (années < 2023, cohorte 2023 recodée contrôle, 60 unités de contrôle) ; cellules −8 et +8 bornées",event,0.0,5558.0,0.0,0.0,2003.0,2024.0,,,,,,,,,,,,
h2,H2,H2a,"log(naissances+0,5 / 1 000 f. 15-19)","unités avec covariables, bascule 4G ; fenêtre identifiée ≤ 2022, cohorte 2023 = contrôle",twfe,-5,-0.0539556905762874,0.0132197526280326,-0.07986592961176,-0.0280454515408148,4.475660877471715e-05,5558,122276,False," ; fenêtre 2003-2024 ; 5558 traitées, 0 jamais traitées sur la fenêtre ; covariables invariantes dans le temps absorbées par les effets fixes unité : log_pop, share_women_1549, level_pre, pretrend_pre ; comparaisons sur la fenêtre identifiée (années < 2023, cohorte 2023 recodée contrôle, 60 unités de contrôle) ; cellules −8 et +8 bornées",event,0.0,5558.0,0.0,0.0,2003.0,2024.0,,,,,,,,,,,,
h2,H2,H2a,"log(naissances+0,5 / 1 000 f. 15-19)","unités avec covariables, bascule 4G ; fenêtre identifiée ≤ 2022, cohorte 2023 = contrôle",twfe,-4,-0.0382503866204958,0.0109576082493177,-0.0597269041458577,-0.016773869095134,0.0004816477146575,5558,122276,False," ; fenêtre 2003-2024 ; 5558 traitées, 0 jamais traitées sur la fenêtre ; covariables invariantes dans le temps absorbées par les effets fixes unité : log_pop, share_women_1549, level_pre, pretrend_pre ; comparaisons sur la fenêtre identifiée (années < 2023, cohorte 2023 recodée contrôle, 60 unités de contrôle) ; cellules −8 et +8 bornées",event,0.0,5558.0,0.0,0.0,2003.0,2024.0,,,,,,,,,,,,
h2,H2,H2a,"log(naissances+0,5 / 1 000 f. 15-19)","unités avec covariables, bascule 4G ; fenêtre identifiée ≤ 2022, cohorte 2023 = contrôle",twfe,-3,-0.0134776809226969,0.0087691832429071,-0.030664964252627,0.0037096024072331,0.124308773007027,5558,122276,False," ; fenêtre 2003-2024 ; 5558 traitées, 0 jamais traitées sur la fenêtre ; covariables invariantes dans le temps absorbées par les effets fixes unité : log_pop, share_women_1549, level_pre, pretrend_pre ; comparaisons sur la fenêtre identifiée (années < 2023, cohorte 2023 recodée contrôle, 60 unités de contrôle) ; cellules −8 et +8 bornées",event,0.0,5558.0,0.0,0.0,2003.0,2024.0,,,,,,,,,,,,
h2,H2,H2a,"log(naissances+0,5 / 1 000 f. 15-19)","unités avec covariables, bascule 4G ; fenêtre identifiée ≤ 2022, cohorte 2023 = contrôle",twfe,-2,-0.0050109108315214,0.0066184343651812,-0.0179828038213189,0.0079609821582759,0.4489814300818737,5558,122276,False," ; fenêtre 2003-2024 ; 5558 traitées, 0 jamais traitées sur la fenêtre ; covariables invariantes dans le temps absorbées par les effets fixes unité : log_pop, share_women_1549, level_pre, pretrend_pre ; comparaisons sur la fenêtre identifiée (années < 2023, cohorte 2023 recodée contrôle, 60 unités de contrôle) ; cellules −8 et +8 bornées",event,0.0,5558.0,0.0,0.0,2003.0,2024.0,,,,,,,,,,,,
h2,H2,H2a,"log(naissances+0,5 / 1 000 f. 15-19)","unités avec covariables, bascule 4G ; fenêtre identifiée ≤ 2022, cohorte 2023 = contrôle",twfe,0,3.069691692924268e-05,0.0067301438528508,-0.013160142645432,0.0132215364792905,0.9963607744953084,5558,122276,False," ; fenêtre 2003-2024 ; 5558 traitées, 0 jamais traitées sur la fenêtre ; covariables invariantes dans le temps absorbées par les effets fixes unité : log_pop, share_women_1549, level_pre, pretrend_pre ; comparaisons sur la fenêtre identifiée (années < 2023, cohorte 2023 recodée contrôle, 60 unités de contrôle) ; cellules −8 et +8 bornées",event,0.0,5558.0,0.0,0.0,2003.0,2024.0,,,,,,,,,,,,
h2,H2,H2a,"log(naissances+0,5 / 1 000 f. 15-19)","unités avec covariables, bascule 4G ; fenêtre identifiée ≤ 2022, cohorte 2023 = contrôle",twfe,1,-0.0101709707070131,0.0087158124486538,-0.0272536492023804,0.0069117077883542,0.2432280891502964,5558,122276,False," ; fenêtre 2003-2024 ; 5558 traitées, 0 jamais traitées sur la fenêtre ; covariables invariantes dans le temps absorbées par les effets fixes unité : log_pop, share_women_1549, level_pre, pretrend_pre ; comparaisons sur la fenêtre identifiée (années < 2023, cohorte 2023 recodée contrôle, 60 unités de contrôle) ; cellules −8 et +8 bornées",event,0.0,5558.0,0.0,0.0,2003.0,2024.0,,,,,,,,,,,,
h2,H2,H2a,"log(naissances+0,5 / 1 000 f. 15-19)","unités avec covariables, bascule 4G ; fenêtre identifiée ≤ 2022, cohorte 2023 = contrôle",twfe,2,-0.0334126862714313,0.0112750546717308,-0.0555113873517439,-0.0113139851911187,0.0030424431141653,5558,122276,False," ; fenêtre 2003-2024 ; 5558 traitées, 0 jamais traitées sur la fenêtre ; covariables invariantes dans le temps absorbées par les effets fixes unité : log_pop, share_women_1549, level_pre, pretrend_pre ; comparaisons sur la fenêtre identifiée (années < 2023, cohorte 2023 recodée contrôle, 60 unités de contrôle) ; cellules −8 et +8 bornées",event,0.0,5558.0,0.0,0.0,2003.0,2024.0,,,,,,,,,,,,
h2,H2,H2a,"log(naissances+0,5 / 1 000 f. 15-19)","unités avec covariables, bascule 4G ; fenêtre identifiée ≤ 2022, cohorte 2023 = contrôle",twfe,3,-0.0561574894432426,0.0140318316657886,-0.083659374145317,-0.0286556047411682,6.276958858160597e-05,5558,122276,False," ; fenêtre 2003-2024 ; 5558 traitées, 0 jamais traitées sur la fenêtre ; covariables invariantes dans le temps absorbées par les effets fixes unité : log_pop, share_women_1549, level_pre, pretrend_pre ; comparaisons sur la fenêtre identifiée (années < 2023, cohorte 2023 recodée contrôle, 60 unités de contrôle) ; cellules −8 et +8 bornées",event,0.0,5558.0,0.0,0.0,2003.0,2024.0,,,,,,,,,,,,
h2,H2,H2a,"log(naissances+0,5 / 1 000 f. 15-19)","unités avec covariables, bascule 4G ; fenêtre identifiée ≤ 2022, cohorte 2023 = contrôle",twfe,4,-0.1033533974242581,0.0169687023849624,-0.1366114429631634,-0.0700953518853529,1.123302613697839e-09,5558,122276,False," ; fenêtre 2003-2024 ; 5558 traitées, 0 jamais traitées sur la fenêtre ; covariables invariantes dans le temps absorbées par les effets fixes unité : log_pop, share_women_1549, level_pre, pretrend_pre ; comparaisons sur la fenêtre identifiée (années < 2023, cohorte 2023 recodée contrôle, 60 unités de contrôle) ; cellules −8 et +8 bornées",event,0.0,5558.0,0.0,0.0,2003.0,2024.0,,,,,,,,,,,,
h2,H2,H2a,"log(naissances+0,5 / 1 000 f. 15-19)","unités avec covariables, bascule 4G ; fenêtre identifiée ≤ 2022, cohorte 2023 = contrôle",twfe,5,-0.1376294501946701,0.0194374419597413,-0.1757261363873508,-0.0995327640019893,1.434944191675947e-12,5558,122276,False," ; fenêtre 2003-2024 ; 5558 traitées, 0 jamais traitées sur la fenêtre ; covariables invariantes dans le temps absorbées par les effets fixes unité : log_pop, share_women_1549, level_pre, pretrend_pre ; comparaisons sur la fenêtre identifiée (années < 2023, cohorte 2023 recodée contrôle, 60 unités de contrôle) ; cellules −8 et +8 bornées",event,0.0,5558.0,0.0,0.0,2003.0,2024.0,,,,,,,,,,,,
h2,H2,H2a,"log(naissances+0,5 / 1 000 f. 15-19)","unités avec covariables, bascule 4G ; fenêtre identifiée ≤ 2022, cohorte 2023 = contrôle",twfe,6,-0.1979692431282287,0.0222939861860242,-0.2416646531246696,-0.1542738331317877,6.6896883001809495e-19,5558,122276,False," ; fenêtre 2003-2024 ; 5558 traitées, 0 jamais traitées sur la fenêtre ; covariables invariantes dans le temps absorbées par les effets fixes unité : log_pop, share_women_1549, level_pre, pretrend_pre ; comparaisons sur la fenêtre identifiée (années < 2023, cohorte 2023 recodée contrôle, 60 unités de contrôle) ; cellules −8 et +8 bornées",event,0.0,5558.0,0.0,0.0,2003.0,2024.0,,,,,,,,,,,,
h2,H2,H2a,"log(naissances+0,5 / 1 000 f. 15-19)","unités avec covariables, bascule 4G ; fenêtre identifiée ≤ 2022, cohorte 2023 = contrôle",twfe,7,-0.2409789772089795,0.0257479331167891,-0.2914439987942325,-0.1905139556237265,8.037454642738326e-21,5558,122276,False," ; fenêtre 2003-2024 ; 5558 traitées, 0 jamais traitées sur la fenêtre ; covariables invariantes dans le temps absorbées par les effets fixes unité : log_pop, share_women_1549, level_pre, pretrend_pre ; comparaisons sur la fenêtre identifiée (années < 2023, cohorte 2023 recodée contrôle, 60 unités de contrôle) ; cellules −8 et +8 bornées",event,0.0,5558.0,0.0,0.0,2003.0,2024.0,,,,,,,,,,,,
h2,H2,H2a,"log(naissances+0,5 / 1 000 f. 15-19)","unités avec covariables, bascule 4G ; fenêtre identifiée ≤ 2022, cohorte 2023 = contrôle",twfe,8,-0.3076504150926667,0.0287718019505295,-0.364042110686024,-0.2512587194993094,1.1002831155787246e-26,5558,122276,False," ; fenêtre 2003-2024 ; 5558 traitées, 0 jamais traitées sur la fenêtre ; covariables invariantes dans le temps absorbées par les effets fixes unité : log_pop, share_women_1549, level_pre, pretrend_pre ; comparaisons sur la fenêtre identifiée (années < 2023, cohorte 2023 recodée contrôle, 60 unités de contrôle) ; cellules −8 et +8 bornées",event,0.0,5558.0,0.0,0.0,2003.0,2024.0,,,,,,,,,,,,
h2,H2,H2a,"log(naissances+0,5 / 1 000 f. 15-19)","unités avec covariables, bascule 4G ; fenêtre identifiée ≤ 2022, cohorte 2023 = contrôle",twfe,"ATT[1,5]",-0.068144798808123,0.013100023258739,-0.0938203725918887,-0.0424692250243574,1.9727856132835041e-07,5558,122276,False," ; fenêtre 2003-2024 ; 5558 traitées, 0 jamais traitées sur la fenêtre ; covariables invariantes dans le temps absorbées par les effets fixes unité : log_pop, share_women_1549, level_pre, pretrend_pre ; comparaisons sur la fenêtre identifiée (années < 2023, cohorte 2023 recodée contrôle, 60 unités de contrôle) ; écart-type avec covariance complète (w'Vw)",post_avg,0.0,5558.0,0.0,0.0,2003.0,2024.0,,,,,,,,,,,,
h2,H2,H2a,"log(naissances+0,5 / 1 000 f. 15-19)","unités avec covariables, bascule 4G ; fenêtre identifiée ≤ 2022, cohorte 2023 = contrôle",twfe,Wald pré (-8..−2),33.16928765661038,,,,2.4621359848843665e-05,5558,122276,False,"test de Wald joint, covariance groupée, df = 7 ; fenêtre 2003-2024 ; 5558 traitées, 0 jamais traitées sur la fenêtre",pre_test,0.0,5558.0,0.0,0.0,2003.0,2024.0,,,,,,,,,,,7.0,
h2,H2,H2a,"log(naissances+0,5 / 1 000 f. 15-19)","unités avec covariables, bascule 4G ; fenêtre identifiée ≤ 2022, cohorte 2023 = contrôle",twfe,ATT,-0.0013053971074842,0.0070971970661699,-0.0152156477483607,0.0126048535333923,0.8540673028887187,5558,122276,False," ; fenêtre 2003-2024 ; 5558 traitées, 0 jamais traitées sur la fenêtre ; covariables invariantes dans le temps absorbées par les effets fixes unité : log_pop, share_women_1549, level_pre, pretrend_pre ; comparaisons sur la fenêtre identifiée (années < 2023, cohorte 2023 recodée contrôle, 60 unités de contrôle)",static,0.0,5558.0,0.0,0.0,2003.0,2024.0,,,,,,,,,,,,
h2,H2,H2a,"log(naissances+0,5 / 1 000 f. 15-19)","unités avec covariables, bascule 4G ; fenêtre complète",twfe,ATT,0.0084067671808642,0.0068324567204806,-0.0049846019172064,0.0217981362789349,0.2185411943247094,5558,122276,True," ; fenêtre 2003-2024 ; 5558 traitées, 0 jamais traitées sur la fenêtre ; covariables invariantes dans le temps absorbées par les effets fixes unité : log_pop, share_women_1549, level_pre, pretrend_pre ; TWFE sur toutes les années (identification par le calendrier des bascules seulement)",static,0.0,5558.0,0.0,0.0,2003.0,2024.0,,,,,,,,,,,,
h2,H2,H2a,"log(naissances+0,5 / 1 000 f. 15-19)","unités avec covariables, bascule 4G ; fenêtre identifiée ≤ 2022, cohorte 2023 = contrôle",twfe_poisson,ATT (log du taux contrefactuel),0.0506209868751343,0.007276541489564,0.0363592276235774,0.0648827461266913,3.482436935761332e-12,5558,122276,False," ; fenêtre 2003-2024 ; 5558 traitées, 0 jamais traitées sur la fenêtre ; covariables invariantes dans le temps absorbées par les effets fixes unité : log_pop, share_women_1549, level_pre, pretrend_pre ; comparaisons sur la fenêtre identifiée (années < 2023, cohorte 2023 recodée contrôle, 60 unités de contrôle) ; Poisson à effets fixes, offset = log(women)",static,0.0,5558.0,0.0,0.0,2003.0,2024.0,,,,,,,,,,,,
h2,H2,H2a,"log(naissances+0,5 / 1 000 f. 15-19)","unités avec covariables, bascule 4G ; fenêtre identifiée ≤ 2022, cohorte 2023 = contrôle",twfe_poisson,ATT en % du taux contrefactuel,5.192412466909602,0.765436953702803,3.7028308685836064,6.703390331079895,3.482436935761332e-12,5558,122276,False," ; fenêtre 2003-2024 ; 5558 traitées, 0 jamais traitées sur la fenêtre ; covariables invariantes dans le temps absorbées par les effets fixes unité : log_pop, share_women_1549, level_pre, pretrend_pre ; comparaisons sur la fenêtre identifiée (années < 2023, cohorte 2023 recodée contrôle, 60 unités de contrôle) ; Poisson à effets fixes, offset = log(women)",static,0.0,5558.0,0.0,0.0,2003.0,2024.0,,,,,,,,,,,,
h2,H2,H2a,"log(naissances+0,5 / 1 000 f. 20-24)","unités avec covariables, bascule 4G",cs,-8,0.0461806407622837,0.03083510415762,-0.0142550528461929,0.1066163343707603,0.1342204403515849,5558,122276,False," ; covariables : log_pop, share_women_1549, level_pre, pretrend_pre (doublement robuste) ; contrôle = not_yet_treated ; fenêtre 2003-2024 ; 5558 traitées, 0 jamais traitées sur la fenêtre ; ATT(g,t) identifiés jusqu'en 2022 (sans unité jamais traitée, la dernière cohorte sert de contrôle)",event,0.0,5558.0,0.0,0.0,2003.0,2024.0,2003.0,2022.0,5558.0,5.0,dr,9.0,5498.0,,,,,
h2,H2,H2a,"log(naissances+0,5 / 1 000 f. 20-24)","unités avec covariables, bascule 4G",cs,-7,0.1228106213634442,0.0819695832729961,-0.0378468096793849,0.2834680524062735,0.1340692813848417,5558,122276,False," ; covariables : log_pop, share_women_1549, level_pre, pretrend_pre (doublement robuste) ; contrôle = not_yet_treated ; fenêtre 2003-2024 ; 5558 traitées, 0 jamais traitées sur la fenêtre ; ATT(g,t) identifiés jusqu'en 2022 (sans unité jamais traitée, la dernière cohorte sert de contrôle)",event,0.0,5558.0,0.0,0.0,2003.0,2024.0,2003.0,2022.0,5558.0,5.0,dr,9.0,5498.0,,,,,
h2,H2,H2a,"log(naissances+0,5 / 1 000 f. 20-24)","unités avec covariables, bascule 4G",cs,-6,0.0781451843131038,0.0488362093587158,-0.017572027171437,0.1738623957976448,0.1095656567131392,5558,122276,False," ; covariables : log_pop, share_women_1549, level_pre, pretrend_pre (doublement robuste) ; contrôle = not_yet_treated ; fenêtre 2003-2024 ; 5558 traitées, 0 jamais traitées sur la fenêtre ; ATT(g,t) identifiés jusqu'en 2022 (sans unité jamais traitée, la dernière cohorte sert de contrôle)",event,0.0,5558.0,0.0,0.0,2003.0,2024.0,2003.0,2022.0,5558.0,5.0,dr,9.0,5498.0,,,,,
h2,H2,H2a,"log(naissances+0,5 / 1 000 f. 20-24)","unités avec covariables, bascule 4G",cs,-5,0.0238293566404958,0.0210626434121643,-0.0174526658665561,0.0651113791475477,0.2579051103822889,5558,122276,False," ; covariables : log_pop, share_women_1549, level_pre, pretrend_pre (doublement robuste) ; contrôle = not_yet_treated ; fenêtre 2003-2024 ; 5558 traitées, 0 jamais traitées sur la fenêtre ; ATT(g,t) identifiés jusqu'en 2022 (sans unité jamais traitée, la dernière cohorte sert de contrôle)",event,0.0,5558.0,0.0,0.0,2003.0,2024.0,2003.0,2022.0,5558.0,5.0,dr,9.0,5498.0,,,,,
h2,H2,H2a,"log(naissances+0,5 / 1 000 f. 20-24)","unités avec covariables, bascule 4G",cs,-4,0.0414567257323895,0.0236796912774052,-0.004954616336352,0.0878680678011311,0.0799925761270311,5558,122276,False," ; covariables : log_pop, share_women_1549, level_pre, pretrend_pre (doublement robuste) ; contrôle = not_yet_treated ; fenêtre 2003-2024 ; 5558 traitées, 0 jamais traitées sur la fenêtre ; ATT(g,t) identifiés jusqu'en 2022 (sans unité jamais traitée, la dernière cohorte sert de contrôle)",event,0.0,5558.0,0.0,0.0,2003.0,2024.0,2003.0,2022.0,5558.0,5.0,dr,9.0,5498.0,,,,,
h2,H2,H2a,"log(naissances+0,5 / 1 000 f. 20-24)","unités avec covariables, bascule 4G",cs,-3,-0.0211952446984709,0.0198967424971825,-0.0601921434026163,0.0178016540056744,0.2867573611811843,5558,122276,False," ; covariables : log_pop, share_women_1549, level_pre, pretrend_pre (doublement robuste) ; contrôle = not_yet_treated ; fenêtre 2003-2024 ; 5558 traitées, 0 jamais traitées sur la fenêtre ; ATT(g,t) identifiés jusqu'en 2022 (sans unité jamais traitée, la dernière cohorte sert de contrôle)",event,0.0,5558.0,0.0,0.0,2003.0,2024.0,2003.0,2022.0,5558.0,5.0,dr,9.0,5498.0,,,,,
h2,H2,H2a,"log(naissances+0,5 / 1 000 f. 20-24)","unités avec covariables, bascule 4G",cs,-2,-0.0049248173861828,0.0142467826287824,-0.0328479982341674,0.0229983634618016,0.7295837668006033,5558,122276,False," ; covariables : log_pop, share_women_1549, level_pre, pretrend_pre (doublement robuste) ; contrôle = not_yet_treated ; fenêtre 2003-2024 ; 5558 traitées, 0 jamais traitées sur la fenêtre ; ATT(g,t) identifiés jusqu'en 2022 (sans unité jamais traitée, la dernière cohorte sert de contrôle)",event,0.0,5558.0,0.0,0.0,2003.0,2024.0,2003.0,2022.0,5558.0,5.0,dr,9.0,5498.0,,,,,
h2,H2,H2a,"log(naissances+0,5 / 1 000 f. 20-24)","unités avec covariables, bascule 4G",cs,0,0.0031835964903607,0.0084230879123291,-0.013325352456419,0.0196925454371404,0.7054597637092417,5558,122276,False," ; covariables : log_pop, share_women_1549, level_pre, pretrend_pre (doublement robuste) ; contrôle = not_yet_treated ; fenêtre 2003-2024 ; 5558 traitées, 0 jamais traitées sur la fenêtre ; ATT(g,t) identifiés jusqu'en 2022 (sans unité jamais traitée, la dernière cohorte sert de contrôle)",event,0.0,5558.0,0.0,0.0,2003.0,2024.0,2003.0,2022.0,5558.0,5.0,dr,9.0,5498.0,,,,,
h2,H2,H2a,"log(naissances+0,5 / 1 000 f. 20-24)","unités avec covariables, bascule 4G",cs,1,0.003660542868903,0.0261397273894098,-0.0475723813800354,0.0548934671178415,0.8886303375675713,5558,122276,False," ; covariables : log_pop, share_women_1549, level_pre, pretrend_pre (doublement robuste) ; contrôle = not_yet_treated ; fenêtre 2003-2024 ; 5558 traitées, 0 jamais traitées sur la fenêtre ; ATT(g,t) identifiés jusqu'en 2022 (sans unité jamais traitée, la dernière cohorte sert de contrôle)",event,0.0,5558.0,0.0,0.0,2003.0,2024.0,2003.0,2022.0,5558.0,5.0,dr,8.0,5438.0,,,,,
h2,H2,H2a,"log(naissances+0,5 / 1 000 f. 20-24)","unités avec covariables, bascule 4G",cs,2,0.0156780135439975,0.0270520518110204,-0.0373430337135141,0.0686990608015091,0.5622181962173376,5558,122276,False," ; covariables : log_pop, share_women_1549, level_pre, pretrend_pre (doublement robuste) ; contrôle = not_yet_treated ; fenêtre 2003-2024 ; 5558 traitées, 0 jamais traitées sur la fenêtre ; ATT(g,t) identifiés jusqu'en 2022 (sans unité jamais traitée, la dernière cohorte sert de contrôle)",event,0.0,5558.0,0.0,0.0,2003.0,2024.0,2003.0,2022.0,5558.0,5.0,dr,7.0,5268.0,,,,,
h2,H2,H2a,"log(naissances+0,5 / 1 000 f. 20-24)","unités avec covariables, bascule 4G",cs,3,-0.0264894063242123,0.0240768231396602,-0.0736791125400871,0.0207002998916623,0.2712434435988495,5558,122276,False," ; covariables : log_pop, share_women_1549, level_pre, pretrend_pre (doublement robuste) ; contrôle = not_yet_treated ; fenêtre 2003-2024 ; 5558 traitées, 0 jamais traitées sur la fenêtre ; ATT(g,t) identifiés jusqu'en 2022 (sans unité jamais traitée, la dernière cohorte sert de contrôle)",event,0.0,5558.0,0.0,0.0,2003.0,2024.0,2003.0,2022.0,5558.0,5.0,dr,6.0,4844.0,,,,,
h2,H2,H2a,"log(naissances+0,5 / 1 000 f. 20-24)","unités avec covariables, bascule 4G",cs,4,-0.100072485796338,0.0281843240587095,-0.1553127458800144,-0.0448322257126615,0.0003842906373575,5558,122276,False," ; covariables : log_pop, share_women_1549, level_pre, pretrend_pre (doublement robuste) ; contrôle = not_yet_treated ; fenêtre 2003-2024 ; 5558 traitées, 0 jamais traitées sur la fenêtre ; ATT(g,t) identifiés jusqu'en 2022 (sans unité jamais traitée, la dernière cohorte sert de contrôle)",event,0.0,5558.0,0.0,0.0,2003.0,2024.0,2003.0,2022.0,5558.0,5.0,dr,5.0,4445.0,,,,,
h2,H2,H2a,"log(naissances+0,5 / 1 000 f. 20-24)","unités avec covariables, bascule 4G",cs,5,-0.1367333981689124,0.055634203943664,-0.2457744342070502,-0.0276923621307745,0.0139821424238257,5558,122276,False," ; covariables : log_pop, share_women_1549, level_pre, pretrend_pre (doublement robuste) ; contrôle = not_yet_treated ; fenêtre 2003-2024 ; 5558 traitées, 0 jamais traitées sur la fenêtre ; ATT(g,t) identifiés jusqu'en 2022 (sans unité jamais traitée, la dernière cohorte sert de contrôle)",event,0.0,5558.0,0.0,0.0,2003.0,2024.0,2003.0,2022.0,5558.0,5.0,dr,4.0,3767.0,,,,,
h2,H2,H2a,"log(naissances+0,5 / 1 000 f. 20-24)","unités avec covariables, bascule 4G",cs,6,-0.2740742924549834,0.1015037492427538,-0.4730179852665657,-0.075130599643401,0.0069310387163467,5558,122276,False," ; covariables : log_pop, share_women_1549, level_pre, pretrend_pre (doublement robuste) ; contrôle = not_yet_treated ; fenêtre 2003-2024 ; 5558 traitées, 0 jamais traitées sur la fenêtre ; ATT(g,t) identifiés jusqu'en 2022 (sans unité jamais traitée, la dernière cohorte sert de contrôle)",event,0.0,5558.0,0.0,0.0,2003.0,2024.0,2003.0,2022.0,5558.0,5.0,dr,3.0,1032.0,,,,,
h2,H2,H2a,"log(naissances+0,5 / 1 000 f. 20-24)","unités avec covariables, bascule 4G",cs,7,-0.2677298656314718,0.1485090180351842,-0.5588021923598423,0.0233424610968986,0.0714219491982579,5558,122276,False," ; covariables : log_pop, share_women_1549, level_pre, pretrend_pre (doublement robuste) ; contrôle = not_yet_treated ; fenêtre 2003-2024 ; 5558 traitées, 0 jamais traitées sur la fenêtre ; ATT(g,t) identifiés jusqu'en 2022 (sans unité jamais traitée, la dernière cohorte sert de contrôle)",event,0.0,5558.0,0.0,0.0,2003.0,2024.0,2003.0,2022.0,5558.0,5.0,dr,2.0,481.0,,,,,
h2,H2,H2a,"log(naissances+0,5 / 1 000 f. 20-24)","unités avec covariables, bascule 4G",cs,8,-0.4586191950966821,0.2970449893828519,-1.0408166760751545,0.1235782858817903,0.1226032322847267,5558,122276,False," ; covariables : log_pop, share_women_1549, level_pre, pretrend_pre (doublement robuste) ; contrôle = not_yet_treated ; fenêtre 2003-2024 ; 5558 traitées, 0 jamais traitées sur la fenêtre ; ATT(g,t) identifiés jusqu'en 2022 (sans unité jamais traitée, la dernière cohorte sert de contrôle)",event,0.0,5558.0,0.0,0.0,2003.0,2024.0,2003.0,2022.0,5558.0,5.0,dr,1.0,187.0,,,,,
h2,H2,H2a,"log(naissances+0,5 / 1 000 f. 20-24)","unités avec covariables, bascule 4G",cs,"ATT[1,5]",-0.0487913467753124,0.02185923100961,-0.0916346522838893,-0.0059480412667355,0.0256102974875559,5558,122276,False," ; covariables : log_pop, share_women_1549, level_pre, pretrend_pre (doublement robuste) ; contrôle = not_yet_treated ; fenêtre 2003-2024 ; 5558 traitées, 0 jamais traitées sur la fenêtre ; ATT(g,t) identifiés jusqu'en 2022 (sans unité jamais traitée, la dernière cohorte sert de contrôle) ; écart-type avec covariance complète des coefficients (fonctions d'influence)",post_avg,0.0,5558.0,0.0,0.0,2003.0,2024.0,2003.0,2022.0,5558.0,5.0,dr,,,,,5.0,,
h2,H2,H2a,"log(naissances+0,5 / 1 000 f. 20-24)","unités avec covariables, bascule 4G",cs,ATT,-0.047338336504909,0.0195889448503024,-0.0857319629066433,-0.0089447101031748,0.0156668981386699,5558,122276,False," ; covariables : log_pop, share_women_1549, level_pre, pretrend_pre (doublement robuste) ; contrôle = not_yet_treated ; fenêtre 2003-2024 ; 5558 traitées, 0 jamais traitées sur la fenêtre ; ATT(g,t) identifiés jusqu'en 2022 (sans unité jamais traitée, la dernière cohorte sert de contrôle) ; moyenne de tous les ATT(g,t) post",simple,0.0,5558.0,0.0,0.0,2003.0,2024.0,2003.0,2022.0,5558.0,5.0,dr,,,,,,,
h2,H2,H2a,"log(naissances+0,5 / 1 000 f. 20-24)","unités avec covariables, bascule 4G",cs,Wald pré (-8..-2),5.469748651079375,,,,0.6028352216706538,5558,122276,False,"H5c : test de Wald joint de nullité des coefficients pré avec covariance des fonctions d'influence, df = 7 ; fenêtre 2003-2024 ; 5558 traitées, 0 jamais traitées sur la fenêtre",pre_test,0.0,5558.0,0.0,0.0,2003.0,2024.0,2003.0,2022.0,5558.0,5.0,dr,,,,,,7.0,
h2,H2,H2a,"log(naissances+0,5 / 1 000 f. 20-24)","unités avec covariables, bascule 4G ; fenêtre identifiée ≤ 2022, cohorte 2023 = contrôle",sunab,-8,0.0359679604977778,0.0525456800143449,-0.0670196798735042,0.13895560086906,0.4936541731858076,5558,122276,False," ; fenêtre 2003-2024 ; 5558 traitées, 0 jamais traitées sur la fenêtre ; covariables invariantes dans le temps absorbées par les effets fixes unité : log_pop, share_women_1549, level_pre, pretrend_pre ; comparaisons sur la fenêtre identifiée (années < 2023, cohorte 2023 recodée contrôle, 60 unités de contrôle) ; cellules −8 et +8 bornées",event,0.0,5558.0,0.0,0.0,2003.0,2024.0,,,,,,,,,,,,
h2,H2,H2a,"log(naissances+0,5 / 1 000 f. 20-24)","unités avec covariables, bascule 4G ; fenêtre identifiée ≤ 2022, cohorte 2023 = contrôle",sunab,-7,0.0394973534132253,0.0503563124929182,-0.0591992054671387,0.1381939122935895,0.432830345070311,5558,122276,False," ; fenêtre 2003-2024 ; 5558 traitées, 0 jamais traitées sur la fenêtre ; covariables invariantes dans le temps absorbées par les effets fixes unité : log_pop, share_women_1549, level_pre, pretrend_pre ; comparaisons sur la fenêtre identifiée (années < 2023, cohorte 2023 recodée contrôle, 60 unités de contrôle) ; cellules −8 et +8 bornées",event,0.0,5558.0,0.0,0.0,2003.0,2024.0,,,,,,,,,,,,
h2,H2,H2a,"log(naissances+0,5 / 1 000 f. 20-24)","unités avec covariables, bascule 4G ; fenêtre identifiée ≤ 2022, cohorte 2023 = contrôle",sunab,-6,0.0425752218786205,0.048764151056197,-0.0530007579281965,0.1381512016854376,0.3826170503450908,5558,122276,False," ; fenêtre 2003-2024 ; 5558 traitées, 0 jamais traitées sur la fenêtre ; covariables invariantes dans le temps absorbées par les effets fixes unité : log_pop, share_women_1549, level_pre, pretrend_pre ; comparaisons sur la fenêtre identifiée (années < 2023, cohorte 2023 recodée contrôle, 60 unités de contrôle) ; cellules −8 et +8 bornées",event,0.0,5558.0,0.0,0.0,2003.0,2024.0,,,,,,,,,,,,
h2,H2,H2a,"log(naissances+0,5 / 1 000 f. 20-24)","unités avec covariables, bascule 4G ; fenêtre identifiée ≤ 2022, cohorte 2023 = contrôle",sunab,-5,0.0598804125473663,0.0459337093810265,-0.0301480035157752,0.1499088286105079,0.1923608734725611,5558,122276,False," ; fenêtre 2003-2024 ; 5558 traitées, 0 jamais traitées sur la fenêtre ; covariables invariantes dans le temps absorbées par les effets fixes unité : log_pop, share_women_1549, level_pre, pretrend_pre ; comparaisons sur la fenêtre identifiée (années < 2023, cohorte 2023 recodée contrôle, 60 unités de contrôle) ; cellules −8 et +8 bornées",event,0.0,5558.0,0.0,0.0,2003.0,2024.0,,,,,,,,,,,,
h2,H2,H2a,"log(naissances+0,5 / 1 000 f. 20-24)","unités avec covariables, bascule 4G ; fenêtre identifiée ≤ 2022, cohorte 2023 = contrôle",sunab,-4,0.0486904889003219,0.0416392851811514,-0.0329210103967271,0.1303019881973711,0.2422666039586793,5558,122276,False," ; fenêtre 2003-2024 ; 5558 traitées, 0 jamais traitées sur la fenêtre ; covariables invariantes dans le temps absorbées par les effets fixes unité : log_pop, share_women_1549, level_pre, pretrend_pre ; comparaisons sur la fenêtre identifiée (années < 2023, cohorte 2023 recodée contrôle, 60 unités de contrôle) ; cellules −8 et +8 bornées",event,0.0,5558.0,0.0,0.0,2003.0,2024.0,,,,,,,,,,,,
h2,H2,H2a,"log(naissances+0,5 / 1 000 f. 20-24)","unités avec covariables, bascule 4G ; fenêtre identifiée ≤ 2022, cohorte 2023 = contrôle",sunab,-3,0.0171218044856247,0.0374055371890476,-0.0561917012272821,0.0904353101985316,0.6471432058707753,5558,122276,False," ; fenêtre 2003-2024 ; 5558 traitées, 0 jamais traitées sur la fenêtre ; covariables invariantes dans le temps absorbées par les effets fixes unité : log_pop, share_women_1549, level_pre, pretrend_pre ; comparaisons sur la fenêtre identifiée (années < 2023, cohorte 2023 recodée contrôle, 60 unités de contrôle) ; cellules −8 et +8 bornées",event,0.0,5558.0,0.0,0.0,2003.0,2024.0,,,,,,,,,,,,
h2,H2,H2a,"log(naissances+0,5 / 1 000 f. 20-24)","unités avec covariables, bascule 4G ; fenêtre identifiée ≤ 2022, cohorte 2023 = contrôle",sunab,-2,-0.0177811483606627,0.0282471983427293,-0.0731446397765718,0.0375823430552462,0.5290324961427456,5558,122276,False," ; fenêtre 2003-2024 ; 5558 traitées, 0 jamais traitées sur la fenêtre ; covariables invariantes dans le temps absorbées par les effets fixes unité : log_pop, share_women_1549, level_pre, pretrend_pre ; comparaisons sur la fenêtre identifiée (années < 2023, cohorte 2023 recodée contrôle, 60 unités de contrôle) ; cellules −8 et +8 bornées",event,0.0,5558.0,0.0,0.0,2003.0,2024.0,,,,,,,,,,,,
h2,H2,H2a,"log(naissances+0,5 / 1 000 f. 20-24)","unités avec covariables, bascule 4G ; fenêtre identifiée ≤ 2022, cohorte 2023 = contrôle",sunab,0,0.0062895001673301,0.0181489169758088,-0.0292817234636628,0.0418607237983231,0.7289297049826085,5558,122276,False," ; fenêtre 2003-2024 ; 5558 traitées, 0 jamais traitées sur la fenêtre ; covariables invariantes dans le temps absorbées par les effets fixes unité : log_pop, share_women_1549, level_pre, pretrend_pre ; comparaisons sur la fenêtre identifiée (années < 2023, cohorte 2023 recodée contrôle, 60 unités de contrôle) ; cellules −8 et +8 bornées",event,0.0,5558.0,0.0,0.0,2003.0,2024.0,,,,,,,,,,,,
h2,H2,H2a,"log(naissances+0,5 / 1 000 f. 20-24)","unités avec covariables, bascule 4G ; fenêtre identifiée ≤ 2022, cohorte 2023 = contrôle",sunab,1,-0.0250467699027756,0.0214968527897651,-0.0671798271516747,0.0170862873461234,0.2439637051320012,5558,122276,False," ; fenêtre 2003-2024 ; 5558 traitées, 0 jamais traitées sur la fenêtre ; covariables invariantes dans le temps absorbées par les effets fixes unité : log_pop, share_women_1549, level_pre, pretrend_pre ; comparaisons sur la fenêtre identifiée (années < 2023, cohorte 2023 recodée contrôle, 60 unités de contrôle) ; cellules −8 et +8 bornées",event,0.0,5558.0,0.0,0.0,2003.0,2024.0,,,,,,,,,,,,
h2,H2,H2a,"log(naissances+0,5 / 1 000 f. 20-24)","unités avec covariables, bascule 4G ; fenêtre identifiée ≤ 2022, cohorte 2023 = contrôle",sunab,2,-0.0144530196363187,0.0256089098890822,-0.0646455607022515,0.0357395214296141,0.5724991851499324,5558,122276,False," ; fenêtre 2003-2024 ; 5558 traitées, 0 jamais traitées sur la fenêtre ; covariables invariantes dans le temps absorbées par les effets fixes unité : log_pop, share_women_1549, level_pre, pretrend_pre ; comparaisons sur la fenêtre identifiée (années < 2023, cohorte 2023 recodée contrôle, 60 unités de contrôle) ; cellules −8 et +8 bornées",event,0.0,5558.0,0.0,0.0,2003.0,2024.0,,,,,,,,,,,,
h2,H2,H2a,"log(naissances+0,5 / 1 000 f. 20-24)","unités avec covariables, bascule 4G ; fenêtre identifiée ≤ 2022, cohorte 2023 = contrôle",sunab,3,-0.0121132668095964,0.0321214708133093,-0.0750701927341373,0.0508436591149444,0.7060932723303202,5558,122276,False," ; fenêtre 2003-2024 ; 5558 traitées, 0 jamais traitées sur la fenêtre ; covariables invariantes dans le temps absorbées par les effets fixes unité : log_pop, share_women_1549, level_pre, pretrend_pre ; comparaisons sur la fenêtre identifiée (années < 2023, cohorte 2023 recodée contrôle, 60 unités de contrôle) ; cellules −8 et +8 bornées",event,0.0,5558.0,0.0,0.0,2003.0,2024.0,,,,,,,,,,,,
h2,H2,H2a,"log(naissances+0,5 / 1 000 f. 20-24)","unités avec covariables, bascule 4G ; fenêtre identifiée ≤ 2022, cohorte 2023 = contrôle",sunab,4,-0.0574803689785737,0.0396594790244356,-0.1352115195120893,0.0202507815549418,0.1472405466934711,5558,122276,False," ; fenêtre 2003-2024 ; 5558 traitées, 0 jamais traitées sur la fenêtre ; covariables invariantes dans le temps absorbées par les effets fixes unité : log_pop, share_women_1549, level_pre, pretrend_pre ; comparaisons sur la fenêtre identifiée (années < 2023, cohorte 2023 recodée contrôle, 60 unités de contrôle) ; cellules −8 et +8 bornées",event,0.0,5558.0,0.0,0.0,2003.0,2024.0,,,,,,,,,,,,
h2,H2,H2a,"log(naissances+0,5 / 1 000 f. 20-24)","unités avec covariables, bascule 4G ; fenêtre identifiée ≤ 2022, cohorte 2023 = contrôle",sunab,5,-0.0821818091658814,0.0430746777829709,-0.166606626266172,0.0022430079344092,0.0564052484482775,5558,122276,False," ; fenêtre 2003-2024 ; 5558 traitées, 0 jamais traitées sur la fenêtre ; covariables invariantes dans le temps absorbées par les effets fixes unité : log_pop, share_women_1549, level_pre, pretrend_pre ; comparaisons sur la fenêtre identifiée (années < 2023, cohorte 2023 recodée contrôle, 60 unités de contrôle) ; cellules −8 et +8 bornées",event,0.0,5558.0,0.0,0.0,2003.0,2024.0,,,,,,,,,,,,
h2,H2,H2a,"log(naissances+0,5 / 1 000 f. 20-24)","unités avec covariables, bascule 4G ; fenêtre identifiée ≤ 2022, cohorte 2023 = contrôle",sunab,6,-0.1021393434815937,0.0493014398722445,-0.19876839001716,-0.0055102969460274,0.0382904927127788,5558,122276,False," ; fenêtre 2003-2024 ; 5558 traitées, 0 jamais traitées sur la fenêtre ; covariables invariantes dans le temps absorbées par les effets fixes unité : log_pop, share_women_1549, level_pre, pretrend_pre ; comparaisons sur la fenêtre identifiée (années < 2023, cohorte 2023 recodée contrôle, 60 unités de contrôle) ; cellules −8 et +8 bornées",event,0.0,5558.0,0.0,0.0,2003.0,2024.0,,,,,,,,,,,,
h2,H2,H2a,"log(naissances+0,5 / 1 000 f. 20-24)","unités avec covariables, bascule 4G ; fenêtre identifiée ≤ 2022, cohorte 2023 = contrôle",sunab,7,-0.1963150735196699,0.0594959394414945,-0.3129249720513753,-0.0797051749879644,0.0009680955383586,5558,122276,False," ; fenêtre 2003-2024 ; 5558 traitées, 0 jamais traitées sur la fenêtre ; covariables invariantes dans le temps absorbées par les effets fixes unité : log_pop, share_women_1549, level_pre, pretrend_pre ; comparaisons sur la fenêtre identifiée (années < 2023, cohorte 2023 recodée contrôle, 60 unités de contrôle) ; cellules −8 et +8 bornées",event,0.0,5558.0,0.0,0.0,2003.0,2024.0,,,,,,,,,,,,
h2,H2,H2a,"log(naissances+0,5 / 1 000 f. 20-24)","unités avec covariables, bascule 4G ; fenêtre identifiée ≤ 2022, cohorte 2023 = contrôle",sunab,8,-0.2854447002544162,0.0698063994011964,-0.4222627289711796,-0.1486266715376528,4.330674599121961e-05,5558,122276,False," ; fenêtre 2003-2024 ; 5558 traitées, 0 jamais traitées sur la fenêtre ; covariables invariantes dans le temps absorbées par les effets fixes unité : log_pop, share_women_1549, level_pre, pretrend_pre ; comparaisons sur la fenêtre identifiée (années < 2023, cohorte 2023 recodée contrôle, 60 unités de contrôle) ; cellules −8 et +8 bornées",event,0.0,5558.0,0.0,0.0,2003.0,2024.0,,,,,,,,,,,,
h2,H2,H2a,"log(naissances+0,5 / 1 000 f. 20-24)","unités avec covariables, bascule 4G ; fenêtre identifiée ≤ 2022, cohorte 2023 = contrôle",sunab,"ATT[1,5]",-0.0382550468986292,0.0270074667756816,-0.0911887090926273,0.0146786152953689,0.1566403203642293,5558,122276,False," ; fenêtre 2003-2024 ; 5558 traitées, 0 jamais traitées sur la fenêtre ; covariables invariantes dans le temps absorbées par les effets fixes unité : log_pop, share_women_1549, level_pre, pretrend_pre ; comparaisons sur la fenêtre identifiée (années < 2023, cohorte 2023 recodée contrôle, 60 unités de contrôle) ; écart-type avec covariance complète (w'Vw)",post_avg,0.0,5558.0,0.0,0.0,2003.0,2024.0,,,,,,,,,,,,
h2,H2,H2a,"log(naissances+0,5 / 1 000 f. 20-24)","unités avec covariables, bascule 4G ; fenêtre identifiée ≤ 2022, cohorte 2023 = contrôle",sunab,Wald pré (-8..−2),16.702729351366436,,,,0.0194169429373714,5558,122276,False,"test de Wald joint, covariance groupée, df = 7 ; fenêtre 2003-2024 ; 5558 traitées, 0 jamais traitées sur la fenêtre",pre_test,0.0,5558.0,0.0,0.0,2003.0,2024.0,,,,,,,,,,,7.0,
h2,H2,H2a,"log(naissances+0,5 / 1 000 f. 20-24)","unités avec covariables, bascule 4G ; fenêtre identifiée ≤ 2022, cohorte 2023 = contrôle",did2s,-8,-0.000494629691818,0.0006356407538483,-0.0017404626764667,0.0007512032928306,0.4364751742492615,5558,122276,False," ; fenêtre 2003-2024 ; 5558 traitées, 0 jamais traitées sur la fenêtre ; covariables invariantes dans le temps absorbées par les effets fixes unité : log_pop, share_women_1549, level_pre, pretrend_pre ; comparaisons sur la fenêtre identifiée (années < 2023, cohorte 2023 recodée contrôle, 60 unités de contrôle) ; cellules −8 et +8 bornées ; did2s en deux étapes implémenté directement (pyfixest.did2s dépasse la mémoire au-delà de 5 000 unités), écarts-types par bootstrap par grappes (50 tirages, grappe = unit)",event,0.0,5558.0,0.0,0.0,2003.0,2024.0,,,,,,,,,,,,
h2,H2,H2a,"log(naissances+0,5 / 1 000 f. 20-24)","unités avec covariables, bascule 4G ; fenêtre identifiée ≤ 2022, cohorte 2023 = contrôle",did2s,-7,-0.0085298606549511,0.0029639555066047,-0.0143391066996755,-0.0027206146102268,0.0040037779003029,5558,122276,False," ; fenêtre 2003-2024 ; 5558 traitées, 0 jamais traitées sur la fenêtre ; covariables invariantes dans le temps absorbées par les effets fixes unité : log_pop, share_women_1549, level_pre, pretrend_pre ; comparaisons sur la fenêtre identifiée (années < 2023, cohorte 2023 recodée contrôle, 60 unités de contrôle) ; cellules −8 et +8 bornées ; did2s en deux étapes implémenté directement (pyfixest.did2s dépasse la mémoire au-delà de 5 000 unités), écarts-types par bootstrap par grappes (50 tirages, grappe = unit)",event,0.0,5558.0,0.0,0.0,2003.0,2024.0,,,,,,,,,,,,
h2,H2,H2a,"log(naissances+0,5 / 1 000 f. 20-24)","unités avec covariables, bascule 4G ; fenêtre identifiée ≤ 2022, cohorte 2023 = contrôle",did2s,-6,-0.0102414449720037,0.0031780463489052,-0.0164703013570571,-0.0040125885869503,0.0012705056323046,5558,122276,False," ; fenêtre 2003-2024 ; 5558 traitées, 0 jamais traitées sur la fenêtre ; covariables invariantes dans le temps absorbées par les effets fixes unité : log_pop, share_women_1549, level_pre, pretrend_pre ; comparaisons sur la fenêtre identifiée (années < 2023, cohorte 2023 recodée contrôle, 60 unités de contrôle) ; cellules −8 et +8 bornées ; did2s en deux étapes implémenté directement (pyfixest.did2s dépasse la mémoire au-delà de 5 000 unités), écarts-types par bootstrap par grappes (50 tirages, grappe = unit)",event,0.0,5558.0,0.0,0.0,2003.0,2024.0,,,,,,,,,,,,
h2,H2,H2a,"log(naissances+0,5 / 1 000 f. 20-24)","unités avec covariables, bascule 4G ; fenêtre identifiée ≤ 2022, cohorte 2023 = contrôle",did2s,-5,-0.0099949825154122,0.0032223376641933,-0.0163106482832581,-0.0036793167475663,0.001923608593938,5558,122276,False," ; fenêtre 2003-2024 ; 5558 traitées, 0 jamais traitées sur la fenêtre ; covariables invariantes dans le temps absorbées par les effets fixes unité : log_pop, share_women_1549, level_pre, pretrend_pre ; comparaisons sur la fenêtre identifiée (années < 2023, cohorte 2023 recodée contrôle, 60 unités de contrôle) ; cellules −8 et +8 bornées ; did2s en deux étapes implémenté directement (pyfixest.did2s dépasse la mémoire au-delà de 5 000 unités), écarts-types par bootstrap par grappes (50 tirages, grappe = unit)",event,0.0,5558.0,0.0,0.0,2003.0,2024.0,,,,,,,,,,,,
h2,H2,H2a,"log(naissances+0,5 / 1 000 f. 20-24)","unités avec covariables, bascule 4G ; fenêtre identifiée ≤ 2022, cohorte 2023 = contrôle",did2s,-4,-0.0037777619311383,0.0031582405078562,-0.009967799581052,0.0024122757187754,0.2316340077731546,5558,122276,False," ; fenêtre 2003-2024 ; 5558 traitées, 0 jamais traitées sur la fenêtre ; covariables invariantes dans le temps absorbées par les effets fixes unité : log_pop, share_women_1549, level_pre, pretrend_pre ; comparaisons sur la fenêtre identifiée (années < 2023, cohorte 2023 recodée contrôle, 60 unités de contrôle) ; cellules −8 et +8 bornées ; did2s en deux étapes implémenté directement (pyfixest.did2s dépasse la mémoire au-delà de 5 000 unités), écarts-types par bootstrap par grappes (50 tirages, grappe = unit)",event,0.0,5558.0,0.0,0.0,2003.0,2024.0,,,,,,,,,,,,
h2,H2,H2a,"log(naissances+0,5 / 1 000 f. 20-24)","unités avec covariables, bascule 4G ; fenêtre identifiée ≤ 2022, cohorte 2023 = contrôle",did2s,-3,0.0034737766781595,0.0031098181974908,-0.0026213549873897,0.0095689083437088,0.2639792356833386,5558,122276,False," ; fenêtre 2003-2024 ; 5558 traitées, 0 jamais traitées sur la fenêtre ; covariables invariantes dans le temps absorbées par les effets fixes unité : log_pop, share_women_1549, level_pre, pretrend_pre ; comparaisons sur la fenêtre identifiée (années < 2023, cohorte 2023 recodée contrôle, 60 unités de contrôle) ; cellules −8 et +8 bornées ; did2s en deux étapes implémenté directement (pyfixest.did2s dépasse la mémoire au-delà de 5 000 unités), écarts-types par bootstrap par grappes (50 tirages, grappe = unit)",event,0.0,5558.0,0.0,0.0,2003.0,2024.0,,,,,,,,,,,,
h2,H2,H2a,"log(naissances+0,5 / 1 000 f. 20-24)","unités avec covariables, bascule 4G ; fenêtre identifiée ≤ 2022, cohorte 2023 = contrôle",did2s,-2,0.0147020209447686,0.0026237074183445,0.0095596488988428,0.0198443929906944,2.100307999898501e-08,5558,122276,False," ; fenêtre 2003-2024 ; 5558 traitées, 0 jamais traitées sur la fenêtre ; covariables invariantes dans le temps absorbées par les effets fixes unité : log_pop, share_women_1549, level_pre, pretrend_pre ; comparaisons sur la fenêtre identifiée (années < 2023, cohorte 2023 recodée contrôle, 60 unités de contrôle) ; cellules −8 et +8 bornées ; did2s en deux étapes implémenté directement (pyfixest.did2s dépasse la mémoire au-delà de 5 000 unités), écarts-types par bootstrap par grappes (50 tirages, grappe = unit)",event,0.0,5558.0,0.0,0.0,2003.0,2024.0,,,,,,,,,,,,
h2,H2,H2a,"log(naissances+0,5 / 1 000 f. 20-24)","unités avec covariables, bascule 4G ; fenêtre identifiée ≤ 2022, cohorte 2023 = contrôle",did2s,0,0.0190562513620061,0.0073554202121249,0.0046398926550833,0.033472610068929,0.0095759602541407,5558,122276,False," ; fenêtre 2003-2024 ; 5558 traitées, 0 jamais traitées sur la fenêtre ; covariables invariantes dans le temps absorbées par les effets fixes unité : log_pop, share_women_1549, level_pre, pretrend_pre ; comparaisons sur la fenêtre identifiée (années < 2023, cohorte 2023 recodée contrôle, 60 unités de contrôle) ; cellules −8 et +8 bornées ; did2s en deux étapes implémenté directement (pyfixest.did2s dépasse la mémoire au-delà de 5 000 unités), écarts-types par bootstrap par grappes (50 tirages, grappe = unit)",event,0.0,5558.0,0.0,0.0,2003.0,2024.0,,,,,,,,,,,,
h2,H2,H2a,"log(naissances+0,5 / 1 000 f. 20-24)","unités avec covariables, bascule 4G ; fenêtre identifiée ≤ 2022, cohorte 2023 = contrôle",did2s,1,0.0047505775775507,0.0084248501521322,-0.0117618252957752,0.0212629804508767,0.5728379773528278,5558,122276,False," ; fenêtre 2003-2024 ; 5558 traitées, 0 jamais traitées sur la fenêtre ; covariables invariantes dans le temps absorbées par les effets fixes unité : log_pop, share_women_1549, level_pre, pretrend_pre ; comparaisons sur la fenêtre identifiée (années < 2023, cohorte 2023 recodée contrôle, 60 unités de contrôle) ; cellules −8 et +8 bornées ; did2s en deux étapes implémenté directement (pyfixest.did2s dépasse la mémoire au-delà de 5 000 unités), écarts-types par bootstrap par grappes (50 tirages, grappe = unit)",event,0.0,5558.0,0.0,0.0,2003.0,2024.0,,,,,,,,,,,,
h2,H2,H2a,"log(naissances+0,5 / 1 000 f. 20-24)","unités avec covariables, bascule 4G ; fenêtre identifiée ≤ 2022, cohorte 2023 = contrôle",did2s,2,0.0012078409738384,0.0138849929342819,-0.0260062451029473,0.0284219270506242,0.9306802944188723,5558,122276,False," ; fenêtre 2003-2024 ; 5558 traitées, 0 jamais traitées sur la fenêtre ; covariables invariantes dans le temps absorbées par les effets fixes unité : log_pop, share_women_1549, level_pre, pretrend_pre ; comparaisons sur la fenêtre identifiée (années < 2023, cohorte 2023 recodée contrôle, 60 unités de contrôle) ; cellules −8 et +8 bornées ; did2s en deux étapes implémenté directement (pyfixest.did2s dépasse la mémoire au-delà de 5 000 unités), écarts-types par bootstrap par grappes (50 tirages, grappe = unit)",event,0.0,5558.0,0.0,0.0,2003.0,2024.0,,,,,,,,,,,,
h2,H2,H2a,"log(naissances+0,5 / 1 000 f. 20-24)","unités avec covariables, bascule 4G ; fenêtre identifiée ≤ 2022, cohorte 2023 = contrôle",did2s,3,-0.0065536705500204,0.0165638281428829,-0.0390181771561818,0.025910836056141,0.6923546959818089,5558,122276,False," ; fenêtre 2003-2024 ; 5558 traitées, 0 jamais traitées sur la fenêtre ; covariables invariantes dans le temps absorbées par les effets fixes unité : log_pop, share_women_1549, level_pre, pretrend_pre ; comparaisons sur la fenêtre identifiée (années < 2023, cohorte 2023 recodée contrôle, 60 unités de contrôle) ; cellules −8 et +8 bornées ; did2s en deux étapes implémenté directement (pyfixest.did2s dépasse la mémoire au-delà de 5 000 unités), écarts-types par bootstrap par grappes (50 tirages, grappe = unit)",event,0.0,5558.0,0.0,0.0,2003.0,2024.0,,,,,,,,,,,,
h2,H2,H2a,"log(naissances+0,5 / 1 000 f. 20-24)","unités avec covariables, bascule 4G ; fenêtre identifiée ≤ 2022, cohorte 2023 = contrôle",did2s,4,-0.0411142495835191,0.0270811213479843,-0.0941922720865272,0.011963772919489,0.1289668616845252,5558,122276,False," ; fenêtre 2003-2024 ; 5558 traitées, 0 jamais traitées sur la fenêtre ; covariables invariantes dans le temps absorbées par les effets fixes unité : log_pop, share_women_1549, level_pre, pretrend_pre ; comparaisons sur la fenêtre identifiée (années < 2023, cohorte 2023 recodée contrôle, 60 unités de contrôle) ; cellules −8 et +8 bornées ; did2s en deux étapes implémenté directement (pyfixest.did2s dépasse la mémoire au-delà de 5 000 unités), écarts-types par bootstrap par grappes (50 tirages, grappe = unit)",event,0.0,5558.0,0.0,0.0,2003.0,2024.0,,,,,,,,,,,,
h2,H2,H2a,"log(naissances+0,5 / 1 000 f. 20-24)","unités avec covariables, bascule 4G ; fenêtre identifiée ≤ 2022, cohorte 2023 = contrôle",did2s,5,-0.0881359979609979,0.0425685745427494,-0.1715688709379955,-0.0047031249840002,0.0384104593147071,5558,122276,False," ; fenêtre 2003-2024 ; 5558 traitées, 0 jamais traitées sur la fenêtre ; covariables invariantes dans le temps absorbées par les effets fixes unité : log_pop, share_women_1549, level_pre, pretrend_pre ; comparaisons sur la fenêtre identifiée (années < 2023, cohorte 2023 recodée contrôle, 60 unités de contrôle) ; cellules −8 et +8 bornées ; did2s en deux étapes implémenté directement (pyfixest.did2s dépasse la mémoire au-delà de 5 000 unités), écarts-types par bootstrap par grappes (50 tirages, grappe = unit)",event,0.0,5558.0,0.0,0.0,2003.0,2024.0,,,,,,,,,,,,
h2,H2,H2a,"log(naissances+0,5 / 1 000 f. 20-24)","unités avec covariables, bascule 4G ; fenêtre identifiée ≤ 2022, cohorte 2023 = contrôle",did2s,6,-0.0654805437893955,0.0368048041376226,-0.1376166343571867,0.0066555467783956,0.0752183951796481,5558,122276,False," ; fenêtre 2003-2024 ; 5558 traitées, 0 jamais traitées sur la fenêtre ; covariables invariantes dans le temps absorbées par les effets fixes unité : log_pop, share_women_1549, level_pre, pretrend_pre ; comparaisons sur la fenêtre identifiée (années < 2023, cohorte 2023 recodée contrôle, 60 unités de contrôle) ; cellules −8 et +8 bornées ; did2s en deux étapes implémenté directement (pyfixest.did2s dépasse la mémoire au-delà de 5 000 unités), écarts-types par bootstrap par grappes (50 tirages, grappe = unit)",event,0.0,5558.0,0.0,0.0,2003.0,2024.0,,,,,,,,,,,,
h2,H2,H2a,"log(naissances+0,5 / 1 000 f. 20-24)","unités avec covariables, bascule 4G ; fenêtre identifiée ≤ 2022, cohorte 2023 = contrôle",did2s,7,-0.0730621426498351,0.0438698978495416,-0.1590455624403879,0.0129212771407176,0.0958274588091282,5558,122276,False," ; fenêtre 2003-2024 ; 5558 traitées, 0 jamais traitées sur la fenêtre ; covariables invariantes dans le temps absorbées par les effets fixes unité : log_pop, share_women_1549, level_pre, pretrend_pre ; comparaisons sur la fenêtre identifiée (années < 2023, cohorte 2023 recodée contrôle, 60 unités de contrôle) ; cellules −8 et +8 bornées ; did2s en deux étapes implémenté directement (pyfixest.did2s dépasse la mémoire au-delà de 5 000 unités), écarts-types par bootstrap par grappes (50 tirages, grappe = unit)",event,0.0,5558.0,0.0,0.0,2003.0,2024.0,,,,,,,,,,,,
h2,H2,H2a,"log(naissances+0,5 / 1 000 f. 20-24)","unités avec covariables, bascule 4G ; fenêtre identifiée ≤ 2022, cohorte 2023 = contrôle",did2s,8,-0.1313804507269636,0.0559361354166717,-0.2410132615779956,-0.0217476398759316,0.0188361399349862,5558,122276,False," ; fenêtre 2003-2024 ; 5558 traitées, 0 jamais traitées sur la fenêtre ; covariables invariantes dans le temps absorbées par les effets fixes unité : log_pop, share_women_1549, level_pre, pretrend_pre ; comparaisons sur la fenêtre identifiée (années < 2023, cohorte 2023 recodée contrôle, 60 unités de contrôle) ; cellules −8 et +8 bornées ; did2s en deux étapes implémenté directement (pyfixest.did2s dépasse la mémoire au-delà de 5 000 unités), écarts-types par bootstrap par grappes (50 tirages, grappe = unit)",event,0.0,5558.0,0.0,0.0,2003.0,2024.0,,,,,,,,,,,,
h2,H2,H2a,"log(naissances+0,5 / 1 000 f. 20-24)","unités avec covariables, bascule 4G ; fenêtre identifiée ≤ 2022, cohorte 2023 = contrôle",did2s,"ATT[1,5]",-0.0259690999086296,0.0190059626235355,-0.0632201021422737,0.0112819023250144,0.1718241349712272,5558,122276,False," ; fenêtre 2003-2024 ; 5558 traitées, 0 jamais traitées sur la fenêtre ; covariables invariantes dans le temps absorbées par les effets fixes unité : log_pop, share_women_1549, level_pre, pretrend_pre ; comparaisons sur la fenêtre identifiée (années < 2023, cohorte 2023 recodée contrôle, 60 unités de contrôle) ; écart-type avec covariance complète (w'Vw)",post_avg,0.0,5558.0,0.0,0.0,2003.0,2024.0,,,,,,,,,,,,
h2,H2,H2a,"log(naissances+0,5 / 1 000 f. 20-24)","unités avec covariables, bascule 4G ; fenêtre identifiée ≤ 2022, cohorte 2023 = contrôle",did2s,Wald pré (-8..−2),91.33983398962732,,,,6.564471407491186e-17,5558,122276,False,"test de Wald joint, covariance groupée, df = 7 ; fenêtre 2003-2024 ; 5558 traitées, 0 jamais traitées sur la fenêtre",pre_test,0.0,5558.0,0.0,0.0,2003.0,2024.0,,,,,,,,,,,7.0,
h2,H2,H2a,"log(naissances+0,5 / 1 000 f. 20-24)","unités avec covariables, bascule 4G ; fenêtre identifiée ≤ 2022, cohorte 2023 = contrôle",twfe,-8,-0.1116030512596919,0.0213635136362849,-0.1534747685700408,-0.069731333949343,1.7509629744711252e-07,5558,122276,False," ; fenêtre 2003-2024 ; 5558 traitées, 0 jamais traitées sur la fenêtre ; covariables invariantes dans le temps absorbées par les effets fixes unité : log_pop, share_women_1549, level_pre, pretrend_pre ; comparaisons sur la fenêtre identifiée (années < 2023, cohorte 2023 recodée contrôle, 60 unités de contrôle) ; cellules −8 et +8 bornées",event,0.0,5558.0,0.0,0.0,2003.0,2024.0,,,,,,,,,,,,
h2,H2,H2a,"log(naissances+0,5 / 1 000 f. 20-24)","unités avec covariables, bascule 4G ; fenêtre identifiée ≤ 2022, cohorte 2023 = contrôle",twfe,-7,-0.1070488714676417,0.0174352758228716,-0.1412213841409921,-0.0728763587942912,8.263245402866069e-10,5558,122276,False," ; fenêtre 2003-2024 ; 5558 traitées, 0 jamais traitées sur la fenêtre ; covariables invariantes dans le temps absorbées par les effets fixes unité : log_pop, share_women_1549, level_pre, pretrend_pre ; comparaisons sur la fenêtre identifiée (années < 2023, cohorte 2023 recodée contrôle, 60 unités de contrôle) ; cellules −8 et +8 bornées",event,0.0,5558.0,0.0,0.0,2003.0,2024.0,,,,,,,,,,,,
h2,H2,H2a,"log(naissances+0,5 / 1 000 f. 20-24)","unités avec covariables, bascule 4G ; fenêtre identifiée ≤ 2022, cohorte 2023 = contrôle",twfe,-6,-0.1002330624981451,0.0152086450898521,-0.1300414591279073,-0.0704246658683829,4.382532540469206e-11,5558,122276,False," ; fenêtre 2003-2024 ; 5558 traitées, 0 jamais traitées sur la fenêtre ; covariables invariantes dans le temps absorbées par les effets fixes unité : log_pop, share_women_1549, level_pre, pretrend_pre ; comparaisons sur la fenêtre identifiée (années < 2023, cohorte 2023 recodée contrôle, 60 unités de contrôle) ; cellules −8 et +8 bornées",event,0.0,5558.0,0.0,0.0,2003.0,2024.0,,,,,,,,,,,,
h2,H2,H2a,"log(naissances+0,5 / 1 000 f. 20-24)","unités avec covariables, bascule 4G ; fenêtre identifiée ≤ 2022, cohorte 2023 = contrôle",twfe,-5,-0.0882813181500879,0.012817856816524,-0.1134038558694664,-0.0631587804307095,5.683340334253458e-12,5558,122276,False," ; fenêtre 2003-2024 ; 5558 traitées, 0 jamais traitées sur la fenêtre ; covariables invariantes dans le temps absorbées par les effets fixes unité : log_pop, share_women_1549, level_pre, pretrend_pre ; comparaisons sur la fenêtre identifiée (années < 2023, cohorte 2023 recodée contrôle, 60 unités de contrôle) ; cellules −8 et +8 bornées",event,0.0,5558.0,0.0,0.0,2003.0,2024.0,,,,,,,,,,,,
h2,H2,H2a,"log(naissances+0,5 / 1 000 f. 20-24)","unités avec covariables, bascule 4G ; fenêtre identifiée ≤ 2022, cohorte 2023 = contrôle",twfe,-4,-0.0670192349611039,0.0103578018711546,-0.0873201535875685,-0.0467183163346393,9.773671920414175e-11,5558,122276,False," ; fenêtre 2003-2024 ; 5558 traitées, 0 jamais traitées sur la fenêtre ; covariables invariantes dans le temps absorbées par les effets fixes unité : log_pop, share_women_1549, level_pre, pretrend_pre ; comparaisons sur la fenêtre identifiée (années < 2023, cohorte 2023 recodée contrôle, 60 unités de contrôle) ; cellules −8 et +8 bornées",event,0.0,5558.0,0.0,0.0,2003.0,2024.0,,,,,,,,,,,,
h2,H2,H2a,"log(naissances+0,5 / 1 000 f. 20-24)","unités avec covariables, bascule 4G ; fenêtre identifiée ≤ 2022, cohorte 2023 = contrôle",twfe,-3,-0.0443843668723043,0.0079338425241693,-0.0599344124786886,-0.0288343212659199,2.215021220391362e-08,5558,122276,False," ; fenêtre 2003-2024 ; 5558 traitées, 0 jamais traitées sur la fenêtre ; covariables invariantes dans le temps absorbées par les effets fixes unité : log_pop, share_women_1549, level_pre, pretrend_pre ; comparaisons sur la fenêtre identifiée (années < 2023, cohorte 2023 recodée contrôle, 60 unités de contrôle) ; cellules −8 et +8 bornées",event,0.0,5558.0,0.0,0.0,2003.0,2024.0,,,,,,,,,,,,
h2,H2,H2a,"log(naissances+0,5 / 1 000 f. 20-24)","unités avec covariables, bascule 4G ; fenêtre identifiée ≤ 2022, cohorte 2023 = contrôle",twfe,-2,-0.0173162639529077,0.0058089127853565,-0.0287015238015407,-0.0059310041042746,0.0028732576142492,5558,122276,False," ; fenêtre 2003-2024 ; 5558 traitées, 0 jamais traitées sur la fenêtre ; covariables invariantes dans le temps absorbées par les effets fixes unité : log_pop, share_women_1549, level_pre, pretrend_pre ; comparaisons sur la fenêtre identifiée (années < 2023, cohorte 2023 recodée contrôle, 60 unités de contrôle) ; cellules −8 et +8 bornées",event,0.0,5558.0,0.0,0.0,2003.0,2024.0,,,,,,,,,,,,
h2,H2,H2a,"log(naissances+0,5 / 1 000 f. 20-24)","unités avec covariables, bascule 4G ; fenêtre identifiée ≤ 2022, cohorte 2023 = contrôle",twfe,0,0.0161714152468653,0.0057166506204048,0.0049669859186733,0.0273758445750573,0.004671895565877,5558,122276,False," ; fenêtre 2003-2024 ; 5558 traitées, 0 jamais traitées sur la fenêtre ; covariables invariantes dans le temps absorbées par les effets fixes unité : log_pop, share_women_1549, level_pre, pretrend_pre ; comparaisons sur la fenêtre identifiée (années < 2023, cohorte 2023 recodée contrôle, 60 unités de contrôle) ; cellules −8 et +8 bornées",event,0.0,5558.0,0.0,0.0,2003.0,2024.0,,,,,,,,,,,,
h2,H2,H2a,"log(naissances+0,5 / 1 000 f. 20-24)","unités avec covariables, bascule 4G ; fenêtre identifiée ≤ 2022, cohorte 2023 = contrôle",twfe,1,0.0211936842990716,0.0076584117099991,0.0061834731686934,0.0362038954294498,0.0056510001535993,5558,122276,False," ; fenêtre 2003-2024 ; 5558 traitées, 0 jamais traitées sur la fenêtre ; covariables invariantes dans le temps absorbées par les effets fixes unité : log_pop, share_women_1549, level_pre, pretrend_pre ; comparaisons sur la fenêtre identifiée (années < 2023, cohorte 2023 recodée contrôle, 60 unités de contrôle) ; cellules −8 et +8 bornées",event,0.0,5558.0,0.0,0.0,2003.0,2024.0,,,,,,,,,,,,
h2,H2,H2a,"log(naissances+0,5 / 1 000 f. 20-24)","unités avec covariables, bascule 4G ; fenêtre identifiée ≤ 2022, cohorte 2023 = contrôle",twfe,2,0.0276737885332855,0.0100978806032996,0.0078823062306326,0.0474652708359384,0.0061335675303031,5558,122276,False," ; fenêtre 2003-2024 ; 5558 traitées, 0 jamais traitées sur la fenêtre ; covariables invariantes dans le temps absorbées par les effets fixes unité : log_pop, share_women_1549, level_pre, pretrend_pre ; comparaisons sur la fenêtre identifiée (années < 2023, cohorte 2023 recodée contrôle, 60 unités de contrôle) ; cellules −8 et +8 bornées",event,0.0,5558.0,0.0,0.0,2003.0,2024.0,,,,,,,,,,,,
h2,H2,H2a,"log(naissances+0,5 / 1 000 f. 20-24)","unités avec covariables, bascule 4G ; fenêtre identifiée ≤ 2022, cohorte 2023 = contrôle",twfe,3,0.0344257198622371,0.0127289807878049,0.0094773759582371,0.0593740637662371,0.0068404175014463,5558,122276,False," ; fenêtre 2003-2024 ; 5558 traitées, 0 jamais traitées sur la fenêtre ; covariables invariantes dans le temps absorbées par les effets fixes unité : log_pop, share_women_1549, level_pre, pretrend_pre ; comparaisons sur la fenêtre identifiée (années < 2023, cohorte 2023 recodée contrôle, 60 unités de contrôle) ; cellules −8 et +8 bornées",event,0.0,5558.0,0.0,0.0,2003.0,2024.0,,,,,,,,,,,,
h2,H2,H2a,"log(naissances+0,5 / 1 000 f. 20-24)","unités avec covariables, bascule 4G ; fenêtre identifiée ≤ 2022, cohorte 2023 = contrôle",twfe,4,0.0289189627980094,0.0154905345080931,-0.0014419269391279,0.0592798525351467,0.0619184038827552,5558,122276,False," ; fenêtre 2003-2024 ; 5558 traitées, 0 jamais traitées sur la fenêtre ; covariables invariantes dans le temps absorbées par les effets fixes unité : log_pop, share_women_1549, level_pre, pretrend_pre ; comparaisons sur la fenêtre identifiée (années < 2023, cohorte 2023 recodée contrôle, 60 unités de contrôle) ; cellules −8 et +8 bornées",event,0.0,5558.0,0.0,0.0,2003.0,2024.0,,,,,,,,,,,,
h2,H2,H2a,"log(naissances+0,5 / 1 000 f. 20-24)","unités avec covariables, bascule 4G ; fenêtre identifiée ≤ 2022, cohorte 2023 = contrôle",twfe,5,0.0267837615000713,0.0180030199689638,-0.0085015092520532,0.0620690322521958,0.1368202280258586,5558,122276,False," ; fenêtre 2003-2024 ; 5558 traitées, 0 jamais traitées sur la fenêtre ; covariables invariantes dans le temps absorbées par les effets fixes unité : log_pop, share_women_1549, level_pre, pretrend_pre ; comparaisons sur la fenêtre identifiée (années < 2023, cohorte 2023 recodée contrôle, 60 unités de contrôle) ; cellules −8 et +8 bornées",event,0.0,5558.0,0.0,0.0,2003.0,2024.0,,,,,,,,,,,,
h2,H2,H2a,"log(naissances+0,5 / 1 000 f. 20-24)","unités avec covariables, bascule 4G ; fenêtre identifiée ≤ 2022, cohorte 2023 = contrôle",twfe,6,0.0367861489258115,0.0202934953460475,-0.0029883710728727,0.0765606689244959,0.0698771166051084,5558,122276,False," ; fenêtre 2003-2024 ; 5558 traitées, 0 jamais traitées sur la fenêtre ; covariables invariantes dans le temps absorbées par les effets fixes unité : log_pop, share_women_1549, level_pre, pretrend_pre ; comparaisons sur la fenêtre identifiée (années < 2023, cohorte 2023 recodée contrôle, 60 unités de contrôle) ; cellules −8 et +8 bornées",event,0.0,5558.0,0.0,0.0,2003.0,2024.0,,,,,,,,,,,,
h2,H2,H2a,"log(naissances+0,5 / 1 000 f. 20-24)","unités avec covariables, bascule 4G ; fenêtre identifiée ≤ 2022, cohorte 2023 = contrôle",twfe,7,0.0365048707947501,0.0231482306227368,-0.0088648275316412,0.0818745691211416,0.1147944207046843,5558,122276,False," ; fenêtre 2003-2024 ; 5558 traitées, 0 jamais traitées sur la fenêtre ; covariables invariantes dans le temps absorbées par les effets fixes unité : log_pop, share_women_1549, level_pre, pretrend_pre ; comparaisons sur la fenêtre identifiée (années < 2023, cohorte 2023 recodée contrôle, 60 unités de contrôle) ; cellules −8 et +8 bornées",event,0.0,5558.0,0.0,0.0,2003.0,2024.0,,,,,,,,,,,,
h2,H2,H2a,"log(naissances+0,5 / 1 000 f. 20-24)","unités avec covariables, bascule 4G ; fenêtre identifiée ≤ 2022, cohorte 2023 = contrôle",twfe,8,0.0117434314101759,0.0253959529599716,-0.0380317217444418,0.0615185845647938,0.6437848224022427,5558,122276,False," ; fenêtre 2003-2024 ; 5558 traitées, 0 jamais traitées sur la fenêtre ; covariables invariantes dans le temps absorbées par les effets fixes unité : log_pop, share_women_1549, level_pre, pretrend_pre ; comparaisons sur la fenêtre identifiée (années < 2023, cohorte 2023 recodée contrôle, 60 unités de contrôle) ; cellules −8 et +8 bornées",event,0.0,5558.0,0.0,0.0,2003.0,2024.0,,,,,,,,,,,,
h2,H2,H2a,"log(naissances+0,5 / 1 000 f. 20-24)","unités avec covariables, bascule 4G ; fenêtre identifiée ≤ 2022, cohorte 2023 = contrôle",twfe,"ATT[1,5]",0.027799183398535,0.0121546374397918,0.0039765317714009,0.051621835025669,0.0221884884744239,5558,122276,False," ; fenêtre 2003-2024 ; 5558 traitées, 0 jamais traitées sur la fenêtre ; covariables invariantes dans le temps absorbées par les effets fixes unité : log_pop, share_women_1549, level_pre, pretrend_pre ; comparaisons sur la fenêtre identifiée (années < 2023, cohorte 2023 recodée contrôle, 60 unités de contrôle) ; écart-type avec covariance complète (w'Vw)",post_avg,0.0,5558.0,0.0,0.0,2003.0,2024.0,,,,,,,,,,,,
h2,H2,H2a,"log(naissances+0,5 / 1 000 f. 20-24)","unités avec covariables, bascule 4G ; fenêtre identifiée ≤ 2022, cohorte 2023 = contrôle",twfe,Wald pré (-8..−2),63.94521640406167,,,,2.449263541200901e-11,5558,122276,False,"test de Wald joint, covariance groupée, df = 7 ; fenêtre 2003-2024 ; 5558 traitées, 0 jamais traitées sur la fenêtre",pre_test,0.0,5558.0,0.0,0.0,2003.0,2024.0,,,,,,,,,,,7.0,
h2,H2,H2a,"log(naissances+0,5 / 1 000 f. 20-24)","unités avec covariables, bascule 4G ; fenêtre identifiée ≤ 2022, cohorte 2023 = contrôle",twfe,ATT,0.0293989271690391,0.0062988640080719,0.0170533805697023,0.0417444737683758,3.051271967451917e-06,5558,122276,False," ; fenêtre 2003-2024 ; 5558 traitées, 0 jamais traitées sur la fenêtre ; covariables invariantes dans le temps absorbées par les effets fixes unité : log_pop, share_women_1549, level_pre, pretrend_pre ; comparaisons sur la fenêtre identifiée (années < 2023, cohorte 2023 recodée contrôle, 60 unités de contrôle)",static,0.0,5558.0,0.0,0.0,2003.0,2024.0,,,,,,,,,,,,
h2,H2,H2a,"log(naissances+0,5 / 1 000 f. 20-24)","unités avec covariables, bascule 4G ; fenêtre complète",twfe,ATT,0.0306701583910588,0.0059836716014049,0.0189423775569899,0.0423979392251277,2.9652559986241765e-07,5558,122276,True," ; fenêtre 2003-2024 ; 5558 traitées, 0 jamais traitées sur la fenêtre ; covariables invariantes dans le temps absorbées par les effets fixes unité : log_pop, share_women_1549, level_pre, pretrend_pre ; TWFE sur toutes les années (identification par le calendrier des bascules seulement)",static,0.0,5558.0,0.0,0.0,2003.0,2024.0,,,,,,,,,,,,
h2,H2,H2a,"log(naissances+0,5 / 1 000 f. 20-24)","unités avec covariables, bascule 4G ; fenêtre identifiée ≤ 2022, cohorte 2023 = contrôle",twfe_poisson,ATT (log du taux contrefactuel),0.0733933980755412,0.0055877854377017,0.0624415398643084,0.0843452562867741,2.085554903455011e-39,5558,122276,False," ; fenêtre 2003-2024 ; 5558 traitées, 0 jamais traitées sur la fenêtre ; covariables invariantes dans le temps absorbées par les effets fixes unité : log_pop, share_women_1549, level_pre, pretrend_pre ; comparaisons sur la fenêtre identifiée (années < 2023, cohorte 2023 recodée contrôle, 60 unités de contrôle) ; Poisson à effets fixes, offset = log(women)",static,0.0,5558.0,0.0,0.0,2003.0,2024.0,,,,,,,,,,,,
h2,H2,H2a,"log(naissances+0,5 / 1 000 f. 20-24)","unités avec covariables, bascule 4G ; fenêtre identifiée ≤ 2022, cohorte 2023 = contrôle",twfe_poisson,ATT en % du taux contrefactuel,7.615381048977277,0.6013316590982033,6.443223015436117,8.800446944725838,2.085554903455011e-39,5558,122276,False," ; fenêtre 2003-2024 ; 5558 traitées, 0 jamais traitées sur la fenêtre ; covariables invariantes dans le temps absorbées par les effets fixes unité : log_pop, share_women_1549, level_pre, pretrend_pre ; comparaisons sur la fenêtre identifiée (années < 2023, cohorte 2023 recodée contrôle, 60 unités de contrôle) ; Poisson à effets fixes, offset = log(women)",static,0.0,5558.0,0.0,0.0,2003.0,2024.0,,,,,,,,,,,,
h2,H2,H2c,"log(naissances+0,5 / 1 000 f. 25-29)","unités avec covariables, bascule 4G",cs,-8,0.0862149910895895,0.0487238302476172,-0.0092819613845835,0.1817119435637627,0.0768167214152977,5558,122276,False," ; covariables : log_pop, share_women_1549, level_pre, pretrend_pre (doublement robuste) ; contrôle = not_yet_treated ; fenêtre 2003-2024 ; 5558 traitées, 0 jamais traitées sur la fenêtre ; ATT(g,t) identifiés jusqu'en 2022 (sans unité jamais traitée, la dernière cohorte sert de contrôle)",event,0.0,5558.0,0.0,0.0,2003.0,2024.0,2003.0,2022.0,5558.0,5.0,dr,9.0,5498.0,,,,,
h2,H2,H2c,"log(naissances+0,5 / 1 000 f. 25-29)","unités avec covariables, bascule 4G",cs,-7,0.1376360940944555,0.086872811292365,-0.0326314872743244,0.3079036754632356,0.113116304335807,5558,122276,False," ; covariables : log_pop, share_women_1549, level_pre, pretrend_pre (doublement robuste) ; contrôle = not_yet_treated ; fenêtre 2003-2024 ; 5558 traitées, 0 jamais traitées sur la fenêtre ; ATT(g,t) identifiés jusqu'en 2022 (sans unité jamais traitée, la dernière cohorte sert de contrôle)",event,0.0,5558.0,0.0,0.0,2003.0,2024.0,2003.0,2022.0,5558.0,5.0,dr,9.0,5498.0,,,,,
h2,H2,H2c,"log(naissances+0,5 / 1 000 f. 25-29)","unités avec covariables, bascule 4G",cs,-6,0.0790972534083029,0.0433711876733701,-0.00590871239823,0.164103219214836,0.0681931894539503,5558,122276,False," ; covariables : log_pop, share_women_1549, level_pre, pretrend_pre (doublement robuste) ; contrôle = not_yet_treated ; fenêtre 2003-2024 ; 5558 traitées, 0 jamais traitées sur la fenêtre ; ATT(g,t) identifiés jusqu'en 2022 (sans unité jamais traitée, la dernière cohorte sert de contrôle)",event,0.0,5558.0,0.0,0.0,2003.0,2024.0,2003.0,2022.0,5558.0,5.0,dr,9.0,5498.0,,,,,
h2,H2,H2c,"log(naissances+0,5 / 1 000 f. 25-29)","unités avec covariables, bascule 4G",cs,-5,0.0527887449400907,0.0372583211105212,-0.0202362225609592,0.1258137124411408,0.156532339311127,5558,122276,False," ; covariables : log_pop, share_women_1549, level_pre, pretrend_pre (doublement robuste) ; contrôle = not_yet_treated ; fenêtre 2003-2024 ; 5558 traitées, 0 jamais traitées sur la fenêtre ; ATT(g,t) identifiés jusqu'en 2022 (sans unité jamais traitée, la dernière cohorte sert de contrôle)",event,0.0,5558.0,0.0,0.0,2003.0,2024.0,2003.0,2022.0,5558.0,5.0,dr,9.0,5498.0,,,,,
h2,H2,H2c,"log(naissances+0,5 / 1 000 f. 25-29)","unités avec covariables, bascule 4G",cs,-4,0.038075715668539,0.0282241269326585,-0.0172425566145586,0.0933939879516367,0.1773213933453588,5558,122276,False," ; covariables : log_pop, share_women_1549, level_pre, pretrend_pre (doublement robuste) ; contrôle = not_yet_treated ; fenêtre 2003-2024 ; 5558 traitées, 0 jamais traitées sur la fenêtre ; ATT(g,t) identifiés jusqu'en 2022 (sans unité jamais traitée, la dernière cohorte sert de contrôle)",event,0.0,5558.0,0.0,0.0,2003.0,2024.0,2003.0,2022.0,5558.0,5.0,dr,9.0,5498.0,,,,,
h2,H2,H2c,"log(naissances+0,5 / 1 000 f. 25-29)","unités avec covariables, bascule 4G",cs,-3,-0.0108941278888023,0.0159030807984195,-0.0420635934969352,0.0202753377193304,0.4933233853184022,5558,122276,False," ; covariables : log_pop, share_women_1549, level_pre, pretrend_pre (doublement robuste) ; contrôle = not_yet_treated ; fenêtre 2003-2024 ; 5558 traitées, 0 jamais traitées sur la fenêtre ; ATT(g,t) identifiés jusqu'en 2022 (sans unité jamais traitée, la dernière cohorte sert de contrôle)",event,0.0,5558.0,0.0,0.0,2003.0,2024.0,2003.0,2022.0,5558.0,5.0,dr,9.0,5498.0,,,,,
h2,H2,H2c,"log(naissances+0,5 / 1 000 f. 25-29)","unités avec covariables, bascule 4G",cs,-2,-0.0113466301255681,0.012365000706847,-0.0355815861798008,0.0128883259286644,0.3588069085514481,5558,122276,False," ; covariables : log_pop, share_women_1549, level_pre, pretrend_pre (doublement robuste) ; contrôle = not_yet_treated ; fenêtre 2003-2024 ; 5558 traitées, 0 jamais traitées sur la fenêtre ; ATT(g,t) identifiés jusqu'en 2022 (sans unité jamais traitée, la dernière cohorte sert de contrôle)",event,0.0,5558.0,0.0,0.0,2003.0,2024.0,2003.0,2022.0,5558.0,5.0,dr,9.0,5498.0,,,,,
h2,H2,H2c,"log(naissances+0,5 / 1 000 f. 25-29)","unités avec covariables, bascule 4G",cs,0,0.0027435798619676,0.0123370342105432,-0.0214365628667356,0.0269237225906709,0.8240136508794712,5558,122276,False," ; covariables : log_pop, share_women_1549, level_pre, pretrend_pre (doublement robuste) ; contrôle = not_yet_treated ; fenêtre 2003-2024 ; 5558 traitées, 0 jamais traitées sur la fenêtre ; ATT(g,t) identifiés jusqu'en 2022 (sans unité jamais traitée, la dernière cohorte sert de contrôle)",event,0.0,5558.0,0.0,0.0,2003.0,2024.0,2003.0,2022.0,5558.0,5.0,dr,9.0,5498.0,,,,,
h2,H2,H2c,"log(naissances+0,5 / 1 000 f. 25-29)","unités avec covariables, bascule 4G",cs,1,-0.0206058283275262,0.027900456265967,-0.0752897177610565,0.0340780611060041,0.4601814631223786,5558,122276,False," ; covariables : log_pop, share_women_1549, level_pre, pretrend_pre (doublement robuste) ; contrôle = not_yet_treated ; fenêtre 2003-2024 ; 5558 traitées, 0 jamais traitées sur la fenêtre ; ATT(g,t) identifiés jusqu'en 2022 (sans unité jamais traitée, la dernière cohorte sert de contrôle)",event,0.0,5558.0,0.0,0.0,2003.0,2024.0,2003.0,2022.0,5558.0,5.0,dr,8.0,5438.0,,,,,
h2,H2,H2c,"log(naissances+0,5 / 1 000 f. 25-29)","unités avec covariables, bascule 4G",cs,2,-0.0043956316238181,0.0272805339761213,-0.0578644956960373,0.0490732324484011,0.8719933455390207,5558,122276,False," ; covariables : log_pop, share_women_1549, level_pre, pretrend_pre (doublement robuste) ; contrôle = not_yet_treated ; fenêtre 2003-2024 ; 5558 traitées, 0 jamais traitées sur la fenêtre ; ATT(g,t) identifiés jusqu'en 2022 (sans unité jamais traitée, la dernière cohorte sert de contrôle)",event,0.0,5558.0,0.0,0.0,2003.0,2024.0,2003.0,2022.0,5558.0,5.0,dr,7.0,5268.0,,,,,
h2,H2,H2c,"log(naissances+0,5 / 1 000 f. 25-29)","unités avec covariables, bascule 4G",cs,3,-0.0425625231576184,0.0241604349423723,-0.0899161054954912,0.0047910591802543,0.0781264007173665,5558,122276,False," ; covariables : log_pop, share_women_1549, level_pre, pretrend_pre (doublement robuste) ; contrôle = not_yet_treated ; fenêtre 2003-2024 ; 5558 traitées, 0 jamais traitées sur la fenêtre ; ATT(g,t) identifiés jusqu'en 2022 (sans unité jamais traitée, la dernière cohorte sert de contrôle)",event,0.0,5558.0,0.0,0.0,2003.0,2024.0,2003.0,2022.0,5558.0,5.0,dr,6.0,4844.0,,,,,
h2,H2,H2c,"log(naissances+0,5 / 1 000 f. 25-29)","unités avec covariables, bascule 4G",cs,4,-0.1022281441834035,0.0273941539762772,-0.1559196993638517,-0.0485365890029554,0.0001901538899456,5558,122276,False," ; covariables : log_pop, share_women_1549, level_pre, pretrend_pre (doublement robuste) ; contrôle = not_yet_treated ; fenêtre 2003-2024 ; 5558 traitées, 0 jamais traitées sur la fenêtre ; ATT(g,t) identifiés jusqu'en 2022 (sans unité jamais traitée, la dernière cohorte sert de contrôle)",event,0.0,5558.0,0.0,0.0,2003.0,2024.0,2003.0,2022.0,5558.0,5.0,dr,5.0,4445.0,,,,,
h2,H2,H2c,"log(naissances+0,5 / 1 000 f. 25-29)","unités avec covariables, bascule 4G",cs,5,-0.203999866783478,0.0699593800375968,-0.3411177320379183,-0.0668820015290378,0.0035457787866827,5558,122276,False," ; covariables : log_pop, share_women_1549, level_pre, pretrend_pre (doublement robuste) ; contrôle = not_yet_treated ; fenêtre 2003-2024 ; 5558 traitées, 0 jamais traitées sur la fenêtre ; ATT(g,t) identifiés jusqu'en 2022 (sans unité jamais traitée, la dernière cohorte sert de contrôle)",event,0.0,5558.0,0.0,0.0,2003.0,2024.0,2003.0,2022.0,5558.0,5.0,dr,4.0,3767.0,,,,,
h2,H2,H2c,"log(naissances+0,5 / 1 000 f. 25-29)","unités avec covariables, bascule 4G",cs,6,-0.3313671973965418,0.1044805803123125,-0.5361453718925191,-0.1265890229005645,0.001516187051381,5558,122276,False," ; covariables : log_pop, share_women_1549, level_pre, pretrend_pre (doublement robuste) ; contrôle = not_yet_treated ; fenêtre 2003-2024 ; 5558 traitées, 0 jamais traitées sur la fenêtre ; ATT(g,t) identifiés jusqu'en 2022 (sans unité jamais traitée, la dernière cohorte sert de contrôle)",event,0.0,5558.0,0.0,0.0,2003.0,2024.0,2003.0,2022.0,5558.0,5.0,dr,3.0,1032.0,,,,,
h2,H2,H2c,"log(naissances+0,5 / 1 000 f. 25-29)","unités avec covariables, bascule 4G",cs,7,-0.4033999946389719,0.1616307170399233,-0.7201903788326061,-0.0866096104453377,0.0125668941065898,5558,122276,False," ; covariables : log_pop, share_women_1549, level_pre, pretrend_pre (doublement robuste) ; contrôle = not_yet_treated ; fenêtre 2003-2024 ; 5558 traitées, 0 jamais traitées sur la fenêtre ; ATT(g,t) identifiés jusqu'en 2022 (sans unité jamais traitée, la dernière cohorte sert de contrôle)",event,0.0,5558.0,0.0,0.0,2003.0,2024.0,2003.0,2022.0,5558.0,5.0,dr,2.0,481.0,,,,,
h2,H2,H2c,"log(naissances+0,5 / 1 000 f. 25-29)","unités avec covariables, bascule 4G",cs,8,-1.2615947302371775,0.4246000350792336,-2.093795506826919,-0.4293939536474361,0.0029658597046011,5558,122276,False," ; covariables : log_pop, share_women_1549, level_pre, pretrend_pre (doublement robuste) ; contrôle = not_yet_treated ; fenêtre 2003-2024 ; 5558 traitées, 0 jamais traitées sur la fenêtre ; ATT(g,t) identifiés jusqu'en 2022 (sans unité jamais traitée, la dernière cohorte sert de contrôle)",event,0.0,5558.0,0.0,0.0,2003.0,2024.0,2003.0,2022.0,5558.0,5.0,dr,1.0,187.0,,,,,
h2,H2,H2c,"log(naissances+0,5 / 1 000 f. 25-29)","unités avec covariables, bascule 4G",cs,"ATT[1,5]",-0.0747583988151689,0.0240717756806596,-0.1219382121931889,-0.0275785854371488,0.0018986426612939,5558,122276,False," ; covariables : log_pop, share_women_1549, level_pre, pretrend_pre (doublement robuste) ; contrôle = not_yet_treated ; fenêtre 2003-2024 ; 5558 traitées, 0 jamais traitées sur la fenêtre ; ATT(g,t) identifiés jusqu'en 2022 (sans unité jamais traitée, la dernière cohorte sert de contrôle) ; écart-type avec covariance complète des coefficients (fonctions d'influence)",post_avg,0.0,5558.0,0.0,0.0,2003.0,2024.0,2003.0,2022.0,5558.0,5.0,dr,,,,,5.0,,
h2,H2,H2c,"log(naissances+0,5 / 1 000 f. 25-29)","unités avec covariables, bascule 4G",cs,ATT,-0.0749707849060493,0.0218124477702523,-0.1177223969504049,-0.0322191728616937,0.0005880560447215,5558,122276,False," ; covariables : log_pop, share_women_1549, level_pre, pretrend_pre (doublement robuste) ; contrôle = not_yet_treated ; fenêtre 2003-2024 ; 5558 traitées, 0 jamais traitées sur la fenêtre ; ATT(g,t) identifiés jusqu'en 2022 (sans unité jamais traitée, la dernière cohorte sert de contrôle) ; moyenne de tous les ATT(g,t) post",simple,0.0,5558.0,0.0,0.0,2003.0,2024.0,2003.0,2022.0,5558.0,5.0,dr,,,,,,,
h2,H2,H2c,"log(naissances+0,5 / 1 000 f. 25-29)","unités avec covariables, bascule 4G",cs,Wald pré (-8..-2),7.02944621636482,,,,0.4258203861717307,5558,122276,False,"H5c : test de Wald joint de nullité des coefficients pré avec covariance des fonctions d'influence, df = 7 ; fenêtre 2003-2024 ; 5558 traitées, 0 jamais traitées sur la fenêtre",pre_test,0.0,5558.0,0.0,0.0,2003.0,2024.0,2003.0,2022.0,5558.0,5.0,dr,,,,,,7.0,
h2,H2,H2c,"log(naissances+0,5 / 1 000 f. 25-29)","unités avec covariables, bascule 4G ; fenêtre identifiée ≤ 2022, cohorte 2023 = contrôle",sunab,-8,0.0730778470957338,0.0490205037813679,-0.0230005748197568,0.1691562690112246,0.1360242980244907,5558,122276,False," ; fenêtre 2003-2024 ; 5558 traitées, 0 jamais traitées sur la fenêtre ; covariables invariantes dans le temps absorbées par les effets fixes unité : log_pop, share_women_1549, level_pre, pretrend_pre ; comparaisons sur la fenêtre identifiée (années < 2023, cohorte 2023 recodée contrôle, 60 unités de contrôle) ; cellules −8 et +8 bornées",event,0.0,5558.0,0.0,0.0,2003.0,2024.0,,,,,,,,,,,,
h2,H2,H2c,"log(naissances+0,5 / 1 000 f. 25-29)","unités avec covariables, bascule 4G ; fenêtre identifiée ≤ 2022, cohorte 2023 = contrôle",sunab,-7,0.0743687854119212,0.0468080959048679,-0.0173733967465168,0.1661109675703592,0.1121051545706031,5558,122276,False," ; fenêtre 2003-2024 ; 5558 traitées, 0 jamais traitées sur la fenêtre ; covariables invariantes dans le temps absorbées par les effets fixes unité : log_pop, share_women_1549, level_pre, pretrend_pre ; comparaisons sur la fenêtre identifiée (années < 2023, cohorte 2023 recodée contrôle, 60 unités de contrôle) ; cellules −8 et +8 bornées",event,0.0,5558.0,0.0,0.0,2003.0,2024.0,,,,,,,,,,,,
h2,H2,H2c,"log(naissances+0,5 / 1 000 f. 25-29)","unités avec covariables, bascule 4G ; fenêtre identifiée ≤ 2022, cohorte 2023 = contrôle",sunab,-6,0.076701721173567,0.0446671587862303,-0.0108443013391763,0.1642477436863104,0.0859455957142724,5558,122276,False," ; fenêtre 2003-2024 ; 5558 traitées, 0 jamais traitées sur la fenêtre ; covariables invariantes dans le temps absorbées par les effets fixes unité : log_pop, share_women_1549, level_pre, pretrend_pre ; comparaisons sur la fenêtre identifiée (années < 2023, cohorte 2023 recodée contrôle, 60 unités de contrôle) ; cellules −8 et +8 bornées",event,0.0,5558.0,0.0,0.0,2003.0,2024.0,,,,,,,,,,,,
h2,H2,H2c,"log(naissances+0,5 / 1 000 f. 25-29)","unités avec covariables, bascule 4G ; fenêtre identifiée ≤ 2022, cohorte 2023 = contrôle",sunab,-5,0.0743132284624217,0.0420251684482809,-0.0080545881404378,0.1566810450652813,0.0770102745046698,5558,122276,False," ; fenêtre 2003-2024 ; 5558 traitées, 0 jamais traitées sur la fenêtre ; covariables invariantes dans le temps absorbées par les effets fixes unité : log_pop, share_women_1549, level_pre, pretrend_pre ; comparaisons sur la fenêtre identifiée (années < 2023, cohorte 2023 recodée contrôle, 60 unités de contrôle) ; cellules −8 et +8 bornées",event,0.0,5558.0,0.0,0.0,2003.0,2024.0,,,,,,,,,,,,
h2,H2,H2c,"log(naissances+0,5 / 1 000 f. 25-29)","unités avec covariables, bascule 4G ; fenêtre identifiée ≤ 2022, cohorte 2023 = contrôle",sunab,-4,0.0499784414706772,0.038700596371669,-0.0258733335980156,0.12583021653937,0.1965606107612385,5558,122276,False," ; fenêtre 2003-2024 ; 5558 traitées, 0 jamais traitées sur la fenêtre ; covariables invariantes dans le temps absorbées par les effets fixes unité : log_pop, share_women_1549, level_pre, pretrend_pre ; comparaisons sur la fenêtre identifiée (années < 2023, cohorte 2023 recodée contrôle, 60 unités de contrôle) ; cellules −8 et +8 bornées",event,0.0,5558.0,0.0,0.0,2003.0,2024.0,,,,,,,,,,,,
h2,H2,H2c,"log(naissances+0,5 / 1 000 f. 25-29)","unités avec covariables, bascule 4G ; fenêtre identifiée ≤ 2022, cohorte 2023 = contrôle",sunab,-3,0.0330207658589807,0.0348981903400122,-0.0353784303330668,0.1014199620510283,0.3440451518097775,5558,122276,False," ; fenêtre 2003-2024 ; 5558 traitées, 0 jamais traitées sur la fenêtre ; covariables invariantes dans le temps absorbées par les effets fixes unité : log_pop, share_women_1549, level_pre, pretrend_pre ; comparaisons sur la fenêtre identifiée (années < 2023, cohorte 2023 recodée contrôle, 60 unités de contrôle) ; cellules −8 et +8 bornées",event,0.0,5558.0,0.0,0.0,2003.0,2024.0,,,,,,,,,,,,
h2,H2,H2c,"log(naissances+0,5 / 1 000 f. 25-29)","unités avec covariables, bascule 4G ; fenêtre identifiée ≤ 2022, cohorte 2023 = contrôle",sunab,-2,0.0184060494390023,0.0269625883181308,-0.0344396525945144,0.0712517514725191,0.4948271283245331,5558,122276,False," ; fenêtre 2003-2024 ; 5558 traitées, 0 jamais traitées sur la fenêtre ; covariables invariantes dans le temps absorbées par les effets fixes unité : log_pop, share_women_1549, level_pre, pretrend_pre ; comparaisons sur la fenêtre identifiée (années < 2023, cohorte 2023 recodée contrôle, 60 unités de contrôle) ; cellules −8 et +8 bornées",event,0.0,5558.0,0.0,0.0,2003.0,2024.0,,,,,,,,,,,,
h2,H2,H2c,"log(naissances+0,5 / 1 000 f. 25-29)","unités avec covariables, bascule 4G ; fenêtre identifiée ≤ 2022, cohorte 2023 = contrôle",sunab,0,-0.0199777352969846,0.0267755198748517,-0.0724567899190305,0.0325013193250611,0.4555952804730888,5558,122276,False," ; fenêtre 2003-2024 ; 5558 traitées, 0 jamais traitées sur la fenêtre ; covariables invariantes dans le temps absorbées par les effets fixes unité : log_pop, share_women_1549, level_pre, pretrend_pre ; comparaisons sur la fenêtre identifiée (années < 2023, cohorte 2023 recodée contrôle, 60 unités de contrôle) ; cellules −8 et +8 bornées",event,0.0,5558.0,0.0,0.0,2003.0,2024.0,,,,,,,,,,,,
h2,H2,H2c,"log(naissances+0,5 / 1 000 f. 25-29)","unités avec covariables, bascule 4G ; fenêtre identifiée ≤ 2022, cohorte 2023 = contrôle",sunab,1,-0.0236859269264646,0.027172345737734,-0.0769427459478938,0.0295708920949645,0.3833762143482657,5558,122276,False," ; fenêtre 2003-2024 ; 5558 traitées, 0 jamais traitées sur la fenêtre ; covariables invariantes dans le temps absorbées par les effets fixes unité : log_pop, share_women_1549, level_pre, pretrend_pre ; comparaisons sur la fenêtre identifiée (années < 2023, cohorte 2023 recodée contrôle, 60 unités de contrôle) ; cellules −8 et +8 bornées",event,0.0,5558.0,0.0,0.0,2003.0,2024.0,,,,,,,,,,,,
h2,H2,H2c,"log(naissances+0,5 / 1 000 f. 25-29)","unités avec covariables, bascule 4G ; fenêtre identifiée ≤ 2022, cohorte 2023 = contrôle",sunab,2,-0.0530933694174767,0.0302875621536168,-0.1124559004180842,0.0062691615831306,0.0796061275481211,5558,122276,False," ; fenêtre 2003-2024 ; 5558 traitées, 0 jamais traitées sur la fenêtre ; covariables invariantes dans le temps absorbées par les effets fixes unité : log_pop, share_women_1549, level_pre, pretrend_pre ; comparaisons sur la fenêtre identifiée (années < 2023, cohorte 2023 recodée contrôle, 60 unités de contrôle) ; cellules −8 et +8 bornées",event,0.0,5558.0,0.0,0.0,2003.0,2024.0,,,,,,,,,,,,
h2,H2,H2c,"log(naissances+0,5 / 1 000 f. 25-29)","unités avec covariables, bascule 4G ; fenêtre identifiée ≤ 2022, cohorte 2023 = contrôle",sunab,3,-0.0730032025810736,0.036918074541728,-0.1453612990614256,-0.0006451061007217,0.0479921449686558,5558,122276,False," ; fenêtre 2003-2024 ; 5558 traitées, 0 jamais traitées sur la fenêtre ; covariables invariantes dans le temps absorbées par les effets fixes unité : log_pop, share_women_1549, level_pre, pretrend_pre ; comparaisons sur la fenêtre identifiée (années < 2023, cohorte 2023 recodée contrôle, 60 unités de contrôle) ; cellules −8 et +8 bornées",event,0.0,5558.0,0.0,0.0,2003.0,2024.0,,,,,,,,,,,,
h2,H2,H2c,"log(naissances+0,5 / 1 000 f. 25-29)","unités avec covariables, bascule 4G ; fenêtre identifiée ≤ 2022, cohorte 2023 = contrôle",sunab,4,-0.0981683528133302,0.0359651187151499,-0.1686586901947316,-0.0276780154319287,0.0063422098267029,5558,122276,False," ; fenêtre 2003-2024 ; 5558 traitées, 0 jamais traitées sur la fenêtre ; covariables invariantes dans le temps absorbées par les effets fixes unité : log_pop, share_women_1549, level_pre, pretrend_pre ; comparaisons sur la fenêtre identifiée (années < 2023, cohorte 2023 recodée contrôle, 60 unités de contrôle) ; cellules −8 et +8 bornées",event,0.0,5558.0,0.0,0.0,2003.0,2024.0,,,,,,,,,,,,
h2,H2,H2c,"log(naissances+0,5 / 1 000 f. 25-29)","unités avec covariables, bascule 4G ; fenêtre identifiée ≤ 2022, cohorte 2023 = contrôle",sunab,5,-0.1020513840483796,0.0477590225770576,-0.1956573482362479,-0.0084454198605113,0.0326144246749911,5558,122276,False," ; fenêtre 2003-2024 ; 5558 traitées, 0 jamais traitées sur la fenêtre ; covariables invariantes dans le temps absorbées par les effets fixes unité : log_pop, share_women_1549, level_pre, pretrend_pre ; comparaisons sur la fenêtre identifiée (années < 2023, cohorte 2023 recodée contrôle, 60 unités de contrôle) ; cellules −8 et +8 bornées",event,0.0,5558.0,0.0,0.0,2003.0,2024.0,,,,,,,,,,,,
h2,H2,H2c,"log(naissances+0,5 / 1 000 f. 25-29)","unités avec covariables, bascule 4G ; fenêtre identifiée ≤ 2022, cohorte 2023 = contrôle",sunab,6,-0.1785937194979661,0.0547844241398884,-0.2859692177259142,-0.0712182212700179,0.0011143733491941,5558,122276,False," ; fenêtre 2003-2024 ; 5558 traitées, 0 jamais traitées sur la fenêtre ; covariables invariantes dans le temps absorbées par les effets fixes unité : log_pop, share_women_1549, level_pre, pretrend_pre ; comparaisons sur la fenêtre identifiée (années < 2023, cohorte 2023 recodée contrôle, 60 unités de contrôle) ; cellules −8 et +8 bornées",event,0.0,5558.0,0.0,0.0,2003.0,2024.0,,,,,,,,,,,,
h2,H2,H2c,"log(naissances+0,5 / 1 000 f. 25-29)","unités avec covariables, bascule 4G ; fenêtre identifiée ≤ 2022, cohorte 2023 = contrôle",sunab,7,-0.1961521347486469,0.0649359290214255,-0.3234242169332902,-0.0688800525640036,0.0025218886244228,5558,122276,False," ; fenêtre 2003-2024 ; 5558 traitées, 0 jamais traitées sur la fenêtre ; covariables invariantes dans le temps absorbées par les effets fixes unité : log_pop, share_women_1549, level_pre, pretrend_pre ; comparaisons sur la fenêtre identifiée (années < 2023, cohorte 2023 recodée contrôle, 60 unités de contrôle) ; cellules −8 et +8 bornées",event,0.0,5558.0,0.0,0.0,2003.0,2024.0,,,,,,,,,,,,
h2,H2,H2c,"log(naissances+0,5 / 1 000 f. 25-29)","unités avec covariables, bascule 4G ; fenêtre identifiée ≤ 2022, cohorte 2023 = contrôle",sunab,8,-0.2519432996103544,0.080292821753818,-0.4093143384649319,-0.0945722607557769,0.0017021748429097,5558,122276,False," ; fenêtre 2003-2024 ; 5558 traitées, 0 jamais traitées sur la fenêtre ; covariables invariantes dans le temps absorbées par les effets fixes unité : log_pop, share_women_1549, level_pre, pretrend_pre ; comparaisons sur la fenêtre identifiée (années < 2023, cohorte 2023 recodée contrôle, 60 unités de contrôle) ; cellules −8 et +8 bornées",event,0.0,5558.0,0.0,0.0,2003.0,2024.0,,,,,,,,,,,,
h2,H2,H2c,"log(naissances+0,5 / 1 000 f. 25-29)","unités avec covariables, bascule 4G ; fenêtre identifiée ≤ 2022, cohorte 2023 = contrôle",sunab,"ATT[1,5]",-0.070000447157345,0.0300526069072726,-0.1289024743371391,-0.0110984199775508,0.0198450987522778,5558,122276,False," ; fenêtre 2003-2024 ; 5558 traitées, 0 jamais traitées sur la fenêtre ; covariables invariantes dans le temps absorbées par les effets fixes unité : log_pop, share_women_1549, level_pre, pretrend_pre ; comparaisons sur la fenêtre identifiée (années < 2023, cohorte 2023 recodée contrôle, 60 unités de contrôle) ; écart-type avec covariance complète (w'Vw)",post_avg,0.0,5558.0,0.0,0.0,2003.0,2024.0,,,,,,,,,,,,
h2,H2,H2c,"log(naissances+0,5 / 1 000 f. 25-29)","unités avec covariables, bascule 4G ; fenêtre identifiée ≤ 2022, cohorte 2023 = contrôle",sunab,Wald pré (-8..−2),6.633869194856146,,,,0.4679695164029256,5558,122276,False,"test de Wald joint, covariance groupée, df = 7 ; fenêtre 2003-2024 ; 5558 traitées, 0 jamais traitées sur la fenêtre",pre_test,0.0,5558.0,0.0,0.0,2003.0,2024.0,,,,,,,,,,,7.0,
h2,H2,H2c,"log(naissances+0,5 / 1 000 f. 25-29)","unités avec covariables, bascule 4G ; fenêtre identifiée ≤ 2022, cohorte 2023 = contrôle",did2s,-8,-0.0005423817494994,0.0005804625430631,-0.0016800674282776,0.0005953039292787,0.3500997748155309,5558,122276,False," ; fenêtre 2003-2024 ; 5558 traitées, 0 jamais traitées sur la fenêtre ; covariables invariantes dans le temps absorbées par les effets fixes unité : log_pop, share_women_1549, level_pre, pretrend_pre ; comparaisons sur la fenêtre identifiée (années < 2023, cohorte 2023 recodée contrôle, 60 unités de contrôle) ; cellules −8 et +8 bornées ; did2s en deux étapes implémenté directement (pyfixest.did2s dépasse la mémoire au-delà de 5 000 unités), écarts-types par bootstrap par grappes (50 tirages, grappe = unit)",event,0.0,5558.0,0.0,0.0,2003.0,2024.0,,,,,,,,,,,,
h2,H2,H2c,"log(naissances+0,5 / 1 000 f. 25-29)","unités avec covariables, bascule 4G ; fenêtre identifiée ≤ 2022, cohorte 2023 = contrôle",did2s,-7,-0.003488235460606,0.0029225701754706,-0.0092163677468194,0.0022398968256074,0.2326537977366766,5558,122276,False," ; fenêtre 2003-2024 ; 5558 traitées, 0 jamais traitées sur la fenêtre ; covariables invariantes dans le temps absorbées par les effets fixes unité : log_pop, share_women_1549, level_pre, pretrend_pre ; comparaisons sur la fenêtre identifiée (années < 2023, cohorte 2023 recodée contrôle, 60 unités de contrôle) ; cellules −8 et +8 bornées ; did2s en deux étapes implémenté directement (pyfixest.did2s dépasse la mémoire au-delà de 5 000 unités), écarts-types par bootstrap par grappes (50 tirages, grappe = unit)",event,0.0,5558.0,0.0,0.0,2003.0,2024.0,,,,,,,,,,,,
h2,H2,H2c,"log(naissances+0,5 / 1 000 f. 25-29)","unités avec covariables, bascule 4G ; fenêtre identifiée ≤ 2022, cohorte 2023 = contrôle",did2s,-6,0.0019078227110091,0.0030142215814567,-0.0039999430300694,0.0078155884520877,0.5267725430300039,5558,122276,False," ; fenêtre 2003-2024 ; 5558 traitées, 0 jamais traitées sur la fenêtre ; covariables invariantes dans le temps absorbées par les effets fixes unité : log_pop, share_women_1549, level_pre, pretrend_pre ; comparaisons sur la fenêtre identifiée (années < 2023, cohorte 2023 recodée contrôle, 60 unités de contrôle) ; cellules −8 et +8 bornées ; did2s en deux étapes implémenté directement (pyfixest.did2s dépasse la mémoire au-delà de 5 000 unités), écarts-types par bootstrap par grappes (50 tirages, grappe = unit)",event,0.0,5558.0,0.0,0.0,2003.0,2024.0,,,,,,,,,,,,
h2,H2,H2c,"log(naissances+0,5 / 1 000 f. 25-29)","unités avec covariables, bascule 4G ; fenêtre identifiée ≤ 2022, cohorte 2023 = contrôle",did2s,-5,-0.004281004632185,0.0026076249792067,-0.0093918556766171,0.0008298464122471,0.1006468878859635,5558,122276,False," ; fenêtre 2003-2024 ; 5558 traitées, 0 jamais traitées sur la fenêtre ; covariables invariantes dans le temps absorbées par les effets fixes unité : log_pop, share_women_1549, level_pre, pretrend_pre ; comparaisons sur la fenêtre identifiée (années < 2023, cohorte 2023 recodée contrôle, 60 unités de contrôle) ; cellules −8 et +8 bornées ; did2s en deux étapes implémenté directement (pyfixest.did2s dépasse la mémoire au-delà de 5 000 unités), écarts-types par bootstrap par grappes (50 tirages, grappe = unit)",event,0.0,5558.0,0.0,0.0,2003.0,2024.0,,,,,,,,,,,,
h2,H2,H2c,"log(naissances+0,5 / 1 000 f. 25-29)","unités avec covariables, bascule 4G ; fenêtre identifiée ≤ 2022, cohorte 2023 = contrôle",did2s,-4,-0.0030785951561236,0.0027936324543589,-0.0085540141527094,0.0023968238404621,0.2704597743834573,5558,122276,False," ; fenêtre 2003-2024 ; 5558 traitées, 0 jamais traitées sur la fenêtre ; covariables invariantes dans le temps absorbées par les effets fixes unité : log_pop, share_women_1549, level_pre, pretrend_pre ; comparaisons sur la fenêtre identifiée (années < 2023, cohorte 2023 recodée contrôle, 60 unités de contrôle) ; cellules −8 et +8 bornées ; did2s en deux étapes implémenté directement (pyfixest.did2s dépasse la mémoire au-delà de 5 000 unités), écarts-types par bootstrap par grappes (50 tirages, grappe = unit)",event,0.0,5558.0,0.0,0.0,2003.0,2024.0,,,,,,,,,,,,
h2,H2,H2c,"log(naissances+0,5 / 1 000 f. 25-29)","unités avec covariables, bascule 4G ; fenêtre identifiée ≤ 2022, cohorte 2023 = contrôle",did2s,-3,0.0016163754294102,0.0025027035948467,-0.0032888334804682,0.0065215843392887,0.5183753872009856,5558,122276,False," ; fenêtre 2003-2024 ; 5558 traitées, 0 jamais traitées sur la fenêtre ; covariables invariantes dans le temps absorbées par les effets fixes unité : log_pop, share_women_1549, level_pre, pretrend_pre ; comparaisons sur la fenêtre identifiée (années < 2023, cohorte 2023 recodée contrôle, 60 unités de contrôle) ; cellules −8 et +8 bornées ; did2s en deux étapes implémenté directement (pyfixest.did2s dépasse la mémoire au-delà de 5 000 unités), écarts-types par bootstrap par grappes (50 tirages, grappe = unit)",event,0.0,5558.0,0.0,0.0,2003.0,2024.0,,,,,,,,,,,,
h2,H2,H2c,"log(naissances+0,5 / 1 000 f. 25-29)","unités avec covariables, bascule 4G ; fenêtre identifiée ≤ 2022, cohorte 2023 = contrôle",did2s,-2,0.0021609017452781,0.0027417187234758,-0.0032127682084737,0.0075345716990299,0.4306055300452713,5558,122276,False," ; fenêtre 2003-2024 ; 5558 traitées, 0 jamais traitées sur la fenêtre ; covariables invariantes dans le temps absorbées par les effets fixes unité : log_pop, share_women_1549, level_pre, pretrend_pre ; comparaisons sur la fenêtre identifiée (années < 2023, cohorte 2023 recodée contrôle, 60 unités de contrôle) ; cellules −8 et +8 bornées ; did2s en deux étapes implémenté directement (pyfixest.did2s dépasse la mémoire au-delà de 5 000 unités), écarts-types par bootstrap par grappes (50 tirages, grappe = unit)",event,0.0,5558.0,0.0,0.0,2003.0,2024.0,,,,,,,,,,,,
h2,H2,H2c,"log(naissances+0,5 / 1 000 f. 25-29)","unités avec covariables, bascule 4G ; fenêtre identifiée ≤ 2022, cohorte 2023 = contrôle",did2s,0,-9.275593344355906e-05,0.0074618182687427,-0.0147176509993623,0.0145321391324752,0.9900819587681078,5558,122276,False," ; fenêtre 2003-2024 ; 5558 traitées, 0 jamais traitées sur la fenêtre ; covariables invariantes dans le temps absorbées par les effets fixes unité : log_pop, share_women_1549, level_pre, pretrend_pre ; comparaisons sur la fenêtre identifiée (années < 2023, cohorte 2023 recodée contrôle, 60 unités de contrôle) ; cellules −8 et +8 bornées ; did2s en deux étapes implémenté directement (pyfixest.did2s dépasse la mémoire au-delà de 5 000 unités), écarts-types par bootstrap par grappes (50 tirages, grappe = unit)",event,0.0,5558.0,0.0,0.0,2003.0,2024.0,,,,,,,,,,,,
h2,H2,H2c,"log(naissances+0,5 / 1 000 f. 25-29)","unités avec covariables, bascule 4G ; fenêtre identifiée ≤ 2022, cohorte 2023 = contrôle",did2s,1,-0.015289200645663,0.0109401584750139,-0.0367315172418509,0.0061531159505248,0.162254225030472,5558,122276,False," ; fenêtre 2003-2024 ; 5558 traitées, 0 jamais traitées sur la fenêtre ; covariables invariantes dans le temps absorbées par les effets fixes unité : log_pop, share_women_1549, level_pre, pretrend_pre ; comparaisons sur la fenêtre identifiée (années < 2023, cohorte 2023 recodée contrôle, 60 unités de contrôle) ; cellules −8 et +8 bornées ; did2s en deux étapes implémenté directement (pyfixest.did2s dépasse la mémoire au-delà de 5 000 unités), écarts-types par bootstrap par grappes (50 tirages, grappe = unit)",event,0.0,5558.0,0.0,0.0,2003.0,2024.0,,,,,,,,,,,,
h2,H2,H2c,"log(naissances+0,5 / 1 000 f. 25-29)","unités avec covariables, bascule 4G ; fenêtre identifiée ≤ 2022, cohorte 2023 = contrôle",did2s,2,-0.0266906329247629,0.0152618347235767,-0.0566032793209761,0.0032220134714502,0.0803172541729977,5558,122276,False," ; fenêtre 2003-2024 ; 5558 traitées, 0 jamais traitées sur la fenêtre ; covariables invariantes dans le temps absorbées par les effets fixes unité : log_pop, share_women_1549, level_pre, pretrend_pre ; comparaisons sur la fenêtre identifiée (années < 2023, cohorte 2023 recodée contrôle, 60 unités de contrôle) ; cellules −8 et +8 bornées ; did2s en deux étapes implémenté directement (pyfixest.did2s dépasse la mémoire au-delà de 5 000 unités), écarts-types par bootstrap par grappes (50 tirages, grappe = unit)",event,0.0,5558.0,0.0,0.0,2003.0,2024.0,,,,,,,,,,,,
h2,H2,H2c,"log(naissances+0,5 / 1 000 f. 25-29)","unités avec covariables, bascule 4G ; fenêtre identifiée ≤ 2022, cohorte 2023 = contrôle",did2s,3,-0.0506152410093905,0.023486438613751,-0.0966478148174533,-0.0045826672013277,0.0311552850657912,5558,122276,False," ; fenêtre 2003-2024 ; 5558 traitées, 0 jamais traitées sur la fenêtre ; covariables invariantes dans le temps absorbées par les effets fixes unité : log_pop, share_women_1549, level_pre, pretrend_pre ; comparaisons sur la fenêtre identifiée (années < 2023, cohorte 2023 recodée contrôle, 60 unités de contrôle) ; cellules −8 et +8 bornées ; did2s en deux étapes implémenté directement (pyfixest.did2s dépasse la mémoire au-delà de 5 000 unités), écarts-types par bootstrap par grappes (50 tirages, grappe = unit)",event,0.0,5558.0,0.0,0.0,2003.0,2024.0,,,,,,,,,,,,
h2,H2,H2c,"log(naissances+0,5 / 1 000 f. 25-29)","unités avec covariables, bascule 4G ; fenêtre identifiée ≤ 2022, cohorte 2023 = contrôle",did2s,4,-0.1001786384085729,0.0354887639565707,-0.1697353376192948,-0.030621939197851,0.0047602261623085,5558,122276,False," ; fenêtre 2003-2024 ; 5558 traitées, 0 jamais traitées sur la fenêtre ; covariables invariantes dans le temps absorbées par les effets fixes unité : log_pop, share_women_1549, level_pre, pretrend_pre ; comparaisons sur la fenêtre identifiée (années < 2023, cohorte 2023 recodée contrôle, 60 unités de contrôle) ; cellules −8 et +8 bornées ; did2s en deux étapes implémenté directement (pyfixest.did2s dépasse la mémoire au-delà de 5 000 unités), écarts-types par bootstrap par grappes (50 tirages, grappe = unit)",event,0.0,5558.0,0.0,0.0,2003.0,2024.0,,,,,,,,,,,,
h2,H2,H2c,"log(naissances+0,5 / 1 000 f. 25-29)","unités avec covariables, bascule 4G ; fenêtre identifiée ≤ 2022, cohorte 2023 = contrôle",did2s,5,-0.1183178344467159,0.0594222758998054,-0.2347833550897369,-0.0018523138036948,0.0464659344563684,5558,122276,False," ; fenêtre 2003-2024 ; 5558 traitées, 0 jamais traitées sur la fenêtre ; covariables invariantes dans le temps absorbées par les effets fixes unité : log_pop, share_women_1549, level_pre, pretrend_pre ; comparaisons sur la fenêtre identifiée (années < 2023, cohorte 2023 recodée contrôle, 60 unités de contrôle) ; cellules −8 et +8 bornées ; did2s en deux étapes implémenté directement (pyfixest.did2s dépasse la mémoire au-delà de 5 000 unités), écarts-types par bootstrap par grappes (50 tirages, grappe = unit)",event,0.0,5558.0,0.0,0.0,2003.0,2024.0,,,,,,,,,,,,
h2,H2,H2c,"log(naissances+0,5 / 1 000 f. 25-29)","unités avec covariables, bascule 4G ; fenêtre identifiée ≤ 2022, cohorte 2023 = contrôle",did2s,6,-0.1269860059076313,0.0515816069473478,-0.2280840977891342,-0.0258879140261284,0.013822375479835,5558,122276,False," ; fenêtre 2003-2024 ; 5558 traitées, 0 jamais traitées sur la fenêtre ; covariables invariantes dans le temps absorbées par les effets fixes unité : log_pop, share_women_1549, level_pre, pretrend_pre ; comparaisons sur la fenêtre identifiée (années < 2023, cohorte 2023 recodée contrôle, 60 unités de contrôle) ; cellules −8 et +8 bornées ; did2s en deux étapes implémenté directement (pyfixest.did2s dépasse la mémoire au-delà de 5 000 unités), écarts-types par bootstrap par grappes (50 tirages, grappe = unit)",event,0.0,5558.0,0.0,0.0,2003.0,2024.0,,,,,,,,,,,,
h2,H2,H2c,"log(naissances+0,5 / 1 000 f. 25-29)","unités avec covariables, bascule 4G ; fenêtre identifiée ≤ 2022, cohorte 2023 = contrôle",did2s,7,-0.1430844684780222,0.0585266050319563,-0.2577945064780573,-0.0283744304779871,0.0144941932140173,5558,122276,False," ; fenêtre 2003-2024 ; 5558 traitées, 0 jamais traitées sur la fenêtre ; covariables invariantes dans le temps absorbées par les effets fixes unité : log_pop, share_women_1549, level_pre, pretrend_pre ; comparaisons sur la fenêtre identifiée (années < 2023, cohorte 2023 recodée contrôle, 60 unités de contrôle) ; cellules −8 et +8 bornées ; did2s en deux étapes implémenté directement (pyfixest.did2s dépasse la mémoire au-delà de 5 000 unités), écarts-types par bootstrap par grappes (50 tirages, grappe = unit)",event,0.0,5558.0,0.0,0.0,2003.0,2024.0,,,,,,,,,,,,
h2,H2,H2c,"log(naissances+0,5 / 1 000 f. 25-29)","unités avec covariables, bascule 4G ; fenêtre identifiée ≤ 2022, cohorte 2023 = contrôle",did2s,8,-0.1894446053534677,0.0763574201242406,-0.3391023987493734,-0.039786811957562,0.0131005487336613,5558,122276,False," ; fenêtre 2003-2024 ; 5558 traitées, 0 jamais traitées sur la fenêtre ; covariables invariantes dans le temps absorbées par les effets fixes unité : log_pop, share_women_1549, level_pre, pretrend_pre ; comparaisons sur la fenêtre identifiée (années < 2023, cohorte 2023 recodée contrôle, 60 unités de contrôle) ; cellules −8 et +8 bornées ; did2s en deux étapes implémenté directement (pyfixest.did2s dépasse la mémoire au-delà de 5 000 unités), écarts-types par bootstrap par grappes (50 tirages, grappe = unit)",event,0.0,5558.0,0.0,0.0,2003.0,2024.0,,,,,,,,,,,,
h2,H2,H2c,"log(naissances+0,5 / 1 000 f. 25-29)","unités avec covariables, bascule 4G ; fenêtre identifiée ≤ 2022, cohorte 2023 = contrôle",did2s,"ATT[1,5]",-0.062218309487021,0.0267869842748494,-0.1147198339201668,-0.0097167850538753,0.0201949108154837,5558,122276,False," ; fenêtre 2003-2024 ; 5558 traitées, 0 jamais traitées sur la fenêtre ; covariables invariantes dans le temps absorbées par les effets fixes unité : log_pop, share_women_1549, level_pre, pretrend_pre ; comparaisons sur la fenêtre identifiée (années < 2023, cohorte 2023 recodée contrôle, 60 unités de contrôle) ; écart-type avec covariance complète (w'Vw)",post_avg,0.0,5558.0,0.0,0.0,2003.0,2024.0,,,,,,,,,,,,
h2,H2,H2c,"log(naissances+0,5 / 1 000 f. 25-29)","unités avec covariables, bascule 4G ; fenêtre identifiée ≤ 2022, cohorte 2023 = contrôle",did2s,Wald pré (-8..−2),17.72482311433079,,,,0.0132751945491696,5558,122276,False,"test de Wald joint, covariance groupée, df = 7 ; fenêtre 2003-2024 ; 5558 traitées, 0 jamais traitées sur la fenêtre",pre_test,0.0,5558.0,0.0,0.0,2003.0,2024.0,,,,,,,,,,,7.0,
h2,H2,H2c,"log(naissances+0,5 / 1 000 f. 25-29)","unités avec covariables, bascule 4G ; fenêtre identifiée ≤ 2022, cohorte 2023 = contrôle",twfe,-8,-0.0421381333058088,0.0216053036024368,-0.0844837502416385,0.0002074836300209,0.0511331521972622,5558,122276,False," ; fenêtre 2003-2024 ; 5558 traitées, 0 jamais traitées sur la fenêtre ; covariables invariantes dans le temps absorbées par les effets fixes unité : log_pop, share_women_1549, level_pre, pretrend_pre ; comparaisons sur la fenêtre identifiée (années < 2023, cohorte 2023 recodée contrôle, 60 unités de contrôle) ; cellules −8 et +8 bornées",event,0.0,5558.0,0.0,0.0,2003.0,2024.0,,,,,,,,,,,,
h2,H2,H2c,"log(naissances+0,5 / 1 000 f. 25-29)","unités avec covariables, bascule 4G ; fenêtre identifiée ≤ 2022, cohorte 2023 = contrôle",twfe,-7,-0.0401438646946588,0.0175498707866755,-0.0745409793698745,-0.005746750019443,0.0221715218411968,5558,122276,False," ; fenêtre 2003-2024 ; 5558 traitées, 0 jamais traitées sur la fenêtre ; covariables invariantes dans le temps absorbées par les effets fixes unité : log_pop, share_women_1549, level_pre, pretrend_pre ; comparaisons sur la fenêtre identifiée (années < 2023, cohorte 2023 recodée contrôle, 60 unités de contrôle) ; cellules −8 et +8 bornées",event,0.0,5558.0,0.0,0.0,2003.0,2024.0,,,,,,,,,,,,
h2,H2,H2c,"log(naissances+0,5 / 1 000 f. 25-29)","unités avec covariables, bascule 4G ; fenêtre identifiée ≤ 2022, cohorte 2023 = contrôle",twfe,-6,-0.0308961749257792,0.0151525965841367,-0.0605947185029519,-0.0011976313486066,0.0414498267236454,5558,122276,False," ; fenêtre 2003-2024 ; 5558 traitées, 0 jamais traitées sur la fenêtre ; covariables invariantes dans le temps absorbées par les effets fixes unité : log_pop, share_women_1549, level_pre, pretrend_pre ; comparaisons sur la fenêtre identifiée (années < 2023, cohorte 2023 recodée contrôle, 60 unités de contrôle) ; cellules −8 et +8 bornées",event,0.0,5558.0,0.0,0.0,2003.0,2024.0,,,,,,,,,,,,
h2,H2,H2c,"log(naissances+0,5 / 1 000 f. 25-29)","unités avec covariables, bascule 4G ; fenêtre identifiée ≤ 2022, cohorte 2023 = contrôle",twfe,-5,-0.034572969985522,0.0127565632952775,-0.0595753746107715,-0.0095705653602724,0.0067240547637183,5558,122276,False," ; fenêtre 2003-2024 ; 5558 traitées, 0 jamais traitées sur la fenêtre ; covariables invariantes dans le temps absorbées par les effets fixes unité : log_pop, share_women_1549, level_pre, pretrend_pre ; comparaisons sur la fenêtre identifiée (années < 2023, cohorte 2023 recodée contrôle, 60 unités de contrôle) ; cellules −8 et +8 bornées",event,0.0,5558.0,0.0,0.0,2003.0,2024.0,,,,,,,,,,,,
h2,H2,H2c,"log(naissances+0,5 / 1 000 f. 25-29)","unités avec covariables, bascule 4G ; fenêtre identifiée ≤ 2022, cohorte 2023 = contrôle",twfe,-4,-0.0287050645100267,0.0104304285119076,-0.0491483287366855,-0.008261800283368,0.0059223413292336,5558,122276,False," ; fenêtre 2003-2024 ; 5558 traitées, 0 jamais traitées sur la fenêtre ; covariables invariantes dans le temps absorbées par les effets fixes unité : log_pop, share_women_1549, level_pre, pretrend_pre ; comparaisons sur la fenêtre identifiée (années < 2023, cohorte 2023 recodée contrôle, 60 unités de contrôle) ; cellules −8 et +8 bornées",event,0.0,5558.0,0.0,0.0,2003.0,2024.0,,,,,,,,,,,,
h2,H2,H2c,"log(naissances+0,5 / 1 000 f. 25-29)","unités avec covariables, bascule 4G ; fenêtre identifiée ≤ 2022, cohorte 2023 = contrôle",twfe,-3,-0.0183507982377882,0.0080161841535343,-0.0340622304721561,-0.0026393660034202,0.0220666517250537,5558,122276,False," ; fenêtre 2003-2024 ; 5558 traitées, 0 jamais traitées sur la fenêtre ; covariables invariantes dans le temps absorbées par les effets fixes unité : log_pop, share_women_1549, level_pre, pretrend_pre ; comparaisons sur la fenêtre identifiée (années < 2023, cohorte 2023 recodée contrôle, 60 unités de contrôle) ; cellules −8 et +8 bornées",event,0.0,5558.0,0.0,0.0,2003.0,2024.0,,,,,,,,,,,,
h2,H2,H2c,"log(naissances+0,5 / 1 000 f. 25-29)","unités avec covariables, bascule 4G ; fenêtre identifiée ≤ 2022, cohorte 2023 = contrôle",twfe,-2,-0.0134048839592926,0.0058615279802135,-0.0248932676948849,-0.0019165002237002,0.0222001106562354,5558,122276,False," ; fenêtre 2003-2024 ; 5558 traitées, 0 jamais traitées sur la fenêtre ; covariables invariantes dans le temps absorbées par les effets fixes unité : log_pop, share_women_1549, level_pre, pretrend_pre ; comparaisons sur la fenêtre identifiée (années < 2023, cohorte 2023 recodée contrôle, 60 unités de contrôle) ; cellules −8 et +8 bornées",event,0.0,5558.0,0.0,0.0,2003.0,2024.0,,,,,,,,,,,,
h2,H2,H2c,"log(naissances+0,5 / 1 000 f. 25-29)","unités avec covariables, bascule 4G ; fenêtre identifiée ≤ 2022, cohorte 2023 = contrôle",twfe,0,0.0022941125231723,0.0058102229104926,-0.0090937151235426,0.0136819401698872,0.6929604506247733,5558,122276,False," ; fenêtre 2003-2024 ; 5558 traitées, 0 jamais traitées sur la fenêtre ; covariables invariantes dans le temps absorbées par les effets fixes unité : log_pop, share_women_1549, level_pre, pretrend_pre ; comparaisons sur la fenêtre identifiée (années < 2023, cohorte 2023 recodée contrôle, 60 unités de contrôle) ; cellules −8 et +8 bornées",event,0.0,5558.0,0.0,0.0,2003.0,2024.0,,,,,,,,,,,,
h2,H2,H2c,"log(naissances+0,5 / 1 000 f. 25-29)","unités avec covariables, bascule 4G ; fenêtre identifiée ≤ 2022, cohorte 2023 = contrôle",twfe,1,-0.0013110252393663,0.0079587532458685,-0.0169098949631099,0.0142878444843772,0.8691584990735961,5558,122276,False," ; fenêtre 2003-2024 ; 5558 traitées, 0 jamais traitées sur la fenêtre ; covariables invariantes dans le temps absorbées par les effets fixes unité : log_pop, share_women_1549, level_pre, pretrend_pre ; comparaisons sur la fenêtre identifiée (années < 2023, cohorte 2023 recodée contrôle, 60 unités de contrôle) ; cellules −8 et +8 bornées",event,0.0,5558.0,0.0,0.0,2003.0,2024.0,,,,,,,,,,,,
h2,H2,H2c,"log(naissances+0,5 / 1 000 f. 25-29)","unités avec covariables, bascule 4G ; fenêtre identifiée ≤ 2022, cohorte 2023 = contrôle",twfe,2,-0.008337308578151,0.0105188800994968,-0.02895393473086,0.0122793175745578,0.4280084591726198,5558,122276,False," ; fenêtre 2003-2024 ; 5558 traitées, 0 jamais traitées sur la fenêtre ; covariables invariantes dans le temps absorbées par les effets fixes unité : log_pop, share_women_1549, level_pre, pretrend_pre ; comparaisons sur la fenêtre identifiée (années < 2023, cohorte 2023 recodée contrôle, 60 unités de contrôle) ; cellules −8 et +8 bornées",event,0.0,5558.0,0.0,0.0,2003.0,2024.0,,,,,,,,,,,,
h2,H2,H2c,"log(naissances+0,5 / 1 000 f. 25-29)","unités avec covariables, bascule 4G ; fenêtre identifiée ≤ 2022, cohorte 2023 = contrôle",twfe,3,-0.0031225973616381,0.0132347731666975,-0.0290622761119225,0.0228170813886462,0.8134801094143693,5558,122276,False," ; fenêtre 2003-2024 ; 5558 traitées, 0 jamais traitées sur la fenêtre ; covariables invariantes dans le temps absorbées par les effets fixes unité : log_pop, share_women_1549, level_pre, pretrend_pre ; comparaisons sur la fenêtre identifiée (années < 2023, cohorte 2023 recodée contrôle, 60 unités de contrôle) ; cellules −8 et +8 bornées",event,0.0,5558.0,0.0,0.0,2003.0,2024.0,,,,,,,,,,,,
h2,H2,H2c,"log(naissances+0,5 / 1 000 f. 25-29)","unités avec covariables, bascule 4G ; fenêtre identifiée ≤ 2022, cohorte 2023 = contrôle",twfe,4,-0.0305557457350324,0.0160592149685071,-0.0620312286932929,0.0009197372232281,0.0570806985678946,5558,122276,False," ; fenêtre 2003-2024 ; 5558 traitées, 0 jamais traitées sur la fenêtre ; covariables invariantes dans le temps absorbées par les effets fixes unité : log_pop, share_women_1549, level_pre, pretrend_pre ; comparaisons sur la fenêtre identifiée (années < 2023, cohorte 2023 recodée contrôle, 60 unités de contrôle) ; cellules −8 et +8 bornées",event,0.0,5558.0,0.0,0.0,2003.0,2024.0,,,,,,,,,,,,
h2,H2,H2c,"log(naissances+0,5 / 1 000 f. 25-29)","unités avec covariables, bascule 4G ; fenêtre identifiée ≤ 2022, cohorte 2023 = contrôle",twfe,5,-0.039037090496777,0.0186039686854308,-0.0755001990897326,-0.0025739819038215,0.0358768350985786,5558,122276,False," ; fenêtre 2003-2024 ; 5558 traitées, 0 jamais traitées sur la fenêtre ; covariables invariantes dans le temps absorbées par les effets fixes unité : log_pop, share_women_1549, level_pre, pretrend_pre ; comparaisons sur la fenêtre identifiée (années < 2023, cohorte 2023 recodée contrôle, 60 unités de contrôle) ; cellules −8 et +8 bornées",event,0.0,5558.0,0.0,0.0,2003.0,2024.0,,,,,,,,,,,,
h2,H2,H2c,"log(naissances+0,5 / 1 000 f. 25-29)","unités avec covariables, bascule 4G ; fenêtre identifiée ≤ 2022, cohorte 2023 = contrôle",twfe,6,-0.049789596895879,0.0208966108408279,-0.090746201542851,-0.0088329922489069,0.0171878864034229,5558,122276,False," ; fenêtre 2003-2024 ; 5558 traitées, 0 jamais traitées sur la fenêtre ; covariables invariantes dans le temps absorbées par les effets fixes unité : log_pop, share_women_1549, level_pre, pretrend_pre ; comparaisons sur la fenêtre identifiée (années < 2023, cohorte 2023 recodée contrôle, 60 unités de contrôle) ; cellules −8 et +8 bornées",event,0.0,5558.0,0.0,0.0,2003.0,2024.0,,,,,,,,,,,,
h2,H2,H2c,"log(naissances+0,5 / 1 000 f. 25-29)","unités avec covariables, bascule 4G ; fenêtre identifiée ≤ 2022, cohorte 2023 = contrôle",twfe,7,-0.0646481528277466,0.02379497813799,-0.111285452991125,-0.0180108526643681,0.0065900056027468,5558,122276,False," ; fenêtre 2003-2024 ; 5558 traitées, 0 jamais traitées sur la fenêtre ; covariables invariantes dans le temps absorbées par les effets fixes unité : log_pop, share_women_1549, level_pre, pretrend_pre ; comparaisons sur la fenêtre identifiée (années < 2023, cohorte 2023 recodée contrôle, 60 unités de contrôle) ; cellules −8 et +8 bornées",event,0.0,5558.0,0.0,0.0,2003.0,2024.0,,,,,,,,,,,,
h2,H2,H2c,"log(naissances+0,5 / 1 000 f. 25-29)","unités avec covariables, bascule 4G ; fenêtre identifiée ≤ 2022, cohorte 2023 = contrôle",twfe,8,-0.0989111429013176,0.0261212270228004,-0.150107807098001,-0.0477144787046343,0.0001527107818838,5558,122276,False," ; fenêtre 2003-2024 ; 5558 traitées, 0 jamais traitées sur la fenêtre ; covariables invariantes dans le temps absorbées par les effets fixes unité : log_pop, share_women_1549, level_pre, pretrend_pre ; comparaisons sur la fenêtre identifiée (années < 2023, cohorte 2023 recodée contrôle, 60 unités de contrôle) ; cellules −8 et +8 bornées",event,0.0,5558.0,0.0,0.0,2003.0,2024.0,,,,,,,,,,,,
h2,H2,H2c,"log(naissances+0,5 / 1 000 f. 25-29)","unités avec covariables, bascule 4G ; fenêtre identifiée ≤ 2022, cohorte 2023 = contrôle",twfe,"ATT[1,5]",-0.016472753482193,0.0126380504686231,-0.0412428772354939,0.0082973702711079,0.1924296372172147,5558,122276,False," ; fenêtre 2003-2024 ; 5558 traitées, 0 jamais traitées sur la fenêtre ; covariables invariantes dans le temps absorbées par les effets fixes unité : log_pop, share_women_1549, level_pre, pretrend_pre ; comparaisons sur la fenêtre identifiée (années < 2023, cohorte 2023 recodée contrôle, 60 unités de contrôle) ; écart-type avec covariance complète (w'Vw)",post_avg,0.0,5558.0,0.0,0.0,2003.0,2024.0,,,,,,,,,,,,
h2,H2,H2c,"log(naissances+0,5 / 1 000 f. 25-29)","unités avec covariables, bascule 4G ; fenêtre identifiée ≤ 2022, cohorte 2023 = contrôle",twfe,Wald pré (-8..−2),11.202084427961289,,,,0.1300438820441494,5558,122276,False,"test de Wald joint, covariance groupée, df = 7 ; fenêtre 2003-2024 ; 5558 traitées, 0 jamais traitées sur la fenêtre",pre_test,0.0,5558.0,0.0,0.0,2003.0,2024.0,,,,,,,,,,,7.0,
h2,H2,H2c,"log(naissances+0,5 / 1 000 f. 25-29)","unités avec covariables, bascule 4G ; fenêtre identifiée ≤ 2022, cohorte 2023 = contrôle",twfe,ATT,0.0087803882815647,0.0065289441558246,-0.0040161071209247,0.0215768836840542,0.1786767601889595,5558,122276,False," ; fenêtre 2003-2024 ; 5558 traitées, 0 jamais traitées sur la fenêtre ; covariables invariantes dans le temps absorbées par les effets fixes unité : log_pop, share_women_1549, level_pre, pretrend_pre ; comparaisons sur la fenêtre identifiée (années < 2023, cohorte 2023 recodée contrôle, 60 unités de contrôle)",static,0.0,5558.0,0.0,0.0,2003.0,2024.0,,,,,,,,,,,,
h2,H2,H2c,"log(naissances+0,5 / 1 000 f. 25-29)","unités avec covariables, bascule 4G ; fenêtre complète",twfe,ATT,0.0132010302885546,0.0061732485122029,0.0011016855370214,0.0253003750400878,0.0324822476464088,5558,122276,True," ; fenêtre 2003-2024 ; 5558 traitées, 0 jamais traitées sur la fenêtre ; covariables invariantes dans le temps absorbées par les effets fixes unité : log_pop, share_women_1549, level_pre, pretrend_pre ; TWFE sur toutes les années (identification par le calendrier des bascules seulement)",static,0.0,5558.0,0.0,0.0,2003.0,2024.0,,,,,,,,,,,,
h2,H2,H2c,"log(naissances+0,5 / 1 000 f. 25-29)","unités avec covariables, bascule 4G ; fenêtre identifiée ≤ 2022, cohorte 2023 = contrôle",twfe_poisson,ATT (log du taux contrefactuel),0.0348680998470254,0.0054116275689211,0.024261504714196,0.0454746949798549,1.1699446995062979e-10,5558,122276,False," ; fenêtre 2003-2024 ; 5558 traitées, 0 jamais traitées sur la fenêtre ; covariables invariantes dans le temps absorbées par les effets fixes unité : log_pop, share_women_1549, level_pre, pretrend_pre ; comparaisons sur la fenêtre identifiée (années < 2023, cohorte 2023 recodée contrôle, 60 unités de contrôle) ; Poisson à effets fixes, offset = log(women)",static,0.0,5558.0,0.0,0.0,2003.0,2024.0,,,,,,,,,,,,
h2,H2,H2c,"log(naissances+0,5 / 1 000 f. 25-29)","unités avec covariables, bascule 4G ; fenêtre identifiée ≤ 2022, cohorte 2023 = contrôle",twfe_poisson,ATT en % du taux contrefactuel,3.548311940988791,0.5603648996150985,2.455820957769128,4.65245220423236,1.1699446995062979e-10,5558,122276,False," ; fenêtre 2003-2024 ; 5558 traitées, 0 jamais traitées sur la fenêtre ; covariables invariantes dans le temps absorbées par les effets fixes unité : log_pop, share_women_1549, level_pre, pretrend_pre ; comparaisons sur la fenêtre identifiée (années < 2023, cohorte 2023 recodée contrôle, 60 unités de contrôle) ; Poisson à effets fixes, offset = log(women)",static,0.0,5558.0,0.0,0.0,2003.0,2024.0,,,,,,,,,,,,
h2,H2,H2c,"log(naissances+0,5 / 1 000 f. 30-34)","unités avec covariables, bascule 4G",cs,-8,0.0797065557046123,0.0551763576347343,-0.0284371180575685,0.1878502294667932,0.148576438933426,5558,122276,False," ; covariables : log_pop, share_women_1549, level_pre, pretrend_pre (doublement robuste) ; contrôle = not_yet_treated ; fenêtre 2003-2024 ; 5558 traitées, 0 jamais traitées sur la fenêtre ; ATT(g,t) identifiés jusqu'en 2022 (sans unité jamais traitée, la dernière cohorte sert de contrôle)",event,0.0,5558.0,0.0,0.0,2003.0,2024.0,2003.0,2022.0,5558.0,5.0,dr,9.0,5498.0,,,,,
h2,H2,H2c,"log(naissances+0,5 / 1 000 f. 30-34)","unités avec covariables, bascule 4G",cs,-7,0.0537982155872238,0.0255732186061743,0.0036756281503525,0.1039208030240951,0.0354051855798646,5558,122276,False," ; covariables : log_pop, share_women_1549, level_pre, pretrend_pre (doublement robuste) ; contrôle = not_yet_treated ; fenêtre 2003-2024 ; 5558 traitées, 0 jamais traitées sur la fenêtre ; ATT(g,t) identifiés jusqu'en 2022 (sans unité jamais traitée, la dernière cohorte sert de contrôle)",event,0.0,5558.0,0.0,0.0,2003.0,2024.0,2003.0,2022.0,5558.0,5.0,dr,9.0,5498.0,,,,,
h2,H2,H2c,"log(naissances+0,5 / 1 000 f. 30-34)","unités avec covariables, bascule 4G",cs,-6,0.0568567127915638,0.0430314489831551,-0.0274833774179929,0.1411968030011206,0.1864070915561637,5558,122276,False," ; covariables : log_pop, share_women_1549, level_pre, pretrend_pre (doublement robuste) ; contrôle = not_yet_treated ; fenêtre 2003-2024 ; 5558 traitées, 0 jamais traitées sur la fenêtre ; ATT(g,t) identifiés jusqu'en 2022 (sans unité jamais traitée, la dernière cohorte sert de contrôle)",event,0.0,5558.0,0.0,0.0,2003.0,2024.0,2003.0,2022.0,5558.0,5.0,dr,9.0,5498.0,,,,,
h2,H2,H2c,"log(naissances+0,5 / 1 000 f. 30-34)","unités avec covariables, bascule 4G",cs,-5,0.0254001982915557,0.0181424215951046,-0.010158294627191,0.0609586912103025,0.1614999812440687,5558,122276,False," ; covariables : log_pop, share_women_1549, level_pre, pretrend_pre (doublement robuste) ; contrôle = not_yet_treated ; fenêtre 2003-2024 ; 5558 traitées, 0 jamais traitées sur la fenêtre ; ATT(g,t) identifiés jusqu'en 2022 (sans unité jamais traitée, la dernière cohorte sert de contrôle)",event,0.0,5558.0,0.0,0.0,2003.0,2024.0,2003.0,2022.0,5558.0,5.0,dr,9.0,5498.0,,,,,
h2,H2,H2c,"log(naissances+0,5 / 1 000 f. 30-34)","unités avec covariables, bascule 4G",cs,-4,0.0332739381087383,0.0197715965274808,-0.0054776790019813,0.072025555219458,0.0923913344947704,5558,122276,False," ; covariables : log_pop, share_women_1549, level_pre, pretrend_pre (doublement robuste) ; contrôle = not_yet_treated ; fenêtre 2003-2024 ; 5558 traitées, 0 jamais traitées sur la fenêtre ; ATT(g,t) identifiés jusqu'en 2022 (sans unité jamais traitée, la dernière cohorte sert de contrôle)",event,0.0,5558.0,0.0,0.0,2003.0,2024.0,2003.0,2022.0,5558.0,5.0,dr,9.0,5498.0,,,,,
h2,H2,H2c,"log(naissances+0,5 / 1 000 f. 30-34)","unités avec covariables, bascule 4G",cs,-3,-0.0146083711902335,0.0214565334833656,-0.0566624040507079,0.0274456616702408,0.4959755405912063,5558,122276,False," ; covariables : log_pop, share_women_1549, level_pre, pretrend_pre (doublement robuste) ; contrôle = not_yet_treated ; fenêtre 2003-2024 ; 5558 traitées, 0 jamais traitées sur la fenêtre ; ATT(g,t) identifiés jusqu'en 2022 (sans unité jamais traitée, la dernière cohorte sert de contrôle)",event,0.0,5558.0,0.0,0.0,2003.0,2024.0,2003.0,2022.0,5558.0,5.0,dr,9.0,5498.0,,,,,
h2,H2,H2c,"log(naissances+0,5 / 1 000 f. 30-34)","unités avec covariables, bascule 4G",cs,-2,-0.0134114885274657,0.0193365805122941,-0.0513104899157213,0.0244875128607898,0.4879448931494959,5558,122276,False," ; covariables : log_pop, share_women_1549, level_pre, pretrend_pre (doublement robuste) ; contrôle = not_yet_treated ; fenêtre 2003-2024 ; 5558 traitées, 0 jamais traitées sur la fenêtre ; ATT(g,t) identifiés jusqu'en 2022 (sans unité jamais traitée, la dernière cohorte sert de contrôle)",event,0.0,5558.0,0.0,0.0,2003.0,2024.0,2003.0,2022.0,5558.0,5.0,dr,9.0,5498.0,,,,,
h2,H2,H2c,"log(naissances+0,5 / 1 000 f. 30-34)","unités avec covariables, bascule 4G",cs,0,-0.0117107659312084,0.0120751209615523,-0.0353775681248157,0.0119560362623988,0.3321332443124707,5558,122276,False," ; covariables : log_pop, share_women_1549, level_pre, pretrend_pre (doublement robuste) ; contrôle = not_yet_treated ; fenêtre 2003-2024 ; 5558 traitées, 0 jamais traitées sur la fenêtre ; ATT(g,t) identifiés jusqu'en 2022 (sans unité jamais traitée, la dernière cohorte sert de contrôle)",event,0.0,5558.0,0.0,0.0,2003.0,2024.0,2003.0,2022.0,5558.0,5.0,dr,9.0,5498.0,,,,,
h2,H2,H2c,"log(naissances+0,5 / 1 000 f. 30-34)","unités avec covariables, bascule 4G",cs,1,0.0390530984548151,0.0581220432494487,-0.0748640130219837,0.152970209931614,0.5016375282885523,5558,122276,False," ; covariables : log_pop, share_women_1549, level_pre, pretrend_pre (doublement robuste) ; contrôle = not_yet_treated ; fenêtre 2003-2024 ; 5558 traitées, 0 jamais traitées sur la fenêtre ; ATT(g,t) identifiés jusqu'en 2022 (sans unité jamais traitée, la dernière cohorte sert de contrôle)",event,0.0,5558.0,0.0,0.0,2003.0,2024.0,2003.0,2022.0,5558.0,5.0,dr,8.0,5438.0,,,,,
h2,H2,H2c,"log(naissances+0,5 / 1 000 f. 30-34)","unités avec covariables, bascule 4G",cs,2,0.0468131975764634,0.0411505092457539,-0.0338403184906968,0.1274667136436237,0.2552837066147567,5558,122276,False," ; covariables : log_pop, share_women_1549, level_pre, pretrend_pre (doublement robuste) ; contrôle = not_yet_treated ; fenêtre 2003-2024 ; 5558 traitées, 0 jamais traitées sur la fenêtre ; ATT(g,t) identifiés jusqu'en 2022 (sans unité jamais traitée, la dernière cohorte sert de contrôle)",event,0.0,5558.0,0.0,0.0,2003.0,2024.0,2003.0,2022.0,5558.0,5.0,dr,7.0,5268.0,,,,,
h2,H2,H2c,"log(naissances+0,5 / 1 000 f. 30-34)","unités avec covariables, bascule 4G",cs,3,-0.0105906048120527,0.0315653151082126,-0.0724574855848076,0.0512762759607021,0.7372373933368679,5558,122276,False," ; covariables : log_pop, share_women_1549, level_pre, pretrend_pre (doublement robuste) ; contrôle = not_yet_treated ; fenêtre 2003-2024 ; 5558 traitées, 0 jamais traitées sur la fenêtre ; ATT(g,t) identifiés jusqu'en 2022 (sans unité jamais traitée, la dernière cohorte sert de contrôle)",event,0.0,5558.0,0.0,0.0,2003.0,2024.0,2003.0,2022.0,5558.0,5.0,dr,6.0,4844.0,,,,,
h2,H2,H2c,"log(naissances+0,5 / 1 000 f. 30-34)","unités avec covariables, bascule 4G",cs,4,-0.0701858953216179,0.0359141317286197,-0.1405763000457398,0.0002045094025039,0.0506693437724454,5558,122276,False," ; covariables : log_pop, share_women_1549, level_pre, pretrend_pre (doublement robuste) ; contrôle = not_yet_treated ; fenêtre 2003-2024 ; 5558 traitées, 0 jamais traitées sur la fenêtre ; ATT(g,t) identifiés jusqu'en 2022 (sans unité jamais traitée, la dernière cohorte sert de contrôle)",event,0.0,5558.0,0.0,0.0,2003.0,2024.0,2003.0,2022.0,5558.0,5.0,dr,5.0,4445.0,,,,,
h2,H2,H2c,"log(naissances+0,5 / 1 000 f. 30-34)","unités avec covariables, bascule 4G",cs,5,-0.1533731295152286,0.0764029598541833,-0.3031201791416875,-0.0036260798887697,0.0447045434994516,5558,122276,False," ; covariables : log_pop, share_women_1549, level_pre, pretrend_pre (doublement robuste) ; contrôle = not_yet_treated ; fenêtre 2003-2024 ; 5558 traitées, 0 jamais traitées sur la fenêtre ; ATT(g,t) identifiés jusqu'en 2022 (sans unité jamais traitée, la dernière cohorte sert de contrôle)",event,0.0,5558.0,0.0,0.0,2003.0,2024.0,2003.0,2022.0,5558.0,5.0,dr,4.0,3767.0,,,,,
h2,H2,H2c,"log(naissances+0,5 / 1 000 f. 30-34)","unités avec covariables, bascule 4G",cs,6,-0.1469738501412075,0.1384231953887031,-0.4182783277280165,0.1243306274456015,0.2883392790369176,5558,122276,False," ; covariables : log_pop, share_women_1549, level_pre, pretrend_pre (doublement robuste) ; contrôle = not_yet_treated ; fenêtre 2003-2024 ; 5558 traitées, 0 jamais traitées sur la fenêtre ; ATT(g,t) identifiés jusqu'en 2022 (sans unité jamais traitée, la dernière cohorte sert de contrôle)",event,0.0,5558.0,0.0,0.0,2003.0,2024.0,2003.0,2022.0,5558.0,5.0,dr,3.0,1032.0,,,,,
h2,H2,H2c,"log(naissances+0,5 / 1 000 f. 30-34)","unités avec covariables, bascule 4G",cs,7,-0.2532155435868259,0.2933418928111694,-0.8281550886535269,0.321724001479875,0.3880222258768061,5558,122276,False," ; covariables : log_pop, share_women_1549, level_pre, pretrend_pre (doublement robuste) ; contrôle = not_yet_treated ; fenêtre 2003-2024 ; 5558 traitées, 0 jamais traitées sur la fenêtre ; ATT(g,t) identifiés jusqu'en 2022 (sans unité jamais traitée, la dernière cohorte sert de contrôle)",event,0.0,5558.0,0.0,0.0,2003.0,2024.0,2003.0,2022.0,5558.0,5.0,dr,2.0,481.0,,,,,
h2,H2,H2c,"log(naissances+0,5 / 1 000 f. 30-34)","unités avec covariables, bascule 4G",cs,8,0.0610375928206243,0.3488074806468818,-0.6226125067854158,0.7446876924266645,0.8610880052997449,5558,122276,False," ; covariables : log_pop, share_women_1549, level_pre, pretrend_pre (doublement robuste) ; contrôle = not_yet_treated ; fenêtre 2003-2024 ; 5558 traitées, 0 jamais traitées sur la fenêtre ; ATT(g,t) identifiés jusqu'en 2022 (sans unité jamais traitée, la dernière cohorte sert de contrôle)",event,0.0,5558.0,0.0,0.0,2003.0,2024.0,2003.0,2022.0,5558.0,5.0,dr,1.0,187.0,,,,,
h2,H2,H2c,"log(naissances+0,5 / 1 000 f. 30-34)","unités avec covariables, bascule 4G",cs,"ATT[1,5]",-0.0296566667235241,0.0323304845711138,-0.0930232520856351,0.0337099186385867,0.3589868634309781,5558,122276,False," ; covariables : log_pop, share_women_1549, level_pre, pretrend_pre (doublement robuste) ; contrôle = not_yet_treated ; fenêtre 2003-2024 ; 5558 traitées, 0 jamais traitées sur la fenêtre ; ATT(g,t) identifiés jusqu'en 2022 (sans unité jamais traitée, la dernière cohorte sert de contrôle) ; écart-type avec covariance complète des coefficients (fonctions d'influence)",post_avg,0.0,5558.0,0.0,0.0,2003.0,2024.0,2003.0,2022.0,5558.0,5.0,dr,,,,,5.0,,
h2,H2,H2c,"log(naissances+0,5 / 1 000 f. 30-34)","unités avec covariables, bascule 4G",cs,ATT,-0.0261142296547566,0.0282696741150942,-0.0815217727750255,0.0292933134655122,0.3556143158103082,5558,122276,False," ; covariables : log_pop, share_women_1549, level_pre, pretrend_pre (doublement robuste) ; contrôle = not_yet_treated ; fenêtre 2003-2024 ; 5558 traitées, 0 jamais traitées sur la fenêtre ; ATT(g,t) identifiés jusqu'en 2022 (sans unité jamais traitée, la dernière cohorte sert de contrôle) ; moyenne de tous les ATT(g,t) post",simple,0.0,5558.0,0.0,0.0,2003.0,2024.0,2003.0,2022.0,5558.0,5.0,dr,,,,,,,
h2,H2,H2c,"log(naissances+0,5 / 1 000 f. 30-34)","unités avec covariables, bascule 4G",cs,Wald pré (-8..-2),6.804429355279339,,,,0.4495228938080193,5558,122276,False,"H5c : test de Wald joint de nullité des coefficients pré avec covariance des fonctions d'influence, df = 7 ; fenêtre 2003-2024 ; 5558 traitées, 0 jamais traitées sur la fenêtre",pre_test,0.0,5558.0,0.0,0.0,2003.0,2024.0,2003.0,2022.0,5558.0,5.0,dr,,,,,,7.0,
h2,H2,H2c,"log(naissances+0,5 / 1 000 f. 30-34)","unités avec covariables, bascule 4G ; fenêtre identifiée ≤ 2022, cohorte 2023 = contrôle",sunab,-8,0.1058693686004327,0.0606627617422862,-0.0130274596171826,0.2247661968180481,0.080948005142821,5558,122276,False," ; fenêtre 2003-2024 ; 5558 traitées, 0 jamais traitées sur la fenêtre ; covariables invariantes dans le temps absorbées par les effets fixes unité : log_pop, share_women_1549, level_pre, pretrend_pre ; comparaisons sur la fenêtre identifiée (années < 2023, cohorte 2023 recodée contrôle, 60 unités de contrôle) ; cellules −8 et +8 bornées",event,0.0,5558.0,0.0,0.0,2003.0,2024.0,,,,,,,,,,,,
h2,H2,H2c,"log(naissances+0,5 / 1 000 f. 30-34)","unités avec covariables, bascule 4G ; fenêtre identifiée ≤ 2022, cohorte 2023 = contrôle",sunab,-7,0.1149182591494479,0.0590087354380323,-0.0007367370823477,0.2305732553812436,0.0514773632879683,5558,122276,False," ; fenêtre 2003-2024 ; 5558 traitées, 0 jamais traitées sur la fenêtre ; covariables invariantes dans le temps absorbées par les effets fixes unité : log_pop, share_women_1549, level_pre, pretrend_pre ; comparaisons sur la fenêtre identifiée (années < 2023, cohorte 2023 recodée contrôle, 60 unités de contrôle) ; cellules −8 et +8 bornées",event,0.0,5558.0,0.0,0.0,2003.0,2024.0,,,,,,,,,,,,
h2,H2,H2c,"log(naissances+0,5 / 1 000 f. 30-34)","unités avec covariables, bascule 4G ; fenêtre identifiée ≤ 2022, cohorte 2023 = contrôle",sunab,-6,0.0973276270263052,0.0564533029929555,-0.0133188136482148,0.2079740677008254,0.0847010235506448,5558,122276,False," ; fenêtre 2003-2024 ; 5558 traitées, 0 jamais traitées sur la fenêtre ; covariables invariantes dans le temps absorbées par les effets fixes unité : log_pop, share_women_1549, level_pre, pretrend_pre ; comparaisons sur la fenêtre identifiée (années < 2023, cohorte 2023 recodée contrôle, 60 unités de contrôle) ; cellules −8 et +8 bornées",event,0.0,5558.0,0.0,0.0,2003.0,2024.0,,,,,,,,,,,,
h2,H2,H2c,"log(naissances+0,5 / 1 000 f. 30-34)","unités avec covariables, bascule 4G ; fenêtre identifiée ≤ 2022, cohorte 2023 = contrôle",sunab,-5,0.1099652506684441,0.0521512361032167,0.0077507061568943,0.212179795179994,0.034980523964562,5558,122276,False," ; fenêtre 2003-2024 ; 5558 traitées, 0 jamais traitées sur la fenêtre ; covariables invariantes dans le temps absorbées par les effets fixes unité : log_pop, share_women_1549, level_pre, pretrend_pre ; comparaisons sur la fenêtre identifiée (années < 2023, cohorte 2023 recodée contrôle, 60 unités de contrôle) ; cellules −8 et +8 bornées",event,0.0,5558.0,0.0,0.0,2003.0,2024.0,,,,,,,,,,,,
h2,H2,H2c,"log(naissances+0,5 / 1 000 f. 30-34)","unités avec covariables, bascule 4G ; fenêtre identifiée ≤ 2022, cohorte 2023 = contrôle",sunab,-4,0.0819852394454104,0.0465263408279559,-0.0092047129098186,0.1731751918006395,0.0780481398802713,5558,122276,False," ; fenêtre 2003-2024 ; 5558 traitées, 0 jamais traitées sur la fenêtre ; covariables invariantes dans le temps absorbées par les effets fixes unité : log_pop, share_women_1549, level_pre, pretrend_pre ; comparaisons sur la fenêtre identifiée (années < 2023, cohorte 2023 recodée contrôle, 60 unités de contrôle) ; cellules −8 et +8 bornées",event,0.0,5558.0,0.0,0.0,2003.0,2024.0,,,,,,,,,,,,
h2,H2,H2c,"log(naissances+0,5 / 1 000 f. 30-34)","unités avec covariables, bascule 4G ; fenêtre identifiée ≤ 2022, cohorte 2023 = contrôle",sunab,-3,0.0228826723249006,0.0420096338841599,-0.0594546970917663,0.1052200417415677,0.5859594596114038,5558,122276,False," ; fenêtre 2003-2024 ; 5558 traitées, 0 jamais traitées sur la fenêtre ; covariables invariantes dans le temps absorbées par les effets fixes unité : log_pop, share_women_1549, level_pre, pretrend_pre ; comparaisons sur la fenêtre identifiée (années < 2023, cohorte 2023 recodée contrôle, 60 unités de contrôle) ; cellules −8 et +8 bornées",event,0.0,5558.0,0.0,0.0,2003.0,2024.0,,,,,,,,,,,,
h2,H2,H2c,"log(naissances+0,5 / 1 000 f. 30-34)","unités avec covariables, bascule 4G ; fenêtre identifiée ≤ 2022, cohorte 2023 = contrôle",sunab,-2,-0.0375292749598307,0.0315586643731966,-0.0993831205314834,0.0243245706118219,0.234364573686343,5558,122276,False," ; fenêtre 2003-2024 ; 5558 traitées, 0 jamais traitées sur la fenêtre ; covariables invariantes dans le temps absorbées par les effets fixes unité : log_pop, share_women_1549, level_pre, pretrend_pre ; comparaisons sur la fenêtre identifiée (années < 2023, cohorte 2023 recodée contrôle, 60 unités de contrôle) ; cellules −8 et +8 bornées",event,0.0,5558.0,0.0,0.0,2003.0,2024.0,,,,,,,,,,,,
h2,H2,H2c,"log(naissances+0,5 / 1 000 f. 30-34)","unités avec covariables, bascule 4G ; fenêtre identifiée ≤ 2022, cohorte 2023 = contrôle",sunab,0,-0.0423028999569128,0.0334148525678605,-0.1077948075386351,0.0231890076248095,0.2055163329472277,5558,122276,False," ; fenêtre 2003-2024 ; 5558 traitées, 0 jamais traitées sur la fenêtre ; covariables invariantes dans le temps absorbées par les effets fixes unité : log_pop, share_women_1549, level_pre, pretrend_pre ; comparaisons sur la fenêtre identifiée (années < 2023, cohorte 2023 recodée contrôle, 60 unités de contrôle) ; cellules −8 et +8 bornées",event,0.0,5558.0,0.0,0.0,2003.0,2024.0,,,,,,,,,,,,
h2,H2,H2c,"log(naissances+0,5 / 1 000 f. 30-34)","unités avec covariables, bascule 4G ; fenêtre identifiée ≤ 2022, cohorte 2023 = contrôle",sunab,1,-0.0565527545320588,0.0403310684184697,-0.1356001960902803,0.0224946870261625,0.1608516056728127,5558,122276,False," ; fenêtre 2003-2024 ; 5558 traitées, 0 jamais traitées sur la fenêtre ; covariables invariantes dans le temps absorbées par les effets fixes unité : log_pop, share_women_1549, level_pre, pretrend_pre ; comparaisons sur la fenêtre identifiée (années < 2023, cohorte 2023 recodée contrôle, 60 unités de contrôle) ; cellules −8 et +8 bornées",event,0.0,5558.0,0.0,0.0,2003.0,2024.0,,,,,,,,,,,,
h2,H2,H2c,"log(naissances+0,5 / 1 000 f. 30-34)","unités avec covariables, bascule 4G ; fenêtre identifiée ≤ 2022, cohorte 2023 = contrôle",sunab,2,-0.0976160204666647,0.0449894057458512,-0.1857936354143926,-0.0094384055189369,0.0300253564425402,5558,122276,False," ; fenêtre 2003-2024 ; 5558 traitées, 0 jamais traitées sur la fenêtre ; covariables invariantes dans le temps absorbées par les effets fixes unité : log_pop, share_women_1549, level_pre, pretrend_pre ; comparaisons sur la fenêtre identifiée (années < 2023, cohorte 2023 recodée contrôle, 60 unités de contrôle) ; cellules −8 et +8 bornées",event,0.0,5558.0,0.0,0.0,2003.0,2024.0,,,,,,,,,,,,
h2,H2,H2c,"log(naissances+0,5 / 1 000 f. 30-34)","unités avec covariables, bascule 4G ; fenêtre identifiée ≤ 2022, cohorte 2023 = contrôle",sunab,3,-0.0971854388842821,0.0659110899288002,-0.2263688013265113,0.031997923557947,0.1403489085525257,5558,122276,False," ; fenêtre 2003-2024 ; 5558 traitées, 0 jamais traitées sur la fenêtre ; covariables invariantes dans le temps absorbées par les effets fixes unité : log_pop, share_women_1549, level_pre, pretrend_pre ; comparaisons sur la fenêtre identifiée (années < 2023, cohorte 2023 recodée contrôle, 60 unités de contrôle) ; cellules −8 et +8 bornées",event,0.0,5558.0,0.0,0.0,2003.0,2024.0,,,,,,,,,,,,
h2,H2,H2c,"log(naissances+0,5 / 1 000 f. 30-34)","unités avec covariables, bascule 4G ; fenêtre identifiée ≤ 2022, cohorte 2023 = contrôle",sunab,4,-0.1873360326007697,0.0557279289208575,-0.2965607662186587,-0.0781112989828808,0.0007748712136051,5558,122276,False," ; fenêtre 2003-2024 ; 5558 traitées, 0 jamais traitées sur la fenêtre ; covariables invariantes dans le temps absorbées par les effets fixes unité : log_pop, share_women_1549, level_pre, pretrend_pre ; comparaisons sur la fenêtre identifiée (années < 2023, cohorte 2023 recodée contrôle, 60 unités de contrôle) ; cellules −8 et +8 bornées",event,0.0,5558.0,0.0,0.0,2003.0,2024.0,,,,,,,,,,,,
h2,H2,H2c,"log(naissances+0,5 / 1 000 f. 30-34)","unités avec covariables, bascule 4G ; fenêtre identifiée ≤ 2022, cohorte 2023 = contrôle",sunab,5,-0.2363565051171115,0.0565942613189503,-0.3472792190339025,-0.1254337912003206,2.962454995032548e-05,5558,122276,False," ; fenêtre 2003-2024 ; 5558 traitées, 0 jamais traitées sur la fenêtre ; covariables invariantes dans le temps absorbées par les effets fixes unité : log_pop, share_women_1549, level_pre, pretrend_pre ; comparaisons sur la fenêtre identifiée (années < 2023, cohorte 2023 recodée contrôle, 60 unités de contrôle) ; cellules −8 et +8 bornées",event,0.0,5558.0,0.0,0.0,2003.0,2024.0,,,,,,,,,,,,
h2,H2,H2c,"log(naissances+0,5 / 1 000 f. 30-34)","unités avec covariables, bascule 4G ; fenêtre identifiée ≤ 2022, cohorte 2023 = contrôle",sunab,6,-0.2442223657787754,0.0556992710441232,-0.3533909309903917,-0.1350538005671591,1.161670738142037e-05,5558,122276,False," ; fenêtre 2003-2024 ; 5558 traitées, 0 jamais traitées sur la fenêtre ; covariables invariantes dans le temps absorbées par les effets fixes unité : log_pop, share_women_1549, level_pre, pretrend_pre ; comparaisons sur la fenêtre identifiée (années < 2023, cohorte 2023 recodée contrôle, 60 unités de contrôle) ; cellules −8 et +8 bornées",event,0.0,5558.0,0.0,0.0,2003.0,2024.0,,,,,,,,,,,,
h2,H2,H2c,"log(naissances+0,5 / 1 000 f. 30-34)","unités avec covariables, bascule 4G ; fenêtre identifiée ≤ 2022, cohorte 2023 = contrôle",sunab,7,-0.3570134804070607,0.0649778472737544,-0.4843677208565635,-0.2296592399575579,3.920684688769952e-08,5558,122276,False," ; fenêtre 2003-2024 ; 5558 traitées, 0 jamais traitées sur la fenêtre ; covariables invariantes dans le temps absorbées par les effets fixes unité : log_pop, share_women_1549, level_pre, pretrend_pre ; comparaisons sur la fenêtre identifiée (années < 2023, cohorte 2023 recodée contrôle, 60 unités de contrôle) ; cellules −8 et +8 bornées",event,0.0,5558.0,0.0,0.0,2003.0,2024.0,,,,,,,,,,,,
h2,H2,H2c,"log(naissances+0,5 / 1 000 f. 30-34)","unités avec covariables, bascule 4G ; fenêtre identifiée ≤ 2022, cohorte 2023 = contrôle",sunab,8,-0.5188858471365344,0.0646937746132858,-0.6456833154025263,-0.3920883788705425,1.0519070595260988e-15,5558,122276,False," ; fenêtre 2003-2024 ; 5558 traitées, 0 jamais traitées sur la fenêtre ; covariables invariantes dans le temps absorbées par les effets fixes unité : log_pop, share_women_1549, level_pre, pretrend_pre ; comparaisons sur la fenêtre identifiée (années < 2023, cohorte 2023 recodée contrôle, 60 unités de contrôle) ; cellules −8 et +8 bornées",event,0.0,5558.0,0.0,0.0,2003.0,2024.0,,,,,,,,,,,,
h2,H2,H2c,"log(naissances+0,5 / 1 000 f. 30-34)","unités avec covariables, bascule 4G ; fenêtre identifiée ≤ 2022, cohorte 2023 = contrôle",sunab,"ATT[1,5]",-0.1350093503201774,0.0481383065548394,-0.2293586974444111,-0.0406600031959437,0.0050376928404745,5558,122276,False," ; fenêtre 2003-2024 ; 5558 traitées, 0 jamais traitées sur la fenêtre ; covariables invariantes dans le temps absorbées par les effets fixes unité : log_pop, share_women_1549, level_pre, pretrend_pre ; comparaisons sur la fenêtre identifiée (années < 2023, cohorte 2023 recodée contrôle, 60 unités de contrôle) ; écart-type avec covariance complète (w'Vw)",post_avg,0.0,5558.0,0.0,0.0,2003.0,2024.0,,,,,,,,,,,,
h2,H2,H2c,"log(naissances+0,5 / 1 000 f. 30-34)","unités avec covariables, bascule 4G ; fenêtre identifiée ≤ 2022, cohorte 2023 = contrôle",sunab,Wald pré (-8..−2),22.65548936816555,,,,0.0019566740502993,5558,122276,False,"test de Wald joint, covariance groupée, df = 7 ; fenêtre 2003-2024 ; 5558 traitées, 0 jamais traitées sur la fenêtre",pre_test,0.0,5558.0,0.0,0.0,2003.0,2024.0,,,,,,,,,,,7.0,
h2,H2,H2c,"log(naissances+0,5 / 1 000 f. 30-34)","unités avec covariables, bascule 4G ; fenêtre identifiée ≤ 2022, cohorte 2023 = contrôle",did2s,-8,-0.0007239702638394,0.0006341727451906,-0.00196692600439,0.0005189854767111,0.253621204094851,5558,122276,False," ; fenêtre 2003-2024 ; 5558 traitées, 0 jamais traitées sur la fenêtre ; covariables invariantes dans le temps absorbées par les effets fixes unité : log_pop, share_women_1549, level_pre, pretrend_pre ; comparaisons sur la fenêtre identifiée (années < 2023, cohorte 2023 recodée contrôle, 60 unités de contrôle) ; cellules −8 et +8 bornées ; did2s en deux étapes implémenté directement (pyfixest.did2s dépasse la mémoire au-delà de 5 000 unités), écarts-types par bootstrap par grappes (50 tirages, grappe = unit)",event,0.0,5558.0,0.0,0.0,2003.0,2024.0,,,,,,,,,,,,
h2,H2,H2c,"log(naissances+0,5 / 1 000 f. 30-34)","unités avec covariables, bascule 4G ; fenêtre identifiée ≤ 2022, cohorte 2023 = contrôle",did2s,-7,0.0003336774706289,0.0034852396957448,-0.0064972668105203,0.0071646217517782,0.9237269296128372,5558,122276,False," ; fenêtre 2003-2024 ; 5558 traitées, 0 jamais traitées sur la fenêtre ; covariables invariantes dans le temps absorbées par les effets fixes unité : log_pop, share_women_1549, level_pre, pretrend_pre ; comparaisons sur la fenêtre identifiée (années < 2023, cohorte 2023 recodée contrôle, 60 unités de contrôle) ; cellules −8 et +8 bornées ; did2s en deux étapes implémenté directement (pyfixest.did2s dépasse la mémoire au-delà de 5 000 unités), écarts-types par bootstrap par grappes (50 tirages, grappe = unit)",event,0.0,5558.0,0.0,0.0,2003.0,2024.0,,,,,,,,,,,,
h2,H2,H2c,"log(naissances+0,5 / 1 000 f. 30-34)","unités avec covariables, bascule 4G ; fenêtre identifiée ≤ 2022, cohorte 2023 = contrôle",did2s,-6,-0.010114946176559,0.0028511837463914,-0.0157031636327922,-0.0045267287203259,0.0003887132559975,5558,122276,False," ; fenêtre 2003-2024 ; 5558 traitées, 0 jamais traitées sur la fenêtre ; covariables invariantes dans le temps absorbées par les effets fixes unité : log_pop, share_women_1549, level_pre, pretrend_pre ; comparaisons sur la fenêtre identifiée (années < 2023, cohorte 2023 recodée contrôle, 60 unités de contrôle) ; cellules −8 et +8 bornées ; did2s en deux étapes implémenté directement (pyfixest.did2s dépasse la mémoire au-delà de 5 000 unités), écarts-types par bootstrap par grappes (50 tirages, grappe = unit)",event,0.0,5558.0,0.0,0.0,2003.0,2024.0,,,,,,,,,,,,
h2,H2,H2c,"log(naissances+0,5 / 1 000 f. 30-34)","unités avec covariables, bascule 4G ; fenêtre identifiée ≤ 2022, cohorte 2023 = contrôle",did2s,-5,-0.0049055548115431,0.0039164977948981,-0.012581749435074,0.0027706398119877,0.2103745883140397,5558,122276,False," ; fenêtre 2003-2024 ; 5558 traitées, 0 jamais traitées sur la fenêtre ; covariables invariantes dans le temps absorbées par les effets fixes unité : log_pop, share_women_1549, level_pre, pretrend_pre ; comparaisons sur la fenêtre identifiée (années < 2023, cohorte 2023 recodée contrôle, 60 unités de contrôle) ; cellules −8 et +8 bornées ; did2s en deux étapes implémenté directement (pyfixest.did2s dépasse la mémoire au-delà de 5 000 unités), écarts-types par bootstrap par grappes (50 tirages, grappe = unit)",event,0.0,5558.0,0.0,0.0,2003.0,2024.0,,,,,,,,,,,,
h2,H2,H2c,"log(naissances+0,5 / 1 000 f. 30-34)","unités avec covariables, bascule 4G ; fenêtre identifiée ≤ 2022, cohorte 2023 = contrôle",did2s,-4,0.0003705023118251,0.0030022892702564,-0.0055138765290485,0.0062548811526989,0.9017851307780926,5558,122276,False," ; fenêtre 2003-2024 ; 5558 traitées, 0 jamais traitées sur la fenêtre ; covariables invariantes dans le temps absorbées par les effets fixes unité : log_pop, share_women_1549, level_pre, pretrend_pre ; comparaisons sur la fenêtre identifiée (années < 2023, cohorte 2023 recodée contrôle, 60 unités de contrôle) ; cellules −8 et +8 bornées ; did2s en deux étapes implémenté directement (pyfixest.did2s dépasse la mémoire au-delà de 5 000 unités), écarts-types par bootstrap par grappes (50 tirages, grappe = unit)",event,0.0,5558.0,0.0,0.0,2003.0,2024.0,,,,,,,,,,,,
h2,H2,H2c,"log(naissances+0,5 / 1 000 f. 30-34)","unités avec covariables, bascule 4G ; fenêtre identifiée ≤ 2022, cohorte 2023 = contrôle",did2s,-3,0.0051498689170622,0.0037004875328535,-0.0021029533725702,0.0124026912066946,0.1640214148969977,5558,122276,False," ; fenêtre 2003-2024 ; 5558 traitées, 0 jamais traitées sur la fenêtre ; covariables invariantes dans le temps absorbées par les effets fixes unité : log_pop, share_women_1549, level_pre, pretrend_pre ; comparaisons sur la fenêtre identifiée (années < 2023, cohorte 2023 recodée contrôle, 60 unités de contrôle) ; cellules −8 et +8 bornées ; did2s en deux étapes implémenté directement (pyfixest.did2s dépasse la mémoire au-delà de 5 000 unités), écarts-types par bootstrap par grappes (50 tirages, grappe = unit)",event,0.0,5558.0,0.0,0.0,2003.0,2024.0,,,,,,,,,,,,
h2,H2,H2c,"log(naissances+0,5 / 1 000 f. 30-34)","unités avec covariables, bascule 4G ; fenêtre identifiée ≤ 2022, cohorte 2023 = contrôle",did2s,-2,0.0073038542964557,0.0031923857657371,0.0010468931708526,0.0135608154220587,0.0221434383167338,5558,122276,False," ; fenêtre 2003-2024 ; 5558 traitées, 0 jamais traitées sur la fenêtre ; covariables invariantes dans le temps absorbées par les effets fixes unité : log_pop, share_women_1549, level_pre, pretrend_pre ; comparaisons sur la fenêtre identifiée (années < 2023, cohorte 2023 recodée contrôle, 60 unités de contrôle) ; cellules −8 et +8 bornées ; did2s en deux étapes implémenté directement (pyfixest.did2s dépasse la mémoire au-delà de 5 000 unités), écarts-types par bootstrap par grappes (50 tirages, grappe = unit)",event,0.0,5558.0,0.0,0.0,2003.0,2024.0,,,,,,,,,,,,
h2,H2,H2c,"log(naissances+0,5 / 1 000 f. 30-34)","unités avec covariables, bascule 4G ; fenêtre identifiée ≤ 2022, cohorte 2023 = contrôle",did2s,0,-0.0108330461970945,0.0067700662962772,-0.0241021323107463,0.0024360399165572,0.1095677808500964,5558,122276,False," ; fenêtre 2003-2024 ; 5558 traitées, 0 jamais traitées sur la fenêtre ; covariables invariantes dans le temps absorbées par les effets fixes unité : log_pop, share_women_1549, level_pre, pretrend_pre ; comparaisons sur la fenêtre identifiée (années < 2023, cohorte 2023 recodée contrôle, 60 unités de contrôle) ; cellules −8 et +8 bornées ; did2s en deux étapes implémenté directement (pyfixest.did2s dépasse la mémoire au-delà de 5 000 unités), écarts-types par bootstrap par grappes (50 tirages, grappe = unit)",event,0.0,5558.0,0.0,0.0,2003.0,2024.0,,,,,,,,,,,,
h2,H2,H2c,"log(naissances+0,5 / 1 000 f. 30-34)","unités avec covariables, bascule 4G ; fenêtre identifiée ≤ 2022, cohorte 2023 = contrôle",did2s,1,-0.025991215605938,0.0077594685039822,-0.0411994944129161,-0.0107829367989598,0.0008092457580047,5558,122276,False," ; fenêtre 2003-2024 ; 5558 traitées, 0 jamais traitées sur la fenêtre ; covariables invariantes dans le temps absorbées par les effets fixes unité : log_pop, share_women_1549, level_pre, pretrend_pre ; comparaisons sur la fenêtre identifiée (années < 2023, cohorte 2023 recodée contrôle, 60 unités de contrôle) ; cellules −8 et +8 bornées ; did2s en deux étapes implémenté directement (pyfixest.did2s dépasse la mémoire au-delà de 5 000 unités), écarts-types par bootstrap par grappes (50 tirages, grappe = unit)",event,0.0,5558.0,0.0,0.0,2003.0,2024.0,,,,,,,,,,,,
h2,H2,H2c,"log(naissances+0,5 / 1 000 f. 30-34)","unités avec covariables, bascule 4G ; fenêtre identifiée ≤ 2022, cohorte 2023 = contrôle",did2s,2,-0.0422356172697122,0.0111337996556314,-0.0640574636058344,-0.02041377093359,0.0001485629147507,5558,122276,False," ; fenêtre 2003-2024 ; 5558 traitées, 0 jamais traitées sur la fenêtre ; covariables invariantes dans le temps absorbées par les effets fixes unité : log_pop, share_women_1549, level_pre, pretrend_pre ; comparaisons sur la fenêtre identifiée (années < 2023, cohorte 2023 recodée contrôle, 60 unités de contrôle) ; cellules −8 et +8 bornées ; did2s en deux étapes implémenté directement (pyfixest.did2s dépasse la mémoire au-delà de 5 000 unités), écarts-types par bootstrap par grappes (50 tirages, grappe = unit)",event,0.0,5558.0,0.0,0.0,2003.0,2024.0,,,,,,,,,,,,
h2,H2,H2c,"log(naissances+0,5 / 1 000 f. 30-34)","unités avec covariables, bascule 4G ; fenêtre identifiée ≤ 2022, cohorte 2023 = contrôle",did2s,3,-0.0609587370808411,0.0169614752381682,-0.0942026176723187,-0.0277148564893634,0.0003256991843,5558,122276,False," ; fenêtre 2003-2024 ; 5558 traitées, 0 jamais traitées sur la fenêtre ; covariables invariantes dans le temps absorbées par les effets fixes unité : log_pop, share_women_1549, level_pre, pretrend_pre ; comparaisons sur la fenêtre identifiée (années < 2023, cohorte 2023 recodée contrôle, 60 unités de contrôle) ; cellules −8 et +8 bornées ; did2s en deux étapes implémenté directement (pyfixest.did2s dépasse la mémoire au-delà de 5 000 unités), écarts-types par bootstrap par grappes (50 tirages, grappe = unit)",event,0.0,5558.0,0.0,0.0,2003.0,2024.0,,,,,,,,,,,,
h2,H2,H2c,"log(naissances+0,5 / 1 000 f. 30-34)","unités avec covariables, bascule 4G ; fenêtre identifiée ≤ 2022, cohorte 2023 = contrôle",did2s,4,-0.1431103092151594,0.0274068142974632,-0.1968266781691648,-0.0893939402611539,1.7728287961835125e-07,5558,122276,False," ; fenêtre 2003-2024 ; 5558 traitées, 0 jamais traitées sur la fenêtre ; covariables invariantes dans le temps absorbées par les effets fixes unité : log_pop, share_women_1549, level_pre, pretrend_pre ; comparaisons sur la fenêtre identifiée (années < 2023, cohorte 2023 recodée contrôle, 60 unités de contrôle) ; cellules −8 et +8 bornées ; did2s en deux étapes implémenté directement (pyfixest.did2s dépasse la mémoire au-delà de 5 000 unités), écarts-types par bootstrap par grappes (50 tirages, grappe = unit)",event,0.0,5558.0,0.0,0.0,2003.0,2024.0,,,,,,,,,,,,
h2,H2,H2c,"log(naissances+0,5 / 1 000 f. 30-34)","unités avec covariables, bascule 4G ; fenêtre identifiée ≤ 2022, cohorte 2023 = contrôle",did2s,5,-0.2377271782273236,0.0376455102514891,-0.3115110224998757,-0.1639433339547716,2.7035732798913766e-10,5558,122276,False," ; fenêtre 2003-2024 ; 5558 traitées, 0 jamais traitées sur la fenêtre ; covariables invariantes dans le temps absorbées par les effets fixes unité : log_pop, share_women_1549, level_pre, pretrend_pre ; comparaisons sur la fenêtre identifiée (années < 2023, cohorte 2023 recodée contrôle, 60 unités de contrôle) ; cellules −8 et +8 bornées ; did2s en deux étapes implémenté directement (pyfixest.did2s dépasse la mémoire au-delà de 5 000 unités), écarts-types par bootstrap par grappes (50 tirages, grappe = unit)",event,0.0,5558.0,0.0,0.0,2003.0,2024.0,,,,,,,,,,,,
h2,H2,H2c,"log(naissances+0,5 / 1 000 f. 30-34)","unités avec covariables, bascule 4G ; fenêtre identifiée ≤ 2022, cohorte 2023 = contrôle",did2s,6,-0.2379980041116047,0.0320338178400411,-0.3007831333654021,-0.1752128748578073,1.0893811196843385e-13,5558,122276,False," ; fenêtre 2003-2024 ; 5558 traitées, 0 jamais traitées sur la fenêtre ; covariables invariantes dans le temps absorbées par les effets fixes unité : log_pop, share_women_1549, level_pre, pretrend_pre ; comparaisons sur la fenêtre identifiée (années < 2023, cohorte 2023 recodée contrôle, 60 unités de contrôle) ; cellules −8 et +8 bornées ; did2s en deux étapes implémenté directement (pyfixest.did2s dépasse la mémoire au-delà de 5 000 unités), écarts-types par bootstrap par grappes (50 tirages, grappe = unit)",event,0.0,5558.0,0.0,0.0,2003.0,2024.0,,,,,,,,,,,,
h2,H2,H2c,"log(naissances+0,5 / 1 000 f. 30-34)","unités avec covariables, bascule 4G ; fenêtre identifiée ≤ 2022, cohorte 2023 = contrôle",did2s,7,-0.2519533647282932,0.0381724435478361,-0.3267699792839405,-0.177136750172646,4.1005219546145536e-11,5558,122276,False," ; fenêtre 2003-2024 ; 5558 traitées, 0 jamais traitées sur la fenêtre ; covariables invariantes dans le temps absorbées par les effets fixes unité : log_pop, share_women_1549, level_pre, pretrend_pre ; comparaisons sur la fenêtre identifiée (années < 2023, cohorte 2023 recodée contrôle, 60 unités de contrôle) ; cellules −8 et +8 bornées ; did2s en deux étapes implémenté directement (pyfixest.did2s dépasse la mémoire au-delà de 5 000 unités), écarts-types par bootstrap par grappes (50 tirages, grappe = unit)",event,0.0,5558.0,0.0,0.0,2003.0,2024.0,,,,,,,,,,,,
h2,H2,H2c,"log(naissances+0,5 / 1 000 f. 30-34)","unités avec covariables, bascule 4G ; fenêtre identifiée ≤ 2022, cohorte 2023 = contrôle",did2s,8,-0.368192540759478,0.0487772938258207,-0.4637942799214145,-0.2725908015975414,4.4049805617798225e-14,5558,122276,False," ; fenêtre 2003-2024 ; 5558 traitées, 0 jamais traitées sur la fenêtre ; covariables invariantes dans le temps absorbées par les effets fixes unité : log_pop, share_women_1549, level_pre, pretrend_pre ; comparaisons sur la fenêtre identifiée (années < 2023, cohorte 2023 recodée contrôle, 60 unités de contrôle) ; cellules −8 et +8 bornées ; did2s en deux étapes implémenté directement (pyfixest.did2s dépasse la mémoire au-delà de 5 000 unités), écarts-types par bootstrap par grappes (50 tirages, grappe = unit)",event,0.0,5558.0,0.0,0.0,2003.0,2024.0,,,,,,,,,,,,
h2,H2,H2c,"log(naissances+0,5 / 1 000 f. 30-34)","unités avec covariables, bascule 4G ; fenêtre identifiée ≤ 2022, cohorte 2023 = contrôle",did2s,"ATT[1,5]",-0.1020046114797949,0.016520536679226,-0.1343842683763509,-0.0696249545832389,6.640986344020516e-10,5558,122276,False," ; fenêtre 2003-2024 ; 5558 traitées, 0 jamais traitées sur la fenêtre ; covariables invariantes dans le temps absorbées par les effets fixes unité : log_pop, share_women_1549, level_pre, pretrend_pre ; comparaisons sur la fenêtre identifiée (années < 2023, cohorte 2023 recodée contrôle, 60 unités de contrôle) ; écart-type avec covariance complète (w'Vw)",post_avg,0.0,5558.0,0.0,0.0,2003.0,2024.0,,,,,,,,,,,,
h2,H2,H2c,"log(naissances+0,5 / 1 000 f. 30-34)","unités avec covariables, bascule 4G ; fenêtre identifiée ≤ 2022, cohorte 2023 = contrôle",did2s,Wald pré (-8..−2),34.309345055660266,,,,1.5073797050504397e-05,5558,122276,False,"test de Wald joint, covariance groupée, df = 7 ; fenêtre 2003-2024 ; 5558 traitées, 0 jamais traitées sur la fenêtre",pre_test,0.0,5558.0,0.0,0.0,2003.0,2024.0,,,,,,,,,,,7.0,
h2,H2,H2c,"log(naissances+0,5 / 1 000 f. 30-34)","unités avec covariables, bascule 4G ; fenêtre identifiée ≤ 2022, cohorte 2023 = contrôle",twfe,-8,-0.0536427313034373,0.0240399952590637,-0.100760256199716,-0.0065252064071587,0.0256549590243263,5558,122276,False," ; fenêtre 2003-2024 ; 5558 traitées, 0 jamais traitées sur la fenêtre ; covariables invariantes dans le temps absorbées par les effets fixes unité : log_pop, share_women_1549, level_pre, pretrend_pre ; comparaisons sur la fenêtre identifiée (années < 2023, cohorte 2023 recodée contrôle, 60 unités de contrôle) ; cellules −8 et +8 bornées",event,0.0,5558.0,0.0,0.0,2003.0,2024.0,,,,,,,,,,,,
h2,H2,H2c,"log(naissances+0,5 / 1 000 f. 30-34)","unités avec covariables, bascule 4G ; fenêtre identifiée ≤ 2022, cohorte 2023 = contrôle",twfe,-7,-0.045249609786318,0.0193113782182673,-0.0830992155859534,-0.0074000039866826,0.0191212851938121,5558,122276,False," ; fenêtre 2003-2024 ; 5558 traitées, 0 jamais traitées sur la fenêtre ; covariables invariantes dans le temps absorbées par les effets fixes unité : log_pop, share_women_1549, level_pre, pretrend_pre ; comparaisons sur la fenêtre identifiée (années < 2023, cohorte 2023 recodée contrôle, 60 unités de contrôle) ; cellules −8 et +8 bornées",event,0.0,5558.0,0.0,0.0,2003.0,2024.0,,,,,,,,,,,,
h2,H2,H2c,"log(naissances+0,5 / 1 000 f. 30-34)","unités avec covariables, bascule 4G ; fenêtre identifiée ≤ 2022, cohorte 2023 = contrôle",twfe,-6,-0.0530700508798021,0.0168483492523184,-0.0860922086132986,-0.0200478931463057,0.0016334508529865,5558,122276,False," ; fenêtre 2003-2024 ; 5558 traitées, 0 jamais traitées sur la fenêtre ; covariables invariantes dans le temps absorbées par les effets fixes unité : log_pop, share_women_1549, level_pre, pretrend_pre ; comparaisons sur la fenêtre identifiée (années < 2023, cohorte 2023 recodée contrôle, 60 unités de contrôle) ; cellules −8 et +8 bornées",event,0.0,5558.0,0.0,0.0,2003.0,2024.0,,,,,,,,,,,,
h2,H2,H2c,"log(naissances+0,5 / 1 000 f. 30-34)","unités avec covariables, bascule 4G ; fenêtre identifiée ≤ 2022, cohorte 2023 = contrôle",twfe,-5,-0.0414021927952253,0.0142370307988398,-0.0693062604077388,-0.0134981251827117,0.003636742234737,5558,122276,False," ; fenêtre 2003-2024 ; 5558 traitées, 0 jamais traitées sur la fenêtre ; covariables invariantes dans le temps absorbées par les effets fixes unité : log_pop, share_women_1549, level_pre, pretrend_pre ; comparaisons sur la fenêtre identifiée (années < 2023, cohorte 2023 recodée contrôle, 60 unités de contrôle) ; cellules −8 et +8 bornées",event,0.0,5558.0,0.0,0.0,2003.0,2024.0,,,,,,,,,,,,
h2,H2,H2c,"log(naissances+0,5 / 1 000 f. 30-34)","unités avec covariables, bascule 4G ; fenêtre identifiée ≤ 2022, cohorte 2023 = contrôle",twfe,-4,-0.0280420755954239,0.0111372525514917,-0.0498706894830746,-0.0062134617077732,0.0118069251578685,5558,122276,False," ; fenêtre 2003-2024 ; 5558 traitées, 0 jamais traitées sur la fenêtre ; covariables invariantes dans le temps absorbées par les effets fixes unité : log_pop, share_women_1549, level_pre, pretrend_pre ; comparaisons sur la fenêtre identifiée (années < 2023, cohorte 2023 recodée contrôle, 60 unités de contrôle) ; cellules −8 et +8 bornées",event,0.0,5558.0,0.0,0.0,2003.0,2024.0,,,,,,,,,,,,
h2,H2,H2c,"log(naissances+0,5 / 1 000 f. 30-34)","unités avec covariables, bascule 4G ; fenêtre identifiée ≤ 2022, cohorte 2023 = contrôle",twfe,-3,-0.0160400350658419,0.0087512468622072,-0.0331921637355873,0.0011120936039035,0.0668195735868172,5558,122276,False," ; fenêtre 2003-2024 ; 5558 traitées, 0 jamais traitées sur la fenêtre ; covariables invariantes dans le temps absorbées par les effets fixes unité : log_pop, share_women_1549, level_pre, pretrend_pre ; comparaisons sur la fenêtre identifiée (années < 2023, cohorte 2023 recodée contrôle, 60 unités de contrôle) ; cellules −8 et +8 bornées",event,0.0,5558.0,0.0,0.0,2003.0,2024.0,,,,,,,,,,,,
h2,H2,H2c,"log(naissances+0,5 / 1 000 f. 30-34)","unités avec covariables, bascule 4G ; fenêtre identifiée ≤ 2022, cohorte 2023 = contrôle",twfe,-2,-0.0073751160275032,0.0063516009348706,-0.0198240251040206,0.0050737930490141,0.2455838103535363,5558,122276,False," ; fenêtre 2003-2024 ; 5558 traitées, 0 jamais traitées sur la fenêtre ; covariables invariantes dans le temps absorbées par les effets fixes unité : log_pop, share_women_1549, level_pre, pretrend_pre ; comparaisons sur la fenêtre identifiée (années < 2023, cohorte 2023 recodée contrôle, 60 unités de contrôle) ; cellules −8 et +8 bornées",event,0.0,5558.0,0.0,0.0,2003.0,2024.0,,,,,,,,,,,,
h2,H2,H2c,"log(naissances+0,5 / 1 000 f. 30-34)","unités avec covariables, bascule 4G ; fenêtre identifiée ≤ 2022, cohorte 2023 = contrôle",twfe,0,-0.0033540626294417,0.0063264658594763,-0.0157537078634377,0.0090455826045541,0.5959984277753467,5558,122276,False," ; fenêtre 2003-2024 ; 5558 traitées, 0 jamais traitées sur la fenêtre ; covariables invariantes dans le temps absorbées par les effets fixes unité : log_pop, share_women_1549, level_pre, pretrend_pre ; comparaisons sur la fenêtre identifiée (années < 2023, cohorte 2023 recodée contrôle, 60 unités de contrôle) ; cellules −8 et +8 bornées",event,0.0,5558.0,0.0,0.0,2003.0,2024.0,,,,,,,,,,,,
h2,H2,H2c,"log(naissances+0,5 / 1 000 f. 30-34)","unités avec covariables, bascule 4G ; fenêtre identifiée ≤ 2022, cohorte 2023 = contrôle",twfe,1,-0.0028781536303755,0.008399797245042,-0.0193414537080967,0.0135851464473457,0.7318650869219706,5558,122276,False," ; fenêtre 2003-2024 ; 5558 traitées, 0 jamais traitées sur la fenêtre ; covariables invariantes dans le temps absorbées par les effets fixes unité : log_pop, share_women_1549, level_pre, pretrend_pre ; comparaisons sur la fenêtre identifiée (années < 2023, cohorte 2023 recodée contrôle, 60 unités de contrôle) ; cellules −8 et +8 bornées",event,0.0,5558.0,0.0,0.0,2003.0,2024.0,,,,,,,,,,,,
h2,H2,H2c,"log(naissances+0,5 / 1 000 f. 30-34)","unités avec covariables, bascule 4G ; fenêtre identifiée ≤ 2022, cohorte 2023 = contrôle",twfe,2,-0.0116662356077366,0.0112072963088471,-0.0336321327371456,0.0102996615216724,0.2978987330516953,5558,122276,False," ; fenêtre 2003-2024 ; 5558 traitées, 0 jamais traitées sur la fenêtre ; covariables invariantes dans le temps absorbées par les effets fixes unité : log_pop, share_women_1549, level_pre, pretrend_pre ; comparaisons sur la fenêtre identifiée (années < 2023, cohorte 2023 recodée contrôle, 60 unités de contrôle) ; cellules −8 et +8 bornées",event,0.0,5558.0,0.0,0.0,2003.0,2024.0,,,,,,,,,,,,
h2,H2,H2c,"log(naissances+0,5 / 1 000 f. 30-34)","unités avec covariables, bascule 4G ; fenêtre identifiée ≤ 2022, cohorte 2023 = contrôle",twfe,3,-0.0113757707677385,0.0141623604373388,-0.0391334871609976,0.0163819456255204,0.4218361780513729,5558,122276,False," ; fenêtre 2003-2024 ; 5558 traitées, 0 jamais traitées sur la fenêtre ; covariables invariantes dans le temps absorbées par les effets fixes unité : log_pop, share_women_1549, level_pre, pretrend_pre ; comparaisons sur la fenêtre identifiée (années < 2023, cohorte 2023 recodée contrôle, 60 unités de contrôle) ; cellules −8 et +8 bornées",event,0.0,5558.0,0.0,0.0,2003.0,2024.0,,,,,,,,,,,,
h2,H2,H2c,"log(naissances+0,5 / 1 000 f. 30-34)","unités avec covariables, bascule 4G ; fenêtre identifiée ≤ 2022, cohorte 2023 = contrôle",twfe,4,-0.0379534178856035,0.0171441974843522,-0.0715554274987762,-0.0043514082724308,0.0268441719382324,5558,122276,False," ; fenêtre 2003-2024 ; 5558 traitées, 0 jamais traitées sur la fenêtre ; covariables invariantes dans le temps absorbées par les effets fixes unité : log_pop, share_women_1549, level_pre, pretrend_pre ; comparaisons sur la fenêtre identifiée (années < 2023, cohorte 2023 recodée contrôle, 60 unités de contrôle) ; cellules −8 et +8 bornées",event,0.0,5558.0,0.0,0.0,2003.0,2024.0,,,,,,,,,,,,
h2,H2,H2c,"log(naissances+0,5 / 1 000 f. 30-34)","unités avec covariables, bascule 4G ; fenêtre identifiée ≤ 2022, cohorte 2023 = contrôle",twfe,5,-0.0669173833393504,0.0198841999012531,-0.1058896990072016,-0.0279450676714992,0.0007644534936535,5558,122276,False," ; fenêtre 2003-2024 ; 5558 traitées, 0 jamais traitées sur la fenêtre ; covariables invariantes dans le temps absorbées par les effets fixes unité : log_pop, share_women_1549, level_pre, pretrend_pre ; comparaisons sur la fenêtre identifiée (années < 2023, cohorte 2023 recodée contrôle, 60 unités de contrôle) ; cellules −8 et +8 bornées",event,0.0,5558.0,0.0,0.0,2003.0,2024.0,,,,,,,,,,,,
h2,H2,H2c,"log(naissances+0,5 / 1 000 f. 30-34)","unités avec covariables, bascule 4G ; fenêtre identifiée ≤ 2022, cohorte 2023 = contrôle",twfe,6,-0.0904996482432005,0.022631798516958,-0.1348571582418053,-0.0461421382445958,6.366905527301634e-05,5558,122276,False," ; fenêtre 2003-2024 ; 5558 traitées, 0 jamais traitées sur la fenêtre ; covariables invariantes dans le temps absorbées par les effets fixes unité : log_pop, share_women_1549, level_pre, pretrend_pre ; comparaisons sur la fenêtre identifiée (années < 2023, cohorte 2023 recodée contrôle, 60 unités de contrôle) ; cellules −8 et +8 bornées",event,0.0,5558.0,0.0,0.0,2003.0,2024.0,,,,,,,,,,,,
h2,H2,H2c,"log(naissances+0,5 / 1 000 f. 30-34)","unités avec covariables, bascule 4G ; fenêtre identifiée ≤ 2022, cohorte 2023 = contrôle",twfe,7,-0.0878500394451104,0.0257352488090641,-0.1382902002440534,-0.0374098786461674,0.0006410885128446,5558,122276,False," ; fenêtre 2003-2024 ; 5558 traitées, 0 jamais traitées sur la fenêtre ; covariables invariantes dans le temps absorbées par les effets fixes unité : log_pop, share_women_1549, level_pre, pretrend_pre ; comparaisons sur la fenêtre identifiée (années < 2023, cohorte 2023 recodée contrôle, 60 unités de contrôle) ; cellules −8 et +8 bornées",event,0.0,5558.0,0.0,0.0,2003.0,2024.0,,,,,,,,,,,,
h2,H2,H2c,"log(naissances+0,5 / 1 000 f. 30-34)","unités avec covariables, bascule 4G ; fenêtre identifiée ≤ 2022, cohorte 2023 = contrôle",twfe,8,-0.1602596532341416,0.0286717898652606,-0.216455328742353,-0.1040639777259301,2.2778457332543703e-08,5558,122276,False," ; fenêtre 2003-2024 ; 5558 traitées, 0 jamais traitées sur la fenêtre ; covariables invariantes dans le temps absorbées par les effets fixes unité : log_pop, share_women_1549, level_pre, pretrend_pre ; comparaisons sur la fenêtre identifiée (années < 2023, cohorte 2023 recodée contrôle, 60 unités de contrôle) ; cellules −8 et +8 bornées",event,0.0,5558.0,0.0,0.0,2003.0,2024.0,,,,,,,,,,,,
h2,H2,H2c,"log(naissances+0,5 / 1 000 f. 30-34)","unités avec covariables, bascule 4G ; fenêtre identifiée ≤ 2022, cohorte 2023 = contrôle",twfe,"ATT[1,5]",-0.0261581922461609,0.0134580628285962,-0.0525355106918867,0.0002191261995648,0.0519338305397004,5558,122276,False," ; fenêtre 2003-2024 ; 5558 traitées, 0 jamais traitées sur la fenêtre ; covariables invariantes dans le temps absorbées par les effets fixes unité : log_pop, share_women_1549, level_pre, pretrend_pre ; comparaisons sur la fenêtre identifiée (années < 2023, cohorte 2023 recodée contrôle, 60 unités de contrôle) ; écart-type avec covariance complète (w'Vw)",post_avg,0.0,5558.0,0.0,0.0,2003.0,2024.0,,,,,,,,,,,,
h2,H2,H2c,"log(naissances+0,5 / 1 000 f. 30-34)","unités avec covariables, bascule 4G ; fenêtre identifiée ≤ 2022, cohorte 2023 = contrôle",twfe,Wald pré (-8..−2),15.9258351845215,,,,0.025802645978827,5558,122276,False,"test de Wald joint, covariance groupée, df = 7 ; fenêtre 2003-2024 ; 5558 traitées, 0 jamais traitées sur la fenêtre",pre_test,0.0,5558.0,0.0,0.0,2003.0,2024.0,,,,,,,,,,,7.0,
h2,H2,H2c,"log(naissances+0,5 / 1 000 f. 30-34)","unités avec covariables, bascule 4G ; fenêtre identifiée ≤ 2022, cohorte 2023 = contrôle",twfe,ATT,0.0033168806303137,0.0068855652958173,-0.0101785793626871,0.0168123406233147,0.6300083627405543,5558,122276,False," ; fenêtre 2003-2024 ; 5558 traitées, 0 jamais traitées sur la fenêtre ; covariables invariantes dans le temps absorbées par les effets fixes unité : log_pop, share_women_1549, level_pre, pretrend_pre ; comparaisons sur la fenêtre identifiée (années < 2023, cohorte 2023 recodée contrôle, 60 unités de contrôle)",static,0.0,5558.0,0.0,0.0,2003.0,2024.0,,,,,,,,,,,,
h2,H2,H2c,"log(naissances+0,5 / 1 000 f. 30-34)","unités avec covariables, bascule 4G ; fenêtre complète",twfe,ATT,0.010225596925106,0.006486856253859,-0.002488407705346,0.0229396015555581,0.1149437063023887,5558,122276,True," ; fenêtre 2003-2024 ; 5558 traitées, 0 jamais traitées sur la fenêtre ; covariables invariantes dans le temps absorbées par les effets fixes unité : log_pop, share_women_1549, level_pre, pretrend_pre ; TWFE sur toutes les années (identification par le calendrier des bascules seulement)",static,0.0,5558.0,0.0,0.0,2003.0,2024.0,,,,,,,,,,,,
h2,H2,H2c,"log(naissances+0,5 / 1 000 f. 30-34)","unités avec covariables, bascule 4G ; fenêtre identifiée ≤ 2022, cohorte 2023 = contrôle",twfe_poisson,ATT (log du taux contrefactuel),0.0611482241639565,0.0056070772055672,0.0501585547825092,0.0721378935454038,1.084433135515636e-27,5558,122276,False," ; fenêtre 2003-2024 ; 5558 traitées, 0 jamais traitées sur la fenêtre ; covariables invariantes dans le temps absorbées par les effets fixes unité : log_pop, share_women_1549, level_pre, pretrend_pre ; comparaisons sur la fenêtre identifiée (années < 2023, cohorte 2023 recodée contrôle, 60 unités de contrôle) ; Poisson à effets fixes, offset = log(women)",static,0.0,5558.0,0.0,0.0,2003.0,2024.0,,,,,,,,,,,,
h2,H2,H2c,"log(naissances+0,5 / 1 000 f. 30-34)","unités avec covariables, bascule 4G ; fenêtre identifiée ≤ 2022, cohorte 2023 = contrôle",twfe_poisson,ATT en % du taux contrefactuel,6.305647316685659,0.596063971892461,5.143779355989997,7.480354241001974,1.084433135515636e-27,5558,122276,False," ; fenêtre 2003-2024 ; 5558 traitées, 0 jamais traitées sur la fenêtre ; covariables invariantes dans le temps absorbées par les effets fixes unité : log_pop, share_women_1549, level_pre, pretrend_pre ; comparaisons sur la fenêtre identifiée (années < 2023, cohorte 2023 recodée contrôle, 60 unités de contrôle) ; Poisson à effets fixes, offset = log(women)",static,0.0,5558.0,0.0,0.0,2003.0,2024.0,,,,,,,,,,,,
h2,H2,H2c,"log(naissances+0,5 / 1 000 f. 35-39)","unités avec covariables, bascule 4G",cs,-8,0.010468580728248,0.0246180436874114,-0.037781898268912,0.0587190597254081,0.6706616141473897,5558,122276,False," ; covariables : log_pop, share_women_1549, level_pre, pretrend_pre (doublement robuste) ; contrôle = not_yet_treated ; fenêtre 2003-2024 ; 5558 traitées, 0 jamais traitées sur la fenêtre ; ATT(g,t) identifiés jusqu'en 2022 (sans unité jamais traitée, la dernière cohorte sert de contrôle)",event,0.0,5558.0,0.0,0.0,2003.0,2024.0,2003.0,2022.0,5558.0,5.0,dr,9.0,5498.0,,,,,
h2,H2,H2c,"log(naissances+0,5 / 1 000 f. 35-39)","unités avec covariables, bascule 4G",cs,-7,0.0961873850534053,0.0669995055238076,-0.0351292327552499,0.2275040028620607,0.1511038931057383,5558,122276,False," ; covariables : log_pop, share_women_1549, level_pre, pretrend_pre (doublement robuste) ; contrôle = not_yet_treated ; fenêtre 2003-2024 ; 5558 traitées, 0 jamais traitées sur la fenêtre ; ATT(g,t) identifiés jusqu'en 2022 (sans unité jamais traitée, la dernière cohorte sert de contrôle)",event,0.0,5558.0,0.0,0.0,2003.0,2024.0,2003.0,2022.0,5558.0,5.0,dr,9.0,5498.0,,,,,
h2,H2,H2c,"log(naissances+0,5 / 1 000 f. 35-39)","unités avec covariables, bascule 4G",cs,-6,0.116164266528513,0.0874250261539947,-0.055185636080789,0.2875141691378151,0.183937020141609,5558,122276,False," ; covariables : log_pop, share_women_1549, level_pre, pretrend_pre (doublement robuste) ; contrôle = not_yet_treated ; fenêtre 2003-2024 ; 5558 traitées, 0 jamais traitées sur la fenêtre ; ATT(g,t) identifiés jusqu'en 2022 (sans unité jamais traitée, la dernière cohorte sert de contrôle)",event,0.0,5558.0,0.0,0.0,2003.0,2024.0,2003.0,2022.0,5558.0,5.0,dr,9.0,5498.0,,,,,
h2,H2,H2c,"log(naissances+0,5 / 1 000 f. 35-39)","unités avec covariables, bascule 4G",cs,-5,0.0221245656346762,0.0231584713543233,-0.0232652041568,0.0675143354261525,0.3393981100647231,5558,122276,False," ; covariables : log_pop, share_women_1549, level_pre, pretrend_pre (doublement robuste) ; contrôle = not_yet_treated ; fenêtre 2003-2024 ; 5558 traitées, 0 jamais traitées sur la fenêtre ; ATT(g,t) identifiés jusqu'en 2022 (sans unité jamais traitée, la dernière cohorte sert de contrôle)",event,0.0,5558.0,0.0,0.0,2003.0,2024.0,2003.0,2022.0,5558.0,5.0,dr,9.0,5498.0,,,,,
h2,H2,H2c,"log(naissances+0,5 / 1 000 f. 35-39)","unités avec covariables, bascule 4G",cs,-4,0.0244066195415198,0.0235276513311732,-0.0217067297083955,0.0705199687914353,0.2995686046620691,5558,122276,False," ; covariables : log_pop, share_women_1549, level_pre, pretrend_pre (doublement robuste) ; contrôle = not_yet_treated ; fenêtre 2003-2024 ; 5558 traitées, 0 jamais traitées sur la fenêtre ; ATT(g,t) identifiés jusqu'en 2022 (sans unité jamais traitée, la dernière cohorte sert de contrôle)",event,0.0,5558.0,0.0,0.0,2003.0,2024.0,2003.0,2022.0,5558.0,5.0,dr,9.0,5498.0,,,,,
h2,H2,H2c,"log(naissances+0,5 / 1 000 f. 35-39)","unités avec covariables, bascule 4G",cs,-3,-0.0220343842474516,0.0307275480026559,-0.082259271665883,0.0381905031709798,0.4733192312807165,5558,122276,False," ; covariables : log_pop, share_women_1549, level_pre, pretrend_pre (doublement robuste) ; contrôle = not_yet_treated ; fenêtre 2003-2024 ; 5558 traitées, 0 jamais traitées sur la fenêtre ; ATT(g,t) identifiés jusqu'en 2022 (sans unité jamais traitée, la dernière cohorte sert de contrôle)",event,0.0,5558.0,0.0,0.0,2003.0,2024.0,2003.0,2022.0,5558.0,5.0,dr,9.0,5498.0,,,,,
h2,H2,H2c,"log(naissances+0,5 / 1 000 f. 35-39)","unités avec covariables, bascule 4G",cs,-2,-0.0184647162402828,0.0167284515874982,-0.0512518788689014,0.0143224463883356,0.269683759676335,5558,122276,False," ; covariables : log_pop, share_women_1549, level_pre, pretrend_pre (doublement robuste) ; contrôle = not_yet_treated ; fenêtre 2003-2024 ; 5558 traitées, 0 jamais traitées sur la fenêtre ; ATT(g,t) identifiés jusqu'en 2022 (sans unité jamais traitée, la dernière cohorte sert de contrôle)",event,0.0,5558.0,0.0,0.0,2003.0,2024.0,2003.0,2022.0,5558.0,5.0,dr,9.0,5498.0,,,,,
h2,H2,H2c,"log(naissances+0,5 / 1 000 f. 35-39)","unités avec covariables, bascule 4G",cs,0,0.0238076915740552,0.0208849661511843,-0.0171260899006041,0.0647414730487145,0.2543096379324202,5558,122276,False," ; covariables : log_pop, share_women_1549, level_pre, pretrend_pre (doublement robuste) ; contrôle = not_yet_treated ; fenêtre 2003-2024 ; 5558 traitées, 0 jamais traitées sur la fenêtre ; ATT(g,t) identifiés jusqu'en 2022 (sans unité jamais traitée, la dernière cohorte sert de contrôle)",event,0.0,5558.0,0.0,0.0,2003.0,2024.0,2003.0,2022.0,5558.0,5.0,dr,9.0,5498.0,,,,,
h2,H2,H2c,"log(naissances+0,5 / 1 000 f. 35-39)","unités avec covariables, bascule 4G",cs,1,0.0263938584120924,0.0395963094529604,-0.0512134820364129,0.1040011988605979,0.5050444743596658,5558,122276,False," ; covariables : log_pop, share_women_1549, level_pre, pretrend_pre (doublement robuste) ; contrôle = not_yet_treated ; fenêtre 2003-2024 ; 5558 traitées, 0 jamais traitées sur la fenêtre ; ATT(g,t) identifiés jusqu'en 2022 (sans unité jamais traitée, la dernière cohorte sert de contrôle)",event,0.0,5558.0,0.0,0.0,2003.0,2024.0,2003.0,2022.0,5558.0,5.0,dr,8.0,5438.0,,,,,
h2,H2,H2c,"log(naissances+0,5 / 1 000 f. 35-39)","unités avec covariables, bascule 4G",cs,2,0.0237742451966117,0.038468283454241,-0.0516222049207787,0.0991706953140021,0.5365608414819354,5558,122276,False," ; covariables : log_pop, share_women_1549, level_pre, pretrend_pre (doublement robuste) ; contrôle = not_yet_treated ; fenêtre 2003-2024 ; 5558 traitées, 0 jamais traitées sur la fenêtre ; ATT(g,t) identifiés jusqu'en 2022 (sans unité jamais traitée, la dernière cohorte sert de contrôle)",event,0.0,5558.0,0.0,0.0,2003.0,2024.0,2003.0,2022.0,5558.0,5.0,dr,7.0,5268.0,,,,,
h2,H2,H2c,"log(naissances+0,5 / 1 000 f. 35-39)","unités avec covariables, bascule 4G",cs,3,-0.0324159130693805,0.0369952184912965,-0.104925208912512,0.0400933827737509,0.3809109935284364,5558,122276,False," ; covariables : log_pop, share_women_1549, level_pre, pretrend_pre (doublement robuste) ; contrôle = not_yet_treated ; fenêtre 2003-2024 ; 5558 traitées, 0 jamais traitées sur la fenêtre ; ATT(g,t) identifiés jusqu'en 2022 (sans unité jamais traitée, la dernière cohorte sert de contrôle)",event,0.0,5558.0,0.0,0.0,2003.0,2024.0,2003.0,2022.0,5558.0,5.0,dr,6.0,4844.0,,,,,
h2,H2,H2c,"log(naissances+0,5 / 1 000 f. 35-39)","unités avec covariables, bascule 4G",cs,4,-0.14005840288057,0.0532662211772187,-0.2444582779804635,-0.0356585277806765,0.0085534735605592,5558,122276,False," ; covariables : log_pop, share_women_1549, level_pre, pretrend_pre (doublement robuste) ; contrôle = not_yet_treated ; fenêtre 2003-2024 ; 5558 traitées, 0 jamais traitées sur la fenêtre ; ATT(g,t) identifiés jusqu'en 2022 (sans unité jamais traitée, la dernière cohorte sert de contrôle)",event,0.0,5558.0,0.0,0.0,2003.0,2024.0,2003.0,2022.0,5558.0,5.0,dr,5.0,4445.0,,,,,
h2,H2,H2c,"log(naissances+0,5 / 1 000 f. 35-39)","unités avec covariables, bascule 4G",cs,5,-0.3273812193187054,0.121076291857401,-0.5646863907408718,-0.0900760478965391,0.00685257424165,5558,122276,False," ; covariables : log_pop, share_women_1549, level_pre, pretrend_pre (doublement robuste) ; contrôle = not_yet_treated ; fenêtre 2003-2024 ; 5558 traitées, 0 jamais traitées sur la fenêtre ; ATT(g,t) identifiés jusqu'en 2022 (sans unité jamais traitée, la dernière cohorte sert de contrôle)",event,0.0,5558.0,0.0,0.0,2003.0,2024.0,2003.0,2022.0,5558.0,5.0,dr,4.0,3767.0,,,,,
h2,H2,H2c,"log(naissances+0,5 / 1 000 f. 35-39)","unités avec covariables, bascule 4G",cs,6,-0.1789697201097118,0.1281466599869928,-0.4301325584233179,0.0721931182038942,0.1625336677843514,5558,122276,False," ; covariables : log_pop, share_women_1549, level_pre, pretrend_pre (doublement robuste) ; contrôle = not_yet_treated ; fenêtre 2003-2024 ; 5558 traitées, 0 jamais traitées sur la fenêtre ; ATT(g,t) identifiés jusqu'en 2022 (sans unité jamais traitée, la dernière cohorte sert de contrôle)",event,0.0,5558.0,0.0,0.0,2003.0,2024.0,2003.0,2022.0,5558.0,5.0,dr,3.0,1032.0,,,,,
h2,H2,H2c,"log(naissances+0,5 / 1 000 f. 35-39)","unités avec covariables, bascule 4G",cs,7,-0.2725937315242131,0.2610197928168265,-0.7841831246972999,0.2389956616488736,0.2963275436607019,5558,122276,False," ; covariables : log_pop, share_women_1549, level_pre, pretrend_pre (doublement robuste) ; contrôle = not_yet_treated ; fenêtre 2003-2024 ; 5558 traitées, 0 jamais traitées sur la fenêtre ; ATT(g,t) identifiés jusqu'en 2022 (sans unité jamais traitée, la dernière cohorte sert de contrôle)",event,0.0,5558.0,0.0,0.0,2003.0,2024.0,2003.0,2022.0,5558.0,5.0,dr,2.0,481.0,,,,,
h2,H2,H2c,"log(naissances+0,5 / 1 000 f. 35-39)","unités avec covariables, bascule 4G",cs,8,-0.2150077881251243,0.3945787812305559,-0.988367988400723,0.5583524121504744,0.5858191407938951,5558,122276,False," ; covariables : log_pop, share_women_1549, level_pre, pretrend_pre (doublement robuste) ; contrôle = not_yet_treated ; fenêtre 2003-2024 ; 5558 traitées, 0 jamais traitées sur la fenêtre ; ATT(g,t) identifiés jusqu'en 2022 (sans unité jamais traitée, la dernière cohorte sert de contrôle)",event,0.0,5558.0,0.0,0.0,2003.0,2024.0,2003.0,2022.0,5558.0,5.0,dr,1.0,187.0,,,,,
h2,H2,H2c,"log(naissances+0,5 / 1 000 f. 35-39)","unités avec covariables, bascule 4G",cs,"ATT[1,5]",-0.0899374863319903,0.041792701191162,-0.1718496754833122,-0.0080252971806685,0.0313981206904018,5558,122276,False," ; covariables : log_pop, share_women_1549, level_pre, pretrend_pre (doublement robuste) ; contrôle = not_yet_treated ; fenêtre 2003-2024 ; 5558 traitées, 0 jamais traitées sur la fenêtre ; ATT(g,t) identifiés jusqu'en 2022 (sans unité jamais traitée, la dernière cohorte sert de contrôle) ; écart-type avec covariance complète des coefficients (fonctions d'influence)",post_avg,0.0,5558.0,0.0,0.0,2003.0,2024.0,2003.0,2022.0,5558.0,5.0,dr,,,,,5.0,,
h2,H2,H2c,"log(naissances+0,5 / 1 000 f. 35-39)","unités avec covariables, bascule 4G",cs,ATT,-0.0636040347308359,0.0345721563305432,-0.131364216006589,0.0041561465449171,0.0658053310196504,5558,122276,False," ; covariables : log_pop, share_women_1549, level_pre, pretrend_pre (doublement robuste) ; contrôle = not_yet_treated ; fenêtre 2003-2024 ; 5558 traitées, 0 jamais traitées sur la fenêtre ; ATT(g,t) identifiés jusqu'en 2022 (sans unité jamais traitée, la dernière cohorte sert de contrôle) ; moyenne de tous les ATT(g,t) post",simple,0.0,5558.0,0.0,0.0,2003.0,2024.0,2003.0,2022.0,5558.0,5.0,dr,,,,,,,
h2,H2,H2c,"log(naissances+0,5 / 1 000 f. 35-39)","unités avec covariables, bascule 4G",cs,Wald pré (-8..-2),4.411275697886999,,,,0.7313731517426327,5558,122276,False,"H5c : test de Wald joint de nullité des coefficients pré avec covariance des fonctions d'influence, df = 7 ; fenêtre 2003-2024 ; 5558 traitées, 0 jamais traitées sur la fenêtre",pre_test,0.0,5558.0,0.0,0.0,2003.0,2024.0,2003.0,2022.0,5558.0,5.0,dr,,,,,,7.0,
h2,H2,H2c,"log(naissances+0,5 / 1 000 f. 35-39)","unités avec covariables, bascule 4G ; fenêtre identifiée ≤ 2022, cohorte 2023 = contrôle",sunab,-8,0.1531938500011182,0.0703630019498212,0.015284900335347,0.2911027996668894,0.0294661547990646,5558,122276,False," ; fenêtre 2003-2024 ; 5558 traitées, 0 jamais traitées sur la fenêtre ; covariables invariantes dans le temps absorbées par les effets fixes unité : log_pop, share_women_1549, level_pre, pretrend_pre ; comparaisons sur la fenêtre identifiée (années < 2023, cohorte 2023 recodée contrôle, 60 unités de contrôle) ; cellules −8 et +8 bornées",event,0.0,5558.0,0.0,0.0,2003.0,2024.0,,,,,,,,,,,,
h2,H2,H2c,"log(naissances+0,5 / 1 000 f. 35-39)","unités avec covariables, bascule 4G ; fenêtre identifiée ≤ 2022, cohorte 2023 = contrôle",sunab,-7,0.1604163767727502,0.0700198044817068,0.0231800817840686,0.2976526717614319,0.0219625837838289,5558,122276,False," ; fenêtre 2003-2024 ; 5558 traitées, 0 jamais traitées sur la fenêtre ; covariables invariantes dans le temps absorbées par les effets fixes unité : log_pop, share_women_1549, level_pre, pretrend_pre ; comparaisons sur la fenêtre identifiée (années < 2023, cohorte 2023 recodée contrôle, 60 unités de contrôle) ; cellules −8 et +8 bornées",event,0.0,5558.0,0.0,0.0,2003.0,2024.0,,,,,,,,,,,,
h2,H2,H2c,"log(naissances+0,5 / 1 000 f. 35-39)","unités avec covariables, bascule 4G ; fenêtre identifiée ≤ 2022, cohorte 2023 = contrôle",sunab,-6,0.1487764340565973,0.0676484939189848,0.0161878223670102,0.2813650457461845,0.027859642590456,5558,122276,False," ; fenêtre 2003-2024 ; 5558 traitées, 0 jamais traitées sur la fenêtre ; covariables invariantes dans le temps absorbées par les effets fixes unité : log_pop, share_women_1549, level_pre, pretrend_pre ; comparaisons sur la fenêtre identifiée (années < 2023, cohorte 2023 recodée contrôle, 60 unités de contrôle) ; cellules −8 et +8 bornées",event,0.0,5558.0,0.0,0.0,2003.0,2024.0,,,,,,,,,,,,
h2,H2,H2c,"log(naissances+0,5 / 1 000 f. 35-39)","unités avec covariables, bascule 4G ; fenêtre identifiée ≤ 2022, cohorte 2023 = contrôle",sunab,-5,0.1311764826039416,0.0624364316203935,0.0088033253047724,0.2535496399031108,0.0356444253578261,5558,122276,False," ; fenêtre 2003-2024 ; 5558 traitées, 0 jamais traitées sur la fenêtre ; covariables invariantes dans le temps absorbées par les effets fixes unité : log_pop, share_women_1549, level_pre, pretrend_pre ; comparaisons sur la fenêtre identifiée (années < 2023, cohorte 2023 recodée contrôle, 60 unités de contrôle) ; cellules −8 et +8 bornées",event,0.0,5558.0,0.0,0.0,2003.0,2024.0,,,,,,,,,,,,
h2,H2,H2c,"log(naissances+0,5 / 1 000 f. 35-39)","unités avec covariables, bascule 4G ; fenêtre identifiée ≤ 2022, cohorte 2023 = contrôle",sunab,-4,0.1011917516207998,0.0555212613473862,-0.007627920996313,0.2100114242379127,0.0683675426989403,5558,122276,False," ; fenêtre 2003-2024 ; 5558 traitées, 0 jamais traitées sur la fenêtre ; covariables invariantes dans le temps absorbées par les effets fixes unité : log_pop, share_women_1549, level_pre, pretrend_pre ; comparaisons sur la fenêtre identifiée (années < 2023, cohorte 2023 recodée contrôle, 60 unités de contrôle) ; cellules −8 et +8 bornées",event,0.0,5558.0,0.0,0.0,2003.0,2024.0,,,,,,,,,,,,
h2,H2,H2c,"log(naissances+0,5 / 1 000 f. 35-39)","unités avec covariables, bascule 4G ; fenêtre identifiée ≤ 2022, cohorte 2023 = contrôle",sunab,-3,0.0536242061471812,0.0530326747850722,-0.0503179264353857,0.1575663387297482,0.3119426840269339,5558,122276,False," ; fenêtre 2003-2024 ; 5558 traitées, 0 jamais traitées sur la fenêtre ; covariables invariantes dans le temps absorbées par les effets fixes unité : log_pop, share_women_1549, level_pre, pretrend_pre ; comparaisons sur la fenêtre identifiée (années < 2023, cohorte 2023 recodée contrôle, 60 unités de contrôle) ; cellules −8 et +8 bornées",event,0.0,5558.0,0.0,0.0,2003.0,2024.0,,,,,,,,,,,,
h2,H2,H2c,"log(naissances+0,5 / 1 000 f. 35-39)","unités avec covariables, bascule 4G ; fenêtre identifiée ≤ 2022, cohorte 2023 = contrôle",sunab,-2,-0.041453334195089,0.0362413414598574,-0.112485058207828,0.0295783898176498,0.2527010062452065,5558,122276,False," ; fenêtre 2003-2024 ; 5558 traitées, 0 jamais traitées sur la fenêtre ; covariables invariantes dans le temps absorbées par les effets fixes unité : log_pop, share_women_1549, level_pre, pretrend_pre ; comparaisons sur la fenêtre identifiée (années < 2023, cohorte 2023 recodée contrôle, 60 unités de contrôle) ; cellules −8 et +8 bornées",event,0.0,5558.0,0.0,0.0,2003.0,2024.0,,,,,,,,,,,,
h2,H2,H2c,"log(naissances+0,5 / 1 000 f. 35-39)","unités avec covariables, bascule 4G ; fenêtre identifiée ≤ 2022, cohorte 2023 = contrôle",sunab,0,-0.060925612238532,0.0406472999268935,-0.1405928561640409,0.0187416316869767,0.1339035699555431,5558,122276,False," ; fenêtre 2003-2024 ; 5558 traitées, 0 jamais traitées sur la fenêtre ; covariables invariantes dans le temps absorbées par les effets fixes unité : log_pop, share_women_1549, level_pre, pretrend_pre ; comparaisons sur la fenêtre identifiée (années < 2023, cohorte 2023 recodée contrôle, 60 unités de contrôle) ; cellules −8 et +8 bornées",event,0.0,5558.0,0.0,0.0,2003.0,2024.0,,,,,,,,,,,,
h2,H2,H2c,"log(naissances+0,5 / 1 000 f. 35-39)","unités avec covariables, bascule 4G ; fenêtre identifiée ≤ 2022, cohorte 2023 = contrôle",sunab,1,-0.0170845491682478,0.0543437073229344,-0.1235962583075849,0.0894271599710893,0.7532328012746671,5558,122276,False," ; fenêtre 2003-2024 ; 5558 traitées, 0 jamais traitées sur la fenêtre ; covariables invariantes dans le temps absorbées par les effets fixes unité : log_pop, share_women_1549, level_pre, pretrend_pre ; comparaisons sur la fenêtre identifiée (années < 2023, cohorte 2023 recodée contrôle, 60 unités de contrôle) ; cellules −8 et +8 bornées",event,0.0,5558.0,0.0,0.0,2003.0,2024.0,,,,,,,,,,,,
h2,H2,H2c,"log(naissances+0,5 / 1 000 f. 35-39)","unités avec covariables, bascule 4G ; fenêtre identifiée ≤ 2022, cohorte 2023 = contrôle",sunab,2,-0.0342834064145039,0.0670713865625659,-0.165740908470297,0.0971740956412891,0.6092474134783247,5558,122276,False," ; fenêtre 2003-2024 ; 5558 traitées, 0 jamais traitées sur la fenêtre ; covariables invariantes dans le temps absorbées par les effets fixes unité : log_pop, share_women_1549, level_pre, pretrend_pre ; comparaisons sur la fenêtre identifiée (années < 2023, cohorte 2023 recodée contrôle, 60 unités de contrôle) ; cellules −8 et +8 bornées",event,0.0,5558.0,0.0,0.0,2003.0,2024.0,,,,,,,,,,,,
h2,H2,H2c,"log(naissances+0,5 / 1 000 f. 35-39)","unités avec covariables, bascule 4G ; fenêtre identifiée ≤ 2022, cohorte 2023 = contrôle",sunab,3,-0.086421692936069,0.0752486340697869,-0.233906305598685,0.0610629197265469,0.2507696879365459,5558,122276,False," ; fenêtre 2003-2024 ; 5558 traitées, 0 jamais traitées sur la fenêtre ; covariables invariantes dans le temps absorbées par les effets fixes unité : log_pop, share_women_1549, level_pre, pretrend_pre ; comparaisons sur la fenêtre identifiée (années < 2023, cohorte 2023 recodée contrôle, 60 unités de contrôle) ; cellules −8 et +8 bornées",event,0.0,5558.0,0.0,0.0,2003.0,2024.0,,,,,,,,,,,,
h2,H2,H2c,"log(naissances+0,5 / 1 000 f. 35-39)","unités avec covariables, bascule 4G ; fenêtre identifiée ≤ 2022, cohorte 2023 = contrôle",sunab,4,-0.1086438591243118,0.0716578639169769,-0.2490906916106588,0.0318029733620352,0.1294821730052124,5558,122276,False," ; fenêtre 2003-2024 ; 5558 traitées, 0 jamais traitées sur la fenêtre ; covariables invariantes dans le temps absorbées par les effets fixes unité : log_pop, share_women_1549, level_pre, pretrend_pre ; comparaisons sur la fenêtre identifiée (années < 2023, cohorte 2023 recodée contrôle, 60 unités de contrôle) ; cellules −8 et +8 bornées",event,0.0,5558.0,0.0,0.0,2003.0,2024.0,,,,,,,,,,,,
h2,H2,H2c,"log(naissances+0,5 / 1 000 f. 35-39)","unités avec covariables, bascule 4G ; fenêtre identifiée ≤ 2022, cohorte 2023 = contrôle",sunab,5,-0.2121914370282555,0.0899391930695542,-0.3884690162431762,-0.0359138578133347,0.0183106001520661,5558,122276,False," ; fenêtre 2003-2024 ; 5558 traitées, 0 jamais traitées sur la fenêtre ; covariables invariantes dans le temps absorbées par les effets fixes unité : log_pop, share_women_1549, level_pre, pretrend_pre ; comparaisons sur la fenêtre identifiée (années < 2023, cohorte 2023 recodée contrôle, 60 unités de contrôle) ; cellules −8 et +8 bornées",event,0.0,5558.0,0.0,0.0,2003.0,2024.0,,,,,,,,,,,,
h2,H2,H2c,"log(naissances+0,5 / 1 000 f. 35-39)","unités avec covariables, bascule 4G ; fenêtre identifiée ≤ 2022, cohorte 2023 = contrôle",sunab,6,-0.1793400215387009,0.0675441489163988,-0.3117241207812527,-0.046955922296149,0.0079272542347477,5558,122276,False," ; fenêtre 2003-2024 ; 5558 traitées, 0 jamais traitées sur la fenêtre ; covariables invariantes dans le temps absorbées par les effets fixes unité : log_pop, share_women_1549, level_pre, pretrend_pre ; comparaisons sur la fenêtre identifiée (années < 2023, cohorte 2023 recodée contrôle, 60 unités de contrôle) ; cellules −8 et +8 bornées",event,0.0,5558.0,0.0,0.0,2003.0,2024.0,,,,,,,,,,,,
h2,H2,H2c,"log(naissances+0,5 / 1 000 f. 35-39)","unités avec covariables, bascule 4G ; fenêtre identifiée ≤ 2022, cohorte 2023 = contrôle",sunab,7,-0.3372289007523949,0.0745718020126965,-0.4833869469595317,-0.1910708545452581,6.119903674225768e-06,5558,122276,False," ; fenêtre 2003-2024 ; 5558 traitées, 0 jamais traitées sur la fenêtre ; covariables invariantes dans le temps absorbées par les effets fixes unité : log_pop, share_women_1549, level_pre, pretrend_pre ; comparaisons sur la fenêtre identifiée (années < 2023, cohorte 2023 recodée contrôle, 60 unités de contrôle) ; cellules −8 et +8 bornées",event,0.0,5558.0,0.0,0.0,2003.0,2024.0,,,,,,,,,,,,
h2,H2,H2c,"log(naissances+0,5 / 1 000 f. 35-39)","unités avec covariables, bascule 4G ; fenêtre identifiée ≤ 2022, cohorte 2023 = contrôle",sunab,8,-0.4704468943055164,0.0830317203885597,-0.6331860758414936,-0.3077077127695393,1.462808058075146e-08,5558,122276,False," ; fenêtre 2003-2024 ; 5558 traitées, 0 jamais traitées sur la fenêtre ; covariables invariantes dans le temps absorbées par les effets fixes unité : log_pop, share_women_1549, level_pre, pretrend_pre ; comparaisons sur la fenêtre identifiée (années < 2023, cohorte 2023 recodée contrôle, 60 unités de contrôle) ; cellules −8 et +8 bornées",event,0.0,5558.0,0.0,0.0,2003.0,2024.0,,,,,,,,,,,,
h2,H2,H2c,"log(naissances+0,5 / 1 000 f. 35-39)","unités avec covariables, bascule 4G ; fenêtre identifiée ≤ 2022, cohorte 2023 = contrôle",sunab,"ATT[1,5]",-0.0917249889342776,0.066363992086229,-0.2217960232935877,0.0383460454250325,0.1669256613968064,5558,122276,False," ; fenêtre 2003-2024 ; 5558 traitées, 0 jamais traitées sur la fenêtre ; covariables invariantes dans le temps absorbées par les effets fixes unité : log_pop, share_women_1549, level_pre, pretrend_pre ; comparaisons sur la fenêtre identifiée (années < 2023, cohorte 2023 recodée contrôle, 60 unités de contrôle) ; écart-type avec covariance complète (w'Vw)",post_avg,0.0,5558.0,0.0,0.0,2003.0,2024.0,,,,,,,,,,,,
h2,H2,H2c,"log(naissances+0,5 / 1 000 f. 35-39)","unités avec covariables, bascule 4G ; fenêtre identifiée ≤ 2022, cohorte 2023 = contrôle",sunab,Wald pré (-8..−2),14.10716059520714,,,,0.0493078947513191,5558,122276,False,"test de Wald joint, covariance groupée, df = 7 ; fenêtre 2003-2024 ; 5558 traitées, 0 jamais traitées sur la fenêtre",pre_test,0.0,5558.0,0.0,0.0,2003.0,2024.0,,,,,,,,,,,7.0,
h2,H2,H2c,"log(naissances+0,5 / 1 000 f. 35-39)","unités avec covariables, bascule 4G ; fenêtre identifiée ≤ 2022, cohorte 2023 = contrôle",did2s,-8,-0.0010083368296454,0.0007262301805432,-0.0024317218279962,0.0004150481687053,0.1649989975981246,5558,122276,False," ; fenêtre 2003-2024 ; 5558 traitées, 0 jamais traitées sur la fenêtre ; covariables invariantes dans le temps absorbées par les effets fixes unité : log_pop, share_women_1549, level_pre, pretrend_pre ; comparaisons sur la fenêtre identifiée (années < 2023, cohorte 2023 recodée contrôle, 60 unités de contrôle) ; cellules −8 et +8 bornées ; did2s en deux étapes implémenté directement (pyfixest.did2s dépasse la mémoire au-delà de 5 000 unités), écarts-types par bootstrap par grappes (50 tirages, grappe = unit)",event,0.0,5558.0,0.0,0.0,2003.0,2024.0,,,,,,,,,,,,
h2,H2,H2c,"log(naissances+0,5 / 1 000 f. 35-39)","unités avec covariables, bascule 4G ; fenêtre identifiée ≤ 2022, cohorte 2023 = contrôle",did2s,-7,-0.0088051859299015,0.0047426934715324,-0.0181006943238184,0.0004903224640153,0.063371049100798,5558,122276,False," ; fenêtre 2003-2024 ; 5558 traitées, 0 jamais traitées sur la fenêtre ; covariables invariantes dans le temps absorbées par les effets fixes unité : log_pop, share_women_1549, level_pre, pretrend_pre ; comparaisons sur la fenêtre identifiée (années < 2023, cohorte 2023 recodée contrôle, 60 unités de contrôle) ; cellules −8 et +8 bornées ; did2s en deux étapes implémenté directement (pyfixest.did2s dépasse la mémoire au-delà de 5 000 unités), écarts-types par bootstrap par grappes (50 tirages, grappe = unit)",event,0.0,5558.0,0.0,0.0,2003.0,2024.0,,,,,,,,,,,,
h2,H2,H2c,"log(naissances+0,5 / 1 000 f. 35-39)","unités avec covariables, bascule 4G ; fenêtre identifiée ≤ 2022, cohorte 2023 = contrôle",did2s,-6,-0.0099872561138326,0.0051069306611013,-0.0199966562811347,2.2144053469371275e-05,0.0505090030903374,5558,122276,False," ; fenêtre 2003-2024 ; 5558 traitées, 0 jamais traitées sur la fenêtre ; covariables invariantes dans le temps absorbées par les effets fixes unité : log_pop, share_women_1549, level_pre, pretrend_pre ; comparaisons sur la fenêtre identifiée (années < 2023, cohorte 2023 recodée contrôle, 60 unités de contrôle) ; cellules −8 et +8 bornées ; did2s en deux étapes implémenté directement (pyfixest.did2s dépasse la mémoire au-delà de 5 000 unités), écarts-types par bootstrap par grappes (50 tirages, grappe = unit)",event,0.0,5558.0,0.0,0.0,2003.0,2024.0,,,,,,,,,,,,
h2,H2,H2c,"log(naissances+0,5 / 1 000 f. 35-39)","unités avec covariables, bascule 4G ; fenêtre identifiée ≤ 2022, cohorte 2023 = contrôle",did2s,-5,-0.0110244800678074,0.004802323244543,-0.0204368606692314,-0.0016120994663834,0.0216955831679652,5558,122276,False," ; fenêtre 2003-2024 ; 5558 traitées, 0 jamais traitées sur la fenêtre ; covariables invariantes dans le temps absorbées par les effets fixes unité : log_pop, share_women_1549, level_pre, pretrend_pre ; comparaisons sur la fenêtre identifiée (années < 2023, cohorte 2023 recodée contrôle, 60 unités de contrôle) ; cellules −8 et +8 bornées ; did2s en deux étapes implémenté directement (pyfixest.did2s dépasse la mémoire au-delà de 5 000 unités), écarts-types par bootstrap par grappes (50 tirages, grappe = unit)",event,0.0,5558.0,0.0,0.0,2003.0,2024.0,,,,,,,,,,,,
h2,H2,H2c,"log(naissances+0,5 / 1 000 f. 35-39)","unités avec covariables, bascule 4G ; fenêtre identifiée ≤ 2022, cohorte 2023 = contrôle",did2s,-4,-0.0029932780016633,0.0051475456019255,-0.0130822819902149,0.0070957259868882,0.560906105432937,5558,122276,False," ; fenêtre 2003-2024 ; 5558 traitées, 0 jamais traitées sur la fenêtre ; covariables invariantes dans le temps absorbées par les effets fixes unité : log_pop, share_women_1549, level_pre, pretrend_pre ; comparaisons sur la fenêtre identifiée (années < 2023, cohorte 2023 recodée contrôle, 60 unités de contrôle) ; cellules −8 et +8 bornées ; did2s en deux étapes implémenté directement (pyfixest.did2s dépasse la mémoire au-delà de 5 000 unités), écarts-types par bootstrap par grappes (50 tirages, grappe = unit)",event,0.0,5558.0,0.0,0.0,2003.0,2024.0,,,,,,,,,,,,
h2,H2,H2c,"log(naissances+0,5 / 1 000 f. 35-39)","unités avec covariables, bascule 4G ; fenêtre identifiée ≤ 2022, cohorte 2023 = contrôle",did2s,-3,0.0081275301620425,0.0041029311606238,8.593285617267653e-05,0.0161691274679123,0.0476015643655851,5558,122276,False," ; fenêtre 2003-2024 ; 5558 traitées, 0 jamais traitées sur la fenêtre ; covariables invariantes dans le temps absorbées par les effets fixes unité : log_pop, share_women_1549, level_pre, pretrend_pre ; comparaisons sur la fenêtre identifiée (années < 2023, cohorte 2023 recodée contrôle, 60 unités de contrôle) ; cellules −8 et +8 bornées ; did2s en deux étapes implémenté directement (pyfixest.did2s dépasse la mémoire au-delà de 5 000 unités), écarts-types par bootstrap par grappes (50 tirages, grappe = unit)",event,0.0,5558.0,0.0,0.0,2003.0,2024.0,,,,,,,,,,,,
h2,H2,H2c,"log(naissances+0,5 / 1 000 f. 35-39)","unités avec covariables, bascule 4G ; fenêtre identifiée ≤ 2022, cohorte 2023 = contrôle",did2s,-2,0.0130645877336465,0.0050757122062813,0.0031163746134448,0.0230128008538482,0.0100547189614939,5558,122276,False," ; fenêtre 2003-2024 ; 5558 traitées, 0 jamais traitées sur la fenêtre ; covariables invariantes dans le temps absorbées par les effets fixes unité : log_pop, share_women_1549, level_pre, pretrend_pre ; comparaisons sur la fenêtre identifiée (années < 2023, cohorte 2023 recodée contrôle, 60 unités de contrôle) ; cellules −8 et +8 bornées ; did2s en deux étapes implémenté directement (pyfixest.did2s dépasse la mémoire au-delà de 5 000 unités), écarts-types par bootstrap par grappes (50 tirages, grappe = unit)",event,0.0,5558.0,0.0,0.0,2003.0,2024.0,,,,,,,,,,,,
h2,H2,H2c,"log(naissances+0,5 / 1 000 f. 35-39)","unités avec covariables, bascule 4G ; fenêtre identifiée ≤ 2022, cohorte 2023 = contrôle",did2s,0,0.0119597860759762,0.0099111821438094,-0.0074657739701068,0.0313853461220592,0.2275491535167161,5558,122276,False," ; fenêtre 2003-2024 ; 5558 traitées, 0 jamais traitées sur la fenêtre ; covariables invariantes dans le temps absorbées par les effets fixes unité : log_pop, share_women_1549, level_pre, pretrend_pre ; comparaisons sur la fenêtre identifiée (années < 2023, cohorte 2023 recodée contrôle, 60 unités de contrôle) ; cellules −8 et +8 bornées ; did2s en deux étapes implémenté directement (pyfixest.did2s dépasse la mémoire au-delà de 5 000 unités), écarts-types par bootstrap par grappes (50 tirages, grappe = unit)",event,0.0,5558.0,0.0,0.0,2003.0,2024.0,,,,,,,,,,,,
h2,H2,H2c,"log(naissances+0,5 / 1 000 f. 35-39)","unités avec covariables, bascule 4G ; fenêtre identifiée ≤ 2022, cohorte 2023 = contrôle",did2s,1,0.0170798806305291,0.0146569830044472,-0.011647278180203,0.0458070394412614,0.2438948643428016,5558,122276,False," ; fenêtre 2003-2024 ; 5558 traitées, 0 jamais traitées sur la fenêtre ; covariables invariantes dans le temps absorbées par les effets fixes unité : log_pop, share_women_1549, level_pre, pretrend_pre ; comparaisons sur la fenêtre identifiée (années < 2023, cohorte 2023 recodée contrôle, 60 unités de contrôle) ; cellules −8 et +8 bornées ; did2s en deux étapes implémenté directement (pyfixest.did2s dépasse la mémoire au-delà de 5 000 unités), écarts-types par bootstrap par grappes (50 tirages, grappe = unit)",event,0.0,5558.0,0.0,0.0,2003.0,2024.0,,,,,,,,,,,,
h2,H2,H2c,"log(naissances+0,5 / 1 000 f. 35-39)","unités avec covariables, bascule 4G ; fenêtre identifiée ≤ 2022, cohorte 2023 = contrôle",did2s,2,0.0008546070037082,0.0182986109245552,-0.0350100113755312,0.0367192253829478,0.962749635381727,5558,122276,False," ; fenêtre 2003-2024 ; 5558 traitées, 0 jamais traitées sur la fenêtre ; covariables invariantes dans le temps absorbées par les effets fixes unité : log_pop, share_women_1549, level_pre, pretrend_pre ; comparaisons sur la fenêtre identifiée (années < 2023, cohorte 2023 recodée contrôle, 60 unités de contrôle) ; cellules −8 et +8 bornées ; did2s en deux étapes implémenté directement (pyfixest.did2s dépasse la mémoire au-delà de 5 000 unités), écarts-types par bootstrap par grappes (50 tirages, grappe = unit)",event,0.0,5558.0,0.0,0.0,2003.0,2024.0,,,,,,,,,,,,
h2,H2,H2c,"log(naissances+0,5 / 1 000 f. 35-39)","unités avec covariables, bascule 4G ; fenêtre identifiée ≤ 2022, cohorte 2023 = contrôle",did2s,3,-0.0495137717372884,0.0267902893342528,-0.1020217739678316,0.0029942304932546,0.0645736368032259,5558,122276,False," ; fenêtre 2003-2024 ; 5558 traitées, 0 jamais traitées sur la fenêtre ; covariables invariantes dans le temps absorbées par les effets fixes unité : log_pop, share_women_1549, level_pre, pretrend_pre ; comparaisons sur la fenêtre identifiée (années < 2023, cohorte 2023 recodée contrôle, 60 unités de contrôle) ; cellules −8 et +8 bornées ; did2s en deux étapes implémenté directement (pyfixest.did2s dépasse la mémoire au-delà de 5 000 unités), écarts-types par bootstrap par grappes (50 tirages, grappe = unit)",event,0.0,5558.0,0.0,0.0,2003.0,2024.0,,,,,,,,,,,,
h2,H2,H2c,"log(naissances+0,5 / 1 000 f. 35-39)","unités avec covariables, bascule 4G ; fenêtre identifiée ≤ 2022, cohorte 2023 = contrôle",did2s,4,-0.1180758100542857,0.0385875506204807,-0.1937060195220441,-0.0424456005865273,0.0022137711516425,5558,122276,False," ; fenêtre 2003-2024 ; 5558 traitées, 0 jamais traitées sur la fenêtre ; covariables invariantes dans le temps absorbées par les effets fixes unité : log_pop, share_women_1549, level_pre, pretrend_pre ; comparaisons sur la fenêtre identifiée (années < 2023, cohorte 2023 recodée contrôle, 60 unités de contrôle) ; cellules −8 et +8 bornées ; did2s en deux étapes implémenté directement (pyfixest.did2s dépasse la mémoire au-delà de 5 000 unités), écarts-types par bootstrap par grappes (50 tirages, grappe = unit)",event,0.0,5558.0,0.0,0.0,2003.0,2024.0,,,,,,,,,,,,
h2,H2,H2c,"log(naissances+0,5 / 1 000 f. 35-39)","unités avec covariables, bascule 4G ; fenêtre identifiée ≤ 2022, cohorte 2023 = contrôle",did2s,5,-0.2318649186212764,0.0635713276369534,-0.356462431239101,-0.1072674060034518,0.0002649907334987,5558,122276,False," ; fenêtre 2003-2024 ; 5558 traitées, 0 jamais traitées sur la fenêtre ; covariables invariantes dans le temps absorbées par les effets fixes unité : log_pop, share_women_1549, level_pre, pretrend_pre ; comparaisons sur la fenêtre identifiée (années < 2023, cohorte 2023 recodée contrôle, 60 unités de contrôle) ; cellules −8 et +8 bornées ; did2s en deux étapes implémenté directement (pyfixest.did2s dépasse la mémoire au-delà de 5 000 unités), écarts-types par bootstrap par grappes (50 tirages, grappe = unit)",event,0.0,5558.0,0.0,0.0,2003.0,2024.0,,,,,,,,,,,,
h2,H2,H2c,"log(naissances+0,5 / 1 000 f. 35-39)","unités avec covariables, bascule 4G ; fenêtre identifiée ≤ 2022, cohorte 2023 = contrôle",did2s,6,-0.1582268799355015,0.054496360819541,-0.2650377844303017,-0.0514159754407013,0.0036908841929261,5558,122276,False," ; fenêtre 2003-2024 ; 5558 traitées, 0 jamais traitées sur la fenêtre ; covariables invariantes dans le temps absorbées par les effets fixes unité : log_pop, share_women_1549, level_pre, pretrend_pre ; comparaisons sur la fenêtre identifiée (années < 2023, cohorte 2023 recodée contrôle, 60 unités de contrôle) ; cellules −8 et +8 bornées ; did2s en deux étapes implémenté directement (pyfixest.did2s dépasse la mémoire au-delà de 5 000 unités), écarts-types par bootstrap par grappes (50 tirages, grappe = unit)",event,0.0,5558.0,0.0,0.0,2003.0,2024.0,,,,,,,,,,,,
h2,H2,H2c,"log(naissances+0,5 / 1 000 f. 35-39)","unités avec covariables, bascule 4G ; fenêtre identifiée ≤ 2022, cohorte 2023 = contrôle",did2s,7,-0.1942258661566185,0.0578406107106591,-0.3075913799933121,-0.0808603523199249,0.0007852287722233,5558,122276,False," ; fenêtre 2003-2024 ; 5558 traitées, 0 jamais traitées sur la fenêtre ; covariables invariantes dans le temps absorbées par les effets fixes unité : log_pop, share_women_1549, level_pre, pretrend_pre ; comparaisons sur la fenêtre identifiée (années < 2023, cohorte 2023 recodée contrôle, 60 unités de contrôle) ; cellules −8 et +8 bornées ; did2s en deux étapes implémenté directement (pyfixest.did2s dépasse la mémoire au-delà de 5 000 unités), écarts-types par bootstrap par grappes (50 tirages, grappe = unit)",event,0.0,5558.0,0.0,0.0,2003.0,2024.0,,,,,,,,,,,,
h2,H2,H2c,"log(naissances+0,5 / 1 000 f. 35-39)","unités avec covariables, bascule 4G ; fenêtre identifiée ≤ 2022, cohorte 2023 = contrôle",did2s,8,-0.2704696668065235,0.082641068705437,-0.4324431851130804,-0.1084961484999667,0.0010647878588766,5558,122276,False," ; fenêtre 2003-2024 ; 5558 traitées, 0 jamais traitées sur la fenêtre ; covariables invariantes dans le temps absorbées par les effets fixes unité : log_pop, share_women_1549, level_pre, pretrend_pre ; comparaisons sur la fenêtre identifiée (années < 2023, cohorte 2023 recodée contrôle, 60 unités de contrôle) ; cellules −8 et +8 bornées ; did2s en deux étapes implémenté directement (pyfixest.did2s dépasse la mémoire au-delà de 5 000 unités), écarts-types par bootstrap par grappes (50 tirages, grappe = unit)",event,0.0,5558.0,0.0,0.0,2003.0,2024.0,,,,,,,,,,,,
h2,H2,H2c,"log(naissances+0,5 / 1 000 f. 35-39)","unités avec covariables, bascule 4G ; fenêtre identifiée ≤ 2022, cohorte 2023 = contrôle",did2s,"ATT[1,5]",-0.0763040025557226,0.028435269879546,-0.1320361074103094,-0.0205718977011358,0.0072871640056835,5558,122276,False," ; fenêtre 2003-2024 ; 5558 traitées, 0 jamais traitées sur la fenêtre ; covariables invariantes dans le temps absorbées par les effets fixes unité : log_pop, share_women_1549, level_pre, pretrend_pre ; comparaisons sur la fenêtre identifiée (années < 2023, cohorte 2023 recodée contrôle, 60 unités de contrôle) ; écart-type avec covariance complète (w'Vw)",post_avg,0.0,5558.0,0.0,0.0,2003.0,2024.0,,,,,,,,,,,,
h2,H2,H2c,"log(naissances+0,5 / 1 000 f. 35-39)","unités avec covariables, bascule 4G ; fenêtre identifiée ≤ 2022, cohorte 2023 = contrôle",did2s,Wald pré (-8..−2),51.791521342106286,,,,6.417786661088441e-09,5558,122276,False,"test de Wald joint, covariance groupée, df = 7 ; fenêtre 2003-2024 ; 5558 traitées, 0 jamais traitées sur la fenêtre",pre_test,0.0,5558.0,0.0,0.0,2003.0,2024.0,,,,,,,,,,,7.0,
h2,H2,H2c,"log(naissances+0,5 / 1 000 f. 35-39)","unités avec covariables, bascule 4G ; fenêtre identifiée ≤ 2022, cohorte 2023 = contrôle",twfe,-8,-0.1086313718002066,0.0278681126956568,-0.1632518690007974,-0.0540108745996157,9.696931842018704e-05,5558,122276,False," ; fenêtre 2003-2024 ; 5558 traitées, 0 jamais traitées sur la fenêtre ; covariables invariantes dans le temps absorbées par les effets fixes unité : log_pop, share_women_1549, level_pre, pretrend_pre ; comparaisons sur la fenêtre identifiée (années < 2023, cohorte 2023 recodée contrôle, 60 unités de contrôle) ; cellules −8 et +8 bornées",event,0.0,5558.0,0.0,0.0,2003.0,2024.0,,,,,,,,,,,,
h2,H2,H2c,"log(naissances+0,5 / 1 000 f. 35-39)","unités avec covariables, bascule 4G ; fenêtre identifiée ≤ 2022, cohorte 2023 = contrôle",twfe,-7,-0.1055079247102839,0.0230105232051199,-0.1506077214577423,-0.0604081279628256,4.535451191618957e-06,5558,122276,False," ; fenêtre 2003-2024 ; 5558 traitées, 0 jamais traitées sur la fenêtre ; covariables invariantes dans le temps absorbées par les effets fixes unité : log_pop, share_women_1549, level_pre, pretrend_pre ; comparaisons sur la fenêtre identifiée (années < 2023, cohorte 2023 recodée contrôle, 60 unités de contrôle) ; cellules −8 et +8 bornées",event,0.0,5558.0,0.0,0.0,2003.0,2024.0,,,,,,,,,,,,
h2,H2,H2c,"log(naissances+0,5 / 1 000 f. 35-39)","unités avec covariables, bascule 4G ; fenêtre identifiée ≤ 2022, cohorte 2023 = contrôle",twfe,-6,-0.0987737394341193,0.0202273286835378,-0.1384185751573074,-0.0591289037109311,1.0438712093308984e-06,5558,122276,False," ; fenêtre 2003-2024 ; 5558 traitées, 0 jamais traitées sur la fenêtre ; covariables invariantes dans le temps absorbées par les effets fixes unité : log_pop, share_women_1549, level_pre, pretrend_pre ; comparaisons sur la fenêtre identifiée (années < 2023, cohorte 2023 recodée contrôle, 60 unités de contrôle) ; cellules −8 et +8 bornées",event,0.0,5558.0,0.0,0.0,2003.0,2024.0,,,,,,,,,,,,
h2,H2,H2c,"log(naissances+0,5 / 1 000 f. 35-39)","unités avec covariables, bascule 4G ; fenêtre identifiée ≤ 2022, cohorte 2023 = contrôle",twfe,-5,-0.0893021935136029,0.0171712727477779,-0.1229572696679618,-0.0556471173592439,1.985670125397177e-07,5558,122276,False," ; fenêtre 2003-2024 ; 5558 traitées, 0 jamais traitées sur la fenêtre ; covariables invariantes dans le temps absorbées par les effets fixes unité : log_pop, share_women_1549, level_pre, pretrend_pre ; comparaisons sur la fenêtre identifiée (années < 2023, cohorte 2023 recodée contrôle, 60 unités de contrôle) ; cellules −8 et +8 bornées",event,0.0,5558.0,0.0,0.0,2003.0,2024.0,,,,,,,,,,,,
h2,H2,H2c,"log(naissances+0,5 / 1 000 f. 35-39)","unités avec covariables, bascule 4G ; fenêtre identifiée ≤ 2022, cohorte 2023 = contrôle",twfe,-4,-0.0670361286502836,0.014167606093106,-0.0948041263399217,-0.0392681309606456,2.227040748935092e-06,5558,122276,False," ; fenêtre 2003-2024 ; 5558 traitées, 0 jamais traitées sur la fenêtre ; covariables invariantes dans le temps absorbées par les effets fixes unité : log_pop, share_women_1549, level_pre, pretrend_pre ; comparaisons sur la fenêtre identifiée (années < 2023, cohorte 2023 recodée contrôle, 60 unités de contrôle) ; cellules −8 et +8 bornées",event,0.0,5558.0,0.0,0.0,2003.0,2024.0,,,,,,,,,,,,
h2,H2,H2c,"log(naissances+0,5 / 1 000 f. 35-39)","unités avec covariables, bascule 4G ; fenêtre identifiée ≤ 2022, cohorte 2023 = contrôle",twfe,-3,-0.0414437225886536,0.0110938478698666,-0.0631872648635587,-0.0197001803137485,0.0001871645551676,5558,122276,False," ; fenêtre 2003-2024 ; 5558 traitées, 0 jamais traitées sur la fenêtre ; covariables invariantes dans le temps absorbées par les effets fixes unité : log_pop, share_women_1549, level_pre, pretrend_pre ; comparaisons sur la fenêtre identifiée (années < 2023, cohorte 2023 recodée contrôle, 60 unités de contrôle) ; cellules −8 et +8 bornées",event,0.0,5558.0,0.0,0.0,2003.0,2024.0,,,,,,,,,,,,
h2,H2,H2c,"log(naissances+0,5 / 1 000 f. 35-39)","unités avec covariables, bascule 4G ; fenêtre identifiée ≤ 2022, cohorte 2023 = contrôle",twfe,-2,-0.0219018692975425,0.0087208676305032,-0.0389944557672701,-0.0048092828278148,0.0120242321788587,5558,122276,False," ; fenêtre 2003-2024 ; 5558 traitées, 0 jamais traitées sur la fenêtre ; covariables invariantes dans le temps absorbées par les effets fixes unité : log_pop, share_women_1549, level_pre, pretrend_pre ; comparaisons sur la fenêtre identifiée (années < 2023, cohorte 2023 recodée contrôle, 60 unités de contrôle) ; cellules −8 et +8 bornées",event,0.0,5558.0,0.0,0.0,2003.0,2024.0,,,,,,,,,,,,
h2,H2,H2c,"log(naissances+0,5 / 1 000 f. 35-39)","unités avec covariables, bascule 4G ; fenêtre identifiée ≤ 2022, cohorte 2023 = contrôle",twfe,0,0.0186640354924821,0.0084777502826207,0.0020479502686213,0.035280120716343,0.0276984092610956,5558,122276,False," ; fenêtre 2003-2024 ; 5558 traitées, 0 jamais traitées sur la fenêtre ; covariables invariantes dans le temps absorbées par les effets fixes unité : log_pop, share_women_1549, level_pre, pretrend_pre ; comparaisons sur la fenêtre identifiée (années < 2023, cohorte 2023 recodée contrôle, 60 unités de contrôle) ; cellules −8 et +8 bornées",event,0.0,5558.0,0.0,0.0,2003.0,2024.0,,,,,,,,,,,,
h2,H2,H2c,"log(naissances+0,5 / 1 000 f. 35-39)","unités avec covariables, bascule 4G ; fenêtre identifiée ≤ 2022, cohorte 2023 = contrôle",twfe,1,0.0543413856896134,0.010627764810134,0.0335113494255885,0.0751714219536383,3.168257660942996e-07,5558,122276,False," ; fenêtre 2003-2024 ; 5558 traitées, 0 jamais traitées sur la fenêtre ; covariables invariantes dans le temps absorbées par les effets fixes unité : log_pop, share_women_1549, level_pre, pretrend_pre ; comparaisons sur la fenêtre identifiée (années < 2023, cohorte 2023 recodée contrôle, 60 unités de contrôle) ; cellules −8 et +8 bornées",event,0.0,5558.0,0.0,0.0,2003.0,2024.0,,,,,,,,,,,,
h2,H2,H2c,"log(naissances+0,5 / 1 000 f. 35-39)","unités avec covariables, bascule 4G ; fenêtre identifiée ≤ 2022, cohorte 2023 = contrôle",twfe,2,0.0726589695218874,0.0135853911009984,0.0460320922480394,0.0992858467957354,8.877618841261989e-08,5558,122276,False," ; fenêtre 2003-2024 ; 5558 traitées, 0 jamais traitées sur la fenêtre ; covariables invariantes dans le temps absorbées par les effets fixes unité : log_pop, share_women_1549, level_pre, pretrend_pre ; comparaisons sur la fenêtre identifiée (années < 2023, cohorte 2023 recodée contrôle, 60 unités de contrôle) ; cellules −8 et +8 bornées",event,0.0,5558.0,0.0,0.0,2003.0,2024.0,,,,,,,,,,,,
h2,H2,H2c,"log(naissances+0,5 / 1 000 f. 35-39)","unités avec covariables, bascule 4G ; fenêtre identifiée ≤ 2022, cohorte 2023 = contrôle",twfe,3,0.0890087705115375,0.0169124348270784,0.055861007359583,0.1221565336634921,1.4178624144338082e-07,5558,122276,False," ; fenêtre 2003-2024 ; 5558 traitées, 0 jamais traitées sur la fenêtre ; covariables invariantes dans le temps absorbées par les effets fixes unité : log_pop, share_women_1549, level_pre, pretrend_pre ; comparaisons sur la fenêtre identifiée (années < 2023, cohorte 2023 recodée contrôle, 60 unités de contrôle) ; cellules −8 et +8 bornées",event,0.0,5558.0,0.0,0.0,2003.0,2024.0,,,,,,,,,,,,
h2,H2,H2c,"log(naissances+0,5 / 1 000 f. 35-39)","unités avec covariables, bascule 4G ; fenêtre identifiée ≤ 2022, cohorte 2023 = contrôle",twfe,4,0.0911139773865112,0.0201537906817903,0.0516132734982431,0.1306146812747793,6.1567096196012775e-06,5558,122276,False," ; fenêtre 2003-2024 ; 5558 traitées, 0 jamais traitées sur la fenêtre ; covariables invariantes dans le temps absorbées par les effets fixes unité : log_pop, share_women_1549, level_pre, pretrend_pre ; comparaisons sur la fenêtre identifiée (années < 2023, cohorte 2023 recodée contrôle, 60 unités de contrôle) ; cellules −8 et +8 bornées",event,0.0,5558.0,0.0,0.0,2003.0,2024.0,,,,,,,,,,,,
h2,H2,H2c,"log(naissances+0,5 / 1 000 f. 35-39)","unités avec covariables, bascule 4G ; fenêtre identifiée ≤ 2022, cohorte 2023 = contrôle",twfe,5,0.0868644675972596,0.0232624088836264,0.0412709839917073,0.132457951202812,0.0001883777733604,5558,122276,False," ; fenêtre 2003-2024 ; 5558 traitées, 0 jamais traitées sur la fenêtre ; covariables invariantes dans le temps absorbées par les effets fixes unité : log_pop, share_women_1549, level_pre, pretrend_pre ; comparaisons sur la fenêtre identifiée (années < 2023, cohorte 2023 recodée contrôle, 60 unités de contrôle) ; cellules −8 et +8 bornées",event,0.0,5558.0,0.0,0.0,2003.0,2024.0,,,,,,,,,,,,
h2,H2,H2c,"log(naissances+0,5 / 1 000 f. 35-39)","unités avec covariables, bascule 4G ; fenêtre identifiée ≤ 2022, cohorte 2023 = contrôle",twfe,6,0.1202266322320224,0.0261017983729963,0.0690680474892234,0.1713852169748214,4.103562142661002e-06,5558,122276,False," ; fenêtre 2003-2024 ; 5558 traitées, 0 jamais traitées sur la fenêtre ; covariables invariantes dans le temps absorbées par les effets fixes unité : log_pop, share_women_1549, level_pre, pretrend_pre ; comparaisons sur la fenêtre identifiée (années < 2023, cohorte 2023 recodée contrôle, 60 unités de contrôle) ; cellules −8 et +8 bornées",event,0.0,5558.0,0.0,0.0,2003.0,2024.0,,,,,,,,,,,,
h2,H2,H2c,"log(naissances+0,5 / 1 000 f. 35-39)","unités avec covariables, bascule 4G ; fenêtre identifiée ≤ 2022, cohorte 2023 = contrôle",twfe,7,0.1066564635212797,0.0299480252416275,0.0479594126395933,0.1653535144029661,0.0003689029477054,5558,122276,False," ; fenêtre 2003-2024 ; 5558 traitées, 0 jamais traitées sur la fenêtre ; covariables invariantes dans le temps absorbées par les effets fixes unité : log_pop, share_women_1549, level_pre, pretrend_pre ; comparaisons sur la fenêtre identifiée (années < 2023, cohorte 2023 recodée contrôle, 60 unités de contrôle) ; cellules −8 et +8 bornées",event,0.0,5558.0,0.0,0.0,2003.0,2024.0,,,,,,,,,,,,
h2,H2,H2c,"log(naissances+0,5 / 1 000 f. 35-39)","unités avec covariables, bascule 4G ; fenêtre identifiée ≤ 2022, cohorte 2023 = contrôle",twfe,8,0.0992231104758843,0.0326968421938863,0.0351384773676775,0.1633077435840911,0.0024082380303043,5558,122276,False," ; fenêtre 2003-2024 ; 5558 traitées, 0 jamais traitées sur la fenêtre ; covariables invariantes dans le temps absorbées par les effets fixes unité : log_pop, share_women_1549, level_pre, pretrend_pre ; comparaisons sur la fenêtre identifiée (années < 2023, cohorte 2023 recodée contrôle, 60 unités de contrôle) ; cellules −8 et +8 bornées",event,0.0,5558.0,0.0,0.0,2003.0,2024.0,,,,,,,,,,,,
h2,H2,H2c,"log(naissances+0,5 / 1 000 f. 35-39)","unités avec covariables, bascule 4G ; fenêtre identifiée ≤ 2022, cohorte 2023 = contrôle",twfe,"ATT[1,5]",0.0787975141413618,0.0159499780789029,0.0475361315525087,0.110058896730215,7.80065422227601e-07,5558,122276,False," ; fenêtre 2003-2024 ; 5558 traitées, 0 jamais traitées sur la fenêtre ; covariables invariantes dans le temps absorbées par les effets fixes unité : log_pop, share_women_1549, level_pre, pretrend_pre ; comparaisons sur la fenêtre identifiée (années < 2023, cohorte 2023 recodée contrôle, 60 unités de contrôle) ; écart-type avec covariance complète (w'Vw)",post_avg,0.0,5558.0,0.0,0.0,2003.0,2024.0,,,,,,,,,,,,
h2,H2,H2c,"log(naissances+0,5 / 1 000 f. 35-39)","unités avec covariables, bascule 4G ; fenêtre identifiée ≤ 2022, cohorte 2023 = contrôle",twfe,Wald pré (-8..−2),34.61121046966607,,,,1.3231869144233891e-05,5558,122276,False,"test de Wald joint, covariance groupée, df = 7 ; fenêtre 2003-2024 ; 5558 traitées, 0 jamais traitées sur la fenêtre",pre_test,0.0,5558.0,0.0,0.0,2003.0,2024.0,,,,,,,,,,,7.0,
h2,H2,H2c,"log(naissances+0,5 / 1 000 f. 35-39)","unités avec covariables, bascule 4G ; fenêtre identifiée ≤ 2022, cohorte 2023 = contrôle",twfe,ATT,0.0491995748306149,0.0083022008645826,0.0329275601436156,0.0654715895176142,3.1023594435364635e-09,5558,122276,False," ; fenêtre 2003-2024 ; 5558 traitées, 0 jamais traitées sur la fenêtre ; covariables invariantes dans le temps absorbées par les effets fixes unité : log_pop, share_women_1549, level_pre, pretrend_pre ; comparaisons sur la fenêtre identifiée (années < 2023, cohorte 2023 recodée contrôle, 60 unités de contrôle)",static,0.0,5558.0,0.0,0.0,2003.0,2024.0,,,,,,,,,,,,
h2,H2,H2c,"log(naissances+0,5 / 1 000 f. 35-39)","unités avec covariables, bascule 4G ; fenêtre complète",twfe,ATT,0.0518733622492593,0.0079500542387415,0.0362915422661858,0.0674551822323328,6.804387180261456e-11,5558,122276,True," ; fenêtre 2003-2024 ; 5558 traitées, 0 jamais traitées sur la fenêtre ; covariables invariantes dans le temps absorbées par les effets fixes unité : log_pop, share_women_1549, level_pre, pretrend_pre ; TWFE sur toutes les années (identification par le calendrier des bascules seulement)",static,0.0,5558.0,0.0,0.0,2003.0,2024.0,,,,,,,,,,,,
h2,H2,H2c,"log(naissances+0,5 / 1 000 f. 35-39)","unités avec covariables, bascule 4G ; fenêtre identifiée ≤ 2022, cohorte 2023 = contrôle",twfe_poisson,ATT (log du taux contrefactuel),0.1184617045096991,0.0056195042137687,0.1074476786397413,0.1294757303796568,1.202228178309127e-98,5558,122276,False," ; fenêtre 2003-2024 ; 5558 traitées, 0 jamais traitées sur la fenêtre ; covariables invariantes dans le temps absorbées par les effets fixes unité : log_pop, share_women_1549, level_pre, pretrend_pre ; comparaisons sur la fenêtre identifiée (années < 2023, cohorte 2023 recodée contrôle, 60 unités de contrôle) ; Poisson à effets fixes, offset = log(women)",static,0.0,5558.0,0.0,0.0,2003.0,2024.0,,,,,,,,,,,,
h2,H2,H2c,"log(naissances+0,5 / 1 000 f. 35-39)","unités avec covariables, bascule 4G ; fenêtre identifiée ≤ 2022, cohorte 2023 = contrôle",twfe_poisson,ATT en % du taux contrefactuel,12.576376160127012,0.6326234202026445,11.34326028174122,13.823148678040663,1.202228178309127e-98,5558,122276,False," ; fenêtre 2003-2024 ; 5558 traitées, 0 jamais traitées sur la fenêtre ; covariables invariantes dans le temps absorbées par les effets fixes unité : log_pop, share_women_1549, level_pre, pretrend_pre ; comparaisons sur la fenêtre identifiée (années < 2023, cohorte 2023 recodée contrôle, 60 unités de contrôle) ; Poisson à effets fixes, offset = log(women)",static,0.0,5558.0,0.0,0.0,2003.0,2024.0,,,,,,,,,,,,
h2,H2,H2c,"log(naissances+0,5 / 1 000 f. 40-49)","unités avec covariables, bascule 4G",cs,-8,-0.0415674066038855,0.0469619246511714,-0.1336110875648653,0.0504762743570942,0.3760865410667935,5558,122276,False," ; covariables : log_pop, share_women_1549, level_pre, pretrend_pre (doublement robuste) ; contrôle = not_yet_treated ; fenêtre 2003-2024 ; 5558 traitées, 0 jamais traitées sur la fenêtre ; ATT(g,t) identifiés jusqu'en 2022 (sans unité jamais traitée, la dernière cohorte sert de contrôle)",event,0.0,5558.0,0.0,0.0,2003.0,2024.0,2003.0,2022.0,5558.0,5.0,dr,9.0,5498.0,,,,,
h2,H2,H2c,"log(naissances+0,5 / 1 000 f. 40-49)","unités avec covariables, bascule 4G",cs,-7,0.0078260484891746,0.0640647684679265,-0.1177385903858586,0.133390687364208,0.902773585519772,5558,122276,False," ; covariables : log_pop, share_women_1549, level_pre, pretrend_pre (doublement robuste) ; contrôle = not_yet_treated ; fenêtre 2003-2024 ; 5558 traitées, 0 jamais traitées sur la fenêtre ; ATT(g,t) identifiés jusqu'en 2022 (sans unité jamais traitée, la dernière cohorte sert de contrôle)",event,0.0,5558.0,0.0,0.0,2003.0,2024.0,2003.0,2022.0,5558.0,5.0,dr,9.0,5498.0,,,,,
h2,H2,H2c,"log(naissances+0,5 / 1 000 f. 40-49)","unités avec covariables, bascule 4G",cs,-6,-0.0009841335190778,0.0553557431450995,-0.1094793964209229,0.1075111293827673,0.9858156799329816,5558,122276,False," ; covariables : log_pop, share_women_1549, level_pre, pretrend_pre (doublement robuste) ; contrôle = not_yet_treated ; fenêtre 2003-2024 ; 5558 traitées, 0 jamais traitées sur la fenêtre ; ATT(g,t) identifiés jusqu'en 2022 (sans unité jamais traitée, la dernière cohorte sert de contrôle)",event,0.0,5558.0,0.0,0.0,2003.0,2024.0,2003.0,2022.0,5558.0,5.0,dr,9.0,5498.0,,,,,
h2,H2,H2c,"log(naissances+0,5 / 1 000 f. 40-49)","unités avec covariables, bascule 4G",cs,-5,-0.0542309199445022,0.0209713259087851,-0.0953339634337728,-0.0131278764552316,0.0097109408337631,5558,122276,False," ; covariables : log_pop, share_women_1549, level_pre, pretrend_pre (doublement robuste) ; contrôle = not_yet_treated ; fenêtre 2003-2024 ; 5558 traitées, 0 jamais traitées sur la fenêtre ; ATT(g,t) identifiés jusqu'en 2022 (sans unité jamais traitée, la dernière cohorte sert de contrôle)",event,0.0,5558.0,0.0,0.0,2003.0,2024.0,2003.0,2022.0,5558.0,5.0,dr,9.0,5498.0,,,,,
h2,H2,H2c,"log(naissances+0,5 / 1 000 f. 40-49)","unités avec covariables, bascule 4G",cs,-4,0.0034202728020349,0.0304191829101668,-0.0562002301410283,0.0630407757450982,0.910476108091567,5558,122276,False," ; covariables : log_pop, share_women_1549, level_pre, pretrend_pre (doublement robuste) ; contrôle = not_yet_treated ; fenêtre 2003-2024 ; 5558 traitées, 0 jamais traitées sur la fenêtre ; ATT(g,t) identifiés jusqu'en 2022 (sans unité jamais traitée, la dernière cohorte sert de contrôle)",event,0.0,5558.0,0.0,0.0,2003.0,2024.0,2003.0,2022.0,5558.0,5.0,dr,9.0,5498.0,,,,,
h2,H2,H2c,"log(naissances+0,5 / 1 000 f. 40-49)","unités avec covariables, bascule 4G",cs,-3,-0.041099677034455,0.0243760175240392,-0.0888757934680892,0.0066764393991792,0.0917822766467986,5558,122276,False," ; covariables : log_pop, share_women_1549, level_pre, pretrend_pre (doublement robuste) ; contrôle = not_yet_treated ; fenêtre 2003-2024 ; 5558 traitées, 0 jamais traitées sur la fenêtre ; ATT(g,t) identifiés jusqu'en 2022 (sans unité jamais traitée, la dernière cohorte sert de contrôle)",event,0.0,5558.0,0.0,0.0,2003.0,2024.0,2003.0,2022.0,5558.0,5.0,dr,9.0,5498.0,,,,,
h2,H2,H2c,"log(naissances+0,5 / 1 000 f. 40-49)","unités avec covariables, bascule 4G",cs,-2,-0.0057643336344538,0.0247800974936035,-0.0543324322553081,0.0428037649864005,0.8160568918152251,5558,122276,False," ; covariables : log_pop, share_women_1549, level_pre, pretrend_pre (doublement robuste) ; contrôle = not_yet_treated ; fenêtre 2003-2024 ; 5558 traitées, 0 jamais traitées sur la fenêtre ; ATT(g,t) identifiés jusqu'en 2022 (sans unité jamais traitée, la dernière cohorte sert de contrôle)",event,0.0,5558.0,0.0,0.0,2003.0,2024.0,2003.0,2022.0,5558.0,5.0,dr,9.0,5498.0,,,,,
h2,H2,H2c,"log(naissances+0,5 / 1 000 f. 40-49)","unités avec covariables, bascule 4G",cs,0,0.0675598648332939,0.0846576468264722,-0.0983660739625032,0.2334858036290912,0.4248494965093277,5558,122276,False," ; covariables : log_pop, share_women_1549, level_pre, pretrend_pre (doublement robuste) ; contrôle = not_yet_treated ; fenêtre 2003-2024 ; 5558 traitées, 0 jamais traitées sur la fenêtre ; ATT(g,t) identifiés jusqu'en 2022 (sans unité jamais traitée, la dernière cohorte sert de contrôle)",event,0.0,5558.0,0.0,0.0,2003.0,2024.0,2003.0,2022.0,5558.0,5.0,dr,9.0,5498.0,,,,,
h2,H2,H2c,"log(naissances+0,5 / 1 000 f. 40-49)","unités avec covariables, bascule 4G",cs,1,0.2224274678181457,0.1352172135631566,-0.0425934008555021,0.4874483364917937,0.0999772057997058,5558,122276,False," ; covariables : log_pop, share_women_1549, level_pre, pretrend_pre (doublement robuste) ; contrôle = not_yet_treated ; fenêtre 2003-2024 ; 5558 traitées, 0 jamais traitées sur la fenêtre ; ATT(g,t) identifiés jusqu'en 2022 (sans unité jamais traitée, la dernière cohorte sert de contrôle)",event,0.0,5558.0,0.0,0.0,2003.0,2024.0,2003.0,2022.0,5558.0,5.0,dr,8.0,5438.0,,,,,
h2,H2,H2c,"log(naissances+0,5 / 1 000 f. 40-49)","unités avec covariables, bascule 4G",cs,2,0.0515450254239602,0.0680847152221541,-0.0818985643091279,0.1849886151570484,0.4490067816248977,5558,122276,False," ; covariables : log_pop, share_women_1549, level_pre, pretrend_pre (doublement robuste) ; contrôle = not_yet_treated ; fenêtre 2003-2024 ; 5558 traitées, 0 jamais traitées sur la fenêtre ; ATT(g,t) identifiés jusqu'en 2022 (sans unité jamais traitée, la dernière cohorte sert de contrôle)",event,0.0,5558.0,0.0,0.0,2003.0,2024.0,2003.0,2022.0,5558.0,5.0,dr,7.0,5268.0,,,,,
h2,H2,H2c,"log(naissances+0,5 / 1 000 f. 40-49)","unités avec covariables, bascule 4G",cs,3,-0.0542137096953263,0.0472730335427836,-0.1468671528791362,0.0384397334884836,0.2514555898415004,5558,122276,False," ; covariables : log_pop, share_women_1549, level_pre, pretrend_pre (doublement robuste) ; contrôle = not_yet_treated ; fenêtre 2003-2024 ; 5558 traitées, 0 jamais traitées sur la fenêtre ; ATT(g,t) identifiés jusqu'en 2022 (sans unité jamais traitée, la dernière cohorte sert de contrôle)",event,0.0,5558.0,0.0,0.0,2003.0,2024.0,2003.0,2022.0,5558.0,5.0,dr,6.0,4844.0,,,,,
h2,H2,H2c,"log(naissances+0,5 / 1 000 f. 40-49)","unités avec covariables, bascule 4G",cs,4,-0.0456233190626419,0.0833148492581828,-0.208917422986064,0.1176707848607802,0.5839657023683476,5558,122276,False," ; covariables : log_pop, share_women_1549, level_pre, pretrend_pre (doublement robuste) ; contrôle = not_yet_treated ; fenêtre 2003-2024 ; 5558 traitées, 0 jamais traitées sur la fenêtre ; ATT(g,t) identifiés jusqu'en 2022 (sans unité jamais traitée, la dernière cohorte sert de contrôle)",event,0.0,5558.0,0.0,0.0,2003.0,2024.0,2003.0,2022.0,5558.0,5.0,dr,5.0,4445.0,,,,,
h2,H2,H2c,"log(naissances+0,5 / 1 000 f. 40-49)","unités avec covariables, bascule 4G",cs,5,-0.2225447139204978,0.1385271279116448,-0.4940528955090949,0.0489634676680992,0.1081626956584082,5558,122276,False," ; covariables : log_pop, share_women_1549, level_pre, pretrend_pre (doublement robuste) ; contrôle = not_yet_treated ; fenêtre 2003-2024 ; 5558 traitées, 0 jamais traitées sur la fenêtre ; ATT(g,t) identifiés jusqu'en 2022 (sans unité jamais traitée, la dernière cohorte sert de contrôle)",event,0.0,5558.0,0.0,0.0,2003.0,2024.0,2003.0,2022.0,5558.0,5.0,dr,4.0,3767.0,,,,,
h2,H2,H2c,"log(naissances+0,5 / 1 000 f. 40-49)","unités avec covariables, bascule 4G",cs,6,-0.0194165177410653,0.1834342463235253,-0.3789410340664238,0.340107998584293,0.9157013533533712,5558,122276,False," ; covariables : log_pop, share_women_1549, level_pre, pretrend_pre (doublement robuste) ; contrôle = not_yet_treated ; fenêtre 2003-2024 ; 5558 traitées, 0 jamais traitées sur la fenêtre ; ATT(g,t) identifiés jusqu'en 2022 (sans unité jamais traitée, la dernière cohorte sert de contrôle)",event,0.0,5558.0,0.0,0.0,2003.0,2024.0,2003.0,2022.0,5558.0,5.0,dr,3.0,1032.0,,,,,
h2,H2,H2c,"log(naissances+0,5 / 1 000 f. 40-49)","unités avec covariables, bascule 4G",cs,7,0.34109026840377,0.2781726251735857,-0.2041180584214179,0.8862985952289579,0.2201301899727442,5558,122276,False," ; covariables : log_pop, share_women_1549, level_pre, pretrend_pre (doublement robuste) ; contrôle = not_yet_treated ; fenêtre 2003-2024 ; 5558 traitées, 0 jamais traitées sur la fenêtre ; ATT(g,t) identifiés jusqu'en 2022 (sans unité jamais traitée, la dernière cohorte sert de contrôle)",event,0.0,5558.0,0.0,0.0,2003.0,2024.0,2003.0,2022.0,5558.0,5.0,dr,2.0,481.0,,,,,
h2,H2,H2c,"log(naissances+0,5 / 1 000 f. 40-49)","unités avec covariables, bascule 4G",cs,8,-0.4669453238875586,0.5997145812951269,-1.6423643042295255,0.7084736564544083,0.4362079599528616,5558,122276,False," ; covariables : log_pop, share_women_1549, level_pre, pretrend_pre (doublement robuste) ; contrôle = not_yet_treated ; fenêtre 2003-2024 ; 5558 traitées, 0 jamais traitées sur la fenêtre ; ATT(g,t) identifiés jusqu'en 2022 (sans unité jamais traitée, la dernière cohorte sert de contrôle)",event,0.0,5558.0,0.0,0.0,2003.0,2024.0,2003.0,2022.0,5558.0,5.0,dr,1.0,187.0,,,,,
h2,H2,H2c,"log(naissances+0,5 / 1 000 f. 40-49)","unités avec covariables, bascule 4G",cs,"ATT[1,5]",-0.009681849887272,0.0612173083434046,-0.1296655694708285,0.1103018696962845,0.8743343212643018,5558,122276,False," ; covariables : log_pop, share_women_1549, level_pre, pretrend_pre (doublement robuste) ; contrôle = not_yet_treated ; fenêtre 2003-2024 ; 5558 traitées, 0 jamais traitées sur la fenêtre ; ATT(g,t) identifiés jusqu'en 2022 (sans unité jamais traitée, la dernière cohorte sert de contrôle) ; écart-type avec covariance complète des coefficients (fonctions d'influence)",post_avg,0.0,5558.0,0.0,0.0,2003.0,2024.0,2003.0,2022.0,5558.0,5.0,dr,,,,,5.0,,
h2,H2,H2c,"log(naissances+0,5 / 1 000 f. 40-49)","unités avec covariables, bascule 4G",cs,ATT,0.0195581039299835,0.0589944985450473,-0.0960689885043099,0.135185196364277,0.7402485646333599,5558,122276,False," ; covariables : log_pop, share_women_1549, level_pre, pretrend_pre (doublement robuste) ; contrôle = not_yet_treated ; fenêtre 2003-2024 ; 5558 traitées, 0 jamais traitées sur la fenêtre ; ATT(g,t) identifiés jusqu'en 2022 (sans unité jamais traitée, la dernière cohorte sert de contrôle) ; moyenne de tous les ATT(g,t) post",simple,0.0,5558.0,0.0,0.0,2003.0,2024.0,2003.0,2022.0,5558.0,5.0,dr,,,,,,,
h2,H2,H2c,"log(naissances+0,5 / 1 000 f. 40-49)","unités avec covariables, bascule 4G",cs,Wald pré (-8..-2),18.369921874102836,,,,0.0104079258240317,5558,122276,False,"H5c : test de Wald joint de nullité des coefficients pré avec covariance des fonctions d'influence, df = 7 ; fenêtre 2003-2024 ; 5558 traitées, 0 jamais traitées sur la fenêtre",pre_test,0.0,5558.0,0.0,0.0,2003.0,2024.0,2003.0,2022.0,5558.0,5.0,dr,,,,,,7.0,
h2,H2,H2c,"log(naissances+0,5 / 1 000 f. 40-49)","unités avec covariables, bascule 4G ; fenêtre identifiée ≤ 2022, cohorte 2023 = contrôle",sunab,-8,0.0408488592868112,0.0585831693940513,-0.0739720428257385,0.155669761399361,0.485627721473881,5558,122276,False," ; fenêtre 2003-2024 ; 5558 traitées, 0 jamais traitées sur la fenêtre ; covariables invariantes dans le temps absorbées par les effets fixes unité : log_pop, share_women_1549, level_pre, pretrend_pre ; comparaisons sur la fenêtre identifiée (années < 2023, cohorte 2023 recodée contrôle, 60 unités de contrôle) ; cellules −8 et +8 bornées",event,0.0,5558.0,0.0,0.0,2003.0,2024.0,,,,,,,,,,,,
h2,H2,H2c,"log(naissances+0,5 / 1 000 f. 40-49)","unités avec covariables, bascule 4G ; fenêtre identifiée ≤ 2022, cohorte 2023 = contrôle",sunab,-7,0.0504096016215456,0.0569168860058964,-0.0611454450621832,0.1619646483052745,0.3757951591587556,5558,122276,False," ; fenêtre 2003-2024 ; 5558 traitées, 0 jamais traitées sur la fenêtre ; covariables invariantes dans le temps absorbées par les effets fixes unité : log_pop, share_women_1549, level_pre, pretrend_pre ; comparaisons sur la fenêtre identifiée (années < 2023, cohorte 2023 recodée contrôle, 60 unités de contrôle) ; cellules −8 et +8 bornées",event,0.0,5558.0,0.0,0.0,2003.0,2024.0,,,,,,,,,,,,
h2,H2,H2c,"log(naissances+0,5 / 1 000 f. 40-49)","unités avec covariables, bascule 4G ; fenêtre identifiée ≤ 2022, cohorte 2023 = contrôle",sunab,-6,0.0653334279903415,0.0551832585245157,-0.0428237712672721,0.1734906272479553,0.2364385300072887,5558,122276,False," ; fenêtre 2003-2024 ; 5558 traitées, 0 jamais traitées sur la fenêtre ; covariables invariantes dans le temps absorbées par les effets fixes unité : log_pop, share_women_1549, level_pre, pretrend_pre ; comparaisons sur la fenêtre identifiée (années < 2023, cohorte 2023 recodée contrôle, 60 unités de contrôle) ; cellules −8 et +8 bornées",event,0.0,5558.0,0.0,0.0,2003.0,2024.0,,,,,,,,,,,,
h2,H2,H2c,"log(naissances+0,5 / 1 000 f. 40-49)","unités avec covariables, bascule 4G ; fenêtre identifiée ≤ 2022, cohorte 2023 = contrôle",sunab,-5,0.049595160281106,0.0523681348246351,-0.0530444979127166,0.1522348184749286,0.3436140971953657,5558,122276,False," ; fenêtre 2003-2024 ; 5558 traitées, 0 jamais traitées sur la fenêtre ; covariables invariantes dans le temps absorbées par les effets fixes unité : log_pop, share_women_1549, level_pre, pretrend_pre ; comparaisons sur la fenêtre identifiée (années < 2023, cohorte 2023 recodée contrôle, 60 unités de contrôle) ; cellules −8 et +8 bornées",event,0.0,5558.0,0.0,0.0,2003.0,2024.0,,,,,,,,,,,,
h2,H2,H2c,"log(naissances+0,5 / 1 000 f. 40-49)","unités avec covariables, bascule 4G ; fenêtre identifiée ≤ 2022, cohorte 2023 = contrôle",sunab,-4,0.0602273957211681,0.0480259234990394,-0.033901684661225,0.1543564761035613,0.2098201517065324,5558,122276,False," ; fenêtre 2003-2024 ; 5558 traitées, 0 jamais traitées sur la fenêtre ; covariables invariantes dans le temps absorbées par les effets fixes unité : log_pop, share_women_1549, level_pre, pretrend_pre ; comparaisons sur la fenêtre identifiée (années < 2023, cohorte 2023 recodée contrôle, 60 unités de contrôle) ; cellules −8 et +8 bornées",event,0.0,5558.0,0.0,0.0,2003.0,2024.0,,,,,,,,,,,,
h2,H2,H2c,"log(naissances+0,5 / 1 000 f. 40-49)","unités avec covariables, bascule 4G ; fenêtre identifiée ≤ 2022, cohorte 2023 = contrôle",sunab,-3,-4.610880900496588e-06,0.0488559710055386,-0.0957605544814893,0.0957513327196883,0.999924698033812,5558,122276,False," ; fenêtre 2003-2024 ; 5558 traitées, 0 jamais traitées sur la fenêtre ; covariables invariantes dans le temps absorbées par les effets fixes unité : log_pop, share_women_1549, level_pre, pretrend_pre ; comparaisons sur la fenêtre identifiée (années < 2023, cohorte 2023 recodée contrôle, 60 unités de contrôle) ; cellules −8 et +8 bornées",event,0.0,5558.0,0.0,0.0,2003.0,2024.0,,,,,,,,,,,,
h2,H2,H2c,"log(naissances+0,5 / 1 000 f. 40-49)","unités avec covariables, bascule 4G ; fenêtre identifiée ≤ 2022, cohorte 2023 = contrôle",sunab,-2,-0.0086622195547835,0.043641975888236,-0.0941989205098916,0.0768744814003246,0.8426666597844792,5558,122276,False," ; fenêtre 2003-2024 ; 5558 traitées, 0 jamais traitées sur la fenêtre ; covariables invariantes dans le temps absorbées par les effets fixes unité : log_pop, share_women_1549, level_pre, pretrend_pre ; comparaisons sur la fenêtre identifiée (années < 2023, cohorte 2023 recodée contrôle, 60 unités de contrôle) ; cellules −8 et +8 bornées",event,0.0,5558.0,0.0,0.0,2003.0,2024.0,,,,,,,,,,,,
h2,H2,H2c,"log(naissances+0,5 / 1 000 f. 40-49)","unités avec covariables, bascule 4G ; fenêtre identifiée ≤ 2022, cohorte 2023 = contrôle",sunab,0,0.0141111204727884,0.0507231133428086,-0.0853043548628595,0.1135265958084364,0.7808595863578629,5558,122276,False," ; fenêtre 2003-2024 ; 5558 traitées, 0 jamais traitées sur la fenêtre ; covariables invariantes dans le temps absorbées par les effets fixes unité : log_pop, share_women_1549, level_pre, pretrend_pre ; comparaisons sur la fenêtre identifiée (années < 2023, cohorte 2023 recodée contrôle, 60 unités de contrôle) ; cellules −8 et +8 bornées",event,0.0,5558.0,0.0,0.0,2003.0,2024.0,,,,,,,,,,,,
h2,H2,H2c,"log(naissances+0,5 / 1 000 f. 40-49)","unités avec covariables, bascule 4G ; fenêtre identifiée ≤ 2022, cohorte 2023 = contrôle",sunab,1,-0.0220874441467752,0.0525153074607772,-0.1250155554069462,0.0808406671133956,0.6740540662928733,5558,122276,False," ; fenêtre 2003-2024 ; 5558 traitées, 0 jamais traitées sur la fenêtre ; covariables invariantes dans le temps absorbées par les effets fixes unité : log_pop, share_women_1549, level_pre, pretrend_pre ; comparaisons sur la fenêtre identifiée (années < 2023, cohorte 2023 recodée contrôle, 60 unités de contrôle) ; cellules −8 et +8 bornées",event,0.0,5558.0,0.0,0.0,2003.0,2024.0,,,,,,,,,,,,
h2,H2,H2c,"log(naissances+0,5 / 1 000 f. 40-49)","unités avec covariables, bascule 4G ; fenêtre identifiée ≤ 2022, cohorte 2023 = contrôle",sunab,2,-0.0162602171542709,0.0612164338341332,-0.1362422227311513,0.1037217884226093,0.7905330385483217,5558,122276,False," ; fenêtre 2003-2024 ; 5558 traitées, 0 jamais traitées sur la fenêtre ; covariables invariantes dans le temps absorbées par les effets fixes unité : log_pop, share_women_1549, level_pre, pretrend_pre ; comparaisons sur la fenêtre identifiée (années < 2023, cohorte 2023 recodée contrôle, 60 unités de contrôle) ; cellules −8 et +8 bornées",event,0.0,5558.0,0.0,0.0,2003.0,2024.0,,,,,,,,,,,,
h2,H2,H2c,"log(naissances+0,5 / 1 000 f. 40-49)","unités avec covariables, bascule 4G ; fenêtre identifiée ≤ 2022, cohorte 2023 = contrôle",sunab,3,-0.0483829734510517,0.0704923521651974,-0.1865454448803528,0.0897794979782492,0.4924875292813369,5558,122276,False," ; fenêtre 2003-2024 ; 5558 traitées, 0 jamais traitées sur la fenêtre ; covariables invariantes dans le temps absorbées par les effets fixes unité : log_pop, share_women_1549, level_pre, pretrend_pre ; comparaisons sur la fenêtre identifiée (années < 2023, cohorte 2023 recodée contrôle, 60 unités de contrôle) ; cellules −8 et +8 bornées",event,0.0,5558.0,0.0,0.0,2003.0,2024.0,,,,,,,,,,,,
h2,H2,H2c,"log(naissances+0,5 / 1 000 f. 40-49)","unités avec covariables, bascule 4G ; fenêtre identifiée ≤ 2022, cohorte 2023 = contrôle",sunab,4,-0.0818884162399919,0.0733487997191309,-0.2256494219987302,0.0618725895187463,0.2642403592392853,5558,122276,False," ; fenêtre 2003-2024 ; 5558 traitées, 0 jamais traitées sur la fenêtre ; covariables invariantes dans le temps absorbées par les effets fixes unité : log_pop, share_women_1549, level_pre, pretrend_pre ; comparaisons sur la fenêtre identifiée (années < 2023, cohorte 2023 recodée contrôle, 60 unités de contrôle) ; cellules −8 et +8 bornées",event,0.0,5558.0,0.0,0.0,2003.0,2024.0,,,,,,,,,,,,
h2,H2,H2c,"log(naissances+0,5 / 1 000 f. 40-49)","unités avec covariables, bascule 4G ; fenêtre identifiée ≤ 2022, cohorte 2023 = contrôle",sunab,5,-0.1831345995673784,0.085641316160893,-0.3509884948313369,-0.01528070430342,0.0324850413897538,5558,122276,False," ; fenêtre 2003-2024 ; 5558 traitées, 0 jamais traitées sur la fenêtre ; covariables invariantes dans le temps absorbées par les effets fixes unité : log_pop, share_women_1549, level_pre, pretrend_pre ; comparaisons sur la fenêtre identifiée (années < 2023, cohorte 2023 recodée contrôle, 60 unités de contrôle) ; cellules −8 et +8 bornées",event,0.0,5558.0,0.0,0.0,2003.0,2024.0,,,,,,,,,,,,
h2,H2,H2c,"log(naissances+0,5 / 1 000 f. 40-49)","unités avec covariables, bascule 4G ; fenêtre identifiée ≤ 2022, cohorte 2023 = contrôle",sunab,6,-0.1423628206545173,0.0779032051092077,-0.2950502969488012,0.0103246556397665,0.0676348209426312,5558,122276,False," ; fenêtre 2003-2024 ; 5558 traitées, 0 jamais traitées sur la fenêtre ; covariables invariantes dans le temps absorbées par les effets fixes unité : log_pop, share_women_1549, level_pre, pretrend_pre ; comparaisons sur la fenêtre identifiée (années < 2023, cohorte 2023 recodée contrôle, 60 unités de contrôle) ; cellules −8 et +8 bornées",event,0.0,5558.0,0.0,0.0,2003.0,2024.0,,,,,,,,,,,,
h2,H2,H2c,"log(naissances+0,5 / 1 000 f. 40-49)","unités avec covariables, bascule 4G ; fenêtre identifiée ≤ 2022, cohorte 2023 = contrôle",sunab,7,-0.1617730154170124,0.0850231761461076,-0.3284153785145883,0.0048693476805635,0.0570805954138465,5558,122276,False," ; fenêtre 2003-2024 ; 5558 traitées, 0 jamais traitées sur la fenêtre ; covariables invariantes dans le temps absorbées par les effets fixes unité : log_pop, share_women_1549, level_pre, pretrend_pre ; comparaisons sur la fenêtre identifiée (années < 2023, cohorte 2023 recodée contrôle, 60 unités de contrôle) ; cellules −8 et +8 bornées",event,0.0,5558.0,0.0,0.0,2003.0,2024.0,,,,,,,,,,,,
h2,H2,H2c,"log(naissances+0,5 / 1 000 f. 40-49)","unités avec covariables, bascule 4G ; fenêtre identifiée ≤ 2022, cohorte 2023 = contrôle",sunab,8,-0.3412809212040671,0.103369391431868,-0.5438812055143518,-0.1386806368937825,0.0009614653597341,5558,122276,False," ; fenêtre 2003-2024 ; 5558 traitées, 0 jamais traitées sur la fenêtre ; covariables invariantes dans le temps absorbées par les effets fixes unité : log_pop, share_women_1549, level_pre, pretrend_pre ; comparaisons sur la fenêtre identifiée (années < 2023, cohorte 2023 recodée contrôle, 60 unités de contrôle) ; cellules −8 et +8 bornées",event,0.0,5558.0,0.0,0.0,2003.0,2024.0,,,,,,,,,,,,
h2,H2,H2c,"log(naissances+0,5 / 1 000 f. 40-49)","unités avec covariables, bascule 4G ; fenêtre identifiée ≤ 2022, cohorte 2023 = contrôle",sunab,"ATT[1,5]",-0.0703507301118936,0.0579992134199869,-0.1840270995467203,0.0433256393229329,0.2251450863117104,5558,122276,False," ; fenêtre 2003-2024 ; 5558 traitées, 0 jamais traitées sur la fenêtre ; covariables invariantes dans le temps absorbées par les effets fixes unité : log_pop, share_women_1549, level_pre, pretrend_pre ; comparaisons sur la fenêtre identifiée (années < 2023, cohorte 2023 recodée contrôle, 60 unités de contrôle) ; écart-type avec covariance complète (w'Vw)",post_avg,0.0,5558.0,0.0,0.0,2003.0,2024.0,,,,,,,,,,,,
h2,H2,H2c,"log(naissances+0,5 / 1 000 f. 40-49)","unités avec covariables, bascule 4G ; fenêtre identifiée ≤ 2022, cohorte 2023 = contrôle",sunab,Wald pré (-8..−2),8.781261613675353,,,,0.2687444652396076,5558,122276,False,"test de Wald joint, covariance groupée, df = 7 ; fenêtre 2003-2024 ; 5558 traitées, 0 jamais traitées sur la fenêtre",pre_test,0.0,5558.0,0.0,0.0,2003.0,2024.0,,,,,,,,,,,7.0,
h2,H2,H2c,"log(naissances+0,5 / 1 000 f. 40-49)","unités avec covariables, bascule 4G ; fenêtre identifiée ≤ 2022, cohorte 2023 = contrôle",did2s,-8,-0.0018144615818814,0.0009063077288805,-0.0035907920893976,-3.813107436519375e-05,0.0452807552331708,5558,122276,False," ; fenêtre 2003-2024 ; 5558 traitées, 0 jamais traitées sur la fenêtre ; covariables invariantes dans le temps absorbées par les effets fixes unité : log_pop, share_women_1549, level_pre, pretrend_pre ; comparaisons sur la fenêtre identifiée (années < 2023, cohorte 2023 recodée contrôle, 60 unités de contrôle) ; cellules −8 et +8 bornées ; did2s en deux étapes implémenté directement (pyfixest.did2s dépasse la mémoire au-delà de 5 000 unités), écarts-types par bootstrap par grappes (50 tirages, grappe = unit)",event,0.0,5558.0,0.0,0.0,2003.0,2024.0,,,,,,,,,,,,
h2,H2,H2c,"log(naissances+0,5 / 1 000 f. 40-49)","unités avec covariables, bascule 4G ; fenêtre identifiée ≤ 2022, cohorte 2023 = contrôle",did2s,-7,-0.0225032293690776,0.0058137334712019,-0.0338979375883485,-0.0111085211498067,0.0001085224199919,5558,122276,False," ; fenêtre 2003-2024 ; 5558 traitées, 0 jamais traitées sur la fenêtre ; covariables invariantes dans le temps absorbées par les effets fixes unité : log_pop, share_women_1549, level_pre, pretrend_pre ; comparaisons sur la fenêtre identifiée (années < 2023, cohorte 2023 recodée contrôle, 60 unités de contrôle) ; cellules −8 et +8 bornées ; did2s en deux étapes implémenté directement (pyfixest.did2s dépasse la mémoire au-delà de 5 000 unités), écarts-types par bootstrap par grappes (50 tirages, grappe = unit)",event,0.0,5558.0,0.0,0.0,2003.0,2024.0,,,,,,,,,,,,
h2,H2,H2c,"log(naissances+0,5 / 1 000 f. 40-49)","unités avec covariables, bascule 4G ; fenêtre identifiée ≤ 2022, cohorte 2023 = contrôle",did2s,-6,-0.0069909316697188,0.0060439953624017,-0.0188369449027533,0.0048550815633157,0.2474056181812545,5558,122276,False," ; fenêtre 2003-2024 ; 5558 traitées, 0 jamais traitées sur la fenêtre ; covariables invariantes dans le temps absorbées par les effets fixes unité : log_pop, share_women_1549, level_pre, pretrend_pre ; comparaisons sur la fenêtre identifiée (années < 2023, cohorte 2023 recodée contrôle, 60 unités de contrôle) ; cellules −8 et +8 bornées ; did2s en deux étapes implémenté directement (pyfixest.did2s dépasse la mémoire au-delà de 5 000 unités), écarts-types par bootstrap par grappes (50 tirages, grappe = unit)",event,0.0,5558.0,0.0,0.0,2003.0,2024.0,,,,,,,,,,,,
h2,H2,H2c,"log(naissances+0,5 / 1 000 f. 40-49)","unités avec covariables, bascule 4G ; fenêtre identifiée ≤ 2022, cohorte 2023 = contrôle",did2s,-5,-0.0190886491104093,0.006623721326846,-0.0320709043546574,-0.0061063938661611,0.003953331517119,5558,122276,False," ; fenêtre 2003-2024 ; 5558 traitées, 0 jamais traitées sur la fenêtre ; covariables invariantes dans le temps absorbées par les effets fixes unité : log_pop, share_women_1549, level_pre, pretrend_pre ; comparaisons sur la fenêtre identifiée (années < 2023, cohorte 2023 recodée contrôle, 60 unités de contrôle) ; cellules −8 et +8 bornées ; did2s en deux étapes implémenté directement (pyfixest.did2s dépasse la mémoire au-delà de 5 000 unités), écarts-types par bootstrap par grappes (50 tirages, grappe = unit)",event,0.0,5558.0,0.0,0.0,2003.0,2024.0,,,,,,,,,,,,
h2,H2,H2c,"log(naissances+0,5 / 1 000 f. 40-49)","unités avec covariables, bascule 4G ; fenêtre identifiée ≤ 2022, cohorte 2023 = contrôle",did2s,-4,0.0022715937879513,0.0059200609755271,-0.0093315125103628,0.0138747000862654,0.7011924996372532,5558,122276,False," ; fenêtre 2003-2024 ; 5558 traitées, 0 jamais traitées sur la fenêtre ; covariables invariantes dans le temps absorbées par les effets fixes unité : log_pop, share_women_1549, level_pre, pretrend_pre ; comparaisons sur la fenêtre identifiée (années < 2023, cohorte 2023 recodée contrôle, 60 unités de contrôle) ; cellules −8 et +8 bornées ; did2s en deux étapes implémenté directement (pyfixest.did2s dépasse la mémoire au-delà de 5 000 unités), écarts-types par bootstrap par grappes (50 tirages, grappe = unit)",event,0.0,5558.0,0.0,0.0,2003.0,2024.0,,,,,,,,,,,,
h2,H2,H2c,"log(naissances+0,5 / 1 000 f. 40-49)","unités avec covariables, bascule 4G ; fenêtre identifiée ≤ 2022, cohorte 2023 = contrôle",did2s,-3,0.0048601192320656,0.0078821616848635,-0.0105886337905884,0.0203088722547197,0.5375004077625818,5558,122276,False," ; fenêtre 2003-2024 ; 5558 traitées, 0 jamais traitées sur la fenêtre ; covariables invariantes dans le temps absorbées par les effets fixes unité : log_pop, share_women_1549, level_pre, pretrend_pre ; comparaisons sur la fenêtre identifiée (années < 2023, cohorte 2023 recodée contrôle, 60 unités de contrôle) ; cellules −8 et +8 bornées ; did2s en deux étapes implémenté directement (pyfixest.did2s dépasse la mémoire au-delà de 5 000 unités), écarts-types par bootstrap par grappes (50 tirages, grappe = unit)",event,0.0,5558.0,0.0,0.0,2003.0,2024.0,,,,,,,,,,,,
h2,H2,H2c,"log(naissances+0,5 / 1 000 f. 40-49)","unités avec covariables, bascule 4G ; fenêtre identifiée ≤ 2022, cohorte 2023 = contrôle",did2s,-2,0.0121759872783642,0.0062447106370912,-6.34206642087156e-05,0.0244153952209372,0.051198997756941,5558,122276,False," ; fenêtre 2003-2024 ; 5558 traitées, 0 jamais traitées sur la fenêtre ; covariables invariantes dans le temps absorbées par les effets fixes unité : log_pop, share_women_1549, level_pre, pretrend_pre ; comparaisons sur la fenêtre identifiée (années < 2023, cohorte 2023 recodée contrôle, 60 unités de contrôle) ; cellules −8 et +8 bornées ; did2s en deux étapes implémenté directement (pyfixest.did2s dépasse la mémoire au-delà de 5 000 unités), écarts-types par bootstrap par grappes (50 tirages, grappe = unit)",event,0.0,5558.0,0.0,0.0,2003.0,2024.0,,,,,,,,,,,,
h2,H2,H2c,"log(naissances+0,5 / 1 000 f. 40-49)","unités avec covariables, bascule 4G ; fenêtre identifiée ≤ 2022, cohorte 2023 = contrôle",did2s,0,0.0616125821857204,0.0152741214395986,0.031675854268616,0.0915493101028248,5.488461832549406e-05,5558,122276,False," ; fenêtre 2003-2024 ; 5558 traitées, 0 jamais traitées sur la fenêtre ; covariables invariantes dans le temps absorbées par les effets fixes unité : log_pop, share_women_1549, level_pre, pretrend_pre ; comparaisons sur la fenêtre identifiée (années < 2023, cohorte 2023 recodée contrôle, 60 unités de contrôle) ; cellules −8 et +8 bornées ; did2s en deux étapes implémenté directement (pyfixest.did2s dépasse la mémoire au-delà de 5 000 unités), écarts-types par bootstrap par grappes (50 tirages, grappe = unit)",event,0.0,5558.0,0.0,0.0,2003.0,2024.0,,,,,,,,,,,,
h2,H2,H2c,"log(naissances+0,5 / 1 000 f. 40-49)","unités avec covariables, bascule 4G ; fenêtre identifiée ≤ 2022, cohorte 2023 = contrôle",did2s,1,0.0820367848843655,0.0119950078151927,0.0585270015723113,0.1055465681964197,7.961220346476916e-12,5558,122276,False," ; fenêtre 2003-2024 ; 5558 traitées, 0 jamais traitées sur la fenêtre ; covariables invariantes dans le temps absorbées par les effets fixes unité : log_pop, share_women_1549, level_pre, pretrend_pre ; comparaisons sur la fenêtre identifiée (années < 2023, cohorte 2023 recodée contrôle, 60 unités de contrôle) ; cellules −8 et +8 bornées ; did2s en deux étapes implémenté directement (pyfixest.did2s dépasse la mémoire au-delà de 5 000 unités), écarts-types par bootstrap par grappes (50 tirages, grappe = unit)",event,0.0,5558.0,0.0,0.0,2003.0,2024.0,,,,,,,,,,,,
h2,H2,H2c,"log(naissances+0,5 / 1 000 f. 40-49)","unités avec covariables, bascule 4G ; fenêtre identifiée ≤ 2022, cohorte 2023 = contrôle",did2s,2,0.0688431335672449,0.0212410211853786,0.0272114970490506,0.1104747700854393,0.0011909183067622,5558,122276,False," ; fenêtre 2003-2024 ; 5558 traitées, 0 jamais traitées sur la fenêtre ; covariables invariantes dans le temps absorbées par les effets fixes unité : log_pop, share_women_1549, level_pre, pretrend_pre ; comparaisons sur la fenêtre identifiée (années < 2023, cohorte 2023 recodée contrôle, 60 unités de contrôle) ; cellules −8 et +8 bornées ; did2s en deux étapes implémenté directement (pyfixest.did2s dépasse la mémoire au-delà de 5 000 unités), écarts-types par bootstrap par grappes (50 tirages, grappe = unit)",event,0.0,5558.0,0.0,0.0,2003.0,2024.0,,,,,,,,,,,,
h2,H2,H2c,"log(naissances+0,5 / 1 000 f. 40-49)","unités avec covariables, bascule 4G ; fenêtre identifiée ≤ 2022, cohorte 2023 = contrôle",did2s,3,0.0711740541979724,0.0293768156623542,0.013596553519286,0.1287515548766588,0.0154015400212996,5558,122276,False," ; fenêtre 2003-2024 ; 5558 traitées, 0 jamais traitées sur la fenêtre ; covariables invariantes dans le temps absorbées par les effets fixes unité : log_pop, share_women_1549, level_pre, pretrend_pre ; comparaisons sur la fenêtre identifiée (années < 2023, cohorte 2023 recodée contrôle, 60 unités de contrôle) ; cellules −8 et +8 bornées ; did2s en deux étapes implémenté directement (pyfixest.did2s dépasse la mémoire au-delà de 5 000 unités), écarts-types par bootstrap par grappes (50 tirages, grappe = unit)",event,0.0,5558.0,0.0,0.0,2003.0,2024.0,,,,,,,,,,,,
h2,H2,H2c,"log(naissances+0,5 / 1 000 f. 40-49)","unités avec covariables, bascule 4G ; fenêtre identifiée ≤ 2022, cohorte 2023 = contrôle",did2s,4,0.0613518538025493,0.0403221270482174,-0.0176780629920052,0.1403817705971039,0.1281236064535972,5558,122276,False," ; fenêtre 2003-2024 ; 5558 traitées, 0 jamais traitées sur la fenêtre ; covariables invariantes dans le temps absorbées par les effets fixes unité : log_pop, share_women_1549, level_pre, pretrend_pre ; comparaisons sur la fenêtre identifiée (années < 2023, cohorte 2023 recodée contrôle, 60 unités de contrôle) ; cellules −8 et +8 bornées ; did2s en deux étapes implémenté directement (pyfixest.did2s dépasse la mémoire au-delà de 5 000 unités), écarts-types par bootstrap par grappes (50 tirages, grappe = unit)",event,0.0,5558.0,0.0,0.0,2003.0,2024.0,,,,,,,,,,,,
h2,H2,H2c,"log(naissances+0,5 / 1 000 f. 40-49)","unités avec covariables, bascule 4G ; fenêtre identifiée ≤ 2022, cohorte 2023 = contrôle",did2s,5,-0.1180267681139849,0.0750680739253737,-0.2651574893965077,0.0291039531685378,0.1158895299727469,5558,122276,False," ; fenêtre 2003-2024 ; 5558 traitées, 0 jamais traitées sur la fenêtre ; covariables invariantes dans le temps absorbées par les effets fixes unité : log_pop, share_women_1549, level_pre, pretrend_pre ; comparaisons sur la fenêtre identifiée (années < 2023, cohorte 2023 recodée contrôle, 60 unités de contrôle) ; cellules −8 et +8 bornées ; did2s en deux étapes implémenté directement (pyfixest.did2s dépasse la mémoire au-delà de 5 000 unités), écarts-types par bootstrap par grappes (50 tirages, grappe = unit)",event,0.0,5558.0,0.0,0.0,2003.0,2024.0,,,,,,,,,,,,
h2,H2,H2c,"log(naissances+0,5 / 1 000 f. 40-49)","unités avec covariables, bascule 4G ; fenêtre identifiée ≤ 2022, cohorte 2023 = contrôle",did2s,6,0.073218396251783,0.0589442566632079,-0.0423102239035896,0.1887470164071558,0.214176293095531,5558,122276,False," ; fenêtre 2003-2024 ; 5558 traitées, 0 jamais traitées sur la fenêtre ; covariables invariantes dans le temps absorbées par les effets fixes unité : log_pop, share_women_1549, level_pre, pretrend_pre ; comparaisons sur la fenêtre identifiée (années < 2023, cohorte 2023 recodée contrôle, 60 unités de contrôle) ; cellules −8 et +8 bornées ; did2s en deux étapes implémenté directement (pyfixest.did2s dépasse la mémoire au-delà de 5 000 unités), écarts-types par bootstrap par grappes (50 tirages, grappe = unit)",event,0.0,5558.0,0.0,0.0,2003.0,2024.0,,,,,,,,,,,,
h2,H2,H2c,"log(naissances+0,5 / 1 000 f. 40-49)","unités avec covariables, bascule 4G ; fenêtre identifiée ≤ 2022, cohorte 2023 = contrôle",did2s,7,0.0887117299992002,0.0575325723121492,-0.0240500396705586,0.201473499668959,0.1230883627628706,5558,122276,False," ; fenêtre 2003-2024 ; 5558 traitées, 0 jamais traitées sur la fenêtre ; covariables invariantes dans le temps absorbées par les effets fixes unité : log_pop, share_women_1549, level_pre, pretrend_pre ; comparaisons sur la fenêtre identifiée (années < 2023, cohorte 2023 recodée contrôle, 60 unités de contrôle) ; cellules −8 et +8 bornées ; did2s en deux étapes implémenté directement (pyfixest.did2s dépasse la mémoire au-delà de 5 000 unités), écarts-types par bootstrap par grappes (50 tirages, grappe = unit)",event,0.0,5558.0,0.0,0.0,2003.0,2024.0,,,,,,,,,,,,
h2,H2,H2c,"log(naissances+0,5 / 1 000 f. 40-49)","unités avec covariables, bascule 4G ; fenêtre identifiée ≤ 2022, cohorte 2023 = contrôle",did2s,8,-0.0351685794963622,0.0976739607046104,-0.2266060247047792,0.1562688657120547,0.7188015511855571,5558,122276,False," ; fenêtre 2003-2024 ; 5558 traitées, 0 jamais traitées sur la fenêtre ; covariables invariantes dans le temps absorbées par les effets fixes unité : log_pop, share_women_1549, level_pre, pretrend_pre ; comparaisons sur la fenêtre identifiée (années < 2023, cohorte 2023 recodée contrôle, 60 unités de contrôle) ; cellules −8 et +8 bornées ; did2s en deux étapes implémenté directement (pyfixest.did2s dépasse la mémoire au-delà de 5 000 unités), écarts-types par bootstrap par grappes (50 tirages, grappe = unit)",event,0.0,5558.0,0.0,0.0,2003.0,2024.0,,,,,,,,,,,,
h2,H2,H2c,"log(naissances+0,5 / 1 000 f. 40-49)","unités avec covariables, bascule 4G ; fenêtre identifiée ≤ 2022, cohorte 2023 = contrôle",did2s,"ATT[1,5]",0.0330758116676294,0.0275163100678557,-0.0208551650528046,0.0870067883880636,0.2293465339840559,5558,122276,False," ; fenêtre 2003-2024 ; 5558 traitées, 0 jamais traitées sur la fenêtre ; covariables invariantes dans le temps absorbées par les effets fixes unité : log_pop, share_women_1549, level_pre, pretrend_pre ; comparaisons sur la fenêtre identifiée (années < 2023, cohorte 2023 recodée contrôle, 60 unités de contrôle) ; écart-type avec covariance complète (w'Vw)",post_avg,0.0,5558.0,0.0,0.0,2003.0,2024.0,,,,,,,,,,,,
h2,H2,H2c,"log(naissances+0,5 / 1 000 f. 40-49)","unités avec covariables, bascule 4G ; fenêtre identifiée ≤ 2022, cohorte 2023 = contrôle",did2s,Wald pré (-8..−2),135.51026098627688,,,,4.427721790641199e-26,5558,122276,False,"test de Wald joint, covariance groupée, df = 7 ; fenêtre 2003-2024 ; 5558 traitées, 0 jamais traitées sur la fenêtre",pre_test,0.0,5558.0,0.0,0.0,2003.0,2024.0,,,,,,,,,,,7.0,
h2,H2,H2c,"log(naissances+0,5 / 1 000 f. 40-49)","unités avec covariables, bascule 4G ; fenêtre identifiée ≤ 2022, cohorte 2023 = contrôle",twfe,-8,-0.2146038997395495,0.0312447079713431,-0.2758424020708537,-0.1533653974082453,6.488595974623306e-12,5558,122276,False," ; fenêtre 2003-2024 ; 5558 traitées, 0 jamais traitées sur la fenêtre ; covariables invariantes dans le temps absorbées par les effets fixes unité : log_pop, share_women_1549, level_pre, pretrend_pre ; comparaisons sur la fenêtre identifiée (années < 2023, cohorte 2023 recodée contrôle, 60 unités de contrôle) ; cellules −8 et +8 bornées",event,0.0,5558.0,0.0,0.0,2003.0,2024.0,,,,,,,,,,,,
h2,H2,H2c,"log(naissances+0,5 / 1 000 f. 40-49)","unités avec covariables, bascule 4G ; fenêtre identifiée ≤ 2022, cohorte 2023 = contrôle",twfe,-7,-0.2122595498528199,0.0263040991582026,-0.2638146368486674,-0.1607044628569723,7.061693193826258e-16,5558,122276,False," ; fenêtre 2003-2024 ; 5558 traitées, 0 jamais traitées sur la fenêtre ; covariables invariantes dans le temps absorbées par les effets fixes unité : log_pop, share_women_1549, level_pre, pretrend_pre ; comparaisons sur la fenêtre identifiée (années < 2023, cohorte 2023 recodée contrôle, 60 unités de contrôle) ; cellules −8 et +8 bornées",event,0.0,5558.0,0.0,0.0,2003.0,2024.0,,,,,,,,,,,,
h2,H2,H2c,"log(naissances+0,5 / 1 000 f. 40-49)","unités avec covariables, bascule 4G ; fenêtre identifiée ≤ 2022, cohorte 2023 = contrôle",twfe,-6,-0.1782202915558114,0.0233721787204397,-0.2240289200881067,-0.1324116630235161,2.4343382446240717e-14,5558,122276,False," ; fenêtre 2003-2024 ; 5558 traitées, 0 jamais traitées sur la fenêtre ; covariables invariantes dans le temps absorbées par les effets fixes unité : log_pop, share_women_1549, level_pre, pretrend_pre ; comparaisons sur la fenêtre identifiée (années < 2023, cohorte 2023 recodée contrôle, 60 unités de contrôle) ; cellules −8 et +8 bornées",event,0.0,5558.0,0.0,0.0,2003.0,2024.0,,,,,,,,,,,,
h2,H2,H2c,"log(naissances+0,5 / 1 000 f. 40-49)","unités avec covariables, bascule 4G ; fenêtre identifiée ≤ 2022, cohorte 2023 = contrôle",twfe,-5,-0.1717074271368333,0.0204509879820272,-0.2117906270298681,-0.1316242272437984,4.617664749718145e-17,5558,122276,False," ; fenêtre 2003-2024 ; 5558 traitées, 0 jamais traitées sur la fenêtre ; covariables invariantes dans le temps absorbées par les effets fixes unité : log_pop, share_women_1549, level_pre, pretrend_pre ; comparaisons sur la fenêtre identifiée (années < 2023, cohorte 2023 recodée contrôle, 60 unités de contrôle) ; cellules −8 et +8 bornées",event,0.0,5558.0,0.0,0.0,2003.0,2024.0,,,,,,,,,,,,
h2,H2,H2c,"log(naissances+0,5 / 1 000 f. 40-49)","unités avec covariables, bascule 4G ; fenêtre identifiée ≤ 2022, cohorte 2023 = contrôle",twfe,-4,-0.1231919073093106,0.0173349206507055,-0.1571677274595531,-0.0892160871590681,1.1895834610978998e-12,5558,122276,False," ; fenêtre 2003-2024 ; 5558 traitées, 0 jamais traitées sur la fenêtre ; covariables invariantes dans le temps absorbées par les effets fixes unité : log_pop, share_women_1549, level_pre, pretrend_pre ; comparaisons sur la fenêtre identifiée (années < 2023, cohorte 2023 recodée contrôle, 60 unités de contrôle) ; cellules −8 et +8 bornées",event,0.0,5558.0,0.0,0.0,2003.0,2024.0,,,,,,,,,,,,
h2,H2,H2c,"log(naissances+0,5 / 1 000 f. 40-49)","unités avec covariables, bascule 4G ; fenêtre identifiée ≤ 2022, cohorte 2023 = contrôle",twfe,-3,-0.0975607514757964,0.0146458249391961,-0.1262660408804994,-0.0688554620710934,2.7135067137180397e-11,5558,122276,False," ; fenêtre 2003-2024 ; 5558 traitées, 0 jamais traitées sur la fenêtre ; covariables invariantes dans le temps absorbées par les effets fixes unité : log_pop, share_women_1549, level_pre, pretrend_pre ; comparaisons sur la fenêtre identifiée (années < 2023, cohorte 2023 recodée contrôle, 60 unités de contrôle) ; cellules −8 et +8 bornées",event,0.0,5558.0,0.0,0.0,2003.0,2024.0,,,,,,,,,,,,
h2,H2,H2c,"log(naissances+0,5 / 1 000 f. 40-49)","unités avec covariables, bascule 4G ; fenêtre identifiée ≤ 2022, cohorte 2023 = contrôle",twfe,-2,-0.0651910696390359,0.0121461155049223,-0.0889970185807472,-0.0413851206973246,7.995236654470426e-08,5558,122276,False," ; fenêtre 2003-2024 ; 5558 traitées, 0 jamais traitées sur la fenêtre ; covariables invariantes dans le temps absorbées par les effets fixes unité : log_pop, share_women_1549, level_pre, pretrend_pre ; comparaisons sur la fenêtre identifiée (années < 2023, cohorte 2023 recodée contrôle, 60 unités de contrôle) ; cellules −8 et +8 bornées",event,0.0,5558.0,0.0,0.0,2003.0,2024.0,,,,,,,,,,,,
h2,H2,H2c,"log(naissances+0,5 / 1 000 f. 40-49)","unités avec covariables, bascule 4G ; fenêtre identifiée ≤ 2022, cohorte 2023 = contrôle",twfe,0,0.042398479661325,0.012174001235015,0.0185378756929494,0.0662590836297007,0.0004963712544332,5558,122276,False," ; fenêtre 2003-2024 ; 5558 traitées, 0 jamais traitées sur la fenêtre ; covariables invariantes dans le temps absorbées par les effets fixes unité : log_pop, share_women_1549, level_pre, pretrend_pre ; comparaisons sur la fenêtre identifiée (années < 2023, cohorte 2023 recodée contrôle, 60 unités de contrôle) ; cellules −8 et +8 bornées",event,0.0,5558.0,0.0,0.0,2003.0,2024.0,,,,,,,,,,,,
h2,H2,H2c,"log(naissances+0,5 / 1 000 f. 40-49)","unités avec covariables, bascule 4G ; fenêtre identifiée ≤ 2022, cohorte 2023 = contrôle",twfe,1,0.1031656983024598,0.0145175250936368,0.0747118719742751,0.1316195246306446,1.1920649031212565e-12,5558,122276,False," ; fenêtre 2003-2024 ; 5558 traitées, 0 jamais traitées sur la fenêtre ; covariables invariantes dans le temps absorbées par les effets fixes unité : log_pop, share_women_1549, level_pre, pretrend_pre ; comparaisons sur la fenêtre identifiée (années < 2023, cohorte 2023 recodée contrôle, 60 unités de contrôle) ; cellules −8 et +8 bornées",event,0.0,5558.0,0.0,0.0,2003.0,2024.0,,,,,,,,,,,,
h2,H2,H2c,"log(naissances+0,5 / 1 000 f. 40-49)","unités avec covariables, bascule 4G ; fenêtre identifiée ≤ 2022, cohorte 2023 = contrôle",twfe,2,0.1654907185559825,0.017257904405797,0.1316658474719851,0.1993155896399798,8.870974655171601e-22,5558,122276,False," ; fenêtre 2003-2024 ; 5558 traitées, 0 jamais traitées sur la fenêtre ; covariables invariantes dans le temps absorbées par les effets fixes unité : log_pop, share_women_1549, level_pre, pretrend_pre ; comparaisons sur la fenêtre identifiée (années < 2023, cohorte 2023 recodée contrôle, 60 unités de contrôle) ; cellules −8 et +8 bornées",event,0.0,5558.0,0.0,0.0,2003.0,2024.0,,,,,,,,,,,,
h2,H2,H2c,"log(naissances+0,5 / 1 000 f. 40-49)","unités avec covariables, bascule 4G ; fenêtre identifiée ≤ 2022, cohorte 2023 = contrôle",twfe,3,0.233022067214827,0.0210825737413668,0.1917009819803382,0.2743431524493159,2.1241546297507284e-28,5558,122276,False," ; fenêtre 2003-2024 ; 5558 traitées, 0 jamais traitées sur la fenêtre ; covariables invariantes dans le temps absorbées par les effets fixes unité : log_pop, share_women_1549, level_pre, pretrend_pre ; comparaisons sur la fenêtre identifiée (années < 2023, cohorte 2023 recodée contrôle, 60 unités de contrôle) ; cellules −8 et +8 bornées",event,0.0,5558.0,0.0,0.0,2003.0,2024.0,,,,,,,,,,,,
h2,H2,H2c,"log(naissances+0,5 / 1 000 f. 40-49)","unités avec covariables, bascule 4G ; fenêtre identifiée ≤ 2022, cohorte 2023 = contrôle",twfe,4,0.3025826077554847,0.0246487981660765,0.2542718510877777,0.3508933644231916,1.2224605812409371e-34,5558,122276,False," ; fenêtre 2003-2024 ; 5558 traitées, 0 jamais traitées sur la fenêtre ; covariables invariantes dans le temps absorbées par les effets fixes unité : log_pop, share_women_1549, level_pre, pretrend_pre ; comparaisons sur la fenêtre identifiée (années < 2023, cohorte 2023 recodée contrôle, 60 unités de contrôle) ; cellules −8 et +8 bornées",event,0.0,5558.0,0.0,0.0,2003.0,2024.0,,,,,,,,,,,,
h2,H2,H2c,"log(naissances+0,5 / 1 000 f. 40-49)","unités avec covariables, bascule 4G ; fenêtre identifiée ≤ 2022, cohorte 2023 = contrôle",twfe,5,0.3543138074341112,0.0284351699510394,0.2985818984357983,0.4100457164324241,1.227416879871862e-35,5558,122276,False," ; fenêtre 2003-2024 ; 5558 traitées, 0 jamais traitées sur la fenêtre ; covariables invariantes dans le temps absorbées par les effets fixes unité : log_pop, share_women_1549, level_pre, pretrend_pre ; comparaisons sur la fenêtre identifiée (années < 2023, cohorte 2023 recodée contrôle, 60 unités de contrôle) ; cellules −8 et +8 bornées",event,0.0,5558.0,0.0,0.0,2003.0,2024.0,,,,,,,,,,,,
h2,H2,H2c,"log(naissances+0,5 / 1 000 f. 40-49)","unités avec covariables, bascule 4G ; fenêtre identifiée ≤ 2022, cohorte 2023 = contrôle",twfe,6,0.4722083952024005,0.0321254016764137,0.4092437649277469,0.5351730254770541,6.5505428283212496e-49,5558,122276,False," ; fenêtre 2003-2024 ; 5558 traitées, 0 jamais traitées sur la fenêtre ; covariables invariantes dans le temps absorbées par les effets fixes unité : log_pop, share_women_1549, level_pre, pretrend_pre ; comparaisons sur la fenêtre identifiée (années < 2023, cohorte 2023 recodée contrôle, 60 unités de contrôle) ; cellules −8 et +8 bornées",event,0.0,5558.0,0.0,0.0,2003.0,2024.0,,,,,,,,,,,,
h2,H2,H2c,"log(naissances+0,5 / 1 000 f. 40-49)","unités avec covariables, bascule 4G ; fenêtre identifiée ≤ 2022, cohorte 2023 = contrôle",twfe,7,0.5337142776246444,0.035772894563907,0.4636006926566379,0.6038278625926509,2.4605112101913403e-50,5558,122276,False," ; fenêtre 2003-2024 ; 5558 traitées, 0 jamais traitées sur la fenêtre ; covariables invariantes dans le temps absorbées par les effets fixes unité : log_pop, share_women_1549, level_pre, pretrend_pre ; comparaisons sur la fenêtre identifiée (années < 2023, cohorte 2023 recodée contrôle, 60 unités de contrôle) ; cellules −8 et +8 bornées",event,0.0,5558.0,0.0,0.0,2003.0,2024.0,,,,,,,,,,,,
h2,H2,H2c,"log(naissances+0,5 / 1 000 f. 40-49)","unités avec covariables, bascule 4G ; fenêtre identifiée ≤ 2022, cohorte 2023 = contrôle",twfe,8,0.5638503741092216,0.0402305611579839,0.484999923161737,0.6427008250567061,1.2535893089198511e-44,5558,122276,False," ; fenêtre 2003-2024 ; 5558 traitées, 0 jamais traitées sur la fenêtre ; covariables invariantes dans le temps absorbées par les effets fixes unité : log_pop, share_women_1549, level_pre, pretrend_pre ; comparaisons sur la fenêtre identifiée (années < 2023, cohorte 2023 recodée contrôle, 60 unités de contrôle) ; cellules −8 et +8 bornées",event,0.0,5558.0,0.0,0.0,2003.0,2024.0,,,,,,,,,,,,
h2,H2,H2c,"log(naissances+0,5 / 1 000 f. 40-49)","unités avec covariables, bascule 4G ; fenêtre identifiée ≤ 2022, cohorte 2023 = contrôle",twfe,"ATT[1,5]",0.231714979852573,0.019427374617135,0.1936380252888208,0.2697919344163254,8.535571949838993e-33,5558,122276,False," ; fenêtre 2003-2024 ; 5558 traitées, 0 jamais traitées sur la fenêtre ; covariables invariantes dans le temps absorbées par les effets fixes unité : log_pop, share_women_1549, level_pre, pretrend_pre ; comparaisons sur la fenêtre identifiée (années < 2023, cohorte 2023 recodée contrôle, 60 unités de contrôle) ; écart-type avec covariance complète (w'Vw)",post_avg,0.0,5558.0,0.0,0.0,2003.0,2024.0,,,,,,,,,,,,
h2,H2,H2c,"log(naissances+0,5 / 1 000 f. 40-49)","unités avec covariables, bascule 4G ; fenêtre identifiée ≤ 2022, cohorte 2023 = contrôle",twfe,Wald pré (-8..−2),82.2327176239381,,,,4.823980034323161e-15,5558,122276,False,"test de Wald joint, covariance groupée, df = 7 ; fenêtre 2003-2024 ; 5558 traitées, 0 jamais traitées sur la fenêtre",pre_test,0.0,5558.0,0.0,0.0,2003.0,2024.0,,,,,,,,,,,7.0,
h2,H2,H2c,"log(naissances+0,5 / 1 000 f. 40-49)","unités avec covariables, bascule 4G ; fenêtre identifiée ≤ 2022, cohorte 2023 = contrôle",twfe,ATT,0.0984162438602414,0.0103175266381605,0.0781942632399141,0.1186382244805687,1.4457277983709037e-21,5558,122276,False," ; fenêtre 2003-2024 ; 5558 traitées, 0 jamais traitées sur la fenêtre ; covariables invariantes dans le temps absorbées par les effets fixes unité : log_pop, share_women_1549, level_pre, pretrend_pre ; comparaisons sur la fenêtre identifiée (années < 2023, cohorte 2023 recodée contrôle, 60 unités de contrôle)",static,0.0,5558.0,0.0,0.0,2003.0,2024.0,,,,,,,,,,,,
h2,H2,H2c,"log(naissances+0,5 / 1 000 f. 40-49)","unités avec covariables, bascule 4G ; fenêtre complète",twfe,ATT,0.0911847009508213,0.0098965349164318,0.0717878489428718,0.1105815529587708,3.147771398854531e-20,5558,122276,True," ; fenêtre 2003-2024 ; 5558 traitées, 0 jamais traitées sur la fenêtre ; covariables invariantes dans le temps absorbées par les effets fixes unité : log_pop, share_women_1549, level_pre, pretrend_pre ; TWFE sur toutes les années (identification par le calendrier des bascules seulement)",static,0.0,5558.0,0.0,0.0,2003.0,2024.0,,,,,,,,,,,,
h2,H2,H2c,"log(naissances+0,5 / 1 000 f. 40-49)","unités avec covariables, bascule 4G ; fenêtre identifiée ≤ 2022, cohorte 2023 = contrôle",twfe_poisson,ATT (log du taux contrefactuel),0.1604825141941369,0.0090017890631266,0.1428393318339822,0.1781256965542917,4.29654045336779e-71,5558,122276,False," ; fenêtre 2003-2024 ; 5558 traitées, 0 jamais traitées sur la fenêtre ; covariables invariantes dans le temps absorbées par les effets fixes unité : log_pop, share_women_1549, level_pre, pretrend_pre ; comparaisons sur la fenêtre identifiée (années < 2023, cohorte 2023 recodée contrôle, 60 unités de contrôle) ; Poisson à effets fixes, offset = log(women)",static,0.0,5558.0,0.0,0.0,2003.0,2024.0,,,,,,,,,,,,
h2,H2,H2c,"log(naissances+0,5 / 1 000 f. 40-49)","unités avec covariables, bascule 4G ; fenêtre identifiée ≤ 2022, cohorte 2023 = contrôle",twfe_poisson,ATT en % du taux contrefactuel,17.407724327438203,1.0568795687773176,15.354444874470396,19.497551626625253,4.29654045336779e-71,5558,122276,False," ; fenêtre 2003-2024 ; 5558 traitées, 0 jamais traitées sur la fenêtre ; covariables invariantes dans le temps absorbées par les effets fixes unité : log_pop, share_women_1549, level_pre, pretrend_pre ; comparaisons sur la fenêtre identifiée (années < 2023, cohorte 2023 recodée contrôle, 60 unités de contrôle) ; Poisson à effets fixes, offset = log(women)",static,0.0,5558.0,0.0,0.0,2003.0,2024.0,,,,,,,,,,,,
h2,H2,H2c,"log(naissances+0,5 / 1 000 f. 25-29)","unités avec covariables, bascule 4G",cs,"ATT[1,5] (Holm)",-0.0747583988151689,0.0240717756806596,-0.1219382125653372,-0.0275785850650005,0.0018986426612939,5558,122276,False,"p brut 0.0019, p Holm 0.0076 (famille : 25-29, 30-34, 35-39, 40-49, 4 tests)",post_avg_holm,,,,,,,2003.0,2022.0,5558.0,5.0,,,,,,,,0.0075945706451759
h2,H2,H2c,"log(naissances+0,5 / 1 000 f. 30-34)","unités avec covariables, bascule 4G",cs,"ATT[1,5] (Holm)",-0.0296566667235241,0.0323304845711138,-0.0930232525854626,0.0337099191384143,0.3589868634309781,5558,122276,False,"p brut 0.3590, p Holm 0.7180 (famille : 25-29, 30-34, 35-39, 40-49, 4 tests)",post_avg_holm,,,,,,,2003.0,2022.0,5558.0,5.0,,,,,,,,0.7179737268619562
h2,H2,H2c,"log(naissances+0,5 / 1 000 f. 35-39)","unités avec covariables, bascule 4G",cs,"ATT[1,5] (Holm)",-0.0899374863319903,0.041792701191162,-0.1718496761294251,-0.0080252965345556,0.0313981206904018,5558,122276,False,"p brut 0.0314, p Holm 0.0942 (famille : 25-29, 30-34, 35-39, 40-49, 4 tests)",post_avg_holm,,,,,,,2003.0,2022.0,5558.0,5.0,,,,,,,,0.0941943620712054
h2,H2,H2c,"log(naissances+0,5 / 1 000 f. 40-49)","unités avec covariables, bascule 4G",cs,"ATT[1,5] (Holm)",-0.009681849887272,0.0612173083434046,-0.1296655704172448,0.1103018706427007,0.8743343212643018,5558,122276,False,"p brut 0.8743, p Holm 0.8743 (famille : 25-29, 30-34, 35-39, 40-49, 4 tests)",post_avg_holm,,,,,,,2003.0,2022.0,5558.0,5.0,,,,,,,,0.8743343212643018
h2,H2,H2a,"log(naissances+0,5 / 1 000 f. 15-19)","unités avec covariables, bascule 4G",cs,"ATT[1,5] (Holm)",-0.0957599020391938,0.0243093867022427,-0.1434054248376682,-0.0481143792407193,8.174862979749386e-05,5558,122276,False,"p brut 0.0001, p Holm 0.0002 (famille : 15-19, 20-24, 2 tests)",post_avg_holm,,,,,,,2003.0,2022.0,5558.0,5.0,,,,,,,,0.0001634972595949
h2,H2,H2a,"log(naissances+0,5 / 1 000 f. 20-24)","unités avec covariables, bascule 4G",cs,"ATT[1,5] (Holm)",-0.0487913467753124,0.02185923100961,-0.0916346526218318,-0.005948040928793,0.0256102974875559,5558,122276,False,"p brut 0.0256, p Holm 0.0256 (famille : 15-19, 20-24, 2 tests)",post_avg_holm,,,,,,,2003.0,2022.0,5558.0,5.0,,,,,,,,0.0256102974875559
h2,H2,H2d,"log(naissances+0,5 / 1 000 f. 15-24)","unités avec covariables, bascule 4G",cs,-8,0.0561048200559059,0.0218882030653231,0.0132047303615732,0.0990049097502386,0.0103698939924605,5558,122276,False," ; covariables : log_pop, share_women_1549, level_pre, pretrend_pre (doublement robuste) ; contrôle = not_yet_treated ; fenêtre 2003-2024 ; 5558 traitées, 0 jamais traitées sur la fenêtre ; ATT(g,t) identifiés jusqu'en 2022 (sans unité jamais traitée, la dernière cohorte sert de contrôle)",event,0.0,5558.0,0.0,0.0,2003.0,2024.0,2003.0,2022.0,5558.0,5.0,dr,9.0,5498.0,,,,,
h2,H2,H2d,"log(naissances+0,5 / 1 000 f. 15-24)","unités avec covariables, bascule 4G",cs,-7,0.1314765681683589,0.0746693367830113,-0.0148726426758351,0.277825779012553,0.0782749810081905,5558,122276,False," ; covariables : log_pop, share_women_1549, level_pre, pretrend_pre (doublement robuste) ; contrôle = not_yet_treated ; fenêtre 2003-2024 ; 5558 traitées, 0 jamais traitées sur la fenêtre ; ATT(g,t) identifiés jusqu'en 2022 (sans unité jamais traitée, la dernière cohorte sert de contrôle)",event,0.0,5558.0,0.0,0.0,2003.0,2024.0,2003.0,2022.0,5558.0,5.0,dr,9.0,5498.0,,,,,
h2,H2,H2d,"log(naissances+0,5 / 1 000 f. 15-24)","unités avec covariables, bascule 4G",cs,-6,0.0781065096102494,0.0335666881138007,0.0123170098269113,0.1438960093935876,0.0199702979233378,5558,122276,False," ; covariables : log_pop, share_women_1549, level_pre, pretrend_pre (doublement robuste) ; contrôle = not_yet_treated ; fenêtre 2003-2024 ; 5558 traitées, 0 jamais traitées sur la fenêtre ; ATT(g,t) identifiés jusqu'en 2022 (sans unité jamais traitée, la dernière cohorte sert de contrôle)",event,0.0,5558.0,0.0,0.0,2003.0,2024.0,2003.0,2022.0,5558.0,5.0,dr,9.0,5498.0,,,,,
h2,H2,H2d,"log(naissances+0,5 / 1 000 f. 15-24)","unités avec covariables, bascule 4G",cs,-5,0.0377222736509039,0.020705613524486,-0.002859983134894,0.078304530436702,0.0684795691429357,5558,122276,False," ; covariables : log_pop, share_women_1549, level_pre, pretrend_pre (doublement robuste) ; contrôle = not_yet_treated ; fenêtre 2003-2024 ; 5558 traitées, 0 jamais traitées sur la fenêtre ; ATT(g,t) identifiés jusqu'en 2022 (sans unité jamais traitée, la dernière cohorte sert de contrôle)",event,0.0,5558.0,0.0,0.0,2003.0,2024.0,2003.0,2022.0,5558.0,5.0,dr,9.0,5498.0,,,,,
h2,H2,H2d,"log(naissances+0,5 / 1 000 f. 15-24)","unités avec covariables, bascule 4G",cs,-4,0.0480445768823301,0.0235580296556049,0.001871687210618,0.0942174665540423,0.0414087204469534,5558,122276,False," ; covariables : log_pop, share_women_1549, level_pre, pretrend_pre (doublement robuste) ; contrôle = not_yet_treated ; fenêtre 2003-2024 ; 5558 traitées, 0 jamais traitées sur la fenêtre ; ATT(g,t) identifiés jusqu'en 2022 (sans unité jamais traitée, la dernière cohorte sert de contrôle)",event,0.0,5558.0,0.0,0.0,2003.0,2024.0,2003.0,2022.0,5558.0,5.0,dr,9.0,5498.0,,,,,
h2,H2,H2d,"log(naissances+0,5 / 1 000 f. 15-24)","unités avec covariables, bascule 4G",cs,-3,-0.0050012665584574,0.0173495109526006,-0.039005683174938,0.029003150058023,0.7731434648438698,5558,122276,False," ; covariables : log_pop, share_women_1549, level_pre, pretrend_pre (doublement robuste) ; contrôle = not_yet_treated ; fenêtre 2003-2024 ; 5558 traitées, 0 jamais traitées sur la fenêtre ; ATT(g,t) identifiés jusqu'en 2022 (sans unité jamais traitée, la dernière cohorte sert de contrôle)",event,0.0,5558.0,0.0,0.0,2003.0,2024.0,2003.0,2022.0,5558.0,5.0,dr,9.0,5498.0,,,,,
h2,H2,H2d,"log(naissances+0,5 / 1 000 f. 15-24)","unités avec covariables, bascule 4G",cs,-2,-0.0025970780574457,0.0133943565971624,-0.0288495345839706,0.0236553784690791,0.8462593098129,5558,122276,False," ; covariables : log_pop, share_women_1549, level_pre, pretrend_pre (doublement robuste) ; contrôle = not_yet_treated ; fenêtre 2003-2024 ; 5558 traitées, 0 jamais traitées sur la fenêtre ; ATT(g,t) identifiés jusqu'en 2022 (sans unité jamais traitée, la dernière cohorte sert de contrôle)",event,0.0,5558.0,0.0,0.0,2003.0,2024.0,2003.0,2022.0,5558.0,5.0,dr,9.0,5498.0,,,,,
h2,H2,H2d,"log(naissances+0,5 / 1 000 f. 15-24)","unités avec covariables, bascule 4G",cs,0,-0.003237582368456,0.0077541117968406,-0.0184353622223609,0.0119601974854487,0.6762900246630437,5558,122276,False," ; covariables : log_pop, share_women_1549, level_pre, pretrend_pre (doublement robuste) ; contrôle = not_yet_treated ; fenêtre 2003-2024 ; 5558 traitées, 0 jamais traitées sur la fenêtre ; ATT(g,t) identifiés jusqu'en 2022 (sans unité jamais traitée, la dernière cohorte sert de contrôle)",event,0.0,5558.0,0.0,0.0,2003.0,2024.0,2003.0,2022.0,5558.0,5.0,dr,9.0,5498.0,,,,,
h2,H2,H2d,"log(naissances+0,5 / 1 000 f. 15-24)","unités avec covariables, bascule 4G",cs,1,0.0119799074122236,0.0273545452036608,-0.0416340160004245,0.0655938308248718,0.6614229441211461,5558,122276,False," ; covariables : log_pop, share_women_1549, level_pre, pretrend_pre (doublement robuste) ; contrôle = not_yet_treated ; fenêtre 2003-2024 ; 5558 traitées, 0 jamais traitées sur la fenêtre ; ATT(g,t) identifiés jusqu'en 2022 (sans unité jamais traitée, la dernière cohorte sert de contrôle)",event,0.0,5558.0,0.0,0.0,2003.0,2024.0,2003.0,2022.0,5558.0,5.0,dr,8.0,5438.0,,,,,
h2,H2,H2d,"log(naissances+0,5 / 1 000 f. 15-24)","unités avec covariables, bascule 4G",cs,2,0.0173463836590063,0.0268936512871261,-0.0353642042765402,0.0700569715945529,0.5189277018825982,5558,122276,False," ; covariables : log_pop, share_women_1549, level_pre, pretrend_pre (doublement robuste) ; contrôle = not_yet_treated ; fenêtre 2003-2024 ; 5558 traitées, 0 jamais traitées sur la fenêtre ; ATT(g,t) identifiés jusqu'en 2022 (sans unité jamais traitée, la dernière cohorte sert de contrôle)",event,0.0,5558.0,0.0,0.0,2003.0,2024.0,2003.0,2022.0,5558.0,5.0,dr,7.0,5268.0,,,,,
h2,H2,H2d,"log(naissances+0,5 / 1 000 f. 15-24)","unités avec covariables, bascule 4G",cs,3,-0.0297328605887687,0.0209457288899884,-0.0707857348430861,0.0113200136655486,0.1557477551681702,5558,122276,False," ; covariables : log_pop, share_women_1549, level_pre, pretrend_pre (doublement robuste) ; contrôle = not_yet_treated ; fenêtre 2003-2024 ; 5558 traitées, 0 jamais traitées sur la fenêtre ; ATT(g,t) identifiés jusqu'en 2022 (sans unité jamais traitée, la dernière cohorte sert de contrôle)",event,0.0,5558.0,0.0,0.0,2003.0,2024.0,2003.0,2022.0,5558.0,5.0,dr,6.0,4844.0,,,,,
h2,H2,H2d,"log(naissances+0,5 / 1 000 f. 15-24)","unités avec covariables, bascule 4G",cs,4,-0.1111033331107646,0.0268228721338272,-0.1636751964549889,-0.0585314697665402,3.441226296527504e-05,5558,122276,False," ; covariables : log_pop, share_women_1549, level_pre, pretrend_pre (doublement robuste) ; contrôle = not_yet_treated ; fenêtre 2003-2024 ; 5558 traitées, 0 jamais traitées sur la fenêtre ; ATT(g,t) identifiés jusqu'en 2022 (sans unité jamais traitée, la dernière cohorte sert de contrôle)",event,0.0,5558.0,0.0,0.0,2003.0,2024.0,2003.0,2022.0,5558.0,5.0,dr,5.0,4445.0,,,,,
h2,H2,H2d,"log(naissances+0,5 / 1 000 f. 15-24)","unités avec covariables, bascule 4G",cs,5,-0.1753797429120085,0.0488672639188501,-0.2711578202159685,-0.0796016656080485,0.0003320756736234,5558,122276,False," ; covariables : log_pop, share_women_1549, level_pre, pretrend_pre (doublement robuste) ; contrôle = not_yet_treated ; fenêtre 2003-2024 ; 5558 traitées, 0 jamais traitées sur la fenêtre ; ATT(g,t) identifiés jusqu'en 2022 (sans unité jamais traitée, la dernière cohorte sert de contrôle)",event,0.0,5558.0,0.0,0.0,2003.0,2024.0,2003.0,2022.0,5558.0,5.0,dr,4.0,3767.0,,,,,
h2,H2,H2d,"log(naissances+0,5 / 1 000 f. 15-24)","unités avec covariables, bascule 4G",cs,6,-0.4027794028263463,0.1271983662595676,-0.6520836195874338,-0.1534751860652588,0.0015426125899155,5558,122276,False," ; covariables : log_pop, share_women_1549, level_pre, pretrend_pre (doublement robuste) ; contrôle = not_yet_treated ; fenêtre 2003-2024 ; 5558 traitées, 0 jamais traitées sur la fenêtre ; ATT(g,t) identifiés jusqu'en 2022 (sans unité jamais traitée, la dernière cohorte sert de contrôle)",event,0.0,5558.0,0.0,0.0,2003.0,2024.0,2003.0,2022.0,5558.0,5.0,dr,3.0,1032.0,,,,,
h2,H2,H2d,"log(naissances+0,5 / 1 000 f. 15-24)","unités avec covariables, bascule 4G",cs,7,-0.4673716034494851,0.1569150882586202,-0.7749195250673047,-0.1598236818316654,0.0028966295083813,5558,122276,False," ; covariables : log_pop, share_women_1549, level_pre, pretrend_pre (doublement robuste) ; contrôle = not_yet_treated ; fenêtre 2003-2024 ; 5558 traitées, 0 jamais traitées sur la fenêtre ; ATT(g,t) identifiés jusqu'en 2022 (sans unité jamais traitée, la dernière cohorte sert de contrôle)",event,0.0,5558.0,0.0,0.0,2003.0,2024.0,2003.0,2022.0,5558.0,5.0,dr,2.0,481.0,,,,,
h2,H2,H2d,"log(naissances+0,5 / 1 000 f. 15-24)","unités avec covariables, bascule 4G",cs,8,-0.6571291009102663,0.2478295979647504,-1.1428661872242185,-0.1713920145963143,0.0080126570595552,5558,122276,False," ; covariables : log_pop, share_women_1549, level_pre, pretrend_pre (doublement robuste) ; contrôle = not_yet_treated ; fenêtre 2003-2024 ; 5558 traitées, 0 jamais traitées sur la fenêtre ; ATT(g,t) identifiés jusqu'en 2022 (sans unité jamais traitée, la dernière cohorte sert de contrôle)",event,0.0,5558.0,0.0,0.0,2003.0,2024.0,2003.0,2022.0,5558.0,5.0,dr,1.0,187.0,,,,,
h2,H2,H2d,"log(naissances+0,5 / 1 000 f. 15-24)","unités avec covariables, bascule 4G",cs,"ATT[1,5]",-0.0573779291080623,0.020364183279448,-0.0972909949103532,-0.0174648633057715,0.0048385478417476,5558,122276,False," ; covariables : log_pop, share_women_1549, level_pre, pretrend_pre (doublement robuste) ; contrôle = not_yet_treated ; fenêtre 2003-2024 ; 5558 traitées, 0 jamais traitées sur la fenêtre ; ATT(g,t) identifiés jusqu'en 2022 (sans unité jamais traitée, la dernière cohorte sert de contrôle) ; écart-type avec covariance complète des coefficients (fonctions d'influence)",post_avg,0.0,5558.0,0.0,0.0,2003.0,2024.0,2003.0,2022.0,5558.0,5.0,dr,,,,,5.0,,
h2,H2,H2d,"log(naissances+0,5 / 1 000 f. 15-24)","unités avec covariables, bascule 4G",cs,ATT,-0.0621177568799595,0.0188306745794102,-0.0990252008601974,-0.0252103128997215,0.0009711509039103,5558,122276,False," ; covariables : log_pop, share_women_1549, level_pre, pretrend_pre (doublement robuste) ; contrôle = not_yet_treated ; fenêtre 2003-2024 ; 5558 traitées, 0 jamais traitées sur la fenêtre ; ATT(g,t) identifiés jusqu'en 2022 (sans unité jamais traitée, la dernière cohorte sert de contrôle) ; moyenne de tous les ATT(g,t) post",simple,0.0,5558.0,0.0,0.0,2003.0,2024.0,2003.0,2022.0,5558.0,5.0,dr,,,,,,,
h2,H2,H2d,"log(naissances+0,5 / 1 000 f. 15-24)","unités avec covariables, bascule 4G",cs,Wald pré (-8..-2),11.623857748476462,,,,0.1136269597696651,5558,122276,False,"H5c : test de Wald joint de nullité des coefficients pré avec covariance des fonctions d'influence, df = 7 ; fenêtre 2003-2024 ; 5558 traitées, 0 jamais traitées sur la fenêtre",pre_test,0.0,5558.0,0.0,0.0,2003.0,2024.0,2003.0,2022.0,5558.0,5.0,dr,,,,,,7.0,
h2,H2,H2d,ATT 15-24 − ATT 25-39,"unités avec covariables, bascule 4G",cs,différence (bootstrap conjoint),-0.0095319571583894,0.0129149787289905,-0.0348448505279766,0.0157809362111977,0.4604813789696108,5558,611380,False,"bootstrap par unité géographique stratifié par cohorte, 50 tirages ; quantiles [-0.0292, +0.0168]",difference,,,,,,,,,,,,,,,,,,
h3,H3,H3a,mariages de femmes / 1 000 f.,município,—,non estimé,,,,,,0,0,False,"mariages absents pour 2017-2024 au moment de l'exécution (API IBGE indisponible, voir data_log.md) ; H3a à relancer",note,,,,,,,,,,,,,,,,,,
h3,H3,H3b,naissances de mères en couple,município,—,non testable,,,,,,0,0,False,pas d'état civil de la mère dans la source des naissances (A5),note,,,,,,,,,,,,,,,,,,
h3,H3,H3c,naissances par femme en couple,município,—,non testable,,,,,,0,0,False,pas de femmes en couple par âge au niveau de l'unité (A5),note,,,,,,,,,,,,,,,,,,
h3,§6 canal,§6,ATT H3a − ATT H3b,município,—,non applicable,,,,,,0,0,False,la règle §6 exige H3a et H3b sur la même fenêtre,note,,,,,,,,,,,,,,,,,,
h5,H5,H5a,"log(naissances+0,5 / 1 000 f. 15-49)","bascule fictive −3 ans, années pré-traitement seules",cs,-8,0.0276314172141758,0.0263148122970978,-0.0239446671480676,0.0792075015764194,0.2937030121904089,5558,80200,False,"placebo : aucun effet attendu ; périodes relatives fictives ≤ +2 ; covariables : log_pop, share_women_1549, level_pre, pretrend_pre (doublement robuste) ; contrôle = not_yet_treated ; fenêtre 2003-2022 ; 5558 traitées, 0 jamais traitées sur la fenêtre ; panel déséquilibré par construction (5498 unités incomplètes gardées) ; ATT(g,t) identifiés jusqu'en 2019 (sans unité jamais traitée, la dernière cohorte sert de contrôle)",event,0.0,5558.0,0.0,5498.0,2003.0,2022.0,2003.0,2019.0,5558.0,2.0,dr,9.0,5498.0,,,,,
h5,H5,H5a,"log(naissances+0,5 / 1 000 f. 15-49)","bascule fictive −3 ans, années pré-traitement seules",cs,-7,0.0386723747652094,0.0323632751230444,-0.0247584788977187,0.1021032284281376,0.2321080248868261,5558,80200,False,"placebo : aucun effet attendu ; périodes relatives fictives ≤ +2 ; covariables : log_pop, share_women_1549, level_pre, pretrend_pre (doublement robuste) ; contrôle = not_yet_treated ; fenêtre 2003-2022 ; 5558 traitées, 0 jamais traitées sur la fenêtre ; panel déséquilibré par construction (5498 unités incomplètes gardées) ; ATT(g,t) identifiés jusqu'en 2019 (sans unité jamais traitée, la dernière cohorte sert de contrôle)",event,0.0,5558.0,0.0,5498.0,2003.0,2022.0,2003.0,2019.0,5558.0,2.0,dr,9.0,5498.0,,,,,
h5,H5,H5a,"log(naissances+0,5 / 1 000 f. 15-49)","bascule fictive −3 ans, années pré-traitement seules",cs,-6,-0.0215211873870167,0.0125583690453943,-0.0461351384205524,0.0030927636465188,0.0865851486017024,5558,80200,False,"placebo : aucun effet attendu ; périodes relatives fictives ≤ +2 ; covariables : log_pop, share_women_1549, level_pre, pretrend_pre (doublement robuste) ; contrôle = not_yet_treated ; fenêtre 2003-2022 ; 5558 traitées, 0 jamais traitées sur la fenêtre ; panel déséquilibré par construction (5498 unités incomplètes gardées) ; ATT(g,t) identifiés jusqu'en 2019 (sans unité jamais traitée, la dernière cohorte sert de contrôle)",event,0.0,5558.0,0.0,5498.0,2003.0,2022.0,2003.0,2019.0,5558.0,2.0,dr,9.0,5498.0,,,,,
h5,H5,H5a,"log(naissances+0,5 / 1 000 f. 15-49)","bascule fictive −3 ans, années pré-traitement seules",cs,-5,-0.0013508150758128,0.008550798520732,-0.018110072215506,0.0154084420638802,0.8744762515092821,5558,80200,False,"placebo : aucun effet attendu ; périodes relatives fictives ≤ +2 ; covariables : log_pop, share_women_1549, level_pre, pretrend_pre (doublement robuste) ; contrôle = not_yet_treated ; fenêtre 2003-2022 ; 5558 traitées, 0 jamais traitées sur la fenêtre ; panel déséquilibré par construction (5498 unités incomplètes gardées) ; ATT(g,t) identifiés jusqu'en 2019 (sans unité jamais traitée, la dernière cohorte sert de contrôle)",event,0.0,5558.0,0.0,5498.0,2003.0,2022.0,2003.0,2019.0,5558.0,2.0,dr,9.0,5498.0,,,,,
h5,H5,H5a,"log(naissances+0,5 / 1 000 f. 15-49)","bascule fictive −3 ans, années pré-traitement seules",cs,-4,0.0619167416131624,0.0452273425797707,-0.026727220959643,0.150560704185968,0.1709957527062497,5558,80200,False,"placebo : aucun effet attendu ; périodes relatives fictives ≤ +2 ; covariables : log_pop, share_women_1549, level_pre, pretrend_pre (doublement robuste) ; contrôle = not_yet_treated ; fenêtre 2003-2022 ; 5558 traitées, 0 jamais traitées sur la fenêtre ; panel déséquilibré par construction (5498 unités incomplètes gardées) ; ATT(g,t) identifiés jusqu'en 2019 (sans unité jamais traitée, la dernière cohorte sert de contrôle)",event,0.0,5558.0,0.0,5498.0,2003.0,2022.0,2003.0,2019.0,5558.0,2.0,dr,9.0,5498.0,,,,,
h5,H5,H5a,"log(naissances+0,5 / 1 000 f. 15-49)","bascule fictive −3 ans, années pré-traitement seules",cs,-3,0.0200198025546545,0.0186011030822183,-0.0164376895592105,0.0564772946685195,0.2818066815614705,5558,80200,False,"placebo : aucun effet attendu ; périodes relatives fictives ≤ +2 ; covariables : log_pop, share_women_1549, level_pre, pretrend_pre (doublement robuste) ; contrôle = not_yet_treated ; fenêtre 2003-2022 ; 5558 traitées, 0 jamais traitées sur la fenêtre ; panel déséquilibré par construction (5498 unités incomplètes gardées) ; ATT(g,t) identifiés jusqu'en 2019 (sans unité jamais traitée, la dernière cohorte sert de contrôle)",event,0.0,5558.0,0.0,5498.0,2003.0,2022.0,2003.0,2019.0,5558.0,2.0,dr,9.0,5498.0,,,,,
h5,H5,H5a,"log(naissances+0,5 / 1 000 f. 15-49)","bascule fictive −3 ans, années pré-traitement seules",cs,-2,-0.0122295179085461,0.0134146472657995,-0.0385217434148219,0.0140627075977296,0.3619508442544811,5558,80200,False,"placebo : aucun effet attendu ; périodes relatives fictives ≤ +2 ; covariables : log_pop, share_women_1549, level_pre, pretrend_pre (doublement robuste) ; contrôle = not_yet_treated ; fenêtre 2003-2022 ; 5558 traitées, 0 jamais traitées sur la fenêtre ; panel déséquilibré par construction (5498 unités incomplètes gardées) ; ATT(g,t) identifiés jusqu'en 2019 (sans unité jamais traitée, la dernière cohorte sert de contrôle)",event,0.0,5558.0,0.0,5498.0,2003.0,2022.0,2003.0,2019.0,5558.0,2.0,dr,9.0,5498.0,,,,,
h5,H5,H5a,"log(naissances+0,5 / 1 000 f. 15-49)","bascule fictive −3 ans, années pré-traitement seules",cs,0,-0.0544061805362496,0.0402953058742691,-0.1333835287958424,0.0245711677233432,0.1769561472781855,5558,80200,False,"placebo : aucun effet attendu ; périodes relatives fictives ≤ +2 ; covariables : log_pop, share_women_1549, level_pre, pretrend_pre (doublement robuste) ; contrôle = not_yet_treated ; fenêtre 2003-2022 ; 5558 traitées, 0 jamais traitées sur la fenêtre ; panel déséquilibré par construction (5498 unités incomplètes gardées) ; ATT(g,t) identifiés jusqu'en 2019 (sans unité jamais traitée, la dernière cohorte sert de contrôle)",event,0.0,5558.0,0.0,5498.0,2003.0,2022.0,2003.0,2019.0,5558.0,2.0,dr,9.0,5498.0,,,,,
h5,H5,H5a,"log(naissances+0,5 / 1 000 f. 15-49)","bascule fictive −3 ans, années pré-traitement seules",cs,1,-0.1958650739566657,0.1078210218758356,-0.4071903936096088,0.0154602456962774,0.0692820705678701,5558,80200,False,"placebo : aucun effet attendu ; périodes relatives fictives ≤ +2 ; covariables : log_pop, share_women_1549, level_pre, pretrend_pre (doublement robuste) ; contrôle = not_yet_treated ; fenêtre 2003-2022 ; 5558 traitées, 0 jamais traitées sur la fenêtre ; panel déséquilibré par construction (5498 unités incomplètes gardées) ; ATT(g,t) identifiés jusqu'en 2019 (sans unité jamais traitée, la dernière cohorte sert de contrôle)",event,0.0,5558.0,0.0,5498.0,2003.0,2022.0,2003.0,2019.0,5558.0,2.0,dr,8.0,5438.0,,,,,
h5,H5,H5a,"log(naissances+0,5 / 1 000 f. 15-49)","bascule fictive −3 ans, années pré-traitement seules",cs,2,-0.0948816961234036,0.0446024649212071,-0.1823009209906807,-0.0074624712561266,0.033397263858303,5558,80200,False,"placebo : aucun effet attendu ; périodes relatives fictives ≤ +2 ; covariables : log_pop, share_women_1549, level_pre, pretrend_pre (doublement robuste) ; contrôle = not_yet_treated ; fenêtre 2003-2022 ; 5558 traitées, 0 jamais traitées sur la fenêtre ; panel déséquilibré par construction (5498 unités incomplètes gardées) ; ATT(g,t) identifiés jusqu'en 2019 (sans unité jamais traitée, la dernière cohorte sert de contrôle)",event,0.0,5558.0,0.0,5498.0,2003.0,2022.0,2003.0,2019.0,5558.0,2.0,dr,7.0,5268.0,,,,,
h5,H5,H5a,"log(naissances+0,5 / 1 000 f. 15-49)","bascule fictive −3 ans, années pré-traitement seules",cs,"ATT[1,2]",-0.1453733850400347,0.0694599179957409,-0.2815123226807924,-0.0092344473992769,0.036357153324612,5558,80200,False,"placebo : aucun effet attendu ; périodes relatives fictives ≤ +2 ; covariables : log_pop, share_women_1549, level_pre, pretrend_pre (doublement robuste) ; contrôle = not_yet_treated ; fenêtre 2003-2022 ; 5558 traitées, 0 jamais traitées sur la fenêtre ; panel déséquilibré par construction (5498 unités incomplètes gardées) ; ATT(g,t) identifiés jusqu'en 2019 (sans unité jamais traitée, la dernière cohorte sert de contrôle) ; écart-type avec covariance complète des coefficients (fonctions d'influence)",post_avg,0.0,5558.0,0.0,5498.0,2003.0,2022.0,2003.0,2019.0,5558.0,2.0,dr,,,,,2.0,,
h5,H5,H5a,"log(naissances+0,5 / 1 000 f. 15-49)","bascule fictive −3 ans, années pré-traitement seules",cs,ATT,-0.1150380293719291,0.056967203084258,-0.226691695717054,-0.0033843630268042,0.0434484700750229,5558,80200,False,"placebo : aucun effet attendu ; périodes relatives fictives ≤ +2 ; covariables : log_pop, share_women_1549, level_pre, pretrend_pre (doublement robuste) ; contrôle = not_yet_treated ; fenêtre 2003-2022 ; 5558 traitées, 0 jamais traitées sur la fenêtre ; panel déséquilibré par construction (5498 unités incomplètes gardées) ; ATT(g,t) identifiés jusqu'en 2019 (sans unité jamais traitée, la dernière cohorte sert de contrôle) ; moyenne de tous les ATT(g,t) post",simple,0.0,5558.0,0.0,5498.0,2003.0,2022.0,2003.0,2019.0,5558.0,2.0,dr,,,,,,,
h5,H5,H5a,"log(naissances+0,5 / 1 000 f. 15-49)","bascule fictive −3 ans, années pré-traitement seules",cs,Wald pré (-8..-2),4.845272865668347,,,,0.6788387140492655,5558,80200,False,"H5c : test de Wald joint de nullité des coefficients pré avec covariance des fonctions d'influence, df = 7 ; fenêtre 2003-2022 ; 5558 traitées, 0 jamais traitées sur la fenêtre ; panel déséquilibré par construction (5498 unités incomplètes gardées)",pre_test,0.0,5558.0,0.0,5498.0,2003.0,2022.0,2003.0,2019.0,5558.0,2.0,dr,,,,,,7.0,
h5,H5,H5a,"log(naissances+0,5 / 1 000 f. 15-49)","bascule fictive −3 ans, années pré-traitement seules ; fenêtre identifiée ≤ 2019, cohorte 2020 = contrôle",twfe,-8,-0.0420044128487008,0.0247431526781611,-0.0905001009618725,0.0064912752644708,0.0895799482787925,5558,80200,False,"placebo : aucun effet attendu ; périodes relatives fictives ≤ +2 ; fenêtre 2003-2022 ; 5558 traitées, 0 jamais traitées sur la fenêtre ; panel déséquilibré par construction (5498 unités incomplètes gardées) ; covariables invariantes dans le temps absorbées par les effets fixes unité : log_pop, share_women_1549, level_pre, pretrend_pre ; comparaisons sur la fenêtre identifiée (années < 2020, cohorte 2020 recodée contrôle, 60 unités de contrôle) ; cellules −8 et +8 bornées",event,0.0,5558.0,0.0,5498.0,2003.0,2022.0,,,,,,,,,,,,
h5,H5,H5a,"log(naissances+0,5 / 1 000 f. 15-49)","bascule fictive −3 ans, années pré-traitement seules ; fenêtre identifiée ≤ 2019, cohorte 2020 = contrôle",twfe,-7,-0.0633172316355987,0.019625477251731,-0.1017824602284016,-0.0248520030427958,0.0012541178936718,5558,80200,False,"placebo : aucun effet attendu ; périodes relatives fictives ≤ +2 ; fenêtre 2003-2022 ; 5558 traitées, 0 jamais traitées sur la fenêtre ; panel déséquilibré par construction (5498 unités incomplètes gardées) ; covariables invariantes dans le temps absorbées par les effets fixes unité : log_pop, share_women_1549, level_pre, pretrend_pre ; comparaisons sur la fenêtre identifiée (années < 2020, cohorte 2020 recodée contrôle, 60 unités de contrôle) ; cellules −8 et +8 bornées",event,0.0,5558.0,0.0,5498.0,2003.0,2022.0,,,,,,,,,,,,
h5,H5,H5a,"log(naissances+0,5 / 1 000 f. 15-49)","bascule fictive −3 ans, années pré-traitement seules ; fenêtre identifiée ≤ 2019, cohorte 2020 = contrôle",twfe,-6,-0.0683722827319332,0.0170806671250118,-0.1018497751288737,-0.0348947903349927,6.256951036778527e-05,5558,80200,False,"placebo : aucun effet attendu ; périodes relatives fictives ≤ +2 ; fenêtre 2003-2022 ; 5558 traitées, 0 jamais traitées sur la fenêtre ; panel déséquilibré par construction (5498 unités incomplètes gardées) ; covariables invariantes dans le temps absorbées par les effets fixes unité : log_pop, share_women_1549, level_pre, pretrend_pre ; comparaisons sur la fenêtre identifiée (années < 2020, cohorte 2020 recodée contrôle, 60 unités de contrôle) ; cellules −8 et +8 bornées",event,0.0,5558.0,0.0,5498.0,2003.0,2022.0,,,,,,,,,,,,
h5,H5,H5a,"log(naissances+0,5 / 1 000 f. 15-49)","bascule fictive −3 ans, années pré-traitement seules ; fenêtre identifiée ≤ 2019, cohorte 2020 = contrôle",twfe,-5,-0.0629630989889285,0.0143670685454053,-0.0911220359013412,-0.0348041620765159,1.1734687431478476e-05,5558,80200,False,"placebo : aucun effet attendu ; périodes relatives fictives ≤ +2 ; fenêtre 2003-2022 ; 5558 traitées, 0 jamais traitées sur la fenêtre ; panel déséquilibré par construction (5498 unités incomplètes gardées) ; covariables invariantes dans le temps absorbées par les effets fixes unité : log_pop, share_women_1549, level_pre, pretrend_pre ; comparaisons sur la fenêtre identifiée (années < 2020, cohorte 2020 recodée contrôle, 60 unités de contrôle) ; cellules −8 et +8 bornées",event,0.0,5558.0,0.0,5498.0,2003.0,2022.0,,,,,,,,,,,,
h5,H5,H5a,"log(naissances+0,5 / 1 000 f. 15-49)","bascule fictive −3 ans, années pré-traitement seules ; fenêtre identifiée ≤ 2019, cohorte 2020 = contrôle",twfe,-4,-0.0499964486444325,0.0109384881282076,-0.0714354914210384,-0.0285574058678266,4.861187533016927e-06,5558,80200,False,"placebo : aucun effet attendu ; périodes relatives fictives ≤ +2 ; fenêtre 2003-2022 ; 5558 traitées, 0 jamais traitées sur la fenêtre ; panel déséquilibré par construction (5498 unités incomplètes gardées) ; covariables invariantes dans le temps absorbées par les effets fixes unité : log_pop, share_women_1549, level_pre, pretrend_pre ; comparaisons sur la fenêtre identifiée (années < 2020, cohorte 2020 recodée contrôle, 60 unités de contrôle) ; cellules −8 et +8 bornées",event,0.0,5558.0,0.0,5498.0,2003.0,2022.0,,,,,,,,,,,,
h5,H5,H5a,"log(naissances+0,5 / 1 000 f. 15-49)","bascule fictive −3 ans, années pré-traitement seules ; fenêtre identifiée ≤ 2019, cohorte 2020 = contrôle",twfe,-3,-0.0357261223479182,0.0077097691141007,-0.0508369921406749,-0.0206152525551615,3.5888014773470383e-06,5558,80200,False,"placebo : aucun effet attendu ; périodes relatives fictives ≤ +2 ; fenêtre 2003-2022 ; 5558 traitées, 0 jamais traitées sur la fenêtre ; panel déséquilibré par construction (5498 unités incomplètes gardées) ; covariables invariantes dans le temps absorbées par les effets fixes unité : log_pop, share_women_1549, level_pre, pretrend_pre ; comparaisons sur la fenêtre identifiée (années < 2020, cohorte 2020 recodée contrôle, 60 unités de contrôle) ; cellules −8 et +8 bornées",event,0.0,5558.0,0.0,5498.0,2003.0,2022.0,,,,,,,,,,,,
h5,H5,H5a,"log(naissances+0,5 / 1 000 f. 15-49)","bascule fictive −3 ans, années pré-traitement seules ; fenêtre identifiée ≤ 2019, cohorte 2020 = contrôle",twfe,-2,-0.0213617799800417,0.0045648582459468,-0.0303087377366282,-0.0124148222234552,2.8741384860119497e-06,5558,80200,False,"placebo : aucun effet attendu ; périodes relatives fictives ≤ +2 ; fenêtre 2003-2022 ; 5558 traitées, 0 jamais traitées sur la fenêtre ; panel déséquilibré par construction (5498 unités incomplètes gardées) ; covariables invariantes dans le temps absorbées par les effets fixes unité : log_pop, share_women_1549, level_pre, pretrend_pre ; comparaisons sur la fenêtre identifiée (années < 2020, cohorte 2020 recodée contrôle, 60 unités de contrôle) ; cellules −8 et +8 bornées",event,0.0,5558.0,0.0,5498.0,2003.0,2022.0,,,,,,,,,,,,
h5,H5,H5a,"log(naissances+0,5 / 1 000 f. 15-49)","bascule fictive −3 ans, années pré-traitement seules ; fenêtre identifiée ≤ 2019, cohorte 2020 = contrôle",twfe,0,0.0239360929592019,0.0044868920609161,0.0151419461172875,0.0327302398011163,9.571794695648122e-08,5558,80200,False,"placebo : aucun effet attendu ; périodes relatives fictives ≤ +2 ; fenêtre 2003-2022 ; 5558 traitées, 0 jamais traitées sur la fenêtre ; panel déséquilibré par construction (5498 unités incomplètes gardées) ; covariables invariantes dans le temps absorbées par les effets fixes unité : log_pop, share_women_1549, level_pre, pretrend_pre ; comparaisons sur la fenêtre identifiée (années < 2020, cohorte 2020 recodée contrôle, 60 unités de contrôle) ; cellules −8 et +8 bornées",event,0.0,5558.0,0.0,5498.0,2003.0,2022.0,,,,,,,,,,,,
h5,H5,H5a,"log(naissances+0,5 / 1 000 f. 15-49)","bascule fictive −3 ans, années pré-traitement seules ; fenêtre identifiée ≤ 2019, cohorte 2020 = contrôle",twfe,1,0.0436516658232666,0.0075221981761156,0.028908428313507,0.0583949033330262,6.51207208962742e-09,5558,80200,False,"placebo : aucun effet attendu ; périodes relatives fictives ≤ +2 ; fenêtre 2003-2022 ; 5558 traitées, 0 jamais traitées sur la fenêtre ; panel déséquilibré par construction (5498 unités incomplètes gardées) ; covariables invariantes dans le temps absorbées par les effets fixes unité : log_pop, share_women_1549, level_pre, pretrend_pre ; comparaisons sur la fenêtre identifiée (années < 2020, cohorte 2020 recodée contrôle, 60 unités de contrôle) ; cellules −8 et +8 bornées",event,0.0,5558.0,0.0,5498.0,2003.0,2022.0,,,,,,,,,,,,
h5,H5,H5a,"log(naissances+0,5 / 1 000 f. 15-49)","bascule fictive −3 ans, années pré-traitement seules ; fenêtre identifiée ≤ 2019, cohorte 2020 = contrôle",twfe,2,0.0644071538363865,0.010842396732569,0.0431564467344565,0.0856578609383165,2.844906280363533e-09,5558,80200,False,"placebo : aucun effet attendu ; périodes relatives fictives ≤ +2 ; fenêtre 2003-2022 ; 5558 traitées, 0 jamais traitées sur la fenêtre ; panel déséquilibré par construction (5498 unités incomplètes gardées) ; covariables invariantes dans le temps absorbées par les effets fixes unité : log_pop, share_women_1549, level_pre, pretrend_pre ; comparaisons sur la fenêtre identifiée (années < 2020, cohorte 2020 recodée contrôle, 60 unités de contrôle) ; cellules −8 et +8 bornées",event,0.0,5558.0,0.0,5498.0,2003.0,2022.0,,,,,,,,,,,,
h5,H5,H5a,"log(naissances+0,5 / 1 000 f. 15-49)","bascule fictive −3 ans, années pré-traitement seules ; fenêtre identifiée ≤ 2019, cohorte 2020 = contrôle",twfe,"ATT[1,2]",0.0540294098298266,0.0090440107173272,0.0363034745480709,0.0717553451115822,2.314289168763735e-09,5558,80200,False,"placebo : aucun effet attendu ; périodes relatives fictives ≤ +2 ; fenêtre 2003-2022 ; 5558 traitées, 0 jamais traitées sur la fenêtre ; panel déséquilibré par construction (5498 unités incomplètes gardées) ; covariables invariantes dans le temps absorbées par les effets fixes unité : log_pop, share_women_1549, level_pre, pretrend_pre ; comparaisons sur la fenêtre identifiée (années < 2020, cohorte 2020 recodée contrôle, 60 unités de contrôle) ; écart-type avec covariance complète (w'Vw)",post_avg,0.0,5558.0,0.0,5498.0,2003.0,2022.0,,,,,,,,,,,,
h5,H5,H5a,"log(naissances+0,5 / 1 000 f. 15-49)","bascule fictive −3 ans, années pré-traitement seules ; fenêtre identifiée ≤ 2019, cohorte 2020 = contrôle",twfe,Wald pré (-8..−2),92.0282323692144,,,,4.7390202548643825e-17,5558,80200,False,"test de Wald joint, covariance groupée, df = 7 ; fenêtre 2003-2022 ; 5558 traitées, 0 jamais traitées sur la fenêtre ; panel déséquilibré par construction (5498 unités incomplètes gardées)",pre_test,0.0,5558.0,0.0,5498.0,2003.0,2022.0,,,,,,,,,,,7.0,
h5,H5,H5a,"log(naissances+0,5 / 1 000 f. 15-49)","bascule fictive −3 ans, années pré-traitement seules ; fenêtre identifiée ≤ 2019, cohorte 2020 = contrôle",twfe,ATT,0.0502544952706639,0.0058092872600334,0.038868501465151,0.0616404890761768,5.1177238013855486e-18,5558,80200,False,"placebo : aucun effet attendu ; périodes relatives fictives ≤ +2 ; fenêtre 2003-2022 ; 5558 traitées, 0 jamais traitées sur la fenêtre ; panel déséquilibré par construction (5498 unités incomplètes gardées) ; covariables invariantes dans le temps absorbées par les effets fixes unité : log_pop, share_women_1549, level_pre, pretrend_pre ; comparaisons sur la fenêtre identifiée (années < 2020, cohorte 2020 recodée contrôle, 60 unités de contrôle)",static,0.0,5558.0,0.0,5498.0,2003.0,2022.0,,,,,,,,,,,,
h5,H5,H5a,"log(naissances+0,5 / 1 000 f. 15-49)","bascule fictive −3 ans, années pré-traitement seules ; fenêtre complète",twfe,ATT,0.050342151490364,0.0057877292074356,0.0389984106915197,0.0616858922892084,3.375363623243689e-18,5558,80200,True,"placebo : aucun effet attendu ; périodes relatives fictives ≤ +2 ; fenêtre 2003-2022 ; 5558 traitées, 0 jamais traitées sur la fenêtre ; panel déséquilibré par construction (5498 unités incomplètes gardées) ; covariables invariantes dans le temps absorbées par les effets fixes unité : log_pop, share_women_1549, level_pre, pretrend_pre ; TWFE sur toutes les années (identification par le calendrier des bascules seulement)",static,0.0,5558.0,0.0,5498.0,2003.0,2022.0,,,,,,,,,,,,
h5,H5,H5b,décès pour 1 000 habitants,município,—,non construit,,,,,,0,0,False,décès non téléchargés à ce stade (A5),note,,,,,,,,,,,,,,,,,,
h5,H5,H5c,"log(naissances+0,5 / 1 000 f. 15-49)",primaire : unités avec covariables,cs,-8,0.0390486573141935,0.02374624513301,-0.0074931279145656,0.0855904425429527,0.1000907206826311,5558,122276,False,"H5c sur la spécification primaire (même estimation que H1) ; covariables : log_pop, share_women_1549, level_pre, pretrend_pre (doublement robuste) ; contrôle = not_yet_treated ; fenêtre 2003-2024 ; 5558 traitées, 0 jamais traitées sur la fenêtre ; ATT(g,t) identifiés jusqu'en 2022 (sans unité jamais traitée, la dernière cohorte sert de contrôle)",event,0.0,5558.0,0.0,0.0,2003.0,2024.0,2003.0,2022.0,5558.0,5.0,dr,9.0,5498.0,,,,,
h5,H5,H5c,"log(naissances+0,5 / 1 000 f. 15-49)",primaire : unités avec covariables,cs,-7,0.1023162140031688,0.0675790673085793,-0.0301363240304547,0.2347687520367924,0.1300201871313579,5558,122276,False,"H5c sur la spécification primaire (même estimation que H1) ; covariables : log_pop, share_women_1549, level_pre, pretrend_pre (doublement robuste) ; contrôle = not_yet_treated ; fenêtre 2003-2024 ; 5558 traitées, 0 jamais traitées sur la fenêtre ; ATT(g,t) identifiés jusqu'en 2022 (sans unité jamais traitée, la dernière cohorte sert de contrôle)",event,0.0,5558.0,0.0,0.0,2003.0,2024.0,2003.0,2022.0,5558.0,5.0,dr,9.0,5498.0,,,,,
h5,H5,H5c,"log(naissances+0,5 / 1 000 f. 15-49)",primaire : unités avec covariables,cs,-6,0.060419274944661,0.0355921123909293,-0.0093399834752622,0.1301785333645843,0.0895933392185884,5558,122276,False,"H5c sur la spécification primaire (même estimation que H1) ; covariables : log_pop, share_women_1549, level_pre, pretrend_pre (doublement robuste) ; contrôle = not_yet_treated ; fenêtre 2003-2024 ; 5558 traitées, 0 jamais traitées sur la fenêtre ; ATT(g,t) identifiés jusqu'en 2022 (sans unité jamais traitée, la dernière cohorte sert de contrôle)",event,0.0,5558.0,0.0,0.0,2003.0,2024.0,2003.0,2022.0,5558.0,5.0,dr,9.0,5498.0,,,,,
h5,H5,H5c,"log(naissances+0,5 / 1 000 f. 15-49)",primaire : unités avec covariables,cs,-5,0.0281699544814603,0.020858701909131,-0.0127123500246932,0.069052258987614,0.1768513883570467,5558,122276,False,"H5c sur la spécification primaire (même estimation que H1) ; covariables : log_pop, share_women_1549, level_pre, pretrend_pre (doublement robuste) ; contrôle = not_yet_treated ; fenêtre 2003-2024 ; 5558 traitées, 0 jamais traitées sur la fenêtre ; ATT(g,t) identifiés jusqu'en 2022 (sans unité jamais traitée, la dernière cohorte sert de contrôle)",event,0.0,5558.0,0.0,0.0,2003.0,2024.0,2003.0,2022.0,5558.0,5.0,dr,9.0,5498.0,,,,,
h5,H5,H5c,"log(naissances+0,5 / 1 000 f. 15-49)",primaire : unités avec covariables,cs,-4,0.0403994723900064,0.0267498099549157,-0.0120291917149193,0.0928281364949322,0.1309741914935606,5558,122276,False,"H5c sur la spécification primaire (même estimation que H1) ; covariables : log_pop, share_women_1549, level_pre, pretrend_pre (doublement robuste) ; contrôle = not_yet_treated ; fenêtre 2003-2024 ; 5558 traitées, 0 jamais traitées sur la fenêtre ; ATT(g,t) identifiés jusqu'en 2022 (sans unité jamais traitée, la dernière cohorte sert de contrôle)",event,0.0,5558.0,0.0,0.0,2003.0,2024.0,2003.0,2022.0,5558.0,5.0,dr,9.0,5498.0,,,,,
h5,H5,H5c,"log(naissances+0,5 / 1 000 f. 15-49)",primaire : unités avec covariables,cs,-3,-0.0140067081462431,0.0169844863458161,-0.0472956896799551,0.0192822733874688,0.4095552303106287,5558,122276,False,"H5c sur la spécification primaire (même estimation que H1) ; covariables : log_pop, share_women_1549, level_pre, pretrend_pre (doublement robuste) ; contrôle = not_yet_treated ; fenêtre 2003-2024 ; 5558 traitées, 0 jamais traitées sur la fenêtre ; ATT(g,t) identifiés jusqu'en 2022 (sans unité jamais traitée, la dernière cohorte sert de contrôle)",event,0.0,5558.0,0.0,0.0,2003.0,2024.0,2003.0,2022.0,5558.0,5.0,dr,9.0,5498.0,,,,,
h5,H5,H5c,"log(naissances+0,5 / 1 000 f. 15-49)",primaire : unités avec covariables,cs,-2,-0.0106032494536017,0.0116163055133766,-0.033370789893234,0.0121642909860305,0.361352910641655,5558,122276,False,"H5c sur la spécification primaire (même estimation que H1) ; covariables : log_pop, share_women_1549, level_pre, pretrend_pre (doublement robuste) ; contrôle = not_yet_treated ; fenêtre 2003-2024 ; 5558 traitées, 0 jamais traitées sur la fenêtre ; ATT(g,t) identifiés jusqu'en 2022 (sans unité jamais traitée, la dernière cohorte sert de contrôle)",event,0.0,5558.0,0.0,0.0,2003.0,2024.0,2003.0,2022.0,5558.0,5.0,dr,9.0,5498.0,,,,,
h5,H5,H5c,"log(naissances+0,5 / 1 000 f. 15-49)",primaire : unités avec covariables,cs,0,0.0041000197788198,0.0065718469497987,-0.0087805635546951,0.0169806031123349,0.5327088039964715,5558,122276,False,"H5c sur la spécification primaire (même estimation que H1) ; covariables : log_pop, share_women_1549, level_pre, pretrend_pre (doublement robuste) ; contrôle = not_yet_treated ; fenêtre 2003-2024 ; 5558 traitées, 0 jamais traitées sur la fenêtre ; ATT(g,t) identifiés jusqu'en 2022 (sans unité jamais traitée, la dernière cohorte sert de contrôle)",event,0.0,5558.0,0.0,0.0,2003.0,2024.0,2003.0,2022.0,5558.0,5.0,dr,9.0,5498.0,,,,,
h5,H5,H5c,"log(naissances+0,5 / 1 000 f. 15-49)",primaire : unités avec covariables,cs,1,0.0215977307859265,0.0269343062664696,-0.0311925394449255,0.0743880010167785,0.4226299093485168,5558,122276,False,"H5c sur la spécification primaire (même estimation que H1) ; covariables : log_pop, share_women_1549, level_pre, pretrend_pre (doublement robuste) ; contrôle = not_yet_treated ; fenêtre 2003-2024 ; 5558 traitées, 0 jamais traitées sur la fenêtre ; ATT(g,t) identifiés jusqu'en 2022 (sans unité jamais traitée, la dernière cohorte sert de contrôle)",event,0.0,5558.0,0.0,0.0,2003.0,2024.0,2003.0,2022.0,5558.0,5.0,dr,8.0,5438.0,,,,,
h5,H5,H5c,"log(naissances+0,5 / 1 000 f. 15-49)",primaire : unités avec covariables,cs,2,0.0310307635705926,0.0261349024586507,-0.0201927039878301,0.0822542311290154,0.2350973308192162,5558,122276,False,"H5c sur la spécification primaire (même estimation que H1) ; covariables : log_pop, share_women_1549, level_pre, pretrend_pre (doublement robuste) ; contrôle = not_yet_treated ; fenêtre 2003-2024 ; 5558 traitées, 0 jamais traitées sur la fenêtre ; ATT(g,t) identifiés jusqu'en 2022 (sans unité jamais traitée, la dernière cohorte sert de contrôle)",event,0.0,5558.0,0.0,0.0,2003.0,2024.0,2003.0,2022.0,5558.0,5.0,dr,7.0,5268.0,,,,,
h5,H5,H5c,"log(naissances+0,5 / 1 000 f. 15-49)",primaire : unités avec covariables,cs,3,-0.0110041537675424,0.0195267610745544,-0.0492759022083877,0.0272675946733028,0.5730657371432154,5558,122276,False,"H5c sur la spécification primaire (même estimation que H1) ; covariables : log_pop, share_women_1549, level_pre, pretrend_pre (doublement robuste) ; contrôle = not_yet_treated ; fenêtre 2003-2024 ; 5558 traitées, 0 jamais traitées sur la fenêtre ; ATT(g,t) identifiés jusqu'en 2022 (sans unité jamais traitée, la dernière cohorte sert de contrôle)",event,0.0,5558.0,0.0,0.0,2003.0,2024.0,2003.0,2022.0,5558.0,5.0,dr,6.0,4844.0,,,,,
h5,H5,H5c,"log(naissances+0,5 / 1 000 f. 15-49)",primaire : unités avec covariables,cs,4,-0.0736488096112047,0.021598517070832,-0.1159811251895091,-0.0313164940329004,0.0006498641330846,5558,122276,False,"H5c sur la spécification primaire (même estimation que H1) ; covariables : log_pop, share_women_1549, level_pre, pretrend_pre (doublement robuste) ; contrôle = not_yet_treated ; fenêtre 2003-2024 ; 5558 traitées, 0 jamais traitées sur la fenêtre ; ATT(g,t) identifiés jusqu'en 2022 (sans unité jamais traitée, la dernière cohorte sert de contrôle)",event,0.0,5558.0,0.0,0.0,2003.0,2024.0,2003.0,2022.0,5558.0,5.0,dr,5.0,4445.0,,,,,
h5,H5,H5c,"log(naissances+0,5 / 1 000 f. 15-49)",primaire : unités avec covariables,cs,5,-0.1477085864119933,0.0480846537303404,-0.2419527759325402,-0.0534643968914464,0.0021274041061272,5558,122276,False,"H5c sur la spécification primaire (même estimation que H1) ; covariables : log_pop, share_women_1549, level_pre, pretrend_pre (doublement robuste) ; contrôle = not_yet_treated ; fenêtre 2003-2024 ; 5558 traitées, 0 jamais traitées sur la fenêtre ; ATT(g,t) identifiés jusqu'en 2022 (sans unité jamais traitée, la dernière cohorte sert de contrôle)",event,0.0,5558.0,0.0,0.0,2003.0,2024.0,2003.0,2022.0,5558.0,5.0,dr,4.0,3767.0,,,,,
h5,H5,H5c,"log(naissances+0,5 / 1 000 f. 15-49)",primaire : unités avec covariables,cs,6,-0.2412236087597811,0.0921660867338467,-0.4218658193541156,-0.0605813981654466,0.0088635988437452,5558,122276,False,"H5c sur la spécification primaire (même estimation que H1) ; covariables : log_pop, share_women_1549, level_pre, pretrend_pre (doublement robuste) ; contrôle = not_yet_treated ; fenêtre 2003-2024 ; 5558 traitées, 0 jamais traitées sur la fenêtre ; ATT(g,t) identifiés jusqu'en 2022 (sans unité jamais traitée, la dernière cohorte sert de contrôle)",event,0.0,5558.0,0.0,0.0,2003.0,2024.0,2003.0,2022.0,5558.0,5.0,dr,3.0,1032.0,,,,,
h5,H5,H5c,"log(naissances+0,5 / 1 000 f. 15-49)",primaire : unités avec covariables,cs,7,-0.2900918842741539,0.1175968108957243,-0.5205773983265409,-0.0596063702217668,0.0136313298809752,5558,122276,False,"H5c sur la spécification primaire (même estimation que H1) ; covariables : log_pop, share_women_1549, level_pre, pretrend_pre (doublement robuste) ; contrôle = not_yet_treated ; fenêtre 2003-2024 ; 5558 traitées, 0 jamais traitées sur la fenêtre ; ATT(g,t) identifiés jusqu'en 2022 (sans unité jamais traitée, la dernière cohorte sert de contrôle)",event,0.0,5558.0,0.0,0.0,2003.0,2024.0,2003.0,2022.0,5558.0,5.0,dr,2.0,481.0,,,,,
h5,H5,H5c,"log(naissances+0,5 / 1 000 f. 15-49)",primaire : unités avec covariables,cs,8,-0.5097770600732092,0.2209362221067954,-0.9428040982828704,-0.076750021863548,0.0210353495060283,5558,122276,False,"H5c sur la spécification primaire (même estimation que H1) ; covariables : log_pop, share_women_1549, level_pre, pretrend_pre (doublement robuste) ; contrôle = not_yet_treated ; fenêtre 2003-2024 ; 5558 traitées, 0 jamais traitées sur la fenêtre ; ATT(g,t) identifiés jusqu'en 2022 (sans unité jamais traitée, la dernière cohorte sert de contrôle)",event,0.0,5558.0,0.0,0.0,2003.0,2024.0,2003.0,2022.0,5558.0,5.0,dr,1.0,187.0,,,,,
h5,H5,H5c,"log(naissances+0,5 / 1 000 f. 15-49)",primaire : unités avec covariables,cs,"ATT[1,5]",-0.0359466110868442,0.0192944835901134,-0.0737631040237658,0.0018698818500772,0.0624550610489119,5558,122276,False,"H5c sur la spécification primaire (même estimation que H1) ; covariables : log_pop, share_women_1549, level_pre, pretrend_pre (doublement robuste) ; contrôle = not_yet_treated ; fenêtre 2003-2024 ; 5558 traitées, 0 jamais traitées sur la fenêtre ; ATT(g,t) identifiés jusqu'en 2022 (sans unité jamais traitée, la dernière cohorte sert de contrôle) ; écart-type avec covariance complète des coefficients (fonctions d'influence)",post_avg,0.0,5558.0,0.0,0.0,2003.0,2024.0,2003.0,2022.0,5558.0,5.0,dr,,,,,5.0,,
h5,H5,H5c,"log(naissances+0,5 / 1 000 f. 15-49)",primaire : unités avec covariables,cs,ATT,-0.0360928993587761,0.0173620856656333,-0.0701219619599166,-0.0020638367576356,0.037632582252216,5558,122276,False,"H5c sur la spécification primaire (même estimation que H1) ; covariables : log_pop, share_women_1549, level_pre, pretrend_pre (doublement robuste) ; contrôle = not_yet_treated ; fenêtre 2003-2024 ; 5558 traitées, 0 jamais traitées sur la fenêtre ; ATT(g,t) identifiés jusqu'en 2022 (sans unité jamais traitée, la dernière cohorte sert de contrôle) ; moyenne de tous les ATT(g,t) post",simple,0.0,5558.0,0.0,0.0,2003.0,2024.0,2003.0,2022.0,5558.0,5.0,dr,,,,,,,
h5,H5,H5c,"log(naissances+0,5 / 1 000 f. 15-49)",primaire : unités avec covariables,cs,Wald pré (-8..-2),4.966334367343372,,,,0.6640717568500527,5558,122276,False,"H5c : test de Wald joint de nullité des coefficients pré avec covariance des fonctions d'influence, df = 7 ; fenêtre 2003-2024 ; 5558 traitées, 0 jamais traitées sur la fenêtre",pre_test,0.0,5558.0,0.0,0.0,2003.0,2024.0,2003.0,2022.0,5558.0,5.0,dr,,,,,,7.0,
h5,H5,H5c,"log(naissances+0,5 / 1 000 f. 15-49)",unités avec covariables sans la tendance de pré-période,cs,-8,-0.0176190427583963,0.0163096436930279,-0.049585356997412,0.0143472714806193,0.2800158516332918,5558,122276,False,"H5c sans la tendance de pré-période ; covariables : log_pop, share_women_1549, level_pre (doublement robuste) ; contrôle = not_yet_treated ; fenêtre 2003-2024 ; 5558 traitées, 0 jamais traitées sur la fenêtre ; ATT(g,t) identifiés jusqu'en 2022 (sans unité jamais traitée, la dernière cohorte sert de contrôle)",event,0.0,5558.0,0.0,0.0,2003.0,2024.0,2003.0,2022.0,5558.0,5.0,dr,9.0,5498.0,,,,,
h5,H5,H5c,"log(naissances+0,5 / 1 000 f. 15-49)",unités avec covariables sans la tendance de pré-période,cs,-7,0.001990577554574,0.0174099973588939,-0.0321323902397956,0.0361135453489436,0.9089719877047768,5558,122276,False,"H5c sans la tendance de pré-période ; covariables : log_pop, share_women_1549, level_pre (doublement robuste) ; contrôle = not_yet_treated ; fenêtre 2003-2024 ; 5558 traitées, 0 jamais traitées sur la fenêtre ; ATT(g,t) identifiés jusqu'en 2022 (sans unité jamais traitée, la dernière cohorte sert de contrôle)",event,0.0,5558.0,0.0,0.0,2003.0,2024.0,2003.0,2022.0,5558.0,5.0,dr,9.0,5498.0,,,,,
h5,H5,H5c,"log(naissances+0,5 / 1 000 f. 15-49)",unités avec covariables sans la tendance de pré-période,cs,-6,0.0058898008283997,0.0106455601580406,-0.0149751136766144,0.0267547153334139,0.5800829291992633,5558,122276,False,"H5c sans la tendance de pré-période ; covariables : log_pop, share_women_1549, level_pre (doublement robuste) ; contrôle = not_yet_treated ; fenêtre 2003-2024 ; 5558 traitées, 0 jamais traitées sur la fenêtre ; ATT(g,t) identifiés jusqu'en 2022 (sans unité jamais traitée, la dernière cohorte sert de contrôle)",event,0.0,5558.0,0.0,0.0,2003.0,2024.0,2003.0,2022.0,5558.0,5.0,dr,9.0,5498.0,,,,,
h5,H5,H5c,"log(naissances+0,5 / 1 000 f. 15-49)",unités avec covariables sans la tendance de pré-période,cs,-5,-0.0006288715096614,0.0106549273114473,-0.0215121452979903,0.0202544022786675,0.9529348550593666,5558,122276,False,"H5c sans la tendance de pré-période ; covariables : log_pop, share_women_1549, level_pre (doublement robuste) ; contrôle = not_yet_treated ; fenêtre 2003-2024 ; 5558 traitées, 0 jamais traitées sur la fenêtre ; ATT(g,t) identifiés jusqu'en 2022 (sans unité jamais traitée, la dernière cohorte sert de contrôle)",event,0.0,5558.0,0.0,0.0,2003.0,2024.0,2003.0,2022.0,5558.0,5.0,dr,9.0,5498.0,,,,,
h5,H5,H5c,"log(naissances+0,5 / 1 000 f. 15-49)",unités avec covariables sans la tendance de pré-période,cs,-4,0.0009222505917661,0.007610961601298,-0.0139949600344953,0.0158394612180276,0.9035532245538342,5558,122276,False,"H5c sans la tendance de pré-période ; covariables : log_pop, share_women_1549, level_pre (doublement robuste) ; contrôle = not_yet_treated ; fenêtre 2003-2024 ; 5558 traitées, 0 jamais traitées sur la fenêtre ; ATT(g,t) identifiés jusqu'en 2022 (sans unité jamais traitée, la dernière cohorte sert de contrôle)",event,0.0,5558.0,0.0,0.0,2003.0,2024.0,2003.0,2022.0,5558.0,5.0,dr,9.0,5498.0,,,,,
h5,H5,H5c,"log(naissances+0,5 / 1 000 f. 15-49)",unités avec covariables sans la tendance de pré-période,cs,-3,-0.0002731507538283,0.0059288604060864,-0.0118935036191233,0.0113472021114665,0.96325336084617,5558,122276,False,"H5c sans la tendance de pré-période ; covariables : log_pop, share_women_1549, level_pre (doublement robuste) ; contrôle = not_yet_treated ; fenêtre 2003-2024 ; 5558 traitées, 0 jamais traitées sur la fenêtre ; ATT(g,t) identifiés jusqu'en 2022 (sans unité jamais traitée, la dernière cohorte sert de contrôle)",event,0.0,5558.0,0.0,0.0,2003.0,2024.0,2003.0,2022.0,5558.0,5.0,dr,9.0,5498.0,,,,,
h5,H5,H5c,"log(naissances+0,5 / 1 000 f. 15-49)",unités avec covariables sans la tendance de pré-période,cs,-2,0.0004548194032493,0.0043289629978787,-0.0080297921629994,0.0089394309694982,0.9163247986540758,5558,122276,False,"H5c sans la tendance de pré-période ; covariables : log_pop, share_women_1549, level_pre (doublement robuste) ; contrôle = not_yet_treated ; fenêtre 2003-2024 ; 5558 traitées, 0 jamais traitées sur la fenêtre ; ATT(g,t) identifiés jusqu'en 2022 (sans unité jamais traitée, la dernière cohorte sert de contrôle)",event,0.0,5558.0,0.0,0.0,2003.0,2024.0,2003.0,2022.0,5558.0,5.0,dr,9.0,5498.0,,,,,
h5,H5,H5c,"log(naissances+0,5 / 1 000 f. 15-49)",unités avec covariables sans la tendance de pré-période,cs,0,-2.02954834281168e-05,0.0041192496156731,-0.0080938763734779,0.0080532854066216,0.9960688501848894,5558,122276,False,"H5c sans la tendance de pré-période ; covariables : log_pop, share_women_1549, level_pre (doublement robuste) ; contrôle = not_yet_treated ; fenêtre 2003-2024 ; 5558 traitées, 0 jamais traitées sur la fenêtre ; ATT(g,t) identifiés jusqu'en 2022 (sans unité jamais traitée, la dernière cohorte sert de contrôle)",event,0.0,5558.0,0.0,0.0,2003.0,2024.0,2003.0,2022.0,5558.0,5.0,dr,9.0,5498.0,,,,,
h5,H5,H5c,"log(naissances+0,5 / 1 000 f. 15-49)",unités avec covariables sans la tendance de pré-période,cs,1,-0.0110957576267093,0.0073210494555387,-0.0254447508886017,0.003253235635183,0.1296213885819718,5558,122276,False,"H5c sans la tendance de pré-période ; covariables : log_pop, share_women_1549, level_pre (doublement robuste) ; contrôle = not_yet_treated ; fenêtre 2003-2024 ; 5558 traitées, 0 jamais traitées sur la fenêtre ; ATT(g,t) identifiés jusqu'en 2022 (sans unité jamais traitée, la dernière cohorte sert de contrôle)",event,0.0,5558.0,0.0,0.0,2003.0,2024.0,2003.0,2022.0,5558.0,5.0,dr,8.0,5438.0,,,,,
h5,H5,H5c,"log(naissances+0,5 / 1 000 f. 15-49)",unités avec covariables sans la tendance de pré-période,cs,2,-0.0188933670117095,0.0094958907666342,-0.0375049709154391,-0.0002817631079798,0.0466310371304494,5558,122276,False,"H5c sans la tendance de pré-période ; covariables : log_pop, share_women_1549, level_pre (doublement robuste) ; contrôle = not_yet_treated ; fenêtre 2003-2024 ; 5558 traitées, 0 jamais traitées sur la fenêtre ; ATT(g,t) identifiés jusqu'en 2022 (sans unité jamais traitée, la dernière cohorte sert de contrôle)",event,0.0,5558.0,0.0,0.0,2003.0,2024.0,2003.0,2022.0,5558.0,5.0,dr,7.0,5268.0,,,,,
h5,H5,H5c,"log(naissances+0,5 / 1 000 f. 15-49)",unités avec covariables sans la tendance de pré-période,cs,3,-0.0285626660389921,0.0126800658230248,-0.053415138373718,-0.0037101937042662,0.0242866220345024,5558,122276,False,"H5c sans la tendance de pré-période ; covariables : log_pop, share_women_1549, level_pre (doublement robuste) ; contrôle = not_yet_treated ; fenêtre 2003-2024 ; 5558 traitées, 0 jamais traitées sur la fenêtre ; ATT(g,t) identifiés jusqu'en 2022 (sans unité jamais traitée, la dernière cohorte sert de contrôle)",event,0.0,5558.0,0.0,0.0,2003.0,2024.0,2003.0,2022.0,5558.0,5.0,dr,6.0,4844.0,,,,,
h5,H5,H5c,"log(naissances+0,5 / 1 000 f. 15-49)",unités avec covariables sans la tendance de pré-période,cs,4,-0.0653159055933882,0.0198640897107687,-0.1042488060121677,-0.0263830051746087,0.0010085171675405,5558,122276,False,"H5c sans la tendance de pré-période ; covariables : log_pop, share_women_1549, level_pre (doublement robuste) ; contrôle = not_yet_treated ; fenêtre 2003-2024 ; 5558 traitées, 0 jamais traitées sur la fenêtre ; ATT(g,t) identifiés jusqu'en 2022 (sans unité jamais traitée, la dernière cohorte sert de contrôle)",event,0.0,5558.0,0.0,0.0,2003.0,2024.0,2003.0,2022.0,5558.0,5.0,dr,5.0,4445.0,,,,,
h5,H5,H5c,"log(naissances+0,5 / 1 000 f. 15-49)",unités avec covariables sans la tendance de pré-période,cs,5,-0.1445668616973418,0.0508064767946661,-0.2441457263962575,-0.0449879969984261,0.0044349893579785,5558,122276,False,"H5c sans la tendance de pré-période ; covariables : log_pop, share_women_1549, level_pre (doublement robuste) ; contrôle = not_yet_treated ; fenêtre 2003-2024 ; 5558 traitées, 0 jamais traitées sur la fenêtre ; ATT(g,t) identifiés jusqu'en 2022 (sans unité jamais traitée, la dernière cohorte sert de contrôle)",event,0.0,5558.0,0.0,0.0,2003.0,2024.0,2003.0,2022.0,5558.0,5.0,dr,4.0,3767.0,,,,,
h5,H5,H5c,"log(naissances+0,5 / 1 000 f. 15-49)",unités avec covariables sans la tendance de pré-période,cs,6,-0.22547540396589,0.0654379310188416,-0.3537313919856361,-0.097219415946144,0.0005697135632194,5558,122276,False,"H5c sans la tendance de pré-période ; covariables : log_pop, share_women_1549, level_pre (doublement robuste) ; contrôle = not_yet_treated ; fenêtre 2003-2024 ; 5558 traitées, 0 jamais traitées sur la fenêtre ; ATT(g,t) identifiés jusqu'en 2022 (sans unité jamais traitée, la dernière cohorte sert de contrôle)",event,0.0,5558.0,0.0,0.0,2003.0,2024.0,2003.0,2022.0,5558.0,5.0,dr,3.0,1032.0,,,,,
h5,H5,H5c,"log(naissances+0,5 / 1 000 f. 15-49)",unités avec covariables sans la tendance de pré-période,cs,7,-0.2709515651038844,0.1087878971760526,-0.4841719255227942,-0.0577312046849746,0.0127512994401442,5558,122276,False,"H5c sans la tendance de pré-période ; covariables : log_pop, share_women_1549, level_pre (doublement robuste) ; contrôle = not_yet_treated ; fenêtre 2003-2024 ; 5558 traitées, 0 jamais traitées sur la fenêtre ; ATT(g,t) identifiés jusqu'en 2022 (sans unité jamais traitée, la dernière cohorte sert de contrôle)",event,0.0,5558.0,0.0,0.0,2003.0,2024.0,2003.0,2022.0,5558.0,5.0,dr,2.0,481.0,,,,,
h5,H5,H5c,"log(naissances+0,5 / 1 000 f. 15-49)",unités avec covariables sans la tendance de pré-période,cs,8,-0.5505456969740319,0.2641156320500914,-1.068202823546244,-0.0328885704018199,0.0371158586597576,5558,122276,False,"H5c sans la tendance de pré-période ; covariables : log_pop, share_women_1549, level_pre (doublement robuste) ; contrôle = not_yet_treated ; fenêtre 2003-2024 ; 5558 traitées, 0 jamais traitées sur la fenêtre ; ATT(g,t) identifiés jusqu'en 2022 (sans unité jamais traitée, la dernière cohorte sert de contrôle)",event,0.0,5558.0,0.0,0.0,2003.0,2024.0,2003.0,2022.0,5558.0,5.0,dr,1.0,187.0,,,,,
h5,H5,H5c,"log(naissances+0,5 / 1 000 f. 15-49)",unités avec covariables sans la tendance de pré-période,cs,"ATT[1,5]",-0.0536869115936282,0.0157548734694565,-0.0845658961747485,-0.0228079270125078,0.0006552767170869,5558,122276,False,"H5c sans la tendance de pré-période ; covariables : log_pop, share_women_1549, level_pre (doublement robuste) ; contrôle = not_yet_treated ; fenêtre 2003-2024 ; 5558 traitées, 0 jamais traitées sur la fenêtre ; ATT(g,t) identifiés jusqu'en 2022 (sans unité jamais traitée, la dernière cohorte sert de contrôle) ; écart-type avec covariance complète des coefficients (fonctions d'influence)",post_avg,0.0,5558.0,0.0,0.0,2003.0,2024.0,2003.0,2022.0,5558.0,5.0,dr,,,,,5.0,,
h5,H5,H5c,"log(naissances+0,5 / 1 000 f. 15-49)",unités avec covariables sans la tendance de pré-période,cs,ATT,-0.0516544269919543,0.0144179357310317,-0.0799130617561897,-0.0233957922277189,0.0003401253292853,5558,122276,False,"H5c sans la tendance de pré-période ; covariables : log_pop, share_women_1549, level_pre (doublement robuste) ; contrôle = not_yet_treated ; fenêtre 2003-2024 ; 5558 traitées, 0 jamais traitées sur la fenêtre ; ATT(g,t) identifiés jusqu'en 2022 (sans unité jamais traitée, la dernière cohorte sert de contrôle) ; moyenne de tous les ATT(g,t) post",simple,0.0,5558.0,0.0,0.0,2003.0,2024.0,2003.0,2022.0,5558.0,5.0,dr,,,,,,,
h5,H5,H5c,"log(naissances+0,5 / 1 000 f. 15-49)",unités avec covariables sans la tendance de pré-période,cs,Wald pré (-8..-2),15.967305831532354,,,,0.0254167436199153,5558,122276,False,"H5c : test de Wald joint de nullité des coefficients pré avec covariance des fonctions d'influence, df = 7 ; fenêtre 2003-2024 ; 5558 traitées, 0 jamais traitées sur la fenêtre",pre_test,0.0,5558.0,0.0,0.0,2003.0,2024.0,2003.0,2022.0,5558.0,5.0,dr,,,,,,7.0,
h5,H5,H5c,"log(naissances+0,5 / 1 000 f. 25-39)",unités avec covariables (H2b),cs,-8,0.0636397280224168,0.0397290631014636,-0.014227804795971,0.1415072608408046,0.1091902960424651,5558,122276,False,"H5c sur H2b ; covariables : log_pop, share_women_1549, level_pre, pretrend_pre (doublement robuste) ; contrôle = not_yet_treated ; fenêtre 2003-2024 ; 5558 traitées, 0 jamais traitées sur la fenêtre ; ATT(g,t) identifiés jusqu'en 2022 (sans unité jamais traitée, la dernière cohorte sert de contrôle)",event,0.0,5558.0,0.0,0.0,2003.0,2024.0,2003.0,2022.0,5558.0,5.0,dr,9.0,5498.0,,,,,
h5,H5,H5c,"log(naissances+0,5 / 1 000 f. 25-39)",unités avec covariables (H2b),cs,-7,0.092678910568002,0.0596406328496744,-0.0242145818325363,0.2095724029685404,0.1201949471895027,5558,122276,False,"H5c sur H2b ; covariables : log_pop, share_women_1549, level_pre, pretrend_pre (doublement robuste) ; contrôle = not_yet_treated ; fenêtre 2003-2024 ; 5558 traitées, 0 jamais traitées sur la fenêtre ; ATT(g,t) identifiés jusqu'en 2022 (sans unité jamais traitée, la dernière cohorte sert de contrôle)",event,0.0,5558.0,0.0,0.0,2003.0,2024.0,2003.0,2022.0,5558.0,5.0,dr,9.0,5498.0,,,,,
h5,H5,H5c,"log(naissances+0,5 / 1 000 f. 25-39)",unités avec covariables (H2b),cs,-6,0.0636745204974499,0.0421574671454175,-0.018952596786999,0.1463016377818989,0.1309421016930423,5558,122276,False,"H5c sur H2b ; covariables : log_pop, share_women_1549, level_pre, pretrend_pre (doublement robuste) ; contrôle = not_yet_treated ; fenêtre 2003-2024 ; 5558 traitées, 0 jamais traitées sur la fenêtre ; ATT(g,t) identifiés jusqu'en 2022 (sans unité jamais traitée, la dernière cohorte sert de contrôle)",event,0.0,5558.0,0.0,0.0,2003.0,2024.0,2003.0,2022.0,5558.0,5.0,dr,9.0,5498.0,,,,,
h5,H5,H5c,"log(naissances+0,5 / 1 000 f. 25-39)",unités avec covariables (H2b),cs,-5,0.038316747101707,0.0267948297819867,-0.0142001542428681,0.0908336484462822,0.1527155139886284,5558,122276,False,"H5c sur H2b ; covariables : log_pop, share_women_1549, level_pre, pretrend_pre (doublement robuste) ; contrôle = not_yet_treated ; fenêtre 2003-2024 ; 5558 traitées, 0 jamais traitées sur la fenêtre ; ATT(g,t) identifiés jusqu'en 2022 (sans unité jamais traitée, la dernière cohorte sert de contrôle)",event,0.0,5558.0,0.0,0.0,2003.0,2024.0,2003.0,2022.0,5558.0,5.0,dr,9.0,5498.0,,,,,
h5,H5,H5c,"log(naissances+0,5 / 1 000 f. 25-39)",unités avec covariables (H2b),cs,-4,0.0380334220054638,0.0273915729343069,-0.0156530744256798,0.0917199184366075,0.1649823676102708,5558,122276,False,"H5c sur H2b ; covariables : log_pop, share_women_1549, level_pre, pretrend_pre (doublement robuste) ; contrôle = not_yet_treated ; fenêtre 2003-2024 ; 5558 traitées, 0 jamais traitées sur la fenêtre ; ATT(g,t) identifiés jusqu'en 2022 (sans unité jamais traitée, la dernière cohorte sert de contrôle)",event,0.0,5558.0,0.0,0.0,2003.0,2024.0,2003.0,2022.0,5558.0,5.0,dr,9.0,5498.0,,,,,
h5,H5,H5c,"log(naissances+0,5 / 1 000 f. 25-39)",unités avec covariables (H2b),cs,-3,-0.0162964279288471,0.0176758514855089,-0.0509404602365235,0.0183476043788293,0.3565494436345752,5558,122276,False,"H5c sur H2b ; covariables : log_pop, share_women_1549, level_pre, pretrend_pre (doublement robuste) ; contrôle = not_yet_treated ; fenêtre 2003-2024 ; 5558 traitées, 0 jamais traitées sur la fenêtre ; ATT(g,t) identifiés jusqu'en 2022 (sans unité jamais traitée, la dernière cohorte sert de contrôle)",event,0.0,5558.0,0.0,0.0,2003.0,2024.0,2003.0,2022.0,5558.0,5.0,dr,9.0,5498.0,,,,,
h5,H5,H5c,"log(naissances+0,5 / 1 000 f. 25-39)",unités avec covariables (H2b),cs,-2,-0.0139190290749266,0.0117089058171499,-0.036868062774912,0.0090300046250586,0.2345357968037635,5558,122276,False,"H5c sur H2b ; covariables : log_pop, share_women_1549, level_pre, pretrend_pre (doublement robuste) ; contrôle = not_yet_treated ; fenêtre 2003-2024 ; 5558 traitées, 0 jamais traitées sur la fenêtre ; ATT(g,t) identifiés jusqu'en 2022 (sans unité jamais traitée, la dernière cohorte sert de contrôle)",event,0.0,5558.0,0.0,0.0,2003.0,2024.0,2003.0,2022.0,5558.0,5.0,dr,9.0,5498.0,,,,,
h5,H5,H5c,"log(naissances+0,5 / 1 000 f. 25-39)",unités avec covariables (H2b),cs,0,0.006919730676549,0.011500000657749,-0.0156198564348259,0.029459317787924,0.5473634130759859,5558,122276,False,"H5c sur H2b ; covariables : log_pop, share_women_1549, level_pre, pretrend_pre (doublement robuste) ; contrôle = not_yet_treated ; fenêtre 2003-2024 ; 5558 traitées, 0 jamais traitées sur la fenêtre ; ATT(g,t) identifiés jusqu'en 2022 (sans unité jamais traitée, la dernière cohorte sert de contrôle)",event,0.0,5558.0,0.0,0.0,2003.0,2024.0,2003.0,2022.0,5558.0,5.0,dr,9.0,5498.0,,,,,
h5,H5,H5c,"log(naissances+0,5 / 1 000 f. 25-39)",unités avec covariables (H2b),cs,1,0.0172886162773197,0.0303298638894864,-0.0421568246020756,0.0767340571567152,0.5686644180233742,5558,122276,False,"H5c sur H2b ; covariables : log_pop, share_women_1549, level_pre, pretrend_pre (doublement robuste) ; contrôle = not_yet_treated ; fenêtre 2003-2024 ; 5558 traitées, 0 jamais traitées sur la fenêtre ; ATT(g,t) identifiés jusqu'en 2022 (sans unité jamais traitée, la dernière cohorte sert de contrôle)",event,0.0,5558.0,0.0,0.0,2003.0,2024.0,2003.0,2022.0,5558.0,5.0,dr,8.0,5438.0,,,,,
h5,H5,H5c,"log(naissances+0,5 / 1 000 f. 25-39)",unités avec covariables (H2b),cs,2,0.0284793564491124,0.0294544063116436,-0.0292502191077183,0.0862089320059432,0.3335958770293891,5558,122276,False,"H5c sur H2b ; covariables : log_pop, share_women_1549, level_pre, pretrend_pre (doublement robuste) ; contrôle = not_yet_treated ; fenêtre 2003-2024 ; 5558 traitées, 0 jamais traitées sur la fenêtre ; ATT(g,t) identifiés jusqu'en 2022 (sans unité jamais traitée, la dernière cohorte sert de contrôle)",event,0.0,5558.0,0.0,0.0,2003.0,2024.0,2003.0,2022.0,5558.0,5.0,dr,7.0,5268.0,,,,,
h5,H5,H5c,"log(naissances+0,5 / 1 000 f. 25-39)",unités avec covariables (H2b),cs,3,-0.0225071830922634,0.0225619892629465,-0.0667278694672181,0.0217135032826911,0.3184874959065294,5558,122276,False,"H5c sur H2b ; covariables : log_pop, share_women_1549, level_pre, pretrend_pre (doublement robuste) ; contrôle = not_yet_treated ; fenêtre 2003-2024 ; 5558 traitées, 0 jamais traitées sur la fenêtre ; ATT(g,t) identifiés jusqu'en 2022 (sans unité jamais traitée, la dernière cohorte sert de contrôle)",event,0.0,5558.0,0.0,0.0,2003.0,2024.0,2003.0,2022.0,5558.0,5.0,dr,6.0,4844.0,,,,,
h5,H5,H5c,"log(naissances+0,5 / 1 000 f. 25-39)",unités avec covariables (H2b),cs,4,-0.0819086712300952,0.0238727806755961,-0.1286984615650874,-0.035118880895103,0.0006012528234347,5558,122276,False,"H5c sur H2b ; covariables : log_pop, share_women_1549, level_pre, pretrend_pre (doublement robuste) ; contrôle = not_yet_treated ; fenêtre 2003-2024 ; 5558 traitées, 0 jamais traitées sur la fenêtre ; ATT(g,t) identifiés jusqu'en 2022 (sans unité jamais traitée, la dernière cohorte sert de contrôle)",event,0.0,5558.0,0.0,0.0,2003.0,2024.0,2003.0,2022.0,5558.0,5.0,dr,5.0,4445.0,,,,,
h5,H5,H5c,"log(naissances+0,5 / 1 000 f. 25-39)",unités avec covariables (H2b),cs,5,-0.1805819781524382,0.0564097420717676,-0.2911430409902966,-0.0700209153145798,0.0013683030332797,5558,122276,False,"H5c sur H2b ; covariables : log_pop, share_women_1549, level_pre, pretrend_pre (doublement robuste) ; contrôle = not_yet_treated ; fenêtre 2003-2024 ; 5558 traitées, 0 jamais traitées sur la fenêtre ; ATT(g,t) identifiés jusqu'en 2022 (sans unité jamais traitée, la dernière cohorte sert de contrôle)",event,0.0,5558.0,0.0,0.0,2003.0,2024.0,2003.0,2022.0,5558.0,5.0,dr,4.0,3767.0,,,,,
h5,H5,H5c,"log(naissances+0,5 / 1 000 f. 25-39)",unités avec covariables (H2b),cs,6,-0.1990619824021136,0.0785377254488656,-0.352993095709585,-0.0451308690946421,0.0112574712594997,5558,122276,False,"H5c sur H2b ; covariables : log_pop, share_women_1549, level_pre, pretrend_pre (doublement robuste) ; contrôle = not_yet_treated ; fenêtre 2003-2024 ; 5558 traitées, 0 jamais traitées sur la fenêtre ; ATT(g,t) identifiés jusqu'en 2022 (sans unité jamais traitée, la dernière cohorte sert de contrôle)",event,0.0,5558.0,0.0,0.0,2003.0,2024.0,2003.0,2022.0,5558.0,5.0,dr,3.0,1032.0,,,,,
h5,H5,H5c,"log(naissances+0,5 / 1 000 f. 25-39)",unités avec covariables (H2b),cs,7,-0.2604976256935568,0.1199884130225959,-0.4956705937799617,-0.0253246576071518,0.0299294204067089,5558,122276,False,"H5c sur H2b ; covariables : log_pop, share_women_1549, level_pre, pretrend_pre (doublement robuste) ; contrôle = not_yet_treated ; fenêtre 2003-2024 ; 5558 traitées, 0 jamais traitées sur la fenêtre ; ATT(g,t) identifiés jusqu'en 2022 (sans unité jamais traitée, la dernière cohorte sert de contrôle)",event,0.0,5558.0,0.0,0.0,2003.0,2024.0,2003.0,2022.0,5558.0,5.0,dr,2.0,481.0,,,,,
h5,H5,H5c,"log(naissances+0,5 / 1 000 f. 25-39)",unités avec covariables (H2b),cs,8,-0.5829714911685268,0.2826373963408997,-1.136930608680863,-0.0290123736561904,0.0391494374703908,5558,122276,False,"H5c sur H2b ; covariables : log_pop, share_women_1549, level_pre, pretrend_pre (doublement robuste) ; contrôle = not_yet_treated ; fenêtre 2003-2024 ; 5558 traitées, 0 jamais traitées sur la fenêtre ; ATT(g,t) identifiés jusqu'en 2022 (sans unité jamais traitée, la dernière cohorte sert de contrôle)",event,0.0,5558.0,0.0,0.0,2003.0,2024.0,2003.0,2022.0,5558.0,5.0,dr,1.0,187.0,,,,,
h5,H5,H5c,"log(naissances+0,5 / 1 000 f. 25-39)",unités avec covariables (H2b),cs,"ATT[1,5]",-0.0478459719496729,0.0220082194201344,-0.0909812893769915,-0.0047106545223543,0.0297047839653244,5558,122276,False,"H5c sur H2b ; covariables : log_pop, share_women_1549, level_pre, pretrend_pre (doublement robuste) ; contrôle = not_yet_treated ; fenêtre 2003-2024 ; 5558 traitées, 0 jamais traitées sur la fenêtre ; ATT(g,t) identifiés jusqu'en 2022 (sans unité jamais traitée, la dernière cohorte sert de contrôle) ; écart-type avec covariance complète des coefficients (fonctions d'influence)",post_avg,0.0,5558.0,0.0,0.0,2003.0,2024.0,2003.0,2022.0,5558.0,5.0,dr,,,,,5.0,,
h5,H5,H5c,"log(naissances+0,5 / 1 000 f. 25-39)",unités avec covariables (H2b),cs,ATT,-0.0423455658434552,0.0194488948906751,-0.0804646993682835,-0.0042264323186268,0.0294601579943048,5558,122276,False,"H5c sur H2b ; covariables : log_pop, share_women_1549, level_pre, pretrend_pre (doublement robuste) ; contrôle = not_yet_treated ; fenêtre 2003-2024 ; 5558 traitées, 0 jamais traitées sur la fenêtre ; ATT(g,t) identifiés jusqu'en 2022 (sans unité jamais traitée, la dernière cohorte sert de contrôle) ; moyenne de tous les ATT(g,t) post",simple,0.0,5558.0,0.0,0.0,2003.0,2024.0,2003.0,2022.0,5558.0,5.0,dr,,,,,,,
h5,H5,H5c,"log(naissances+0,5 / 1 000 f. 25-39)",unités avec covariables (H2b),cs,Wald pré (-8..-2),3.6542109912561855,,,,0.8186319877179515,5558,122276,False,"H5c : test de Wald joint de nullité des coefficients pré avec covariance des fonctions d'influence, df = 7 ; fenêtre 2003-2024 ; 5558 traitées, 0 jamais traitées sur la fenêtre",pre_test,0.0,5558.0,0.0,0.0,2003.0,2024.0,2003.0,2022.0,5558.0,5.0,dr,,,,,,7.0,
h6,H6,H6,"log(naissances+0,5 / 1 000 f. 15-49)",population 2010 : tercile 1,cs,-8,-0.0072692639656421,0.0119556826817812,-0.0307019714325227,0.0161634435012384,0.5431758855840919,1853,40766,False,"spécification primaire sur le sous-groupe ; covariables : log_pop, share_women_1549, level_pre, pretrend_pre (doublement robuste) ; contrôle = not_yet_treated ; fenêtre 2003-2024 ; 1853 traitées, 0 jamais traitées sur la fenêtre ; ATT(g,t) identifiés jusqu'en 2022 (sans unité jamais traitée, la dernière cohorte sert de contrôle)",event,0.0,1853.0,0.0,0.0,2003.0,2024.0,2003.0,2022.0,1853.0,5.0,dr,9.0,1813.0,,,,,
h6,H6,H6,"log(naissances+0,5 / 1 000 f. 15-49)",population 2010 : tercile 1,cs,-7,-0.0120962318375315,0.0122274230397821,-0.0360615406192397,0.0118690769441766,0.3225306959606956,1853,40766,False,"spécification primaire sur le sous-groupe ; covariables : log_pop, share_women_1549, level_pre, pretrend_pre (doublement robuste) ; contrôle = not_yet_treated ; fenêtre 2003-2024 ; 1853 traitées, 0 jamais traitées sur la fenêtre ; ATT(g,t) identifiés jusqu'en 2022 (sans unité jamais traitée, la dernière cohorte sert de contrôle)",event,0.0,1853.0,0.0,0.0,2003.0,2024.0,2003.0,2022.0,1853.0,5.0,dr,9.0,1813.0,,,,,
h6,H6,H6,"log(naissances+0,5 / 1 000 f. 15-49)",population 2010 : tercile 1,cs,-6,-0.011364182547977,0.0113868829035338,-0.0336820629350783,0.0109536978391242,0.3182762324847417,1853,40766,False,"spécification primaire sur le sous-groupe ; covariables : log_pop, share_women_1549, level_pre, pretrend_pre (doublement robuste) ; contrôle = not_yet_treated ; fenêtre 2003-2024 ; 1853 traitées, 0 jamais traitées sur la fenêtre ; ATT(g,t) identifiés jusqu'en 2022 (sans unité jamais traitée, la dernière cohorte sert de contrôle)",event,0.0,1853.0,0.0,0.0,2003.0,2024.0,2003.0,2022.0,1853.0,5.0,dr,9.0,1813.0,,,,,
h6,H6,H6,"log(naissances+0,5 / 1 000 f. 15-49)",population 2010 : tercile 1,cs,-5,-0.0155961817623459,0.0103304226742433,-0.0358434381489389,0.004651074624247,0.1311115240369863,1853,40766,False,"spécification primaire sur le sous-groupe ; covariables : log_pop, share_women_1549, level_pre, pretrend_pre (doublement robuste) ; contrôle = not_yet_treated ; fenêtre 2003-2024 ; 1853 traitées, 0 jamais traitées sur la fenêtre ; ATT(g,t) identifiés jusqu'en 2022 (sans unité jamais traitée, la dernière cohorte sert de contrôle)",event,0.0,1853.0,0.0,0.0,2003.0,2024.0,2003.0,2022.0,1853.0,5.0,dr,9.0,1813.0,,,,,
h6,H6,H6,"log(naissances+0,5 / 1 000 f. 15-49)",population 2010 : tercile 1,cs,-4,-0.010328313869978,0.0095693135333674,-0.02908382375215,0.0084271960121938,0.2804468517305987,1853,40766,False,"spécification primaire sur le sous-groupe ; covariables : log_pop, share_women_1549, level_pre, pretrend_pre (doublement robuste) ; contrôle = not_yet_treated ; fenêtre 2003-2024 ; 1853 traitées, 0 jamais traitées sur la fenêtre ; ATT(g,t) identifiés jusqu'en 2022 (sans unité jamais traitée, la dernière cohorte sert de contrôle)",event,0.0,1853.0,0.0,0.0,2003.0,2024.0,2003.0,2022.0,1853.0,5.0,dr,9.0,1813.0,,,,,
h6,H6,H6,"log(naissances+0,5 / 1 000 f. 15-49)",population 2010 : tercile 1,cs,-3,0.0138989172347308,0.0100017837640542,-0.0057042187239728,0.0335020531934346,0.1646370550899493,1853,40766,False,"spécification primaire sur le sous-groupe ; covariables : log_pop, share_women_1549, level_pre, pretrend_pre (doublement robuste) ; contrôle = not_yet_treated ; fenêtre 2003-2024 ; 1853 traitées, 0 jamais traitées sur la fenêtre ; ATT(g,t) identifiés jusqu'en 2022 (sans unité jamais traitée, la dernière cohorte sert de contrôle)",event,0.0,1853.0,0.0,0.0,2003.0,2024.0,2003.0,2022.0,1853.0,5.0,dr,9.0,1813.0,,,,,
h6,H6,H6,"log(naissances+0,5 / 1 000 f. 15-49)",population 2010 : tercile 1,cs,-2,-0.0045047794202689,0.0084328789564683,-0.0210329184609325,0.0120233596203947,0.5932084618804654,1853,40766,False,"spécification primaire sur le sous-groupe ; covariables : log_pop, share_women_1549, level_pre, pretrend_pre (doublement robuste) ; contrôle = not_yet_treated ; fenêtre 2003-2024 ; 1853 traitées, 0 jamais traitées sur la fenêtre ; ATT(g,t) identifiés jusqu'en 2022 (sans unité jamais traitée, la dernière cohorte sert de contrôle)",event,0.0,1853.0,0.0,0.0,2003.0,2024.0,2003.0,2022.0,1853.0,5.0,dr,9.0,1813.0,,,,,
h6,H6,H6,"log(naissances+0,5 / 1 000 f. 15-49)",population 2010 : tercile 1,cs,0,-0.0043233022719354,0.0078707565592112,-0.0197497016590718,0.0111030971152009,0.5828086805263895,1853,40766,False,"spécification primaire sur le sous-groupe ; covariables : log_pop, share_women_1549, level_pre, pretrend_pre (doublement robuste) ; contrôle = not_yet_treated ; fenêtre 2003-2024 ; 1853 traitées, 0 jamais traitées sur la fenêtre ; ATT(g,t) identifiés jusqu'en 2022 (sans unité jamais traitée, la dernière cohorte sert de contrôle)",event,0.0,1853.0,0.0,0.0,2003.0,2024.0,2003.0,2022.0,1853.0,5.0,dr,9.0,1813.0,,,,,
h6,H6,H6,"log(naissances+0,5 / 1 000 f. 15-49)",population 2010 : tercile 1,cs,1,-0.007092372132736,0.0102697336724884,-0.0272206802616316,0.0130359359961595,0.4898111902419584,1853,40766,False,"spécification primaire sur le sous-groupe ; covariables : log_pop, share_women_1549, level_pre, pretrend_pre (doublement robuste) ; contrôle = not_yet_treated ; fenêtre 2003-2024 ; 1853 traitées, 0 jamais traitées sur la fenêtre ; ATT(g,t) identifiés jusqu'en 2022 (sans unité jamais traitée, la dernière cohorte sert de contrôle)",event,0.0,1853.0,0.0,0.0,2003.0,2024.0,2003.0,2022.0,1853.0,5.0,dr,8.0,1788.0,,,,,
h6,H6,H6,"log(naissances+0,5 / 1 000 f. 15-49)",population 2010 : tercile 1,cs,2,-0.0243545283289618,0.0140158505017527,-0.0518250905250949,0.0031160338671711,0.082273941684113,1853,40766,False,"spécification primaire sur le sous-groupe ; covariables : log_pop, share_women_1549, level_pre, pretrend_pre (doublement robuste) ; contrôle = not_yet_treated ; fenêtre 2003-2024 ; 1853 traitées, 0 jamais traitées sur la fenêtre ; ATT(g,t) identifiés jusqu'en 2022 (sans unité jamais traitée, la dernière cohorte sert de contrôle)",event,0.0,1853.0,0.0,0.0,2003.0,2024.0,2003.0,2022.0,1853.0,5.0,dr,7.0,1705.0,,,,,
h6,H6,H6,"log(naissances+0,5 / 1 000 f. 15-49)",population 2010 : tercile 1,cs,3,-0.0364457744670567,0.0209324378938289,-0.077472598847583,0.0045810499134694,0.0816634823076214,1853,40766,False,"spécification primaire sur le sous-groupe ; covariables : log_pop, share_women_1549, level_pre, pretrend_pre (doublement robuste) ; contrôle = not_yet_treated ; fenêtre 2003-2024 ; 1853 traitées, 0 jamais traitées sur la fenêtre ; ATT(g,t) identifiés jusqu'en 2022 (sans unité jamais traitée, la dernière cohorte sert de contrôle)",event,0.0,1853.0,0.0,0.0,2003.0,2024.0,2003.0,2022.0,1853.0,5.0,dr,6.0,1453.0,,,,,
h6,H6,H6,"log(naissances+0,5 / 1 000 f. 15-49)",population 2010 : tercile 1,cs,4,-0.0812499946191523,0.0329897578826565,-0.1459087319278555,-0.0165912573104492,0.0137823941841498,1853,40766,False,"spécification primaire sur le sous-groupe ; covariables : log_pop, share_women_1549, level_pre, pretrend_pre (doublement robuste) ; contrôle = not_yet_treated ; fenêtre 2003-2024 ; 1853 traitées, 0 jamais traitées sur la fenêtre ; ATT(g,t) identifiés jusqu'en 2022 (sans unité jamais traitée, la dernière cohorte sert de contrôle)",event,0.0,1853.0,0.0,0.0,2003.0,2024.0,2003.0,2022.0,1853.0,5.0,dr,5.0,1224.0,,,,,
h6,H6,H6,"log(naissances+0,5 / 1 000 f. 15-49)",population 2010 : tercile 1,cs,5,-0.1069781366184907,0.0504636245098694,-0.2058850231871876,-0.0080712500497939,0.0340139796009448,1853,40766,False,"spécification primaire sur le sous-groupe ; covariables : log_pop, share_women_1549, level_pre, pretrend_pre (doublement robuste) ; contrôle = not_yet_treated ; fenêtre 2003-2024 ; 1853 traitées, 0 jamais traitées sur la fenêtre ; ATT(g,t) identifiés jusqu'en 2022 (sans unité jamais traitée, la dernière cohorte sert de contrôle)",event,0.0,1853.0,0.0,0.0,2003.0,2024.0,2003.0,2022.0,1853.0,5.0,dr,4.0,863.0,,,,,
h6,H6,H6,"log(naissances+0,5 / 1 000 f. 15-49)",population 2010 : tercile 1,cs,6,-0.0753138362853224,0.0507824825893843,-0.174845673206048,0.0242180006354031,0.1380565469047717,1853,40766,False,"spécification primaire sur le sous-groupe ; covariables : log_pop, share_women_1549, level_pre, pretrend_pre (doublement robuste) ; contrôle = not_yet_treated ; fenêtre 2003-2024 ; 1853 traitées, 0 jamais traitées sur la fenêtre ; ATT(g,t) identifiés jusqu'en 2022 (sans unité jamais traitée, la dernière cohorte sert de contrôle)",event,0.0,1853.0,0.0,0.0,2003.0,2024.0,2003.0,2022.0,1853.0,5.0,dr,3.0,104.0,,,,,
h6,H6,H6,"log(naissances+0,5 / 1 000 f. 15-49)",population 2010 : tercile 1,cs,7,-0.0245499469256597,0.0899483156195333,-0.2008454060099867,0.1517455121586672,0.7849040069913772,1853,40766,False,"spécification primaire sur le sous-groupe ; covariables : log_pop, share_women_1549, level_pre, pretrend_pre (doublement robuste) ; contrôle = not_yet_treated ; fenêtre 2003-2024 ; 1853 traitées, 0 jamais traitées sur la fenêtre ; ATT(g,t) identifiés jusqu'en 2022 (sans unité jamais traitée, la dernière cohorte sert de contrôle)",event,0.0,1853.0,0.0,0.0,2003.0,2024.0,2003.0,2022.0,1853.0,5.0,dr,2.0,28.0,,,,,
h6,H6,H6,"log(naissances+0,5 / 1 000 f. 15-49)",population 2010 : tercile 1,cs,8,-0.1678449602153163,0.0720412628341287,-0.3090432407709926,-0.0266466796596401,0.0198143563985934,1853,40766,False,"spécification primaire sur le sous-groupe ; covariables : log_pop, share_women_1549, level_pre, pretrend_pre (doublement robuste) ; contrôle = not_yet_treated ; fenêtre 2003-2024 ; 1853 traitées, 0 jamais traitées sur la fenêtre ; ATT(g,t) identifiés jusqu'en 2022 (sans unité jamais traitée, la dernière cohorte sert de contrôle)",event,0.0,1853.0,0.0,0.0,2003.0,2024.0,2003.0,2022.0,1853.0,5.0,dr,1.0,2.0,,,,,
h6,H6,H6,"log(naissances+0,5 / 1 000 f. 15-49)",population 2010 : tercile 1,cs,"ATT[1,5]",-0.0512241612332795,0.0216022444775707,-0.0935637823945476,-0.0088845400720115,0.0177283928096624,1853,40766,False,"spécification primaire sur le sous-groupe ; covariables : log_pop, share_women_1549, level_pre, pretrend_pre (doublement robuste) ; contrôle = not_yet_treated ; fenêtre 2003-2024 ; 1853 traitées, 0 jamais traitées sur la fenêtre ; ATT(g,t) identifiés jusqu'en 2022 (sans unité jamais traitée, la dernière cohorte sert de contrôle) ; écart-type avec covariance complète des coefficients (fonctions d'influence)",post_avg,0.0,1853.0,0.0,0.0,2003.0,2024.0,2003.0,2022.0,1853.0,5.0,dr,,,,,5.0,,
h6,H6,H6,"log(naissances+0,5 / 1 000 f. 15-49)",population 2010 : tercile 1,cs,ATT,-0.0351478109373593,0.0151671648018153,-0.064874907696501,-0.0054207141782176,0.020484022042436,1853,40766,False,"spécification primaire sur le sous-groupe ; covariables : log_pop, share_women_1549, level_pre, pretrend_pre (doublement robuste) ; contrôle = not_yet_treated ; fenêtre 2003-2024 ; 1853 traitées, 0 jamais traitées sur la fenêtre ; ATT(g,t) identifiés jusqu'en 2022 (sans unité jamais traitée, la dernière cohorte sert de contrôle) ; moyenne de tous les ATT(g,t) post",simple,0.0,1853.0,0.0,0.0,2003.0,2024.0,2003.0,2022.0,1853.0,5.0,dr,,,,,,,
h6,H6,H6,"log(naissances+0,5 / 1 000 f. 15-49)",population 2010 : tercile 1,cs,Wald pré (-8..-2),11.835039841582184,,,,0.1061158483964934,1853,40766,False,"H5c : test de Wald joint de nullité des coefficients pré avec covariance des fonctions d'influence, df = 7 ; fenêtre 2003-2024 ; 1853 traitées, 0 jamais traitées sur la fenêtre",pre_test,0.0,1853.0,0.0,0.0,2003.0,2024.0,2003.0,2022.0,1853.0,5.0,dr,,,,,,7.0,
h6,H6,H6,"log(naissances+0,5 / 1 000 f. 15-49)",population 2010 : tercile 2,cs,-8,-0.0029701323675407,0.0165229922210666,-0.0353546020376668,0.0294143373025853,0.8573429219268276,1852,40744,False,"spécification primaire sur le sous-groupe ; covariables : log_pop, share_women_1549, level_pre, pretrend_pre (doublement robuste) ; contrôle = not_yet_treated ; fenêtre 2003-2024 ; 1852 traitées, 0 jamais traitées sur la fenêtre ; ATT(g,t) identifiés jusqu'en 2022 (sans unité jamais traitée, la dernière cohorte sert de contrôle)",event,0.0,1852.0,0.0,0.0,2003.0,2024.0,2003.0,2022.0,1852.0,5.0,dr,9.0,1836.0,,,,,
h6,H6,H6,"log(naissances+0,5 / 1 000 f. 15-49)",population 2010 : tercile 2,cs,-7,0.0114103058826361,0.0193137811605408,-0.0264440095973122,0.0492646213625845,0.5546640120589563,1852,40744,False,"spécification primaire sur le sous-groupe ; covariables : log_pop, share_women_1549, level_pre, pretrend_pre (doublement robuste) ; contrôle = not_yet_treated ; fenêtre 2003-2024 ; 1852 traitées, 0 jamais traitées sur la fenêtre ; ATT(g,t) identifiés jusqu'en 2022 (sans unité jamais traitée, la dernière cohorte sert de contrôle)",event,0.0,1852.0,0.0,0.0,2003.0,2024.0,2003.0,2022.0,1852.0,5.0,dr,9.0,1836.0,,,,,
h6,H6,H6,"log(naissances+0,5 / 1 000 f. 15-49)",population 2010 : tercile 2,cs,-6,0.0064552544530967,0.020527325733946,-0.0337775646843598,0.0466880735905532,0.7531631240769295,1852,40744,False,"spécification primaire sur le sous-groupe ; covariables : log_pop, share_women_1549, level_pre, pretrend_pre (doublement robuste) ; contrôle = not_yet_treated ; fenêtre 2003-2024 ; 1852 traitées, 0 jamais traitées sur la fenêtre ; ATT(g,t) identifiés jusqu'en 2022 (sans unité jamais traitée, la dernière cohorte sert de contrôle)",event,0.0,1852.0,0.0,0.0,2003.0,2024.0,2003.0,2022.0,1852.0,5.0,dr,9.0,1836.0,,,,,
h6,H6,H6,"log(naissances+0,5 / 1 000 f. 15-49)",population 2010 : tercile 2,cs,-5,0.0002388948253791,0.0165207117851083,-0.0321411052723996,0.0326188949231579,0.9884627337666844,1852,40744,False,"spécification primaire sur le sous-groupe ; covariables : log_pop, share_women_1549, level_pre, pretrend_pre (doublement robuste) ; contrôle = not_yet_treated ; fenêtre 2003-2024 ; 1852 traitées, 0 jamais traitées sur la fenêtre ; ATT(g,t) identifiés jusqu'en 2022 (sans unité jamais traitée, la dernière cohorte sert de contrôle)",event,0.0,1852.0,0.0,0.0,2003.0,2024.0,2003.0,2022.0,1852.0,5.0,dr,9.0,1836.0,,,,,
h6,H6,H6,"log(naissances+0,5 / 1 000 f. 15-49)",population 2010 : tercile 2,cs,-4,0.0027049418720864,0.0112830486626774,-0.019409427142574,0.024819310886747,0.8105356861340631,1852,40744,False,"spécification primaire sur le sous-groupe ; covariables : log_pop, share_women_1549, level_pre, pretrend_pre (doublement robuste) ; contrôle = not_yet_treated ; fenêtre 2003-2024 ; 1852 traitées, 0 jamais traitées sur la fenêtre ; ATT(g,t) identifiés jusqu'en 2022 (sans unité jamais traitée, la dernière cohorte sert de contrôle)",event,0.0,1852.0,0.0,0.0,2003.0,2024.0,2003.0,2022.0,1852.0,5.0,dr,9.0,1836.0,,,,,
h6,H6,H6,"log(naissances+0,5 / 1 000 f. 15-49)",population 2010 : tercile 2,cs,-3,-0.0042654701073595,0.013116646378577,-0.0299736246073183,0.0214426843925992,0.7450333606094954,1852,40744,False,"spécification primaire sur le sous-groupe ; covariables : log_pop, share_women_1549, level_pre, pretrend_pre (doublement robuste) ; contrôle = not_yet_treated ; fenêtre 2003-2024 ; 1852 traitées, 0 jamais traitées sur la fenêtre ; ATT(g,t) identifiés jusqu'en 2022 (sans unité jamais traitée, la dernière cohorte sert de contrôle)",event,0.0,1852.0,0.0,0.0,2003.0,2024.0,2003.0,2022.0,1852.0,5.0,dr,9.0,1836.0,,,,,
h6,H6,H6,"log(naissances+0,5 / 1 000 f. 15-49)",population 2010 : tercile 2,cs,-2,-0.0011457917713196,0.0068128317903845,-0.014498696713203,0.0122071131705636,0.8664405520548782,1852,40744,False,"spécification primaire sur le sous-groupe ; covariables : log_pop, share_women_1549, level_pre, pretrend_pre (doublement robuste) ; contrôle = not_yet_treated ; fenêtre 2003-2024 ; 1852 traitées, 0 jamais traitées sur la fenêtre ; ATT(g,t) identifiés jusqu'en 2022 (sans unité jamais traitée, la dernière cohorte sert de contrôle)",event,0.0,1852.0,0.0,0.0,2003.0,2024.0,2003.0,2022.0,1852.0,5.0,dr,9.0,1836.0,,,,,
h6,H6,H6,"log(naissances+0,5 / 1 000 f. 15-49)",population 2010 : tercile 2,cs,0,-0.0050511539134953,0.006456665048334,-0.0177059848684686,0.0076036770414779,0.4340287459691441,1852,40744,False,"spécification primaire sur le sous-groupe ; covariables : log_pop, share_women_1549, level_pre, pretrend_pre (doublement robuste) ; contrôle = not_yet_treated ; fenêtre 2003-2024 ; 1852 traitées, 0 jamais traitées sur la fenêtre ; ATT(g,t) identifiés jusqu'en 2022 (sans unité jamais traitée, la dernière cohorte sert de contrôle)",event,0.0,1852.0,0.0,0.0,2003.0,2024.0,2003.0,2022.0,1852.0,5.0,dr,9.0,1836.0,,,,,
h6,H6,H6,"log(naissances+0,5 / 1 000 f. 15-49)",population 2010 : tercile 2,cs,1,-0.0198557052335339,0.0102748174905201,-0.0399939774626755,0.0002825669956076,0.0533023773972509,1852,40744,False,"spécification primaire sur le sous-groupe ; covariables : log_pop, share_women_1549, level_pre, pretrend_pre (doublement robuste) ; contrôle = not_yet_treated ; fenêtre 2003-2024 ; 1852 traitées, 0 jamais traitées sur la fenêtre ; ATT(g,t) identifiés jusqu'en 2022 (sans unité jamais traitée, la dernière cohorte sert de contrôle)",event,0.0,1852.0,0.0,0.0,2003.0,2024.0,2003.0,2022.0,1852.0,5.0,dr,8.0,1803.0,,,,,
h6,H6,H6,"log(naissances+0,5 / 1 000 f. 15-49)",population 2010 : tercile 2,cs,2,-0.0276173552527794,0.0135681970223474,-0.0542105327517241,-0.0010241777538347,0.0418058471611517,1852,40744,False,"spécification primaire sur le sous-groupe ; covariables : log_pop, share_women_1549, level_pre, pretrend_pre (doublement robuste) ; contrôle = not_yet_treated ; fenêtre 2003-2024 ; 1852 traitées, 0 jamais traitées sur la fenêtre ; ATT(g,t) identifiés jusqu'en 2022 (sans unité jamais traitée, la dernière cohorte sert de contrôle)",event,0.0,1852.0,0.0,0.0,2003.0,2024.0,2003.0,2022.0,1852.0,5.0,dr,7.0,1724.0,,,,,
h6,H6,H6,"log(naissances+0,5 / 1 000 f. 15-49)",population 2010 : tercile 2,cs,3,-0.0407962724387506,0.017405332380042,-0.0749100970425818,-0.0066824478349194,0.0190835403432016,1852,40744,False,"spécification primaire sur le sous-groupe ; covariables : log_pop, share_women_1549, level_pre, pretrend_pre (doublement robuste) ; contrôle = not_yet_treated ; fenêtre 2003-2024 ; 1852 traitées, 0 jamais traitées sur la fenêtre ; ATT(g,t) identifiés jusqu'en 2022 (sans unité jamais traitée, la dernière cohorte sert de contrôle)",event,0.0,1852.0,0.0,0.0,2003.0,2024.0,2003.0,2022.0,1852.0,5.0,dr,6.0,1569.0,,,,,
h6,H6,H6,"log(naissances+0,5 / 1 000 f. 15-49)",population 2010 : tercile 2,cs,4,-0.0639625952110807,0.0256541675243375,-0.1142438396121394,-0.0136813508100221,0.0126574934265285,1852,40744,False,"spécification primaire sur le sous-groupe ; covariables : log_pop, share_women_1549, level_pre, pretrend_pre (doublement robuste) ; contrôle = not_yet_treated ; fenêtre 2003-2024 ; 1852 traitées, 0 jamais traitées sur la fenêtre ; ATT(g,t) identifiés jusqu'en 2022 (sans unité jamais traitée, la dernière cohorte sert de contrôle)",event,0.0,1852.0,0.0,0.0,2003.0,2024.0,2003.0,2022.0,1852.0,5.0,dr,5.0,1433.0,,,,,
h6,H6,H6,"log(naissances+0,5 / 1 000 f. 15-49)",population 2010 : tercile 2,cs,5,-0.1137702542429108,0.0815909553766394,-0.2736855882453388,0.046145079759517,0.1631974915021808,1852,40744,False,"spécification primaire sur le sous-groupe ; covariables : log_pop, share_women_1549, level_pre, pretrend_pre (doublement robuste) ; contrôle = not_yet_treated ; fenêtre 2003-2024 ; 1852 traitées, 0 jamais traitées sur la fenêtre ; ATT(g,t) identifiés jusqu'en 2022 (sans unité jamais traitée, la dernière cohorte sert de contrôle)",event,0.0,1852.0,0.0,0.0,2003.0,2024.0,2003.0,2022.0,1852.0,5.0,dr,4.0,1189.0,,,,,
h6,H6,H6,"log(naissances+0,5 / 1 000 f. 15-49)",population 2010 : tercile 2,cs,6,-0.1020023005606168,0.0960283226924909,-0.2902143545336895,0.0862097534124559,0.2881400968215208,1852,40744,False,"spécification primaire sur le sous-groupe ; covariables : log_pop, share_women_1549, level_pre, pretrend_pre (doublement robuste) ; contrôle = not_yet_treated ; fenêtre 2003-2024 ; 1852 traitées, 0 jamais traitées sur la fenêtre ; ATT(g,t) identifiés jusqu'en 2022 (sans unité jamais traitée, la dernière cohorte sert de contrôle)",event,0.0,1852.0,0.0,0.0,2003.0,2024.0,2003.0,2022.0,1852.0,5.0,dr,3.0,198.0,,,,,
h6,H6,H6,"log(naissances+0,5 / 1 000 f. 15-49)",population 2010 : tercile 2,cs,7,-0.0397538209344169,0.0827332687590929,-0.2019080480255119,0.122400406156678,0.6308677332308923,1852,40744,False,"spécification primaire sur le sous-groupe ; covariables : log_pop, share_women_1549, level_pre, pretrend_pre (doublement robuste) ; contrôle = not_yet_treated ; fenêtre 2003-2024 ; 1852 traitées, 0 jamais traitées sur la fenêtre ; ATT(g,t) identifiés jusqu'en 2022 (sans unité jamais traitée, la dernière cohorte sert de contrôle)",event,0.0,1852.0,0.0,0.0,2003.0,2024.0,2003.0,2022.0,1852.0,5.0,dr,2.0,64.0,,,,,
h6,H6,H6,"log(naissances+0,5 / 1 000 f. 15-49)",population 2010 : tercile 2,cs,8,0.1002320198786687,0.0847038963614041,-0.0657845663398966,0.2662486060972342,0.2366813894314278,1852,40744,False,"spécification primaire sur le sous-groupe ; covariables : log_pop, share_women_1549, level_pre, pretrend_pre (doublement robuste) ; contrôle = not_yet_treated ; fenêtre 2003-2024 ; 1852 traitées, 0 jamais traitées sur la fenêtre ; ATT(g,t) identifiés jusqu'en 2022 (sans unité jamais traitée, la dernière cohorte sert de contrôle)",event,0.0,1852.0,0.0,0.0,2003.0,2024.0,2003.0,2022.0,1852.0,5.0,dr,1.0,1.0,,,,,
h6,H6,H6,"log(naissances+0,5 / 1 000 f. 15-49)",population 2010 : tercile 2,cs,"ATT[1,5]",-0.0532004364758111,0.0232828590263608,-0.0988340016246017,-0.0075668713270205,0.0223150853748223,1852,40744,False,"spécification primaire sur le sous-groupe ; covariables : log_pop, share_women_1549, level_pre, pretrend_pre (doublement robuste) ; contrôle = not_yet_treated ; fenêtre 2003-2024 ; 1852 traitées, 0 jamais traitées sur la fenêtre ; ATT(g,t) identifiés jusqu'en 2022 (sans unité jamais traitée, la dernière cohorte sert de contrôle) ; écart-type avec covariance complète des coefficients (fonctions d'influence)",post_avg,0.0,1852.0,0.0,0.0,2003.0,2024.0,2003.0,2022.0,1852.0,5.0,dr,,,,,5.0,,
h6,H6,H6,"log(naissances+0,5 / 1 000 f. 15-49)",population 2010 : tercile 2,cs,ATT,-0.0413840405721357,0.0179150513802847,-0.0764968960586785,-0.0062711850855929,0.0208873139326903,1852,40744,False,"spécification primaire sur le sous-groupe ; covariables : log_pop, share_women_1549, level_pre, pretrend_pre (doublement robuste) ; contrôle = not_yet_treated ; fenêtre 2003-2024 ; 1852 traitées, 0 jamais traitées sur la fenêtre ; ATT(g,t) identifiés jusqu'en 2022 (sans unité jamais traitée, la dernière cohorte sert de contrôle) ; moyenne de tous les ATT(g,t) post",simple,0.0,1852.0,0.0,0.0,2003.0,2024.0,2003.0,2022.0,1852.0,5.0,dr,,,,,,,
h6,H6,H6,"log(naissances+0,5 / 1 000 f. 15-49)",population 2010 : tercile 2,cs,Wald pré (-8..-2),3.917774860896838,,,,0.7891979837304863,1852,40744,False,"H5c : test de Wald joint de nullité des coefficients pré avec covariance des fonctions d'influence, df = 7 ; fenêtre 2003-2024 ; 1852 traitées, 0 jamais traitées sur la fenêtre",pre_test,0.0,1852.0,0.0,0.0,2003.0,2024.0,2003.0,2022.0,1852.0,5.0,dr,,,,,,7.0,
h6,H6,H6,"log(naissances+0,5 / 1 000 f. 15-49)",population 2010 : tercile 3,cs,-8,0.0203660280109182,0.0902155542438694,-0.1564532091523854,0.1971852651742219,0.821397017146483,1853,40766,False,"spécification primaire sur le sous-groupe ; covariables : log_pop, share_women_1549, level_pre, pretrend_pre (doublement robuste) ; contrôle = not_yet_treated ; fenêtre 2003-2024 ; 1853 traitées, 0 jamais traitées sur la fenêtre ; ATT(g,t) identifiés jusqu'en 2022 (sans unité jamais traitée, la dernière cohorte sert de contrôle)",event,0.0,1853.0,0.0,0.0,2003.0,2024.0,2003.0,2022.0,1853.0,5.0,dr,9.0,1849.0,,,,,
h6,H6,H6,"log(naissances+0,5 / 1 000 f. 15-49)",population 2010 : tercile 3,cs,-7,0.0324127295527047,0.0594608396917733,-0.0841283747336806,0.1489538338390901,0.5856775042223772,1853,40766,False,"spécification primaire sur le sous-groupe ; covariables : log_pop, share_women_1549, level_pre, pretrend_pre (doublement robuste) ; contrôle = not_yet_treated ; fenêtre 2003-2024 ; 1853 traitées, 0 jamais traitées sur la fenêtre ; ATT(g,t) identifiés jusqu'en 2022 (sans unité jamais traitée, la dernière cohorte sert de contrôle)",event,0.0,1853.0,0.0,0.0,2003.0,2024.0,2003.0,2022.0,1853.0,5.0,dr,9.0,1849.0,,,,,
h6,H6,H6,"log(naissances+0,5 / 1 000 f. 15-49)",population 2010 : tercile 3,cs,-6,0.0596783928817889,0.1381042469632123,-0.2110009572781324,0.3303577430417104,0.6656500647806954,1853,40766,False,"spécification primaire sur le sous-groupe ; covariables : log_pop, share_women_1549, level_pre, pretrend_pre (doublement robuste) ; contrôle = not_yet_treated ; fenêtre 2003-2024 ; 1853 traitées, 0 jamais traitées sur la fenêtre ; ATT(g,t) identifiés jusqu'en 2022 (sans unité jamais traitée, la dernière cohorte sert de contrôle)",event,0.0,1853.0,0.0,0.0,2003.0,2024.0,2003.0,2022.0,1853.0,5.0,dr,9.0,1849.0,,,,,
h6,H6,H6,"log(naissances+0,5 / 1 000 f. 15-49)",population 2010 : tercile 3,cs,-5,0.0446152621177902,0.1808835873052953,-0.3099100543949952,0.3991405786305757,0.8051777133578981,1853,40766,False,"spécification primaire sur le sous-groupe ; covariables : log_pop, share_women_1549, level_pre, pretrend_pre (doublement robuste) ; contrôle = not_yet_treated ; fenêtre 2003-2024 ; 1853 traitées, 0 jamais traitées sur la fenêtre ; ATT(g,t) identifiés jusqu'en 2022 (sans unité jamais traitée, la dernière cohorte sert de contrôle)",event,0.0,1853.0,0.0,0.0,2003.0,2024.0,2003.0,2022.0,1853.0,5.0,dr,9.0,1849.0,,,,,
h6,H6,H6,"log(naissances+0,5 / 1 000 f. 15-49)",population 2010 : tercile 3,cs,-4,0.0315357149712754,0.1088031884100859,-0.1817146157156187,0.2447860456581696,0.7719372469160937,1853,40766,False,"spécification primaire sur le sous-groupe ; covariables : log_pop, share_women_1549, level_pre, pretrend_pre (doublement robuste) ; contrôle = not_yet_treated ; fenêtre 2003-2024 ; 1853 traitées, 0 jamais traitées sur la fenêtre ; ATT(g,t) identifiés jusqu'en 2022 (sans unité jamais traitée, la dernière cohorte sert de contrôle)",event,0.0,1853.0,0.0,0.0,2003.0,2024.0,2003.0,2022.0,1853.0,5.0,dr,9.0,1849.0,,,,,
h6,H6,H6,"log(naissances+0,5 / 1 000 f. 15-49)",population 2010 : tercile 3,cs,-3,0.0053136599084301,0.0582983994990919,-0.1089491034661179,0.1195764232829782,0.9273766639618968,1853,40766,False,"spécification primaire sur le sous-groupe ; covariables : log_pop, share_women_1549, level_pre, pretrend_pre (doublement robuste) ; contrôle = not_yet_treated ; fenêtre 2003-2024 ; 1853 traitées, 0 jamais traitées sur la fenêtre ; ATT(g,t) identifiés jusqu'en 2022 (sans unité jamais traitée, la dernière cohorte sert de contrôle)",event,0.0,1853.0,0.0,0.0,2003.0,2024.0,2003.0,2022.0,1853.0,5.0,dr,9.0,1849.0,,,,,
h6,H6,H6,"log(naissances+0,5 / 1 000 f. 15-49)",population 2010 : tercile 3,cs,-2,0.0047486893087742,0.0291939372611111,-0.0524703762899254,0.0619677549074739,0.870786049142208,1853,40766,False,"spécification primaire sur le sous-groupe ; covariables : log_pop, share_women_1549, level_pre, pretrend_pre (doublement robuste) ; contrôle = not_yet_treated ; fenêtre 2003-2024 ; 1853 traitées, 0 jamais traitées sur la fenêtre ; ATT(g,t) identifiés jusqu'en 2022 (sans unité jamais traitée, la dernière cohorte sert de contrôle)",event,0.0,1853.0,0.0,0.0,2003.0,2024.0,2003.0,2022.0,1853.0,5.0,dr,9.0,1849.0,,,,,
h6,H6,H6,"log(naissances+0,5 / 1 000 f. 15-49)",population 2010 : tercile 3,cs,0,0.0112468659616948,0.025942478755507,-0.0395994580687944,0.0620931899921841,0.6646291283105681,1853,40766,False,"spécification primaire sur le sous-groupe ; covariables : log_pop, share_women_1549, level_pre, pretrend_pre (doublement robuste) ; contrôle = not_yet_treated ; fenêtre 2003-2024 ; 1853 traitées, 0 jamais traitées sur la fenêtre ; ATT(g,t) identifiés jusqu'en 2022 (sans unité jamais traitée, la dernière cohorte sert de contrôle)",event,0.0,1853.0,0.0,0.0,2003.0,2024.0,2003.0,2022.0,1853.0,5.0,dr,9.0,1849.0,,,,,
h6,H6,H6,"log(naissances+0,5 / 1 000 f. 15-49)",population 2010 : tercile 3,cs,1,0.0213122138181355,0.0413087901333987,-0.0596515270882494,0.1022759547245206,0.6059071937893894,1853,40766,False,"spécification primaire sur le sous-groupe ; covariables : log_pop, share_women_1549, level_pre, pretrend_pre (doublement robuste) ; contrôle = not_yet_treated ; fenêtre 2003-2024 ; 1853 traitées, 0 jamais traitées sur la fenêtre ; ATT(g,t) identifiés jusqu'en 2022 (sans unité jamais traitée, la dernière cohorte sert de contrôle)",event,0.0,1853.0,0.0,0.0,2003.0,2024.0,2003.0,2022.0,1853.0,5.0,dr,8.0,1847.0,,,,,
h6,H6,H6,"log(naissances+0,5 / 1 000 f. 15-49)",population 2010 : tercile 3,cs,2,0.0189205606751797,0.0361516454091864,-0.0519353623086885,0.0897764836590479,0.6007192214652382,1853,40766,False,"spécification primaire sur le sous-groupe ; covariables : log_pop, share_women_1549, level_pre, pretrend_pre (doublement robuste) ; contrôle = not_yet_treated ; fenêtre 2003-2024 ; 1853 traitées, 0 jamais traitées sur la fenêtre ; ATT(g,t) identifiés jusqu'en 2022 (sans unité jamais traitée, la dernière cohorte sert de contrôle)",event,0.0,1853.0,0.0,0.0,2003.0,2024.0,2003.0,2022.0,1853.0,5.0,dr,7.0,1839.0,,,,,
h6,H6,H6,"log(naissances+0,5 / 1 000 f. 15-49)",population 2010 : tercile 3,cs,3,-0.0587975895459207,0.1031124739268422,-0.2608943247993568,0.1432991457075153,0.5685232663173185,1853,40766,False,"spécification primaire sur le sous-groupe ; covariables : log_pop, share_women_1549, level_pre, pretrend_pre (doublement robuste) ; contrôle = not_yet_treated ; fenêtre 2003-2024 ; 1853 traitées, 0 jamais traitées sur la fenêtre ; ATT(g,t) identifiés jusqu'en 2022 (sans unité jamais traitée, la dernière cohorte sert de contrôle)",event,0.0,1853.0,0.0,0.0,2003.0,2024.0,2003.0,2022.0,1853.0,5.0,dr,6.0,1822.0,,,,,
h6,H6,H6,"log(naissances+0,5 / 1 000 f. 15-49)",population 2010 : tercile 3,cs,4,-0.3928353808859375,0.0478380013875215,-0.4865961406978568,-0.2990746210740181,2.1792428245184312e-16,1853,40766,False,"spécification primaire sur le sous-groupe ; covariables : log_pop, share_women_1549, level_pre, pretrend_pre (doublement robuste) ; contrôle = not_yet_treated ; fenêtre 2003-2024 ; 1853 traitées, 0 jamais traitées sur la fenêtre ; ATT(g,t) identifiés jusqu'en 2022 (sans unité jamais traitée, la dernière cohorte sert de contrôle)",event,0.0,1853.0,0.0,0.0,2003.0,2024.0,2003.0,2022.0,1853.0,5.0,dr,5.0,1788.0,,,,,
h6,H6,H6,"log(naissances+0,5 / 1 000 f. 15-49)",population 2010 : tercile 3,cs,5,-0.7469379545194746,0.0339574770531619,-0.8134933865495174,-0.6803825224894319,3.1263279354495124e-107,1853,40766,False,"spécification primaire sur le sous-groupe ; covariables : log_pop, share_women_1549, level_pre, pretrend_pre (doublement robuste) ; contrôle = not_yet_treated ; fenêtre 2003-2024 ; 1853 traitées, 0 jamais traitées sur la fenêtre ; ATT(g,t) identifiés jusqu'en 2022 (sans unité jamais traitée, la dernière cohorte sert de contrôle)",event,0.0,1853.0,0.0,0.0,2003.0,2024.0,2003.0,2022.0,1853.0,5.0,dr,4.0,1715.0,,,,,
h6,H6,H6,"log(naissances+0,5 / 1 000 f. 15-49)",population 2010 : tercile 3,cs,"ATT[1,5]",-0.2316676300916035,0.0393846773103974,-0.3088601791627143,-0.1544750810204927,4.049057910096236e-09,1853,40766,False,"spécification primaire sur le sous-groupe ; covariables : log_pop, share_women_1549, level_pre, pretrend_pre (doublement robuste) ; contrôle = not_yet_treated ; fenêtre 2003-2024 ; 1853 traitées, 0 jamais traitées sur la fenêtre ; ATT(g,t) identifiés jusqu'en 2022 (sans unité jamais traitée, la dernière cohorte sert de contrôle) ; écart-type avec covariance complète des coefficients (fonctions d'influence)",post_avg,0.0,1853.0,0.0,0.0,2003.0,2024.0,2003.0,2022.0,1853.0,5.0,dr,,,,,5.0,,
h6,H6,H6,"log(naissances+0,5 / 1 000 f. 15-49)",population 2010 : tercile 3,cs,ATT,-0.1726654218673222,0.0332971517051058,-0.2379266399970961,-0.1074042037375484,2.1533050653376485e-07,1853,40766,False,"spécification primaire sur le sous-groupe ; covariables : log_pop, share_women_1549, level_pre, pretrend_pre (doublement robuste) ; contrôle = not_yet_treated ; fenêtre 2003-2024 ; 1853 traitées, 0 jamais traitées sur la fenêtre ; ATT(g,t) identifiés jusqu'en 2022 (sans unité jamais traitée, la dernière cohorte sert de contrôle) ; moyenne de tous les ATT(g,t) post",simple,0.0,1853.0,0.0,0.0,2003.0,2024.0,2003.0,2022.0,1853.0,5.0,dr,,,,,,,
h6,H6,H6,"log(naissances+0,5 / 1 000 f. 15-49)",population 2010 : tercile 3,cs,Wald pré (-8..-2),6.557942433253456,,,,0.4763084896498908,1853,40766,False,"H5c : test de Wald joint de nullité des coefficients pré avec covariance des fonctions d'influence, df = 7 ; fenêtre 2003-2024 ; 1853 traitées, 0 jamais traitées sur la fenêtre",pre_test,0.0,1853.0,0.0,0.0,2003.0,2024.0,2003.0,2022.0,1853.0,5.0,dr,,,,,,7.0,
h6,H6,H6,"log(naissances+0,5 / 1 000 f. 15-49)",grande région : Centro-Oeste,cs,-8,-0.051217104317179,0.024032318001652,-0.0983195820654306,-0.0041146265689274,0.0330746284082649,463,10186,False,"spécification primaire sur le sous-groupe ; covariables : log_pop, share_women_1549, level_pre, pretrend_pre (doublement robuste) ; contrôle = not_yet_treated ; fenêtre 2003-2024 ; 463 traitées, 0 jamais traitées sur la fenêtre ; ATT(g,t) identifiés jusqu'en 2022 (sans unité jamais traitée, la dernière cohorte sert de contrôle)",event,0.0,463.0,0.0,0.0,2003.0,2024.0,2003.0,2022.0,463.0,5.0,dr,9.0,428.0,,,,,
h6,H6,H6,"log(naissances+0,5 / 1 000 f. 15-49)",grande région : Centro-Oeste,cs,-7,-0.0563066569119264,0.0246851524979585,-0.1046886667608043,-0.0079246470630486,0.0225488686269865,463,10186,False,"spécification primaire sur le sous-groupe ; covariables : log_pop, share_women_1549, level_pre, pretrend_pre (doublement robuste) ; contrôle = not_yet_treated ; fenêtre 2003-2024 ; 463 traitées, 0 jamais traitées sur la fenêtre ; ATT(g,t) identifiés jusqu'en 2022 (sans unité jamais traitée, la dernière cohorte sert de contrôle)",event,0.0,463.0,0.0,0.0,2003.0,2024.0,2003.0,2022.0,463.0,5.0,dr,9.0,428.0,,,,,
h6,H6,H6,"log(naissances+0,5 / 1 000 f. 15-49)",grande région : Centro-Oeste,cs,-6,-0.0702681495853931,0.0255102914656822,-0.1202674020932498,-0.0202688970775363,0.0058781525613345,463,10186,False,"spécification primaire sur le sous-groupe ; covariables : log_pop, share_women_1549, level_pre, pretrend_pre (doublement robuste) ; contrôle = not_yet_treated ; fenêtre 2003-2024 ; 463 traitées, 0 jamais traitées sur la fenêtre ; ATT(g,t) identifiés jusqu'en 2022 (sans unité jamais traitée, la dernière cohorte sert de contrôle)",event,0.0,463.0,0.0,0.0,2003.0,2024.0,2003.0,2022.0,463.0,5.0,dr,9.0,428.0,,,,,
h6,H6,H6,"log(naissances+0,5 / 1 000 f. 15-49)",grande région : Centro-Oeste,cs,-5,-0.0571725969233805,0.0235154687384167,-0.1032620687302549,-0.0110831251165061,0.0150457446765276,463,10186,False,"spécification primaire sur le sous-groupe ; covariables : log_pop, share_women_1549, level_pre, pretrend_pre (doublement robuste) ; contrôle = not_yet_treated ; fenêtre 2003-2024 ; 463 traitées, 0 jamais traitées sur la fenêtre ; ATT(g,t) identifiés jusqu'en 2022 (sans unité jamais traitée, la dernière cohorte sert de contrôle)",event,0.0,463.0,0.0,0.0,2003.0,2024.0,2003.0,2022.0,463.0,5.0,dr,9.0,428.0,,,,,
h6,H6,H6,"log(naissances+0,5 / 1 000 f. 15-49)",grande région : Centro-Oeste,cs,-4,-0.042373573001871,0.0208827970657103,-0.0833031031471221,-0.0014440428566199,0.0424466943255205,463,10186,False,"spécification primaire sur le sous-groupe ; covariables : log_pop, share_women_1549, level_pre, pretrend_pre (doublement robuste) ; contrôle = not_yet_treated ; fenêtre 2003-2024 ; 463 traitées, 0 jamais traitées sur la fenêtre ; ATT(g,t) identifiés jusqu'en 2022 (sans unité jamais traitée, la dernière cohorte sert de contrôle)",event,0.0,463.0,0.0,0.0,2003.0,2024.0,2003.0,2022.0,463.0,5.0,dr,9.0,428.0,,,,,
h6,H6,H6,"log(naissances+0,5 / 1 000 f. 15-49)",grande région : Centro-Oeste,cs,-3,-0.0404369819710258,0.0180478391429098,-0.0758100966899014,-0.0050638672521502,0.0250556122855014,463,10186,False,"spécification primaire sur le sous-groupe ; covariables : log_pop, share_women_1549, level_pre, pretrend_pre (doublement robuste) ; contrôle = not_yet_treated ; fenêtre 2003-2024 ; 463 traitées, 0 jamais traitées sur la fenêtre ; ATT(g,t) identifiés jusqu'en 2022 (sans unité jamais traitée, la dernière cohorte sert de contrôle)",event,0.0,463.0,0.0,0.0,2003.0,2024.0,2003.0,2022.0,463.0,5.0,dr,9.0,428.0,,,,,
h6,H6,H6,"log(naissances+0,5 / 1 000 f. 15-49)",grande région : Centro-Oeste,cs,-2,-0.0113995582610522,0.0149425291703054,-0.0406863772727901,0.0178872607506855,0.4455269176498129,463,10186,False,"spécification primaire sur le sous-groupe ; covariables : log_pop, share_women_1549, level_pre, pretrend_pre (doublement robuste) ; contrôle = not_yet_treated ; fenêtre 2003-2024 ; 463 traitées, 0 jamais traitées sur la fenêtre ; ATT(g,t) identifiés jusqu'en 2022 (sans unité jamais traitée, la dernière cohorte sert de contrôle)",event,0.0,463.0,0.0,0.0,2003.0,2024.0,2003.0,2022.0,463.0,5.0,dr,9.0,428.0,,,,,
h6,H6,H6,"log(naissances+0,5 / 1 000 f. 15-49)",grande région : Centro-Oeste,cs,0,-0.0177691663346363,0.0154741644104666,-0.0480979712700024,0.0125596386007298,0.2508398496387174,463,10186,False,"spécification primaire sur le sous-groupe ; covariables : log_pop, share_women_1549, level_pre, pretrend_pre (doublement robuste) ; contrôle = not_yet_treated ; fenêtre 2003-2024 ; 463 traitées, 0 jamais traitées sur la fenêtre ; ATT(g,t) identifiés jusqu'en 2022 (sans unité jamais traitée, la dernière cohorte sert de contrôle)",event,0.0,463.0,0.0,0.0,2003.0,2024.0,2003.0,2022.0,463.0,5.0,dr,9.0,428.0,,,,,
h6,H6,H6,"log(naissances+0,5 / 1 000 f. 15-49)",grande région : Centro-Oeste,cs,1,-0.0544468022209696,0.0196427155954701,-0.0929458173466543,-0.0159477870952848,0.0055737485768389,463,10186,False,"spécification primaire sur le sous-groupe ; covariables : log_pop, share_women_1549, level_pre, pretrend_pre (doublement robuste) ; contrôle = not_yet_treated ; fenêtre 2003-2024 ; 463 traitées, 0 jamais traitées sur la fenêtre ; ATT(g,t) identifiés jusqu'en 2022 (sans unité jamais traitée, la dernière cohorte sert de contrôle)",event,0.0,463.0,0.0,0.0,2003.0,2024.0,2003.0,2022.0,463.0,5.0,dr,8.0,411.0,,,,,
h6,H6,H6,"log(naissances+0,5 / 1 000 f. 15-49)",grande région : Centro-Oeste,cs,2,-0.0773580206499343,0.0276397019004041,-0.1315308409181497,-0.0231852003817189,0.005129276489796,463,10186,False,"spécification primaire sur le sous-groupe ; covariables : log_pop, share_women_1549, level_pre, pretrend_pre (doublement robuste) ; contrôle = not_yet_treated ; fenêtre 2003-2024 ; 463 traitées, 0 jamais traitées sur la fenêtre ; ATT(g,t) identifiés jusqu'en 2022 (sans unité jamais traitée, la dernière cohorte sert de contrôle)",event,0.0,463.0,0.0,0.0,2003.0,2024.0,2003.0,2022.0,463.0,5.0,dr,7.0,399.0,,,,,
h6,H6,H6,"log(naissances+0,5 / 1 000 f. 15-49)",grande région : Centro-Oeste,cs,3,-0.0725878909910826,0.0324592956048581,-0.1362069413401438,-0.0089688406420213,0.0253338039269415,463,10186,False,"spécification primaire sur le sous-groupe ; covariables : log_pop, share_women_1549, level_pre, pretrend_pre (doublement robuste) ; contrôle = not_yet_treated ; fenêtre 2003-2024 ; 463 traitées, 0 jamais traitées sur la fenêtre ; ATT(g,t) identifiés jusqu'en 2022 (sans unité jamais traitée, la dernière cohorte sert de contrôle)",event,0.0,463.0,0.0,0.0,2003.0,2024.0,2003.0,2022.0,463.0,5.0,dr,6.0,369.0,,,,,
h6,H6,H6,"log(naissances+0,5 / 1 000 f. 15-49)",grande région : Centro-Oeste,cs,4,-0.1094870483860012,0.0482856928902821,-0.2041252674195159,-0.0148488293524865,0.0233606596444109,463,10186,False,"spécification primaire sur le sous-groupe ; covariables : log_pop, share_women_1549, level_pre, pretrend_pre (doublement robuste) ; contrôle = not_yet_treated ; fenêtre 2003-2024 ; 463 traitées, 0 jamais traitées sur la fenêtre ; ATT(g,t) identifiés jusqu'en 2022 (sans unité jamais traitée, la dernière cohorte sert de contrôle)",event,0.0,463.0,0.0,0.0,2003.0,2024.0,2003.0,2022.0,463.0,5.0,dr,5.0,316.0,,,,,
h6,H6,H6,"log(naissances+0,5 / 1 000 f. 15-49)",grande région : Centro-Oeste,cs,5,-0.3658935513171154,0.1150256304140018,-0.591339644227574,-0.1404474584066567,0.0014678075092788,463,10186,False,"spécification primaire sur le sous-groupe ; covariables : log_pop, share_women_1549, level_pre, pretrend_pre (doublement robuste) ; contrôle = not_yet_treated ; fenêtre 2003-2024 ; 463 traitées, 0 jamais traitées sur la fenêtre ; ATT(g,t) identifiés jusqu'en 2022 (sans unité jamais traitée, la dernière cohorte sert de contrôle)",event,0.0,463.0,0.0,0.0,2003.0,2024.0,2003.0,2022.0,463.0,5.0,dr,4.0,246.0,,,,,
h6,H6,H6,"log(naissances+0,5 / 1 000 f. 15-49)",grande région : Centro-Oeste,cs,6,-0.5486259637228006,0.0891483168789282,-0.7233534540878642,-0.3738984733577369,7.551408123839406e-10,463,10186,False,"spécification primaire sur le sous-groupe ; covariables : log_pop, share_women_1549, level_pre, pretrend_pre (doublement robuste) ; contrôle = not_yet_treated ; fenêtre 2003-2024 ; 463 traitées, 0 jamais traitées sur la fenêtre ; ATT(g,t) identifiés jusqu'en 2022 (sans unité jamais traitée, la dernière cohorte sert de contrôle)",event,0.0,463.0,0.0,0.0,2003.0,2024.0,2003.0,2022.0,463.0,5.0,dr,3.0,47.0,,,,,
h6,H6,H6,"log(naissances+0,5 / 1 000 f. 15-49)",grande région : Centro-Oeste,cs,"ATT[1,5]",-0.1359546627130206,0.0391467587293881,-0.2126808999341003,-0.0592284254919409,0.000514774823422,463,10186,False,"spécification primaire sur le sous-groupe ; covariables : log_pop, share_women_1549, level_pre, pretrend_pre (doublement robuste) ; contrôle = not_yet_treated ; fenêtre 2003-2024 ; 463 traitées, 0 jamais traitées sur la fenêtre ; ATT(g,t) identifiés jusqu'en 2022 (sans unité jamais traitée, la dernière cohorte sert de contrôle) ; écart-type avec covariance complète des coefficients (fonctions d'influence)",post_avg,0.0,463.0,0.0,0.0,2003.0,2024.0,2003.0,2022.0,463.0,5.0,dr,,,,,5.0,,
h6,H6,H6,"log(naissances+0,5 / 1 000 f. 15-49)",grande région : Centro-Oeste,cs,ATT,-0.102331987347076,0.0278949310569831,-0.1570050475699908,-0.0476589271241612,0.0002439970963373,463,10186,False,"spécification primaire sur le sous-groupe ; covariables : log_pop, share_women_1549, level_pre, pretrend_pre (doublement robuste) ; contrôle = not_yet_treated ; fenêtre 2003-2024 ; 463 traitées, 0 jamais traitées sur la fenêtre ; ATT(g,t) identifiés jusqu'en 2022 (sans unité jamais traitée, la dernière cohorte sert de contrôle) ; moyenne de tous les ATT(g,t) post",simple,0.0,463.0,0.0,0.0,2003.0,2024.0,2003.0,2022.0,463.0,5.0,dr,,,,,,,
h6,H6,H6,"log(naissances+0,5 / 1 000 f. 15-49)",grande région : Centro-Oeste,cs,Wald pré (-8..-2),9.478462303782068,,,,0.2201039384728439,463,10186,False,"H5c : test de Wald joint de nullité des coefficients pré avec covariance des fonctions d'influence, df = 7 ; fenêtre 2003-2024 ; 463 traitées, 0 jamais traitées sur la fenêtre",pre_test,0.0,463.0,0.0,0.0,2003.0,2024.0,2003.0,2022.0,463.0,5.0,dr,,,,,,7.0,
h6,H6,H6,"log(naissances+0,5 / 1 000 f. 15-49)",grande région : Nordeste,cs,-8,-0.0098838996790846,0.0097362364446682,-0.0289665724556007,0.0091987730974314,0.3100265348311857,1794,39468,False,"spécification primaire sur le sous-groupe ; covariables : log_pop, share_women_1549, level_pre, pretrend_pre (doublement robuste) ; contrôle = not_yet_treated ; fenêtre 2003-2024 ; 1794 traitées, 0 jamais traitées sur la fenêtre ; ATT(g,t) identifiés jusqu'en 2022 (sans unité jamais traitée, la dernière cohorte sert de contrôle)",event,0.0,1794.0,0.0,0.0,2003.0,2024.0,2003.0,2022.0,1794.0,5.0,dr,9.0,1788.0,,,,,
h6,H6,H6,"log(naissances+0,5 / 1 000 f. 15-49)",grande région : Nordeste,cs,-7,-0.0034539300062644,0.0095960417449598,-0.0222618262205286,0.0153539662079996,0.7188974008432361,1794,39468,False,"spécification primaire sur le sous-groupe ; covariables : log_pop, share_women_1549, level_pre, pretrend_pre (doublement robuste) ; contrôle = not_yet_treated ; fenêtre 2003-2024 ; 1794 traitées, 0 jamais traitées sur la fenêtre ; ATT(g,t) identifiés jusqu'en 2022 (sans unité jamais traitée, la dernière cohorte sert de contrôle)",event,0.0,1794.0,0.0,0.0,2003.0,2024.0,2003.0,2022.0,1794.0,5.0,dr,9.0,1788.0,,,,,
h6,H6,H6,"log(naissances+0,5 / 1 000 f. 15-49)",grande région : Nordeste,cs,-6,-0.0073009746504713,0.0099441307539857,-0.0267911127858405,0.0121891634848978,0.4628272303125178,1794,39468,False,"spécification primaire sur le sous-groupe ; covariables : log_pop, share_women_1549, level_pre, pretrend_pre (doublement robuste) ; contrôle = not_yet_treated ; fenêtre 2003-2024 ; 1794 traitées, 0 jamais traitées sur la fenêtre ; ATT(g,t) identifiés jusqu'en 2022 (sans unité jamais traitée, la dernière cohorte sert de contrôle)",event,0.0,1794.0,0.0,0.0,2003.0,2024.0,2003.0,2022.0,1794.0,5.0,dr,9.0,1788.0,,,,,
h6,H6,H6,"log(naissances+0,5 / 1 000 f. 15-49)",grande région : Nordeste,cs,-5,-0.0309824924317042,0.0106982814504003,-0.0519507387709618,-0.0100142460924465,0.0037792207823055,1794,39468,False,"spécification primaire sur le sous-groupe ; covariables : log_pop, share_women_1549, level_pre, pretrend_pre (doublement robuste) ; contrôle = not_yet_treated ; fenêtre 2003-2024 ; 1794 traitées, 0 jamais traitées sur la fenêtre ; ATT(g,t) identifiés jusqu'en 2022 (sans unité jamais traitée, la dernière cohorte sert de contrôle)",event,0.0,1794.0,0.0,0.0,2003.0,2024.0,2003.0,2022.0,1794.0,5.0,dr,9.0,1788.0,,,,,
h6,H6,H6,"log(naissances+0,5 / 1 000 f. 15-49)",grande région : Nordeste,cs,-4,-0.0078252341901682,0.0091727386453931,-0.0258034715747375,0.010153003194401,0.3936056134830421,1794,39468,False,"spécification primaire sur le sous-groupe ; covariables : log_pop, share_women_1549, level_pre, pretrend_pre (doublement robuste) ; contrôle = not_yet_treated ; fenêtre 2003-2024 ; 1794 traitées, 0 jamais traitées sur la fenêtre ; ATT(g,t) identifiés jusqu'en 2022 (sans unité jamais traitée, la dernière cohorte sert de contrôle)",event,0.0,1794.0,0.0,0.0,2003.0,2024.0,2003.0,2022.0,1794.0,5.0,dr,9.0,1788.0,,,,,
h6,H6,H6,"log(naissances+0,5 / 1 000 f. 15-49)",grande région : Nordeste,cs,-3,0.0015689893924399,0.0079346954072235,-0.0139827278340136,0.0171207066188934,0.8432501958275258,1794,39468,False,"spécification primaire sur le sous-groupe ; covariables : log_pop, share_women_1549, level_pre, pretrend_pre (doublement robuste) ; contrôle = not_yet_treated ; fenêtre 2003-2024 ; 1794 traitées, 0 jamais traitées sur la fenêtre ; ATT(g,t) identifiés jusqu'en 2022 (sans unité jamais traitée, la dernière cohorte sert de contrôle)",event,0.0,1794.0,0.0,0.0,2003.0,2024.0,2003.0,2022.0,1794.0,5.0,dr,9.0,1788.0,,,,,
h6,H6,H6,"log(naissances+0,5 / 1 000 f. 15-49)",grande région : Nordeste,cs,-2,0.0083127782994935,0.0069699899562631,-0.0053481509873881,0.0219737075863753,0.2330053633889146,1794,39468,False,"spécification primaire sur le sous-groupe ; covariables : log_pop, share_women_1549, level_pre, pretrend_pre (doublement robuste) ; contrôle = not_yet_treated ; fenêtre 2003-2024 ; 1794 traitées, 0 jamais traitées sur la fenêtre ; ATT(g,t) identifiés jusqu'en 2022 (sans unité jamais traitée, la dernière cohorte sert de contrôle)",event,0.0,1794.0,0.0,0.0,2003.0,2024.0,2003.0,2022.0,1794.0,5.0,dr,9.0,1788.0,,,,,
h6,H6,H6,"log(naissances+0,5 / 1 000 f. 15-49)",grande région : Nordeste,cs,0,-0.0061486678302347,0.0068379939425654,-0.019550889684166,0.0072535540236965,0.3685505268828946,1794,39468,False,"spécification primaire sur le sous-groupe ; covariables : log_pop, share_women_1549, level_pre, pretrend_pre (doublement robuste) ; contrôle = not_yet_treated ; fenêtre 2003-2024 ; 1794 traitées, 0 jamais traitées sur la fenêtre ; ATT(g,t) identifiés jusqu'en 2022 (sans unité jamais traitée, la dernière cohorte sert de contrôle)",event,0.0,1794.0,0.0,0.0,2003.0,2024.0,2003.0,2022.0,1794.0,5.0,dr,9.0,1788.0,,,,,
h6,H6,H6,"log(naissances+0,5 / 1 000 f. 15-49)",grande région : Nordeste,cs,1,-0.0168349783117634,0.0115306303450591,-0.0394345985071241,0.0057646418835972,0.1442839244008211,1794,39468,False,"spécification primaire sur le sous-groupe ; covariables : log_pop, share_women_1549, level_pre, pretrend_pre (doublement robuste) ; contrôle = not_yet_treated ; fenêtre 2003-2024 ; 1794 traitées, 0 jamais traitées sur la fenêtre ; ATT(g,t) identifiés jusqu'en 2022 (sans unité jamais traitée, la dernière cohorte sert de contrôle)",event,0.0,1794.0,0.0,0.0,2003.0,2024.0,2003.0,2022.0,1794.0,5.0,dr,8.0,1764.0,,,,,
h6,H6,H6,"log(naissances+0,5 / 1 000 f. 15-49)",grande région : Nordeste,cs,2,-0.0059646698570336,0.0135578652173592,-0.0325375973903062,0.0206082576762388,0.6599793549634914,1794,39468,False,"spécification primaire sur le sous-groupe ; covariables : log_pop, share_women_1549, level_pre, pretrend_pre (doublement robuste) ; contrôle = not_yet_treated ; fenêtre 2003-2024 ; 1794 traitées, 0 jamais traitées sur la fenêtre ; ATT(g,t) identifiés jusqu'en 2022 (sans unité jamais traitée, la dernière cohorte sert de contrôle)",event,0.0,1794.0,0.0,0.0,2003.0,2024.0,2003.0,2022.0,1794.0,5.0,dr,7.0,1656.0,,,,,
h6,H6,H6,"log(naissances+0,5 / 1 000 f. 15-49)",grande région : Nordeste,cs,3,0.0215460292865735,0.0171259788874893,-0.0120202725328989,0.055112331106046,0.2083590720120514,1794,39468,False,"spécification primaire sur le sous-groupe ; covariables : log_pop, share_women_1549, level_pre, pretrend_pre (doublement robuste) ; contrôle = not_yet_treated ; fenêtre 2003-2024 ; 1794 traitées, 0 jamais traitées sur la fenêtre ; ATT(g,t) identifiés jusqu'en 2022 (sans unité jamais traitée, la dernière cohorte sert de contrôle)",event,0.0,1794.0,0.0,0.0,2003.0,2024.0,2003.0,2022.0,1794.0,5.0,dr,6.0,1443.0,,,,,
h6,H6,H6,"log(naissances+0,5 / 1 000 f. 15-49)",grande région : Nordeste,cs,4,0.0043495096017273,0.0262067317778339,-0.0470147408353286,0.0557137600387833,0.8681812100106828,1794,39468,False,"spécification primaire sur le sous-groupe ; covariables : log_pop, share_women_1549, level_pre, pretrend_pre (doublement robuste) ; contrôle = not_yet_treated ; fenêtre 2003-2024 ; 1794 traitées, 0 jamais traitées sur la fenêtre ; ATT(g,t) identifiés jusqu'en 2022 (sans unité jamais traitée, la dernière cohorte sert de contrôle)",event,0.0,1794.0,0.0,0.0,2003.0,2024.0,2003.0,2022.0,1794.0,5.0,dr,5.0,1288.0,,,,,
h6,H6,H6,"log(naissances+0,5 / 1 000 f. 15-49)",grande région : Nordeste,cs,5,0.0020621423786305,0.0292287980686066,-0.0552252491472323,0.0593495339044934,0.943754525533609,1794,39468,False,"spécification primaire sur le sous-groupe ; covariables : log_pop, share_women_1549, level_pre, pretrend_pre (doublement robuste) ; contrôle = not_yet_treated ; fenêtre 2003-2024 ; 1794 traitées, 0 jamais traitées sur la fenêtre ; ATT(g,t) identifiés jusqu'en 2022 (sans unité jamais traitée, la dernière cohorte sert de contrôle)",event,0.0,1794.0,0.0,0.0,2003.0,2024.0,2003.0,2022.0,1794.0,5.0,dr,4.0,1040.0,,,,,
h6,H6,H6,"log(naissances+0,5 / 1 000 f. 15-49)",grande région : Nordeste,cs,6,3.717517794487452e-05,0.0943445370161749,-0.1848747195118639,0.1849490698677536,0.9996856044801548,1794,39468,False,"spécification primaire sur le sous-groupe ; covariables : log_pop, share_women_1549, level_pre, pretrend_pre (doublement robuste) ; contrôle = not_yet_treated ; fenêtre 2003-2024 ; 1794 traitées, 0 jamais traitées sur la fenêtre ; ATT(g,t) identifiés jusqu'en 2022 (sans unité jamais traitée, la dernière cohorte sert de contrôle)",event,0.0,1794.0,0.0,0.0,2003.0,2024.0,2003.0,2022.0,1794.0,5.0,dr,3.0,115.0,,,,,
h6,H6,H6,"log(naissances+0,5 / 1 000 f. 15-49)",grande région : Nordeste,cs,"ATT[1,5]",0.0010316066196268,0.0116458195589584,-0.0217937802863838,0.0238569935256375,0.9294143436441036,1794,39468,False,"spécification primaire sur le sous-groupe ; covariables : log_pop, share_women_1549, level_pre, pretrend_pre (doublement robuste) ; contrôle = not_yet_treated ; fenêtre 2003-2024 ; 1794 traitées, 0 jamais traitées sur la fenêtre ; ATT(g,t) identifiés jusqu'en 2022 (sans unité jamais traitée, la dernière cohorte sert de contrôle) ; écart-type avec covariance complète des coefficients (fonctions d'influence)",post_avg,0.0,1794.0,0.0,0.0,2003.0,2024.0,2003.0,2022.0,1794.0,5.0,dr,,,,,5.0,,
h6,H6,H6,"log(naissances+0,5 / 1 000 f. 15-49)",grande région : Nordeste,cs,ATT,-0.0013383454012215,0.0092048684266051,-0.0193795559997975,0.0167028651973544,0.8843987071150127,1794,39468,False,"spécification primaire sur le sous-groupe ; covariables : log_pop, share_women_1549, level_pre, pretrend_pre (doublement robuste) ; contrôle = not_yet_treated ; fenêtre 2003-2024 ; 1794 traitées, 0 jamais traitées sur la fenêtre ; ATT(g,t) identifiés jusqu'en 2022 (sans unité jamais traitée, la dernière cohorte sert de contrôle) ; moyenne de tous les ATT(g,t) post",simple,0.0,1794.0,0.0,0.0,2003.0,2024.0,2003.0,2022.0,1794.0,5.0,dr,,,,,,,
h6,H6,H6,"log(naissances+0,5 / 1 000 f. 15-49)",grande région : Nordeste,cs,Wald pré (-8..-2),17.60699714344047,,,,0.0138747460628919,1794,39468,False,"H5c : test de Wald joint de nullité des coefficients pré avec covariance des fonctions d'influence, df = 7 ; fenêtre 2003-2024 ; 1794 traitées, 0 jamais traitées sur la fenêtre",pre_test,0.0,1794.0,0.0,0.0,2003.0,2024.0,2003.0,2022.0,1794.0,5.0,dr,,,,,,7.0,
h6,H6,H6,"log(naissances+0,5 / 1 000 f. 15-49)",grande région : Norte,cs,-8,-0.0397866153426154,0.0191440041090775,-0.0773081739162942,-0.0022650567689366,0.0376835077978595,448,9856,False,"spécification primaire sur le sous-groupe ; covariables : log_pop, share_women_1549, level_pre, pretrend_pre (doublement robuste) ; contrôle = not_yet_treated ; fenêtre 2003-2024 ; 448 traitées, 0 jamais traitées sur la fenêtre ; ATT(g,t) identifiés jusqu'en 2022 (sans unité jamais traitée, la dernière cohorte sert de contrôle)",event,0.0,448.0,0.0,0.0,2003.0,2024.0,2003.0,2022.0,448.0,5.0,dr,9.0,432.0,,,,,
h6,H6,H6,"log(naissances+0,5 / 1 000 f. 15-49)",grande région : Norte,cs,-7,-0.0042399361988497,0.0186160839530003,-0.0407267902799043,0.0322469178822049,0.8198354592595853,448,9856,False,"spécification primaire sur le sous-groupe ; covariables : log_pop, share_women_1549, level_pre, pretrend_pre (doublement robuste) ; contrôle = not_yet_treated ; fenêtre 2003-2024 ; 448 traitées, 0 jamais traitées sur la fenêtre ; ATT(g,t) identifiés jusqu'en 2022 (sans unité jamais traitée, la dernière cohorte sert de contrôle)",event,0.0,448.0,0.0,0.0,2003.0,2024.0,2003.0,2022.0,448.0,5.0,dr,9.0,432.0,,,,,
h6,H6,H6,"log(naissances+0,5 / 1 000 f. 15-49)",grande région : Norte,cs,-6,0.0004200614817406,0.017929033825532,-0.0347201990939024,0.0355603220573838,0.9813079771209676,448,9856,False,"spécification primaire sur le sous-groupe ; covariables : log_pop, share_women_1549, level_pre, pretrend_pre (doublement robuste) ; contrôle = not_yet_treated ; fenêtre 2003-2024 ; 448 traitées, 0 jamais traitées sur la fenêtre ; ATT(g,t) identifiés jusqu'en 2022 (sans unité jamais traitée, la dernière cohorte sert de contrôle)",event,0.0,448.0,0.0,0.0,2003.0,2024.0,2003.0,2022.0,448.0,5.0,dr,9.0,432.0,,,,,
h6,H6,H6,"log(naissances+0,5 / 1 000 f. 15-49)",grande région : Norte,cs,-5,0.0094731511946283,0.0179660427726807,-0.0257396455845321,0.0446859479737888,0.5979985362652838,448,9856,False,"spécification primaire sur le sous-groupe ; covariables : log_pop, share_women_1549, level_pre, pretrend_pre (doublement robuste) ; contrôle = not_yet_treated ; fenêtre 2003-2024 ; 448 traitées, 0 jamais traitées sur la fenêtre ; ATT(g,t) identifiés jusqu'en 2022 (sans unité jamais traitée, la dernière cohorte sert de contrôle)",event,0.0,448.0,0.0,0.0,2003.0,2024.0,2003.0,2022.0,448.0,5.0,dr,9.0,432.0,,,,,
h6,H6,H6,"log(naissances+0,5 / 1 000 f. 15-49)",grande région : Norte,cs,-4,-0.0093323200828183,0.0157872334436278,-0.0402747290478552,0.0216100888822185,0.5544327780782314,448,9856,False,"spécification primaire sur le sous-groupe ; covariables : log_pop, share_women_1549, level_pre, pretrend_pre (doublement robuste) ; contrôle = not_yet_treated ; fenêtre 2003-2024 ; 448 traitées, 0 jamais traitées sur la fenêtre ; ATT(g,t) identifiés jusqu'en 2022 (sans unité jamais traitée, la dernière cohorte sert de contrôle)",event,0.0,448.0,0.0,0.0,2003.0,2024.0,2003.0,2022.0,448.0,5.0,dr,9.0,432.0,,,,,
h6,H6,H6,"log(naissances+0,5 / 1 000 f. 15-49)",grande région : Norte,cs,-3,-0.0051500885127701,0.0162744428065737,-0.0370474102821116,0.0267472332565712,0.7516590547936423,448,9856,False,"spécification primaire sur le sous-groupe ; covariables : log_pop, share_women_1549, level_pre, pretrend_pre (doublement robuste) ; contrôle = not_yet_treated ; fenêtre 2003-2024 ; 448 traitées, 0 jamais traitées sur la fenêtre ; ATT(g,t) identifiés jusqu'en 2022 (sans unité jamais traitée, la dernière cohorte sert de contrôle)",event,0.0,448.0,0.0,0.0,2003.0,2024.0,2003.0,2022.0,448.0,5.0,dr,9.0,432.0,,,,,
h6,H6,H6,"log(naissances+0,5 / 1 000 f. 15-49)",grande région : Norte,cs,-2,-0.0089936636722342,0.0140380583753133,-0.0365077525007192,0.0185204251562507,0.5217417009095854,448,9856,False,"spécification primaire sur le sous-groupe ; covariables : log_pop, share_women_1549, level_pre, pretrend_pre (doublement robuste) ; contrôle = not_yet_treated ; fenêtre 2003-2024 ; 448 traitées, 0 jamais traitées sur la fenêtre ; ATT(g,t) identifiés jusqu'en 2022 (sans unité jamais traitée, la dernière cohorte sert de contrôle)",event,0.0,448.0,0.0,0.0,2003.0,2024.0,2003.0,2022.0,448.0,5.0,dr,9.0,432.0,,,,,
h6,H6,H6,"log(naissances+0,5 / 1 000 f. 15-49)",grande région : Norte,cs,0,0.0051913634119207,0.013480504530737,-0.0212299399617529,0.0316126667855943,0.7001621674576011,448,9856,False,"spécification primaire sur le sous-groupe ; covariables : log_pop, share_women_1549, level_pre, pretrend_pre (doublement robuste) ; contrôle = not_yet_treated ; fenêtre 2003-2024 ; 448 traitées, 0 jamais traitées sur la fenêtre ; ATT(g,t) identifiés jusqu'en 2022 (sans unité jamais traitée, la dernière cohorte sert de contrôle)",event,0.0,448.0,0.0,0.0,2003.0,2024.0,2003.0,2022.0,448.0,5.0,dr,9.0,432.0,,,,,
h6,H6,H6,"log(naissances+0,5 / 1 000 f. 15-49)",grande région : Norte,cs,1,0.0133435982416883,0.023182518194079,-0.032093302489651,0.0587804989730277,0.564893141085,448,9856,False,"spécification primaire sur le sous-groupe ; covariables : log_pop, share_women_1549, level_pre, pretrend_pre (doublement robuste) ; contrôle = not_yet_treated ; fenêtre 2003-2024 ; 448 traitées, 0 jamais traitées sur la fenêtre ; ATT(g,t) identifiés jusqu'en 2022 (sans unité jamais traitée, la dernière cohorte sert de contrôle)",event,0.0,448.0,0.0,0.0,2003.0,2024.0,2003.0,2022.0,448.0,5.0,dr,8.0,420.0,,,,,
h6,H6,H6,"log(naissances+0,5 / 1 000 f. 15-49)",grande région : Norte,cs,2,0.0179701256352771,0.0328370696399783,-0.0463893482169141,0.0823295994874683,0.584206167955942,448,9856,False,"spécification primaire sur le sous-groupe ; covariables : log_pop, share_women_1549, level_pre, pretrend_pre (doublement robuste) ; contrôle = not_yet_treated ; fenêtre 2003-2024 ; 448 traitées, 0 jamais traitées sur la fenêtre ; ATT(g,t) identifiés jusqu'en 2022 (sans unité jamais traitée, la dernière cohorte sert de contrôle)",event,0.0,448.0,0.0,0.0,2003.0,2024.0,2003.0,2022.0,448.0,5.0,dr,7.0,405.0,,,,,
h6,H6,H6,"log(naissances+0,5 / 1 000 f. 15-49)",grande région : Norte,cs,3,-0.0687548085787555,0.0444700623114706,-0.15591452909949,0.0184049119419788,0.1220823451640619,448,9856,False,"spécification primaire sur le sous-groupe ; covariables : log_pop, share_women_1549, level_pre, pretrend_pre (doublement robuste) ; contrôle = not_yet_treated ; fenêtre 2003-2024 ; 448 traitées, 0 jamais traitées sur la fenêtre ; ATT(g,t) identifiés jusqu'en 2022 (sans unité jamais traitée, la dernière cohorte sert de contrôle)",event,0.0,448.0,0.0,0.0,2003.0,2024.0,2003.0,2022.0,448.0,5.0,dr,6.0,382.0,,,,,
h6,H6,H6,"log(naissances+0,5 / 1 000 f. 15-49)",grande région : Norte,cs,4,-0.1139082388799932,0.0868053327869651,-0.2840435648084589,0.0562270870484723,0.1894437974592643,448,9856,False,"spécification primaire sur le sous-groupe ; covariables : log_pop, share_women_1549, level_pre, pretrend_pre (doublement robuste) ; contrôle = not_yet_treated ; fenêtre 2003-2024 ; 448 traitées, 0 jamais traitées sur la fenêtre ; ATT(g,t) identifiés jusqu'en 2022 (sans unité jamais traitée, la dernière cohorte sert de contrôle)",event,0.0,448.0,0.0,0.0,2003.0,2024.0,2003.0,2022.0,448.0,5.0,dr,5.0,294.0,,,,,
h6,H6,H6,"log(naissances+0,5 / 1 000 f. 15-49)",grande région : Norte,cs,5,-0.175590018240017,0.1467861935034608,-0.4632856709345275,0.1121056344544934,0.2316068965275958,448,9856,False,"spécification primaire sur le sous-groupe ; covariables : log_pop, share_women_1549, level_pre, pretrend_pre (doublement robuste) ; contrôle = not_yet_treated ; fenêtre 2003-2024 ; 448 traitées, 0 jamais traitées sur la fenêtre ; ATT(g,t) identifiés jusqu'en 2022 (sans unité jamais traitée, la dernière cohorte sert de contrôle)",event,0.0,448.0,0.0,0.0,2003.0,2024.0,2003.0,2022.0,448.0,5.0,dr,4.0,232.0,,,,,
h6,H6,H6,"log(naissances+0,5 / 1 000 f. 15-49)",grande région : Norte,cs,"ATT[1,5]",-0.06538786836436,0.0532853585804557,-0.1698252520853557,0.0390495153566355,0.2197751000018722,448,9856,False,"spécification primaire sur le sous-groupe ; covariables : log_pop, share_women_1549, level_pre, pretrend_pre (doublement robuste) ; contrôle = not_yet_treated ; fenêtre 2003-2024 ; 448 traitées, 0 jamais traitées sur la fenêtre ; ATT(g,t) identifiés jusqu'en 2022 (sans unité jamais traitée, la dernière cohorte sert de contrôle) ; écart-type avec covariance complète des coefficients (fonctions d'influence)",post_avg,0.0,448.0,0.0,0.0,2003.0,2024.0,2003.0,2022.0,448.0,5.0,dr,,,,,5.0,,
h6,H6,H6,"log(naissances+0,5 / 1 000 f. 15-49)",grande région : Norte,cs,ATT,-0.0319907595714811,0.032365883156135,-0.0954267248853374,0.0314452057423751,0.3229519373550508,448,9856,False,"spécification primaire sur le sous-groupe ; covariables : log_pop, share_women_1549, level_pre, pretrend_pre (doublement robuste) ; contrôle = not_yet_treated ; fenêtre 2003-2024 ; 448 traitées, 0 jamais traitées sur la fenêtre ; ATT(g,t) identifiés jusqu'en 2022 (sans unité jamais traitée, la dernière cohorte sert de contrôle) ; moyenne de tous les ATT(g,t) post",simple,0.0,448.0,0.0,0.0,2003.0,2024.0,2003.0,2022.0,448.0,5.0,dr,,,,,,,
h6,H6,H6,"log(naissances+0,5 / 1 000 f. 15-49)",grande région : Norte,cs,Wald pré (-8..-2),10.519009966517542,,,,0.1610190266778074,448,9856,False,"H5c : test de Wald joint de nullité des coefficients pré avec covariance des fonctions d'influence, df = 7 ; fenêtre 2003-2024 ; 448 traitées, 0 jamais traitées sur la fenêtre",pre_test,0.0,448.0,0.0,0.0,2003.0,2024.0,2003.0,2022.0,448.0,5.0,dr,,,,,,7.0,
h6,H6,H6,"log(naissances+0,5 / 1 000 f. 15-49)",grande région : Sudeste,cs,-8,-0.0087355403314169,0.0197925659815041,-0.0475282568167977,0.0300571761539639,0.6589562935240971,1668,36696,False,"spécification primaire sur le sous-groupe ; covariables : log_pop, share_women_1549, level_pre, pretrend_pre (doublement robuste) ; contrôle = not_yet_treated ; fenêtre 2003-2024 ; 1668 traitées, 0 jamais traitées sur la fenêtre ; ATT(g,t) identifiés jusqu'en 2021 (sans unité jamais traitée, la dernière cohorte sert de contrôle)",event,0.0,1668.0,0.0,0.0,2003.0,2024.0,2003.0,2021.0,1668.0,5.0,dr,8.0,1665.0,,,,,
h6,H6,H6,"log(naissances+0,5 / 1 000 f. 15-49)",grande région : Sudeste,cs,-7,-0.0383320535596638,0.0121963326762805,-0.0622364263486428,-0.0144276807706849,0.0016727362679992,1668,36696,False,"spécification primaire sur le sous-groupe ; covariables : log_pop, share_women_1549, level_pre, pretrend_pre (doublement robuste) ; contrôle = not_yet_treated ; fenêtre 2003-2024 ; 1668 traitées, 0 jamais traitées sur la fenêtre ; ATT(g,t) identifiés jusqu'en 2021 (sans unité jamais traitée, la dernière cohorte sert de contrôle)",event,0.0,1668.0,0.0,0.0,2003.0,2024.0,2003.0,2021.0,1668.0,5.0,dr,8.0,1665.0,,,,,
h6,H6,H6,"log(naissances+0,5 / 1 000 f. 15-49)",grande région : Sudeste,cs,-6,-0.030801112138471,0.0103986830086091,-0.0511821563219936,-0.0104200679549485,0.0030562744465481,1668,36696,False,"spécification primaire sur le sous-groupe ; covariables : log_pop, share_women_1549, level_pre, pretrend_pre (doublement robuste) ; contrôle = not_yet_treated ; fenêtre 2003-2024 ; 1668 traitées, 0 jamais traitées sur la fenêtre ; ATT(g,t) identifiés jusqu'en 2021 (sans unité jamais traitée, la dernière cohorte sert de contrôle)",event,0.0,1668.0,0.0,0.0,2003.0,2024.0,2003.0,2021.0,1668.0,5.0,dr,8.0,1665.0,,,,,
h6,H6,H6,"log(naissances+0,5 / 1 000 f. 15-49)",grande région : Sudeste,cs,-5,-0.0157627496822853,0.0162849583815334,-0.0476806815998246,0.0161551822352538,0.3330777995302048,1668,36696,False,"spécification primaire sur le sous-groupe ; covariables : log_pop, share_women_1549, level_pre, pretrend_pre (doublement robuste) ; contrôle = not_yet_treated ; fenêtre 2003-2024 ; 1668 traitées, 0 jamais traitées sur la fenêtre ; ATT(g,t) identifiés jusqu'en 2021 (sans unité jamais traitée, la dernière cohorte sert de contrôle)",event,0.0,1668.0,0.0,0.0,2003.0,2024.0,2003.0,2021.0,1668.0,5.0,dr,8.0,1665.0,,,,,
h6,H6,H6,"log(naissances+0,5 / 1 000 f. 15-49)",grande région : Sudeste,cs,-4,-0.0041560244688557,0.0185089780377356,-0.0404329548134603,0.0321209058757489,0.8223363665574848,1668,36696,False,"spécification primaire sur le sous-groupe ; covariables : log_pop, share_women_1549, level_pre, pretrend_pre (doublement robuste) ; contrôle = not_yet_treated ; fenêtre 2003-2024 ; 1668 traitées, 0 jamais traitées sur la fenêtre ; ATT(g,t) identifiés jusqu'en 2021 (sans unité jamais traitée, la dernière cohorte sert de contrôle)",event,0.0,1668.0,0.0,0.0,2003.0,2024.0,2003.0,2021.0,1668.0,5.0,dr,8.0,1665.0,,,,,
h6,H6,H6,"log(naissances+0,5 / 1 000 f. 15-49)",grande région : Sudeste,cs,-3,-0.0092944033788735,0.0087618608109303,-0.0264673350058499,0.0078785282481028,0.2887900662636884,1668,36696,False,"spécification primaire sur le sous-groupe ; covariables : log_pop, share_women_1549, level_pre, pretrend_pre (doublement robuste) ; contrôle = not_yet_treated ; fenêtre 2003-2024 ; 1668 traitées, 0 jamais traitées sur la fenêtre ; ATT(g,t) identifiés jusqu'en 2021 (sans unité jamais traitée, la dernière cohorte sert de contrôle)",event,0.0,1668.0,0.0,0.0,2003.0,2024.0,2003.0,2021.0,1668.0,5.0,dr,8.0,1665.0,,,,,
h6,H6,H6,"log(naissances+0,5 / 1 000 f. 15-49)",grande région : Sudeste,cs,-2,-0.009017532516733,0.0083000521656854,-0.0252853358312803,0.0072502707978141,0.2772831024862134,1668,36696,False,"spécification primaire sur le sous-groupe ; covariables : log_pop, share_women_1549, level_pre, pretrend_pre (doublement robuste) ; contrôle = not_yet_treated ; fenêtre 2003-2024 ; 1668 traitées, 0 jamais traitées sur la fenêtre ; ATT(g,t) identifiés jusqu'en 2021 (sans unité jamais traitée, la dernière cohorte sert de contrôle)",event,0.0,1668.0,0.0,0.0,2003.0,2024.0,2003.0,2021.0,1668.0,5.0,dr,8.0,1665.0,,,,,
h6,H6,H6,"log(naissances+0,5 / 1 000 f. 15-49)",grande région : Sudeste,cs,0,-0.0101902423819414,0.0102439704022273,-0.0302680554290014,0.0098875706651184,0.3198553611578042,1668,36696,False,"spécification primaire sur le sous-groupe ; covariables : log_pop, share_women_1549, level_pre, pretrend_pre (doublement robuste) ; contrôle = not_yet_treated ; fenêtre 2003-2024 ; 1668 traitées, 0 jamais traitées sur la fenêtre ; ATT(g,t) identifiés jusqu'en 2021 (sans unité jamais traitée, la dernière cohorte sert de contrôle)",event,0.0,1668.0,0.0,0.0,2003.0,2024.0,2003.0,2021.0,1668.0,5.0,dr,8.0,1665.0,,,,,
h6,H6,H6,"log(naissances+0,5 / 1 000 f. 15-49)",grande région : Sudeste,cs,1,0.0384422398838477,0.0338407773455526,-0.0278844649222744,0.1047689446899698,0.255967486954726,1668,36696,False,"spécification primaire sur le sous-groupe ; covariables : log_pop, share_women_1549, level_pre, pretrend_pre (doublement robuste) ; contrôle = not_yet_treated ; fenêtre 2003-2024 ; 1668 traitées, 0 jamais traitées sur la fenêtre ; ATT(g,t) identifiés jusqu'en 2021 (sans unité jamais traitée, la dernière cohorte sert de contrôle)",event,0.0,1668.0,0.0,0.0,2003.0,2024.0,2003.0,2021.0,1668.0,5.0,dr,7.0,1637.0,,,,,
h6,H6,H6,"log(naissances+0,5 / 1 000 f. 15-49)",grande région : Sudeste,cs,2,0.0460003737252197,0.0509635405673298,-0.0538863303113927,0.1458870777618321,0.3667311216002731,1668,36696,False,"spécification primaire sur le sous-groupe ; covariables : log_pop, share_women_1549, level_pre, pretrend_pre (doublement robuste) ; contrôle = not_yet_treated ; fenêtre 2003-2024 ; 1668 traitées, 0 jamais traitées sur la fenêtre ; ATT(g,t) identifiés jusqu'en 2021 (sans unité jamais traitée, la dernière cohorte sert de contrôle)",event,0.0,1668.0,0.0,0.0,2003.0,2024.0,2003.0,2021.0,1668.0,5.0,dr,6.0,1516.0,,,,,
h6,H6,H6,"log(naissances+0,5 / 1 000 f. 15-49)",grande région : Sudeste,cs,3,-0.0194764453908984,0.0530675262554188,-0.1234868856001529,0.0845339948183561,0.7136096952655634,1668,36696,False,"spécification primaire sur le sous-groupe ; covariables : log_pop, share_women_1549, level_pre, pretrend_pre (doublement robuste) ; contrôle = not_yet_treated ; fenêtre 2003-2024 ; 1668 traitées, 0 jamais traitées sur la fenêtre ; ATT(g,t) identifiés jusqu'en 2021 (sans unité jamais traitée, la dernière cohorte sert de contrôle)",event,0.0,1668.0,0.0,0.0,2003.0,2024.0,2003.0,2021.0,1668.0,5.0,dr,5.0,1457.0,,,,,
h6,H6,H6,"log(naissances+0,5 / 1 000 f. 15-49)",grande région : Sudeste,cs,4,0.2482233289444477,0.0518615835893787,0.1465764929280518,0.3498701649608436,1.699129182487736e-06,1668,36696,False,"spécification primaire sur le sous-groupe ; covariables : log_pop, share_women_1549, level_pre, pretrend_pre (doublement robuste) ; contrôle = not_yet_treated ; fenêtre 2003-2024 ; 1668 traitées, 0 jamais traitées sur la fenêtre ; ATT(g,t) identifiés jusqu'en 2021 (sans unité jamais traitée, la dernière cohorte sert de contrôle)",event,0.0,1668.0,0.0,0.0,2003.0,2024.0,2003.0,2021.0,1668.0,5.0,dr,4.0,1274.0,,,,,
h6,H6,H6,"log(naissances+0,5 / 1 000 f. 15-49)",grande région : Sudeste,cs,5,0.0461501618244244,0.0643378220401733,-0.0799496522180624,0.1722499758669114,0.4731828507737238,1668,36696,False,"spécification primaire sur le sous-groupe ; covariables : log_pop, share_women_1549, level_pre, pretrend_pre (doublement robuste) ; contrôle = not_yet_treated ; fenêtre 2003-2024 ; 1668 traitées, 0 jamais traitées sur la fenêtre ; ATT(g,t) identifiés jusqu'en 2021 (sans unité jamais traitée, la dernière cohorte sert de contrôle)",event,0.0,1668.0,0.0,0.0,2003.0,2024.0,2003.0,2021.0,1668.0,5.0,dr,3.0,595.0,,,,,
h6,H6,H6,"log(naissances+0,5 / 1 000 f. 15-49)",grande région : Sudeste,cs,6,-0.8136385891749031,0.3372769617084015,-1.474689286938465,-0.1525878914113412,0.0158489608642897,1668,36696,False,"spécification primaire sur le sous-groupe ; covariables : log_pop, share_women_1549, level_pre, pretrend_pre (doublement robuste) ; contrôle = not_yet_treated ; fenêtre 2003-2024 ; 1668 traitées, 0 jamais traitées sur la fenêtre ; ATT(g,t) identifiés jusqu'en 2021 (sans unité jamais traitée, la dernière cohorte sert de contrôle)",event,0.0,1668.0,0.0,0.0,2003.0,2024.0,2003.0,2021.0,1668.0,5.0,dr,2.0,273.0,,,,,
h6,H6,H6,"log(naissances+0,5 / 1 000 f. 15-49)",grande région : Sudeste,cs,"ATT[1,5]",0.0718679317974082,0.0363545487320388,0.0006143256084058,0.1431215379864106,0.0480572128901769,1668,36696,False,"spécification primaire sur le sous-groupe ; covariables : log_pop, share_women_1549, level_pre, pretrend_pre (doublement robuste) ; contrôle = not_yet_treated ; fenêtre 2003-2024 ; 1668 traitées, 0 jamais traitées sur la fenêtre ; ATT(g,t) identifiés jusqu'en 2021 (sans unité jamais traitée, la dernière cohorte sert de contrôle) ; écart-type avec covariance complète des coefficients (fonctions d'influence)",post_avg,0.0,1668.0,0.0,0.0,2003.0,2024.0,2003.0,2021.0,1668.0,5.0,dr,,,,,5.0,,
h6,H6,H6,"log(naissances+0,5 / 1 000 f. 15-49)",grande région : Sudeste,cs,ATT,0.0417906370503078,0.0290495679213467,-0.0151454698419818,0.0987267439425975,0.1502645827731367,1668,36696,False,"spécification primaire sur le sous-groupe ; covariables : log_pop, share_women_1549, level_pre, pretrend_pre (doublement robuste) ; contrôle = not_yet_treated ; fenêtre 2003-2024 ; 1668 traitées, 0 jamais traitées sur la fenêtre ; ATT(g,t) identifiés jusqu'en 2021 (sans unité jamais traitée, la dernière cohorte sert de contrôle) ; moyenne de tous les ATT(g,t) post",simple,0.0,1668.0,0.0,0.0,2003.0,2024.0,2003.0,2021.0,1668.0,5.0,dr,,,,,,,
h6,H6,H6,"log(naissances+0,5 / 1 000 f. 15-49)",grande région : Sudeste,cs,Wald pré (-8..-2),14.957207143583842,,,,0.0365518754866984,1668,36696,False,"H5c : test de Wald joint de nullité des coefficients pré avec covariance des fonctions d'influence, df = 7 ; fenêtre 2003-2024 ; 1668 traitées, 0 jamais traitées sur la fenêtre",pre_test,0.0,1668.0,0.0,0.0,2003.0,2024.0,2003.0,2021.0,1668.0,5.0,dr,,,,,,7.0,
h6,H6,H6,"log(naissances+0,5 / 1 000 f. 15-49)",grande région : Sul,cs,-8,-0.0173181378188765,0.0181294248478103,-0.0528511575810104,0.0182148819432573,0.3394511540730361,1185,26070,False,"spécification primaire sur le sous-groupe ; covariables : log_pop, share_women_1549, level_pre, pretrend_pre (doublement robuste) ; contrôle = not_yet_treated ; fenêtre 2003-2024 ; 1185 traitées, 0 jamais traitées sur la fenêtre ; ATT(g,t) identifiés jusqu'en 2022 (sans unité jamais traitée, la dernière cohorte sert de contrôle)",event,0.0,1185.0,0.0,0.0,2003.0,2024.0,2003.0,2022.0,1185.0,5.0,dr,9.0,1182.0,,,,,
h6,H6,H6,"log(naissances+0,5 / 1 000 f. 15-49)",grande région : Sul,cs,-7,-0.0081371300606677,0.0170728334451516,-0.0415992687272158,0.0253250086058803,0.6336379041896439,1185,26070,False,"spécification primaire sur le sous-groupe ; covariables : log_pop, share_women_1549, level_pre, pretrend_pre (doublement robuste) ; contrôle = not_yet_treated ; fenêtre 2003-2024 ; 1185 traitées, 0 jamais traitées sur la fenêtre ; ATT(g,t) identifiés jusqu'en 2022 (sans unité jamais traitée, la dernière cohorte sert de contrôle)",event,0.0,1185.0,0.0,0.0,2003.0,2024.0,2003.0,2022.0,1185.0,5.0,dr,9.0,1182.0,,,,,
h6,H6,H6,"log(naissances+0,5 / 1 000 f. 15-49)",grande région : Sul,cs,-6,-0.0042978749508035,0.0170873055090956,-0.0377883783414638,0.0291926284398567,0.8014086689515865,1185,26070,False,"spécification primaire sur le sous-groupe ; covariables : log_pop, share_women_1549, level_pre, pretrend_pre (doublement robuste) ; contrôle = not_yet_treated ; fenêtre 2003-2024 ; 1185 traitées, 0 jamais traitées sur la fenêtre ; ATT(g,t) identifiés jusqu'en 2022 (sans unité jamais traitée, la dernière cohorte sert de contrôle)",event,0.0,1185.0,0.0,0.0,2003.0,2024.0,2003.0,2022.0,1185.0,5.0,dr,9.0,1182.0,,,,,
h6,H6,H6,"log(naissances+0,5 / 1 000 f. 15-49)",grande région : Sul,cs,-5,0.0079015720425576,0.015690248028292,-0.0228507490013952,0.0386538930865105,0.614544143963693,1185,26070,False,"spécification primaire sur le sous-groupe ; covariables : log_pop, share_women_1549, level_pre, pretrend_pre (doublement robuste) ; contrôle = not_yet_treated ; fenêtre 2003-2024 ; 1185 traitées, 0 jamais traitées sur la fenêtre ; ATT(g,t) identifiés jusqu'en 2022 (sans unité jamais traitée, la dernière cohorte sert de contrôle)",event,0.0,1185.0,0.0,0.0,2003.0,2024.0,2003.0,2022.0,1185.0,5.0,dr,9.0,1182.0,,,,,
h6,H6,H6,"log(naissances+0,5 / 1 000 f. 15-49)",grande région : Sul,cs,-4,-0.0128157350619995,0.0158334400209624,-0.0438487072544611,0.0182172371304619,0.4182797016198164,1185,26070,False,"spécification primaire sur le sous-groupe ; covariables : log_pop, share_women_1549, level_pre, pretrend_pre (doublement robuste) ; contrôle = not_yet_treated ; fenêtre 2003-2024 ; 1185 traitées, 0 jamais traitées sur la fenêtre ; ATT(g,t) identifiés jusqu'en 2022 (sans unité jamais traitée, la dernière cohorte sert de contrôle)",event,0.0,1185.0,0.0,0.0,2003.0,2024.0,2003.0,2022.0,1185.0,5.0,dr,9.0,1182.0,,,,,
h6,H6,H6,"log(naissances+0,5 / 1 000 f. 15-49)",grande région : Sul,cs,-3,-0.0131564700531384,0.0165526273146094,-0.0455990234392868,0.0192860833330099,0.4267143205822148,1185,26070,False,"spécification primaire sur le sous-groupe ; covariables : log_pop, share_women_1549, level_pre, pretrend_pre (doublement robuste) ; contrôle = not_yet_treated ; fenêtre 2003-2024 ; 1185 traitées, 0 jamais traitées sur la fenêtre ; ATT(g,t) identifiés jusqu'en 2022 (sans unité jamais traitée, la dernière cohorte sert de contrôle)",event,0.0,1185.0,0.0,0.0,2003.0,2024.0,2003.0,2022.0,1185.0,5.0,dr,9.0,1182.0,,,,,
h6,H6,H6,"log(naissances+0,5 / 1 000 f. 15-49)",grande région : Sul,cs,-2,-0.0064382006624739,0.0147184396088391,-0.0352858122044263,0.0224094108794785,0.6618037865834067,1185,26070,False,"spécification primaire sur le sous-groupe ; covariables : log_pop, share_women_1549, level_pre, pretrend_pre (doublement robuste) ; contrôle = not_yet_treated ; fenêtre 2003-2024 ; 1185 traitées, 0 jamais traitées sur la fenêtre ; ATT(g,t) identifiés jusqu'en 2022 (sans unité jamais traitée, la dernière cohorte sert de contrôle)",event,0.0,1185.0,0.0,0.0,2003.0,2024.0,2003.0,2022.0,1185.0,5.0,dr,9.0,1182.0,,,,,
h6,H6,H6,"log(naissances+0,5 / 1 000 f. 15-49)",grande région : Sul,cs,0,0.0118818663801034,0.0174835396043993,-0.0223852415667989,0.0461489743270058,0.4967558545932329,1185,26070,False,"spécification primaire sur le sous-groupe ; covariables : log_pop, share_women_1549, level_pre, pretrend_pre (doublement robuste) ; contrôle = not_yet_treated ; fenêtre 2003-2024 ; 1185 traitées, 0 jamais traitées sur la fenêtre ; ATT(g,t) identifiés jusqu'en 2022 (sans unité jamais traitée, la dernière cohorte sert de contrôle)",event,0.0,1185.0,0.0,0.0,2003.0,2024.0,2003.0,2022.0,1185.0,5.0,dr,9.0,1182.0,,,,,
h6,H6,H6,"log(naissances+0,5 / 1 000 f. 15-49)",grande région : Sul,cs,1,0.0062846444296384,0.0192603918934369,-0.0314650300096251,0.0440343188689021,0.7441982305603452,1185,26070,False,"spécification primaire sur le sous-groupe ; covariables : log_pop, share_women_1549, level_pre, pretrend_pre (doublement robuste) ; contrôle = not_yet_treated ; fenêtre 2003-2024 ; 1185 traitées, 0 jamais traitées sur la fenêtre ; ATT(g,t) identifiés jusqu'en 2022 (sans unité jamais traitée, la dernière cohorte sert de contrôle)",event,0.0,1185.0,0.0,0.0,2003.0,2024.0,2003.0,2022.0,1185.0,5.0,dr,8.0,1178.0,,,,,
h6,H6,H6,"log(naissances+0,5 / 1 000 f. 15-49)",grande région : Sul,cs,2,-0.0803758651919908,0.0505221921633938,-0.1793975422522545,0.0186458118682727,0.1116315939358911,1185,26070,False,"spécification primaire sur le sous-groupe ; covariables : log_pop, share_women_1549, level_pre, pretrend_pre (doublement robuste) ; contrôle = not_yet_treated ; fenêtre 2003-2024 ; 1185 traitées, 0 jamais traitées sur la fenêtre ; ATT(g,t) identifiés jusqu'en 2022 (sans unité jamais traitée, la dernière cohorte sert de contrôle)",event,0.0,1185.0,0.0,0.0,2003.0,2024.0,2003.0,2022.0,1185.0,5.0,dr,7.0,1171.0,,,,,
h6,H6,H6,"log(naissances+0,5 / 1 000 f. 15-49)",grande région : Sul,cs,3,0.1614029683470758,0.1417803919235076,-0.1164814935369726,0.4392874302311244,0.2549529930816255,1185,26070,False,"spécification primaire sur le sous-groupe ; covariables : log_pop, share_women_1549, level_pre, pretrend_pre (doublement robuste) ; contrôle = not_yet_treated ; fenêtre 2003-2024 ; 1185 traitées, 0 jamais traitées sur la fenêtre ; ATT(g,t) identifiés jusqu'en 2022 (sans unité jamais traitée, la dernière cohorte sert de contrôle)",event,0.0,1185.0,0.0,0.0,2003.0,2024.0,2003.0,2022.0,1185.0,5.0,dr,6.0,1134.0,,,,,
h6,H6,H6,"log(naissances+0,5 / 1 000 f. 15-49)",grande région : Sul,cs,4,-0.3858768709226101,0.1117323368286331,-0.6048682270152292,-0.1668855148299909,0.0005531925587697,1185,26070,False,"spécification primaire sur le sous-groupe ; covariables : log_pop, share_women_1549, level_pre, pretrend_pre (doublement robuste) ; contrôle = not_yet_treated ; fenêtre 2003-2024 ; 1185 traitées, 0 jamais traitées sur la fenêtre ; ATT(g,t) identifiés jusqu'en 2022 (sans unité jamais traitée, la dernière cohorte sert de contrôle)",event,0.0,1185.0,0.0,0.0,2003.0,2024.0,2003.0,2022.0,1185.0,5.0,dr,5.0,1090.0,,,,,
h6,H6,H6,"log(naissances+0,5 / 1 000 f. 15-49)",grande région : Sul,cs,5,0.1985449822357679,0.0153116652633368,0.1685346697762947,0.2285552946952412,1.8847689350487078e-38,1185,26070,False,"spécification primaire sur le sous-groupe ; covariables : log_pop, share_women_1549, level_pre, pretrend_pre (doublement robuste) ; contrôle = not_yet_treated ; fenêtre 2003-2024 ; 1185 traitées, 0 jamais traitées sur la fenêtre ; ATT(g,t) identifiés jusqu'en 2022 (sans unité jamais traitée, la dernière cohorte sert de contrôle)",event,0.0,1185.0,0.0,0.0,2003.0,2024.0,2003.0,2022.0,1185.0,5.0,dr,4.0,975.0,,,,,
h6,H6,H6,"log(naissances+0,5 / 1 000 f. 15-49)",grande région : Sul,cs,"ATT[1,5]",-0.0200040282204237,0.0464779273610885,-0.111099091924226,0.0710910354833785,0.6669058175732772,1185,26070,False,"spécification primaire sur le sous-groupe ; covariables : log_pop, share_women_1549, level_pre, pretrend_pre (doublement robuste) ; contrôle = not_yet_treated ; fenêtre 2003-2024 ; 1185 traitées, 0 jamais traitées sur la fenêtre ; ATT(g,t) identifiés jusqu'en 2022 (sans unité jamais traitée, la dernière cohorte sert de contrôle) ; écart-type avec covariance complète des coefficients (fonctions d'influence)",post_avg,0.0,1185.0,0.0,0.0,2003.0,2024.0,2003.0,2022.0,1185.0,5.0,dr,,,,,5.0,,
h6,H6,H6,"log(naissances+0,5 / 1 000 f. 15-49)",grande région : Sul,cs,ATT,-0.0182912483743665,0.0394116972464889,-0.0955367555470814,0.0589542587983482,0.6425710177293327,1185,26070,False,"spécification primaire sur le sous-groupe ; covariables : log_pop, share_women_1549, level_pre, pretrend_pre (doublement robuste) ; contrôle = not_yet_treated ; fenêtre 2003-2024 ; 1185 traitées, 0 jamais traitées sur la fenêtre ; ATT(g,t) identifiés jusqu'en 2022 (sans unité jamais traitée, la dernière cohorte sert de contrôle) ; moyenne de tous les ATT(g,t) post",simple,0.0,1185.0,0.0,0.0,2003.0,2024.0,2003.0,2022.0,1185.0,5.0,dr,,,,,,,
h6,H6,H6,"log(naissances+0,5 / 1 000 f. 15-49)",grande région : Sul,cs,Wald pré (-8..-2),4.426453792028783,,,,0.7295544226354842,1185,26070,False,"H5c : test de Wald joint de nullité des coefficients pré avec covariance des fonctions d'influence, df = 7 ; fenêtre 2003-2024 ; 1185 traitées, 0 jamais traitées sur la fenêtre",pre_test,0.0,1185.0,0.0,0.0,2003.0,2024.0,2003.0,2022.0,1185.0,5.0,dr,,,,,,7.0,
h6,H6,H6,"log(naissances+0,5 / 1 000 f. 15-49) — population 2010 : tercile 1",unités avec covariables,cs,"ATT[1,5] (Holm)",-0.0512241612332795,0.0216022444775707,-0.0935637827285171,-0.008884539738042,0.0177283928096624,1853,40766,False,"p brut 0.0177, p Holm 0.1064 (famille : les 8 sous-groupes H6, 8 tests)",post_avg_holm,,,,,,,2003.0,2022.0,1853.0,5.0,,,,,,,,0.1063703568579748
h6,H6,H6,"log(naissances+0,5 / 1 000 f. 15-49) — population 2010 : tercile 2",unités avec covariables,cs,"ATT[1,5] (Holm)",-0.0532004364758111,0.0232828590263608,-0.0988340019845535,-0.0075668709670687,0.0223150853748223,1852,40744,False,"p brut 0.0223, p Holm 0.1116 (famille : les 8 sous-groupes H6, 8 tests)",post_avg_holm,,,,,,,2003.0,2022.0,1852.0,5.0,,,,,,,,0.1115754268741117
h6,H6,H6,"log(naissances+0,5 / 1 000 f. 15-49) — population 2010 : tercile 3",unités avec covariables,cs,"ATT[1,5] (Holm)",-0.2316676300916035,0.0393846773103974,-0.3088601797715993,-0.1544750804116078,4.049057910096236e-09,1853,40766,False,"p brut 0.0000, p Holm 0.0000 (famille : les 8 sous-groupes H6, 8 tests)",post_avg_holm,,,,,,,2003.0,2022.0,1853.0,5.0,,,,,,,,3.239246328076989e-08
h6,H6,H6,"log(naissances+0,5 / 1 000 f. 15-49) — grande région : Centro-Oeste",unités avec covariables,cs,"ATT[1,5] (Holm)",-0.1359546627130206,0.0391467587293881,-0.212680900539307,-0.0592284248867342,0.000514774823422,463,10186,False,"p brut 0.0005, p Holm 0.0036 (famille : les 8 sous-groupes H6, 8 tests)",post_avg_holm,,,,,,,2003.0,2022.0,463.0,5.0,,,,,,,,0.0036034237639542
h6,H6,H6,"log(naissances+0,5 / 1 000 f. 15-49) — grande région : Nordeste",unités avec covariables,cs,"ATT[1,5] (Holm)",0.0010316066196268,0.0116458195589584,-0.0217937804664275,0.0238569937056812,0.9294143436441036,1794,39468,False,"p brut 0.9294, p Holm 1.0000 (famille : les 8 sous-groupes H6, 8 tests)",post_avg_holm,,,,,,,2003.0,2022.0,1794.0,5.0,,,,,,,,1.0
h6,H6,H6,"log(naissances+0,5 / 1 000 f. 15-49) — grande région : Norte",unités avec covariables,cs,"ATT[1,5] (Holm)",-0.06538786836436,0.0532853585804557,-0.1698252529091444,0.0390495161804243,0.2197751000018722,448,9856,False,"p brut 0.2198, p Holm 0.6593 (famille : les 8 sous-groupes H6, 8 tests)",post_avg_holm,,,,,,,2003.0,2022.0,448.0,5.0,,,,,,,,0.6593253000056168
h6,H6,H6,"log(naissances+0,5 / 1 000 f. 15-49) — grande région : Sudeste",unités avec covariables,cs,"ATT[1,5] (Holm)",0.0718679317974082,0.0363545487320388,0.0006143250463665,0.14312153854845,0.0480572128901769,1668,36696,False,"p brut 0.0481, p Holm 0.1922 (famille : les 8 sous-groupes H6, 8 tests)",post_avg_holm,,,,,,,2003.0,2021.0,1668.0,5.0,,,,,,,,0.1922288515607076
h6,H6,H6,"log(naissances+0,5 / 1 000 f. 15-49) — grande région : Sul",unités avec covariables,cs,"ATT[1,5] (Holm)",-0.0200040282204237,0.0464779273610885,-0.1110990926427722,0.0710910362019247,0.6669058175732772,1185,26070,False,"p brut 0.6669, p Holm 1.0000 (famille : les 8 sous-groupes H6, 8 tests)",post_avg_holm,,,,,,,2003.0,2022.0,1185.0,5.0,,,,,,,,1.0
robust,robustesse,H1,"log(naissances+0,5 / 1 000 f. 15-49)",fenêtre 2008-2024,cs,-8,0.0365351782572676,0.0243366314462988,-0.0111637428825029,0.0842340993970383,0.1332929273799747,5558,94486,False," ; covariables : log_pop, share_women_1549, level_pre, pretrend_pre (doublement robuste) ; contrôle = not_yet_treated ; fenêtre 2008-2024 ; 5558 traitées, 0 jamais traitées sur la fenêtre ; ATT(g,t) identifiés jusqu'en 2022 (sans unité jamais traitée, la dernière cohorte sert de contrôle)",event,0.0,5558.0,0.0,0.0,2008.0,2024.0,2008.0,2022.0,5558.0,5.0,dr,7.0,5017.0,,,,,
robust,robustesse,H1,"log(naissances+0,5 / 1 000 f. 15-49)",fenêtre 2008-2024,cs,-7,0.1063182713749863,0.0699746947839274,-0.0308296102306942,0.2434661529806669,0.1286664432002391,5558,94486,False," ; covariables : log_pop, share_women_1549, level_pre, pretrend_pre (doublement robuste) ; contrôle = not_yet_treated ; fenêtre 2008-2024 ; 5558 traitées, 0 jamais traitées sur la fenêtre ; ATT(g,t) identifiés jusqu'en 2022 (sans unité jamais traitée, la dernière cohorte sert de contrôle)",event,0.0,5558.0,0.0,0.0,2008.0,2024.0,2008.0,2022.0,5558.0,5.0,dr,8.0,5311.0,,,,,
robust,robustesse,H1,"log(naissances+0,5 / 1 000 f. 15-49)",fenêtre 2008-2024,cs,-6,0.060419274944661,0.0355921123909293,-0.0093399834752622,0.1301785333645843,0.0895933392185884,5558,94486,False," ; covariables : log_pop, share_women_1549, level_pre, pretrend_pre (doublement robuste) ; contrôle = not_yet_treated ; fenêtre 2008-2024 ; 5558 traitées, 0 jamais traitées sur la fenêtre ; ATT(g,t) identifiés jusqu'en 2022 (sans unité jamais traitée, la dernière cohorte sert de contrôle)",event,0.0,5558.0,0.0,0.0,2008.0,2024.0,2008.0,2022.0,5558.0,5.0,dr,9.0,5498.0,,,,,
robust,robustesse,H1,"log(naissances+0,5 / 1 000 f. 15-49)",fenêtre 2008-2024,cs,-5,0.0281699544814603,0.020858701909131,-0.0127123500246932,0.069052258987614,0.1768513883570467,5558,94486,False," ; covariables : log_pop, share_women_1549, level_pre, pretrend_pre (doublement robuste) ; contrôle = not_yet_treated ; fenêtre 2008-2024 ; 5558 traitées, 0 jamais traitées sur la fenêtre ; ATT(g,t) identifiés jusqu'en 2022 (sans unité jamais traitée, la dernière cohorte sert de contrôle)",event,0.0,5558.0,0.0,0.0,2008.0,2024.0,2008.0,2022.0,5558.0,5.0,dr,9.0,5498.0,,,,,
robust,robustesse,H1,"log(naissances+0,5 / 1 000 f. 15-49)",fenêtre 2008-2024,cs,-4,0.0403994723900064,0.0267498099549157,-0.0120291917149193,0.0928281364949322,0.1309741914935606,5558,94486,False," ; covariables : log_pop, share_women_1549, level_pre, pretrend_pre (doublement robuste) ; contrôle = not_yet_treated ; fenêtre 2008-2024 ; 5558 traitées, 0 jamais traitées sur la fenêtre ; ATT(g,t) identifiés jusqu'en 2022 (sans unité jamais traitée, la dernière cohorte sert de contrôle)",event,0.0,5558.0,0.0,0.0,2008.0,2024.0,2008.0,2022.0,5558.0,5.0,dr,9.0,5498.0,,,,,
robust,robustesse,H1,"log(naissances+0,5 / 1 000 f. 15-49)",fenêtre 2008-2024,cs,-3,-0.0140067081462431,0.0169844863458161,-0.0472956896799551,0.0192822733874688,0.4095552303106287,5558,94486,False," ; covariables : log_pop, share_women_1549, level_pre, pretrend_pre (doublement robuste) ; contrôle = not_yet_treated ; fenêtre 2008-2024 ; 5558 traitées, 0 jamais traitées sur la fenêtre ; ATT(g,t) identifiés jusqu'en 2022 (sans unité jamais traitée, la dernière cohorte sert de contrôle)",event,0.0,5558.0,0.0,0.0,2008.0,2024.0,2008.0,2022.0,5558.0,5.0,dr,9.0,5498.0,,,,,
robust,robustesse,H1,"log(naissances+0,5 / 1 000 f. 15-49)",fenêtre 2008-2024,cs,-2,-0.0106032494536017,0.0116163055133766,-0.033370789893234,0.0121642909860305,0.361352910641655,5558,94486,False," ; covariables : log_pop, share_women_1549, level_pre, pretrend_pre (doublement robuste) ; contrôle = not_yet_treated ; fenêtre 2008-2024 ; 5558 traitées, 0 jamais traitées sur la fenêtre ; ATT(g,t) identifiés jusqu'en 2022 (sans unité jamais traitée, la dernière cohorte sert de contrôle)",event,0.0,5558.0,0.0,0.0,2008.0,2024.0,2008.0,2022.0,5558.0,5.0,dr,9.0,5498.0,,,,,
robust,robustesse,H1,"log(naissances+0,5 / 1 000 f. 15-49)",fenêtre 2008-2024,cs,0,0.0041000197788198,0.0065718469497987,-0.0087805635546951,0.0169806031123349,0.5327088039964715,5558,94486,False," ; covariables : log_pop, share_women_1549, level_pre, pretrend_pre (doublement robuste) ; contrôle = not_yet_treated ; fenêtre 2008-2024 ; 5558 traitées, 0 jamais traitées sur la fenêtre ; ATT(g,t) identifiés jusqu'en 2022 (sans unité jamais traitée, la dernière cohorte sert de contrôle)",event,0.0,5558.0,0.0,0.0,2008.0,2024.0,2008.0,2022.0,5558.0,5.0,dr,9.0,5498.0,,,,,
robust,robustesse,H1,"log(naissances+0,5 / 1 000 f. 15-49)",fenêtre 2008-2024,cs,1,0.0215977307859265,0.0269343062664696,-0.0311925394449255,0.0743880010167785,0.4226299093485168,5558,94486,False," ; covariables : log_pop, share_women_1549, level_pre, pretrend_pre (doublement robuste) ; contrôle = not_yet_treated ; fenêtre 2008-2024 ; 5558 traitées, 0 jamais traitées sur la fenêtre ; ATT(g,t) identifiés jusqu'en 2022 (sans unité jamais traitée, la dernière cohorte sert de contrôle)",event,0.0,5558.0,0.0,0.0,2008.0,2024.0,2008.0,2022.0,5558.0,5.0,dr,8.0,5438.0,,,,,
robust,robustesse,H1,"log(naissances+0,5 / 1 000 f. 15-49)",fenêtre 2008-2024,cs,2,0.0310307635705926,0.0261349024586507,-0.0201927039878301,0.0822542311290154,0.2350973308192162,5558,94486,False," ; covariables : log_pop, share_women_1549, level_pre, pretrend_pre (doublement robuste) ; contrôle = not_yet_treated ; fenêtre 2008-2024 ; 5558 traitées, 0 jamais traitées sur la fenêtre ; ATT(g,t) identifiés jusqu'en 2022 (sans unité jamais traitée, la dernière cohorte sert de contrôle)",event,0.0,5558.0,0.0,0.0,2008.0,2024.0,2008.0,2022.0,5558.0,5.0,dr,7.0,5268.0,,,,,
robust,robustesse,H1,"log(naissances+0,5 / 1 000 f. 15-49)",fenêtre 2008-2024,cs,3,-0.0110041537675424,0.0195267610745544,-0.0492759022083877,0.0272675946733028,0.5730657371432154,5558,94486,False," ; covariables : log_pop, share_women_1549, level_pre, pretrend_pre (doublement robuste) ; contrôle = not_yet_treated ; fenêtre 2008-2024 ; 5558 traitées, 0 jamais traitées sur la fenêtre ; ATT(g,t) identifiés jusqu'en 2022 (sans unité jamais traitée, la dernière cohorte sert de contrôle)",event,0.0,5558.0,0.0,0.0,2008.0,2024.0,2008.0,2022.0,5558.0,5.0,dr,6.0,4844.0,,,,,
robust,robustesse,H1,"log(naissances+0,5 / 1 000 f. 15-49)",fenêtre 2008-2024,cs,4,-0.0736488096112047,0.021598517070832,-0.1159811251895091,-0.0313164940329004,0.0006498641330846,5558,94486,False," ; covariables : log_pop, share_women_1549, level_pre, pretrend_pre (doublement robuste) ; contrôle = not_yet_treated ; fenêtre 2008-2024 ; 5558 traitées, 0 jamais traitées sur la fenêtre ; ATT(g,t) identifiés jusqu'en 2022 (sans unité jamais traitée, la dernière cohorte sert de contrôle)",event,0.0,5558.0,0.0,0.0,2008.0,2024.0,2008.0,2022.0,5558.0,5.0,dr,5.0,4445.0,,,,,
robust,robustesse,H1,"log(naissances+0,5 / 1 000 f. 15-49)",fenêtre 2008-2024,cs,5,-0.1477085864119933,0.0480846537303404,-0.2419527759325402,-0.0534643968914464,0.0021274041061272,5558,94486,False," ; covariables : log_pop, share_women_1549, level_pre, pretrend_pre (doublement robuste) ; contrôle = not_yet_treated ; fenêtre 2008-2024 ; 5558 traitées, 0 jamais traitées sur la fenêtre ; ATT(g,t) identifiés jusqu'en 2022 (sans unité jamais traitée, la dernière cohorte sert de contrôle)",event,0.0,5558.0,0.0,0.0,2008.0,2024.0,2008.0,2022.0,5558.0,5.0,dr,4.0,3767.0,,,,,
robust,robustesse,H1,"log(naissances+0,5 / 1 000 f. 15-49)",fenêtre 2008-2024,cs,6,-0.2412236087597811,0.0921660867338467,-0.4218658193541156,-0.0605813981654466,0.0088635988437452,5558,94486,False," ; covariables : log_pop, share_women_1549, level_pre, pretrend_pre (doublement robuste) ; contrôle = not_yet_treated ; fenêtre 2008-2024 ; 5558 traitées, 0 jamais traitées sur la fenêtre ; ATT(g,t) identifiés jusqu'en 2022 (sans unité jamais traitée, la dernière cohorte sert de contrôle)",event,0.0,5558.0,0.0,0.0,2008.0,2024.0,2008.0,2022.0,5558.0,5.0,dr,3.0,1032.0,,,,,
robust,robustesse,H1,"log(naissances+0,5 / 1 000 f. 15-49)",fenêtre 2008-2024,cs,7,-0.2900918842741539,0.1175968108957243,-0.5205773983265409,-0.0596063702217668,0.0136313298809752,5558,94486,False," ; covariables : log_pop, share_women_1549, level_pre, pretrend_pre (doublement robuste) ; contrôle = not_yet_treated ; fenêtre 2008-2024 ; 5558 traitées, 0 jamais traitées sur la fenêtre ; ATT(g,t) identifiés jusqu'en 2022 (sans unité jamais traitée, la dernière cohorte sert de contrôle)",event,0.0,5558.0,0.0,0.0,2008.0,2024.0,2008.0,2022.0,5558.0,5.0,dr,2.0,481.0,,,,,
robust,robustesse,H1,"log(naissances+0,5 / 1 000 f. 15-49)",fenêtre 2008-2024,cs,8,-0.5097770600732092,0.2209362221067954,-0.9428040982828704,-0.076750021863548,0.0210353495060283,5558,94486,False," ; covariables : log_pop, share_women_1549, level_pre, pretrend_pre (doublement robuste) ; contrôle = not_yet_treated ; fenêtre 2008-2024 ; 5558 traitées, 0 jamais traitées sur la fenêtre ; ATT(g,t) identifiés jusqu'en 2022 (sans unité jamais traitée, la dernière cohorte sert de contrôle)",event,0.0,5558.0,0.0,0.0,2008.0,2024.0,2008.0,2022.0,5558.0,5.0,dr,1.0,187.0,,,,,
robust,robustesse,H1,"log(naissances+0,5 / 1 000 f. 15-49)",fenêtre 2008-2024,cs,"ATT[1,5]",-0.0359466110868442,0.0192944835901134,-0.0737631040237658,0.0018698818500772,0.0624550610489119,5558,94486,False," ; covariables : log_pop, share_women_1549, level_pre, pretrend_pre (doublement robuste) ; contrôle = not_yet_treated ; fenêtre 2008-2024 ; 5558 traitées, 0 jamais traitées sur la fenêtre ; ATT(g,t) identifiés jusqu'en 2022 (sans unité jamais traitée, la dernière cohorte sert de contrôle) ; écart-type avec covariance complète des coefficients (fonctions d'influence)",post_avg,0.0,5558.0,0.0,0.0,2008.0,2024.0,2008.0,2022.0,5558.0,5.0,dr,,,,,5.0,,
robust,robustesse,H1,"log(naissances+0,5 / 1 000 f. 15-49)",fenêtre 2008-2024,cs,ATT,-0.0360928993587761,0.0173620856656333,-0.0701219619599166,-0.0020638367576356,0.037632582252216,5558,94486,False," ; covariables : log_pop, share_women_1549, level_pre, pretrend_pre (doublement robuste) ; contrôle = not_yet_treated ; fenêtre 2008-2024 ; 5558 traitées, 0 jamais traitées sur la fenêtre ; ATT(g,t) identifiés jusqu'en 2022 (sans unité jamais traitée, la dernière cohorte sert de contrôle) ; moyenne de tous les ATT(g,t) post",simple,0.0,5558.0,0.0,0.0,2008.0,2024.0,2008.0,2022.0,5558.0,5.0,dr,,,,,,,
robust,robustesse,H1,"log(naissances+0,5 / 1 000 f. 15-49)",fenêtre 2008-2024,cs,Wald pré (-8..-2),4.857587508728199,,,,0.6773375086078617,5558,94486,False,"H5c : test de Wald joint de nullité des coefficients pré avec covariance des fonctions d'influence, df = 7 ; fenêtre 2008-2024 ; 5558 traitées, 0 jamais traitées sur la fenêtre",pre_test,0.0,5558.0,0.0,0.0,2008.0,2024.0,2008.0,2022.0,5558.0,5.0,dr,,,,,,7.0,
robust,robustesse,H1,"log(naissances+0,5 / 1 000 f. 15-49)",fenêtre 2003-2023 (sans l'année provisoire 2024),cs,-8,0.0390486573141935,0.02374624513301,-0.0074931279145656,0.0855904425429527,0.1000907206826311,5558,116718,False," ; covariables : log_pop, share_women_1549, level_pre, pretrend_pre (doublement robuste) ; contrôle = not_yet_treated ; fenêtre 2003-2023 ; 5558 traitées, 0 jamais traitées sur la fenêtre ; ATT(g,t) identifiés jusqu'en 2022 (sans unité jamais traitée, la dernière cohorte sert de contrôle)",event,0.0,5558.0,0.0,0.0,2003.0,2023.0,2003.0,2022.0,5558.0,5.0,dr,9.0,5498.0,,,,,
robust,robustesse,H1,"log(naissances+0,5 / 1 000 f. 15-49)",fenêtre 2003-2023 (sans l'année provisoire 2024),cs,-7,0.1023162140031688,0.0675790673085793,-0.0301363240304547,0.2347687520367924,0.1300201871313579,5558,116718,False," ; covariables : log_pop, share_women_1549, level_pre, pretrend_pre (doublement robuste) ; contrôle = not_yet_treated ; fenêtre 2003-2023 ; 5558 traitées, 0 jamais traitées sur la fenêtre ; ATT(g,t) identifiés jusqu'en 2022 (sans unité jamais traitée, la dernière cohorte sert de contrôle)",event,0.0,5558.0,0.0,0.0,2003.0,2023.0,2003.0,2022.0,5558.0,5.0,dr,9.0,5498.0,,,,,
robust,robustesse,H1,"log(naissances+0,5 / 1 000 f. 15-49)",fenêtre 2003-2023 (sans l'année provisoire 2024),cs,-6,0.060419274944661,0.0355921123909293,-0.0093399834752622,0.1301785333645843,0.0895933392185884,5558,116718,False," ; covariables : log_pop, share_women_1549, level_pre, pretrend_pre (doublement robuste) ; contrôle = not_yet_treated ; fenêtre 2003-2023 ; 5558 traitées, 0 jamais traitées sur la fenêtre ; ATT(g,t) identifiés jusqu'en 2022 (sans unité jamais traitée, la dernière cohorte sert de contrôle)",event,0.0,5558.0,0.0,0.0,2003.0,2023.0,2003.0,2022.0,5558.0,5.0,dr,9.0,5498.0,,,,,
robust,robustesse,H1,"log(naissances+0,5 / 1 000 f. 15-49)",fenêtre 2003-2023 (sans l'année provisoire 2024),cs,-5,0.0281699544814603,0.020858701909131,-0.0127123500246932,0.069052258987614,0.1768513883570467,5558,116718,False," ; covariables : log_pop, share_women_1549, level_pre, pretrend_pre (doublement robuste) ; contrôle = not_yet_treated ; fenêtre 2003-2023 ; 5558 traitées, 0 jamais traitées sur la fenêtre ; ATT(g,t) identifiés jusqu'en 2022 (sans unité jamais traitée, la dernière cohorte sert de contrôle)",event,0.0,5558.0,0.0,0.0,2003.0,2023.0,2003.0,2022.0,5558.0,5.0,dr,9.0,5498.0,,,,,
robust,robustesse,H1,"log(naissances+0,5 / 1 000 f. 15-49)",fenêtre 2003-2023 (sans l'année provisoire 2024),cs,-4,0.0403994723900064,0.0267498099549157,-0.0120291917149193,0.0928281364949322,0.1309741914935606,5558,116718,False," ; covariables : log_pop, share_women_1549, level_pre, pretrend_pre (doublement robuste) ; contrôle = not_yet_treated ; fenêtre 2003-2023 ; 5558 traitées, 0 jamais traitées sur la fenêtre ; ATT(g,t) identifiés jusqu'en 2022 (sans unité jamais traitée, la dernière cohorte sert de contrôle)",event,0.0,5558.0,0.0,0.0,2003.0,2023.0,2003.0,2022.0,5558.0,5.0,dr,9.0,5498.0,,,,,
robust,robustesse,H1,"log(naissances+0,5 / 1 000 f. 15-49)",fenêtre 2003-2023 (sans l'année provisoire 2024),cs,-3,-0.0140067081462431,0.0169844863458161,-0.0472956896799551,0.0192822733874688,0.4095552303106287,5558,116718,False," ; covariables : log_pop, share_women_1549, level_pre, pretrend_pre (doublement robuste) ; contrôle = not_yet_treated ; fenêtre 2003-2023 ; 5558 traitées, 0 jamais traitées sur la fenêtre ; ATT(g,t) identifiés jusqu'en 2022 (sans unité jamais traitée, la dernière cohorte sert de contrôle)",event,0.0,5558.0,0.0,0.0,2003.0,2023.0,2003.0,2022.0,5558.0,5.0,dr,9.0,5498.0,,,,,
robust,robustesse,H1,"log(naissances+0,5 / 1 000 f. 15-49)",fenêtre 2003-2023 (sans l'année provisoire 2024),cs,-2,-0.0106032494536017,0.0116163055133766,-0.033370789893234,0.0121642909860305,0.361352910641655,5558,116718,False," ; covariables : log_pop, share_women_1549, level_pre, pretrend_pre (doublement robuste) ; contrôle = not_yet_treated ; fenêtre 2003-2023 ; 5558 traitées, 0 jamais traitées sur la fenêtre ; ATT(g,t) identifiés jusqu'en 2022 (sans unité jamais traitée, la dernière cohorte sert de contrôle)",event,0.0,5558.0,0.0,0.0,2003.0,2023.0,2003.0,2022.0,5558.0,5.0,dr,9.0,5498.0,,,,,
robust,robustesse,H1,"log(naissances+0,5 / 1 000 f. 15-49)",fenêtre 2003-2023 (sans l'année provisoire 2024),cs,0,0.0041000197788198,0.0065718469497987,-0.0087805635546951,0.0169806031123349,0.5327088039964715,5558,116718,False," ; covariables : log_pop, share_women_1549, level_pre, pretrend_pre (doublement robuste) ; contrôle = not_yet_treated ; fenêtre 2003-2023 ; 5558 traitées, 0 jamais traitées sur la fenêtre ; ATT(g,t) identifiés jusqu'en 2022 (sans unité jamais traitée, la dernière cohorte sert de contrôle)",event,0.0,5558.0,0.0,0.0,2003.0,2023.0,2003.0,2022.0,5558.0,5.0,dr,9.0,5498.0,,,,,
robust,robustesse,H1,"log(naissances+0,5 / 1 000 f. 15-49)",fenêtre 2003-2023 (sans l'année provisoire 2024),cs,1,0.0215977307859265,0.0269343062664696,-0.0311925394449255,0.0743880010167785,0.4226299093485168,5558,116718,False," ; covariables : log_pop, share_women_1549, level_pre, pretrend_pre (doublement robuste) ; contrôle = not_yet_treated ; fenêtre 2003-2023 ; 5558 traitées, 0 jamais traitées sur la fenêtre ; ATT(g,t) identifiés jusqu'en 2022 (sans unité jamais traitée, la dernière cohorte sert de contrôle)",event,0.0,5558.0,0.0,0.0,2003.0,2023.0,2003.0,2022.0,5558.0,5.0,dr,8.0,5438.0,,,,,
robust,robustesse,H1,"log(naissances+0,5 / 1 000 f. 15-49)",fenêtre 2003-2023 (sans l'année provisoire 2024),cs,2,0.0310307635705926,0.0261349024586507,-0.0201927039878301,0.0822542311290154,0.2350973308192162,5558,116718,False," ; covariables : log_pop, share_women_1549, level_pre, pretrend_pre (doublement robuste) ; contrôle = not_yet_treated ; fenêtre 2003-2023 ; 5558 traitées, 0 jamais traitées sur la fenêtre ; ATT(g,t) identifiés jusqu'en 2022 (sans unité jamais traitée, la dernière cohorte sert de contrôle)",event,0.0,5558.0,0.0,0.0,2003.0,2023.0,2003.0,2022.0,5558.0,5.0,dr,7.0,5268.0,,,,,
robust,robustesse,H1,"log(naissances+0,5 / 1 000 f. 15-49)",fenêtre 2003-2023 (sans l'année provisoire 2024),cs,3,-0.0110041537675424,0.0195267610745544,-0.0492759022083877,0.0272675946733028,0.5730657371432154,5558,116718,False," ; covariables : log_pop, share_women_1549, level_pre, pretrend_pre (doublement robuste) ; contrôle = not_yet_treated ; fenêtre 2003-2023 ; 5558 traitées, 0 jamais traitées sur la fenêtre ; ATT(g,t) identifiés jusqu'en 2022 (sans unité jamais traitée, la dernière cohorte sert de contrôle)",event,0.0,5558.0,0.0,0.0,2003.0,2023.0,2003.0,2022.0,5558.0,5.0,dr,6.0,4844.0,,,,,
robust,robustesse,H1,"log(naissances+0,5 / 1 000 f. 15-49)",fenêtre 2003-2023 (sans l'année provisoire 2024),cs,4,-0.0736488096112047,0.021598517070832,-0.1159811251895091,-0.0313164940329004,0.0006498641330846,5558,116718,False," ; covariables : log_pop, share_women_1549, level_pre, pretrend_pre (doublement robuste) ; contrôle = not_yet_treated ; fenêtre 2003-2023 ; 5558 traitées, 0 jamais traitées sur la fenêtre ; ATT(g,t) identifiés jusqu'en 2022 (sans unité jamais traitée, la dernière cohorte sert de contrôle)",event,0.0,5558.0,0.0,0.0,2003.0,2023.0,2003.0,2022.0,5558.0,5.0,dr,5.0,4445.0,,,,,
robust,robustesse,H1,"log(naissances+0,5 / 1 000 f. 15-49)",fenêtre 2003-2023 (sans l'année provisoire 2024),cs,5,-0.1477085864119933,0.0480846537303404,-0.2419527759325402,-0.0534643968914464,0.0021274041061272,5558,116718,False," ; covariables : log_pop, share_women_1549, level_pre, pretrend_pre (doublement robuste) ; contrôle = not_yet_treated ; fenêtre 2003-2023 ; 5558 traitées, 0 jamais traitées sur la fenêtre ; ATT(g,t) identifiés jusqu'en 2022 (sans unité jamais traitée, la dernière cohorte sert de contrôle)",event,0.0,5558.0,0.0,0.0,2003.0,2023.0,2003.0,2022.0,5558.0,5.0,dr,4.0,3767.0,,,,,
robust,robustesse,H1,"log(naissances+0,5 / 1 000 f. 15-49)",fenêtre 2003-2023 (sans l'année provisoire 2024),cs,6,-0.2412236087597811,0.0921660867338467,-0.4218658193541156,-0.0605813981654466,0.0088635988437452,5558,116718,False," ; covariables : log_pop, share_women_1549, level_pre, pretrend_pre (doublement robuste) ; contrôle = not_yet_treated ; fenêtre 2003-2023 ; 5558 traitées, 0 jamais traitées sur la fenêtre ; ATT(g,t) identifiés jusqu'en 2022 (sans unité jamais traitée, la dernière cohorte sert de contrôle)",event,0.0,5558.0,0.0,0.0,2003.0,2023.0,2003.0,2022.0,5558.0,5.0,dr,3.0,1032.0,,,,,
robust,robustesse,H1,"log(naissances+0,5 / 1 000 f. 15-49)",fenêtre 2003-2023 (sans l'année provisoire 2024),cs,7,-0.2900918842741539,0.1175968108957243,-0.5205773983265409,-0.0596063702217668,0.0136313298809752,5558,116718,False," ; covariables : log_pop, share_women_1549, level_pre, pretrend_pre (doublement robuste) ; contrôle = not_yet_treated ; fenêtre 2003-2023 ; 5558 traitées, 0 jamais traitées sur la fenêtre ; ATT(g,t) identifiés jusqu'en 2022 (sans unité jamais traitée, la dernière cohorte sert de contrôle)",event,0.0,5558.0,0.0,0.0,2003.0,2023.0,2003.0,2022.0,5558.0,5.0,dr,2.0,481.0,,,,,
robust,robustesse,H1,"log(naissances+0,5 / 1 000 f. 15-49)",fenêtre 2003-2023 (sans l'année provisoire 2024),cs,8,-0.5097770600732092,0.2209362221067954,-0.9428040982828704,-0.076750021863548,0.0210353495060283,5558,116718,False," ; covariables : log_pop, share_women_1549, level_pre, pretrend_pre (doublement robuste) ; contrôle = not_yet_treated ; fenêtre 2003-2023 ; 5558 traitées, 0 jamais traitées sur la fenêtre ; ATT(g,t) identifiés jusqu'en 2022 (sans unité jamais traitée, la dernière cohorte sert de contrôle)",event,0.0,5558.0,0.0,0.0,2003.0,2023.0,2003.0,2022.0,5558.0,5.0,dr,1.0,187.0,,,,,
robust,robustesse,H1,"log(naissances+0,5 / 1 000 f. 15-49)",fenêtre 2003-2023 (sans l'année provisoire 2024),cs,"ATT[1,5]",-0.0359466110868442,0.0192944835901134,-0.0737631040237658,0.0018698818500772,0.0624550610489119,5558,116718,False," ; covariables : log_pop, share_women_1549, level_pre, pretrend_pre (doublement robuste) ; contrôle = not_yet_treated ; fenêtre 2003-2023 ; 5558 traitées, 0 jamais traitées sur la fenêtre ; ATT(g,t) identifiés jusqu'en 2022 (sans unité jamais traitée, la dernière cohorte sert de contrôle) ; écart-type avec covariance complète des coefficients (fonctions d'influence)",post_avg,0.0,5558.0,0.0,0.0,2003.0,2023.0,2003.0,2022.0,5558.0,5.0,dr,,,,,5.0,,
robust,robustesse,H1,"log(naissances+0,5 / 1 000 f. 15-49)",fenêtre 2003-2023 (sans l'année provisoire 2024),cs,ATT,-0.0360928993587761,0.0173620856656333,-0.0701219619599166,-0.0020638367576356,0.037632582252216,5558,116718,False," ; covariables : log_pop, share_women_1549, level_pre, pretrend_pre (doublement robuste) ; contrôle = not_yet_treated ; fenêtre 2003-2023 ; 5558 traitées, 0 jamais traitées sur la fenêtre ; ATT(g,t) identifiés jusqu'en 2022 (sans unité jamais traitée, la dernière cohorte sert de contrôle) ; moyenne de tous les ATT(g,t) post",simple,0.0,5558.0,0.0,0.0,2003.0,2023.0,2003.0,2022.0,5558.0,5.0,dr,,,,,,,
robust,robustesse,H1,"log(naissances+0,5 / 1 000 f. 15-49)",fenêtre 2003-2023 (sans l'année provisoire 2024),cs,Wald pré (-8..-2),4.966334367343372,,,,0.6640717568500527,5558,116718,False,"H5c : test de Wald joint de nullité des coefficients pré avec covariance des fonctions d'influence, df = 7 ; fenêtre 2003-2023 ; 5558 traitées, 0 jamais traitées sur la fenêtre",pre_test,0.0,5558.0,0.0,0.0,2003.0,2023.0,2003.0,2022.0,5558.0,5.0,dr,,,,,,7.0,
robust,robustesse,H1,"log(naissances+0,5 / 1 000 f. 15-49)",fenêtre 2003-2019 (hors COVID) ; cohortes 2020-2023 = contrôle,cs,-8,0.0474705891525526,0.0270740156036901,-0.0055935063475555,0.1005346846526608,0.0795396422354272,5558,94486,False," ; covariables : log_pop, share_women_1549, level_pre, pretrend_pre (doublement robuste) ; contrôle = not_yet_treated ; fenêtre 2003-2019 ; 4844 traitées, 714 jamais traitées sur la fenêtre (dont 714 traitées après 2019)",event,714.0,4844.0,714.0,0.0,2003.0,2019.0,2003.0,2019.0,5558.0,5.0,dr,6.0,4844.0,,,,,
robust,robustesse,H1,"log(naissances+0,5 / 1 000 f. 15-49)",fenêtre 2003-2019 (hors COVID) ; cohortes 2020-2023 = contrôle,cs,-7,0.115696025206748,0.076611733674057,-0.0344602135875782,0.2658522640010743,0.1310024378001229,5558,94486,False," ; covariables : log_pop, share_women_1549, level_pre, pretrend_pre (doublement robuste) ; contrôle = not_yet_treated ; fenêtre 2003-2019 ; 4844 traitées, 714 jamais traitées sur la fenêtre (dont 714 traitées après 2019)",event,714.0,4844.0,714.0,0.0,2003.0,2019.0,2003.0,2019.0,5558.0,5.0,dr,6.0,4844.0,,,,,
robust,robustesse,H1,"log(naissances+0,5 / 1 000 f. 15-49)",fenêtre 2003-2019 (hors COVID) ; cohortes 2020-2023 = contrôle,cs,-6,0.0691981774390101,0.04035515963488,-0.0098964820357194,0.1482928369137396,0.0863948562807008,5558,94486,False," ; covariables : log_pop, share_women_1549, level_pre, pretrend_pre (doublement robuste) ; contrôle = not_yet_treated ; fenêtre 2003-2019 ; 4844 traitées, 714 jamais traitées sur la fenêtre (dont 714 traitées après 2019)",event,714.0,4844.0,714.0,0.0,2003.0,2019.0,2003.0,2019.0,5558.0,5.0,dr,6.0,4844.0,,,,,
robust,robustesse,H1,"log(naissances+0,5 / 1 000 f. 15-49)",fenêtre 2003-2019 (hors COVID) ; cohortes 2020-2023 = contrôle,cs,-5,0.0318435571071616,0.0235484613045879,-0.0143105789411657,0.077997693155489,0.1762933123146706,5558,94486,False," ; covariables : log_pop, share_women_1549, level_pre, pretrend_pre (doublement robuste) ; contrôle = not_yet_treated ; fenêtre 2003-2019 ; 4844 traitées, 714 jamais traitées sur la fenêtre (dont 714 traitées après 2019)",event,714.0,4844.0,714.0,0.0,2003.0,2019.0,2003.0,2019.0,5558.0,5.0,dr,6.0,4844.0,,,,,
robust,robustesse,H1,"log(naissances+0,5 / 1 000 f. 15-49)",fenêtre 2003-2019 (hors COVID) ; cohortes 2020-2023 = contrôle,cs,-4,0.0448219191716145,0.0301938683010709,-0.01435697525243,0.1040008135956591,0.1376840348190593,5558,94486,False," ; covariables : log_pop, share_women_1549, level_pre, pretrend_pre (doublement robuste) ; contrôle = not_yet_treated ; fenêtre 2003-2019 ; 4844 traitées, 714 jamais traitées sur la fenêtre (dont 714 traitées après 2019)",event,714.0,4844.0,714.0,0.0,2003.0,2019.0,2003.0,2019.0,5558.0,5.0,dr,6.0,4844.0,,,,,
robust,robustesse,H1,"log(naissances+0,5 / 1 000 f. 15-49)",fenêtre 2003-2019 (hors COVID) ; cohortes 2020-2023 = contrôle,cs,-3,-0.0161384724036543,0.019164173859682,-0.0536995629620951,0.0214226181547864,0.3997225889751349,5558,94486,False," ; covariables : log_pop, share_women_1549, level_pre, pretrend_pre (doublement robuste) ; contrôle = not_yet_treated ; fenêtre 2003-2019 ; 4844 traitées, 714 jamais traitées sur la fenêtre (dont 714 traitées après 2019)",event,714.0,4844.0,714.0,0.0,2003.0,2019.0,2003.0,2019.0,5558.0,5.0,dr,6.0,4844.0,,,,,
robust,robustesse,H1,"log(naissances+0,5 / 1 000 f. 15-49)",fenêtre 2003-2019 (hors COVID) ; cohortes 2020-2023 = contrôle,cs,-2,-0.0113461545082312,0.0130622761377818,-0.0369477452944005,0.0142554362779379,0.3850550027247394,5558,94486,False," ; covariables : log_pop, share_women_1549, level_pre, pretrend_pre (doublement robuste) ; contrôle = not_yet_treated ; fenêtre 2003-2019 ; 4844 traitées, 714 jamais traitées sur la fenêtre (dont 714 traitées après 2019)",event,714.0,4844.0,714.0,0.0,2003.0,2019.0,2003.0,2019.0,5558.0,5.0,dr,6.0,4844.0,,,,,
robust,robustesse,H1,"log(naissances+0,5 / 1 000 f. 15-49)",fenêtre 2003-2019 (hors COVID) ; cohortes 2020-2023 = contrôle,cs,0,0.0078325877925903,0.0071973150221732,-0.0062738904362583,0.021939066021439,0.2764780290498846,5558,94486,False," ; covariables : log_pop, share_women_1549, level_pre, pretrend_pre (doublement robuste) ; contrôle = not_yet_treated ; fenêtre 2003-2019 ; 4844 traitées, 714 jamais traitées sur la fenêtre (dont 714 traitées après 2019)",event,714.0,4844.0,714.0,0.0,2003.0,2019.0,2003.0,2019.0,5558.0,5.0,dr,6.0,4844.0,,,,,
robust,robustesse,H1,"log(naissances+0,5 / 1 000 f. 15-49)",fenêtre 2003-2019 (hors COVID) ; cohortes 2020-2023 = contrôle,cs,1,0.036733579617298,0.0325848027306044,-0.0271314601780291,0.1005986194126251,0.2596061742579038,5558,94486,False," ; covariables : log_pop, share_women_1549, level_pre, pretrend_pre (doublement robuste) ; contrôle = not_yet_treated ; fenêtre 2003-2019 ; 4844 traitées, 714 jamais traitées sur la fenêtre (dont 714 traitées après 2019)",event,714.0,4844.0,714.0,0.0,2003.0,2019.0,2003.0,2019.0,5558.0,5.0,dr,5.0,4445.0,,,,,
robust,robustesse,H1,"log(naissances+0,5 / 1 000 f. 15-49)",fenêtre 2003-2019 (hors COVID) ; cohortes 2020-2023 = contrôle,cs,2,0.0573862276830805,0.0354395265441797,-0.012073967972663,0.126846423338824,0.1053887848175115,5558,94486,False," ; covariables : log_pop, share_women_1549, level_pre, pretrend_pre (doublement robuste) ; contrôle = not_yet_treated ; fenêtre 2003-2019 ; 4844 traitées, 714 jamais traitées sur la fenêtre (dont 714 traitées après 2019)",event,714.0,4844.0,714.0,0.0,2003.0,2019.0,2003.0,2019.0,5558.0,5.0,dr,4.0,3767.0,,,,,
robust,robustesse,H1,"log(naissances+0,5 / 1 000 f. 15-49)",fenêtre 2003-2019 (hors COVID) ; cohortes 2020-2023 = contrôle,cs,3,0.0650184115954538,0.0636427767134916,-0.0597191386391142,0.1897559618300218,0.3069631831899813,5558,94486,False," ; covariables : log_pop, share_women_1549, level_pre, pretrend_pre (doublement robuste) ; contrôle = not_yet_treated ; fenêtre 2003-2019 ; 4844 traitées, 714 jamais traitées sur la fenêtre (dont 714 traitées après 2019)",event,714.0,4844.0,714.0,0.0,2003.0,2019.0,2003.0,2019.0,5558.0,5.0,dr,3.0,1032.0,,,,,
robust,robustesse,H1,"log(naissances+0,5 / 1 000 f. 15-49)",fenêtre 2003-2019 (hors COVID) ; cohortes 2020-2023 = contrôle,cs,4,-0.0817120875393978,0.0367975081822187,-0.1538338782973644,-0.0095902967814311,0.0263789116703942,5558,94486,False," ; covariables : log_pop, share_women_1549, level_pre, pretrend_pre (doublement robuste) ; contrôle = not_yet_treated ; fenêtre 2003-2019 ; 4844 traitées, 714 jamais traitées sur la fenêtre (dont 714 traitées après 2019)",event,714.0,4844.0,714.0,0.0,2003.0,2019.0,2003.0,2019.0,5558.0,5.0,dr,2.0,481.0,,,,,
robust,robustesse,H1,"log(naissances+0,5 / 1 000 f. 15-49)",fenêtre 2003-2019 (hors COVID) ; cohortes 2020-2023 = contrôle,cs,5,-0.1136593503837635,0.0735238793568448,-0.2577635059268473,0.0304448051593201,0.1221327112885868,5558,94486,False," ; covariables : log_pop, share_women_1549, level_pre, pretrend_pre (doublement robuste) ; contrôle = not_yet_treated ; fenêtre 2003-2019 ; 4844 traitées, 714 jamais traitées sur la fenêtre (dont 714 traitées après 2019)",event,714.0,4844.0,714.0,0.0,2003.0,2019.0,2003.0,2019.0,5558.0,5.0,dr,1.0,187.0,,,,,
robust,robustesse,H1,"log(naissances+0,5 / 1 000 f. 15-49)",fenêtre 2003-2019 (hors COVID) ; cohortes 2020-2023 = contrôle,cs,"ATT[1,5]",-0.0072466438054658,0.0351679882011658,-0.0761746340884805,0.0616813464775488,0.8367456393181573,5558,94486,False," ; covariables : log_pop, share_women_1549, level_pre, pretrend_pre (doublement robuste) ; contrôle = not_yet_treated ; fenêtre 2003-2019 ; 4844 traitées, 714 jamais traitées sur la fenêtre (dont 714 traitées après 2019) ; écart-type avec covariance complète des coefficients (fonctions d'influence)",post_avg,714.0,4844.0,714.0,0.0,2003.0,2019.0,2003.0,2019.0,5558.0,5.0,dr,,,,,5.0,,
robust,robustesse,H1,"log(naissances+0,5 / 1 000 f. 15-49)",fenêtre 2003-2019 (hors COVID) ; cohortes 2020-2023 = contrôle,cs,ATT,0.0287297997076888,0.0228398122460931,-0.0160354097083105,0.0734950091236881,0.2084342601286388,5558,94486,False," ; covariables : log_pop, share_women_1549, level_pre, pretrend_pre (doublement robuste) ; contrôle = not_yet_treated ; fenêtre 2003-2019 ; 4844 traitées, 714 jamais traitées sur la fenêtre (dont 714 traitées après 2019) ; moyenne de tous les ATT(g,t) post",simple,714.0,4844.0,714.0,0.0,2003.0,2019.0,2003.0,2019.0,5558.0,5.0,dr,,,,,,,
robust,robustesse,H1,"log(naissances+0,5 / 1 000 f. 15-49)",fenêtre 2003-2019 (hors COVID) ; cohortes 2020-2023 = contrôle,cs,Wald pré (-8..-2),5.895405171745063,,,,0.5520141988353988,5558,94486,False,"H5c : test de Wald joint de nullité des coefficients pré avec covariance des fonctions d'influence, df = 7 ; fenêtre 2003-2019 ; 4844 traitées, 714 jamais traitées sur la fenêtre (dont 714 traitées après 2019)",pre_test,714.0,4844.0,714.0,0.0,2003.0,2019.0,2003.0,2019.0,5558.0,5.0,dr,,,,,,7.0,
robust,robustesse,H1,"log(naissances+0,5 / 1 000 f. 15-49)",sans 2020-2021,cs,-8,0.0388936506927194,0.0237139706608655,-0.0075848777330164,0.0853721791184553,0.1009811555657975,5558,111160,False," ; covariables : log_pop, share_women_1549, level_pre, pretrend_pre (doublement robuste) ; contrôle = not_yet_treated ; fenêtre 2003-2024 ; 5558 traitées, 0 jamais traitées sur la fenêtre ; ATT(g,t) identifiés jusqu'en 2022 (sans unité jamais traitée, la dernière cohorte sert de contrôle)",event,0.0,5558.0,0.0,0.0,2003.0,2024.0,2003.0,2022.0,5558.0,5.0,dr,9.0,5498.0,,,,,
robust,robustesse,H1,"log(naissances+0,5 / 1 000 f. 15-49)",sans 2020-2021,cs,-7,0.1023659152098653,0.0675732589471111,-0.0300752386444714,0.2348070690642021,0.1298007843743509,5558,111160,False," ; covariables : log_pop, share_women_1549, level_pre, pretrend_pre (doublement robuste) ; contrôle = not_yet_treated ; fenêtre 2003-2024 ; 5558 traitées, 0 jamais traitées sur la fenêtre ; ATT(g,t) identifiés jusqu'en 2022 (sans unité jamais traitée, la dernière cohorte sert de contrôle)",event,0.0,5558.0,0.0,0.0,2003.0,2024.0,2003.0,2022.0,5558.0,5.0,dr,9.0,5498.0,,,,,
robust,robustesse,H1,"log(naissances+0,5 / 1 000 f. 15-49)",sans 2020-2021,cs,-6,0.059712748231953,0.0355852115626276,-0.0100329848130354,0.1294584812769415,0.0933429120425271,5558,111160,False," ; covariables : log_pop, share_women_1549, level_pre, pretrend_pre (doublement robuste) ; contrôle = not_yet_treated ; fenêtre 2003-2024 ; 5558 traitées, 0 jamais traitées sur la fenêtre ; ATT(g,t) identifiés jusqu'en 2022 (sans unité jamais traitée, la dernière cohorte sert de contrôle)",event,0.0,5558.0,0.0,0.0,2003.0,2024.0,2003.0,2022.0,5558.0,5.0,dr,9.0,5498.0,,,,,
robust,robustesse,H1,"log(naissances+0,5 / 1 000 f. 15-49)",sans 2020-2021,cs,-5,0.0272575597656976,0.0207976132881951,-0.0135050132435563,0.0680201327749517,0.1899895620059078,5558,111160,False," ; covariables : log_pop, share_women_1549, level_pre, pretrend_pre (doublement robuste) ; contrôle = not_yet_treated ; fenêtre 2003-2024 ; 5558 traitées, 0 jamais traitées sur la fenêtre ; ATT(g,t) identifiés jusqu'en 2022 (sans unité jamais traitée, la dernière cohorte sert de contrôle)",event,0.0,5558.0,0.0,0.0,2003.0,2024.0,2003.0,2022.0,5558.0,5.0,dr,9.0,5498.0,,,,,
robust,robustesse,H1,"log(naissances+0,5 / 1 000 f. 15-49)",sans 2020-2021,cs,-4,0.0400051318782158,0.026660298237415,-0.0122480924842143,0.092258356240646,0.1334717845954728,5558,111160,False," ; covariables : log_pop, share_women_1549, level_pre, pretrend_pre (doublement robuste) ; contrôle = not_yet_treated ; fenêtre 2003-2024 ; 5558 traitées, 0 jamais traitées sur la fenêtre ; ATT(g,t) identifiés jusqu'en 2022 (sans unité jamais traitée, la dernière cohorte sert de contrôle)",event,0.0,5558.0,0.0,0.0,2003.0,2024.0,2003.0,2022.0,5558.0,5.0,dr,9.0,5498.0,,,,,
robust,robustesse,H1,"log(naissances+0,5 / 1 000 f. 15-49)",sans 2020-2021,cs,-3,-0.0148407405613565,0.0169427598332892,-0.0480479396333152,0.0183664585106022,0.3810658771192972,5558,111160,False," ; covariables : log_pop, share_women_1549, level_pre, pretrend_pre (doublement robuste) ; contrôle = not_yet_treated ; fenêtre 2003-2024 ; 5558 traitées, 0 jamais traitées sur la fenêtre ; ATT(g,t) identifiés jusqu'en 2022 (sans unité jamais traitée, la dernière cohorte sert de contrôle)",event,0.0,5558.0,0.0,0.0,2003.0,2024.0,2003.0,2022.0,5558.0,5.0,dr,9.0,5498.0,,,,,
robust,robustesse,H1,"log(naissances+0,5 / 1 000 f. 15-49)",sans 2020-2021,cs,-2,-0.0121248798626407,0.0117055446568651,-0.0350673258095216,0.0108175660842401,0.3002844272160936,5558,111160,False," ; covariables : log_pop, share_women_1549, level_pre, pretrend_pre (doublement robuste) ; contrôle = not_yet_treated ; fenêtre 2003-2024 ; 5558 traitées, 0 jamais traitées sur la fenêtre ; ATT(g,t) identifiés jusqu'en 2022 (sans unité jamais traitée, la dernière cohorte sert de contrôle)",event,0.0,5558.0,0.0,0.0,2003.0,2024.0,2003.0,2022.0,5558.0,5.0,dr,8.0,5438.0,,,,,
robust,robustesse,H1,"log(naissances+0,5 / 1 000 f. 15-49)",sans 2020-2021,cs,0,0.0066296479688865,0.0071736813883676,-0.0074305091888793,0.0206898051266524,0.355401670056544,5558,111160,False," ; covariables : log_pop, share_women_1549, level_pre, pretrend_pre (doublement robuste) ; contrôle = not_yet_treated ; fenêtre 2003-2024 ; 5558 traitées, 0 jamais traitées sur la fenêtre ; ATT(g,t) identifiés jusqu'en 2022 (sans unité jamais traitée, la dernière cohorte sert de contrôle)",event,0.0,5558.0,0.0,0.0,2003.0,2024.0,2003.0,2022.0,5558.0,5.0,dr,7.0,4904.0,,,,,
robust,robustesse,H1,"log(naissances+0,5 / 1 000 f. 15-49)",sans 2020-2021,cs,1,0.0314416497044428,0.0315245101442523,-0.0303452548085593,0.093228554217445,0.3185841930324034,5558,111160,False," ; covariables : log_pop, share_women_1549, level_pre, pretrend_pre (doublement robuste) ; contrôle = not_yet_treated ; fenêtre 2003-2024 ; 5558 traitées, 0 jamais traitées sur la fenêtre ; ATT(g,t) identifiés jusqu'en 2022 (sans unité jamais traitée, la dernière cohorte sert de contrôle)",event,0.0,5558.0,0.0,0.0,2003.0,2024.0,2003.0,2022.0,5558.0,5.0,dr,6.0,4615.0,,,,,
robust,robustesse,H1,"log(naissances+0,5 / 1 000 f. 15-49)",sans 2020-2021,cs,2,0.0419604607850504,0.0322439184087428,-0.0212364580165335,0.1051573795866343,0.1931404034847168,5558,111160,False," ; covariables : log_pop, share_women_1549, level_pre, pretrend_pre (doublement robuste) ; contrôle = not_yet_treated ; fenêtre 2003-2024 ; 5558 traitées, 0 jamais traitées sur la fenêtre ; ATT(g,t) identifiés jusqu'en 2022 (sans unité jamais traitée, la dernière cohorte sert de contrôle)",event,0.0,5558.0,0.0,0.0,2003.0,2024.0,2003.0,2022.0,5558.0,5.0,dr,5.0,4191.0,,,,,
robust,robustesse,H1,"log(naissances+0,5 / 1 000 f. 15-49)",sans 2020-2021,cs,3,0.0265866275202895,0.0483880487241499,-0.0682522052612137,0.1214254603017928,0.5826993040518459,5558,111160,False," ; covariables : log_pop, share_women_1549, level_pre, pretrend_pre (doublement robuste) ; contrôle = not_yet_treated ; fenêtre 2003-2024 ; 5558 traitées, 0 jamais traitées sur la fenêtre ; ATT(g,t) identifiés jusqu'en 2022 (sans unité jamais traitée, la dernière cohorte sert de contrôle)",event,0.0,5558.0,0.0,0.0,2003.0,2024.0,2003.0,2022.0,5558.0,5.0,dr,4.0,1431.0,,,,,
robust,robustesse,H1,"log(naissances+0,5 / 1 000 f. 15-49)",sans 2020-2021,cs,4,-0.0951433790052988,0.0288786564251113,-0.1517445055204234,-0.0385422524901743,0.000985648129984,5558,111160,False," ; covariables : log_pop, share_women_1549, level_pre, pretrend_pre (doublement robuste) ; contrôle = not_yet_treated ; fenêtre 2003-2024 ; 5558 traitées, 0 jamais traitées sur la fenêtre ; ATT(g,t) identifiés jusqu'en 2022 (sans unité jamais traitée, la dernière cohorte sert de contrôle)",event,0.0,5558.0,0.0,0.0,2003.0,2024.0,2003.0,2022.0,5558.0,5.0,dr,3.0,1159.0,,,,,
robust,robustesse,H1,"log(naissances+0,5 / 1 000 f. 15-49)",sans 2020-2021,cs,5,-0.1559411436497219,0.0588624590217413,-0.2713094433737997,-0.0405728439256441,0.0080671548382453,5558,111160,False," ; covariables : log_pop, share_women_1549, level_pre, pretrend_pre (doublement robuste) ; contrôle = not_yet_treated ; fenêtre 2003-2024 ; 5558 traitées, 0 jamais traitées sur la fenêtre ; ATT(g,t) identifiés jusqu'en 2022 (sans unité jamais traitée, la dernière cohorte sert de contrôle)",event,0.0,5558.0,0.0,0.0,2003.0,2024.0,2003.0,2022.0,5558.0,5.0,dr,2.0,2922.0,,,,,
robust,robustesse,H1,"log(naissances+0,5 / 1 000 f. 15-49)",sans 2020-2021,cs,6,-0.3817155629723026,0.1480970835122002,-0.6719805128716357,-0.0914506130729695,0.0099526961580395,5558,111160,False," ; covariables : log_pop, share_women_1549, level_pre, pretrend_pre (doublement robuste) ; contrôle = not_yet_treated ; fenêtre 2003-2024 ; 5558 traitées, 0 jamais traitées sur la fenêtre ; ATT(g,t) identifiés jusqu'en 2022 (sans unité jamais traitée, la dernière cohorte sert de contrôle)",event,0.0,5558.0,0.0,0.0,2003.0,2024.0,2003.0,2022.0,5558.0,5.0,dr,1.0,551.0,,,,,
robust,robustesse,H1,"log(naissances+0,5 / 1 000 f. 15-49)",sans 2020-2021,cs,7,-0.4413669836308546,0.1462687391349722,-0.7280484443994846,-0.1546855228622247,0.0025486292824171,5558,111160,False," ; covariables : log_pop, share_women_1549, level_pre, pretrend_pre (doublement robuste) ; contrôle = not_yet_treated ; fenêtre 2003-2024 ; 5558 traitées, 0 jamais traitées sur la fenêtre ; ATT(g,t) identifiés jusqu'en 2022 (sans unité jamais traitée, la dernière cohorte sert de contrôle)",event,0.0,5558.0,0.0,0.0,2003.0,2024.0,2003.0,2022.0,5558.0,5.0,dr,1.0,294.0,,,,,
robust,robustesse,H1,"log(naissances+0,5 / 1 000 f. 15-49)",sans 2020-2021,cs,8,-0.5097770600732092,0.2209362221067954,-0.9428040982828704,-0.076750021863548,0.0210353495060283,5558,111160,False," ; covariables : log_pop, share_women_1549, level_pre, pretrend_pre (doublement robuste) ; contrôle = not_yet_treated ; fenêtre 2003-2024 ; 5558 traitées, 0 jamais traitées sur la fenêtre ; ATT(g,t) identifiés jusqu'en 2022 (sans unité jamais traitée, la dernière cohorte sert de contrôle)",event,0.0,5558.0,0.0,0.0,2003.0,2024.0,2003.0,2022.0,5558.0,5.0,dr,1.0,187.0,,,,,
robust,robustesse,H1,"log(naissances+0,5 / 1 000 f. 15-49)",sans 2020-2021,cs,"ATT[1,5]",-0.0302191569290476,0.0274992887699722,-0.0841167725186599,0.0236784586605646,0.2718086964326056,5558,111160,False," ; covariables : log_pop, share_women_1549, level_pre, pretrend_pre (doublement robuste) ; contrôle = not_yet_treated ; fenêtre 2003-2024 ; 5558 traitées, 0 jamais traitées sur la fenêtre ; ATT(g,t) identifiés jusqu'en 2022 (sans unité jamais traitée, la dernière cohorte sert de contrôle) ; écart-type avec covariance complète des coefficients (fonctions d'influence)",post_avg,0.0,5558.0,0.0,0.0,2003.0,2024.0,2003.0,2022.0,5558.0,5.0,dr,,,,,5.0,,
robust,robustesse,H1,"log(naissances+0,5 / 1 000 f. 15-49)",sans 2020-2021,cs,ATT,-0.0301091100263367,0.0224329767654951,-0.0740769365527311,0.0138587165000576,0.1795373900541773,5558,111160,False," ; covariables : log_pop, share_women_1549, level_pre, pretrend_pre (doublement robuste) ; contrôle = not_yet_treated ; fenêtre 2003-2024 ; 5558 traitées, 0 jamais traitées sur la fenêtre ; ATT(g,t) identifiés jusqu'en 2022 (sans unité jamais traitée, la dernière cohorte sert de contrôle) ; moyenne de tous les ATT(g,t) post",simple,0.0,5558.0,0.0,0.0,2003.0,2024.0,2003.0,2022.0,5558.0,5.0,dr,,,,,,,
robust,robustesse,H1,"log(naissances+0,5 / 1 000 f. 15-49)",sans 2020-2021,cs,Wald pré (-8..-2),4.976356364946188,,,,0.6628487079386378,5558,111160,False,"H5c : test de Wald joint de nullité des coefficients pré avec covariance des fonctions d'influence, df = 7 ; fenêtre 2003-2024 ; 5558 traitées, 0 jamais traitées sur la fenêtre",pre_test,0.0,5558.0,0.0,0.0,2003.0,2024.0,2003.0,2022.0,5558.0,5.0,dr,,,,,,7.0,
robust,robustesse,H1,"log(naissances+0,5 / 1 000 f. 15-49)",grappes = UF (27),cs,-8,0.0390486573141935,0.0440015559822145,-0.0471928076746699,0.125290122303057,0.3748430776123306,5558,122276,False," ; covariables : log_pop, share_women_1549, level_pre, pretrend_pre (doublement robuste) ; contrôle = not_yet_treated ; fenêtre 2003-2024 ; 5558 traitées, 0 jamais traitées sur la fenêtre ; ATT(g,t) identifiés jusqu'en 2022 (sans unité jamais traitée, la dernière cohorte sert de contrôle) ; grappes = uf (27)",event,0.0,5558.0,0.0,0.0,2003.0,2024.0,2003.0,2022.0,27.0,5.0,dr,9.0,5498.0,,,,,
robust,robustesse,H1,"log(naissances+0,5 / 1 000 f. 15-49)",grappes = UF (27),cs,-7,0.1023162140031688,0.1070083461209314,-0.1074162904390532,0.3120487184453908,0.3389955888383744,5558,122276,False," ; covariables : log_pop, share_women_1549, level_pre, pretrend_pre (doublement robuste) ; contrôle = not_yet_treated ; fenêtre 2003-2024 ; 5558 traitées, 0 jamais traitées sur la fenêtre ; ATT(g,t) identifiés jusqu'en 2022 (sans unité jamais traitée, la dernière cohorte sert de contrôle) ; grappes = uf (27)",event,0.0,5558.0,0.0,0.0,2003.0,2024.0,2003.0,2022.0,27.0,5.0,dr,9.0,5498.0,,,,,
robust,robustesse,H1,"log(naissances+0,5 / 1 000 f. 15-49)",grappes = UF (27),cs,-6,0.060419274944661,0.0597693395223845,-0.056726477898959,0.1775650277882811,0.312076710513505,5558,122276,False," ; covariables : log_pop, share_women_1549, level_pre, pretrend_pre (doublement robuste) ; contrôle = not_yet_treated ; fenêtre 2003-2024 ; 5558 traitées, 0 jamais traitées sur la fenêtre ; ATT(g,t) identifiés jusqu'en 2022 (sans unité jamais traitée, la dernière cohorte sert de contrôle) ; grappes = uf (27)",event,0.0,5558.0,0.0,0.0,2003.0,2024.0,2003.0,2022.0,27.0,5.0,dr,9.0,5498.0,,,,,
robust,robustesse,H1,"log(naissances+0,5 / 1 000 f. 15-49)",grappes = UF (27),cs,-5,0.0281699544814603,0.0348404918112231,-0.0401161546721997,0.0964560636351204,0.4187794052887724,5558,122276,False," ; covariables : log_pop, share_women_1549, level_pre, pretrend_pre (doublement robuste) ; contrôle = not_yet_treated ; fenêtre 2003-2024 ; 5558 traitées, 0 jamais traitées sur la fenêtre ; ATT(g,t) identifiés jusqu'en 2022 (sans unité jamais traitée, la dernière cohorte sert de contrôle) ; grappes = uf (27)",event,0.0,5558.0,0.0,0.0,2003.0,2024.0,2003.0,2022.0,27.0,5.0,dr,9.0,5498.0,,,,,
robust,robustesse,H1,"log(naissances+0,5 / 1 000 f. 15-49)",grappes = UF (27),cs,-4,0.0403994723900064,0.0415089103459327,-0.0409564969255238,0.1217554417055367,0.3304179886819339,5558,122276,False," ; covariables : log_pop, share_women_1549, level_pre, pretrend_pre (doublement robuste) ; contrôle = not_yet_treated ; fenêtre 2003-2024 ; 5558 traitées, 0 jamais traitées sur la fenêtre ; ATT(g,t) identifiés jusqu'en 2022 (sans unité jamais traitée, la dernière cohorte sert de contrôle) ; grappes = uf (27)",event,0.0,5558.0,0.0,0.0,2003.0,2024.0,2003.0,2022.0,27.0,5.0,dr,9.0,5498.0,,,,,
robust,robustesse,H1,"log(naissances+0,5 / 1 000 f. 15-49)",grappes = UF (27),cs,-3,-0.0140067081462431,0.0231592141768219,-0.0593979338430636,0.0313845175505774,0.5453114514166408,5558,122276,False," ; covariables : log_pop, share_women_1549, level_pre, pretrend_pre (doublement robuste) ; contrôle = not_yet_treated ; fenêtre 2003-2024 ; 5558 traitées, 0 jamais traitées sur la fenêtre ; ATT(g,t) identifiés jusqu'en 2022 (sans unité jamais traitée, la dernière cohorte sert de contrôle) ; grappes = uf (27)",event,0.0,5558.0,0.0,0.0,2003.0,2024.0,2003.0,2022.0,27.0,5.0,dr,9.0,5498.0,,,,,
robust,robustesse,H1,"log(naissances+0,5 / 1 000 f. 15-49)",grappes = UF (27),cs,-2,-0.0106032494536017,0.0148222149078686,-0.0396542568441369,0.0184477579369334,0.4743853805209689,5558,122276,False," ; covariables : log_pop, share_women_1549, level_pre, pretrend_pre (doublement robuste) ; contrôle = not_yet_treated ; fenêtre 2003-2024 ; 5558 traitées, 0 jamais traitées sur la fenêtre ; ATT(g,t) identifiés jusqu'en 2022 (sans unité jamais traitée, la dernière cohorte sert de contrôle) ; grappes = uf (27)",event,0.0,5558.0,0.0,0.0,2003.0,2024.0,2003.0,2022.0,27.0,5.0,dr,9.0,5498.0,,,,,
robust,robustesse,H1,"log(naissances+0,5 / 1 000 f. 15-49)",grappes = UF (27),cs,0,0.0041000197788198,0.0080482175051262,-0.0116741966709722,0.019874236228612,0.6104494302010229,5558,122276,False," ; covariables : log_pop, share_women_1549, level_pre, pretrend_pre (doublement robuste) ; contrôle = not_yet_treated ; fenêtre 2003-2024 ; 5558 traitées, 0 jamais traitées sur la fenêtre ; ATT(g,t) identifiés jusqu'en 2022 (sans unité jamais traitée, la dernière cohorte sert de contrôle) ; grappes = uf (27)",event,0.0,5558.0,0.0,0.0,2003.0,2024.0,2003.0,2022.0,27.0,5.0,dr,9.0,5498.0,,,,,
robust,robustesse,H1,"log(naissances+0,5 / 1 000 f. 15-49)",grappes = UF (27),cs,1,0.0215977307859265,0.0349234809207709,-0.0468510340335563,0.0900464956054093,0.5362918805850176,5558,122276,False," ; covariables : log_pop, share_women_1549, level_pre, pretrend_pre (doublement robuste) ; contrôle = not_yet_treated ; fenêtre 2003-2024 ; 5558 traitées, 0 jamais traitées sur la fenêtre ; ATT(g,t) identifiés jusqu'en 2022 (sans unité jamais traitée, la dernière cohorte sert de contrôle) ; grappes = uf (27)",event,0.0,5558.0,0.0,0.0,2003.0,2024.0,2003.0,2022.0,27.0,5.0,dr,8.0,5438.0,,,,,
robust,robustesse,H1,"log(naissances+0,5 / 1 000 f. 15-49)",grappes = UF (27),cs,2,0.0310307635705926,0.0441031374391556,-0.0554097974153725,0.1174713245565578,0.4816847917865428,5558,122276,False," ; covariables : log_pop, share_women_1549, level_pre, pretrend_pre (doublement robuste) ; contrôle = not_yet_treated ; fenêtre 2003-2024 ; 5558 traitées, 0 jamais traitées sur la fenêtre ; ATT(g,t) identifiés jusqu'en 2022 (sans unité jamais traitée, la dernière cohorte sert de contrôle) ; grappes = uf (27)",event,0.0,5558.0,0.0,0.0,2003.0,2024.0,2003.0,2022.0,27.0,5.0,dr,7.0,5268.0,,,,,
robust,robustesse,H1,"log(naissances+0,5 / 1 000 f. 15-49)",grappes = UF (27),cs,3,-0.0110041537675424,0.0243562480473934,-0.0587415227389576,0.0367332152038728,0.651413043103406,5558,122276,False," ; covariables : log_pop, share_women_1549, level_pre, pretrend_pre (doublement robuste) ; contrôle = not_yet_treated ; fenêtre 2003-2024 ; 5558 traitées, 0 jamais traitées sur la fenêtre ; ATT(g,t) identifiés jusqu'en 2022 (sans unité jamais traitée, la dernière cohorte sert de contrôle) ; grappes = uf (27)",event,0.0,5558.0,0.0,0.0,2003.0,2024.0,2003.0,2022.0,27.0,5.0,dr,6.0,4844.0,,,,,
robust,robustesse,H1,"log(naissances+0,5 / 1 000 f. 15-49)",grappes = UF (27),cs,4,-0.0736488096112047,0.0271653578785895,-0.1268919326803816,-0.0204056865420278,0.0067054383732078,5558,122276,False," ; covariables : log_pop, share_women_1549, level_pre, pretrend_pre (doublement robuste) ; contrôle = not_yet_treated ; fenêtre 2003-2024 ; 5558 traitées, 0 jamais traitées sur la fenêtre ; ATT(g,t) identifiés jusqu'en 2022 (sans unité jamais traitée, la dernière cohorte sert de contrôle) ; grappes = uf (27)",event,0.0,5558.0,0.0,0.0,2003.0,2024.0,2003.0,2022.0,27.0,5.0,dr,5.0,4445.0,,,,,
robust,robustesse,H1,"log(naissances+0,5 / 1 000 f. 15-49)",grappes = UF (27),cs,5,-0.1477085864119933,0.0736460297647403,-0.2920521523552493,-0.0033650204687374,0.0448929845370806,5558,122276,False," ; covariables : log_pop, share_women_1549, level_pre, pretrend_pre (doublement robuste) ; contrôle = not_yet_treated ; fenêtre 2003-2024 ; 5558 traitées, 0 jamais traitées sur la fenêtre ; ATT(g,t) identifiés jusqu'en 2022 (sans unité jamais traitée, la dernière cohorte sert de contrôle) ; grappes = uf (27)",event,0.0,5558.0,0.0,0.0,2003.0,2024.0,2003.0,2022.0,27.0,5.0,dr,4.0,3767.0,,,,,
robust,robustesse,H1,"log(naissances+0,5 / 1 000 f. 15-49)",grappes = UF (27),cs,6,-0.2412236087597811,0.1189367020395727,-0.4743352611973153,-0.0081119563222468,0.0425431083807168,5558,122276,False," ; covariables : log_pop, share_women_1549, level_pre, pretrend_pre (doublement robuste) ; contrôle = not_yet_treated ; fenêtre 2003-2024 ; 5558 traitées, 0 jamais traitées sur la fenêtre ; ATT(g,t) identifiés jusqu'en 2022 (sans unité jamais traitée, la dernière cohorte sert de contrôle) ; grappes = uf (27)",event,0.0,5558.0,0.0,0.0,2003.0,2024.0,2003.0,2022.0,27.0,5.0,dr,3.0,1032.0,,,,,
robust,robustesse,H1,"log(naissances+0,5 / 1 000 f. 15-49)",grappes = UF (27),cs,7,-0.2900918842741539,0.1620592957987978,-0.6077222673997209,0.0275384988514131,0.0734482128345847,5558,122276,False," ; covariables : log_pop, share_women_1549, level_pre, pretrend_pre (doublement robuste) ; contrôle = not_yet_treated ; fenêtre 2003-2024 ; 5558 traitées, 0 jamais traitées sur la fenêtre ; ATT(g,t) identifiés jusqu'en 2022 (sans unité jamais traitée, la dernière cohorte sert de contrôle) ; grappes = uf (27)",event,0.0,5558.0,0.0,0.0,2003.0,2024.0,2003.0,2022.0,27.0,5.0,dr,2.0,481.0,,,,,
robust,robustesse,H1,"log(naissances+0,5 / 1 000 f. 15-49)",grappes = UF (27),cs,8,-0.5097770600732092,0.2118775882816041,-0.9250495022363592,-0.0945046179100593,0.0161283516717923,5558,122276,False," ; covariables : log_pop, share_women_1549, level_pre, pretrend_pre (doublement robuste) ; contrôle = not_yet_treated ; fenêtre 2003-2024 ; 5558 traitées, 0 jamais traitées sur la fenêtre ; ATT(g,t) identifiés jusqu'en 2022 (sans unité jamais traitée, la dernière cohorte sert de contrôle) ; grappes = uf (27)",event,0.0,5558.0,0.0,0.0,2003.0,2024.0,2003.0,2022.0,27.0,5.0,dr,1.0,187.0,,,,,
robust,robustesse,H1,"log(naissances+0,5 / 1 000 f. 15-49)",grappes = UF (27),cs,"ATT[1,5]",-0.0359466110868442,0.0310450085693992,-0.0967937097826041,0.0249004876089156,0.2469101632006132,5558,122276,False," ; covariables : log_pop, share_women_1549, level_pre, pretrend_pre (doublement robuste) ; contrôle = not_yet_treated ; fenêtre 2003-2024 ; 5558 traitées, 0 jamais traitées sur la fenêtre ; ATT(g,t) identifiés jusqu'en 2022 (sans unité jamais traitée, la dernière cohorte sert de contrôle) ; grappes = uf (27) ; écart-type avec covariance complète des coefficients (fonctions d'influence)",post_avg,0.0,5558.0,0.0,0.0,2003.0,2024.0,2003.0,2022.0,27.0,5.0,dr,,,,,5.0,,
robust,robustesse,H1,"log(naissances+0,5 / 1 000 f. 15-49)",grappes = UF (27),cs,ATT,-0.0360928993587761,0.0235718392434895,-0.0822928553253835,0.0101070566078311,0.1257231246699205,5558,122276,False," ; covariables : log_pop, share_women_1549, level_pre, pretrend_pre (doublement robuste) ; contrôle = not_yet_treated ; fenêtre 2003-2024 ; 5558 traitées, 0 jamais traitées sur la fenêtre ; ATT(g,t) identifiés jusqu'en 2022 (sans unité jamais traitée, la dernière cohorte sert de contrôle) ; grappes = uf (27) ; moyenne de tous les ATT(g,t) post",simple,0.0,5558.0,0.0,0.0,2003.0,2024.0,2003.0,2022.0,27.0,5.0,dr,,,,,,,
robust,robustesse,H1,"log(naissances+0,5 / 1 000 f. 15-49)",grappes = UF (27),cs,Wald pré (-8..-2),2.034950177052583,,,,0.9578806308361804,5558,122276,False,"H5c : test de Wald joint de nullité des coefficients pré avec covariance des fonctions d'influence, df = 7 ; fenêtre 2003-2024 ; 5558 traitées, 0 jamais traitées sur la fenêtre",pre_test,0.0,5558.0,0.0,0.0,2003.0,2024.0,2003.0,2022.0,27.0,5.0,dr,,,,,,7.0,
robust,robustesse,H1,"log(naissances+0,5 / 1 000 f. 15-49)","grappes = UF (27) ; fenêtre identifiée ≤ 2022, cohorte 2023 = contrôle",twfe,-8,-0.1140356690486248,0.061081655877237,-0.2337535146840787,0.0056821765868289,0.0619102359890987,5558,122276,False," ; fenêtre 2003-2024 ; 5558 traitées, 0 jamais traitées sur la fenêtre ; covariables invariantes dans le temps absorbées par les effets fixes unité : log_pop, share_women_1549, level_pre, pretrend_pre ; comparaisons sur la fenêtre identifiée (années < 2023, cohorte 2023 recodée contrôle, 60 unités de contrôle) ; cellules −8 et +8 bornées",event,0.0,5558.0,0.0,0.0,2003.0,2024.0,,,,,,,,,,,,
robust,robustesse,H1,"log(naissances+0,5 / 1 000 f. 15-49)","grappes = UF (27) ; fenêtre identifiée ≤ 2022, cohorte 2023 = contrôle",twfe,-7,-0.1057049372128581,0.0480249748548591,-0.1998321582868238,-0.0115777161388924,0.0277331236101845,5558,122276,False," ; fenêtre 2003-2024 ; 5558 traitées, 0 jamais traitées sur la fenêtre ; covariables invariantes dans le temps absorbées par les effets fixes unité : log_pop, share_women_1549, level_pre, pretrend_pre ; comparaisons sur la fenêtre identifiée (années < 2023, cohorte 2023 recodée contrôle, 60 unités de contrôle) ; cellules −8 et +8 bornées",event,0.0,5558.0,0.0,0.0,2003.0,2024.0,,,,,,,,,,,,
robust,robustesse,H1,"log(naissances+0,5 / 1 000 f. 15-49)","grappes = UF (27) ; fenêtre identifiée ≤ 2022, cohorte 2023 = contrôle",twfe,-6,-0.0926600173571757,0.0404967155029694,-0.1720321212351606,-0.0132879134791908,0.0221324421076372,5558,122276,False," ; fenêtre 2003-2024 ; 5558 traitées, 0 jamais traitées sur la fenêtre ; covariables invariantes dans le temps absorbées par les effets fixes unité : log_pop, share_women_1549, level_pre, pretrend_pre ; comparaisons sur la fenêtre identifiée (années < 2023, cohorte 2023 recodée contrôle, 60 unités de contrôle) ; cellules −8 et +8 bornées",event,0.0,5558.0,0.0,0.0,2003.0,2024.0,,,,,,,,,,,,
robust,robustesse,H1,"log(naissances+0,5 / 1 000 f. 15-49)","grappes = UF (27) ; fenêtre identifiée ≤ 2022, cohorte 2023 = contrôle",twfe,-5,-0.0801243784526937,0.033262454734393,-0.1453175917694978,-0.0149311651358896,0.0160027229440557,5558,122276,False," ; fenêtre 2003-2024 ; 5558 traitées, 0 jamais traitées sur la fenêtre ; covariables invariantes dans le temps absorbées par les effets fixes unité : log_pop, share_women_1549, level_pre, pretrend_pre ; comparaisons sur la fenêtre identifiée (années < 2023, cohorte 2023 recodée contrôle, 60 unités de contrôle) ; cellules −8 et +8 bornées",event,0.0,5558.0,0.0,0.0,2003.0,2024.0,,,,,,,,,,,,
robust,robustesse,H1,"log(naissances+0,5 / 1 000 f. 15-49)","grappes = UF (27) ; fenêtre identifiée ≤ 2022, cohorte 2023 = contrôle",twfe,-4,-0.0605145821609993,0.0240878825381381,-0.1077259643995814,-0.0133031999224172,0.0119966903472877,5558,122276,False," ; fenêtre 2003-2024 ; 5558 traitées, 0 jamais traitées sur la fenêtre ; covariables invariantes dans le temps absorbées par les effets fixes unité : log_pop, share_women_1549, level_pre, pretrend_pre ; comparaisons sur la fenêtre identifiée (années < 2023, cohorte 2023 recodée contrôle, 60 unités de contrôle) ; cellules −8 et +8 bornées",event,0.0,5558.0,0.0,0.0,2003.0,2024.0,,,,,,,,,,,,
robust,robustesse,H1,"log(naissances+0,5 / 1 000 f. 15-49)","grappes = UF (27) ; fenêtre identifiée ≤ 2022, cohorte 2023 = contrôle",twfe,-3,-0.0382685100238784,0.0156196067950409,-0.0688823767948358,-0.0076546432529209,0.0142844191125666,5558,122276,False," ; fenêtre 2003-2024 ; 5558 traitées, 0 jamais traitées sur la fenêtre ; covariables invariantes dans le temps absorbées par les effets fixes unité : log_pop, share_women_1549, level_pre, pretrend_pre ; comparaisons sur la fenêtre identifiée (années < 2023, cohorte 2023 recodée contrôle, 60 unités de contrôle) ; cellules −8 et +8 bornées",event,0.0,5558.0,0.0,0.0,2003.0,2024.0,,,,,,,,,,,,
robust,robustesse,H1,"log(naissances+0,5 / 1 000 f. 15-49)","grappes = UF (27) ; fenêtre identifiée ≤ 2022, cohorte 2023 = contrôle",twfe,-2,-0.020300144875368,0.0086986086715809,-0.0373491045872745,-0.0032511851634616,0.0196102204088621,5558,122276,False," ; fenêtre 2003-2024 ; 5558 traitées, 0 jamais traitées sur la fenêtre ; covariables invariantes dans le temps absorbées par les effets fixes unité : log_pop, share_women_1549, level_pre, pretrend_pre ; comparaisons sur la fenêtre identifiée (années < 2023, cohorte 2023 recodée contrôle, 60 unités de contrôle) ; cellules −8 et +8 bornées",event,0.0,5558.0,0.0,0.0,2003.0,2024.0,,,,,,,,,,,,
robust,robustesse,H1,"log(naissances+0,5 / 1 000 f. 15-49)","grappes = UF (27) ; fenêtre identifiée ≤ 2022, cohorte 2023 = contrôle",twfe,0,0.0150921861088196,0.0085788173366242,-0.0017219869009118,0.031906359118551,0.0785370002828845,5558,122276,False," ; fenêtre 2003-2024 ; 5558 traitées, 0 jamais traitées sur la fenêtre ; covariables invariantes dans le temps absorbées par les effets fixes unité : log_pop, share_women_1549, level_pre, pretrend_pre ; comparaisons sur la fenêtre identifiée (années < 2023, cohorte 2023 recodée contrôle, 60 unités de contrôle) ; cellules −8 et +8 bornées",event,0.0,5558.0,0.0,0.0,2003.0,2024.0,,,,,,,,,,,,
robust,robustesse,H1,"log(naissances+0,5 / 1 000 f. 15-49)","grappes = UF (27) ; fenêtre identifiée ≤ 2022, cohorte 2023 = contrôle",twfe,1,0.0263020148048937,0.0165168216553203,-0.0060703607786054,0.0586743903883929,0.111286318712913,5558,122276,False," ; fenêtre 2003-2024 ; 5558 traitées, 0 jamais traitées sur la fenêtre ; covariables invariantes dans le temps absorbées par les effets fixes unité : log_pop, share_women_1549, level_pre, pretrend_pre ; comparaisons sur la fenêtre identifiée (années < 2023, cohorte 2023 recodée contrôle, 60 unités de contrôle) ; cellules −8 et +8 bornées",event,0.0,5558.0,0.0,0.0,2003.0,2024.0,,,,,,,,,,,,
robust,robustesse,H1,"log(naissances+0,5 / 1 000 f. 15-49)","grappes = UF (27) ; fenêtre identifiée ≤ 2022, cohorte 2023 = contrôle",twfe,2,0.0328404908477908,0.0255501898432015,-0.0172369610430452,0.0829179427386268,0.1986760978034861,5558,122276,False," ; fenêtre 2003-2024 ; 5558 traitées, 0 jamais traitées sur la fenêtre ; covariables invariantes dans le temps absorbées par les effets fixes unité : log_pop, share_women_1549, level_pre, pretrend_pre ; comparaisons sur la fenêtre identifiée (années < 2023, cohorte 2023 recodée contrôle, 60 unités de contrôle) ; cellules −8 et +8 bornées",event,0.0,5558.0,0.0,0.0,2003.0,2024.0,,,,,,,,,,,,
robust,robustesse,H1,"log(naissances+0,5 / 1 000 f. 15-49)","grappes = UF (27) ; fenêtre identifiée ≤ 2022, cohorte 2023 = contrôle",twfe,3,0.0441478472867968,0.0335775686260043,-0.0216629779085938,0.1099586724821874,0.1885765261869949,5558,122276,False," ; fenêtre 2003-2024 ; 5558 traitées, 0 jamais traitées sur la fenêtre ; covariables invariantes dans le temps absorbées par les effets fixes unité : log_pop, share_women_1549, level_pre, pretrend_pre ; comparaisons sur la fenêtre identifiée (années < 2023, cohorte 2023 recodée contrôle, 60 unités de contrôle) ; cellules −8 et +8 bornées",event,0.0,5558.0,0.0,0.0,2003.0,2024.0,,,,,,,,,,,,
robust,robustesse,H1,"log(naissances+0,5 / 1 000 f. 15-49)","grappes = UF (27) ; fenêtre identifiée ≤ 2022, cohorte 2023 = contrôle",twfe,4,0.0373413285514687,0.0412772937240596,-0.0435606805269694,0.1182433376299068,0.3656530871598072,5558,122276,False," ; fenêtre 2003-2024 ; 5558 traitées, 0 jamais traitées sur la fenêtre ; covariables invariantes dans le temps absorbées par les effets fixes unité : log_pop, share_women_1549, level_pre, pretrend_pre ; comparaisons sur la fenêtre identifiée (années < 2023, cohorte 2023 recodée contrôle, 60 unités de contrôle) ; cellules −8 et +8 bornées",event,0.0,5558.0,0.0,0.0,2003.0,2024.0,,,,,,,,,,,,
robust,robustesse,H1,"log(naissances+0,5 / 1 000 f. 15-49)","grappes = UF (27) ; fenêtre identifiée ≤ 2022, cohorte 2023 = contrôle",twfe,5,0.0348165764693252,0.0519506977899271,-0.0670049201706566,0.136638073109307,0.5027398884261991,5558,122276,False," ; fenêtre 2003-2024 ; 5558 traitées, 0 jamais traitées sur la fenêtre ; covariables invariantes dans le temps absorbées par les effets fixes unité : log_pop, share_women_1549, level_pre, pretrend_pre ; comparaisons sur la fenêtre identifiée (années < 2023, cohorte 2023 recodée contrôle, 60 unités de contrôle) ; cellules −8 et +8 bornées",event,0.0,5558.0,0.0,0.0,2003.0,2024.0,,,,,,,,,,,,
robust,robustesse,H1,"log(naissances+0,5 / 1 000 f. 15-49)","grappes = UF (27) ; fenêtre identifiée ≤ 2022, cohorte 2023 = contrôle",twfe,6,0.0384267134028913,0.0586304838635801,-0.0764869233658825,0.1533403501716652,0.5122070207772123,5558,122276,False," ; fenêtre 2003-2024 ; 5558 traitées, 0 jamais traitées sur la fenêtre ; covariables invariantes dans le temps absorbées par les effets fixes unité : log_pop, share_women_1549, level_pre, pretrend_pre ; comparaisons sur la fenêtre identifiée (années < 2023, cohorte 2023 recodée contrôle, 60 unités de contrôle) ; cellules −8 et +8 bornées",event,0.0,5558.0,0.0,0.0,2003.0,2024.0,,,,,,,,,,,,
robust,robustesse,H1,"log(naissances+0,5 / 1 000 f. 15-49)","grappes = UF (27) ; fenêtre identifiée ≤ 2022, cohorte 2023 = contrôle",twfe,7,0.0418269353976998,0.0678241052864798,-0.0911058682474534,0.1747597390428531,0.5374344725614757,5558,122276,False," ; fenêtre 2003-2024 ; 5558 traitées, 0 jamais traitées sur la fenêtre ; covariables invariantes dans le temps absorbées par les effets fixes unité : log_pop, share_women_1549, level_pre, pretrend_pre ; comparaisons sur la fenêtre identifiée (années < 2023, cohorte 2023 recodée contrôle, 60 unités de contrôle) ; cellules −8 et +8 bornées",event,0.0,5558.0,0.0,0.0,2003.0,2024.0,,,,,,,,,,,,
robust,robustesse,H1,"log(naissances+0,5 / 1 000 f. 15-49)","grappes = UF (27) ; fenêtre identifiée ≤ 2022, cohorte 2023 = contrôle",twfe,8,0.0212983533830608,0.0737014505250253,-0.1231538352543494,0.1657505420204711,0.7725955590465358,5558,122276,False," ; fenêtre 2003-2024 ; 5558 traitées, 0 jamais traitées sur la fenêtre ; covariables invariantes dans le temps absorbées par les effets fixes unité : log_pop, share_women_1549, level_pre, pretrend_pre ; comparaisons sur la fenêtre identifiée (années < 2023, cohorte 2023 recodée contrôle, 60 unités de contrôle) ; cellules −8 et +8 bornées",event,0.0,5558.0,0.0,0.0,2003.0,2024.0,,,,,,,,,,,,
robust,robustesse,H1,"log(naissances+0,5 / 1 000 f. 15-49)","grappes = UF (27) ; fenêtre identifiée ≤ 2022, cohorte 2023 = contrôle",twfe,"ATT[1,5]",0.035089651592055,0.0335008896905666,-0.0305708856515048,0.1007501888356149,0.2949038512220414,5558,122276,False," ; fenêtre 2003-2024 ; 5558 traitées, 0 jamais traitées sur la fenêtre ; covariables invariantes dans le temps absorbées par les effets fixes unité : log_pop, share_women_1549, level_pre, pretrend_pre ; comparaisons sur la fenêtre identifiée (années < 2023, cohorte 2023 recodée contrôle, 60 unités de contrôle) ; écart-type avec covariance complète (w'Vw)",post_avg,0.0,5558.0,0.0,0.0,2003.0,2024.0,,,,,,,,,,,,
robust,robustesse,H1,"log(naissances+0,5 / 1 000 f. 15-49)","grappes = UF (27) ; fenêtre identifiée ≤ 2022, cohorte 2023 = contrôle",twfe,Wald pré (-8..−2),32.5780549066432,,,,3.1723552119945765e-05,5558,122276,False,"test de Wald joint, covariance groupée, df = 7 ; fenêtre 2003-2024 ; 5558 traitées, 0 jamais traitées sur la fenêtre",pre_test,0.0,5558.0,0.0,0.0,2003.0,2024.0,,,,,,,,,,,7.0,
robust,robustesse,H1,"log(naissances+0,5 / 1 000 f. 15-49)","grappes = UF (27) ; fenêtre identifiée ≤ 2022, cohorte 2023 = contrôle",twfe,ATT,0.030190591338805,0.0128874471522182,0.0049316590677939,0.0554495236098161,0.0191480790817294,5558,122276,False," ; fenêtre 2003-2024 ; 5558 traitées, 0 jamais traitées sur la fenêtre ; covariables invariantes dans le temps absorbées par les effets fixes unité : log_pop, share_women_1549, level_pre, pretrend_pre ; comparaisons sur la fenêtre identifiée (années < 2023, cohorte 2023 recodée contrôle, 60 unités de contrôle)",static,0.0,5558.0,0.0,0.0,2003.0,2024.0,,,,,,,,,,,,
robust,robustesse,H1,"log(naissances+0,5 / 1 000 f. 15-49)",grappes = UF (27) ; fenêtre complète,twfe,ATT,0.0320728934918342,0.011745872620888,0.0090514061878985,0.0550943807957699,0.0063225458409482,5558,122276,True," ; fenêtre 2003-2024 ; 5558 traitées, 0 jamais traitées sur la fenêtre ; covariables invariantes dans le temps absorbées par les effets fixes unité : log_pop, share_women_1549, level_pre, pretrend_pre ; TWFE sur toutes les années (identification par le calendrier des bascules seulement)",static,0.0,5558.0,0.0,0.0,2003.0,2024.0,,,,,,,,,,,,
robust,robustesse,H1,"log(naissances+0,5 / 1 000 f. 15-49)","pondéré par les femmes 15-49, CS sans covariables",cs,-8,-0.0764308243124066,0.0076819571074078,-0.0914871835737076,-0.0613744650511057,2.5372139435236226e-23,5558,122276,True,"pondération (A2) ; contrôle = not_yet_treated ; fenêtre 2003-2024 ; 5558 traitées, 0 jamais traitées sur la fenêtre ; ATT(g,t) identifiés jusqu'en 2022 (sans unité jamais traitée, la dernière cohorte sert de contrôle) ; pondéré par women",event,0.0,5558.0,0.0,0.0,2003.0,2024.0,2003.0,2022.0,5558.0,5.0,reg,9.0,5498.0,,,,,
robust,robustesse,H1,"log(naissances+0,5 / 1 000 f. 15-49)","pondéré par les femmes 15-49, CS sans covariables",cs,-7,-0.0636799654779072,0.0064887365015287,-0.076397655326074,-0.0509622756297405,9.807892660283024e-23,5558,122276,True,"pondération (A2) ; contrôle = not_yet_treated ; fenêtre 2003-2024 ; 5558 traitées, 0 jamais traitées sur la fenêtre ; ATT(g,t) identifiés jusqu'en 2022 (sans unité jamais traitée, la dernière cohorte sert de contrôle) ; pondéré par women",event,0.0,5558.0,0.0,0.0,2003.0,2024.0,2003.0,2022.0,5558.0,5.0,reg,9.0,5498.0,,,,,
robust,robustesse,H1,"log(naissances+0,5 / 1 000 f. 15-49)","pondéré par les femmes 15-49, CS sans covariables",cs,-6,-0.0578114339479375,0.0064939366101276,-0.0705393158216739,-0.0450835520742011,5.466611724233731e-19,5558,122276,True,"pondération (A2) ; contrôle = not_yet_treated ; fenêtre 2003-2024 ; 5558 traitées, 0 jamais traitées sur la fenêtre ; ATT(g,t) identifiés jusqu'en 2022 (sans unité jamais traitée, la dernière cohorte sert de contrôle) ; pondéré par women",event,0.0,5558.0,0.0,0.0,2003.0,2024.0,2003.0,2022.0,5558.0,5.0,reg,9.0,5498.0,,,,,
robust,robustesse,H1,"log(naissances+0,5 / 1 000 f. 15-49)","pondéré par les femmes 15-49, CS sans covariables",cs,-5,-0.041556541218454,0.0058326152000259,-0.0529882569461858,-0.0301248254907221,1.0418984183363505e-12,5558,122276,True,"pondération (A2) ; contrôle = not_yet_treated ; fenêtre 2003-2024 ; 5558 traitées, 0 jamais traitées sur la fenêtre ; ATT(g,t) identifiés jusqu'en 2022 (sans unité jamais traitée, la dernière cohorte sert de contrôle) ; pondéré par women",event,0.0,5558.0,0.0,0.0,2003.0,2024.0,2003.0,2022.0,5558.0,5.0,reg,9.0,5498.0,,,,,
robust,robustesse,H1,"log(naissances+0,5 / 1 000 f. 15-49)","pondéré par les femmes 15-49, CS sans covariables",cs,-4,-0.0245230354615131,0.004462155598974,-0.033268699728916,-0.0157773711941102,3.889822833758125e-08,5558,122276,True,"pondération (A2) ; contrôle = not_yet_treated ; fenêtre 2003-2024 ; 5558 traitées, 0 jamais traitées sur la fenêtre ; ATT(g,t) identifiés jusqu'en 2022 (sans unité jamais traitée, la dernière cohorte sert de contrôle) ; pondéré par women",event,0.0,5558.0,0.0,0.0,2003.0,2024.0,2003.0,2022.0,5558.0,5.0,reg,9.0,5498.0,,,,,
robust,robustesse,H1,"log(naissances+0,5 / 1 000 f. 15-49)","pondéré par les femmes 15-49, CS sans covariables",cs,-3,-0.0171175941012381,0.0036179384094547,-0.0242086230820537,-0.0100265651204226,2.230737520402471e-06,5558,122276,True,"pondération (A2) ; contrôle = not_yet_treated ; fenêtre 2003-2024 ; 5558 traitées, 0 jamais traitées sur la fenêtre ; ATT(g,t) identifiés jusqu'en 2022 (sans unité jamais traitée, la dernière cohorte sert de contrôle) ; pondéré par women",event,0.0,5558.0,0.0,0.0,2003.0,2024.0,2003.0,2022.0,5558.0,5.0,reg,9.0,5498.0,,,,,
robust,robustesse,H1,"log(naissances+0,5 / 1 000 f. 15-49)","pondéré par les femmes 15-49, CS sans covariables",cs,-2,-0.0022639419614296,0.0037521110673727,-0.0096179445194743,0.005090060596615,0.5462571319728335,5558,122276,True,"pondération (A2) ; contrôle = not_yet_treated ; fenêtre 2003-2024 ; 5558 traitées, 0 jamais traitées sur la fenêtre ; ATT(g,t) identifiés jusqu'en 2022 (sans unité jamais traitée, la dernière cohorte sert de contrôle) ; pondéré par women",event,0.0,5558.0,0.0,0.0,2003.0,2024.0,2003.0,2022.0,5558.0,5.0,reg,9.0,5498.0,,,,,
robust,robustesse,H1,"log(naissances+0,5 / 1 000 f. 15-49)","pondéré par les femmes 15-49, CS sans covariables",cs,0,-0.0004843499574577,0.0029395992527618,-0.0062458586218517,0.0052771587069362,0.8691271094260604,5558,122276,True,"pondération (A2) ; contrôle = not_yet_treated ; fenêtre 2003-2024 ; 5558 traitées, 0 jamais traitées sur la fenêtre ; ATT(g,t) identifiés jusqu'en 2022 (sans unité jamais traitée, la dernière cohorte sert de contrôle) ; pondéré par women",event,0.0,5558.0,0.0,0.0,2003.0,2024.0,2003.0,2022.0,5558.0,5.0,reg,9.0,5498.0,,,,,
robust,robustesse,H1,"log(naissances+0,5 / 1 000 f. 15-49)","pondéré par les femmes 15-49, CS sans covariables",cs,1,-0.0102380768601587,0.0039752336986267,-0.0180293917395971,-0.0024467619807203,0.0100105287467022,5558,122276,True,"pondération (A2) ; contrôle = not_yet_treated ; fenêtre 2003-2024 ; 5558 traitées, 0 jamais traitées sur la fenêtre ; ATT(g,t) identifiés jusqu'en 2022 (sans unité jamais traitée, la dernière cohorte sert de contrôle) ; pondéré par women",event,0.0,5558.0,0.0,0.0,2003.0,2024.0,2003.0,2022.0,5558.0,5.0,reg,8.0,5438.0,,,,,
robust,robustesse,H1,"log(naissances+0,5 / 1 000 f. 15-49)","pondéré par les femmes 15-49, CS sans covariables",cs,2,-0.0227560630445095,0.0046726486630507,-0.0319142861364982,-0.0135978399525207,1.1156633672340167e-06,5558,122276,True,"pondération (A2) ; contrôle = not_yet_treated ; fenêtre 2003-2024 ; 5558 traitées, 0 jamais traitées sur la fenêtre ; ATT(g,t) identifiés jusqu'en 2022 (sans unité jamais traitée, la dernière cohorte sert de contrôle) ; pondéré par women",event,0.0,5558.0,0.0,0.0,2003.0,2024.0,2003.0,2022.0,5558.0,5.0,reg,7.0,5268.0,,,,,
robust,robustesse,H1,"log(naissances+0,5 / 1 000 f. 15-49)","pondéré par les femmes 15-49, CS sans covariables",cs,3,-0.0439153095391314,0.0070404581873607,-0.0577143540210186,-0.0301162650572441,4.44436893466893e-10,5558,122276,True,"pondération (A2) ; contrôle = not_yet_treated ; fenêtre 2003-2024 ; 5558 traitées, 0 jamais traitées sur la fenêtre ; ATT(g,t) identifiés jusqu'en 2022 (sans unité jamais traitée, la dernière cohorte sert de contrôle) ; pondéré par women",event,0.0,5558.0,0.0,0.0,2003.0,2024.0,2003.0,2022.0,5558.0,5.0,reg,6.0,4844.0,,,,,
robust,robustesse,H1,"log(naissances+0,5 / 1 000 f. 15-49)","pondéré par les femmes 15-49, CS sans covariables",cs,4,-0.0785253986993179,0.009771162609228,-0.0976765255004892,-0.0593742718981465,9.248337420983304e-16,5558,122276,True,"pondération (A2) ; contrôle = not_yet_treated ; fenêtre 2003-2024 ; 5558 traitées, 0 jamais traitées sur la fenêtre ; ATT(g,t) identifiés jusqu'en 2022 (sans unité jamais traitée, la dernière cohorte sert de contrôle) ; pondéré par women",event,0.0,5558.0,0.0,0.0,2003.0,2024.0,2003.0,2022.0,5558.0,5.0,reg,5.0,4445.0,,,,,
robust,robustesse,H1,"log(naissances+0,5 / 1 000 f. 15-49)","pondéré par les femmes 15-49, CS sans covariables",cs,5,-0.1167634508752834,0.0175123316573704,-0.1510869902090501,-0.0824399115415167,2.6019953128804532e-11,5558,122276,True,"pondération (A2) ; contrôle = not_yet_treated ; fenêtre 2003-2024 ; 5558 traitées, 0 jamais traitées sur la fenêtre ; ATT(g,t) identifiés jusqu'en 2022 (sans unité jamais traitée, la dernière cohorte sert de contrôle) ; pondéré par women",event,0.0,5558.0,0.0,0.0,2003.0,2024.0,2003.0,2022.0,5558.0,5.0,reg,4.0,3767.0,,,,,
robust,robustesse,H1,"log(naissances+0,5 / 1 000 f. 15-49)","pondéré par les femmes 15-49, CS sans covariables",cs,6,-0.1478072902236794,0.0193292584120265,-0.1856919405591193,-0.1099226398882394,2.060161475499216e-14,5558,122276,True,"pondération (A2) ; contrôle = not_yet_treated ; fenêtre 2003-2024 ; 5558 traitées, 0 jamais traitées sur la fenêtre ; ATT(g,t) identifiés jusqu'en 2022 (sans unité jamais traitée, la dernière cohorte sert de contrôle) ; pondéré par women",event,0.0,5558.0,0.0,0.0,2003.0,2024.0,2003.0,2022.0,5558.0,5.0,reg,3.0,1032.0,,,,,
robust,robustesse,H1,"log(naissances+0,5 / 1 000 f. 15-49)","pondéré par les femmes 15-49, CS sans covariables",cs,7,-0.1660466904624571,0.0263233886549382,-0.2176395841771863,-0.1144537967477279,2.827505965271451e-10,5558,122276,True,"pondération (A2) ; contrôle = not_yet_treated ; fenêtre 2003-2024 ; 5558 traitées, 0 jamais traitées sur la fenêtre ; ATT(g,t) identifiés jusqu'en 2022 (sans unité jamais traitée, la dernière cohorte sert de contrôle) ; pondéré par women",event,0.0,5558.0,0.0,0.0,2003.0,2024.0,2003.0,2022.0,5558.0,5.0,reg,2.0,481.0,,,,,
robust,robustesse,H1,"log(naissances+0,5 / 1 000 f. 15-49)","pondéré par les femmes 15-49, CS sans covariables",cs,8,-0.2425538915678287,0.0511907701067133,-0.3428859573178565,-0.1422218258178008,2.1558786351934243e-06,5558,122276,True,"pondération (A2) ; contrôle = not_yet_treated ; fenêtre 2003-2024 ; 5558 traitées, 0 jamais traitées sur la fenêtre ; ATT(g,t) identifiés jusqu'en 2022 (sans unité jamais traitée, la dernière cohorte sert de contrôle) ; pondéré par women",event,0.0,5558.0,0.0,0.0,2003.0,2024.0,2003.0,2022.0,5558.0,5.0,reg,1.0,187.0,,,,,
robust,robustesse,H1,"log(naissances+0,5 / 1 000 f. 15-49)","pondéré par les femmes 15-49, CS sans covariables",cs,"ATT[1,5]",-0.0544396598036802,0.0070712169845999,-0.0682989904203639,-0.0405803291869964,1.3738422704819427e-14,5558,122276,True,"pondération (A2) ; contrôle = not_yet_treated ; fenêtre 2003-2024 ; 5558 traitées, 0 jamais traitées sur la fenêtre ; ATT(g,t) identifiés jusqu'en 2022 (sans unité jamais traitée, la dernière cohorte sert de contrôle) ; pondéré par women ; écart-type avec covariance complète des coefficients (fonctions d'influence)",post_avg,0.0,5558.0,0.0,0.0,2003.0,2024.0,2003.0,2022.0,5558.0,5.0,reg,,,,,5.0,,
robust,robustesse,H1,"log(naissances+0,5 / 1 000 f. 15-49)","pondéré par les femmes 15-49, CS sans covariables",cs,ATT,-0.0756963640771654,0.0101154789138535,-0.0955223384346928,-0.0558703897196381,7.252278017974315e-14,5558,122276,True,"pondération (A2) ; contrôle = not_yet_treated ; fenêtre 2003-2024 ; 5558 traitées, 0 jamais traitées sur la fenêtre ; ATT(g,t) identifiés jusqu'en 2022 (sans unité jamais traitée, la dernière cohorte sert de contrôle) ; pondéré par women ; moyenne de tous les ATT(g,t) post",simple,0.0,5558.0,0.0,0.0,2003.0,2024.0,2003.0,2022.0,5558.0,5.0,reg,,,,,,,
robust,robustesse,H1,"log(naissances+0,5 / 1 000 f. 15-49)","pondéré par les femmes 15-49, CS sans covariables",cs,Wald pré (-8..-2),119.53521955694478,,,,9.573763887648674e-23,5558,122276,True,"H5c : test de Wald joint de nullité des coefficients pré avec covariance des fonctions d'influence, df = 7 ; fenêtre 2003-2024 ; 5558 traitées, 0 jamais traitées sur la fenêtre",pre_test,0.0,5558.0,0.0,0.0,2003.0,2024.0,2003.0,2022.0,5558.0,5.0,reg,,,,,,7.0,
robust,robustesse,H1,"log(naissances+0,5 / 1 000 f. 15-49)",traitement = 4G par ≥ 2 opérateurs,cs,-8,0.0720829150086859,0.0424701450692838,-0.0111570397453017,0.1553228697626735,0.0896473532166978,5558,122276,False," ; covariables : log_pop, share_women_1549, level_pre, pretrend_pre (doublement robuste) ; contrôle = not_yet_treated ; fenêtre 2003-2024 ; 5512 traitées, 46 jamais traitées sur la fenêtre (dont 18 traitées après 2024)",event,46.0,5512.0,18.0,0.0,2003.0,2024.0,2003.0,2024.0,5558.0,5.0,dr,11.0,5512.0,,,,,
robust,robustesse,H1,"log(naissances+0,5 / 1 000 f. 15-49)",traitement = 4G par ≥ 2 opérateurs,cs,-7,0.1888941469674199,0.1235717193269064,-0.0533019724210087,0.4310902663558486,0.1263587846442961,5558,122276,False," ; covariables : log_pop, share_women_1549, level_pre, pretrend_pre (doublement robuste) ; contrôle = not_yet_treated ; fenêtre 2003-2024 ; 5512 traitées, 46 jamais traitées sur la fenêtre (dont 18 traitées après 2024)",event,46.0,5512.0,18.0,0.0,2003.0,2024.0,2003.0,2024.0,5558.0,5.0,dr,11.0,5512.0,,,,,
robust,robustesse,H1,"log(naissances+0,5 / 1 000 f. 15-49)",traitement = 4G par ≥ 2 opérateurs,cs,-6,0.1012350483054257,0.0611122155546065,-0.0185426931970517,0.2210127898079031,0.0976117873418316,5558,122276,False," ; covariables : log_pop, share_women_1549, level_pre, pretrend_pre (doublement robuste) ; contrôle = not_yet_treated ; fenêtre 2003-2024 ; 5512 traitées, 46 jamais traitées sur la fenêtre (dont 18 traitées après 2024)",event,46.0,5512.0,18.0,0.0,2003.0,2024.0,2003.0,2024.0,5558.0,5.0,dr,11.0,5512.0,,,,,
robust,robustesse,H1,"log(naissances+0,5 / 1 000 f. 15-49)",traitement = 4G par ≥ 2 opérateurs,cs,-5,0.0454622086579161,0.0246657760212869,-0.0028818239945379,0.0938062413103701,0.0653101688399312,5558,122276,False," ; covariables : log_pop, share_women_1549, level_pre, pretrend_pre (doublement robuste) ; contrôle = not_yet_treated ; fenêtre 2003-2024 ; 5512 traitées, 46 jamais traitées sur la fenêtre (dont 18 traitées après 2024)",event,46.0,5512.0,18.0,0.0,2003.0,2024.0,2003.0,2024.0,5558.0,5.0,dr,11.0,5512.0,,,,,
robust,robustesse,H1,"log(naissances+0,5 / 1 000 f. 15-49)",traitement = 4G par ≥ 2 opérateurs,cs,-4,0.0671033088835191,0.0360961555781431,-0.003643856029996,0.1378504737970342,0.0630249564077039,5558,122276,False," ; covariables : log_pop, share_women_1549, level_pre, pretrend_pre (doublement robuste) ; contrôle = not_yet_treated ; fenêtre 2003-2024 ; 5512 traitées, 46 jamais traitées sur la fenêtre (dont 18 traitées après 2024)",event,46.0,5512.0,18.0,0.0,2003.0,2024.0,2003.0,2024.0,5558.0,5.0,dr,11.0,5512.0,,,,,
robust,robustesse,H1,"log(naissances+0,5 / 1 000 f. 15-49)",traitement = 4G par ≥ 2 opérateurs,cs,-3,-0.0340307315504708,0.0286360485319225,-0.09015635533258,0.0220948922316383,0.2346806492198044,5558,122276,False," ; covariables : log_pop, share_women_1549, level_pre, pretrend_pre (doublement robuste) ; contrôle = not_yet_treated ; fenêtre 2003-2024 ; 5512 traitées, 46 jamais traitées sur la fenêtre (dont 18 traitées après 2024)",event,46.0,5512.0,18.0,0.0,2003.0,2024.0,2003.0,2024.0,5558.0,5.0,dr,11.0,5512.0,,,,,
robust,robustesse,H1,"log(naissances+0,5 / 1 000 f. 15-49)",traitement = 4G par ≥ 2 opérateurs,cs,-2,-0.0237225654566014,0.0177485461171471,-0.058509076624158,0.0110639457109551,0.1813558388260376,5558,122276,False," ; covariables : log_pop, share_women_1549, level_pre, pretrend_pre (doublement robuste) ; contrôle = not_yet_treated ; fenêtre 2003-2024 ; 5512 traitées, 46 jamais traitées sur la fenêtre (dont 18 traitées après 2024)",event,46.0,5512.0,18.0,0.0,2003.0,2024.0,2003.0,2024.0,5558.0,5.0,dr,11.0,5512.0,,,,,
robust,robustesse,H1,"log(naissances+0,5 / 1 000 f. 15-49)",traitement = 4G par ≥ 2 opérateurs,cs,0,0.0043035771191385,0.009777018787403,-0.0148590275803429,0.02346618181862,0.6598120039054849,5558,122276,False," ; covariables : log_pop, share_women_1549, level_pre, pretrend_pre (doublement robuste) ; contrôle = not_yet_treated ; fenêtre 2003-2024 ; 5512 traitées, 46 jamais traitées sur la fenêtre (dont 18 traitées après 2024)",event,46.0,5512.0,18.0,0.0,2003.0,2024.0,2003.0,2024.0,5558.0,5.0,dr,11.0,5512.0,,,,,
robust,robustesse,H1,"log(naissances+0,5 / 1 000 f. 15-49)",traitement = 4G par ≥ 2 opérateurs,cs,1,-0.0040747059846894,0.0170025314407254,-0.0373990552545213,0.0292496432851424,0.8105993504598443,5558,122276,False," ; covariables : log_pop, share_women_1549, level_pre, pretrend_pre (doublement robuste) ; contrôle = not_yet_treated ; fenêtre 2003-2024 ; 5512 traitées, 46 jamais traitées sur la fenêtre (dont 18 traitées après 2024)",event,46.0,5512.0,18.0,0.0,2003.0,2024.0,2003.0,2024.0,5558.0,5.0,dr,10.0,5465.0,,,,,
robust,robustesse,H1,"log(naissances+0,5 / 1 000 f. 15-49)",traitement = 4G par ≥ 2 opérateurs,cs,2,-0.0419863367104866,0.0176232700373984,-0.0765273112736114,-0.0074453621473619,0.0171984582985536,5558,122276,False," ; covariables : log_pop, share_women_1549, level_pre, pretrend_pre (doublement robuste) ; contrôle = not_yet_treated ; fenêtre 2003-2024 ; 5512 traitées, 46 jamais traitées sur la fenêtre (dont 18 traitées après 2024)",event,46.0,5512.0,18.0,0.0,2003.0,2024.0,2003.0,2024.0,5558.0,5.0,dr,9.0,4896.0,,,,,
robust,robustesse,H1,"log(naissances+0,5 / 1 000 f. 15-49)",traitement = 4G par ≥ 2 opérateurs,cs,3,-0.0136557790829549,0.0317552197811744,-0.0758948661752108,0.0485833080093008,0.6671719419622233,5558,122276,False," ; covariables : log_pop, share_women_1549, level_pre, pretrend_pre (doublement robuste) ; contrôle = not_yet_treated ; fenêtre 2003-2024 ; 5512 traitées, 46 jamais traitées sur la fenêtre (dont 18 traitées après 2024)",event,46.0,5512.0,18.0,0.0,2003.0,2024.0,2003.0,2024.0,5558.0,5.0,dr,8.0,4311.0,,,,,
robust,robustesse,H1,"log(naissances+0,5 / 1 000 f. 15-49)",traitement = 4G par ≥ 2 opérateurs,cs,4,-0.0320756698271416,0.0387251111321156,-0.1079754929433994,0.0438241532891161,0.4075055898492713,5558,122276,False," ; covariables : log_pop, share_women_1549, level_pre, pretrend_pre (doublement robuste) ; contrôle = not_yet_treated ; fenêtre 2003-2024 ; 5512 traitées, 46 jamais traitées sur la fenêtre (dont 18 traitées après 2024)",event,46.0,5512.0,18.0,0.0,2003.0,2024.0,2003.0,2024.0,5558.0,5.0,dr,7.0,3517.0,,,,,
robust,robustesse,H1,"log(naissances+0,5 / 1 000 f. 15-49)",traitement = 4G par ≥ 2 opérateurs,cs,5,-0.0414032173292658,0.0271931449995471,-0.0947008021547538,0.0118943674962221,0.1278686166314467,5558,122276,False," ; covariables : log_pop, share_women_1549, level_pre, pretrend_pre (doublement robuste) ; contrôle = not_yet_treated ; fenêtre 2003-2024 ; 5512 traitées, 46 jamais traitées sur la fenêtre (dont 18 traitées après 2024)",event,46.0,5512.0,18.0,0.0,2003.0,2024.0,2003.0,2024.0,5558.0,5.0,dr,6.0,3133.0,,,,,
robust,robustesse,H1,"log(naissances+0,5 / 1 000 f. 15-49)",traitement = 4G par ≥ 2 opérateurs,cs,6,-0.1081401849531089,0.06520137062599,-0.2359325231226973,0.0196521532164793,0.0972051072113155,5558,122276,False," ; covariables : log_pop, share_women_1549, level_pre, pretrend_pre (doublement robuste) ; contrôle = not_yet_treated ; fenêtre 2003-2024 ; 5512 traitées, 46 jamais traitées sur la fenêtre (dont 18 traitées après 2024)",event,46.0,5512.0,18.0,0.0,2003.0,2024.0,2003.0,2024.0,5558.0,5.0,dr,5.0,2806.0,,,,,
robust,robustesse,H1,"log(naissances+0,5 / 1 000 f. 15-49)",traitement = 4G par ≥ 2 opérateurs,cs,7,-0.1698655336537098,0.1062265727439028,-0.3780657904328834,0.0383347231254638,0.1098012683804014,5558,122276,False," ; covariables : log_pop, share_women_1549, level_pre, pretrend_pre (doublement robuste) ; contrôle = not_yet_treated ; fenêtre 2003-2024 ; 5512 traitées, 46 jamais traitées sur la fenêtre (dont 18 traitées après 2024)",event,46.0,5512.0,18.0,0.0,2003.0,2024.0,2003.0,2024.0,5558.0,5.0,dr,4.0,2137.0,,,,,
robust,robustesse,H1,"log(naissances+0,5 / 1 000 f. 15-49)",traitement = 4G par ≥ 2 opérateurs,cs,8,-0.3648934783173054,0.1288968583021587,-0.6175266783098994,-0.1122602783247115,0.0046417948983654,5558,122276,False," ; covariables : log_pop, share_women_1549, level_pre, pretrend_pre (doublement robuste) ; contrôle = not_yet_treated ; fenêtre 2003-2024 ; 5512 traitées, 46 jamais traitées sur la fenêtre (dont 18 traitées après 2024)",event,46.0,5512.0,18.0,0.0,2003.0,2024.0,2003.0,2024.0,5558.0,5.0,dr,3.0,448.0,,,,,
robust,robustesse,H1,"log(naissances+0,5 / 1 000 f. 15-49)",traitement = 4G par ≥ 2 opérateurs,cs,"ATT[1,5]",-0.0266391417869077,0.019125256753333,-0.0641239562185218,0.0108456726447064,0.1636568062174315,5558,122276,False," ; covariables : log_pop, share_women_1549, level_pre, pretrend_pre (doublement robuste) ; contrôle = not_yet_treated ; fenêtre 2003-2024 ; 5512 traitées, 46 jamais traitées sur la fenêtre (dont 18 traitées après 2024) ; écart-type avec covariance complète des coefficients (fonctions d'influence)",post_avg,46.0,5512.0,18.0,0.0,2003.0,2024.0,2003.0,2024.0,5558.0,5.0,dr,,,,,5.0,,
robust,robustesse,H1,"log(naissances+0,5 / 1 000 f. 15-49)",traitement = 4G par ≥ 2 opérateurs,cs,ATT,-0.040595306943323,0.0214245273602605,-0.0825866089552267,0.0013959950685807,0.0581182072830263,5558,122276,False," ; covariables : log_pop, share_women_1549, level_pre, pretrend_pre (doublement robuste) ; contrôle = not_yet_treated ; fenêtre 2003-2024 ; 5512 traitées, 46 jamais traitées sur la fenêtre (dont 18 traitées après 2024) ; moyenne de tous les ATT(g,t) post",simple,46.0,5512.0,18.0,0.0,2003.0,2024.0,2003.0,2024.0,5558.0,5.0,dr,,,,,,,
robust,robustesse,H1,"log(naissances+0,5 / 1 000 f. 15-49)",traitement = 4G par ≥ 2 opérateurs,cs,Wald pré (-8..-2),4.134293817625436,,,,0.7641860227427152,5558,122276,False,"H5c : test de Wald joint de nullité des coefficients pré avec covariance des fonctions d'influence, df = 7 ; fenêtre 2003-2024 ; 5512 traitées, 46 jamais traitées sur la fenêtre (dont 18 traitées après 2024)",pre_test,46.0,5512.0,18.0,0.0,2003.0,2024.0,2003.0,2024.0,5558.0,5.0,dr,,,,,,7.0,
robust,robustesse,3G,"log(naissances+0,5 / 1 000 f. 15-49)",traitement = 3G ≥ 1 opérateur (censurés au 2013-12 exclus),cs,-8,0.0094820492240114,0.0087322042297914,-0.0076327565720281,0.0265968550200509,0.2775359732728679,2056,45232,False," ; covariables : log_pop, share_women_1549, level_pre, pretrend_pre (doublement robuste) ; contrôle = not_yet_treated ; fenêtre 2003-2024 ; 2030 traitées, 26 jamais traitées sur la fenêtre",event,26.0,2030.0,0.0,0.0,2003.0,2024.0,2003.0,2024.0,2056.0,5.0,dr,11.0,2030.0,,,,,
robust,robustesse,3G,"log(naissances+0,5 / 1 000 f. 15-49)",traitement = 3G ≥ 1 opérateur (censurés au 2013-12 exclus),cs,-7,0.004191931621412,0.0079551055113272,-0.0113997886740054,0.0197836519168295,0.5982292908610494,2056,45232,False," ; covariables : log_pop, share_women_1549, level_pre, pretrend_pre (doublement robuste) ; contrôle = not_yet_treated ; fenêtre 2003-2024 ; 2030 traitées, 26 jamais traitées sur la fenêtre",event,26.0,2030.0,0.0,0.0,2003.0,2024.0,2003.0,2024.0,2056.0,5.0,dr,11.0,2030.0,,,,,
robust,robustesse,3G,"log(naissances+0,5 / 1 000 f. 15-49)",traitement = 3G ≥ 1 opérateur (censurés au 2013-12 exclus),cs,-6,0.0006397924390536,0.0071888425707994,-0.0134500800902415,0.0147296649683488,0.9290835186044348,2056,45232,False," ; covariables : log_pop, share_women_1549, level_pre, pretrend_pre (doublement robuste) ; contrôle = not_yet_treated ; fenêtre 2003-2024 ; 2030 traitées, 26 jamais traitées sur la fenêtre",event,26.0,2030.0,0.0,0.0,2003.0,2024.0,2003.0,2024.0,2056.0,5.0,dr,11.0,2030.0,,,,,
robust,robustesse,3G,"log(naissances+0,5 / 1 000 f. 15-49)",traitement = 3G ≥ 1 opérateur (censurés au 2013-12 exclus),cs,-5,0.0089254816766552,0.0078110674298737,-0.0063839291667111,0.0242348925200217,0.2531751378245178,2056,45232,False," ; covariables : log_pop, share_women_1549, level_pre, pretrend_pre (doublement robuste) ; contrôle = not_yet_treated ; fenêtre 2003-2024 ; 2030 traitées, 26 jamais traitées sur la fenêtre",event,26.0,2030.0,0.0,0.0,2003.0,2024.0,2003.0,2024.0,2056.0,5.0,dr,11.0,2030.0,,,,,
robust,robustesse,3G,"log(naissances+0,5 / 1 000 f. 15-49)",traitement = 3G ≥ 1 opérateur (censurés au 2013-12 exclus),cs,-4,0.0131952335564449,0.0080044486680109,-0.0024931975489561,0.0288836646618459,0.0992526741194262,2056,45232,False," ; covariables : log_pop, share_women_1549, level_pre, pretrend_pre (doublement robuste) ; contrôle = not_yet_treated ; fenêtre 2003-2024 ; 2030 traitées, 26 jamais traitées sur la fenêtre",event,26.0,2030.0,0.0,0.0,2003.0,2024.0,2003.0,2024.0,2056.0,5.0,dr,11.0,2030.0,,,,,
robust,robustesse,3G,"log(naissances+0,5 / 1 000 f. 15-49)",traitement = 3G ≥ 1 opérateur (censurés au 2013-12 exclus),cs,-3,0.0034412673912108,0.0077081776228143,-0.0116664831359427,0.0185490179183644,0.6552767672211013,2056,45232,False," ; covariables : log_pop, share_women_1549, level_pre, pretrend_pre (doublement robuste) ; contrôle = not_yet_treated ; fenêtre 2003-2024 ; 2030 traitées, 26 jamais traitées sur la fenêtre",event,26.0,2030.0,0.0,0.0,2003.0,2024.0,2003.0,2024.0,2056.0,5.0,dr,11.0,2030.0,,,,,
robust,robustesse,3G,"log(naissances+0,5 / 1 000 f. 15-49)",traitement = 3G ≥ 1 opérateur (censurés au 2013-12 exclus),cs,-2,0.0104763335827533,0.0069388123000731,-0.0031234886208735,0.0240761557863802,0.1310902432459726,2056,45232,False," ; covariables : log_pop, share_women_1549, level_pre, pretrend_pre (doublement robuste) ; contrôle = not_yet_treated ; fenêtre 2003-2024 ; 2030 traitées, 26 jamais traitées sur la fenêtre",event,26.0,2030.0,0.0,0.0,2003.0,2024.0,2003.0,2024.0,2056.0,5.0,dr,11.0,2030.0,,,,,
robust,robustesse,3G,"log(naissances+0,5 / 1 000 f. 15-49)",traitement = 3G ≥ 1 opérateur (censurés au 2013-12 exclus),cs,0,0.0083209190743697,0.0076387512380394,-0.0066507582390483,0.0232925963877879,0.2760200343489817,2056,45232,False," ; covariables : log_pop, share_women_1549, level_pre, pretrend_pre (doublement robuste) ; contrôle = not_yet_treated ; fenêtre 2003-2024 ; 2030 traitées, 26 jamais traitées sur la fenêtre",event,26.0,2030.0,0.0,0.0,2003.0,2024.0,2003.0,2024.0,2056.0,5.0,dr,11.0,2030.0,,,,,
robust,robustesse,3G,"log(naissances+0,5 / 1 000 f. 15-49)",traitement = 3G ≥ 1 opérateur (censurés au 2013-12 exclus),cs,1,0.0040622406297479,0.0113151253171185,-0.0181149974723618,0.0262394787318576,0.7195877743556536,2056,45232,False," ; covariables : log_pop, share_women_1549, level_pre, pretrend_pre (doublement robuste) ; contrôle = not_yet_treated ; fenêtre 2003-2024 ; 2030 traitées, 26 jamais traitées sur la fenêtre",event,26.0,2030.0,0.0,0.0,2003.0,2024.0,2003.0,2024.0,2056.0,5.0,dr,10.0,2029.0,,,,,
robust,robustesse,3G,"log(naissances+0,5 / 1 000 f. 15-49)",traitement = 3G ≥ 1 opérateur (censurés au 2013-12 exclus),cs,2,0.0123316857659574,0.0143405990087208,-0.0157753718078662,0.0404387433397811,0.3898363002891656,2056,45232,False," ; covariables : log_pop, share_women_1549, level_pre, pretrend_pre (doublement robuste) ; contrôle = not_yet_treated ; fenêtre 2003-2024 ; 2030 traitées, 26 jamais traitées sur la fenêtre",event,26.0,2030.0,0.0,0.0,2003.0,2024.0,2003.0,2024.0,2056.0,5.0,dr,9.0,2027.0,,,,,
robust,robustesse,3G,"log(naissances+0,5 / 1 000 f. 15-49)",traitement = 3G ≥ 1 opérateur (censurés au 2013-12 exclus),cs,3,0.0009425010330146,0.0204025428451259,-0.0390457481364676,0.0409307502024969,0.9631546101950572,2056,45232,False," ; covariables : log_pop, share_women_1549, level_pre, pretrend_pre (doublement robuste) ; contrôle = not_yet_treated ; fenêtre 2003-2024 ; 2030 traitées, 26 jamais traitées sur la fenêtre",event,26.0,2030.0,0.0,0.0,2003.0,2024.0,2003.0,2024.0,2056.0,5.0,dr,8.0,2026.0,,,,,
robust,robustesse,3G,"log(naissances+0,5 / 1 000 f. 15-49)",traitement = 3G ≥ 1 opérateur (censurés au 2013-12 exclus),cs,4,-0.0250163251737616,0.0263362288112704,-0.0766343851324579,0.0266017347849345,0.3421719152556348,2056,45232,False," ; covariables : log_pop, share_women_1549, level_pre, pretrend_pre (doublement robuste) ; contrôle = not_yet_treated ; fenêtre 2003-2024 ; 2030 traitées, 26 jamais traitées sur la fenêtre",event,26.0,2030.0,0.0,0.0,2003.0,2024.0,2003.0,2024.0,2056.0,5.0,dr,7.0,2002.0,,,,,
robust,robustesse,3G,"log(naissances+0,5 / 1 000 f. 15-49)",traitement = 3G ≥ 1 opérateur (censurés au 2013-12 exclus),cs,5,-0.0791507225249489,0.0693599192041381,-0.2150936661356677,0.0567922210857697,0.2538036037467451,2056,45232,False," ; covariables : log_pop, share_women_1549, level_pre, pretrend_pre (doublement robuste) ; contrôle = not_yet_treated ; fenêtre 2003-2024 ; 2030 traitées, 26 jamais traitées sur la fenêtre",event,26.0,2030.0,0.0,0.0,2003.0,2024.0,2003.0,2024.0,2056.0,5.0,dr,6.0,1978.0,,,,,
robust,robustesse,3G,"log(naissances+0,5 / 1 000 f. 15-49)",traitement = 3G ≥ 1 opérateur (censurés au 2013-12 exclus),cs,6,-0.0949376734035716,0.0858603657593062,-0.263220897991248,0.0733455511841046,0.2688469753781625,2056,45232,False," ; covariables : log_pop, share_women_1549, level_pre, pretrend_pre (doublement robuste) ; contrôle = not_yet_treated ; fenêtre 2003-2024 ; 2030 traitées, 26 jamais traitées sur la fenêtre",event,26.0,2030.0,0.0,0.0,2003.0,2024.0,2003.0,2024.0,2056.0,5.0,dr,5.0,1887.0,,,,,
robust,robustesse,3G,"log(naissances+0,5 / 1 000 f. 15-49)",traitement = 3G ≥ 1 opérateur (censurés au 2013-12 exclus),cs,7,-0.1287243341957503,0.1436483945706471,-0.4102700139912176,0.152821345599717,0.3701956103376688,2056,45232,False," ; covariables : log_pop, share_women_1549, level_pre, pretrend_pre (doublement robuste) ; contrôle = not_yet_treated ; fenêtre 2003-2024 ; 2030 traitées, 26 jamais traitées sur la fenêtre",event,26.0,2030.0,0.0,0.0,2003.0,2024.0,2003.0,2024.0,2056.0,5.0,dr,4.0,1724.0,,,,,
robust,robustesse,3G,"log(naissances+0,5 / 1 000 f. 15-49)",traitement = 3G ≥ 1 opérateur (censurés au 2013-12 exclus),cs,8,0.0338617218169434,0.0828486474997566,-0.128518643450434,0.1962420870843209,0.6827467262437826,2056,45232,False," ; covariables : log_pop, share_women_1549, level_pre, pretrend_pre (doublement robuste) ; contrôle = not_yet_treated ; fenêtre 2003-2024 ; 2030 traitées, 26 jamais traitées sur la fenêtre",event,26.0,2030.0,0.0,0.0,2003.0,2024.0,2003.0,2024.0,2056.0,5.0,dr,3.0,1600.0,,,,,
robust,robustesse,3G,"log(naissances+0,5 / 1 000 f. 15-49)",traitement = 3G ≥ 1 opérateur (censurés au 2013-12 exclus),cs,"ATT[1,5]",-0.0173661240539981,0.02190304499473,-0.0602953033954294,0.0255630552874331,0.4278573779635195,2056,45232,False," ; covariables : log_pop, share_women_1549, level_pre, pretrend_pre (doublement robuste) ; contrôle = not_yet_treated ; fenêtre 2003-2024 ; 2030 traitées, 26 jamais traitées sur la fenêtre ; écart-type avec covariance complète des coefficients (fonctions d'influence)",post_avg,26.0,2030.0,0.0,0.0,2003.0,2024.0,2003.0,2024.0,2056.0,5.0,dr,,,,,5.0,,
robust,robustesse,3G,"log(naissances+0,5 / 1 000 f. 15-49)",traitement = 3G ≥ 1 opérateur (censurés au 2013-12 exclus),cs,ATT,-0.01568210873113,0.0367616024869267,-0.0877335256194845,0.0563693081572244,0.6696784438275346,2056,45232,False," ; covariables : log_pop, share_women_1549, level_pre, pretrend_pre (doublement robuste) ; contrôle = not_yet_treated ; fenêtre 2003-2024 ; 2030 traitées, 26 jamais traitées sur la fenêtre ; moyenne de tous les ATT(g,t) post",simple,26.0,2030.0,0.0,0.0,2003.0,2024.0,2003.0,2024.0,2056.0,5.0,dr,,,,,,,
robust,robustesse,3G,"log(naissances+0,5 / 1 000 f. 15-49)",traitement = 3G ≥ 1 opérateur (censurés au 2013-12 exclus),cs,Wald pré (-8..-2),6.062413754157318,,,,0.5324808400321741,2056,45232,False,"H5c : test de Wald joint de nullité des coefficients pré avec covariance des fonctions d'influence, df = 7 ; fenêtre 2003-2024 ; 2030 traitées, 26 jamais traitées sur la fenêtre",pre_test,26.0,2030.0,0.0,0.0,2003.0,2024.0,2003.0,2024.0,2056.0,5.0,dr,,,,,,7.0,
robust,robustesse,H1,"log(naissances+0,5 / 1 000 f. 15-49)","cohort 2014 exclue (première observation utilisable 2014-12, A5)",cs,-8,0.0412452561155052,0.024586211383739,-0.006942832712912,0.0894333449439225,0.0934297585491817,5371,118162,False," ; covariables : log_pop, share_women_1549, level_pre, pretrend_pre (doublement robuste) ; contrôle = not_yet_treated ; fenêtre 2003-2024 ; 5371 traitées, 0 jamais traitées sur la fenêtre ; ATT(g,t) identifiés jusqu'en 2022 (sans unité jamais traitée, la dernière cohorte sert de contrôle)",event,0.0,5371.0,0.0,0.0,2003.0,2024.0,2003.0,2022.0,5371.0,5.0,dr,8.0,5311.0,,,,,
robust,robustesse,H1,"log(naissances+0,5 / 1 000 f. 15-49)","cohort 2014 exclue (première observation utilisable 2014-12, A5)",cs,-7,0.1063182713749863,0.0699746947839274,-0.0308296102306942,0.2434661529806669,0.1286664432002391,5371,118162,False," ; covariables : log_pop, share_women_1549, level_pre, pretrend_pre (doublement robuste) ; contrôle = not_yet_treated ; fenêtre 2003-2024 ; 5371 traitées, 0 jamais traitées sur la fenêtre ; ATT(g,t) identifiés jusqu'en 2022 (sans unité jamais traitée, la dernière cohorte sert de contrôle)",event,0.0,5371.0,0.0,0.0,2003.0,2024.0,2003.0,2022.0,5371.0,5.0,dr,8.0,5311.0,,,,,
robust,robustesse,H1,"log(naissances+0,5 / 1 000 f. 15-49)","cohort 2014 exclue (première observation utilisable 2014-12, A5)",cs,-6,0.0627584996031038,0.0368541506033545,-0.0094743082602861,0.1349913074664939,0.0885889854883664,5371,118162,False," ; covariables : log_pop, share_women_1549, level_pre, pretrend_pre (doublement robuste) ; contrôle = not_yet_treated ; fenêtre 2003-2024 ; 5371 traitées, 0 jamais traitées sur la fenêtre ; ATT(g,t) identifiés jusqu'en 2022 (sans unité jamais traitée, la dernière cohorte sert de contrôle)",event,0.0,5371.0,0.0,0.0,2003.0,2024.0,2003.0,2022.0,5371.0,5.0,dr,8.0,5311.0,,,,,
robust,robustesse,H1,"log(naissances+0,5 / 1 000 f. 15-49)","cohort 2014 exclue (première observation utilisable 2014-12, A5)",cs,-5,0.029236378168713,0.0215764132054862,-0.0130526146295944,0.0715253709670206,0.1754125619921289,5371,118162,False," ; covariables : log_pop, share_women_1549, level_pre, pretrend_pre (doublement robuste) ; contrôle = not_yet_treated ; fenêtre 2003-2024 ; 5371 traitées, 0 jamais traitées sur la fenêtre ; ATT(g,t) identifiés jusqu'en 2022 (sans unité jamais traitée, la dernière cohorte sert de contrôle)",event,0.0,5371.0,0.0,0.0,2003.0,2024.0,2003.0,2022.0,5371.0,5.0,dr,8.0,5311.0,,,,,
robust,robustesse,H1,"log(naissances+0,5 / 1 000 f. 15-49)","cohort 2014 exclue (première observation utilisable 2014-12, A5)",cs,-4,0.0414203442107267,0.0276500430507186,-0.0127727443396639,0.0956134327611173,0.1341278032113698,5371,118162,False," ; covariables : log_pop, share_women_1549, level_pre, pretrend_pre (doublement robuste) ; contrôle = not_yet_treated ; fenêtre 2003-2024 ; 5371 traitées, 0 jamais traitées sur la fenêtre ; ATT(g,t) identifiés jusqu'en 2022 (sans unité jamais traitée, la dernière cohorte sert de contrôle)",event,0.0,5371.0,0.0,0.0,2003.0,2024.0,2003.0,2022.0,5371.0,5.0,dr,8.0,5311.0,,,,,
robust,robustesse,H1,"log(naissances+0,5 / 1 000 f. 15-49)","cohort 2014 exclue (première observation utilisable 2014-12, A5)",cs,-3,-0.0142654988445161,0.0176149976948446,-0.0487902599141677,0.0202592622251353,0.4180266213328839,5371,118162,False," ; covariables : log_pop, share_women_1549, level_pre, pretrend_pre (doublement robuste) ; contrôle = not_yet_treated ; fenêtre 2003-2024 ; 5371 traitées, 0 jamais traitées sur la fenêtre ; ATT(g,t) identifiés jusqu'en 2022 (sans unité jamais traitée, la dernière cohorte sert de contrôle)",event,0.0,5371.0,0.0,0.0,2003.0,2024.0,2003.0,2022.0,5371.0,5.0,dr,8.0,5311.0,,,,,
robust,robustesse,H1,"log(naissances+0,5 / 1 000 f. 15-49)","cohort 2014 exclue (première observation utilisable 2014-12, A5)",cs,-2,-0.0107609107972774,0.0120362665662579,-0.0343515597754666,0.0128297381809117,0.3713001770722743,5371,118162,False," ; covariables : log_pop, share_women_1549, level_pre, pretrend_pre (doublement robuste) ; contrôle = not_yet_treated ; fenêtre 2003-2024 ; 5371 traitées, 0 jamais traitées sur la fenêtre ; ATT(g,t) identifiés jusqu'en 2022 (sans unité jamais traitée, la dernière cohorte sert de contrôle)",event,0.0,5371.0,0.0,0.0,2003.0,2024.0,2003.0,2022.0,5371.0,5.0,dr,8.0,5311.0,,,,,
robust,robustesse,H1,"log(naissances+0,5 / 1 000 f. 15-49)","cohort 2014 exclue (première observation utilisable 2014-12, A5)",cs,0,0.0041184059413894,0.0067709242925424,-0.009152361814041,0.0173891736968198,0.543022535224834,5371,118162,False," ; covariables : log_pop, share_women_1549, level_pre, pretrend_pre (doublement robuste) ; contrôle = not_yet_treated ; fenêtre 2003-2024 ; 5371 traitées, 0 jamais traitées sur la fenêtre ; ATT(g,t) identifiés jusqu'en 2022 (sans unité jamais traitée, la dernière cohorte sert de contrôle)",event,0.0,5371.0,0.0,0.0,2003.0,2024.0,2003.0,2022.0,5371.0,5.0,dr,8.0,5311.0,,,,,
robust,robustesse,H1,"log(naissances+0,5 / 1 000 f. 15-49)","cohort 2014 exclue (première observation utilisable 2014-12, A5)",cs,1,0.0237019479147202,0.0278535354411799,-0.0308899783921024,0.0782938742215429,0.394797488606564,5371,118162,False," ; covariables : log_pop, share_women_1549, level_pre, pretrend_pre (doublement robuste) ; contrôle = not_yet_treated ; fenêtre 2003-2024 ; 5371 traitées, 0 jamais traitées sur la fenêtre ; ATT(g,t) identifiés jusqu'en 2022 (sans unité jamais traitée, la dernière cohorte sert de contrôle)",event,0.0,5371.0,0.0,0.0,2003.0,2024.0,2003.0,2022.0,5371.0,5.0,dr,7.0,5251.0,,,,,
robust,robustesse,H1,"log(naissances+0,5 / 1 000 f. 15-49)","cohort 2014 exclue (première observation utilisable 2014-12, A5)",cs,2,0.032867676709911,0.0272464340911204,-0.0205343528158294,0.0862697062356515,0.2276975475791748,5371,118162,False," ; covariables : log_pop, share_women_1549, level_pre, pretrend_pre (doublement robuste) ; contrôle = not_yet_treated ; fenêtre 2003-2024 ; 5371 traitées, 0 jamais traitées sur la fenêtre ; ATT(g,t) identifiés jusqu'en 2022 (sans unité jamais traitée, la dernière cohorte sert de contrôle)",event,0.0,5371.0,0.0,0.0,2003.0,2024.0,2003.0,2022.0,5371.0,5.0,dr,6.0,5081.0,,,,,
robust,robustesse,H1,"log(naissances+0,5 / 1 000 f. 15-49)","cohort 2014 exclue (première observation utilisable 2014-12, A5)",cs,3,-0.0115302522338096,0.020110925538674,-0.0509469419853775,0.0278864375177582,0.5664194151857984,5371,118162,False," ; covariables : log_pop, share_women_1549, level_pre, pretrend_pre (doublement robuste) ; contrôle = not_yet_treated ; fenêtre 2003-2024 ; 5371 traitées, 0 jamais traitées sur la fenêtre ; ATT(g,t) identifiés jusqu'en 2022 (sans unité jamais traitée, la dernière cohorte sert de contrôle)",event,0.0,5371.0,0.0,0.0,2003.0,2024.0,2003.0,2022.0,5371.0,5.0,dr,5.0,4657.0,,,,,
robust,robustesse,H1,"log(naissances+0,5 / 1 000 f. 15-49)","cohort 2014 exclue (première observation utilisable 2014-12, A5)",cs,4,-0.0704986182676525,0.0223178781981655,-0.1142408557474086,-0.0267563807878965,0.0015839813597051,5371,118162,False," ; covariables : log_pop, share_women_1549, level_pre, pretrend_pre (doublement robuste) ; contrôle = not_yet_treated ; fenêtre 2003-2024 ; 5371 traitées, 0 jamais traitées sur la fenêtre ; ATT(g,t) identifiés jusqu'en 2022 (sans unité jamais traitée, la dernière cohorte sert de contrôle)",event,0.0,5371.0,0.0,0.0,2003.0,2024.0,2003.0,2022.0,5371.0,5.0,dr,4.0,4258.0,,,,,
robust,robustesse,H1,"log(naissances+0,5 / 1 000 f. 15-49)","cohort 2014 exclue (première observation utilisable 2014-12, A5)",cs,5,-0.1494871358916802,0.0505154035512361,-0.2484955075166097,-0.0504787642667507,0.0030840014294077,5371,118162,False," ; covariables : log_pop, share_women_1549, level_pre, pretrend_pre (doublement robuste) ; contrôle = not_yet_treated ; fenêtre 2003-2024 ; 5371 traitées, 0 jamais traitées sur la fenêtre ; ATT(g,t) identifiés jusqu'en 2022 (sans unité jamais traitée, la dernière cohorte sert de contrôle)",event,0.0,5371.0,0.0,0.0,2003.0,2024.0,2003.0,2022.0,5371.0,5.0,dr,3.0,3580.0,,,,,
robust,robustesse,H1,"log(naissances+0,5 / 1 000 f. 15-49)","cohort 2014 exclue (première observation utilisable 2014-12, A5)",cs,6,-0.2859674951716996,0.1074490179342648,-0.496563700497057,-0.0753712898463422,0.0077810689427021,5371,118162,False," ; covariables : log_pop, share_women_1549, level_pre, pretrend_pre (doublement robuste) ; contrôle = not_yet_treated ; fenêtre 2003-2024 ; 5371 traitées, 0 jamais traitées sur la fenêtre ; ATT(g,t) identifiés jusqu'en 2022 (sans unité jamais traitée, la dernière cohorte sert de contrôle)",event,0.0,5371.0,0.0,0.0,2003.0,2024.0,2003.0,2022.0,5371.0,5.0,dr,2.0,845.0,,,,,
robust,robustesse,H1,"log(naissances+0,5 / 1 000 f. 15-49)","cohort 2014 exclue (première observation utilisable 2014-12, A5)",cs,7,-0.4413669836308546,0.1462687391349722,-0.7280484443994846,-0.1546855228622247,0.0025486292824171,5371,118162,False," ; covariables : log_pop, share_women_1549, level_pre, pretrend_pre (doublement robuste) ; contrôle = not_yet_treated ; fenêtre 2003-2024 ; 5371 traitées, 0 jamais traitées sur la fenêtre ; ATT(g,t) identifiés jusqu'en 2022 (sans unité jamais traitée, la dernière cohorte sert de contrôle)",event,0.0,5371.0,0.0,0.0,2003.0,2024.0,2003.0,2022.0,5371.0,5.0,dr,1.0,294.0,,,,,
robust,robustesse,H1,"log(naissances+0,5 / 1 000 f. 15-49)","cohort 2014 exclue (première observation utilisable 2014-12, A5)",cs,"ATT[1,5]",-0.0349892763537022,0.0199453199187958,-0.0740813850546715,0.004102832347267,0.079385971276098,5371,118162,False," ; covariables : log_pop, share_women_1549, level_pre, pretrend_pre (doublement robuste) ; contrôle = not_yet_treated ; fenêtre 2003-2024 ; 5371 traitées, 0 jamais traitées sur la fenêtre ; ATT(g,t) identifiés jusqu'en 2022 (sans unité jamais traitée, la dernière cohorte sert de contrôle) ; écart-type avec covariance complète des coefficients (fonctions d'influence)",post_avg,0.0,5371.0,0.0,0.0,2003.0,2024.0,2003.0,2022.0,5371.0,5.0,dr,,,,,5.0,,
robust,robustesse,H1,"log(naissances+0,5 / 1 000 f. 15-49)","cohort 2014 exclue (première observation utilisable 2014-12, A5)",cs,ATT,-0.0323501529022207,0.0173711506091501,-0.066396982466176,0.0016966766617346,0.0625619579828042,5371,118162,False," ; covariables : log_pop, share_women_1549, level_pre, pretrend_pre (doublement robuste) ; contrôle = not_yet_treated ; fenêtre 2003-2024 ; 5371 traitées, 0 jamais traitées sur la fenêtre ; ATT(g,t) identifiés jusqu'en 2022 (sans unité jamais traitée, la dernière cohorte sert de contrôle) ; moyenne de tous les ATT(g,t) post",simple,0.0,5371.0,0.0,0.0,2003.0,2024.0,2003.0,2022.0,5371.0,5.0,dr,,,,,,,
robust,robustesse,H1,"log(naissances+0,5 / 1 000 f. 15-49)","cohort 2014 exclue (première observation utilisable 2014-12, A5)",cs,Wald pré (-8..-2),5.102827340098201,,,,0.647416213342018,5371,118162,False,"H5c : test de Wald joint de nullité des coefficients pré avec covariance des fonctions d'influence, df = 7 ; fenêtre 2003-2024 ; 5371 traitées, 0 jamais traitées sur la fenêtre",pre_test,0.0,5371.0,0.0,0.0,2003.0,2024.0,2003.0,2022.0,5371.0,5.0,dr,,,,,,7.0,
robust,robustesse,H2b,"log(naissances+0,5 / 1 000 f. 25-39)",sans 2020-2021,cs,-8,0.0639542751539551,0.0396900697307086,-0.0138368320621171,0.1417453823700274,0.1071052077741615,5558,111160,False," ; covariables : log_pop, share_women_1549, level_pre, pretrend_pre (doublement robuste) ; contrôle = not_yet_treated ; fenêtre 2003-2024 ; 5558 traitées, 0 jamais traitées sur la fenêtre ; ATT(g,t) identifiés jusqu'en 2022 (sans unité jamais traitée, la dernière cohorte sert de contrôle)",event,0.0,5558.0,0.0,0.0,2003.0,2024.0,2003.0,2022.0,5558.0,5.0,dr,9.0,5498.0,,,,,
robust,robustesse,H2b,"log(naissances+0,5 / 1 000 f. 25-39)",sans 2020-2021,cs,-7,0.0931709528314723,0.0595994307854624,-0.0236417850071218,0.2099836906700666,0.1179853512820191,5558,111160,False," ; covariables : log_pop, share_women_1549, level_pre, pretrend_pre (doublement robuste) ; contrôle = not_yet_treated ; fenêtre 2003-2024 ; 5558 traitées, 0 jamais traitées sur la fenêtre ; ATT(g,t) identifiés jusqu'en 2022 (sans unité jamais traitée, la dernière cohorte sert de contrôle)",event,0.0,5558.0,0.0,0.0,2003.0,2024.0,2003.0,2022.0,5558.0,5.0,dr,9.0,5498.0,,,,,
robust,robustesse,H2b,"log(naissances+0,5 / 1 000 f. 25-39)",sans 2020-2021,cs,-6,0.0634713299413932,0.0421229985246969,-0.0190882300878466,0.1460308899706331,0.1318595206023232,5558,111160,False," ; covariables : log_pop, share_women_1549, level_pre, pretrend_pre (doublement robuste) ; contrôle = not_yet_treated ; fenêtre 2003-2024 ; 5558 traitées, 0 jamais traitées sur la fenêtre ; ATT(g,t) identifiés jusqu'en 2022 (sans unité jamais traitée, la dernière cohorte sert de contrôle)",event,0.0,5558.0,0.0,0.0,2003.0,2024.0,2003.0,2022.0,5558.0,5.0,dr,9.0,5498.0,,,,,
robust,robustesse,H2b,"log(naissances+0,5 / 1 000 f. 25-39)",sans 2020-2021,cs,-5,0.0378952965253944,0.0267297971769434,-0.0144941432554752,0.090284736306264,0.156273310163045,5558,111160,False," ; covariables : log_pop, share_women_1549, level_pre, pretrend_pre (doublement robuste) ; contrôle = not_yet_treated ; fenêtre 2003-2024 ; 5558 traitées, 0 jamais traitées sur la fenêtre ; ATT(g,t) identifiés jusqu'en 2022 (sans unité jamais traitée, la dernière cohorte sert de contrôle)",event,0.0,5558.0,0.0,0.0,2003.0,2024.0,2003.0,2022.0,5558.0,5.0,dr,9.0,5498.0,,,,,
robust,robustesse,H2b,"log(naissances+0,5 / 1 000 f. 25-39)",sans 2020-2021,cs,-4,0.0388370928837811,0.0273378004774107,-0.0147440114684858,0.092418197236048,0.1554222946454562,5558,111160,False," ; covariables : log_pop, share_women_1549, level_pre, pretrend_pre (doublement robuste) ; contrôle = not_yet_treated ; fenêtre 2003-2024 ; 5558 traitées, 0 jamais traitées sur la fenêtre ; ATT(g,t) identifiés jusqu'en 2022 (sans unité jamais traitée, la dernière cohorte sert de contrôle)",event,0.0,5558.0,0.0,0.0,2003.0,2024.0,2003.0,2022.0,5558.0,5.0,dr,9.0,5498.0,,,,,
robust,robustesse,H2b,"log(naissances+0,5 / 1 000 f. 25-39)",sans 2020-2021,cs,-3,-0.0164127458606739,0.0176338360273556,-0.050974429383576,0.018148937662228,0.3519813446539632,5558,111160,False," ; covariables : log_pop, share_women_1549, level_pre, pretrend_pre (doublement robuste) ; contrôle = not_yet_treated ; fenêtre 2003-2024 ; 5558 traitées, 0 jamais traitées sur la fenêtre ; ATT(g,t) identifiés jusqu'en 2022 (sans unité jamais traitée, la dernière cohorte sert de contrôle)",event,0.0,5558.0,0.0,0.0,2003.0,2024.0,2003.0,2022.0,5558.0,5.0,dr,9.0,5498.0,,,,,
robust,robustesse,H2b,"log(naissances+0,5 / 1 000 f. 25-39)",sans 2020-2021,cs,-2,-0.0143343454075044,0.0117742807944104,-0.0374115117084106,0.0087428208934016,0.2234412120355127,5558,111160,False," ; covariables : log_pop, share_women_1549, level_pre, pretrend_pre (doublement robuste) ; contrôle = not_yet_treated ; fenêtre 2003-2024 ; 5558 traitées, 0 jamais traitées sur la fenêtre ; ATT(g,t) identifiés jusqu'en 2022 (sans unité jamais traitée, la dernière cohorte sert de contrôle)",event,0.0,5558.0,0.0,0.0,2003.0,2024.0,2003.0,2022.0,5558.0,5.0,dr,8.0,5438.0,,,,,
robust,robustesse,H2b,"log(naissances+0,5 / 1 000 f. 25-39)",sans 2020-2021,cs,0,0.0136324286306347,0.0127026467668757,-0.0112643015407759,0.0385291588020454,0.2831832227727568,5558,111160,False," ; covariables : log_pop, share_women_1549, level_pre, pretrend_pre (doublement robuste) ; contrôle = not_yet_treated ; fenêtre 2003-2024 ; 5558 traitées, 0 jamais traitées sur la fenêtre ; ATT(g,t) identifiés jusqu'en 2022 (sans unité jamais traitée, la dernière cohorte sert de contrôle)",event,0.0,5558.0,0.0,0.0,2003.0,2024.0,2003.0,2022.0,5558.0,5.0,dr,7.0,4904.0,,,,,
robust,robustesse,H2b,"log(naissances+0,5 / 1 000 f. 25-39)",sans 2020-2021,cs,1,0.0304923900034488,0.0355128995807215,-0.039111614161353,0.1000963941682507,0.3905454733199741,5558,111160,False," ; covariables : log_pop, share_women_1549, level_pre, pretrend_pre (doublement robuste) ; contrôle = not_yet_treated ; fenêtre 2003-2024 ; 5558 traitées, 0 jamais traitées sur la fenêtre ; ATT(g,t) identifiés jusqu'en 2022 (sans unité jamais traitée, la dernière cohorte sert de contrôle)",event,0.0,5558.0,0.0,0.0,2003.0,2024.0,2003.0,2022.0,5558.0,5.0,dr,6.0,4615.0,,,,,
robust,robustesse,H2b,"log(naissances+0,5 / 1 000 f. 25-39)",sans 2020-2021,cs,2,0.0446446025502293,0.0363336078183334,-0.026567960202107,0.1158571653025657,0.2191688363980254,5558,111160,False," ; covariables : log_pop, share_women_1549, level_pre, pretrend_pre (doublement robuste) ; contrôle = not_yet_treated ; fenêtre 2003-2024 ; 5558 traitées, 0 jamais traitées sur la fenêtre ; ATT(g,t) identifiés jusqu'en 2022 (sans unité jamais traitée, la dernière cohorte sert de contrôle)",event,0.0,5558.0,0.0,0.0,2003.0,2024.0,2003.0,2022.0,5558.0,5.0,dr,5.0,4191.0,,,,,
robust,robustesse,H2b,"log(naissances+0,5 / 1 000 f. 25-39)",sans 2020-2021,cs,3,0.0237124528848478,0.0510545217331468,-0.0763525709600373,0.123777476729733,0.6423228452258851,5558,111160,False," ; covariables : log_pop, share_women_1549, level_pre, pretrend_pre (doublement robuste) ; contrôle = not_yet_treated ; fenêtre 2003-2024 ; 5558 traitées, 0 jamais traitées sur la fenêtre ; ATT(g,t) identifiés jusqu'en 2022 (sans unité jamais traitée, la dernière cohorte sert de contrôle)",event,0.0,5558.0,0.0,0.0,2003.0,2024.0,2003.0,2022.0,5558.0,5.0,dr,4.0,1431.0,,,,,
robust,robustesse,H2b,"log(naissances+0,5 / 1 000 f. 25-39)",sans 2020-2021,cs,4,-0.098819257765249,0.0304889035006023,-0.1585764105545468,-0.0390621049759512,0.0011904649363828,5558,111160,False," ; covariables : log_pop, share_women_1549, level_pre, pretrend_pre (doublement robuste) ; contrôle = not_yet_treated ; fenêtre 2003-2024 ; 5558 traitées, 0 jamais traitées sur la fenêtre ; ATT(g,t) identifiés jusqu'en 2022 (sans unité jamais traitée, la dernière cohorte sert de contrôle)",event,0.0,5558.0,0.0,0.0,2003.0,2024.0,2003.0,2022.0,5558.0,5.0,dr,3.0,1159.0,,,,,
robust,robustesse,H2b,"log(naissances+0,5 / 1 000 f. 25-39)",sans 2020-2021,cs,5,-0.2126223419644448,0.07158579571724,-0.352927923374877,-0.0723167605540126,0.0029763013114015,5558,111160,False," ; covariables : log_pop, share_women_1549, level_pre, pretrend_pre (doublement robuste) ; contrôle = not_yet_treated ; fenêtre 2003-2024 ; 5558 traitées, 0 jamais traitées sur la fenêtre ; ATT(g,t) identifiés jusqu'en 2022 (sans unité jamais traitée, la dernière cohorte sert de contrôle)",event,0.0,5558.0,0.0,0.0,2003.0,2024.0,2003.0,2022.0,5558.0,5.0,dr,2.0,2922.0,,,,,
robust,robustesse,H2b,"log(naissances+0,5 / 1 000 f. 25-39)",sans 2020-2021,cs,6,-0.3543555639431711,0.1146003679272386,-0.5789681576955981,-0.1297429701907441,0.0019874725018605,5558,111160,False," ; covariables : log_pop, share_women_1549, level_pre, pretrend_pre (doublement robuste) ; contrôle = not_yet_treated ; fenêtre 2003-2024 ; 5558 traitées, 0 jamais traitées sur la fenêtre ; ATT(g,t) identifiés jusqu'en 2022 (sans unité jamais traitée, la dernière cohorte sert de contrôle)",event,0.0,5558.0,0.0,0.0,2003.0,2024.0,2003.0,2022.0,5558.0,5.0,dr,1.0,551.0,,,,,
robust,robustesse,H2b,"log(naissances+0,5 / 1 000 f. 25-39)",sans 2020-2021,cs,7,-0.4069086737018627,0.1351898180185219,-0.6718758480946898,-0.1419414993090357,0.0026132836693118,5558,111160,False," ; covariables : log_pop, share_women_1549, level_pre, pretrend_pre (doublement robuste) ; contrôle = not_yet_treated ; fenêtre 2003-2024 ; 5558 traitées, 0 jamais traitées sur la fenêtre ; ATT(g,t) identifiés jusqu'en 2022 (sans unité jamais traitée, la dernière cohorte sert de contrôle)",event,0.0,5558.0,0.0,0.0,2003.0,2024.0,2003.0,2022.0,5558.0,5.0,dr,1.0,294.0,,,,,
robust,robustesse,H2b,"log(naissances+0,5 / 1 000 f. 25-39)",sans 2020-2021,cs,8,-0.5829714911685268,0.2826373963408997,-1.136930608680863,-0.0290123736561904,0.0391494374703908,5558,111160,False," ; covariables : log_pop, share_women_1549, level_pre, pretrend_pre (doublement robuste) ; contrôle = not_yet_treated ; fenêtre 2003-2024 ; 5558 traitées, 0 jamais traitées sur la fenêtre ; ATT(g,t) identifiés jusqu'en 2022 (sans unité jamais traitée, la dernière cohorte sert de contrôle)",event,0.0,5558.0,0.0,0.0,2003.0,2024.0,2003.0,2022.0,5558.0,5.0,dr,1.0,187.0,,,,,
robust,robustesse,H2b,"log(naissances+0,5 / 1 000 f. 25-39)",sans 2020-2021,cs,"ATT[1,5]",-0.0425184308582335,0.0302600827244355,-0.1018271031673299,0.0167902414508627,0.1599916559194115,5558,111160,False," ; covariables : log_pop, share_women_1549, level_pre, pretrend_pre (doublement robuste) ; contrôle = not_yet_treated ; fenêtre 2003-2024 ; 5558 traitées, 0 jamais traitées sur la fenêtre ; ATT(g,t) identifiés jusqu'en 2022 (sans unité jamais traitée, la dernière cohorte sert de contrôle) ; écart-type avec covariance complète des coefficients (fonctions d'influence)",post_avg,0.0,5558.0,0.0,0.0,2003.0,2024.0,2003.0,2022.0,5558.0,5.0,dr,,,,,5.0,,
robust,robustesse,H2b,"log(naissances+0,5 / 1 000 f. 25-39)",sans 2020-2021,cs,ATT,-0.0360964193928509,0.0253955054738076,-0.0858706954907036,0.0136778567050017,0.1552091112975887,5558,111160,False," ; covariables : log_pop, share_women_1549, level_pre, pretrend_pre (doublement robuste) ; contrôle = not_yet_treated ; fenêtre 2003-2024 ; 5558 traitées, 0 jamais traitées sur la fenêtre ; ATT(g,t) identifiés jusqu'en 2022 (sans unité jamais traitée, la dernière cohorte sert de contrôle) ; moyenne de tous les ATT(g,t) post",simple,0.0,5558.0,0.0,0.0,2003.0,2024.0,2003.0,2022.0,5558.0,5.0,dr,,,,,,,
robust,robustesse,H2b,"log(naissances+0,5 / 1 000 f. 25-39)",sans 2020-2021,cs,Wald pré (-8..-2),3.743053655903628,,,,0.8088512007684469,5558,111160,False,"H5c : test de Wald joint de nullité des coefficients pré avec covariance des fonctions d'influence, df = 7 ; fenêtre 2003-2024 ; 5558 traitées, 0 jamais traitées sur la fenêtre",pre_test,0.0,5558.0,0.0,0.0,2003.0,2024.0,2003.0,2022.0,5558.0,5.0,dr,,,,,,7.0,
robust,robustesse,H2b,"log(naissances+0,5 / 1 000 f. 25-39)","cohort 2014 exclue (première observation utilisable 2014-12, A5)",cs,-8,0.0661012990727092,0.041145617637821,-0.0145426296190759,0.1467452277644944,0.1081594831527142,5371,118162,False," ; covariables : log_pop, share_women_1549, level_pre, pretrend_pre (doublement robuste) ; contrôle = not_yet_treated ; fenêtre 2003-2024 ; 5371 traitées, 0 jamais traitées sur la fenêtre ; ATT(g,t) identifiés jusqu'en 2022 (sans unité jamais traitée, la dernière cohorte sert de contrôle)",event,0.0,5371.0,0.0,0.0,2003.0,2024.0,2003.0,2022.0,5371.0,5.0,dr,8.0,5311.0,,,,,
robust,robustesse,H2b,"log(naissances+0,5 / 1 000 f. 25-39)","cohort 2014 exclue (première observation utilisable 2014-12, A5)",cs,-7,0.0957435597845942,0.0617380960018394,-0.0252608848530873,0.2167480044222757,0.1209491527198909,5371,118162,False," ; covariables : log_pop, share_women_1549, level_pre, pretrend_pre (doublement robuste) ; contrôle = not_yet_treated ; fenêtre 2003-2024 ; 5371 traitées, 0 jamais traitées sur la fenêtre ; ATT(g,t) identifiés jusqu'en 2022 (sans unité jamais traitée, la dernière cohorte sert de contrôle)",event,0.0,5371.0,0.0,0.0,2003.0,2024.0,2003.0,2022.0,5371.0,5.0,dr,8.0,5311.0,,,,,
robust,robustesse,H2b,"log(naissances+0,5 / 1 000 f. 25-39)","cohort 2014 exclue (première observation utilisable 2014-12, A5)",cs,-6,0.0657818052344602,0.0436517219411223,-0.0197739976332964,0.1513376081022169,0.1318185242948007,5371,118162,False," ; covariables : log_pop, share_women_1549, level_pre, pretrend_pre (doublement robuste) ; contrôle = not_yet_treated ; fenêtre 2003-2024 ; 5371 traitées, 0 jamais traitées sur la fenêtre ; ATT(g,t) identifiés jusqu'en 2022 (sans unité jamais traitée, la dernière cohorte sert de contrôle)",event,0.0,5371.0,0.0,0.0,2003.0,2024.0,2003.0,2022.0,5371.0,5.0,dr,8.0,5311.0,,,,,
robust,robustesse,H2b,"log(naissances+0,5 / 1 000 f. 25-39)","cohort 2014 exclue (première observation utilisable 2014-12, A5)",cs,-5,0.0393762097502409,0.0277065033307119,-0.0149275389154935,0.0936799584159754,0.1552614861358911,5371,118162,False," ; covariables : log_pop, share_women_1549, level_pre, pretrend_pre (doublement robuste) ; contrôle = not_yet_treated ; fenêtre 2003-2024 ; 5371 traitées, 0 jamais traitées sur la fenêtre ; ATT(g,t) identifiés jusqu'en 2022 (sans unité jamais traitée, la dernière cohorte sert de contrôle)",event,0.0,5371.0,0.0,0.0,2003.0,2024.0,2003.0,2022.0,5371.0,5.0,dr,8.0,5311.0,,,,,
robust,robustesse,H2b,"log(naissances+0,5 / 1 000 f. 25-39)","cohort 2014 exclue (première observation utilisable 2014-12, A5)",cs,-4,0.0391249954586201,0.0283088744998129,-0.0163593790038776,0.0946093699211178,0.1669485898691768,5371,118162,False," ; covariables : log_pop, share_women_1549, level_pre, pretrend_pre (doublement robuste) ; contrôle = not_yet_treated ; fenêtre 2003-2024 ; 5371 traitées, 0 jamais traitées sur la fenêtre ; ATT(g,t) identifiés jusqu'en 2022 (sans unité jamais traitée, la dernière cohorte sert de contrôle)",event,0.0,5371.0,0.0,0.0,2003.0,2024.0,2003.0,2022.0,5371.0,5.0,dr,8.0,5311.0,,,,,
robust,robustesse,H2b,"log(naissances+0,5 / 1 000 f. 25-39)","cohort 2014 exclue (première observation utilisable 2014-12, A5)",cs,-3,-0.0165787697941293,0.0183407758909642,-0.0525260299889397,0.0193684904006809,0.3660327446139978,5371,118162,False," ; covariables : log_pop, share_women_1549, level_pre, pretrend_pre (doublement robuste) ; contrôle = not_yet_treated ; fenêtre 2003-2024 ; 5371 traitées, 0 jamais traitées sur la fenêtre ; ATT(g,t) identifiés jusqu'en 2022 (sans unité jamais traitée, la dernière cohorte sert de contrôle)",event,0.0,5371.0,0.0,0.0,2003.0,2024.0,2003.0,2022.0,5371.0,5.0,dr,8.0,5311.0,,,,,
robust,robustesse,H2b,"log(naissances+0,5 / 1 000 f. 25-39)","cohort 2014 exclue (première observation utilisable 2014-12, A5)",cs,-2,-0.014114494318741,0.0121257628919044,-0.0378805528719459,0.0096515642344638,0.24442045872113,5371,118162,False," ; covariables : log_pop, share_women_1549, level_pre, pretrend_pre (doublement robuste) ; contrôle = not_yet_treated ; fenêtre 2003-2024 ; 5371 traitées, 0 jamais traitées sur la fenêtre ; ATT(g,t) identifiés jusqu'en 2022 (sans unité jamais traitée, la dernière cohorte sert de contrôle)",event,0.0,5371.0,0.0,0.0,2003.0,2024.0,2003.0,2022.0,5371.0,5.0,dr,8.0,5311.0,,,,,
robust,robustesse,H2b,"log(naissances+0,5 / 1 000 f. 25-39)","cohort 2014 exclue (première observation utilisable 2014-12, A5)",cs,0,0.0070757870655771,0.0118704678110316,-0.0161899023236869,0.0303414764548413,0.5511196114307393,5371,118162,False," ; covariables : log_pop, share_women_1549, level_pre, pretrend_pre (doublement robuste) ; contrôle = not_yet_treated ; fenêtre 2003-2024 ; 5371 traitées, 0 jamais traitées sur la fenêtre ; ATT(g,t) identifiés jusqu'en 2022 (sans unité jamais traitée, la dernière cohorte sert de contrôle)",event,0.0,5371.0,0.0,0.0,2003.0,2024.0,2003.0,2022.0,5371.0,5.0,dr,8.0,5311.0,,,,,
robust,robustesse,H2b,"log(naissances+0,5 / 1 000 f. 25-39)","cohort 2014 exclue (première observation utilisable 2014-12, A5)",cs,1,0.0191331669518312,0.0313675533623532,-0.0423461079215194,0.0806124418251819,0.5418837834731516,5371,118162,False," ; covariables : log_pop, share_women_1549, level_pre, pretrend_pre (doublement robuste) ; contrôle = not_yet_treated ; fenêtre 2003-2024 ; 5371 traitées, 0 jamais traitées sur la fenêtre ; ATT(g,t) identifiés jusqu'en 2022 (sans unité jamais traitée, la dernière cohorte sert de contrôle)",event,0.0,5371.0,0.0,0.0,2003.0,2024.0,2003.0,2022.0,5371.0,5.0,dr,7.0,5251.0,,,,,
robust,robustesse,H2b,"log(naissances+0,5 / 1 000 f. 25-39)","cohort 2014 exclue (première observation utilisable 2014-12, A5)",cs,2,0.0297532543298245,0.0307026297325395,-0.0304227941766215,0.0899293028362706,0.3325060895785725,5371,118162,False," ; covariables : log_pop, share_women_1549, level_pre, pretrend_pre (doublement robuste) ; contrôle = not_yet_treated ; fenêtre 2003-2024 ; 5371 traitées, 0 jamais traitées sur la fenêtre ; ATT(g,t) identifiés jusqu'en 2022 (sans unité jamais traitée, la dernière cohorte sert de contrôle)",event,0.0,5371.0,0.0,0.0,2003.0,2024.0,2003.0,2022.0,5371.0,5.0,dr,6.0,5081.0,,,,,
robust,robustesse,H2b,"log(naissances+0,5 / 1 000 f. 25-39)","cohort 2014 exclue (première observation utilisable 2014-12, A5)",cs,3,-0.0255235080415485,0.0232820242679975,-0.0711554370940112,0.0201084210109141,0.2729583170958536,5371,118162,False," ; covariables : log_pop, share_women_1549, level_pre, pretrend_pre (doublement robuste) ; contrôle = not_yet_treated ; fenêtre 2003-2024 ; 5371 traitées, 0 jamais traitées sur la fenêtre ; ATT(g,t) identifiés jusqu'en 2022 (sans unité jamais traitée, la dernière cohorte sert de contrôle)",event,0.0,5371.0,0.0,0.0,2003.0,2024.0,2003.0,2022.0,5371.0,5.0,dr,5.0,4657.0,,,,,
robust,robustesse,H2b,"log(naissances+0,5 / 1 000 f. 25-39)","cohort 2014 exclue (première observation utilisable 2014-12, A5)",cs,4,-0.0786424335066353,0.0247007790502284,-0.1270550708351646,-0.0302297961781061,0.0014535351089809,5371,118162,False," ; covariables : log_pop, share_women_1549, level_pre, pretrend_pre (doublement robuste) ; contrôle = not_yet_treated ; fenêtre 2003-2024 ; 5371 traitées, 0 jamais traitées sur la fenêtre ; ATT(g,t) identifiés jusqu'en 2022 (sans unité jamais traitée, la dernière cohorte sert de contrôle)",event,0.0,5371.0,0.0,0.0,2003.0,2024.0,2003.0,2022.0,5371.0,5.0,dr,4.0,4258.0,,,,,
robust,robustesse,H2b,"log(naissances+0,5 / 1 000 f. 25-39)","cohort 2014 exclue (première observation utilisable 2014-12, A5)",cs,5,-0.1861157287228705,0.059056006494119,-0.3018633745221074,-0.0703680829236336,0.0016242734141819,5371,118162,False," ; covariables : log_pop, share_women_1549, level_pre, pretrend_pre (doublement robuste) ; contrôle = not_yet_treated ; fenêtre 2003-2024 ; 5371 traitées, 0 jamais traitées sur la fenêtre ; ATT(g,t) identifiés jusqu'en 2022 (sans unité jamais traitée, la dernière cohorte sert de contrôle)",event,0.0,5371.0,0.0,0.0,2003.0,2024.0,2003.0,2022.0,5371.0,5.0,dr,3.0,3580.0,,,,,
robust,robustesse,H2b,"log(naissances+0,5 / 1 000 f. 25-39)","cohort 2014 exclue (première observation utilisable 2014-12, A5)",cs,6,-0.2392005576868068,0.0855606906409312,-0.4068964298354053,-0.0715046855382082,0.0051790191566149,5371,118162,False," ; covariables : log_pop, share_women_1549, level_pre, pretrend_pre (doublement robuste) ; contrôle = not_yet_treated ; fenêtre 2003-2024 ; 5371 traitées, 0 jamais traitées sur la fenêtre ; ATT(g,t) identifiés jusqu'en 2022 (sans unité jamais traitée, la dernière cohorte sert de contrôle)",event,0.0,5371.0,0.0,0.0,2003.0,2024.0,2003.0,2022.0,5371.0,5.0,dr,2.0,845.0,,,,,
robust,robustesse,H2b,"log(naissances+0,5 / 1 000 f. 25-39)","cohort 2014 exclue (première observation utilisable 2014-12, A5)",cs,7,-0.4069086737018627,0.1351898180185219,-0.6718758480946898,-0.1419414993090357,0.0026132836693118,5371,118162,False," ; covariables : log_pop, share_women_1549, level_pre, pretrend_pre (doublement robuste) ; contrôle = not_yet_treated ; fenêtre 2003-2024 ; 5371 traitées, 0 jamais traitées sur la fenêtre ; ATT(g,t) identifiés jusqu'en 2022 (sans unité jamais traitée, la dernière cohorte sert de contrôle)",event,0.0,5371.0,0.0,0.0,2003.0,2024.0,2003.0,2022.0,5371.0,5.0,dr,1.0,294.0,,,,,
robust,robustesse,H2b,"log(naissances+0,5 / 1 000 f. 25-39)","cohort 2014 exclue (première observation utilisable 2014-12, A5)",cs,"ATT[1,5]",-0.0482790497978797,0.0227571474656167,-0.0928822392213555,-0.0036758603744039,0.0338806291504798,5371,118162,False," ; covariables : log_pop, share_women_1549, level_pre, pretrend_pre (doublement robuste) ; contrôle = not_yet_treated ; fenêtre 2003-2024 ; 5371 traitées, 0 jamais traitées sur la fenêtre ; ATT(g,t) identifiés jusqu'en 2022 (sans unité jamais traitée, la dernière cohorte sert de contrôle) ; écart-type avec covariance complète des coefficients (fonctions d'influence)",post_avg,0.0,5371.0,0.0,0.0,2003.0,2024.0,2003.0,2022.0,5371.0,5.0,dr,,,,,5.0,,
robust,robustesse,H2b,"log(naissances+0,5 / 1 000 f. 25-39)","cohort 2014 exclue (première observation utilisable 2014-12, A5)",cs,ATT,-0.0393670232244811,0.019474979546415,-0.0775372817351089,-0.0011967647138534,0.0432367836860359,5371,118162,False," ; covariables : log_pop, share_women_1549, level_pre, pretrend_pre (doublement robuste) ; contrôle = not_yet_treated ; fenêtre 2003-2024 ; 5371 traitées, 0 jamais traitées sur la fenêtre ; ATT(g,t) identifiés jusqu'en 2022 (sans unité jamais traitée, la dernière cohorte sert de contrôle) ; moyenne de tous les ATT(g,t) post",simple,0.0,5371.0,0.0,0.0,2003.0,2024.0,2003.0,2022.0,5371.0,5.0,dr,,,,,,,
robust,robustesse,H2b,"log(naissances+0,5 / 1 000 f. 25-39)","cohort 2014 exclue (première observation utilisable 2014-12, A5)",cs,Wald pré (-8..-2),3.743280421185809,,,,0.808826042833125,5371,118162,False,"H5c : test de Wald joint de nullité des coefficients pré avec covariance des fonctions d'influence, df = 7 ; fenêtre 2003-2024 ; 5371 traitées, 0 jamais traitées sur la fenêtre",pre_test,0.0,5371.0,0.0,0.0,2003.0,2024.0,2003.0,2022.0,5371.0,5.0,dr,,,,,,7.0,
