part,family,hypothesis,outcome,sample,estimator,term,estimate,se,ci_low,ci_high,p,n_units,n_obs,exploratory,notes,aggregation,n_never,n_treated,n_late_recoded,n_unbalanced,year_min,year_max,years_model_min,years_model_max,n_clusters,k_post,est_method,n_cohorts,n_units_rel,cband_low,cband_high,k_periods,df,p_holm,p_crv1,p_type,ar_low,ar_high,iv_unweighted
h2,H2,H2b,log(naissances / 1 000 f. 25-39),"département, bascule D3 ≥ 50 %",cs,-8,-0.0073173397489846,0.0051015061790376,-0.0173161081268069,0.0026814286288376,0.1514727237521763,96,2592,False,"test primaire du papier ; contrôle = not_yet_treated ; fenêtre 1998-2024 ; 96 traitées, 0 jamais traitées sur la fenêtre ; ATT(g,t) identifiés jusqu'en 2017 (sans unité jamais traitée, la dernière cohorte sert de contrôle) ; grappes = dep (96) ; bandes simultanées sup-t (bootstrap multiplicateur Rademacher, 999 tirages, valeur critique 2.59)",event,0.0,96.0,0.0,0.0,1998.0,2024.0,1998.0,2017.0,96.0,4.0,reg,5.0,89.0,-0.0205223137664556,0.0058876342684863,,,,,,,,
h2,H2,H2b,log(naissances / 1 000 f. 25-39),"département, bascule D3 ≥ 50 %",cs,-7,-0.0033520948535511,0.0052177571911426,-0.0135787110282656,0.0068745213211634,0.5205876689497462,96,2592,False,"test primaire du papier ; contrôle = not_yet_treated ; fenêtre 1998-2024 ; 96 traitées, 0 jamais traitées sur la fenêtre ; ATT(g,t) identifiés jusqu'en 2017 (sans unité jamais traitée, la dernière cohorte sert de contrôle) ; grappes = dep (96) ; bandes simultanées sup-t (bootstrap multiplicateur Rademacher, 999 tirages, valeur critique 2.59)",event,0.0,96.0,0.0,0.0,1998.0,2024.0,1998.0,2017.0,96.0,4.0,reg,5.0,89.0,-0.0168579783554915,0.0101537886483892,,,,,,,,
h2,H2,H2b,log(naissances / 1 000 f. 25-39),"département, bascule D3 ≥ 50 %",cs,-6,0.0053242086309329,0.005878502749707,-0.0061974450415126,0.0168458623033785,0.3650902772930841,96,2592,False,"test primaire du papier ; contrôle = not_yet_treated ; fenêtre 1998-2024 ; 96 traitées, 0 jamais traitées sur la fenêtre ; ATT(g,t) identifiés jusqu'en 2017 (sans unité jamais traitée, la dernière cohorte sert de contrôle) ; grappes = dep (96) ; bandes simultanées sup-t (bootstrap multiplicateur Rademacher, 999 tirages, valeur critique 2.59)",event,0.0,96.0,0.0,0.0,1998.0,2024.0,1998.0,2017.0,96.0,4.0,reg,5.0,89.0,-0.0098919791667964,0.0205403964286623,,,,,,,,
h2,H2,H2b,log(naissances / 1 000 f. 25-39),"département, bascule D3 ≥ 50 %",cs,-5,0.0036725001671842,0.0048694211946669,-0.0058713899999188,0.0132163903342874,0.4507312703508302,96,2592,False,"test primaire du papier ; contrôle = not_yet_treated ; fenêtre 1998-2024 ; 96 traitées, 0 jamais traitées sur la fenêtre ; ATT(g,t) identifiés jusqu'en 2017 (sans unité jamais traitée, la dernière cohorte sert de contrôle) ; grappes = dep (96) ; bandes simultanées sup-t (bootstrap multiplicateur Rademacher, 999 tirages, valeur critique 2.59)",event,0.0,96.0,0.0,0.0,1998.0,2024.0,1998.0,2017.0,96.0,4.0,reg,5.0,89.0,-0.0089317343665135,0.0162767347008821,,,,,,,,
h2,H2,H2b,log(naissances / 1 000 f. 25-39),"département, bascule D3 ≥ 50 %",cs,-4,0.0074360503417078,0.0044279735772508,-0.0012426183941989,0.0161147190776145,0.0930868027187549,96,2592,False,"test primaire du papier ; contrôle = not_yet_treated ; fenêtre 1998-2024 ; 96 traitées, 0 jamais traitées sur la fenêtre ; ATT(g,t) identifiés jusqu'en 2017 (sans unité jamais traitée, la dernière cohorte sert de contrôle) ; grappes = dep (96) ; bandes simultanées sup-t (bootstrap multiplicateur Rademacher, 999 tirages, valeur critique 2.59)",event,0.0,96.0,0.0,0.0,1998.0,2024.0,1998.0,2017.0,96.0,4.0,reg,5.0,89.0,-0.0040255208072025,0.0188976214906181,,,,,,,,
h2,H2,H2b,log(naissances / 1 000 f. 25-39),"département, bascule D3 ≥ 50 %",cs,-3,0.0070963682699429,0.0048621352671854,-0.0024332417417025,0.0166259782815884,0.1444229108695066,96,2592,False,"test primaire du papier ; contrôle = not_yet_treated ; fenêtre 1998-2024 ; 96 traitées, 0 jamais traitées sur la fenêtre ; ATT(g,t) identifiés jusqu'en 2017 (sans unité jamais traitée, la dernière cohorte sert de contrôle) ; grappes = dep (96) ; bandes simultanées sup-t (bootstrap multiplicateur Rademacher, 999 tirages, valeur critique 2.59)",event,0.0,96.0,0.0,0.0,1998.0,2024.0,1998.0,2017.0,96.0,4.0,reg,5.0,89.0,-0.0054890070328317,0.0196817435727177,,,,,,,,
h2,H2,H2b,log(naissances / 1 000 f. 25-39),"département, bascule D3 ≥ 50 %",cs,-2,0.002929078622572,0.0043545619025051,-0.0056057058747882,0.0114638631199323,0.5011725328409993,96,2592,False,"test primaire du papier ; contrôle = not_yet_treated ; fenêtre 1998-2024 ; 96 traitées, 0 jamais traitées sur la fenêtre ; ATT(g,t) identifiés jusqu'en 2017 (sans unité jamais traitée, la dernière cohorte sert de contrôle) ; grappes = dep (96) ; bandes simultanées sup-t (bootstrap multiplicateur Rademacher, 999 tirages, valeur critique 2.59)",event,0.0,96.0,0.0,0.0,1998.0,2024.0,1998.0,2017.0,96.0,4.0,reg,5.0,89.0,-0.0083424703596339,0.014200627604778,,,,,,,,
h2,H2,H2b,log(naissances / 1 000 f. 25-39),"département, bascule D3 ≥ 50 %",cs,0,0.0097902837594495,0.005131945524913,-0.0002681446400015,0.0198487121589006,0.0564282055047849,96,2592,False,"test primaire du papier ; contrôle = not_yet_treated ; fenêtre 1998-2024 ; 96 traitées, 0 jamais traitées sur la fenêtre ; ATT(g,t) identifiés jusqu'en 2017 (sans unité jamais traitée, la dernière cohorte sert de contrôle) ; grappes = dep (96) ; bandes simultanées sup-t (bootstrap multiplicateur Rademacher, 999 tirages, valeur critique 2.59)",event,0.0,96.0,0.0,0.0,1998.0,2024.0,1998.0,2017.0,96.0,4.0,reg,5.0,89.0,-0.0034934808655963,0.0230740483844954,,,,,,,,
h2,H2,H2b,log(naissances / 1 000 f. 25-39),"département, bascule D3 ≥ 50 %",cs,1,0.0111171846172108,0.0080232881029488,-0.0046081711021576,0.0268425403365792,0.165864637402802,96,2592,False,"test primaire du papier ; contrôle = not_yet_treated ; fenêtre 1998-2024 ; 96 traitées, 0 jamais traitées sur la fenêtre ; ATT(g,t) identifiés jusqu'en 2017 (sans unité jamais traitée, la dernière cohorte sert de contrôle) ; grappes = dep (96) ; bandes simultanées sup-t (bootstrap multiplicateur Rademacher, 999 tirages, valeur critique 2.59)",event,0.0,96.0,0.0,0.0,1998.0,2024.0,1998.0,2017.0,96.0,4.0,reg,4.0,74.0,-0.0096506645661277,0.0318850338005493,,,,,,,,
h2,H2,H2b,log(naissances / 1 000 f. 25-39),"département, bascule D3 ≥ 50 %",cs,2,0.011140706215811,0.009398396033193,-0.0072798115216915,0.0295612239533135,0.2358657418497104,96,2592,False,"test primaire du papier ; contrôle = not_yet_treated ; fenêtre 1998-2024 ; 96 traitées, 0 jamais traitées sur la fenêtre ; ATT(g,t) identifiés jusqu'en 2017 (sans unité jamais traitée, la dernière cohorte sert de contrôle) ; grappes = dep (96) ; bandes simultanées sup-t (bootstrap multiplicateur Rademacher, 999 tirages, valeur critique 2.59)",event,0.0,96.0,0.0,0.0,1998.0,2024.0,1998.0,2017.0,96.0,4.0,reg,3.0,51.0,-0.0131865357924753,0.0354679482240974,,,,,,,,
h2,H2,H2b,log(naissances / 1 000 f. 25-39),"département, bascule D3 ≥ 50 %",cs,3,0.0107943383830241,0.0190996570095249,-0.0266403014727128,0.0482289782387611,0.5719657874648394,96,2592,False,"test primaire du papier ; contrôle = not_yet_treated ; fenêtre 1998-2024 ; 96 traitées, 0 jamais traitées sur la fenêtre ; ATT(g,t) identifiés jusqu'en 2017 (sans unité jamais traitée, la dernière cohorte sert de contrôle) ; grappes = dep (96) ; bandes simultanées sup-t (bootstrap multiplicateur Rademacher, 999 tirages, valeur critique 2.59)",event,0.0,96.0,0.0,0.0,1998.0,2024.0,1998.0,2017.0,96.0,4.0,reg,2.0,35.0,-0.0386440952289414,0.0602327719949897,,,,,,,,
h2,H2,H2b,log(naissances / 1 000 f. 25-39),"département, bascule D3 ≥ 50 %",cs,4,0.0382326987437709,0.0154414199076843,0.0079680718545497,0.0684973256329922,0.0132869770745006,96,2592,False,"test primaire du papier ; contrôle = not_yet_treated ; fenêtre 1998-2024 ; 96 traitées, 0 jamais traitées sur la fenêtre ; ATT(g,t) identifiés jusqu'en 2017 (sans unité jamais traitée, la dernière cohorte sert de contrôle) ; grappes = dep (96) ; bandes simultanées sup-t (bootstrap multiplicateur Rademacher, 999 tirages, valeur critique 2.59)",event,0.0,96.0,0.0,0.0,1998.0,2024.0,1998.0,2017.0,96.0,4.0,reg,1.0,2.0,-0.0017365851339359,0.0782019826214779,,,,,,,,
h2,H2,H2b,log(naissances / 1 000 f. 25-39),"département, bascule D3 ≥ 50 %",cs,"ATT[1,4]",0.0178212319899542,0.0113262345871324,-0.0043777798812773,0.0400202438611858,0.1156153072968515,96,2592,False,"test primaire du papier ; contrôle = not_yet_treated ; fenêtre 1998-2024 ; 96 traitées, 0 jamais traitées sur la fenêtre ; ATT(g,t) identifiés jusqu'en 2017 (sans unité jamais traitée, la dernière cohorte sert de contrôle) ; grappes = dep (96) ; bandes simultanées sup-t (bootstrap multiplicateur Rademacher, 999 tirages, valeur critique 2.59) ; écart-type avec covariance complète des coefficients (fonctions d'influence)",post_avg,0.0,96.0,0.0,0.0,1998.0,2024.0,1998.0,2017.0,96.0,4.0,reg,,,,,4.0,,,,,,,
h2,H2,H2b,log(naissances / 1 000 f. 25-39),"département, bascule D3 ≥ 50 %",cs,ATT,0.0108225106540412,0.007718660957278,-0.0043057868310991,0.0259508081391817,0.1608785742504173,96,2592,False,"test primaire du papier ; contrôle = not_yet_treated ; fenêtre 1998-2024 ; 96 traitées, 0 jamais traitées sur la fenêtre ; ATT(g,t) identifiés jusqu'en 2017 (sans unité jamais traitée, la dernière cohorte sert de contrôle) ; grappes = dep (96) ; bandes simultanées sup-t (bootstrap multiplicateur Rademacher, 999 tirages, valeur critique 2.59) ; moyenne de tous les ATT(g,t) post",simple,0.0,96.0,0.0,0.0,1998.0,2024.0,1998.0,2017.0,96.0,4.0,reg,,,,,,,,,,,,
h2,H2,H2b,log(naissances / 1 000 f. 25-39),"département, bascule D3 ≥ 50 %",cs,Wald pré (-8..-2),21.071508739390197,,,,0.0036657429461866,96,2592,False,"H5c : test de Wald joint de nullité des coefficients pré avec covariance des fonctions d'influence, df = 7 ; fenêtre 1998-2024 ; 96 traitées, 0 jamais traitées sur la fenêtre",pre_test,0.0,96.0,0.0,0.0,1998.0,2024.0,1998.0,2017.0,96.0,4.0,reg,,,,,,7.0,,,,,,
h2,H2,H2b,log(naissances / 1 000 f. 25-39),"département, bascule D3 ≥ 50 %",cs,"ATT[1,4]",0.0178212319899542,0.0109304842973003,-0.0036021237353197,0.0392445877152282,0.1030136922026374,96,2592,False,"écart-type par bootstrap par grappes stratifié par cohorte (200 tirages, grappe = dep) ; quantiles [+0.0009, +0.0408] ; fenêtre 1998-2024 ; 96 traitées, 0 jamais traitées sur la fenêtre",post_avg_boot,0.0,96.0,0.0,0.0,1998.0,2024.0,1998.0,2017.0,96.0,4.0,reg,,,,,,,,,,,,
h2,H2,H2b,log(naissances / 1 000 f. 25-39),"département, bascule D3 ≥ 50 % ; agrégation à composition constante",cs,"ATT[1,5] (composition constante)",,,,,,96,2592,False,"non calculable : aucune cohorte n'est observée jusqu'à +5 parmi les ATT(g,t) identifiés (dernière année identifiée 2017)",post_avg_balanced,0.0,96.0,0.0,0.0,1998.0,2024.0,1998.0,2017.0,96.0,4.0,reg,,,,,,,,,,,,
h2,H2,H2b,log(naissances / 1 000 f. 25-39),"département, bascule D3 ≥ 50 % ; fenêtre identifiée ≤ 2017, cohorte 2018 = contrôle",sunab,-8,-0.0039484106470233,0.0110476928179934,-0.0256014906825522,0.0177046693885056,0.7207947322779805,96,2592,False,"test primaire du papier ; fenêtre 1998-2024 ; 96 traitées, 0 jamais traitées sur la fenêtre ; comparaisons sur la fenêtre identifiée (années < 2018, cohorte 2018 recodée contrôle, 7 unités de contrôle) ; cellules −8 et +8 bornées",event,0.0,96.0,0.0,0.0,1998.0,2024.0,,,,,,,,,,,,,,,,,
h2,H2,H2b,log(naissances / 1 000 f. 25-39),"département, bascule D3 ≥ 50 % ; fenêtre identifiée ≤ 2017, cohorte 2018 = contrôle",sunab,-7,-0.0061547313552265,0.0102651811116677,-0.0262741166288761,0.0139646539184231,0.5487904612787999,96,2592,False,"test primaire du papier ; fenêtre 1998-2024 ; 96 traitées, 0 jamais traitées sur la fenêtre ; comparaisons sur la fenêtre identifiée (années < 2018, cohorte 2018 recodée contrôle, 7 unités de contrôle) ; cellules −8 et +8 bornées",event,0.0,96.0,0.0,0.0,1998.0,2024.0,,,,,,,,,,,,,,,,,
h2,H2,H2b,log(naissances / 1 000 f. 25-39),"département, bascule D3 ≥ 50 % ; fenêtre identifiée ≤ 2017, cohorte 2018 = contrôle",sunab,-6,0.0047757750388736,0.0110160093681695,-0.0168152065760944,0.0263667566538418,0.6646294798255092,96,2592,False,"test primaire du papier ; fenêtre 1998-2024 ; 96 traitées, 0 jamais traitées sur la fenêtre ; comparaisons sur la fenêtre identifiée (années < 2018, cohorte 2018 recodée contrôle, 7 unités de contrôle) ; cellules −8 et +8 bornées",event,0.0,96.0,0.0,0.0,1998.0,2024.0,,,,,,,,,,,,,,,,,
h2,H2,H2b,log(naissances / 1 000 f. 25-39),"département, bascule D3 ≥ 50 % ; fenêtre identifiée ≤ 2017, cohorte 2018 = contrôle",sunab,-5,0.0100723978586017,0.0104983017187,-0.0105038954088852,0.0306486911260887,0.337341580833526,96,2592,False,"test primaire du papier ; fenêtre 1998-2024 ; 96 traitées, 0 jamais traitées sur la fenêtre ; comparaisons sur la fenêtre identifiée (années < 2018, cohorte 2018 recodée contrôle, 7 unités de contrôle) ; cellules −8 et +8 bornées",event,0.0,96.0,0.0,0.0,1998.0,2024.0,,,,,,,,,,,,,,,,,
h2,H2,H2b,log(naissances / 1 000 f. 25-39),"département, bascule D3 ≥ 50 % ; fenêtre identifiée ≤ 2017, cohorte 2018 = contrôle",sunab,-4,0.0148465078912985,0.0072722655273512,0.0005931293716778,0.0290998864109192,0.0411987260128002,96,2592,False,"test primaire du papier ; fenêtre 1998-2024 ; 96 traitées, 0 jamais traitées sur la fenêtre ; comparaisons sur la fenêtre identifiée (années < 2018, cohorte 2018 recodée contrôle, 7 unités de contrôle) ; cellules −8 et +8 bornées",event,0.0,96.0,0.0,0.0,1998.0,2024.0,,,,,,,,,,,,,,,,,
h2,H2,H2b,log(naissances / 1 000 f. 25-39),"département, bascule D3 ≥ 50 % ; fenêtre identifiée ≤ 2017, cohorte 2018 = contrôle",sunab,-3,0.0162699476632002,0.0076999626363615,0.0011782982136275,0.0313615971127729,0.0346015836463935,96,2592,False,"test primaire du papier ; fenêtre 1998-2024 ; 96 traitées, 0 jamais traitées sur la fenêtre ; comparaisons sur la fenêtre identifiée (années < 2018, cohorte 2018 recodée contrôle, 7 unités de contrôle) ; cellules −8 et +8 bornées",event,0.0,96.0,0.0,0.0,1998.0,2024.0,,,,,,,,,,,,,,,,,
h2,H2,H2b,log(naissances / 1 000 f. 25-39),"département, bascule D3 ≥ 50 % ; fenêtre identifiée ≤ 2017, cohorte 2018 = contrôle",sunab,-2,0.0010399254059145,0.0054858126035059,-0.0097120697228929,0.0117919205347221,0.8496489672831656,96,2592,False,"test primaire du papier ; fenêtre 1998-2024 ; 96 traitées, 0 jamais traitées sur la fenêtre ; comparaisons sur la fenêtre identifiée (années < 2018, cohorte 2018 recodée contrôle, 7 unités de contrôle) ; cellules −8 et +8 bornées",event,0.0,96.0,0.0,0.0,1998.0,2024.0,,,,,,,,,,,,,,,,,
h2,H2,H2b,log(naissances / 1 000 f. 25-39),"département, bascule D3 ≥ 50 % ; fenêtre identifiée ≤ 2017, cohorte 2018 = contrôle",sunab,0,0.0043673353711652,0.0062648754409848,-0.0079115948607946,0.016646265603125,0.4857311544474955,96,2592,False,"test primaire du papier ; fenêtre 1998-2024 ; 96 traitées, 0 jamais traitées sur la fenêtre ; comparaisons sur la fenêtre identifiée (années < 2018, cohorte 2018 recodée contrôle, 7 unités de contrôle) ; cellules −8 et +8 bornées",event,0.0,96.0,0.0,0.0,1998.0,2024.0,,,,,,,,,,,,,,,,,
h2,H2,H2b,log(naissances / 1 000 f. 25-39),"département, bascule D3 ≥ 50 % ; fenêtre identifiée ≤ 2017, cohorte 2018 = contrôle",sunab,1,-0.003814691726827,0.0078376567537747,-0.0191762166874127,0.0115468332337586,0.6264615237454775,96,2592,False,"test primaire du papier ; fenêtre 1998-2024 ; 96 traitées, 0 jamais traitées sur la fenêtre ; comparaisons sur la fenêtre identifiée (années < 2018, cohorte 2018 recodée contrôle, 7 unités de contrôle) ; cellules −8 et +8 bornées",event,0.0,96.0,0.0,0.0,1998.0,2024.0,,,,,,,,,,,,,,,,,
h2,H2,H2b,log(naissances / 1 000 f. 25-39),"département, bascule D3 ≥ 50 % ; fenêtre identifiée ≤ 2017, cohorte 2018 = contrôle",sunab,2,-0.0031759695295457,0.0103158073492886,-0.0233945804056051,0.0170426413465135,0.7581781619584747,96,2592,False,"test primaire du papier ; fenêtre 1998-2024 ; 96 traitées, 0 jamais traitées sur la fenêtre ; comparaisons sur la fenêtre identifiée (années < 2018, cohorte 2018 recodée contrôle, 7 unités de contrôle) ; cellules −8 et +8 bornées",event,0.0,96.0,0.0,0.0,1998.0,2024.0,,,,,,,,,,,,,,,,,
h2,H2,H2b,log(naissances / 1 000 f. 25-39),"département, bascule D3 ≥ 50 % ; fenêtre identifiée ≤ 2017, cohorte 2018 = contrôle",sunab,3,0.0104535044370622,0.0193211805017907,-0.027415313485245,0.0483223223593696,0.5884809778510507,96,2592,False,"test primaire du papier ; fenêtre 1998-2024 ; 96 traitées, 0 jamais traitées sur la fenêtre ; comparaisons sur la fenêtre identifiée (années < 2018, cohorte 2018 recodée contrôle, 7 unités de contrôle) ; cellules −8 et +8 bornées",event,0.0,96.0,0.0,0.0,1998.0,2024.0,,,,,,,,,,,,,,,,,
h2,H2,H2b,log(naissances / 1 000 f. 25-39),"département, bascule D3 ≥ 50 % ; fenêtre identifiée ≤ 2017, cohorte 2018 = contrôle",sunab,4,0.0382326987437728,0.0158093010708605,0.0072470380241355,0.06921835946341,0.0155903254754042,96,2592,False,"test primaire du papier ; fenêtre 1998-2024 ; 96 traitées, 0 jamais traitées sur la fenêtre ; comparaisons sur la fenêtre identifiée (années < 2018, cohorte 2018 recodée contrôle, 7 unités de contrôle) ; cellules −8 et +8 bornées",event,0.0,96.0,0.0,0.0,1998.0,2024.0,,,,,,,,,,,,,,,,,
h2,H2,H2b,log(naissances / 1 000 f. 25-39),"département, bascule D3 ≥ 50 % ; fenêtre identifiée ≤ 2017, cohorte 2018 = contrôle",sunab,"ATT[1,4]",0.0104238854811155,0.0117080632273118,-0.0125234967731334,0.0333712677353645,0.3732957984470787,96,2592,False,"test primaire du papier ; fenêtre 1998-2024 ; 96 traitées, 0 jamais traitées sur la fenêtre ; comparaisons sur la fenêtre identifiée (années < 2018, cohorte 2018 recodée contrôle, 7 unités de contrôle) ; écart-type avec covariance complète (w'Vw)",post_avg,0.0,96.0,0.0,0.0,1998.0,2024.0,,,,,,,,,,,,,,,,,
h2,H2,H2b,log(naissances / 1 000 f. 25-39),"département, bascule D3 ≥ 50 % ; fenêtre identifiée ≤ 2017, cohorte 2018 = contrôle",sunab,Wald pré (-8..−2),46.09283597408524,,,,8.385763849590725e-08,96,2592,False,"test de Wald joint, covariance groupée, df = 7 ; fenêtre 1998-2024 ; 96 traitées, 0 jamais traitées sur la fenêtre",pre_test,0.0,96.0,0.0,0.0,1998.0,2024.0,,,,,,,,,,,7.0,,,,,,
h2,H2,H2b,log(naissances / 1 000 f. 25-39),"département, bascule D3 ≥ 50 % ; fenêtre identifiée ≤ 2017, cohorte 2018 = contrôle",did2s,-8,0.0001144013540562,0.0003106335664575,-0.0004944292485897,0.0007232319567023,0.7126615255908887,96,2592,False,"test primaire du papier ; fenêtre 1998-2024 ; 96 traitées, 0 jamais traitées sur la fenêtre ; comparaisons sur la fenêtre identifiée (années < 2018, cohorte 2018 recodée contrôle, 7 unités de contrôle) ; cellules −8 et +8 bornées",event,0.0,96.0,0.0,0.0,1998.0,2024.0,,,,,,,,,,,,,,,,,
h2,H2,H2b,log(naissances / 1 000 f. 25-39),"département, bascule D3 ≥ 50 % ; fenêtre identifiée ≤ 2017, cohorte 2018 = contrôle",did2s,-7,-0.0050246288610826,0.0018544246255657,-0.0086592343392356,-0.0013900233829296,0.0067377548425734,96,2592,False,"test primaire du papier ; fenêtre 1998-2024 ; 96 traitées, 0 jamais traitées sur la fenêtre ; comparaisons sur la fenêtre identifiée (années < 2018, cohorte 2018 recodée contrôle, 7 unités de contrôle) ; cellules −8 et +8 bornées",event,0.0,96.0,0.0,0.0,1998.0,2024.0,,,,,,,,,,,,,,,,,
h2,H2,H2b,log(naissances / 1 000 f. 25-39),"département, bascule D3 ≥ 50 % ; fenêtre identifiée ≤ 2017, cohorte 2018 = contrôle",did2s,-6,-0.0024658967010516,0.0015074766560933,-0.0054204966545295,0.0004887032524262,0.1018861202749075,96,2592,False,"test primaire du papier ; fenêtre 1998-2024 ; 96 traitées, 0 jamais traitées sur la fenêtre ; comparaisons sur la fenêtre identifiée (années < 2018, cohorte 2018 recodée contrôle, 7 unités de contrôle) ; cellules −8 et +8 bornées",event,0.0,96.0,0.0,0.0,1998.0,2024.0,,,,,,,,,,,,,,,,,
h2,H2,H2b,log(naissances / 1 000 f. 25-39),"département, bascule D3 ≥ 50 % ; fenêtre identifiée ≤ 2017, cohorte 2018 = contrôle",did2s,-5,-0.0002588720211215,0.0018121418899148,-0.0038106048602311,0.0032928608179879,0.8864053562378538,96,2592,False,"test primaire du papier ; fenêtre 1998-2024 ; 96 traitées, 0 jamais traitées sur la fenêtre ; comparaisons sur la fenêtre identifiée (années < 2018, cohorte 2018 recodée contrôle, 7 unités de contrôle) ; cellules −8 et +8 bornées",event,0.0,96.0,0.0,0.0,1998.0,2024.0,,,,,,,,,,,,,,,,,
h2,H2,H2b,log(naissances / 1 000 f. 25-39),"département, bascule D3 ≥ 50 % ; fenêtre identifiée ≤ 2017, cohorte 2018 = contrôle",did2s,-4,0.0014513385081044,0.0017516212092858,-0.0019817759766522,0.004884452992861,0.4073485055287361,96,2592,False,"test primaire du papier ; fenêtre 1998-2024 ; 96 traitées, 0 jamais traitées sur la fenêtre ; comparaisons sur la fenêtre identifiée (années < 2018, cohorte 2018 recodée contrôle, 7 unités de contrôle) ; cellules −8 et +8 bornées",event,0.0,96.0,0.0,0.0,1998.0,2024.0,,,,,,,,,,,,,,,,,
h2,H2,H2b,log(naissances / 1 000 f. 25-39),"département, bascule D3 ≥ 50 % ; fenêtre identifiée ≤ 2017, cohorte 2018 = contrôle",did2s,-3,0.0021875730316115,0.0017080153036825,-0.0011600754486495,0.0055352215118727,0.2002748199435932,96,2592,False,"test primaire du papier ; fenêtre 1998-2024 ; 96 traitées, 0 jamais traitées sur la fenêtre ; comparaisons sur la fenêtre identifiée (années < 2018, cohorte 2018 recodée contrôle, 7 unités de contrôle) ; cellules −8 et +8 bornées",event,0.0,96.0,0.0,0.0,1998.0,2024.0,,,,,,,,,,,,,,,,,
h2,H2,H2b,log(naissances / 1 000 f. 25-39),"département, bascule D3 ≥ 50 % ; fenêtre identifiée ≤ 2017, cohorte 2018 = contrôle",did2s,-2,0.0023071656262741,0.0019675174506018,-0.0015490977158594,0.0061634289684077,0.2409451029361052,96,2592,False,"test primaire du papier ; fenêtre 1998-2024 ; 96 traitées, 0 jamais traitées sur la fenêtre ; comparaisons sur la fenêtre identifiée (années < 2018, cohorte 2018 recodée contrôle, 7 unités de contrôle) ; cellules −8 et +8 bornées",event,0.0,96.0,0.0,0.0,1998.0,2024.0,,,,,,,,,,,,,,,,,
h2,H2,H2b,log(naissances / 1 000 f. 25-39),"département, bascule D3 ≥ 50 % ; fenêtre identifiée ≤ 2017, cohorte 2018 = contrôle",did2s,0,0.0101907150383661,0.0044280541158062,0.0015118884497915,0.0188695416269407,0.0213691429258309,96,2592,False,"test primaire du papier ; fenêtre 1998-2024 ; 96 traitées, 0 jamais traitées sur la fenêtre ; comparaisons sur la fenêtre identifiée (années < 2018, cohorte 2018 recodée contrôle, 7 unités de contrôle) ; cellules −8 et +8 bornées",event,0.0,96.0,0.0,0.0,1998.0,2024.0,,,,,,,,,,,,,,,,,
h2,H2,H2b,log(naissances / 1 000 f. 25-39),"département, bascule D3 ≥ 50 % ; fenêtre identifiée ≤ 2017, cohorte 2018 = contrôle",did2s,1,0.0111898229273897,0.0068297556911496,-0.0021962522504709,0.0245758981052504,0.1013397686282404,96,2592,False,"test primaire du papier ; fenêtre 1998-2024 ; 96 traitées, 0 jamais traitées sur la fenêtre ; comparaisons sur la fenêtre identifiée (années < 2018, cohorte 2018 recodée contrôle, 7 unités de contrôle) ; cellules −8 et +8 bornées",event,0.0,96.0,0.0,0.0,1998.0,2024.0,,,,,,,,,,,,,,,,,
h2,H2,H2b,log(naissances / 1 000 f. 25-39),"département, bascule D3 ≥ 50 % ; fenêtre identifiée ≤ 2017, cohorte 2018 = contrôle",did2s,2,0.0196649282191393,0.0085311904243665,0.0029441022421278,0.0363857541961508,0.021163066153025,96,2592,False,"test primaire du papier ; fenêtre 1998-2024 ; 96 traitées, 0 jamais traitées sur la fenêtre ; comparaisons sur la fenêtre identifiée (années < 2018, cohorte 2018 recodée contrôle, 7 unités de contrôle) ; cellules −8 et +8 bornées",event,0.0,96.0,0.0,0.0,1998.0,2024.0,,,,,,,,,,,,,,,,,
h2,H2,H2b,log(naissances / 1 000 f. 25-39),"département, bascule D3 ≥ 50 % ; fenêtre identifiée ≤ 2017, cohorte 2018 = contrôle",did2s,3,0.0326616802004006,0.0162076537101883,0.0008952626545344,0.0644280977462668,0.0438835912768275,96,2592,False,"test primaire du papier ; fenêtre 1998-2024 ; 96 traitées, 0 jamais traitées sur la fenêtre ; comparaisons sur la fenêtre identifiée (années < 2018, cohorte 2018 recodée contrôle, 7 unités de contrôle) ; cellules −8 et +8 bornées",event,0.0,96.0,0.0,0.0,1998.0,2024.0,,,,,,,,,,,,,,,,,
h2,H2,H2b,log(naissances / 1 000 f. 25-39),"département, bascule D3 ≥ 50 % ; fenêtre identifiée ≤ 2017, cohorte 2018 = contrôle",did2s,4,-0.0152814191644385,0.0385260436987304,-0.0907910772807665,0.0602282389518893,0.69162435213309,96,2592,False,"test primaire du papier ; fenêtre 1998-2024 ; 96 traitées, 0 jamais traitées sur la fenêtre ; comparaisons sur la fenêtre identifiée (années < 2018, cohorte 2018 recodée contrôle, 7 unités de contrôle) ; cellules −8 et +8 bornées",event,0.0,96.0,0.0,0.0,1998.0,2024.0,,,,,,,,,,,,,,,,,
h2,H2,H2b,log(naissances / 1 000 f. 25-39),"département, bascule D3 ≥ 50 % ; fenêtre identifiée ≤ 2017, cohorte 2018 = contrôle",did2s,"ATT[1,4]",0.0120587530456227,0.0145909445022894,-0.0165389726792873,0.0406564787705328,0.4085462678106286,96,2592,False,"test primaire du papier ; fenêtre 1998-2024 ; 96 traitées, 0 jamais traitées sur la fenêtre ; comparaisons sur la fenêtre identifiée (années < 2018, cohorte 2018 recodée contrôle, 7 unités de contrôle) ; écart-type avec covariance complète (w'Vw)",post_avg,0.0,96.0,0.0,0.0,1998.0,2024.0,,,,,,,,,,,,,,,,,
h2,H2,H2b,log(naissances / 1 000 f. 25-39),"département, bascule D3 ≥ 50 % ; fenêtre identifiée ≤ 2017, cohorte 2018 = contrôle",did2s,Wald pré (-8..−2),11.919846448146286,,,,0.1032257642546248,96,2592,False,"test de Wald joint, covariance groupée, df = 7 ; fenêtre 1998-2024 ; 96 traitées, 0 jamais traitées sur la fenêtre",pre_test,0.0,96.0,0.0,0.0,1998.0,2024.0,,,,,,,,,,,7.0,,,,,,
h2,H2,H2b,log(naissances / 1 000 f. 25-39),"département, bascule D3 ≥ 50 % ; fenêtre identifiée ≤ 2017, cohorte 2018 = contrôle",twfe,-8,-0.0077658175780769,0.0093476509717995,-0.026086876822855,0.010555241666701,0.4060993674532006,96,2592,False,"test primaire du papier ; fenêtre 1998-2024 ; 96 traitées, 0 jamais traitées sur la fenêtre ; comparaisons sur la fenêtre identifiée (années < 2018, cohorte 2018 recodée contrôle, 7 unités de contrôle) ; cellules −8 et +8 bornées",event,0.0,96.0,0.0,0.0,1998.0,2024.0,,,,,,,,,,,,,,,,,
h2,H2,H2b,log(naissances / 1 000 f. 25-39),"département, bascule D3 ≥ 50 % ; fenêtre identifiée ≤ 2017, cohorte 2018 = contrôle",twfe,-7,-0.0139242914279971,0.008720354895209,-0.0310158729550145,0.0031672900990201,0.1103197896112888,96,2592,False,"test primaire du papier ; fenêtre 1998-2024 ; 96 traitées, 0 jamais traitées sur la fenêtre ; comparaisons sur la fenêtre identifiée (années < 2018, cohorte 2018 recodée contrôle, 7 unités de contrôle) ; cellules −8 et +8 bornées",event,0.0,96.0,0.0,0.0,1998.0,2024.0,,,,,,,,,,,,,,,,,
h2,H2,H2b,log(naissances / 1 000 f. 25-39),"département, bascule D3 ≥ 50 % ; fenêtre identifiée ≤ 2017, cohorte 2018 = contrôle",twfe,-6,-0.0101425649210337,0.0082226882077308,-0.0262587376642883,0.0059736078222208,0.2173947627814385,96,2592,False,"test primaire du papier ; fenêtre 1998-2024 ; 96 traitées, 0 jamais traitées sur la fenêtre ; comparaisons sur la fenêtre identifiée (années < 2018, cohorte 2018 recodée contrôle, 7 unités de contrôle) ; cellules −8 et +8 bornées",event,0.0,96.0,0.0,0.0,1998.0,2024.0,,,,,,,,,,,,,,,,,
h2,H2,H2b,log(naissances / 1 000 f. 25-39),"département, bascule D3 ≥ 50 % ; fenêtre identifiée ≤ 2017, cohorte 2018 = contrôle",twfe,-5,-0.0061628672064652,0.0075186073551902,-0.0208990668365361,0.0085733324236055,0.412397406926504,96,2592,False,"test primaire du papier ; fenêtre 1998-2024 ; 96 traitées, 0 jamais traitées sur la fenêtre ; comparaisons sur la fenêtre identifiée (années < 2018, cohorte 2018 recodée contrôle, 7 unités de contrôle) ; cellules −8 et +8 bornées",event,0.0,96.0,0.0,0.0,1998.0,2024.0,,,,,,,,,,,,,,,,,
h2,H2,H2b,log(naissances / 1 000 f. 25-39),"département, bascule D3 ≥ 50 % ; fenêtre identifiée ≤ 2017, cohorte 2018 = contrôle",twfe,-4,-0.0021682348178949,0.0066071888675272,-0.0151180870373022,0.0107816174015123,0.7427884335521395,96,2592,False,"test primaire du papier ; fenêtre 1998-2024 ; 96 traitées, 0 jamais traitées sur la fenêtre ; comparaisons sur la fenêtre identifiée (années < 2018, cohorte 2018 recodée contrôle, 7 unités de contrôle) ; cellules −8 et +8 bornées",event,0.0,96.0,0.0,0.0,1998.0,2024.0,,,,,,,,,,,,,,,,,
h2,H2,H2b,log(naissances / 1 000 f. 25-39),"département, bascule D3 ≥ 50 % ; fenêtre identifiée ≤ 2017, cohorte 2018 = contrôle",twfe,-3,2.0346593835250275e-05,0.0055899939054695,-0.0109358401346834,0.0109765333223539,0.9970958470591156,96,2592,False,"test primaire du papier ; fenêtre 1998-2024 ; 96 traitées, 0 jamais traitées sur la fenêtre ; comparaisons sur la fenêtre identifiée (années < 2018, cohorte 2018 recodée contrôle, 7 unités de contrôle) ; cellules −8 et +8 bornées",event,0.0,96.0,0.0,0.0,1998.0,2024.0,,,,,,,,,,,,,,,,,
h2,H2,H2b,log(naissances / 1 000 f. 25-39),"département, bascule D3 ≥ 50 % ; fenêtre identifiée ≤ 2017, cohorte 2018 = contrôle",twfe,-2,0.0014025042091213,0.0038985122008501,-0.0062384392978348,0.0090434477160776,0.7190313261845657,96,2592,False,"test primaire du papier ; fenêtre 1998-2024 ; 96 traitées, 0 jamais traitées sur la fenêtre ; comparaisons sur la fenêtre identifiée (années < 2018, cohorte 2018 recodée contrôle, 7 unités de contrôle) ; cellules −8 et +8 bornées",event,0.0,96.0,0.0,0.0,1998.0,2024.0,,,,,,,,,,,,,,,,,
h2,H2,H2b,log(naissances / 1 000 f. 25-39),"département, bascule D3 ≥ 50 % ; fenêtre identifiée ≤ 2017, cohorte 2018 = contrôle",twfe,0,0.008902268647501,0.0037149892323626,0.001621023549116,0.0161835137458859,0.0165610430342531,96,2592,False,"test primaire du papier ; fenêtre 1998-2024 ; 96 traitées, 0 jamais traitées sur la fenêtre ; comparaisons sur la fenêtre identifiée (années < 2018, cohorte 2018 recodée contrôle, 7 unités de contrôle) ; cellules −8 et +8 bornées",event,0.0,96.0,0.0,0.0,1998.0,2024.0,,,,,,,,,,,,,,,,,
h2,H2,H2b,log(naissances / 1 000 f. 25-39),"département, bascule D3 ≥ 50 % ; fenêtre identifiée ≤ 2017, cohorte 2018 = contrôle",twfe,1,0.012786687776179,0.0060665230922908,0.0008965210039084,0.0246768545484496,0.0350529946514941,96,2592,False,"test primaire du papier ; fenêtre 1998-2024 ; 96 traitées, 0 jamais traitées sur la fenêtre ; comparaisons sur la fenêtre identifiée (années < 2018, cohorte 2018 recodée contrôle, 7 unités de contrôle) ; cellules −8 et +8 bornées",event,0.0,96.0,0.0,0.0,1998.0,2024.0,,,,,,,,,,,,,,,,,
h2,H2,H2b,log(naissances / 1 000 f. 25-39),"département, bascule D3 ≥ 50 % ; fenêtre identifiée ≤ 2017, cohorte 2018 = contrôle",twfe,2,0.0183386727814898,0.0087091809679747,0.0012689917494175,0.035408353813562,0.0352329107942225,96,2592,False,"test primaire du papier ; fenêtre 1998-2024 ; 96 traitées, 0 jamais traitées sur la fenêtre ; comparaisons sur la fenêtre identifiée (années < 2018, cohorte 2018 recodée contrôle, 7 unités de contrôle) ; cellules −8 et +8 bornées",event,0.0,96.0,0.0,0.0,1998.0,2024.0,,,,,,,,,,,,,,,,,
h2,H2,H2b,log(naissances / 1 000 f. 25-39),"département, bascule D3 ≥ 50 % ; fenêtre identifiée ≤ 2017, cohorte 2018 = contrôle",twfe,3,0.0371867796067066,0.0125805552755147,0.0125293443611824,0.0618442148522308,0.0031176487979188,96,2592,False,"test primaire du papier ; fenêtre 1998-2024 ; 96 traitées, 0 jamais traitées sur la fenêtre ; comparaisons sur la fenêtre identifiée (années < 2018, cohorte 2018 recodée contrôle, 7 unités de contrôle) ; cellules −8 et +8 bornées",event,0.0,96.0,0.0,0.0,1998.0,2024.0,,,,,,,,,,,,,,,,,
h2,H2,H2b,log(naissances / 1 000 f. 25-39),"département, bascule D3 ≥ 50 % ; fenêtre identifiée ≤ 2017, cohorte 2018 = contrôle",twfe,4,0.0016098283731656,0.0321557483286326,-0.0614142802468883,0.0646339369932197,0.9600718091552398,96,2592,False,"test primaire du papier ; fenêtre 1998-2024 ; 96 traitées, 0 jamais traitées sur la fenêtre ; comparaisons sur la fenêtre identifiée (années < 2018, cohorte 2018 recodée contrôle, 7 unités de contrôle) ; cellules −8 et +8 bornées",event,0.0,96.0,0.0,0.0,1998.0,2024.0,,,,,,,,,,,,,,,,,
h2,H2,H2b,log(naissances / 1 000 f. 25-39),"département, bascule D3 ≥ 50 % ; fenêtre identifiée ≤ 2017, cohorte 2018 = contrôle",twfe,"ATT[1,4]",0.0174804921343852,0.0129458032259939,-0.0078928159395053,0.0428538002082758,0.1769253689629921,96,2592,False,"test primaire du papier ; fenêtre 1998-2024 ; 96 traitées, 0 jamais traitées sur la fenêtre ; comparaisons sur la fenêtre identifiée (années < 2018, cohorte 2018 recodée contrôle, 7 unités de contrôle) ; écart-type avec covariance complète (w'Vw)",post_avg,0.0,96.0,0.0,0.0,1998.0,2024.0,,,,,,,,,,,,,,,,,
h2,H2,H2b,log(naissances / 1 000 f. 25-39),"département, bascule D3 ≥ 50 % ; fenêtre identifiée ≤ 2017, cohorte 2018 = contrôle",twfe,Wald pré (-8..−2),12.49436442930504,,,,0.0854292524605778,96,2592,False,"test de Wald joint, covariance groupée, df = 7 ; fenêtre 1998-2024 ; 96 traitées, 0 jamais traitées sur la fenêtre",pre_test,0.0,96.0,0.0,0.0,1998.0,2024.0,,,,,,,,,,,7.0,,,,,,
h2,H2,H2b,log(naissances / 1 000 f. 25-39),"département, bascule D3 ≥ 50 % ; fenêtre identifiée ≤ 2017, cohorte 2018 = contrôle",twfe,ATT,0.0118127727922537,0.0058725482704562,0.0003027896846866,0.0233227558998209,0.0442701198513809,96,2592,False,"test primaire du papier ; fenêtre 1998-2024 ; 96 traitées, 0 jamais traitées sur la fenêtre ; comparaisons sur la fenêtre identifiée (années < 2018, cohorte 2018 recodée contrôle, 7 unités de contrôle)",static,0.0,96.0,0.0,0.0,1998.0,2024.0,,,,,,,,,,,,,,,,,
h2,H2,H2b,log(naissances / 1 000 f. 25-39),"département, bascule D3 ≥ 50 % ; fenêtre complète",twfe,ATT,0.0122813540143288,0.004263548648166,0.0039249522175888,0.0206377558110688,0.0039698524244683,96,2592,True,"test primaire du papier ; fenêtre 1998-2024 ; 96 traitées, 0 jamais traitées sur la fenêtre ; TWFE sur toutes les années (identification par le calendrier des bascules seulement)",static,0.0,96.0,0.0,0.0,1998.0,2024.0,,,,,,,,,,,,,,,,,
h2,H2,H2b,log(naissances / 1 000 f. 25-39),"département, bascule D3 ≥ 50 % ; fenêtre identifiée ≤ 2017, cohorte 2018 = contrôle",twfe_poisson,ATT (log du taux contrefactuel),0.006459742524832,0.011973173487426,-0.0170072462911727,0.0299267313408368,0.5895294853483912,96,2592,False,"test primaire du papier ; fenêtre 1998-2024 ; 96 traitées, 0 jamais traitées sur la fenêtre ; comparaisons sur la fenêtre identifiée (années < 2018, cohorte 2018 recodée contrôle, 7 unités de contrôle) ; Poisson à effets fixes, offset = log(women)",static,0.0,96.0,0.0,0.0,1998.0,2024.0,,,,,,,,,,,,,,,,,
h2,H2,H2b,log(naissances / 1 000 f. 25-39),"département, bascule D3 ≥ 50 % ; fenêtre identifiée ≤ 2017, cohorte 2018 = contrôle",twfe_poisson,ATT en % du taux contrefactuel,0.6480651659871883,1.205076745406123,-1.686343966666526,3.037903688803856,0.5895294853483912,96,2592,False,"test primaire du papier ; fenêtre 1998-2024 ; 96 traitées, 0 jamais traitées sur la fenêtre ; comparaisons sur la fenêtre identifiée (années < 2018, cohorte 2018 recodée contrôle, 7 unités de contrôle) ; Poisson à effets fixes, offset = log(women)",static,0.0,96.0,0.0,0.0,1998.0,2024.0,,,,,,,,,,,,,,,,,
h2,H2,H2b,log(naissances / 1 000 f. 25-39),"département, bascule D3 ≥ 50 %, référence −2 (anticipation = 1)",cs,-8,-0.0102464183715567,0.004680290002464,-0.0194196182135891,-0.0010732185295242,0.0285772233828648,96,2592,True,"complément A2 : année −1 partiellement exposée ; contrôle = not_yet_treated ; fenêtre 1998-2024 ; 96 traitées, 0 jamais traitées sur la fenêtre ; ATT(g,t) identifiés jusqu'en 2016 (sans unité jamais traitée, la dernière cohorte sert de contrôle) ; référence −2 ; grappes = dep (96)",event,0.0,96.0,0.0,0.0,1998.0,2024.0,1998.0,2016.0,96.0,3.0,reg,5.0,89.0,,,,,,,,,,
h2,H2,H2b,log(naissances / 1 000 f. 25-39),"département, bascule D3 ≥ 50 %, référence −2 (anticipation = 1)",cs,-7,-0.0062811734761231,0.0053430565511367,-0.016753371883712,0.0041910249314657,0.2397640193837349,96,2592,True,"complément A2 : année −1 partiellement exposée ; contrôle = not_yet_treated ; fenêtre 1998-2024 ; 96 traitées, 0 jamais traitées sur la fenêtre ; ATT(g,t) identifiés jusqu'en 2016 (sans unité jamais traitée, la dernière cohorte sert de contrôle) ; référence −2 ; grappes = dep (96)",event,0.0,96.0,0.0,0.0,1998.0,2024.0,1998.0,2016.0,96.0,3.0,reg,5.0,89.0,,,,,,,,,,
h2,H2,H2b,log(naissances / 1 000 f. 25-39),"département, bascule D3 ≥ 50 %, référence −2 (anticipation = 1)",cs,-6,0.0023951300083609,0.005954747978246,-0.0092759615660141,0.0140662215827359,0.6875207309269278,96,2592,True,"complément A2 : année −1 partiellement exposée ; contrôle = not_yet_treated ; fenêtre 1998-2024 ; 96 traitées, 0 jamais traitées sur la fenêtre ; ATT(g,t) identifiés jusqu'en 2016 (sans unité jamais traitée, la dernière cohorte sert de contrôle) ; référence −2 ; grappes = dep (96)",event,0.0,96.0,0.0,0.0,1998.0,2024.0,1998.0,2016.0,96.0,3.0,reg,5.0,89.0,,,,,,,,,,
h2,H2,H2b,log(naissances / 1 000 f. 25-39),"département, bascule D3 ≥ 50 %, référence −2 (anticipation = 1)",cs,-5,0.0007434215446122,0.0044941058621653,-0.0080648640879422,0.0095517071771666,0.8686122652096862,96,2592,True,"complément A2 : année −1 partiellement exposée ; contrôle = not_yet_treated ; fenêtre 1998-2024 ; 96 traitées, 0 jamais traitées sur la fenêtre ; ATT(g,t) identifiés jusqu'en 2016 (sans unité jamais traitée, la dernière cohorte sert de contrôle) ; référence −2 ; grappes = dep (96)",event,0.0,96.0,0.0,0.0,1998.0,2024.0,1998.0,2016.0,96.0,3.0,reg,5.0,89.0,,,,,,,,,,
h2,H2,H2b,log(naissances / 1 000 f. 25-39),"département, bascule D3 ≥ 50 %, référence −2 (anticipation = 1)",cs,-4,0.0045069717191357,0.0045281904823133,-0.0043681185413354,0.0133820619796069,0.319583534580676,96,2592,True,"complément A2 : année −1 partiellement exposée ; contrôle = not_yet_treated ; fenêtre 1998-2024 ; 96 traitées, 0 jamais traitées sur la fenêtre ; ATT(g,t) identifiés jusqu'en 2016 (sans unité jamais traitée, la dernière cohorte sert de contrôle) ; référence −2 ; grappes = dep (96)",event,0.0,96.0,0.0,0.0,1998.0,2024.0,1998.0,2016.0,96.0,3.0,reg,5.0,89.0,,,,,,,,,,
h2,H2,H2b,log(naissances / 1 000 f. 25-39),"département, bascule D3 ≥ 50 %, référence −2 (anticipation = 1)",cs,-3,0.0041672896473709,0.0044053916255517,-0.0044671192765047,0.0128016985712466,0.3441729963555824,96,2592,True,"complément A2 : année −1 partiellement exposée ; contrôle = not_yet_treated ; fenêtre 1998-2024 ; 96 traitées, 0 jamais traitées sur la fenêtre ; ATT(g,t) identifiés jusqu'en 2016 (sans unité jamais traitée, la dernière cohorte sert de contrôle) ; référence −2 ; grappes = dep (96)",event,0.0,96.0,0.0,0.0,1998.0,2024.0,1998.0,2016.0,96.0,3.0,reg,5.0,89.0,,,,,,,,,,
h2,H2,H2b,log(naissances / 1 000 f. 25-39),"département, bascule D3 ≥ 50 %, référence −2 (anticipation = 1)",cs,-1,-0.002929078622572,0.0043545619025051,-0.0114638631199323,0.0056057058747882,0.5011725328409993,96,2592,True,"complément A2 : année −1 partiellement exposée ; contrôle = not_yet_treated ; fenêtre 1998-2024 ; 96 traitées, 0 jamais traitées sur la fenêtre ; ATT(g,t) identifiés jusqu'en 2016 (sans unité jamais traitée, la dernière cohorte sert de contrôle) ; référence −2 ; grappes = dep (96)",event,0.0,96.0,0.0,0.0,1998.0,2024.0,1998.0,2016.0,96.0,3.0,reg,5.0,89.0,,,,,,,,,,
h2,H2,H2b,log(naissances / 1 000 f. 25-39),"département, bascule D3 ≥ 50 %, référence −2 (anticipation = 1)",cs,0,-0.0010633067564653,0.0062373065695914,-0.0132882029933997,0.0111615894804689,0.8646363517405049,96,2592,True,"complément A2 : année −1 partiellement exposée ; contrôle = not_yet_treated ; fenêtre 1998-2024 ; 96 traitées, 0 jamais traitées sur la fenêtre ; ATT(g,t) identifiés jusqu'en 2016 (sans unité jamais traitée, la dernière cohorte sert de contrôle) ; référence −2 ; grappes = dep (96)",event,0.0,96.0,0.0,0.0,1998.0,2024.0,1998.0,2016.0,96.0,3.0,reg,4.0,74.0,,,,,,,,,,
h2,H2,H2b,log(naissances / 1 000 f. 25-39),"département, bascule D3 ≥ 50 %, référence −2 (anticipation = 1)",cs,1,-0.0008472386225355,0.0066398394297753,-0.0138610847680241,0.0121666075229531,0.8984661138269843,96,2592,True,"complément A2 : année −1 partiellement exposée ; contrôle = not_yet_treated ; fenêtre 1998-2024 ; 96 traitées, 0 jamais traitées sur la fenêtre ; ATT(g,t) identifiés jusqu'en 2016 (sans unité jamais traitée, la dernière cohorte sert de contrôle) ; référence −2 ; grappes = dep (96)",event,0.0,96.0,0.0,0.0,1998.0,2024.0,1998.0,2016.0,96.0,3.0,reg,3.0,51.0,,,,,,,,,,
h2,H2,H2b,log(naissances / 1 000 f. 25-39),"département, bascule D3 ≥ 50 %, référence −2 (anticipation = 1)",cs,2,0.0138404297555436,0.0114557502058768,-0.0086124280638622,0.0362932875749494,0.2269840261930253,96,2592,True,"complément A2 : année −1 partiellement exposée ; contrôle = not_yet_treated ; fenêtre 1998-2024 ; 96 traitées, 0 jamais traitées sur la fenêtre ; ATT(g,t) identifiés jusqu'en 2016 (sans unité jamais traitée, la dernière cohorte sert de contrôle) ; référence −2 ; grappes = dep (96)",event,0.0,96.0,0.0,0.0,1998.0,2024.0,1998.0,2016.0,96.0,3.0,reg,2.0,35.0,,,,,,,,,,
h2,H2,H2b,log(naissances / 1 000 f. 25-39),"département, bascule D3 ≥ 50 %, référence −2 (anticipation = 1)",cs,3,-0.0110085145626757,0.0170874901138098,-0.0444993797719273,0.0224823506465758,0.5194171628624831,96,2592,True,"complément A2 : année −1 partiellement exposée ; contrôle = not_yet_treated ; fenêtre 1998-2024 ; 96 traitées, 0 jamais traitées sur la fenêtre ; ATT(g,t) identifiés jusqu'en 2016 (sans unité jamais traitée, la dernière cohorte sert de contrôle) ; référence −2 ; grappes = dep (96)",event,0.0,96.0,0.0,0.0,1998.0,2024.0,1998.0,2016.0,96.0,3.0,reg,1.0,2.0,,,,,,,,,,
h2,H2,H2b,log(naissances / 1 000 f. 25-39),"département, bascule D3 ≥ 50 %, référence −2 (anticipation = 1)",cs,"ATT[1,3]",0.0006615588567774,0.0073912932830503,-0.013825109777174,0.0151482274907289,0.9286804563047144,96,2592,True,"complément A2 : année −1 partiellement exposée ; contrôle = not_yet_treated ; fenêtre 1998-2024 ; 96 traitées, 0 jamais traitées sur la fenêtre ; ATT(g,t) identifiés jusqu'en 2016 (sans unité jamais traitée, la dernière cohorte sert de contrôle) ; référence −2 ; grappes = dep (96) ; écart-type avec covariance complète des coefficients (fonctions d'influence)",post_avg,0.0,96.0,0.0,0.0,1998.0,2024.0,1998.0,2016.0,96.0,3.0,reg,,,,,3.0,,,,,,,
h2,H2,H2b,log(naissances / 1 000 f. 25-39),"département, bascule D3 ≥ 50 %, référence −2 (anticipation = 1)",cs,ATT,0.0021018774234007,0.0060238185632304,-0.0097045900099348,0.0139083448567363,0.7271435557066779,96,2592,True,"complément A2 : année −1 partiellement exposée ; contrôle = not_yet_treated ; fenêtre 1998-2024 ; 96 traitées, 0 jamais traitées sur la fenêtre ; ATT(g,t) identifiés jusqu'en 2016 (sans unité jamais traitée, la dernière cohorte sert de contrôle) ; référence −2 ; grappes = dep (96) ; moyenne de tous les ATT(g,t) post",simple,0.0,96.0,0.0,0.0,1998.0,2024.0,1998.0,2016.0,96.0,3.0,reg,,,,,,,,,,,,
h2,H2,H2b,log(naissances / 1 000 f. 25-39),"département, bascule D3 ≥ 50 %, référence −2 (anticipation = 1)",cs,Wald pré (-8..-3),20.432573431458756,,,,0.0023186208498043,96,2592,True,"H5c : test de Wald joint de nullité des coefficients pré avec covariance des fonctions d'influence, df = 6 ; fenêtre 1998-2024 ; 96 traitées, 0 jamais traitées sur la fenêtre",pre_test,0.0,96.0,0.0,0.0,1998.0,2024.0,1998.0,2016.0,96.0,3.0,reg,,,,,,6.0,,,,,,
h2,H2,H2b,naissances / 1 000 f. 25-39 (taux brut),"département, bascule D3 ≥ 50 %",cs,-8,-0.8397911739087137,0.5120923960484277,-1.8434738269204531,0.163891479103026,0.1010215533840956,96,2592,False," ; contrôle = not_yet_treated ; fenêtre 1998-2024 ; 96 traitées, 0 jamais traitées sur la fenêtre ; ATT(g,t) identifiés jusqu'en 2017 (sans unité jamais traitée, la dernière cohorte sert de contrôle) ; grappes = dep (96)",event,0.0,96.0,0.0,0.0,1998.0,2024.0,1998.0,2017.0,96.0,4.0,reg,5.0,89.0,,,,,,,,,,
h2,H2,H2b,naissances / 1 000 f. 25-39 (taux brut),"département, bascule D3 ≥ 50 %",cs,-7,-0.452645242845069,0.5238906732759202,-1.4794520943023133,0.5741616086121751,0.3875840096445957,96,2592,False," ; contrôle = not_yet_treated ; fenêtre 1998-2024 ; 96 traitées, 0 jamais traitées sur la fenêtre ; ATT(g,t) identifiés jusqu'en 2017 (sans unité jamais traitée, la dernière cohorte sert de contrôle) ; grappes = dep (96)",event,0.0,96.0,0.0,0.0,1998.0,2024.0,1998.0,2017.0,96.0,4.0,reg,5.0,89.0,,,,,,,,,,
h2,H2,H2b,naissances / 1 000 f. 25-39 (taux brut),"département, bascule D3 ≥ 50 %",cs,-6,0.3539928967500025,0.5738670237859395,-0.7707658017856294,1.4787515952856345,0.537330193863333,96,2592,False," ; contrôle = not_yet_treated ; fenêtre 1998-2024 ; 96 traitées, 0 jamais traitées sur la fenêtre ; ATT(g,t) identifiés jusqu'en 2017 (sans unité jamais traitée, la dernière cohorte sert de contrôle) ; grappes = dep (96)",event,0.0,96.0,0.0,0.0,1998.0,2024.0,1998.0,2017.0,96.0,4.0,reg,5.0,89.0,,,,,,,,,,
h2,H2,H2b,naissances / 1 000 f. 25-39 (taux brut),"département, bascule D3 ≥ 50 %",cs,-5,0.2540730431471294,0.4593469927250244,-0.6462305190007006,1.1543766052949596,0.58018268157393,96,2592,False," ; contrôle = not_yet_treated ; fenêtre 1998-2024 ; 96 traitées, 0 jamais traitées sur la fenêtre ; ATT(g,t) identifiés jusqu'en 2017 (sans unité jamais traitée, la dernière cohorte sert de contrôle) ; grappes = dep (96)",event,0.0,96.0,0.0,0.0,1998.0,2024.0,1998.0,2017.0,96.0,4.0,reg,5.0,89.0,,,,,,,,,,
h2,H2,H2b,naissances / 1 000 f. 25-39 (taux brut),"département, bascule D3 ≥ 50 %",cs,-4,0.6736339287518955,0.4304720722914554,-0.1700758292896795,1.5173436867934706,0.117612796594183,96,2592,False," ; contrôle = not_yet_treated ; fenêtre 1998-2024 ; 96 traitées, 0 jamais traitées sur la fenêtre ; ATT(g,t) identifiés jusqu'en 2017 (sans unité jamais traitée, la dernière cohorte sert de contrôle) ; grappes = dep (96)",event,0.0,96.0,0.0,0.0,1998.0,2024.0,1998.0,2017.0,96.0,4.0,reg,5.0,89.0,,,,,,,,,,
h2,H2,H2b,naissances / 1 000 f. 25-39 (taux brut),"département, bascule D3 ≥ 50 %",cs,-3,0.6229626865294543,0.4721618725500133,-0.3024575785415631,1.5483829516004717,0.1870408625411179,96,2592,False," ; contrôle = not_yet_treated ; fenêtre 1998-2024 ; 96 traitées, 0 jamais traitées sur la fenêtre ; ATT(g,t) identifiés jusqu'en 2017 (sans unité jamais traitée, la dernière cohorte sert de contrôle) ; grappes = dep (96)",event,0.0,96.0,0.0,0.0,1998.0,2024.0,1998.0,2017.0,96.0,4.0,reg,5.0,89.0,,,,,,,,,,
h2,H2,H2b,naissances / 1 000 f. 25-39 (taux brut),"département, bascule D3 ≥ 50 %",cs,-2,0.2763726994962435,0.4224682954024962,-0.5516499441026776,1.1043953430951647,0.5129922009096822,96,2592,False," ; contrôle = not_yet_treated ; fenêtre 1998-2024 ; 96 traitées, 0 jamais traitées sur la fenêtre ; ATT(g,t) identifiés jusqu'en 2017 (sans unité jamais traitée, la dernière cohorte sert de contrôle) ; grappes = dep (96)",event,0.0,96.0,0.0,0.0,1998.0,2024.0,1998.0,2017.0,96.0,4.0,reg,5.0,89.0,,,,,,,,,,
h2,H2,H2b,naissances / 1 000 f. 25-39 (taux brut),"département, bascule D3 ≥ 50 %",cs,0,0.9077697662293144,0.4890463911172474,-0.0507435471297794,1.8662830795884084,0.0634245156472286,96,2592,False," ; contrôle = not_yet_treated ; fenêtre 1998-2024 ; 96 traitées, 0 jamais traitées sur la fenêtre ; ATT(g,t) identifiés jusqu'en 2017 (sans unité jamais traitée, la dernière cohorte sert de contrôle) ; grappes = dep (96)",event,0.0,96.0,0.0,0.0,1998.0,2024.0,1998.0,2017.0,96.0,4.0,reg,5.0,89.0,,,,,,,,,,
h2,H2,H2b,naissances / 1 000 f. 25-39 (taux brut),"département, bascule D3 ≥ 50 %",cs,1,0.911308988231522,0.7514802561710581,-0.5615652489566856,2.3841832254197293,0.2252501986419574,96,2592,False," ; contrôle = not_yet_treated ; fenêtre 1998-2024 ; 96 traitées, 0 jamais traitées sur la fenêtre ; ATT(g,t) identifiés jusqu'en 2017 (sans unité jamais traitée, la dernière cohorte sert de contrôle) ; grappes = dep (96)",event,0.0,96.0,0.0,0.0,1998.0,2024.0,1998.0,2017.0,96.0,4.0,reg,4.0,74.0,,,,,,,,,,
h2,H2,H2b,naissances / 1 000 f. 25-39 (taux brut),"département, bascule D3 ≥ 50 %",cs,2,0.8034867441352727,0.8956897556375086,-0.952032918235726,2.5590064065062714,0.3696873232745656,96,2592,False," ; contrôle = not_yet_treated ; fenêtre 1998-2024 ; 96 traitées, 0 jamais traitées sur la fenêtre ; ATT(g,t) identifiés jusqu'en 2017 (sans unité jamais traitée, la dernière cohorte sert de contrôle) ; grappes = dep (96)",event,0.0,96.0,0.0,0.0,1998.0,2024.0,1998.0,2017.0,96.0,4.0,reg,3.0,51.0,,,,,,,,,,
h2,H2,H2b,naissances / 1 000 f. 25-39 (taux brut),"département, bascule D3 ≥ 50 %",cs,3,0.5143287498420954,1.7391005017223178,-2.894245599029185,3.922903098713376,0.7674254995748779,96,2592,False," ; contrôle = not_yet_treated ; fenêtre 1998-2024 ; 96 traitées, 0 jamais traitées sur la fenêtre ; ATT(g,t) identifiés jusqu'en 2017 (sans unité jamais traitée, la dernière cohorte sert de contrôle) ; grappes = dep (96)",event,0.0,96.0,0.0,0.0,1998.0,2024.0,1998.0,2017.0,96.0,4.0,reg,2.0,35.0,,,,,,,,,,
h2,H2,H2b,naissances / 1 000 f. 25-39 (taux brut),"département, bascule D3 ≥ 50 %",cs,4,3.078248994686294,1.6790666428975545,-0.2126611530354885,6.369159142408076,0.0667565426184328,96,2592,False," ; contrôle = not_yet_treated ; fenêtre 1998-2024 ; 96 traitées, 0 jamais traitées sur la fenêtre ; ATT(g,t) identifiés jusqu'en 2017 (sans unité jamais traitée, la dernière cohorte sert de contrôle) ; grappes = dep (96)",event,0.0,96.0,0.0,0.0,1998.0,2024.0,1998.0,2017.0,96.0,4.0,reg,1.0,2.0,,,,,,,,,,
h2,H2,H2b,naissances / 1 000 f. 25-39 (taux brut),"département, bascule D3 ≥ 50 %",cs,"ATT[1,4]",1.3268433692237962,1.0607279885355956,-0.7521452856995863,3.4058320241471787,0.2109782813587188,96,2592,False," ; contrôle = not_yet_treated ; fenêtre 1998-2024 ; 96 traitées, 0 jamais traitées sur la fenêtre ; ATT(g,t) identifiés jusqu'en 2017 (sans unité jamais traitée, la dernière cohorte sert de contrôle) ; grappes = dep (96) ; écart-type avec covariance complète des coefficients (fonctions d'influence)",post_avg,0.0,96.0,0.0,0.0,1998.0,2024.0,1998.0,2017.0,96.0,4.0,reg,,,,,4.0,,,,,,,
h2,H2,H2b,naissances / 1 000 f. 25-39 (taux brut),"département, bascule D3 ≥ 50 %",cs,ATT,0.8500565836983524,0.7146884386981092,-0.5507070163171038,2.2508201837138087,0.2342789136737124,96,2592,False," ; contrôle = not_yet_treated ; fenêtre 1998-2024 ; 96 traitées, 0 jamais traitées sur la fenêtre ; ATT(g,t) identifiés jusqu'en 2017 (sans unité jamais traitée, la dernière cohorte sert de contrôle) ; grappes = dep (96) ; moyenne de tous les ATT(g,t) post",simple,0.0,96.0,0.0,0.0,1998.0,2024.0,1998.0,2017.0,96.0,4.0,reg,,,,,,,,,,,,
h2,H2,H2b,naissances / 1 000 f. 25-39 (taux brut),"département, bascule D3 ≥ 50 %",cs,Wald pré (-8..-2),20.75672335992444,,,,0.0041474009863725,96,2592,False,"H5c : test de Wald joint de nullité des coefficients pré avec covariance des fonctions d'influence, df = 7 ; fenêtre 1998-2024 ; 96 traitées, 0 jamais traitées sur la fenêtre",pre_test,0.0,96.0,0.0,0.0,1998.0,2024.0,1998.0,2017.0,96.0,4.0,reg,,,,,,7.0,,,,,,
h2,H2,H2b,asinh(naissances / 1 000 f. 25-39),"département, bascule D3 ≥ 50 %",cs,-8,-0.0073170790515548,0.005101245549043,-0.0173153366039745,0.0026811785008647,0.1514663980037761,96,2592,False," ; contrôle = not_yet_treated ; fenêtre 1998-2024 ; 96 traitées, 0 jamais traitées sur la fenêtre ; ATT(g,t) identifiés jusqu'en 2017 (sans unité jamais traitée, la dernière cohorte sert de contrôle) ; grappes = dep (96)",event,0.0,96.0,0.0,0.0,1998.0,2024.0,1998.0,2017.0,96.0,4.0,reg,5.0,89.0,,,,,,,,,,
h2,H2,H2b,asinh(naissances / 1 000 f. 25-39),"département, bascule D3 ≥ 50 %",cs,-7,-0.0033520434817734,0.0052174914007139,-0.0135781387168201,0.0068740517532732,0.5205728166702219,96,2592,False," ; contrôle = not_yet_treated ; fenêtre 1998-2024 ; 96 traitées, 0 jamais traitées sur la fenêtre ; ATT(g,t) identifiés jusqu'en 2017 (sans unité jamais traitée, la dernière cohorte sert de contrôle) ; grappes = dep (96)",event,0.0,96.0,0.0,0.0,1998.0,2024.0,1998.0,2017.0,96.0,4.0,reg,5.0,89.0,,,,,,,,,,
h2,H2,H2b,asinh(naissances / 1 000 f. 25-39),"département, bascule D3 ≥ 50 %",cs,-6,0.0053237514362835,0.005878185136992,-0.0061972797266796,0.0168447825992466,0.3651055466938712,96,2592,False," ; contrôle = not_yet_treated ; fenêtre 1998-2024 ; 96 traitées, 0 jamais traitées sur la fenêtre ; ATT(g,t) identifiés jusqu'en 2017 (sans unité jamais traitée, la dernière cohorte sert de contrôle) ; grappes = dep (96)",event,0.0,96.0,0.0,0.0,1998.0,2024.0,1998.0,2017.0,96.0,4.0,reg,5.0,89.0,,,,,,,,,,
h2,H2,H2b,asinh(naissances / 1 000 f. 25-39),"département, bascule D3 ≥ 50 %",cs,-5,0.0036721900109439,0.0048691346448465,-0.0058711385288313,0.0132155185507193,0.4507428659830721,96,2592,False," ; contrôle = not_yet_treated ; fenêtre 1998-2024 ; 96 traitées, 0 jamais traitées sur la fenêtre ; ATT(g,t) identifiés jusqu'en 2017 (sans unité jamais traitée, la dernière cohorte sert de contrôle) ; grappes = dep (96)",event,0.0,96.0,0.0,0.0,1998.0,2024.0,1998.0,2017.0,96.0,4.0,reg,5.0,89.0,,,,,,,,,,
h2,H2,H2b,asinh(naissances / 1 000 f. 25-39),"département, bascule D3 ≥ 50 %",cs,-4,0.0074355909861456,0.0044277323086176,-0.0012426048719293,0.0161137868442205,0.0930891864044039,96,2592,False," ; contrôle = not_yet_treated ; fenêtre 1998-2024 ; 96 traitées, 0 jamais traitées sur la fenêtre ; ATT(g,t) identifiés jusqu'en 2017 (sans unité jamais traitée, la dernière cohorte sert de contrôle) ; grappes = dep (96)",event,0.0,96.0,0.0,0.0,1998.0,2024.0,1998.0,2017.0,96.0,4.0,reg,5.0,89.0,,,,,,,,,,
h2,H2,H2b,asinh(naissances / 1 000 f. 25-39),"département, bascule D3 ≥ 50 %",cs,-3,0.0070959119772206,0.0048618704509659,-0.0024331790041721,0.0166250029586134,0.1444268587446299,96,2592,False," ; contrôle = not_yet_treated ; fenêtre 1998-2024 ; 96 traitées, 0 jamais traitées sur la fenêtre ; ATT(g,t) identifiés jusqu'en 2017 (sans unité jamais traitée, la dernière cohorte sert de contrôle) ; grappes = dep (96)",event,0.0,96.0,0.0,0.0,1998.0,2024.0,1998.0,2017.0,96.0,4.0,reg,5.0,89.0,,,,,,,,,,
h2,H2,H2b,asinh(naissances / 1 000 f. 25-39),"département, bascule D3 ≥ 50 %",cs,-2,0.0029289023520825,0.0043543235176795,-0.0056054149196052,0.0114632196237702,0.5011748596767049,96,2592,False," ; contrôle = not_yet_treated ; fenêtre 1998-2024 ; 96 traitées, 0 jamais traitées sur la fenêtre ; ATT(g,t) identifiés jusqu'en 2017 (sans unité jamais traitée, la dernière cohorte sert de contrôle) ; grappes = dep (96)",event,0.0,96.0,0.0,0.0,1998.0,2024.0,1998.0,2017.0,96.0,4.0,reg,5.0,89.0,,,,,,,,,,
h2,H2,H2b,asinh(naissances / 1 000 f. 25-39),"département, bascule D3 ≥ 50 %",cs,0,0.0097897009064682,0.0051316571840095,-0.0002681623551966,0.0198475641681332,0.0564290315961424,96,2592,False," ; contrôle = not_yet_treated ; fenêtre 1998-2024 ; 96 traitées, 0 jamais traitées sur la fenêtre ; ATT(g,t) identifiés jusqu'en 2017 (sans unité jamais traitée, la dernière cohorte sert de contrôle) ; grappes = dep (96)",event,0.0,96.0,0.0,0.0,1998.0,2024.0,1998.0,2017.0,96.0,4.0,reg,5.0,89.0,,,,,,,,,,
h2,H2,H2b,asinh(naissances / 1 000 f. 25-39),"département, bascule D3 ≥ 50 %",cs,1,0.0111163976017863,0.0080228235664665,-0.0046080476428073,0.02684084284638,0.1658700962329216,96,2592,False," ; contrôle = not_yet_treated ; fenêtre 1998-2024 ; 96 traitées, 0 jamais traitées sur la fenêtre ; ATT(g,t) identifiés jusqu'en 2017 (sans unité jamais traitée, la dernière cohorte sert de contrôle) ; grappes = dep (96)",event,0.0,96.0,0.0,0.0,1998.0,2024.0,1998.0,2017.0,96.0,4.0,reg,4.0,74.0,,,,,,,,,,
h2,H2,H2b,asinh(naissances / 1 000 f. 25-39),"département, bascule D3 ≥ 50 %",cs,2,0.0111398148452813,0.0093978669982441,-0.0072796660027747,0.0295592956933374,0.2358768548183691,96,2592,False," ; contrôle = not_yet_treated ; fenêtre 1998-2024 ; 96 traitées, 0 jamais traitées sur la fenêtre ; ATT(g,t) identifiés jusqu'en 2017 (sans unité jamais traitée, la dernière cohorte sert de contrôle) ; grappes = dep (96)",event,0.0,96.0,0.0,0.0,1998.0,2024.0,1998.0,2017.0,96.0,4.0,reg,3.0,51.0,,,,,,,,,,
h2,H2,H2b,asinh(naissances / 1 000 f. 25-39),"département, bascule D3 ≥ 50 %",cs,3,0.0107932042075017,0.0190984954651138,-0.0266391590630229,0.0482255674780263,0.5719827995784,96,2592,False," ; contrôle = not_yet_treated ; fenêtre 1998-2024 ; 96 traitées, 0 jamais traitées sur la fenêtre ; ATT(g,t) identifiés jusqu'en 2017 (sans unité jamais traitée, la dernière cohorte sert de contrôle) ; grappes = dep (96)",event,0.0,96.0,0.0,0.0,1998.0,2024.0,1998.0,2017.0,96.0,4.0,reg,2.0,35.0,,,,,,,,,,
h2,H2,H2b,asinh(naissances / 1 000 f. 25-39),"département, bascule D3 ≥ 50 %",cs,4,0.0382301067044679,0.015440692253893,0.0079669059904709,0.068493307418465,0.0132888821725416,96,2592,False," ; contrôle = not_yet_treated ; fenêtre 1998-2024 ; 96 traitées, 0 jamais traitées sur la fenêtre ; ATT(g,t) identifiés jusqu'en 2017 (sans unité jamais traitée, la dernière cohorte sert de contrôle) ; grappes = dep (96)",event,0.0,96.0,0.0,0.0,1998.0,2024.0,1998.0,2017.0,96.0,4.0,reg,1.0,2.0,,,,,,,,,,
h2,H2,H2b,asinh(naissances / 1 000 f. 25-39),"département, bascule D3 ≥ 50 %",cs,"ATT[1,4]",0.0178198808397593,0.0113255677269303,-0.0043778240094932,0.0400175856890119,0.1156214750295567,96,2592,False," ; contrôle = not_yet_treated ; fenêtre 1998-2024 ; 96 traitées, 0 jamais traitées sur la fenêtre ; ATT(g,t) identifiés jusqu'en 2017 (sans unité jamais traitée, la dernière cohorte sert de contrôle) ; grappes = dep (96) ; écart-type avec covariance complète des coefficients (fonctions d'influence)",post_avg,0.0,96.0,0.0,0.0,1998.0,2024.0,1998.0,2017.0,96.0,4.0,reg,,,,,4.0,,,,,,,
h2,H2,H2b,asinh(naissances / 1 000 f. 25-39),"département, bascule D3 ≥ 50 %",cs,ATT,0.0108217120358116,0.0077182040060341,-0.004305689841348,0.0259491139129712,0.1608846830682886,96,2592,False," ; contrôle = not_yet_treated ; fenêtre 1998-2024 ; 96 traitées, 0 jamais traitées sur la fenêtre ; ATT(g,t) identifiés jusqu'en 2017 (sans unité jamais traitée, la dernière cohorte sert de contrôle) ; grappes = dep (96) ; moyenne de tous les ATT(g,t) post",simple,0.0,96.0,0.0,0.0,1998.0,2024.0,1998.0,2017.0,96.0,4.0,reg,,,,,,,,,,,,
h2,H2,H2b,asinh(naissances / 1 000 f. 25-39),"département, bascule D3 ≥ 50 %",cs,Wald pré (-8..-2),21.071458102413548,,,,0.0036658158767995,96,2592,False,"H5c : test de Wald joint de nullité des coefficients pré avec covariance des fonctions d'influence, df = 7 ; fenêtre 1998-2024 ; 96 traitées, 0 jamais traitées sur la fenêtre",pre_test,0.0,96.0,0.0,0.0,1998.0,2024.0,1998.0,2017.0,96.0,4.0,reg,,,,,,7.0,,,,,,
h2,H2,H2b,log(naissances / 1 000 f. 25-39),"département, bascule D3 ≥ 50 %, covariables de pré-période agrégées",cs,-8,-0.0116913227297493,0.0133143550208828,-0.0377869790480597,0.0144043335885609,0.3798899589294737,96,2592,True,"forme préenregistrée (doublement robuste) ; conditionnement numériquement instable à 96 unités (cohortes de 2 à 33 départements, 6 covariables : estimations de plusieurs log-points au test de fonctionnement) ; rapporté, non interprétable, hors familles de Holm (A2.5) ; covariables : log_med12, share_fsup, unemp_1524, dens_inter, dens_rural, pretrend_0811 (doublement robuste) ; contrôle = not_yet_treated ; fenêtre 1998-2024 ; 96 traitées, 0 jamais traitées sur la fenêtre ; ATT(g,t) identifiés jusqu'en 2017 (sans unité jamais traitée, la dernière cohorte sert de contrôle) ; grappes = dep (96)",event,0.0,96.0,0.0,0.0,1998.0,2024.0,1998.0,2017.0,96.0,2.0,dr,5.0,89.0,,,,,,,,,,
h2,H2,H2b,log(naissances / 1 000 f. 25-39),"département, bascule D3 ≥ 50 %, covariables de pré-période agrégées",cs,-7,-0.0067120747536839,0.014518001298299,-0.0351668344258558,0.0217426849184879,0.643846308442354,96,2592,True,"forme préenregistrée (doublement robuste) ; conditionnement numériquement instable à 96 unités (cohortes de 2 à 33 départements, 6 covariables : estimations de plusieurs log-points au test de fonctionnement) ; rapporté, non interprétable, hors familles de Holm (A2.5) ; covariables : log_med12, share_fsup, unemp_1524, dens_inter, dens_rural, pretrend_0811 (doublement robuste) ; contrôle = not_yet_treated ; fenêtre 1998-2024 ; 96 traitées, 0 jamais traitées sur la fenêtre ; ATT(g,t) identifiés jusqu'en 2017 (sans unité jamais traitée, la dernière cohorte sert de contrôle) ; grappes = dep (96)",event,0.0,96.0,0.0,0.0,1998.0,2024.0,1998.0,2017.0,96.0,2.0,dr,5.0,89.0,,,,,,,,,,
h2,H2,H2b,log(naissances / 1 000 f. 25-39),"département, bascule D3 ≥ 50 %, covariables de pré-période agrégées",cs,-6,-0.0078930550525155,0.0099202514610206,-0.0273363906336969,0.0115502805286658,0.4262350872145198,96,2592,True,"forme préenregistrée (doublement robuste) ; conditionnement numériquement instable à 96 unités (cohortes de 2 à 33 départements, 6 covariables : estimations de plusieurs log-points au test de fonctionnement) ; rapporté, non interprétable, hors familles de Holm (A2.5) ; covariables : log_med12, share_fsup, unemp_1524, dens_inter, dens_rural, pretrend_0811 (doublement robuste) ; contrôle = not_yet_treated ; fenêtre 1998-2024 ; 96 traitées, 0 jamais traitées sur la fenêtre ; ATT(g,t) identifiés jusqu'en 2017 (sans unité jamais traitée, la dernière cohorte sert de contrôle) ; grappes = dep (96)",event,0.0,96.0,0.0,0.0,1998.0,2024.0,1998.0,2017.0,96.0,2.0,dr,5.0,89.0,,,,,,,,,,
h2,H2,H2b,log(naissances / 1 000 f. 25-39),"département, bascule D3 ≥ 50 %, covariables de pré-période agrégées",cs,-5,-0.0129144336957364,0.0124886825813311,-0.0373918017694981,0.0115629343780252,0.3010936443966814,96,2592,True,"forme préenregistrée (doublement robuste) ; conditionnement numériquement instable à 96 unités (cohortes de 2 à 33 départements, 6 covariables : estimations de plusieurs log-points au test de fonctionnement) ; rapporté, non interprétable, hors familles de Holm (A2.5) ; covariables : log_med12, share_fsup, unemp_1524, dens_inter, dens_rural, pretrend_0811 (doublement robuste) ; contrôle = not_yet_treated ; fenêtre 1998-2024 ; 96 traitées, 0 jamais traitées sur la fenêtre ; ATT(g,t) identifiés jusqu'en 2017 (sans unité jamais traitée, la dernière cohorte sert de contrôle) ; grappes = dep (96)",event,0.0,96.0,0.0,0.0,1998.0,2024.0,1998.0,2017.0,96.0,2.0,dr,5.0,89.0,,,,,,,,,,
h2,H2,H2b,log(naissances / 1 000 f. 25-39),"département, bascule D3 ≥ 50 %, covariables de pré-période agrégées",cs,-4,-0.0086865696786886,0.0078216186500853,-0.0240166605336627,0.0066435211762855,0.2667471692716019,96,2592,True,"forme préenregistrée (doublement robuste) ; conditionnement numériquement instable à 96 unités (cohortes de 2 à 33 départements, 6 covariables : estimations de plusieurs log-points au test de fonctionnement) ; rapporté, non interprétable, hors familles de Holm (A2.5) ; covariables : log_med12, share_fsup, unemp_1524, dens_inter, dens_rural, pretrend_0811 (doublement robuste) ; contrôle = not_yet_treated ; fenêtre 1998-2024 ; 96 traitées, 0 jamais traitées sur la fenêtre ; ATT(g,t) identifiés jusqu'en 2017 (sans unité jamais traitée, la dernière cohorte sert de contrôle) ; grappes = dep (96)",event,0.0,96.0,0.0,0.0,1998.0,2024.0,1998.0,2017.0,96.0,2.0,dr,5.0,89.0,,,,,,,,,,
h2,H2,H2b,log(naissances / 1 000 f. 25-39),"département, bascule D3 ≥ 50 %, covariables de pré-période agrégées",cs,-3,-0.0059787900978667,0.0111385846560647,-0.0278100148625041,0.0158524346667707,0.591430713346957,96,2592,True,"forme préenregistrée (doublement robuste) ; conditionnement numériquement instable à 96 unités (cohortes de 2 à 33 départements, 6 covariables : estimations de plusieurs log-points au test de fonctionnement) ; rapporté, non interprétable, hors familles de Holm (A2.5) ; covariables : log_med12, share_fsup, unemp_1524, dens_inter, dens_rural, pretrend_0811 (doublement robuste) ; contrôle = not_yet_treated ; fenêtre 1998-2024 ; 96 traitées, 0 jamais traitées sur la fenêtre ; ATT(g,t) identifiés jusqu'en 2017 (sans unité jamais traitée, la dernière cohorte sert de contrôle) ; grappes = dep (96)",event,0.0,96.0,0.0,0.0,1998.0,2024.0,1998.0,2017.0,96.0,2.0,dr,5.0,89.0,,,,,,,,,,
h2,H2,H2b,log(naissances / 1 000 f. 25-39),"département, bascule D3 ≥ 50 %, covariables de pré-période agrégées",cs,-2,0.0040737563947424,0.0093982946005863,-0.014346562538504,0.0224940753279888,0.6646828130356507,96,2592,True,"forme préenregistrée (doublement robuste) ; conditionnement numériquement instable à 96 unités (cohortes de 2 à 33 départements, 6 covariables : estimations de plusieurs log-points au test de fonctionnement) ; rapporté, non interprétable, hors familles de Holm (A2.5) ; covariables : log_med12, share_fsup, unemp_1524, dens_inter, dens_rural, pretrend_0811 (doublement robuste) ; contrôle = not_yet_treated ; fenêtre 1998-2024 ; 96 traitées, 0 jamais traitées sur la fenêtre ; ATT(g,t) identifiés jusqu'en 2017 (sans unité jamais traitée, la dernière cohorte sert de contrôle) ; grappes = dep (96)",event,0.0,96.0,0.0,0.0,1998.0,2024.0,1998.0,2017.0,96.0,2.0,dr,5.0,89.0,,,,,,,,,,
h2,H2,H2b,log(naissances / 1 000 f. 25-39),"département, bascule D3 ≥ 50 %, covariables de pré-période agrégées",cs,0,0.0067298975513159,0.0104275396458082,-0.0137077046018316,0.0271674997044636,0.5186702734323446,96,2592,True,"forme préenregistrée (doublement robuste) ; conditionnement numériquement instable à 96 unités (cohortes de 2 à 33 départements, 6 covariables : estimations de plusieurs log-points au test de fonctionnement) ; rapporté, non interprétable, hors familles de Holm (A2.5) ; covariables : log_med12, share_fsup, unemp_1524, dens_inter, dens_rural, pretrend_0811 (doublement robuste) ; contrôle = not_yet_treated ; fenêtre 1998-2024 ; 96 traitées, 0 jamais traitées sur la fenêtre ; ATT(g,t) identifiés jusqu'en 2017 (sans unité jamais traitée, la dernière cohorte sert de contrôle) ; grappes = dep (96)",event,0.0,96.0,0.0,0.0,1998.0,2024.0,1998.0,2017.0,96.0,2.0,dr,5.0,89.0,,,,,,,,,,
h2,H2,H2b,log(naissances / 1 000 f. 25-39),"département, bascule D3 ≥ 50 %, covariables de pré-période agrégées",cs,2,-0.0135764071632054,0.0486744192374715,-0.1089765158370533,0.0818237015106423,0.7803040414268747,96,2592,True,"forme préenregistrée (doublement robuste) ; conditionnement numériquement instable à 96 unités (cohortes de 2 à 33 départements, 6 covariables : estimations de plusieurs log-points au test de fonctionnement) ; rapporté, non interprétable, hors familles de Holm (A2.5) ; covariables : log_med12, share_fsup, unemp_1524, dens_inter, dens_rural, pretrend_0811 (doublement robuste) ; contrôle = not_yet_treated ; fenêtre 1998-2024 ; 96 traitées, 0 jamais traitées sur la fenêtre ; ATT(g,t) identifiés jusqu'en 2017 (sans unité jamais traitée, la dernière cohorte sert de contrôle) ; grappes = dep (96)",event,0.0,96.0,0.0,0.0,1998.0,2024.0,1998.0,2017.0,96.0,2.0,dr,3.0,51.0,,,,,,,,,,
h2,H2,H2b,log(naissances / 1 000 f. 25-39),"département, bascule D3 ≥ 50 %, covariables de pré-période agrégées",cs,4,0.017482243764273,0.1984853647799289,-0.3715419226626825,0.4065064101912286,0.9298144824335814,96,2592,True,"forme préenregistrée (doublement robuste) ; conditionnement numériquement instable à 96 unités (cohortes de 2 à 33 départements, 6 covariables : estimations de plusieurs log-points au test de fonctionnement) ; rapporté, non interprétable, hors familles de Holm (A2.5) ; covariables : log_med12, share_fsup, unemp_1524, dens_inter, dens_rural, pretrend_0811 (doublement robuste) ; contrôle = not_yet_treated ; fenêtre 1998-2024 ; 96 traitées, 0 jamais traitées sur la fenêtre ; ATT(g,t) identifiés jusqu'en 2017 (sans unité jamais traitée, la dernière cohorte sert de contrôle) ; grappes = dep (96)",event,0.0,96.0,0.0,0.0,1998.0,2024.0,1998.0,2017.0,96.0,2.0,dr,1.0,2.0,,,,,,,,,,
h2,H2,H2b,log(naissances / 1 000 f. 25-39),"département, bascule D3 ≥ 50 %, covariables de pré-période agrégées",cs,"ATT[1,4]",0.0019529183005337,0.1022023082718232,-0.1983599250490998,0.2022657616501674,0.9847546638843184,96,2592,True,"forme préenregistrée (doublement robuste) ; conditionnement numériquement instable à 96 unités (cohortes de 2 à 33 départements, 6 covariables : estimations de plusieurs log-points au test de fonctionnement) ; rapporté, non interprétable, hors familles de Holm (A2.5) ; covariables : log_med12, share_fsup, unemp_1524, dens_inter, dens_rural, pretrend_0811 (doublement robuste) ; contrôle = not_yet_treated ; fenêtre 1998-2024 ; 96 traitées, 0 jamais traitées sur la fenêtre ; ATT(g,t) identifiés jusqu'en 2017 (sans unité jamais traitée, la dernière cohorte sert de contrôle) ; grappes = dep (96) ; écart-type avec covariance complète des coefficients (fonctions d'influence)",post_avg,0.0,96.0,0.0,0.0,1998.0,2024.0,1998.0,2017.0,96.0,2.0,dr,,,,,2.0,,,,,,,
h2,H2,H2b,log(naissances / 1 000 f. 25-39),"département, bascule D3 ≥ 50 %, covariables de pré-période agrégées",cs,ATT,0.0064784775907485,0.0113824303971976,-0.0158306760442927,0.0287876312257897,0.5692443734926924,96,2592,True,"forme préenregistrée (doublement robuste) ; conditionnement numériquement instable à 96 unités (cohortes de 2 à 33 départements, 6 covariables : estimations de plusieurs log-points au test de fonctionnement) ; rapporté, non interprétable, hors familles de Holm (A2.5) ; covariables : log_med12, share_fsup, unemp_1524, dens_inter, dens_rural, pretrend_0811 (doublement robuste) ; contrôle = not_yet_treated ; fenêtre 1998-2024 ; 96 traitées, 0 jamais traitées sur la fenêtre ; ATT(g,t) identifiés jusqu'en 2017 (sans unité jamais traitée, la dernière cohorte sert de contrôle) ; grappes = dep (96) ; moyenne de tous les ATT(g,t) post",simple,0.0,96.0,0.0,0.0,1998.0,2024.0,1998.0,2017.0,96.0,2.0,dr,,,,,,,,,,,,
h2,H2,H2b,log(naissances / 1 000 f. 25-39),"département, bascule D3 ≥ 50 %, covariables de pré-période agrégées",cs,Wald pré (-8..-2),8.529591990927644,,,,0.2882151678173042,96,2592,True,"H5c : test de Wald joint de nullité des coefficients pré avec covariance des fonctions d'influence, df = 7 ; fenêtre 1998-2024 ; 96 traitées, 0 jamais traitées sur la fenêtre",pre_test,0.0,96.0,0.0,0.0,1998.0,2024.0,1998.0,2017.0,96.0,2.0,dr,,,,,,7.0,,,,,,
h2,H2,H2a,log(naissances / 1 000 f. 15-19),"département, bascule D3 ≥ 50 %",cs,-8,0.0234633845736777,0.0371686457125706,-0.0493858223770898,0.0963125915244452,0.5278651669857589,96,2592,False," ; contrôle = not_yet_treated ; fenêtre 1998-2024 ; 96 traitées, 0 jamais traitées sur la fenêtre ; ATT(g,t) identifiés jusqu'en 2017 (sans unité jamais traitée, la dernière cohorte sert de contrôle) ; grappes = dep (96)",event,0.0,96.0,0.0,0.0,1998.0,2024.0,1998.0,2017.0,96.0,4.0,reg,5.0,89.0,,,,,,,,,,
h2,H2,H2a,log(naissances / 1 000 f. 15-19),"département, bascule D3 ≥ 50 %",cs,-7,0.0449431121944289,0.0408773231362806,-0.035174968937087,0.1250611933259449,0.2715660803342542,96,2592,False," ; contrôle = not_yet_treated ; fenêtre 1998-2024 ; 96 traitées, 0 jamais traitées sur la fenêtre ; ATT(g,t) identifiés jusqu'en 2017 (sans unité jamais traitée, la dernière cohorte sert de contrôle) ; grappes = dep (96)",event,0.0,96.0,0.0,0.0,1998.0,2024.0,1998.0,2017.0,96.0,4.0,reg,5.0,89.0,,,,,,,,,,
h2,H2,H2a,log(naissances / 1 000 f. 15-19),"département, bascule D3 ≥ 50 %",cs,-6,0.0649343003975815,0.0395175231885657,-0.0125186218102338,0.1423872226053968,0.1003462376005194,96,2592,False," ; contrôle = not_yet_treated ; fenêtre 1998-2024 ; 96 traitées, 0 jamais traitées sur la fenêtre ; ATT(g,t) identifiés jusqu'en 2017 (sans unité jamais traitée, la dernière cohorte sert de contrôle) ; grappes = dep (96)",event,0.0,96.0,0.0,0.0,1998.0,2024.0,1998.0,2017.0,96.0,4.0,reg,5.0,89.0,,,,,,,,,,
h2,H2,H2a,log(naissances / 1 000 f. 15-19),"département, bascule D3 ≥ 50 %",cs,-5,0.0507365058539857,0.0389981902647096,-0.0256985425270857,0.1271715542350572,0.1932596807211731,96,2592,False," ; contrôle = not_yet_treated ; fenêtre 1998-2024 ; 96 traitées, 0 jamais traitées sur la fenêtre ; ATT(g,t) identifiés jusqu'en 2017 (sans unité jamais traitée, la dernière cohorte sert de contrôle) ; grappes = dep (96)",event,0.0,96.0,0.0,0.0,1998.0,2024.0,1998.0,2017.0,96.0,4.0,reg,5.0,89.0,,,,,,,,,,
h2,H2,H2a,log(naissances / 1 000 f. 15-19),"département, bascule D3 ≥ 50 %",cs,-4,0.0478841895653799,0.0334162179212236,-0.0176103940597604,0.1133787731905202,0.1518685338687784,96,2592,False," ; contrôle = not_yet_treated ; fenêtre 1998-2024 ; 96 traitées, 0 jamais traitées sur la fenêtre ; ATT(g,t) identifiés jusqu'en 2017 (sans unité jamais traitée, la dernière cohorte sert de contrôle) ; grappes = dep (96)",event,0.0,96.0,0.0,0.0,1998.0,2024.0,1998.0,2017.0,96.0,4.0,reg,5.0,89.0,,,,,,,,,,
h2,H2,H2a,log(naissances / 1 000 f. 15-19),"département, bascule D3 ≥ 50 %",cs,-3,-0.0006296097653914,0.0380580091892808,-0.0752219370996763,0.0739627175688934,0.9868008598388814,96,2592,False," ; contrôle = not_yet_treated ; fenêtre 1998-2024 ; 96 traitées, 0 jamais traitées sur la fenêtre ; ATT(g,t) identifiés jusqu'en 2017 (sans unité jamais traitée, la dernière cohorte sert de contrôle) ; grappes = dep (96)",event,0.0,96.0,0.0,0.0,1998.0,2024.0,1998.0,2017.0,96.0,4.0,reg,5.0,89.0,,,,,,,,,,
h2,H2,H2a,log(naissances / 1 000 f. 15-19),"département, bascule D3 ≥ 50 %",cs,-2,0.0162500770227287,0.0335468311323689,-0.0495005037921613,0.0820006578376189,0.6281021871691777,96,2592,False," ; contrôle = not_yet_treated ; fenêtre 1998-2024 ; 96 traitées, 0 jamais traitées sur la fenêtre ; ATT(g,t) identifiés jusqu'en 2017 (sans unité jamais traitée, la dernière cohorte sert de contrôle) ; grappes = dep (96)",event,0.0,96.0,0.0,0.0,1998.0,2024.0,1998.0,2017.0,96.0,4.0,reg,5.0,89.0,,,,,,,,,,
h2,H2,H2a,log(naissances / 1 000 f. 15-19),"département, bascule D3 ≥ 50 %",cs,0,-0.0152284053361889,0.0347553035617283,-0.0833475485889332,0.0528907379165553,0.6612698535626651,96,2592,False," ; contrôle = not_yet_treated ; fenêtre 1998-2024 ; 96 traitées, 0 jamais traitées sur la fenêtre ; ATT(g,t) identifiés jusqu'en 2017 (sans unité jamais traitée, la dernière cohorte sert de contrôle) ; grappes = dep (96)",event,0.0,96.0,0.0,0.0,1998.0,2024.0,1998.0,2017.0,96.0,4.0,reg,5.0,89.0,,,,,,,,,,
h2,H2,H2a,log(naissances / 1 000 f. 15-19),"département, bascule D3 ≥ 50 %",cs,1,-0.0744482246553899,0.043454484043398,-0.1596174483472205,0.0107209990364406,0.0866672766043309,96,2592,False," ; contrôle = not_yet_treated ; fenêtre 1998-2024 ; 96 traitées, 0 jamais traitées sur la fenêtre ; ATT(g,t) identifiés jusqu'en 2017 (sans unité jamais traitée, la dernière cohorte sert de contrôle) ; grappes = dep (96)",event,0.0,96.0,0.0,0.0,1998.0,2024.0,1998.0,2017.0,96.0,4.0,reg,4.0,74.0,,,,,,,,,,
h2,H2,H2a,log(naissances / 1 000 f. 15-19),"département, bascule D3 ≥ 50 %",cs,2,-0.0038997906223368,0.059650024842655,-0.1208116909908602,0.1130121097461865,0.9478731562030088,96,2592,False," ; contrôle = not_yet_treated ; fenêtre 1998-2024 ; 96 traitées, 0 jamais traitées sur la fenêtre ; ATT(g,t) identifiés jusqu'en 2017 (sans unité jamais traitée, la dernière cohorte sert de contrôle) ; grappes = dep (96)",event,0.0,96.0,0.0,0.0,1998.0,2024.0,1998.0,2017.0,96.0,4.0,reg,3.0,51.0,,,,,,,,,,
h2,H2,H2a,log(naissances / 1 000 f. 15-19),"département, bascule D3 ≥ 50 %",cs,3,-0.1448657691460757,0.1136769900719053,-0.3676685755579275,0.0779370372657759,0.2025347394009362,96,2592,False," ; contrôle = not_yet_treated ; fenêtre 1998-2024 ; 96 traitées, 0 jamais traitées sur la fenêtre ; ATT(g,t) identifiés jusqu'en 2017 (sans unité jamais traitée, la dernière cohorte sert de contrôle) ; grappes = dep (96)",event,0.0,96.0,0.0,0.0,1998.0,2024.0,1998.0,2017.0,96.0,4.0,reg,2.0,35.0,,,,,,,,,,
h2,H2,H2a,log(naissances / 1 000 f. 15-19),"département, bascule D3 ≥ 50 %",cs,4,-0.1180346828198143,0.1108478378263926,-0.3352924527236806,0.0992230870840518,0.2869504997412967,96,2592,False," ; contrôle = not_yet_treated ; fenêtre 1998-2024 ; 96 traitées, 0 jamais traitées sur la fenêtre ; ATT(g,t) identifiés jusqu'en 2017 (sans unité jamais traitée, la dernière cohorte sert de contrôle) ; grappes = dep (96)",event,0.0,96.0,0.0,0.0,1998.0,2024.0,1998.0,2017.0,96.0,4.0,reg,1.0,2.0,,,,,,,,,,
h2,H2,H2a,log(naissances / 1 000 f. 15-19),"département, bascule D3 ≥ 50 %",cs,"ATT[1,4]",-0.0853121168109042,0.068835599135949,-0.2202274119716009,0.0496031783497924,0.2152120536557549,96,2592,False," ; contrôle = not_yet_treated ; fenêtre 1998-2024 ; 96 traitées, 0 jamais traitées sur la fenêtre ; ATT(g,t) identifiés jusqu'en 2017 (sans unité jamais traitée, la dernière cohorte sert de contrôle) ; grappes = dep (96) ; écart-type avec covariance complète des coefficients (fonctions d'influence)",post_avg,0.0,96.0,0.0,0.0,1998.0,2024.0,1998.0,2017.0,96.0,4.0,reg,,,,,4.0,,,,,,,
h2,H2,H2a,log(naissances / 1 000 f. 15-19),"département, bascule D3 ≥ 50 %",cs,ATT,-0.0492819016211599,0.0448401735563388,-0.1371670268521093,0.0386032236097895,0.2717432529128163,96,2592,False," ; contrôle = not_yet_treated ; fenêtre 1998-2024 ; 96 traitées, 0 jamais traitées sur la fenêtre ; ATT(g,t) identifiés jusqu'en 2017 (sans unité jamais traitée, la dernière cohorte sert de contrôle) ; grappes = dep (96) ; moyenne de tous les ATT(g,t) post",simple,0.0,96.0,0.0,0.0,1998.0,2024.0,1998.0,2017.0,96.0,4.0,reg,,,,,,,,,,,,
h2,H2,H2a,log(naissances / 1 000 f. 15-19),"département, bascule D3 ≥ 50 %",cs,Wald pré (-8..-2),11.276776995723324,,,,0.1269935199640296,96,2592,False,"H5c : test de Wald joint de nullité des coefficients pré avec covariance des fonctions d'influence, df = 7 ; fenêtre 1998-2024 ; 96 traitées, 0 jamais traitées sur la fenêtre",pre_test,0.0,96.0,0.0,0.0,1998.0,2024.0,1998.0,2017.0,96.0,4.0,reg,,,,,,7.0,,,,,,
h2,H2,H2a,log(naissances / 1 000 f. 15-19),"département, bascule D3 ≥ 50 % ; fenêtre identifiée ≤ 2017, cohorte 2018 = contrôle",sunab,-8,-0.0036590809723872,0.0474756332530328,-0.0967096122915638,0.0893914503467893,0.9385656145579394,96,2592,False," ; fenêtre 1998-2024 ; 96 traitées, 0 jamais traitées sur la fenêtre ; comparaisons sur la fenêtre identifiée (années < 2018, cohorte 2018 recodée contrôle, 7 unités de contrôle) ; cellules −8 et +8 bornées",event,0.0,96.0,0.0,0.0,1998.0,2024.0,,,,,,,,,,,,,,,,,
h2,H2,H2a,log(naissances / 1 000 f. 15-19),"département, bascule D3 ≥ 50 % ; fenêtre identifiée ≤ 2017, cohorte 2018 = contrôle",sunab,-7,0.0066115649673803,0.0550166156498705,-0.1012190202576487,0.1144421501924093,0.9043453394265688,96,2592,False," ; fenêtre 1998-2024 ; 96 traitées, 0 jamais traitées sur la fenêtre ; comparaisons sur la fenêtre identifiée (années < 2018, cohorte 2018 recodée contrôle, 7 unités de contrôle) ; cellules −8 et +8 bornées",event,0.0,96.0,0.0,0.0,1998.0,2024.0,,,,,,,,,,,,,,,,,
h2,H2,H2a,log(naissances / 1 000 f. 15-19),"département, bascule D3 ≥ 50 % ; fenêtre identifiée ≤ 2017, cohorte 2018 = contrôle",sunab,-6,0.0445054505801812,0.0419635566199959,-0.0377416090582181,0.1267525102185807,0.2888836142566544,96,2592,False," ; fenêtre 1998-2024 ; 96 traitées, 0 jamais traitées sur la fenêtre ; comparaisons sur la fenêtre identifiée (années < 2018, cohorte 2018 recodée contrôle, 7 unités de contrôle) ; cellules −8 et +8 bornées",event,0.0,96.0,0.0,0.0,1998.0,2024.0,,,,,,,,,,,,,,,,,
h2,H2,H2a,log(naissances / 1 000 f. 15-19),"département, bascule D3 ≥ 50 % ; fenêtre identifiée ≤ 2017, cohorte 2018 = contrôle",sunab,-5,0.0628562728440714,0.0492975823584208,-0.0337652131033305,0.1594777587914734,0.2022959212968558,96,2592,False," ; fenêtre 1998-2024 ; 96 traitées, 0 jamais traitées sur la fenêtre ; comparaisons sur la fenêtre identifiée (années < 2018, cohorte 2018 recodée contrôle, 7 unités de contrôle) ; cellules −8 et +8 bornées",event,0.0,96.0,0.0,0.0,1998.0,2024.0,,,,,,,,,,,,,,,,,
h2,H2,H2a,log(naissances / 1 000 f. 15-19),"département, bascule D3 ≥ 50 % ; fenêtre identifiée ≤ 2017, cohorte 2018 = contrôle",sunab,-4,0.085196734612567,0.0422686532751253,0.0023516965183103,0.1680417727068237,0.0438417280053674,96,2592,False," ; fenêtre 1998-2024 ; 96 traitées, 0 jamais traitées sur la fenêtre ; comparaisons sur la fenêtre identifiée (années < 2018, cohorte 2018 recodée contrôle, 7 unités de contrôle) ; cellules −8 et +8 bornées",event,0.0,96.0,0.0,0.0,1998.0,2024.0,,,,,,,,,,,,,,,,,
h2,H2,H2a,log(naissances / 1 000 f. 15-19),"département, bascule D3 ≥ 50 % ; fenêtre identifiée ≤ 2017, cohorte 2018 = contrôle",sunab,-3,0.0501707010078067,0.078227361305042,-0.1031521097556778,0.2034935117712914,0.5212987745279872,96,2592,False," ; fenêtre 1998-2024 ; 96 traitées, 0 jamais traitées sur la fenêtre ; comparaisons sur la fenêtre identifiée (années < 2018, cohorte 2018 recodée contrôle, 7 unités de contrôle) ; cellules −8 et +8 bornées",event,0.0,96.0,0.0,0.0,1998.0,2024.0,,,,,,,,,,,,,,,,,
h2,H2,H2a,log(naissances / 1 000 f. 15-19),"département, bascule D3 ≥ 50 % ; fenêtre identifiée ≤ 2017, cohorte 2018 = contrôle",sunab,-2,0.0215670650675253,0.0437763579261422,-0.064233019842048,0.1073671499770987,0.6222495429077465,96,2592,False," ; fenêtre 1998-2024 ; 96 traitées, 0 jamais traitées sur la fenêtre ; comparaisons sur la fenêtre identifiée (années < 2018, cohorte 2018 recodée contrôle, 7 unités de contrôle) ; cellules −8 et +8 bornées",event,0.0,96.0,0.0,0.0,1998.0,2024.0,,,,,,,,,,,,,,,,,
h2,H2,H2a,log(naissances / 1 000 f. 15-19),"département, bascule D3 ≥ 50 % ; fenêtre identifiée ≤ 2017, cohorte 2018 = contrôle",sunab,0,-0.0478032286921529,0.0313302175264052,-0.1092093266717127,0.0136028692874069,0.1270629981483044,96,2592,False," ; fenêtre 1998-2024 ; 96 traitées, 0 jamais traitées sur la fenêtre ; comparaisons sur la fenêtre identifiée (années < 2018, cohorte 2018 recodée contrôle, 7 unités de contrôle) ; cellules −8 et +8 bornées",event,0.0,96.0,0.0,0.0,1998.0,2024.0,,,,,,,,,,,,,,,,,
h2,H2,H2a,log(naissances / 1 000 f. 15-19),"département, bascule D3 ≥ 50 % ; fenêtre identifiée ≤ 2017, cohorte 2018 = contrôle",sunab,1,-0.0472585506432014,0.0532584031988202,-0.1516431027870018,0.0571260015005989,0.3748934593626182,96,2592,False," ; fenêtre 1998-2024 ; 96 traitées, 0 jamais traitées sur la fenêtre ; comparaisons sur la fenêtre identifiée (années < 2018, cohorte 2018 recodée contrôle, 7 unités de contrôle) ; cellules −8 et +8 bornées",event,0.0,96.0,0.0,0.0,1998.0,2024.0,,,,,,,,,,,,,,,,,
h2,H2,H2a,log(naissances / 1 000 f. 15-19),"département, bascule D3 ≥ 50 % ; fenêtre identifiée ≤ 2017, cohorte 2018 = contrôle",sunab,2,-0.0288893364447753,0.0803234759715612,-0.1863204564621037,0.128541783572553,0.7190995919218042,96,2592,False," ; fenêtre 1998-2024 ; 96 traitées, 0 jamais traitées sur la fenêtre ; comparaisons sur la fenêtre identifiée (années < 2018, cohorte 2018 recodée contrôle, 7 unités de contrôle) ; cellules −8 et +8 bornées",event,0.0,96.0,0.0,0.0,1998.0,2024.0,,,,,,,,,,,,,,,,,
h2,H2,H2a,log(naissances / 1 000 f. 15-19),"département, bascule D3 ≥ 50 % ; fenêtre identifiée ≤ 2017, cohorte 2018 = contrôle",sunab,3,-0.1479917722327461,0.1148287494453553,-0.3730519855354163,0.077068441069924,0.1974661725948611,96,2592,False," ; fenêtre 1998-2024 ; 96 traitées, 0 jamais traitées sur la fenêtre ; comparaisons sur la fenêtre identifiée (années < 2018, cohorte 2018 recodée contrôle, 7 unités de contrôle) ; cellules −8 et +8 bornées",event,0.0,96.0,0.0,0.0,1998.0,2024.0,,,,,,,,,,,,,,,,,
h2,H2,H2a,log(naissances / 1 000 f. 15-19),"département, bascule D3 ≥ 50 % ; fenêtre identifiée ≤ 2017, cohorte 2018 = contrôle",sunab,4,-0.1180346828198136,0.1134887109947331,-0.3404684690213654,0.1043991033817381,0.2983136057250569,96,2592,False," ; fenêtre 1998-2024 ; 96 traitées, 0 jamais traitées sur la fenêtre ; comparaisons sur la fenêtre identifiée (années < 2018, cohorte 2018 recodée contrôle, 7 unités de contrôle) ; cellules −8 et +8 bornées",event,0.0,96.0,0.0,0.0,1998.0,2024.0,,,,,,,,,,,,,,,,,
h2,H2,H2a,log(naissances / 1 000 f. 15-19),"département, bascule D3 ≥ 50 % ; fenêtre identifiée ≤ 2017, cohorte 2018 = contrôle",sunab,"ATT[1,4]",-0.0855435855351341,0.0760130268281048,-0.2345263804740964,0.0634392094038281,0.2604277894374747,96,2592,False," ; fenêtre 1998-2024 ; 96 traitées, 0 jamais traitées sur la fenêtre ; comparaisons sur la fenêtre identifiée (années < 2018, cohorte 2018 recodée contrôle, 7 unités de contrôle) ; écart-type avec covariance complète (w'Vw)",post_avg,0.0,96.0,0.0,0.0,1998.0,2024.0,,,,,,,,,,,,,,,,,
h2,H2,H2a,log(naissances / 1 000 f. 15-19),"département, bascule D3 ≥ 50 % ; fenêtre identifiée ≤ 2017, cohorte 2018 = contrôle",sunab,Wald pré (-8..−2),9.422578037847469,,,,0.2237229903755798,96,2592,False,"test de Wald joint, covariance groupée, df = 7 ; fenêtre 1998-2024 ; 96 traitées, 0 jamais traitées sur la fenêtre",pre_test,0.0,96.0,0.0,0.0,1998.0,2024.0,,,,,,,,,,,7.0,,,,,,
h2,H2,H2a,log(naissances / 1 000 f. 15-19),"département, bascule D3 ≥ 50 % ; fenêtre identifiée ≤ 2017, cohorte 2018 = contrôle",did2s,-8,-0.0010438532756911,0.0016979227270792,-0.0043717206692985,0.0022840141179163,0.538698330224298,96,2592,False," ; fenêtre 1998-2024 ; 96 traitées, 0 jamais traitées sur la fenêtre ; comparaisons sur la fenêtre identifiée (années < 2018, cohorte 2018 recodée contrôle, 7 unités de contrôle) ; cellules −8 et +8 bornées",event,0.0,96.0,0.0,0.0,1998.0,2024.0,,,,,,,,,,,,,,,,,
h2,H2,H2a,log(naissances / 1 000 f. 15-19),"département, bascule D3 ≥ 50 % ; fenêtre identifiée ≤ 2017, cohorte 2018 = contrôle",did2s,-7,0.0037400300142806,0.0099655502245671,-0.015792089511996,0.0232721495405573,0.7074404244424441,96,2592,False," ; fenêtre 1998-2024 ; 96 traitées, 0 jamais traitées sur la fenêtre ; comparaisons sur la fenêtre identifiée (années < 2018, cohorte 2018 recodée contrôle, 7 unités de contrôle) ; cellules −8 et +8 bornées",event,0.0,96.0,0.0,0.0,1998.0,2024.0,,,,,,,,,,,,,,,,,
h2,H2,H2a,log(naissances / 1 000 f. 15-19),"département, bascule D3 ≥ 50 % ; fenêtre identifiée ≤ 2017, cohorte 2018 = contrôle",did2s,-6,0.0123020581143287,0.0116080566409938,-0.0104493148325202,0.0350534310611778,0.2892418811709237,96,2592,False," ; fenêtre 1998-2024 ; 96 traitées, 0 jamais traitées sur la fenêtre ; comparaisons sur la fenêtre identifiée (années < 2018, cohorte 2018 recodée contrôle, 7 unités de contrôle) ; cellules −8 et +8 bornées",event,0.0,96.0,0.0,0.0,1998.0,2024.0,,,,,,,,,,,,,,,,,
h2,H2,H2a,log(naissances / 1 000 f. 15-19),"département, bascule D3 ≥ 50 % ; fenêtre identifiée ≤ 2017, cohorte 2018 = contrôle",did2s,-5,0.0116601179966733,0.0098282457390318,-0.0076028896830384,0.030923125676385,0.2354688999868536,96,2592,False," ; fenêtre 1998-2024 ; 96 traitées, 0 jamais traitées sur la fenêtre ; comparaisons sur la fenêtre identifiée (années < 2018, cohorte 2018 recodée contrôle, 7 unités de contrôle) ; cellules −8 et +8 bornées",event,0.0,96.0,0.0,0.0,1998.0,2024.0,,,,,,,,,,,,,,,,,
h2,H2,H2a,log(naissances / 1 000 f. 15-19),"département, bascule D3 ≥ 50 % ; fenêtre identifiée ≤ 2017, cohorte 2018 = contrôle",did2s,-4,0.0199751389825228,0.0104816019663862,-0.0005684233718784,0.040518701336924,0.056684803226017,96,2592,False," ; fenêtre 1998-2024 ; 96 traitées, 0 jamais traitées sur la fenêtre ; comparaisons sur la fenêtre identifiée (années < 2018, cohorte 2018 recodée contrôle, 7 unités de contrôle) ; cellules −8 et +8 bornées",event,0.0,96.0,0.0,0.0,1998.0,2024.0,,,,,,,,,,,,,,,,,
h2,H2,H2a,log(naissances / 1 000 f. 15-19),"département, bascule D3 ≥ 50 % ; fenêtre identifiée ≤ 2017, cohorte 2018 = contrôle",did2s,-3,-0.0027358381579078,0.0115906560282522,-0.0254531065304742,0.0199814302146585,0.8134029898869174,96,2592,False," ; fenêtre 1998-2024 ; 96 traitées, 0 jamais traitées sur la fenêtre ; comparaisons sur la fenêtre identifiée (années < 2018, cohorte 2018 recodée contrôle, 7 unités de contrôle) ; cellules −8 et +8 bornées",event,0.0,96.0,0.0,0.0,1998.0,2024.0,,,,,,,,,,,,,,,,,
h2,H2,H2a,log(naissances / 1 000 f. 15-19),"département, bascule D3 ≥ 50 % ; fenêtre identifiée ≤ 2017, cohorte 2018 = contrôle",did2s,-2,-0.007275410495526,0.0117024706480173,-0.0302118314957772,0.0156610105047251,0.5341400230844859,96,2592,False," ; fenêtre 1998-2024 ; 96 traitées, 0 jamais traitées sur la fenêtre ; comparaisons sur la fenêtre identifiée (années < 2018, cohorte 2018 recodée contrôle, 7 unités de contrôle) ; cellules −8 et +8 bornées",event,0.0,96.0,0.0,0.0,1998.0,2024.0,,,,,,,,,,,,,,,,,
h2,H2,H2a,log(naissances / 1 000 f. 15-19),"département, bascule D3 ≥ 50 % ; fenêtre identifiée ≤ 2017, cohorte 2018 = contrôle",did2s,0,-0.0507269016870852,0.0234635344218793,-0.0967145841039845,-0.0047392192701859,0.0306223147704604,96,2592,False," ; fenêtre 1998-2024 ; 96 traitées, 0 jamais traitées sur la fenêtre ; comparaisons sur la fenêtre identifiée (années < 2018, cohorte 2018 recodée contrôle, 7 unités de contrôle) ; cellules −8 et +8 bornées",event,0.0,96.0,0.0,0.0,1998.0,2024.0,,,,,,,,,,,,,,,,,
h2,H2,H2a,log(naissances / 1 000 f. 15-19),"département, bascule D3 ≥ 50 % ; fenêtre identifiée ≤ 2017, cohorte 2018 = contrôle",did2s,1,-0.1023298144367322,0.0372220415044725,-0.1752836752165536,-0.0293759536569108,0.0059745926976508,96,2592,False," ; fenêtre 1998-2024 ; 96 traitées, 0 jamais traitées sur la fenêtre ; comparaisons sur la fenêtre identifiée (années < 2018, cohorte 2018 recodée contrôle, 7 unités de contrôle) ; cellules −8 et +8 bornées",event,0.0,96.0,0.0,0.0,1998.0,2024.0,,,,,,,,,,,,,,,,,
h2,H2,H2a,log(naissances / 1 000 f. 15-19),"département, bascule D3 ≥ 50 % ; fenêtre identifiée ≤ 2017, cohorte 2018 = contrôle",did2s,2,-0.1009586507833406,0.0485011083368626,-0.1960190763338668,-0.0058982252328144,0.0373813894767798,96,2592,False," ; fenêtre 1998-2024 ; 96 traitées, 0 jamais traitées sur la fenêtre ; comparaisons sur la fenêtre identifiée (années < 2018, cohorte 2018 recodée contrôle, 7 unités de contrôle) ; cellules −8 et +8 bornées",event,0.0,96.0,0.0,0.0,1998.0,2024.0,,,,,,,,,,,,,,,,,
h2,H2,H2a,log(naissances / 1 000 f. 15-19),"département, bascule D3 ≥ 50 % ; fenêtre identifiée ≤ 2017, cohorte 2018 = contrôle",did2s,3,-0.1716832743379626,0.0863397493575851,-0.3409060735130449,-0.0024604751628804,0.0467606641898094,96,2592,False," ; fenêtre 1998-2024 ; 96 traitées, 0 jamais traitées sur la fenêtre ; comparaisons sur la fenêtre identifiée (années < 2018, cohorte 2018 recodée contrôle, 7 unités de contrôle) ; cellules −8 et +8 bornées",event,0.0,96.0,0.0,0.0,1998.0,2024.0,,,,,,,,,,,,,,,,,
h2,H2,H2a,log(naissances / 1 000 f. 15-19),"département, bascule D3 ≥ 50 % ; fenêtre identifiée ≤ 2017, cohorte 2018 = contrôle",did2s,4,-0.3302542851054732,0.1104621080734165,-0.5467560385857407,-0.1137525316252057,0.0027920422783376,96,2592,False," ; fenêtre 1998-2024 ; 96 traitées, 0 jamais traitées sur la fenêtre ; comparaisons sur la fenêtre identifiée (années < 2018, cohorte 2018 recodée contrôle, 7 unités de contrôle) ; cellules −8 et +8 bornées",event,0.0,96.0,0.0,0.0,1998.0,2024.0,,,,,,,,,,,,,,,,,
h2,H2,H2a,log(naissances / 1 000 f. 15-19),"département, bascule D3 ≥ 50 % ; fenêtre identifiée ≤ 2017, cohorte 2018 = contrôle",did2s,"ATT[1,4]",-0.1763065061658772,0.0615653655383716,-0.296972405316129,-0.0556406070156254,0.0041868640377881,96,2592,False," ; fenêtre 1998-2024 ; 96 traitées, 0 jamais traitées sur la fenêtre ; comparaisons sur la fenêtre identifiée (années < 2018, cohorte 2018 recodée contrôle, 7 unités de contrôle) ; écart-type avec covariance complète (w'Vw)",post_avg,0.0,96.0,0.0,0.0,1998.0,2024.0,,,,,,,,,,,,,,,,,
h2,H2,H2a,log(naissances / 1 000 f. 15-19),"département, bascule D3 ≥ 50 % ; fenêtre identifiée ≤ 2017, cohorte 2018 = contrôle",did2s,Wald pré (-8..−2),9.54972731767898,,,,0.2155576492185983,96,2592,False,"test de Wald joint, covariance groupée, df = 7 ; fenêtre 1998-2024 ; 96 traitées, 0 jamais traitées sur la fenêtre",pre_test,0.0,96.0,0.0,0.0,1998.0,2024.0,,,,,,,,,,,7.0,,,,,,
h2,H2,H2a,log(naissances / 1 000 f. 15-19),"département, bascule D3 ≥ 50 % ; fenêtre identifiée ≤ 2017, cohorte 2018 = contrôle",twfe,-8,0.0663049173474624,0.0432664574538406,-0.0184957810006998,0.1511056156956247,0.1254043904408499,96,2592,False," ; fenêtre 1998-2024 ; 96 traitées, 0 jamais traitées sur la fenêtre ; comparaisons sur la fenêtre identifiée (années < 2018, cohorte 2018 recodée contrôle, 7 unités de contrôle) ; cellules −8 et +8 bornées",event,0.0,96.0,0.0,0.0,1998.0,2024.0,,,,,,,,,,,,,,,,,
h2,H2,H2a,log(naissances / 1 000 f. 15-19),"département, bascule D3 ≥ 50 % ; fenêtre identifiée ≤ 2017, cohorte 2018 = contrôle",twfe,-7,0.0817489398876366,0.0427423444914035,-0.0020245159303182,0.1655223957055915,0.0557994840699789,96,2592,False," ; fenêtre 1998-2024 ; 96 traitées, 0 jamais traitées sur la fenêtre ; comparaisons sur la fenêtre identifiée (années < 2018, cohorte 2018 recodée contrôle, 7 unités de contrôle) ; cellules −8 et +8 bornées",event,0.0,96.0,0.0,0.0,1998.0,2024.0,,,,,,,,,,,,,,,,,
h2,H2,H2a,log(naissances / 1 000 f. 15-19),"département, bascule D3 ≥ 50 % ; fenêtre identifiée ≤ 2017, cohorte 2018 = contrôle",twfe,-6,0.0926844469265246,0.0394977928173367,0.0152701955357197,0.1700986983173294,0.0189469636260325,96,2592,False," ; fenêtre 1998-2024 ; 96 traitées, 0 jamais traitées sur la fenêtre ; comparaisons sur la fenêtre identifiée (années < 2018, cohorte 2018 recodée contrôle, 7 unités de contrôle) ; cellules −8 et +8 bornées",event,0.0,96.0,0.0,0.0,1998.0,2024.0,,,,,,,,,,,,,,,,,
h2,H2,H2a,log(naissances / 1 000 f. 15-19),"département, bascule D3 ≥ 50 % ; fenêtre identifiée ≤ 2017, cohorte 2018 = contrôle",twfe,-5,0.0892830051984847,0.0355532749510889,0.0195998667619003,0.1589661436350691,0.0120305965158379,96,2592,False," ; fenêtre 1998-2024 ; 96 traitées, 0 jamais traitées sur la fenêtre ; comparaisons sur la fenêtre identifiée (années < 2018, cohorte 2018 recodée contrôle, 7 unités de contrôle) ; cellules −8 et +8 bornées",event,0.0,96.0,0.0,0.0,1998.0,2024.0,,,,,,,,,,,,,,,,,
h2,H2,H2a,log(naissances / 1 000 f. 15-19),"département, bascule D3 ≥ 50 % ; fenêtre identifiée ≤ 2017, cohorte 2018 = contrôle",twfe,-4,0.090629525045785,0.0321236672995414,0.0276682940873367,0.1535907560042333,0.0047833988560681,96,2592,False," ; fenêtre 1998-2024 ; 96 traitées, 0 jamais traitées sur la fenêtre ; comparaisons sur la fenêtre identifiée (années < 2018, cohorte 2018 recodée contrôle, 7 unités de contrôle) ; cellules −8 et +8 bornées",event,0.0,96.0,0.0,0.0,1998.0,2024.0,,,,,,,,,,,,,,,,,
h2,H2,H2a,log(naissances / 1 000 f. 15-19),"département, bascule D3 ≥ 50 % ; fenêtre identifiée ≤ 2017, cohorte 2018 = contrôle",twfe,-3,0.0550358197211854,0.0304992216505125,-0.0047415562703234,0.1148131957126942,0.0711530913852397,96,2592,False," ; fenêtre 1998-2024 ; 96 traitées, 0 jamais traitées sur la fenêtre ; comparaisons sur la fenêtre identifiée (années < 2018, cohorte 2018 recodée contrôle, 7 unités de contrôle) ; cellules −8 et +8 bornées",event,0.0,96.0,0.0,0.0,1998.0,2024.0,,,,,,,,,,,,,,,,,
h2,H2,H2a,log(naissances / 1 000 f. 15-19),"département, bascule D3 ≥ 50 % ; fenêtre identifiée ≤ 2017, cohorte 2018 = contrôle",twfe,-2,0.0353662279328905,0.0260748187300336,-0.0157394776813859,0.0864719335471669,0.1749921325754849,96,2592,False," ; fenêtre 1998-2024 ; 96 traitées, 0 jamais traitées sur la fenêtre ; comparaisons sur la fenêtre identifiée (années < 2018, cohorte 2018 recodée contrôle, 7 unités de contrôle) ; cellules −8 et +8 bornées",event,0.0,96.0,0.0,0.0,1998.0,2024.0,,,,,,,,,,,,,,,,,
h2,H2,H2a,log(naissances / 1 000 f. 15-19),"département, bascule D3 ≥ 50 % ; fenêtre identifiée ≤ 2017, cohorte 2018 = contrôle",twfe,0,-0.0216058459242034,0.0226571289166654,-0.0660130025939488,0.0228013107455418,0.3402859816757932,96,2592,False," ; fenêtre 1998-2024 ; 96 traitées, 0 jamais traitées sur la fenêtre ; comparaisons sur la fenêtre identifiée (années < 2018, cohorte 2018 recodée contrôle, 7 unités de contrôle) ; cellules −8 et +8 bornées",event,0.0,96.0,0.0,0.0,1998.0,2024.0,,,,,,,,,,,,,,,,,
h2,H2,H2a,log(naissances / 1 000 f. 15-19),"département, bascule D3 ≥ 50 % ; fenêtre identifiée ≤ 2017, cohorte 2018 = contrôle",twfe,1,-0.0739735065809314,0.0304539581728506,-0.133662167786408,-0.0142848453754549,0.0151393775314405,96,2592,False," ; fenêtre 1998-2024 ; 96 traitées, 0 jamais traitées sur la fenêtre ; comparaisons sur la fenêtre identifiée (années < 2018, cohorte 2018 recodée contrôle, 7 unités de contrôle) ; cellules −8 et +8 bornées",event,0.0,96.0,0.0,0.0,1998.0,2024.0,,,,,,,,,,,,,,,,,
h2,H2,H2a,log(naissances / 1 000 f. 15-19),"département, bascule D3 ≥ 50 % ; fenêtre identifiée ≤ 2017, cohorte 2018 = contrôle",twfe,2,-0.0761589254867702,0.0438874745758993,-0.1621767950279502,0.0098589440544097,0.0826836849589313,96,2592,False," ; fenêtre 1998-2024 ; 96 traitées, 0 jamais traitées sur la fenêtre ; comparaisons sur la fenêtre identifiée (années < 2018, cohorte 2018 recodée contrôle, 7 unités de contrôle) ; cellules −8 et +8 bornées",event,0.0,96.0,0.0,0.0,1998.0,2024.0,,,,,,,,,,,,,,,,,
h2,H2,H2a,log(naissances / 1 000 f. 15-19),"département, bascule D3 ≥ 50 % ; fenêtre identifiée ≤ 2017, cohorte 2018 = contrôle",twfe,3,-0.1064379548145362,0.0568707349083325,-0.2179025470091927,0.0050266373801202,0.0612651591021067,96,2592,False," ; fenêtre 1998-2024 ; 96 traitées, 0 jamais traitées sur la fenêtre ; comparaisons sur la fenêtre identifiée (années < 2018, cohorte 2018 recodée contrôle, 7 unités de contrôle) ; cellules −8 et +8 bornées",event,0.0,96.0,0.0,0.0,1998.0,2024.0,,,,,,,,,,,,,,,,,
h2,H2,H2a,log(naissances / 1 000 f. 15-19),"département, bascule D3 ≥ 50 % ; fenêtre identifiée ≤ 2017, cohorte 2018 = contrôle",twfe,4,-0.222424367631622,0.0738043294129007,-0.3670781951840376,-0.0777705400792064,0.0025807987276655,96,2592,False," ; fenêtre 1998-2024 ; 96 traitées, 0 jamais traitées sur la fenêtre ; comparaisons sur la fenêtre identifiée (années < 2018, cohorte 2018 recodée contrôle, 7 unités de contrôle) ; cellules −8 et +8 bornées",event,0.0,96.0,0.0,0.0,1998.0,2024.0,,,,,,,,,,,,,,,,,
h2,H2,H2a,log(naissances / 1 000 f. 15-19),"département, bascule D3 ≥ 50 % ; fenêtre identifiée ≤ 2017, cohorte 2018 = contrôle",twfe,"ATT[1,4]",-0.119748688628465,0.0457572654681427,-0.2094312809770631,-0.0300660962798669,0.0088695409548453,96,2592,False," ; fenêtre 1998-2024 ; 96 traitées, 0 jamais traitées sur la fenêtre ; comparaisons sur la fenêtre identifiée (années < 2018, cohorte 2018 recodée contrôle, 7 unités de contrôle) ; écart-type avec covariance complète (w'Vw)",post_avg,0.0,96.0,0.0,0.0,1998.0,2024.0,,,,,,,,,,,,,,,,,
h2,H2,H2a,log(naissances / 1 000 f. 15-19),"département, bascule D3 ≥ 50 % ; fenêtre identifiée ≤ 2017, cohorte 2018 = contrôle",twfe,Wald pré (-8..−2),11.414981715317603,,,,0.1215141452202952,96,2592,False,"test de Wald joint, covariance groupée, df = 7 ; fenêtre 1998-2024 ; 96 traitées, 0 jamais traitées sur la fenêtre",pre_test,0.0,96.0,0.0,0.0,1998.0,2024.0,,,,,,,,,,,7.0,,,,,,
h2,H2,H2a,log(naissances / 1 000 f. 15-19),"département, bascule D3 ≥ 50 % ; fenêtre identifiée ≤ 2017, cohorte 2018 = contrôle",twfe,ATT,-0.069243152431815,0.0250962852598795,-0.1184309676869224,-0.0200553371767077,0.0057960853774186,96,2592,False," ; fenêtre 1998-2024 ; 96 traitées, 0 jamais traitées sur la fenêtre ; comparaisons sur la fenêtre identifiée (années < 2018, cohorte 2018 recodée contrôle, 7 unités de contrôle)",static,0.0,96.0,0.0,0.0,1998.0,2024.0,,,,,,,,,,,,,,,,,
h2,H2,H2a,log(naissances / 1 000 f. 15-19),"département, bascule D3 ≥ 50 % ; fenêtre complète",twfe,ATT,-0.0515547230483781,0.0220446649243669,-0.0947614723513907,-0.0083479737453655,0.019353631381467,96,2592,True," ; fenêtre 1998-2024 ; 96 traitées, 0 jamais traitées sur la fenêtre ; TWFE sur toutes les années (identification par le calendrier des bascules seulement)",static,0.0,96.0,0.0,0.0,1998.0,2024.0,,,,,,,,,,,,,,,,,
h2,H2,H2a,log(naissances / 1 000 f. 15-19),"département, bascule D3 ≥ 50 % ; fenêtre identifiée ≤ 2017, cohorte 2018 = contrôle",twfe_poisson,ATT (log du taux contrefactuel),-0.0425732290959496,0.0287395133789909,-0.0989016402519789,0.0137551820600797,0.1385137856740009,96,2592,False," ; fenêtre 1998-2024 ; 96 traitées, 0 jamais traitées sur la fenêtre ; comparaisons sur la fenêtre identifiée (années < 2018, cohorte 2018 recodée contrôle, 7 unités de contrôle) ; Poisson à effets fixes, offset = log(women)",static,0.0,96.0,0.0,0.0,1998.0,2024.0,,,,,,,,,,,,,,,,,
h2,H2,H2a,log(naissances / 1 000 f. 15-19),"département, bascule D3 ≥ 50 % ; fenêtre identifiée ≤ 2017, cohorte 2018 = contrôle",twfe_poisson,ATT en % du taux contrefactuel,-4.1679713976787935,2.7541658681522563,-9.41681993728788,1.385022028129712,0.1385137856740009,96,2592,False," ; fenêtre 1998-2024 ; 96 traitées, 0 jamais traitées sur la fenêtre ; comparaisons sur la fenêtre identifiée (années < 2018, cohorte 2018 recodée contrôle, 7 unités de contrôle) ; Poisson à effets fixes, offset = log(women)",static,0.0,96.0,0.0,0.0,1998.0,2024.0,,,,,,,,,,,,,,,,,
h2,H2,H2a,log(naissances / 1 000 f. 15-19),"département, bascule D3 ≥ 50 %, covariables de pré-période agrégées",cs,-8,-0.0335316298366607,0.0360408231050829,-0.1041703450958023,0.0371070854224807,0.3521748175818139,96,2592,True,"conditionnement numériquement instable à 96 unités (cohortes de 2 à 33 départements, 6 covariables : estimations de plusieurs log-points au test de fonctionnement) ; rapporté, non interprétable, hors familles de Holm (A2.5) ; covariables : log_med12, share_fsup, unemp_1524, dens_inter, dens_rural, pretrend_0811 (doublement robuste) ; contrôle = not_yet_treated ; fenêtre 1998-2024 ; 96 traitées, 0 jamais traitées sur la fenêtre ; ATT(g,t) identifiés jusqu'en 2017 (sans unité jamais traitée, la dernière cohorte sert de contrôle) ; grappes = dep (96)",event,0.0,96.0,0.0,0.0,1998.0,2024.0,1998.0,2017.0,96.0,2.0,dr,5.0,89.0,,,,,,,,,,
h2,H2,H2a,log(naissances / 1 000 f. 15-19),"département, bascule D3 ≥ 50 %, covariables de pré-période agrégées",cs,-7,-0.0179012031676634,0.0490057113183761,-0.1139506323884475,0.0781482260531206,0.7148963605463787,96,2592,True,"conditionnement numériquement instable à 96 unités (cohortes de 2 à 33 départements, 6 covariables : estimations de plusieurs log-points au test de fonctionnement) ; rapporté, non interprétable, hors familles de Holm (A2.5) ; covariables : log_med12, share_fsup, unemp_1524, dens_inter, dens_rural, pretrend_0811 (doublement robuste) ; contrôle = not_yet_treated ; fenêtre 1998-2024 ; 96 traitées, 0 jamais traitées sur la fenêtre ; ATT(g,t) identifiés jusqu'en 2017 (sans unité jamais traitée, la dernière cohorte sert de contrôle) ; grappes = dep (96)",event,0.0,96.0,0.0,0.0,1998.0,2024.0,1998.0,2017.0,96.0,2.0,dr,5.0,89.0,,,,,,,,,,
h2,H2,H2a,log(naissances / 1 000 f. 15-19),"département, bascule D3 ≥ 50 %, covariables de pré-période agrégées",cs,-6,-0.0241427920381271,0.0413380067759976,-0.1051637965117552,0.0568782124355009,0.5591975905137048,96,2592,True,"conditionnement numériquement instable à 96 unités (cohortes de 2 à 33 départements, 6 covariables : estimations de plusieurs log-points au test de fonctionnement) ; rapporté, non interprétable, hors familles de Holm (A2.5) ; covariables : log_med12, share_fsup, unemp_1524, dens_inter, dens_rural, pretrend_0811 (doublement robuste) ; contrôle = not_yet_treated ; fenêtre 1998-2024 ; 96 traitées, 0 jamais traitées sur la fenêtre ; ATT(g,t) identifiés jusqu'en 2017 (sans unité jamais traitée, la dernière cohorte sert de contrôle) ; grappes = dep (96)",event,0.0,96.0,0.0,0.0,1998.0,2024.0,1998.0,2017.0,96.0,2.0,dr,5.0,89.0,,,,,,,,,,
h2,H2,H2a,log(naissances / 1 000 f. 15-19),"département, bascule D3 ≥ 50 %, covariables de pré-période agrégées",cs,-5,0.0040009924438012,0.0421111889698104,-0.0785354212831875,0.08653740617079,0.9243067259458052,96,2592,True,"conditionnement numériquement instable à 96 unités (cohortes de 2 à 33 départements, 6 covariables : estimations de plusieurs log-points au test de fonctionnement) ; rapporté, non interprétable, hors familles de Holm (A2.5) ; covariables : log_med12, share_fsup, unemp_1524, dens_inter, dens_rural, pretrend_0811 (doublement robuste) ; contrôle = not_yet_treated ; fenêtre 1998-2024 ; 96 traitées, 0 jamais traitées sur la fenêtre ; ATT(g,t) identifiés jusqu'en 2017 (sans unité jamais traitée, la dernière cohorte sert de contrôle) ; grappes = dep (96)",event,0.0,96.0,0.0,0.0,1998.0,2024.0,1998.0,2017.0,96.0,2.0,dr,5.0,89.0,,,,,,,,,,
h2,H2,H2a,log(naissances / 1 000 f. 15-19),"département, bascule D3 ≥ 50 %, covariables de pré-période agrégées",cs,-4,-0.0181595047237398,0.0405830683391953,-0.0977008570506904,0.0613818476032108,0.6545393168321669,96,2592,True,"conditionnement numériquement instable à 96 unités (cohortes de 2 à 33 départements, 6 covariables : estimations de plusieurs log-points au test de fonctionnement) ; rapporté, non interprétable, hors familles de Holm (A2.5) ; covariables : log_med12, share_fsup, unemp_1524, dens_inter, dens_rural, pretrend_0811 (doublement robuste) ; contrôle = not_yet_treated ; fenêtre 1998-2024 ; 96 traitées, 0 jamais traitées sur la fenêtre ; ATT(g,t) identifiés jusqu'en 2017 (sans unité jamais traitée, la dernière cohorte sert de contrôle) ; grappes = dep (96)",event,0.0,96.0,0.0,0.0,1998.0,2024.0,1998.0,2017.0,96.0,2.0,dr,5.0,89.0,,,,,,,,,,
h2,H2,H2a,log(naissances / 1 000 f. 15-19),"département, bascule D3 ≥ 50 %, covariables de pré-période agrégées",cs,-3,-0.0533344278784516,0.042215379240074,-0.1360750507826965,0.0294061950257933,0.2064495675359323,96,2592,True,"conditionnement numériquement instable à 96 unités (cohortes de 2 à 33 départements, 6 covariables : estimations de plusieurs log-points au test de fonctionnement) ; rapporté, non interprétable, hors familles de Holm (A2.5) ; covariables : log_med12, share_fsup, unemp_1524, dens_inter, dens_rural, pretrend_0811 (doublement robuste) ; contrôle = not_yet_treated ; fenêtre 1998-2024 ; 96 traitées, 0 jamais traitées sur la fenêtre ; ATT(g,t) identifiés jusqu'en 2017 (sans unité jamais traitée, la dernière cohorte sert de contrôle) ; grappes = dep (96)",event,0.0,96.0,0.0,0.0,1998.0,2024.0,1998.0,2017.0,96.0,2.0,dr,5.0,89.0,,,,,,,,,,
h2,H2,H2a,log(naissances / 1 000 f. 15-19),"département, bascule D3 ≥ 50 %, covariables de pré-période agrégées",cs,-2,-0.047801479694742,0.0361650769586436,-0.1186837280318029,0.0230807686423189,0.1862487490344444,96,2592,True,"conditionnement numériquement instable à 96 unités (cohortes de 2 à 33 départements, 6 covariables : estimations de plusieurs log-points au test de fonctionnement) ; rapporté, non interprétable, hors familles de Holm (A2.5) ; covariables : log_med12, share_fsup, unemp_1524, dens_inter, dens_rural, pretrend_0811 (doublement robuste) ; contrôle = not_yet_treated ; fenêtre 1998-2024 ; 96 traitées, 0 jamais traitées sur la fenêtre ; ATT(g,t) identifiés jusqu'en 2017 (sans unité jamais traitée, la dernière cohorte sert de contrôle) ; grappes = dep (96)",event,0.0,96.0,0.0,0.0,1998.0,2024.0,1998.0,2017.0,96.0,2.0,dr,5.0,89.0,,,,,,,,,,
h2,H2,H2a,log(naissances / 1 000 f. 15-19),"département, bascule D3 ≥ 50 %, covariables de pré-période agrégées",cs,0,0.0931364746511084,0.0587767700266478,-0.0220638777287147,0.2083368270309316,0.1130618678207586,96,2592,True,"conditionnement numériquement instable à 96 unités (cohortes de 2 à 33 départements, 6 covariables : estimations de plusieurs log-points au test de fonctionnement) ; rapporté, non interprétable, hors familles de Holm (A2.5) ; covariables : log_med12, share_fsup, unemp_1524, dens_inter, dens_rural, pretrend_0811 (doublement robuste) ; contrôle = not_yet_treated ; fenêtre 1998-2024 ; 96 traitées, 0 jamais traitées sur la fenêtre ; ATT(g,t) identifiés jusqu'en 2017 (sans unité jamais traitée, la dernière cohorte sert de contrôle) ; grappes = dep (96)",event,0.0,96.0,0.0,0.0,1998.0,2024.0,1998.0,2017.0,96.0,2.0,dr,5.0,89.0,,,,,,,,,,
h2,H2,H2a,log(naissances / 1 000 f. 15-19),"département, bascule D3 ≥ 50 %, covariables de pré-période agrégées",cs,2,1.2209135520092698,0.4011940862684366,0.4345875921126785,2.007239511905861,0.0023407727019099,96,2592,True,"conditionnement numériquement instable à 96 unités (cohortes de 2 à 33 départements, 6 covariables : estimations de plusieurs log-points au test de fonctionnement) ; rapporté, non interprétable, hors familles de Holm (A2.5) ; covariables : log_med12, share_fsup, unemp_1524, dens_inter, dens_rural, pretrend_0811 (doublement robuste) ; contrôle = not_yet_treated ; fenêtre 1998-2024 ; 96 traitées, 0 jamais traitées sur la fenêtre ; ATT(g,t) identifiés jusqu'en 2017 (sans unité jamais traitée, la dernière cohorte sert de contrôle) ; grappes = dep (96)",event,0.0,96.0,0.0,0.0,1998.0,2024.0,1998.0,2017.0,96.0,2.0,dr,3.0,51.0,,,,,,,,,,
h2,H2,H2a,log(naissances / 1 000 f. 15-19),"département, bascule D3 ≥ 50 %, covariables de pré-période agrégées",cs,4,4.94753728980208,0.7653478820996162,3.4474830052428245,6.447591574361335,1.0168180889584419e-10,96,2592,True,"conditionnement numériquement instable à 96 unités (cohortes de 2 à 33 départements, 6 covariables : estimations de plusieurs log-points au test de fonctionnement) ; rapporté, non interprétable, hors familles de Holm (A2.5) ; covariables : log_med12, share_fsup, unemp_1524, dens_inter, dens_rural, pretrend_0811 (doublement robuste) ; contrôle = not_yet_treated ; fenêtre 1998-2024 ; 96 traitées, 0 jamais traitées sur la fenêtre ; ATT(g,t) identifiés jusqu'en 2017 (sans unité jamais traitée, la dernière cohorte sert de contrôle) ; grappes = dep (96)",event,0.0,96.0,0.0,0.0,1998.0,2024.0,1998.0,2017.0,96.0,2.0,dr,1.0,2.0,,,,,,,,,,
h2,H2,H2a,log(naissances / 1 000 f. 15-19),"département, bascule D3 ≥ 50 %, covariables de pré-période agrégées",cs,"ATT[1,4]",3.0842254209056748,0.4880614088034523,2.1276426374070283,4.040808204404321,2.6268471927840507e-10,96,2592,True,"conditionnement numériquement instable à 96 unités (cohortes de 2 à 33 départements, 6 covariables : estimations de plusieurs log-points au test de fonctionnement) ; rapporté, non interprétable, hors familles de Holm (A2.5) ; covariables : log_med12, share_fsup, unemp_1524, dens_inter, dens_rural, pretrend_0811 (doublement robuste) ; contrôle = not_yet_treated ; fenêtre 1998-2024 ; 96 traitées, 0 jamais traitées sur la fenêtre ; ATT(g,t) identifiés jusqu'en 2017 (sans unité jamais traitée, la dernière cohorte sert de contrôle) ; grappes = dep (96) ; écart-type avec covariance complète des coefficients (fonctions d'influence)",post_avg,0.0,96.0,0.0,0.0,1998.0,2024.0,1998.0,2017.0,96.0,2.0,dr,,,,,2.0,,,,,,,
h2,H2,H2a,log(naissances / 1 000 f. 15-19),"département, bascule D3 ≥ 50 %, covariables de pré-période agrégées",cs,ATT,0.2505622086645067,0.1234561200120959,0.0085926597697439,0.4925317575592694,0.042400785123152,96,2592,True,"conditionnement numériquement instable à 96 unités (cohortes de 2 à 33 départements, 6 covariables : estimations de plusieurs log-points au test de fonctionnement) ; rapporté, non interprétable, hors familles de Holm (A2.5) ; covariables : log_med12, share_fsup, unemp_1524, dens_inter, dens_rural, pretrend_0811 (doublement robuste) ; contrôle = not_yet_treated ; fenêtre 1998-2024 ; 96 traitées, 0 jamais traitées sur la fenêtre ; ATT(g,t) identifiés jusqu'en 2017 (sans unité jamais traitée, la dernière cohorte sert de contrôle) ; grappes = dep (96) ; moyenne de tous les ATT(g,t) post",simple,0.0,96.0,0.0,0.0,1998.0,2024.0,1998.0,2017.0,96.0,2.0,dr,,,,,,,,,,,,
h2,H2,H2a,log(naissances / 1 000 f. 15-19),"département, bascule D3 ≥ 50 %, covariables de pré-période agrégées",cs,Wald pré (-8..-2),8.054960388925037,,,,0.3277725226442727,96,2592,True,"H5c : test de Wald joint de nullité des coefficients pré avec covariance des fonctions d'influence, df = 7 ; fenêtre 1998-2024 ; 96 traitées, 0 jamais traitées sur la fenêtre",pre_test,0.0,96.0,0.0,0.0,1998.0,2024.0,1998.0,2017.0,96.0,2.0,dr,,,,,,7.0,,,,,,
h2,H2,H2a,log(naissances / 1 000 f. 20-24),"département, bascule D3 ≥ 50 %",cs,-8,0.0254074383711927,0.0149873497397845,-0.0039672273424907,0.0547821040848762,0.0900263135878003,96,2592,False," ; contrôle = not_yet_treated ; fenêtre 1998-2024 ; 96 traitées, 0 jamais traitées sur la fenêtre ; ATT(g,t) identifiés jusqu'en 2017 (sans unité jamais traitée, la dernière cohorte sert de contrôle) ; grappes = dep (96)",event,0.0,96.0,0.0,0.0,1998.0,2024.0,1998.0,2017.0,96.0,4.0,reg,5.0,89.0,,,,,,,,,,
h2,H2,H2a,log(naissances / 1 000 f. 20-24),"département, bascule D3 ≥ 50 %",cs,-7,0.014893508685384,0.0141927761748195,-0.0129238214579004,0.0427108388286685,0.2940067206173621,96,2592,False," ; contrôle = not_yet_treated ; fenêtre 1998-2024 ; 96 traitées, 0 jamais traitées sur la fenêtre ; ATT(g,t) identifiés jusqu'en 2017 (sans unité jamais traitée, la dernière cohorte sert de contrôle) ; grappes = dep (96)",event,0.0,96.0,0.0,0.0,1998.0,2024.0,1998.0,2017.0,96.0,4.0,reg,5.0,89.0,,,,,,,,,,
h2,H2,H2a,log(naissances / 1 000 f. 20-24),"département, bascule D3 ≥ 50 %",cs,-6,0.015389682529629,0.0111355595869576,-0.0064356132085076,0.0372149782677657,0.1669623488805538,96,2592,False," ; contrôle = not_yet_treated ; fenêtre 1998-2024 ; 96 traitées, 0 jamais traitées sur la fenêtre ; ATT(g,t) identifiés jusqu'en 2017 (sans unité jamais traitée, la dernière cohorte sert de contrôle) ; grappes = dep (96)",event,0.0,96.0,0.0,0.0,1998.0,2024.0,1998.0,2017.0,96.0,4.0,reg,5.0,89.0,,,,,,,,,,
h2,H2,H2a,log(naissances / 1 000 f. 20-24),"département, bascule D3 ≥ 50 %",cs,-5,0.0159708254216634,0.0127061656217028,-0.0089328015784751,0.040874452421802,0.2087771411161465,96,2592,False," ; contrôle = not_yet_treated ; fenêtre 1998-2024 ; 96 traitées, 0 jamais traitées sur la fenêtre ; ATT(g,t) identifiés jusqu'en 2017 (sans unité jamais traitée, la dernière cohorte sert de contrôle) ; grappes = dep (96)",event,0.0,96.0,0.0,0.0,1998.0,2024.0,1998.0,2017.0,96.0,4.0,reg,5.0,89.0,,,,,,,,,,
h2,H2,H2a,log(naissances / 1 000 f. 20-24),"département, bascule D3 ≥ 50 %",cs,-4,0.0123913516111178,0.0137582993048448,-0.0145744195149004,0.0393571227371362,0.3677767859252586,96,2592,False," ; contrôle = not_yet_treated ; fenêtre 1998-2024 ; 96 traitées, 0 jamais traitées sur la fenêtre ; ATT(g,t) identifiés jusqu'en 2017 (sans unité jamais traitée, la dernière cohorte sert de contrôle) ; grappes = dep (96)",event,0.0,96.0,0.0,0.0,1998.0,2024.0,1998.0,2017.0,96.0,4.0,reg,5.0,89.0,,,,,,,,,,
h2,H2,H2a,log(naissances / 1 000 f. 20-24),"département, bascule D3 ≥ 50 %",cs,-3,0.0215387493321785,0.0129861771188673,-0.0039136901176594,0.0469911887820166,0.0971983477752889,96,2592,False," ; contrôle = not_yet_treated ; fenêtre 1998-2024 ; 96 traitées, 0 jamais traitées sur la fenêtre ; ATT(g,t) identifiés jusqu'en 2017 (sans unité jamais traitée, la dernière cohorte sert de contrôle) ; grappes = dep (96)",event,0.0,96.0,0.0,0.0,1998.0,2024.0,1998.0,2017.0,96.0,4.0,reg,5.0,89.0,,,,,,,,,,
h2,H2,H2a,log(naissances / 1 000 f. 20-24),"département, bascule D3 ≥ 50 %",cs,-2,0.0131730896153885,0.01023026355443,-0.0068778585036471,0.0332240377344242,0.1978647366358923,96,2592,False," ; contrôle = not_yet_treated ; fenêtre 1998-2024 ; 96 traitées, 0 jamais traitées sur la fenêtre ; ATT(g,t) identifiés jusqu'en 2017 (sans unité jamais traitée, la dernière cohorte sert de contrôle) ; grappes = dep (96)",event,0.0,96.0,0.0,0.0,1998.0,2024.0,1998.0,2017.0,96.0,4.0,reg,5.0,89.0,,,,,,,,,,
h2,H2,H2a,log(naissances / 1 000 f. 20-24),"département, bascule D3 ≥ 50 %",cs,0,0.0035830034978623,0.0110315372851018,-0.0180384122750481,0.0252044192707727,0.745335176125318,96,2592,False," ; contrôle = not_yet_treated ; fenêtre 1998-2024 ; 96 traitées, 0 jamais traitées sur la fenêtre ; ATT(g,t) identifiés jusqu'en 2017 (sans unité jamais traitée, la dernière cohorte sert de contrôle) ; grappes = dep (96)",event,0.0,96.0,0.0,0.0,1998.0,2024.0,1998.0,2017.0,96.0,4.0,reg,5.0,89.0,,,,,,,,,,
h2,H2,H2a,log(naissances / 1 000 f. 20-24),"département, bascule D3 ≥ 50 %",cs,1,-0.0134748060351017,0.0119962809153286,-0.0369870845775711,0.0100374725073676,0.2613319167125133,96,2592,False," ; contrôle = not_yet_treated ; fenêtre 1998-2024 ; 96 traitées, 0 jamais traitées sur la fenêtre ; ATT(g,t) identifiés jusqu'en 2017 (sans unité jamais traitée, la dernière cohorte sert de contrôle) ; grappes = dep (96)",event,0.0,96.0,0.0,0.0,1998.0,2024.0,1998.0,2017.0,96.0,4.0,reg,4.0,74.0,,,,,,,,,,
h2,H2,H2a,log(naissances / 1 000 f. 20-24),"département, bascule D3 ≥ 50 %",cs,2,-0.0278724295768835,0.0238698701009372,-0.0746565152903699,0.0189116561366029,0.2429348586057116,96,2592,False," ; contrôle = not_yet_treated ; fenêtre 1998-2024 ; 96 traitées, 0 jamais traitées sur la fenêtre ; ATT(g,t) identifiés jusqu'en 2017 (sans unité jamais traitée, la dernière cohorte sert de contrôle) ; grappes = dep (96)",event,0.0,96.0,0.0,0.0,1998.0,2024.0,1998.0,2017.0,96.0,4.0,reg,3.0,51.0,,,,,,,,,,
h2,H2,H2a,log(naissances / 1 000 f. 20-24),"département, bascule D3 ≥ 50 %",cs,3,-0.0302015467121481,0.0417360377784967,-0.1120026776154047,0.0515995841911084,0.4692914810157269,96,2592,False," ; contrôle = not_yet_treated ; fenêtre 1998-2024 ; 96 traitées, 0 jamais traitées sur la fenêtre ; ATT(g,t) identifiés jusqu'en 2017 (sans unité jamais traitée, la dernière cohorte sert de contrôle) ; grappes = dep (96)",event,0.0,96.0,0.0,0.0,1998.0,2024.0,1998.0,2017.0,96.0,4.0,reg,2.0,35.0,,,,,,,,,,
h2,H2,H2a,log(naissances / 1 000 f. 20-24),"département, bascule D3 ≥ 50 %",cs,4,0.0043147658694334,0.0357979622813775,-0.0658479509219897,0.0744774826608567,0.9040624870721036,96,2592,False," ; contrôle = not_yet_treated ; fenêtre 1998-2024 ; 96 traitées, 0 jamais traitées sur la fenêtre ; ATT(g,t) identifiés jusqu'en 2017 (sans unité jamais traitée, la dernière cohorte sert de contrôle) ; grappes = dep (96)",event,0.0,96.0,0.0,0.0,1998.0,2024.0,1998.0,2017.0,96.0,4.0,reg,1.0,2.0,,,,,,,,,,
h2,H2,H2a,log(naissances / 1 000 f. 20-24),"département, bascule D3 ≥ 50 %",cs,"ATT[1,4]",-0.0168085041136749,0.02018846924139,-0.056377176729794,0.022760168502444,0.4050819668369841,96,2592,False," ; contrôle = not_yet_treated ; fenêtre 1998-2024 ; 96 traitées, 0 jamais traitées sur la fenêtre ; ATT(g,t) identifiés jusqu'en 2017 (sans unité jamais traitée, la dernière cohorte sert de contrôle) ; grappes = dep (96) ; écart-type avec covariance complète des coefficients (fonctions d'influence)",post_avg,0.0,96.0,0.0,0.0,1998.0,2024.0,1998.0,2017.0,96.0,4.0,reg,,,,,4.0,,,,,,,
h2,H2,H2a,log(naissances / 1 000 f. 20-24),"département, bascule D3 ≥ 50 %",cs,ATT,-0.0125424973979886,0.0141347954707427,-0.0402461874494843,0.0151611926535069,0.3748910027777926,96,2592,False," ; contrôle = not_yet_treated ; fenêtre 1998-2024 ; 96 traitées, 0 jamais traitées sur la fenêtre ; ATT(g,t) identifiés jusqu'en 2017 (sans unité jamais traitée, la dernière cohorte sert de contrôle) ; grappes = dep (96) ; moyenne de tous les ATT(g,t) post",simple,0.0,96.0,0.0,0.0,1998.0,2024.0,1998.0,2017.0,96.0,4.0,reg,,,,,,,,,,,,
h2,H2,H2a,log(naissances / 1 000 f. 20-24),"département, bascule D3 ≥ 50 %",cs,Wald pré (-8..-2),5.575864947446522,,,,0.5900495951652124,96,2592,False,"H5c : test de Wald joint de nullité des coefficients pré avec covariance des fonctions d'influence, df = 7 ; fenêtre 1998-2024 ; 96 traitées, 0 jamais traitées sur la fenêtre",pre_test,0.0,96.0,0.0,0.0,1998.0,2024.0,1998.0,2017.0,96.0,4.0,reg,,,,,,7.0,,,,,,
h2,H2,H2a,log(naissances / 1 000 f. 20-24),"département, bascule D3 ≥ 50 % ; fenêtre identifiée ≤ 2017, cohorte 2018 = contrôle",sunab,-8,0.0204082419314099,0.0329722331102239,-0.0442161474544881,0.085032631317308,0.5359477347741104,96,2592,False," ; fenêtre 1998-2024 ; 96 traitées, 0 jamais traitées sur la fenêtre ; comparaisons sur la fenêtre identifiée (années < 2018, cohorte 2018 recodée contrôle, 7 unités de contrôle) ; cellules −8 et +8 bornées",event,0.0,96.0,0.0,0.0,1998.0,2024.0,,,,,,,,,,,,,,,,,
h2,H2,H2a,log(naissances / 1 000 f. 20-24),"département, bascule D3 ≥ 50 % ; fenêtre identifiée ≤ 2017, cohorte 2018 = contrôle",sunab,-7,0.0067105462245784,0.0366875509186177,-0.0651957322568916,0.0786168247060485,0.8548680742159274,96,2592,False," ; fenêtre 1998-2024 ; 96 traitées, 0 jamais traitées sur la fenêtre ; comparaisons sur la fenêtre identifiée (années < 2018, cohorte 2018 recodée contrôle, 7 unités de contrôle) ; cellules −8 et +8 bornées",event,0.0,96.0,0.0,0.0,1998.0,2024.0,,,,,,,,,,,,,,,,,
h2,H2,H2a,log(naissances / 1 000 f. 20-24),"département, bascule D3 ≥ 50 % ; fenêtre identifiée ≤ 2017, cohorte 2018 = contrôle",sunab,-6,0.0009227012887239,0.0311963480710406,-0.0602210173796913,0.0620664199571391,0.9764042321828684,96,2592,False," ; fenêtre 1998-2024 ; 96 traitées, 0 jamais traitées sur la fenêtre ; comparaisons sur la fenêtre identifiée (années < 2018, cohorte 2018 recodée contrôle, 7 unités de contrôle) ; cellules −8 et +8 bornées",event,0.0,96.0,0.0,0.0,1998.0,2024.0,,,,,,,,,,,,,,,,,
h2,H2,H2a,log(naissances / 1 000 f. 20-24),"département, bascule D3 ≥ 50 % ; fenêtre identifiée ≤ 2017, cohorte 2018 = contrôle",sunab,-5,-0.0026602437793057,0.024103472335959,-0.0499021814601431,0.0445816939015315,0.912117801975036,96,2592,False," ; fenêtre 1998-2024 ; 96 traitées, 0 jamais traitées sur la fenêtre ; comparaisons sur la fenêtre identifiée (années < 2018, cohorte 2018 recodée contrôle, 7 unités de contrôle) ; cellules −8 et +8 bornées",event,0.0,96.0,0.0,0.0,1998.0,2024.0,,,,,,,,,,,,,,,,,
h2,H2,H2a,log(naissances / 1 000 f. 20-24),"département, bascule D3 ≥ 50 % ; fenêtre identifiée ≤ 2017, cohorte 2018 = contrôle",sunab,-4,-0.0186582981510588,0.0251010616892942,-0.0678554750357936,0.030538878733676,0.4572836981843552,96,2592,False," ; fenêtre 1998-2024 ; 96 traitées, 0 jamais traitées sur la fenêtre ; comparaisons sur la fenêtre identifiée (années < 2018, cohorte 2018 recodée contrôle, 7 unités de contrôle) ; cellules −8 et +8 bornées",event,0.0,96.0,0.0,0.0,1998.0,2024.0,,,,,,,,,,,,,,,,,
h2,H2,H2a,log(naissances / 1 000 f. 20-24),"département, bascule D3 ≥ 50 % ; fenêtre identifiée ≤ 2017, cohorte 2018 = contrôle",sunab,-3,-0.0026380003302329,0.0134963337278072,-0.0290903283600684,0.0238143276996025,0.8450324465601076,96,2592,False," ; fenêtre 1998-2024 ; 96 traitées, 0 jamais traitées sur la fenêtre ; comparaisons sur la fenêtre identifiée (années < 2018, cohorte 2018 recodée contrôle, 7 unités de contrôle) ; cellules −8 et +8 bornées",event,0.0,96.0,0.0,0.0,1998.0,2024.0,,,,,,,,,,,,,,,,,
h2,H2,H2a,log(naissances / 1 000 f. 20-24),"département, bascule D3 ≥ 50 % ; fenêtre identifiée ≤ 2017, cohorte 2018 = contrôle",sunab,-2,-0.0019963564469762,0.013579125973537,-0.0286109542966411,0.0246182414026887,0.8831189459563509,96,2592,False," ; fenêtre 1998-2024 ; 96 traitées, 0 jamais traitées sur la fenêtre ; comparaisons sur la fenêtre identifiée (années < 2018, cohorte 2018 recodée contrôle, 7 unités de contrôle) ; cellules −8 et +8 bornées",event,0.0,96.0,0.0,0.0,1998.0,2024.0,,,,,,,,,,,,,,,,,
h2,H2,H2a,log(naissances / 1 000 f. 20-24),"département, bascule D3 ≥ 50 % ; fenêtre identifiée ≤ 2017, cohorte 2018 = contrôle",sunab,0,-0.0121143955266271,0.0167792111682796,-0.0450010451054474,0.0207722540521931,0.4703016203304658,96,2592,False," ; fenêtre 1998-2024 ; 96 traitées, 0 jamais traitées sur la fenêtre ; comparaisons sur la fenêtre identifiée (années < 2018, cohorte 2018 recodée contrôle, 7 unités de contrôle) ; cellules −8 et +8 bornées",event,0.0,96.0,0.0,0.0,1998.0,2024.0,,,,,,,,,,,,,,,,,
h2,H2,H2a,log(naissances / 1 000 f. 20-24),"département, bascule D3 ≥ 50 % ; fenêtre identifiée ≤ 2017, cohorte 2018 = contrôle",sunab,1,-0.0287682557671126,0.0297623238007072,-0.0871013385127181,0.0295648269784928,0.3337441424581239,96,2592,False," ; fenêtre 1998-2024 ; 96 traitées, 0 jamais traitées sur la fenêtre ; comparaisons sur la fenêtre identifiée (années < 2018, cohorte 2018 recodée contrôle, 7 unités de contrôle) ; cellules −8 et +8 bornées",event,0.0,96.0,0.0,0.0,1998.0,2024.0,,,,,,,,,,,,,,,,,
h2,H2,H2a,log(naissances / 1 000 f. 20-24),"département, bascule D3 ≥ 50 % ; fenêtre identifiée ≤ 2017, cohorte 2018 = contrôle",sunab,2,-0.0561053962523234,0.0530596799229303,-0.1601004579324899,0.0478896654278429,0.2903282917061701,96,2592,False," ; fenêtre 1998-2024 ; 96 traitées, 0 jamais traitées sur la fenêtre ; comparaisons sur la fenêtre identifiée (années < 2018, cohorte 2018 recodée contrôle, 7 unités de contrôle) ; cellules −8 et +8 bornées",event,0.0,96.0,0.0,0.0,1998.0,2024.0,,,,,,,,,,,,,,,,,
h2,H2,H2a,log(naissances / 1 000 f. 20-24),"département, bascule D3 ≥ 50 % ; fenêtre identifiée ≤ 2017, cohorte 2018 = contrôle",sunab,3,-0.0315182744768537,0.0438058866351936,-0.1173762345926778,0.0543396856389703,0.471833759302837,96,2592,False," ; fenêtre 1998-2024 ; 96 traitées, 0 jamais traitées sur la fenêtre ; comparaisons sur la fenêtre identifiée (années < 2018, cohorte 2018 recodée contrôle, 7 unités de contrôle) ; cellules −8 et +8 bornées",event,0.0,96.0,0.0,0.0,1998.0,2024.0,,,,,,,,,,,,,,,,,
h2,H2,H2a,log(naissances / 1 000 f. 20-24),"département, bascule D3 ≥ 50 % ; fenêtre identifiée ≤ 2017, cohorte 2018 = contrôle",sunab,4,0.0043147658694376,0.0366508240053788,-0.067519529184821,0.0761490609236962,0.906284528004786,96,2592,False," ; fenêtre 1998-2024 ; 96 traitées, 0 jamais traitées sur la fenêtre ; comparaisons sur la fenêtre identifiée (années < 2018, cohorte 2018 recodée contrôle, 7 unités de contrôle) ; cellules −8 et +8 bornées",event,0.0,96.0,0.0,0.0,1998.0,2024.0,,,,,,,,,,,,,,,,,
h2,H2,H2a,log(naissances / 1 000 f. 20-24),"département, bascule D3 ≥ 50 % ; fenêtre identifiée ≤ 2017, cohorte 2018 = contrôle",sunab,"ATT[1,4]",-0.028019290156713,0.0333015628692863,-0.0932891540094106,0.0372505736959845,0.4001347297887468,96,2592,False," ; fenêtre 1998-2024 ; 96 traitées, 0 jamais traitées sur la fenêtre ; comparaisons sur la fenêtre identifiée (années < 2018, cohorte 2018 recodée contrôle, 7 unités de contrôle) ; écart-type avec covariance complète (w'Vw)",post_avg,0.0,96.0,0.0,0.0,1998.0,2024.0,,,,,,,,,,,,,,,,,
h2,H2,H2a,log(naissances / 1 000 f. 20-24),"département, bascule D3 ≥ 50 % ; fenêtre identifiée ≤ 2017, cohorte 2018 = contrôle",sunab,Wald pré (-8..−2),9.833869041388237,,,,0.1981850747978129,96,2592,False,"test de Wald joint, covariance groupée, df = 7 ; fenêtre 1998-2024 ; 96 traitées, 0 jamais traitées sur la fenêtre",pre_test,0.0,96.0,0.0,0.0,1998.0,2024.0,,,,,,,,,,,7.0,,,,,,
h2,H2,H2a,log(naissances / 1 000 f. 20-24),"département, bascule D3 ≥ 50 % ; fenêtre identifiée ≤ 2017, cohorte 2018 = contrôle",did2s,-8,0.0010721287142392,0.0010030987640085,-0.0008939087361541,0.0030381661646326,0.2851522711799171,96,2592,False," ; fenêtre 1998-2024 ; 96 traitées, 0 jamais traitées sur la fenêtre ; comparaisons sur la fenêtre identifiée (années < 2018, cohorte 2018 recodée contrôle, 7 unités de contrôle) ; cellules −8 et +8 bornées",event,0.0,96.0,0.0,0.0,1998.0,2024.0,,,,,,,,,,,,,,,,,
h2,H2,H2a,log(naissances / 1 000 f. 20-24),"département, bascule D3 ≥ 50 % ; fenêtre identifiée ≤ 2017, cohorte 2018 = contrôle",did2s,-7,0.0001292013608716,0.004447170917066,-0.0085870934696717,0.008845496191415,0.9768227322459988,96,2592,False," ; fenêtre 1998-2024 ; 96 traitées, 0 jamais traitées sur la fenêtre ; comparaisons sur la fenêtre identifiée (années < 2018, cohorte 2018 recodée contrôle, 7 unités de contrôle) ; cellules −8 et +8 bornées",event,0.0,96.0,0.0,0.0,1998.0,2024.0,,,,,,,,,,,,,,,,,
h2,H2,H2a,log(naissances / 1 000 f. 20-24),"département, bascule D3 ≥ 50 % ; fenêtre identifiée ≤ 2017, cohorte 2018 = contrôle",did2s,-6,0.0029014411369883,0.0037923749949272,-0.0045314772689392,0.010334359542916,0.4442284812019974,96,2592,False," ; fenêtre 1998-2024 ; 96 traitées, 0 jamais traitées sur la fenêtre ; comparaisons sur la fenêtre identifiée (années < 2018, cohorte 2018 recodée contrôle, 7 unités de contrôle) ; cellules −8 et +8 bornées",event,0.0,96.0,0.0,0.0,1998.0,2024.0,,,,,,,,,,,,,,,,,
h2,H2,H2a,log(naissances / 1 000 f. 20-24),"département, bascule D3 ≥ 50 % ; fenêtre identifiée ≤ 2017, cohorte 2018 = contrôle",did2s,-5,0.0044675496623651,0.0046831902185894,-0.0047113344988204,0.0136464338235506,0.3401067523182267,96,2592,False," ; fenêtre 1998-2024 ; 96 traitées, 0 jamais traitées sur la fenêtre ; comparaisons sur la fenêtre identifiée (années < 2018, cohorte 2018 recodée contrôle, 7 unités de contrôle) ; cellules −8 et +8 bornées",event,0.0,96.0,0.0,0.0,1998.0,2024.0,,,,,,,,,,,,,,,,,
h2,H2,H2a,log(naissances / 1 000 f. 20-24),"département, bascule D3 ≥ 50 % ; fenêtre identifiée ≤ 2017, cohorte 2018 = contrôle",did2s,-4,-0.0015499812387781,0.0038007762472539,-0.0089993657966913,0.0058994033191349,0.6834157450142697,96,2592,False," ; fenêtre 1998-2024 ; 96 traitées, 0 jamais traitées sur la fenêtre ; comparaisons sur la fenêtre identifiée (années < 2018, cohorte 2018 recodée contrôle, 7 unités de contrôle) ; cellules −8 et +8 bornées",event,0.0,96.0,0.0,0.0,1998.0,2024.0,,,,,,,,,,,,,,,,,
h2,H2,H2a,log(naissances / 1 000 f. 20-24),"département, bascule D3 ≥ 50 % ; fenêtre identifiée ≤ 2017, cohorte 2018 = contrôle",did2s,-3,0.0007660239792076,0.0045798679875924,-0.0082103523304213,0.0097424002888367,0.8671662904728439,96,2592,False," ; fenêtre 1998-2024 ; 96 traitées, 0 jamais traitées sur la fenêtre ; comparaisons sur la fenêtre identifiée (années < 2018, cohorte 2018 recodée contrôle, 7 unités de contrôle) ; cellules −8 et +8 bornées",event,0.0,96.0,0.0,0.0,1998.0,2024.0,,,,,,,,,,,,,,,,,
h2,H2,H2a,log(naissances / 1 000 f. 20-24),"département, bascule D3 ≥ 50 % ; fenêtre identifiée ≤ 2017, cohorte 2018 = contrôle",did2s,-2,-0.0047197790061371,0.0050610047421061,-0.0146391660262516,0.0051996080139773,0.3510381696235444,96,2592,False," ; fenêtre 1998-2024 ; 96 traitées, 0 jamais traitées sur la fenêtre ; comparaisons sur la fenêtre identifiée (années < 2018, cohorte 2018 recodée contrôle, 7 unités de contrôle) ; cellules −8 et +8 bornées",event,0.0,96.0,0.0,0.0,1998.0,2024.0,,,,,,,,,,,,,,,,,
h2,H2,H2a,log(naissances / 1 000 f. 20-24),"département, bascule D3 ≥ 50 % ; fenêtre identifiée ≤ 2017, cohorte 2018 = contrôle",did2s,0,-0.0183664274263695,0.0115050012475768,-0.0409158155137085,0.0041829606609694,0.1104025525274764,96,2592,False," ; fenêtre 1998-2024 ; 96 traitées, 0 jamais traitées sur la fenêtre ; comparaisons sur la fenêtre identifiée (années < 2018, cohorte 2018 recodée contrôle, 7 unités de contrôle) ; cellules −8 et +8 bornées",event,0.0,96.0,0.0,0.0,1998.0,2024.0,,,,,,,,,,,,,,,,,
h2,H2,H2a,log(naissances / 1 000 f. 20-24),"département, bascule D3 ≥ 50 % ; fenêtre identifiée ≤ 2017, cohorte 2018 = contrôle",did2s,1,-0.0242787545801364,0.0136263363343118,-0.0509858830366171,0.0024283738763442,0.0747896522397623,96,2592,False," ; fenêtre 1998-2024 ; 96 traitées, 0 jamais traitées sur la fenêtre ; comparaisons sur la fenêtre identifiée (années < 2018, cohorte 2018 recodée contrôle, 7 unités de contrôle) ; cellules −8 et +8 bornées",event,0.0,96.0,0.0,0.0,1998.0,2024.0,,,,,,,,,,,,,,,,,
h2,H2,H2a,log(naissances / 1 000 f. 20-24),"département, bascule D3 ≥ 50 % ; fenêtre identifiée ≤ 2017, cohorte 2018 = contrôle",did2s,2,-0.0348598091292195,0.0195845475049096,-0.0732448168923562,0.0035251986339171,0.0750816885720577,96,2592,False," ; fenêtre 1998-2024 ; 96 traitées, 0 jamais traitées sur la fenêtre ; comparaisons sur la fenêtre identifiée (années < 2018, cohorte 2018 recodée contrôle, 7 unités de contrôle) ; cellules −8 et +8 bornées",event,0.0,96.0,0.0,0.0,1998.0,2024.0,,,,,,,,,,,,,,,,,
h2,H2,H2a,log(naissances / 1 000 f. 20-24),"département, bascule D3 ≥ 50 % ; fenêtre identifiée ≤ 2017, cohorte 2018 = contrôle",did2s,3,-0.0333460516628688,0.0262463981048312,-0.0847880466722384,0.0180959433465007,0.2039065439187678,96,2592,False," ; fenêtre 1998-2024 ; 96 traitées, 0 jamais traitées sur la fenêtre ; comparaisons sur la fenêtre identifiée (années < 2018, cohorte 2018 recodée contrôle, 7 unités de contrôle) ; cellules −8 et +8 bornées",event,0.0,96.0,0.0,0.0,1998.0,2024.0,,,,,,,,,,,,,,,,,
h2,H2,H2a,log(naissances / 1 000 f. 20-24),"département, bascule D3 ≥ 50 % ; fenêtre identifiée ≤ 2017, cohorte 2018 = contrôle",did2s,4,-0.2287455375302411,0.0796286862373605,-0.384814894691708,-0.0726761803687742,0.004070416866,96,2592,False," ; fenêtre 1998-2024 ; 96 traitées, 0 jamais traitées sur la fenêtre ; comparaisons sur la fenêtre identifiée (années < 2018, cohorte 2018 recodée contrôle, 7 unités de contrôle) ; cellules −8 et +8 bornées",event,0.0,96.0,0.0,0.0,1998.0,2024.0,,,,,,,,,,,,,,,,,
h2,H2,H2a,log(naissances / 1 000 f. 20-24),"département, bascule D3 ≥ 50 % ; fenêtre identifiée ≤ 2017, cohorte 2018 = contrôle",did2s,"ATT[1,4]",-0.0803075382256165,0.0277047264350824,-0.1346078042399129,-0.02600727221132,0.0037471980800519,96,2592,False," ; fenêtre 1998-2024 ; 96 traitées, 0 jamais traitées sur la fenêtre ; comparaisons sur la fenêtre identifiée (années < 2018, cohorte 2018 recodée contrôle, 7 unités de contrôle) ; écart-type avec covariance complète (w'Vw)",post_avg,0.0,96.0,0.0,0.0,1998.0,2024.0,,,,,,,,,,,,,,,,,
h2,H2,H2a,log(naissances / 1 000 f. 20-24),"département, bascule D3 ≥ 50 % ; fenêtre identifiée ≤ 2017, cohorte 2018 = contrôle",did2s,Wald pré (-8..−2),6.240414929763529,,,,0.5119747142940188,96,2592,False,"test de Wald joint, covariance groupée, df = 7 ; fenêtre 1998-2024 ; 96 traitées, 0 jamais traitées sur la fenêtre",pre_test,0.0,96.0,0.0,0.0,1998.0,2024.0,,,,,,,,,,,7.0,,,,,,
h2,H2,H2a,log(naissances / 1 000 f. 20-24),"département, bascule D3 ≥ 50 % ; fenêtre identifiée ≤ 2017, cohorte 2018 = contrôle",twfe,-8,0.0431763282320472,0.0280048658774683,-0.0117122002796654,0.0980648567437598,0.1231358646751614,96,2592,False," ; fenêtre 1998-2024 ; 96 traitées, 0 jamais traitées sur la fenêtre ; comparaisons sur la fenêtre identifiée (années < 2018, cohorte 2018 recodée contrôle, 7 unités de contrôle) ; cellules −8 et +8 bornées",event,0.0,96.0,0.0,0.0,1998.0,2024.0,,,,,,,,,,,,,,,,,
h2,H2,H2a,log(naissances / 1 000 f. 20-24),"département, bascule D3 ≥ 50 % ; fenêtre identifiée ≤ 2017, cohorte 2018 = contrôle",twfe,-7,0.0387871768433664,0.0258494239752484,-0.0118767631692267,0.0894511168559596,0.1334837702651072,96,2592,False," ; fenêtre 1998-2024 ; 96 traitées, 0 jamais traitées sur la fenêtre ; comparaisons sur la fenêtre identifiée (années < 2018, cohorte 2018 recodée contrôle, 7 unités de contrôle) ; cellules −8 et +8 bornées",event,0.0,96.0,0.0,0.0,1998.0,2024.0,,,,,,,,,,,,,,,,,
h2,H2,H2a,log(naissances / 1 000 f. 20-24),"département, bascule D3 ≥ 50 % ; fenêtre identifiée ≤ 2017, cohorte 2018 = contrôle",twfe,-6,0.0391622126675934,0.022875783515679,-0.0056734991412725,0.0839979244764595,0.0869057617052013,96,2592,False," ; fenêtre 1998-2024 ; 96 traitées, 0 jamais traitées sur la fenêtre ; comparaisons sur la fenêtre identifiée (années < 2018, cohorte 2018 recodée contrôle, 7 unités de contrôle) ; cellules −8 et +8 bornées",event,0.0,96.0,0.0,0.0,1998.0,2024.0,,,,,,,,,,,,,,,,,
h2,H2,H2a,log(naissances / 1 000 f. 20-24),"département, bascule D3 ≥ 50 % ; fenêtre identifiée ≤ 2017, cohorte 2018 = contrôle",twfe,-5,0.0370747016617344,0.020066607292575,-0.0022551259236214,0.0764045292470902,0.0646628412094034,96,2592,False," ; fenêtre 1998-2024 ; 96 traitées, 0 jamais traitées sur la fenêtre ; comparaisons sur la fenêtre identifiée (années < 2018, cohorte 2018 recodée contrôle, 7 unités de contrôle) ; cellules −8 et +8 bornées",event,0.0,96.0,0.0,0.0,1998.0,2024.0,,,,,,,,,,,,,,,,,
h2,H2,H2a,log(naissances / 1 000 f. 20-24),"département, bascule D3 ≥ 50 % ; fenêtre identifiée ≤ 2017, cohorte 2018 = contrôle",twfe,-4,0.0261386762622237,0.0161721890737051,-0.0055582318734105,0.0578355843978581,0.1060352521268382,96,2592,False," ; fenêtre 1998-2024 ; 96 traitées, 0 jamais traitées sur la fenêtre ; comparaisons sur la fenêtre identifiée (années < 2018, cohorte 2018 recodée contrôle, 7 unités de contrôle) ; cellules −8 et +8 bornées",event,0.0,96.0,0.0,0.0,1998.0,2024.0,,,,,,,,,,,,,,,,,
h2,H2,H2a,log(naissances / 1 000 f. 20-24),"département, bascule D3 ≥ 50 % ; fenêtre identifiée ≤ 2017, cohorte 2018 = contrôle",twfe,-3,0.0239042784732604,0.0123453761466714,-0.0002922141498154,0.0481007710963364,0.0528316961732412,96,2592,False," ; fenêtre 1998-2024 ; 96 traitées, 0 jamais traitées sur la fenêtre ; comparaisons sur la fenêtre identifiée (années < 2018, cohorte 2018 recodée contrôle, 7 unités de contrôle) ; cellules −8 et +8 bornées",event,0.0,96.0,0.0,0.0,1998.0,2024.0,,,,,,,,,,,,,,,,,
h2,H2,H2a,log(naissances / 1 000 f. 20-24),"département, bascule D3 ≥ 50 % ; fenêtre identifiée ≤ 2017, cohorte 2018 = contrôle",twfe,-2,0.0131855530332737,0.0080796974600961,-0.0026503629944944,0.0290214690610419,0.1026928680726905,96,2592,False," ; fenêtre 1998-2024 ; 96 traitées, 0 jamais traitées sur la fenêtre ; comparaisons sur la fenêtre identifiée (années < 2018, cohorte 2018 recodée contrôle, 7 unités de contrôle) ; cellules −8 et +8 bornées",event,0.0,96.0,0.0,0.0,1998.0,2024.0,,,,,,,,,,,,,,,,,
h2,H2,H2a,log(naissances / 1 000 f. 20-24),"département, bascule D3 ≥ 50 % ; fenêtre identifiée ≤ 2017, cohorte 2018 = contrôle",twfe,0,-0.0148290373670257,0.0106247258862183,-0.0356531174496241,0.0059950427155725,0.1628018077027226,96,2592,False," ; fenêtre 1998-2024 ; 96 traitées, 0 jamais traitées sur la fenêtre ; comparaisons sur la fenêtre identifiée (années < 2018, cohorte 2018 recodée contrôle, 7 unités de contrôle) ; cellules −8 et +8 bornées",event,0.0,96.0,0.0,0.0,1998.0,2024.0,,,,,,,,,,,,,,,,,
h2,H2,H2a,log(naissances / 1 000 f. 20-24),"département, bascule D3 ≥ 50 % ; fenêtre identifiée ≤ 2017, cohorte 2018 = contrôle",twfe,1,-0.0267741653984484,0.0141230658039963,-0.0544548657255705,0.0009065349286735,0.0579897063106961,96,2592,False," ; fenêtre 1998-2024 ; 96 traitées, 0 jamais traitées sur la fenêtre ; comparaisons sur la fenêtre identifiée (années < 2018, cohorte 2018 recodée contrôle, 7 unités de contrôle) ; cellules −8 et +8 bornées",event,0.0,96.0,0.0,0.0,1998.0,2024.0,,,,,,,,,,,,,,,,,
h2,H2,H2a,log(naissances / 1 000 f. 20-24),"département, bascule D3 ≥ 50 % ; fenêtre identifiée ≤ 2017, cohorte 2018 = contrôle",twfe,2,-0.0428533936016611,0.0222080085886932,-0.086380290603856,0.0006735034005336,0.0536518391652386,96,2592,False," ; fenêtre 1998-2024 ; 96 traitées, 0 jamais traitées sur la fenêtre ; comparaisons sur la fenêtre identifiée (années < 2018, cohorte 2018 recodée contrôle, 7 unités de contrôle) ; cellules −8 et +8 bornées",event,0.0,96.0,0.0,0.0,1998.0,2024.0,,,,,,,,,,,,,,,,,
h2,H2,H2a,log(naissances / 1 000 f. 20-24),"département, bascule D3 ≥ 50 % ; fenêtre identifiée ≤ 2017, cohorte 2018 = contrôle",twfe,3,-0.0576397944480619,0.0310053128126899,-0.1184090908903326,0.0031295019942087,0.0630229420868497,96,2592,False," ; fenêtre 1998-2024 ; 96 traitées, 0 jamais traitées sur la fenêtre ; comparaisons sur la fenêtre identifiée (années < 2018, cohorte 2018 recodée contrôle, 7 unités de contrôle) ; cellules −8 et +8 bornées",event,0.0,96.0,0.0,0.0,1998.0,2024.0,,,,,,,,,,,,,,,,,
h2,H2,H2a,log(naissances / 1 000 f. 20-24),"département, bascule D3 ≥ 50 % ; fenêtre identifiée ≤ 2017, cohorte 2018 = contrôle",twfe,4,-0.2170863275308674,0.0687014137558217,-0.3517386241792627,-0.0824340308824722,0.0015784907911678,96,2592,False," ; fenêtre 1998-2024 ; 96 traitées, 0 jamais traitées sur la fenêtre ; comparaisons sur la fenêtre identifiée (années < 2018, cohorte 2018 recodée contrôle, 7 unités de contrôle) ; cellules −8 et +8 bornées",event,0.0,96.0,0.0,0.0,1998.0,2024.0,,,,,,,,,,,,,,,,,
h2,H2,H2a,log(naissances / 1 000 f. 20-24),"département, bascule D3 ≥ 50 % ; fenêtre identifiée ≤ 2017, cohorte 2018 = contrôle",twfe,"ATT[1,4]",-0.0860884202447597,0.0298102050788722,-0.1445153485711024,-0.027661491918417,0.0038784262877003,96,2592,False," ; fenêtre 1998-2024 ; 96 traitées, 0 jamais traitées sur la fenêtre ; comparaisons sur la fenêtre identifiée (années < 2018, cohorte 2018 recodée contrôle, 7 unités de contrôle) ; écart-type avec covariance complète (w'Vw)",post_avg,0.0,96.0,0.0,0.0,1998.0,2024.0,,,,,,,,,,,,,,,,,
h2,H2,H2a,log(naissances / 1 000 f. 20-24),"département, bascule D3 ≥ 50 % ; fenêtre identifiée ≤ 2017, cohorte 2018 = contrôle",twfe,Wald pré (-8..−2),4.949043894707174,,,,0.6661817198176672,96,2592,False,"test de Wald joint, covariance groupée, df = 7 ; fenêtre 1998-2024 ; 96 traitées, 0 jamais traitées sur la fenêtre",pre_test,0.0,96.0,0.0,0.0,1998.0,2024.0,,,,,,,,,,,7.0,,,,,,
h2,H2,H2a,log(naissances / 1 000 f. 20-24),"département, bascule D3 ≥ 50 % ; fenêtre identifiée ≤ 2017, cohorte 2018 = contrôle",twfe,ATT,-0.0323120633056816,0.0151003103967234,-0.0619081278386353,-0.002715998772728,0.0323686892566085,96,2592,False," ; fenêtre 1998-2024 ; 96 traitées, 0 jamais traitées sur la fenêtre ; comparaisons sur la fenêtre identifiée (années < 2018, cohorte 2018 recodée contrôle, 7 unités de contrôle)",static,0.0,96.0,0.0,0.0,1998.0,2024.0,,,,,,,,,,,,,,,,,
h2,H2,H2a,log(naissances / 1 000 f. 20-24),"département, bascule D3 ≥ 50 % ; fenêtre complète",twfe,ATT,-0.0115311828254594,0.0124791622727782,-0.0359898914373359,0.012927525786417,0.3554680885945966,96,2592,True," ; fenêtre 1998-2024 ; 96 traitées, 0 jamais traitées sur la fenêtre ; TWFE sur toutes les années (identification par le calendrier des bascules seulement)",static,0.0,96.0,0.0,0.0,1998.0,2024.0,,,,,,,,,,,,,,,,,
h2,H2,H2a,log(naissances / 1 000 f. 20-24),"département, bascule D3 ≥ 50 % ; fenêtre identifiée ≤ 2017, cohorte 2018 = contrôle",twfe_poisson,ATT (log du taux contrefactuel),-0.047863420228482,0.0208441532103682,-0.0887172098090387,-0.0070096306479253,0.0216614995488561,96,2592,False," ; fenêtre 1998-2024 ; 96 traitées, 0 jamais traitées sur la fenêtre ; comparaisons sur la fenêtre identifiée (années < 2018, cohorte 2018 recodée contrôle, 7 unités de contrôle) ; Poisson à effets fixes, offset = log(women)",static,0.0,96.0,0.0,0.0,1998.0,2024.0,,,,,,,,,,,,,,,,,
h2,H2,H2a,log(naissances / 1 000 f. 20-24),"département, bascule D3 ≥ 50 % ; fenêtre identifiée ≤ 2017, cohorte 2018 = contrôle",twfe_poisson,ATT en % du taux contrefactuel,-4.673602523733045,1.9869980339877689,-8.489568078230636,-0.6985120169506476,0.0216614995488561,96,2592,False," ; fenêtre 1998-2024 ; 96 traitées, 0 jamais traitées sur la fenêtre ; comparaisons sur la fenêtre identifiée (années < 2018, cohorte 2018 recodée contrôle, 7 unités de contrôle) ; Poisson à effets fixes, offset = log(women)",static,0.0,96.0,0.0,0.0,1998.0,2024.0,,,,,,,,,,,,,,,,,
h2,H2,H2a,log(naissances / 1 000 f. 20-24),"département, bascule D3 ≥ 50 %, covariables de pré-période agrégées",cs,-8,-0.0142908442699821,0.0144747631572062,-0.0426608587428537,0.0140791702028894,0.3234986174255154,96,2592,True,"conditionnement numériquement instable à 96 unités (cohortes de 2 à 33 départements, 6 covariables : estimations de plusieurs log-points au test de fonctionnement) ; rapporté, non interprétable, hors familles de Holm (A2.5) ; covariables : log_med12, share_fsup, unemp_1524, dens_inter, dens_rural, pretrend_0811 (doublement robuste) ; contrôle = not_yet_treated ; fenêtre 1998-2024 ; 96 traitées, 0 jamais traitées sur la fenêtre ; ATT(g,t) identifiés jusqu'en 2017 (sans unité jamais traitée, la dernière cohorte sert de contrôle) ; grappes = dep (96)",event,0.0,96.0,0.0,0.0,1998.0,2024.0,1998.0,2017.0,96.0,1.0,dr,5.0,89.0,,,,,,,,,,
h2,H2,H2a,log(naissances / 1 000 f. 20-24),"département, bascule D3 ≥ 50 %, covariables de pré-période agrégées",cs,-7,0.0020444380097296,0.0149974151805556,-0.0273499556053537,0.031438831624813,0.8915688212268639,96,2592,True,"conditionnement numériquement instable à 96 unités (cohortes de 2 à 33 départements, 6 covariables : estimations de plusieurs log-points au test de fonctionnement) ; rapporté, non interprétable, hors familles de Holm (A2.5) ; covariables : log_med12, share_fsup, unemp_1524, dens_inter, dens_rural, pretrend_0811 (doublement robuste) ; contrôle = not_yet_treated ; fenêtre 1998-2024 ; 96 traitées, 0 jamais traitées sur la fenêtre ; ATT(g,t) identifiés jusqu'en 2017 (sans unité jamais traitée, la dernière cohorte sert de contrôle) ; grappes = dep (96)",event,0.0,96.0,0.0,0.0,1998.0,2024.0,1998.0,2017.0,96.0,1.0,dr,5.0,89.0,,,,,,,,,,
h2,H2,H2a,log(naissances / 1 000 f. 20-24),"département, bascule D3 ≥ 50 %, covariables de pré-période agrégées",cs,-6,0.0096142832766765,0.0132613535015745,-0.0163774919726638,0.0356060585260168,0.4684611906890754,96,2592,True,"conditionnement numériquement instable à 96 unités (cohortes de 2 à 33 départements, 6 covariables : estimations de plusieurs log-points au test de fonctionnement) ; rapporté, non interprétable, hors familles de Holm (A2.5) ; covariables : log_med12, share_fsup, unemp_1524, dens_inter, dens_rural, pretrend_0811 (doublement robuste) ; contrôle = not_yet_treated ; fenêtre 1998-2024 ; 96 traitées, 0 jamais traitées sur la fenêtre ; ATT(g,t) identifiés jusqu'en 2017 (sans unité jamais traitée, la dernière cohorte sert de contrôle) ; grappes = dep (96)",event,0.0,96.0,0.0,0.0,1998.0,2024.0,1998.0,2017.0,96.0,1.0,dr,5.0,89.0,,,,,,,,,,
h2,H2,H2a,log(naissances / 1 000 f. 20-24),"département, bascule D3 ≥ 50 %, covariables de pré-période agrégées",cs,-5,-0.0124529469832466,0.0131185864961915,-0.0381649040438555,0.0132590100773622,0.3424884865303917,96,2592,True,"conditionnement numériquement instable à 96 unités (cohortes de 2 à 33 départements, 6 covariables : estimations de plusieurs log-points au test de fonctionnement) ; rapporté, non interprétable, hors familles de Holm (A2.5) ; covariables : log_med12, share_fsup, unemp_1524, dens_inter, dens_rural, pretrend_0811 (doublement robuste) ; contrôle = not_yet_treated ; fenêtre 1998-2024 ; 96 traitées, 0 jamais traitées sur la fenêtre ; ATT(g,t) identifiés jusqu'en 2017 (sans unité jamais traitée, la dernière cohorte sert de contrôle) ; grappes = dep (96)",event,0.0,96.0,0.0,0.0,1998.0,2024.0,1998.0,2017.0,96.0,1.0,dr,5.0,89.0,,,,,,,,,,
h2,H2,H2a,log(naissances / 1 000 f. 20-24),"département, bascule D3 ≥ 50 %, covariables de pré-période agrégées",cs,-4,-0.0024361598235845,0.0162814801196191,-0.034347274473043,0.0294749548258739,0.8810583818069634,96,2592,True,"conditionnement numériquement instable à 96 unités (cohortes de 2 à 33 départements, 6 covariables : estimations de plusieurs log-points au test de fonctionnement) ; rapporté, non interprétable, hors familles de Holm (A2.5) ; covariables : log_med12, share_fsup, unemp_1524, dens_inter, dens_rural, pretrend_0811 (doublement robuste) ; contrôle = not_yet_treated ; fenêtre 1998-2024 ; 96 traitées, 0 jamais traitées sur la fenêtre ; ATT(g,t) identifiés jusqu'en 2017 (sans unité jamais traitée, la dernière cohorte sert de contrôle) ; grappes = dep (96)",event,0.0,96.0,0.0,0.0,1998.0,2024.0,1998.0,2017.0,96.0,1.0,dr,5.0,89.0,,,,,,,,,,
h2,H2,H2a,log(naissances / 1 000 f. 20-24),"département, bascule D3 ≥ 50 %, covariables de pré-période agrégées",cs,-3,0.0160121015597485,0.0119645506399361,-0.0074379867857318,0.039462189905229,0.1808002022848451,96,2592,True,"conditionnement numériquement instable à 96 unités (cohortes de 2 à 33 départements, 6 covariables : estimations de plusieurs log-points au test de fonctionnement) ; rapporté, non interprétable, hors familles de Holm (A2.5) ; covariables : log_med12, share_fsup, unemp_1524, dens_inter, dens_rural, pretrend_0811 (doublement robuste) ; contrôle = not_yet_treated ; fenêtre 1998-2024 ; 96 traitées, 0 jamais traitées sur la fenêtre ; ATT(g,t) identifiés jusqu'en 2017 (sans unité jamais traitée, la dernière cohorte sert de contrôle) ; grappes = dep (96)",event,0.0,96.0,0.0,0.0,1998.0,2024.0,1998.0,2017.0,96.0,1.0,dr,5.0,89.0,,,,,,,,,,
h2,H2,H2a,log(naissances / 1 000 f. 20-24),"département, bascule D3 ≥ 50 %, covariables de pré-période agrégées",cs,-2,0.0344681281831771,0.0157265772447807,0.0036446031833196,0.0652916531830346,0.0284003081716652,96,2592,True,"conditionnement numériquement instable à 96 unités (cohortes de 2 à 33 départements, 6 covariables : estimations de plusieurs log-points au test de fonctionnement) ; rapporté, non interprétable, hors familles de Holm (A2.5) ; covariables : log_med12, share_fsup, unemp_1524, dens_inter, dens_rural, pretrend_0811 (doublement robuste) ; contrôle = not_yet_treated ; fenêtre 1998-2024 ; 96 traitées, 0 jamais traitées sur la fenêtre ; ATT(g,t) identifiés jusqu'en 2017 (sans unité jamais traitée, la dernière cohorte sert de contrôle) ; grappes = dep (96)",event,0.0,96.0,0.0,0.0,1998.0,2024.0,1998.0,2017.0,96.0,1.0,dr,5.0,89.0,,,,,,,,,,
h2,H2,H2a,log(naissances / 1 000 f. 20-24),"département, bascule D3 ≥ 50 %, covariables de pré-période agrégées",cs,0,0.0205961008275222,0.0165823938713372,-0.0119047939377564,0.0530969955928008,0.2142194825921716,96,2592,True,"conditionnement numériquement instable à 96 unités (cohortes de 2 à 33 départements, 6 covariables : estimations de plusieurs log-points au test de fonctionnement) ; rapporté, non interprétable, hors familles de Holm (A2.5) ; covariables : log_med12, share_fsup, unemp_1524, dens_inter, dens_rural, pretrend_0811 (doublement robuste) ; contrôle = not_yet_treated ; fenêtre 1998-2024 ; 96 traitées, 0 jamais traitées sur la fenêtre ; ATT(g,t) identifiés jusqu'en 2017 (sans unité jamais traitée, la dernière cohorte sert de contrôle) ; grappes = dep (96)",event,0.0,96.0,0.0,0.0,1998.0,2024.0,1998.0,2017.0,96.0,1.0,dr,5.0,89.0,,,,,,,,,,
h2,H2,H2a,log(naissances / 1 000 f. 20-24),"département, bascule D3 ≥ 50 %, covariables de pré-période agrégées",cs,4,0.3637140213375782,0.5913356663605622,-0.7952825875031173,1.5227106301782738,0.5385071608396201,96,2592,True,"conditionnement numériquement instable à 96 unités (cohortes de 2 à 33 départements, 6 covariables : estimations de plusieurs log-points au test de fonctionnement) ; rapporté, non interprétable, hors familles de Holm (A2.5) ; covariables : log_med12, share_fsup, unemp_1524, dens_inter, dens_rural, pretrend_0811 (doublement robuste) ; contrôle = not_yet_treated ; fenêtre 1998-2024 ; 96 traitées, 0 jamais traitées sur la fenêtre ; ATT(g,t) identifiés jusqu'en 2017 (sans unité jamais traitée, la dernière cohorte sert de contrôle) ; grappes = dep (96)",event,0.0,96.0,0.0,0.0,1998.0,2024.0,1998.0,2017.0,96.0,1.0,dr,1.0,2.0,,,,,,,,,,
h2,H2,H2a,log(naissances / 1 000 f. 20-24),"département, bascule D3 ≥ 50 %, covariables de pré-période agrégées",cs,"ATT[1,4]",0.3637140213375782,0.5913356663605622,-0.7952825875031173,1.5227106301782738,0.5385071608396201,96,2592,True,"conditionnement numériquement instable à 96 unités (cohortes de 2 à 33 départements, 6 covariables : estimations de plusieurs log-points au test de fonctionnement) ; rapporté, non interprétable, hors familles de Holm (A2.5) ; covariables : log_med12, share_fsup, unemp_1524, dens_inter, dens_rural, pretrend_0811 (doublement robuste) ; contrôle = not_yet_treated ; fenêtre 1998-2024 ; 96 traitées, 0 jamais traitées sur la fenêtre ; ATT(g,t) identifiés jusqu'en 2017 (sans unité jamais traitée, la dernière cohorte sert de contrôle) ; grappes = dep (96) ; écart-type avec covariance complète des coefficients (fonctions d'influence)",post_avg,0.0,96.0,0.0,0.0,1998.0,2024.0,1998.0,2017.0,96.0,1.0,dr,,,,,1.0,,,,,,,
h2,H2,H2a,log(naissances / 1 000 f. 20-24),"département, bascule D3 ≥ 50 %, covariables de pré-période agrégées",cs,ATT,0.0298695581386048,0.022429902667351,-0.0140922432661422,0.0738313595433518,0.1829638199323269,96,2592,True,"conditionnement numériquement instable à 96 unités (cohortes de 2 à 33 départements, 6 covariables : estimations de plusieurs log-points au test de fonctionnement) ; rapporté, non interprétable, hors familles de Holm (A2.5) ; covariables : log_med12, share_fsup, unemp_1524, dens_inter, dens_rural, pretrend_0811 (doublement robuste) ; contrôle = not_yet_treated ; fenêtre 1998-2024 ; 96 traitées, 0 jamais traitées sur la fenêtre ; ATT(g,t) identifiés jusqu'en 2017 (sans unité jamais traitée, la dernière cohorte sert de contrôle) ; grappes = dep (96) ; moyenne de tous les ATT(g,t) post",simple,0.0,96.0,0.0,0.0,1998.0,2024.0,1998.0,2017.0,96.0,1.0,dr,,,,,,,,,,,,
h2,H2,H2a,log(naissances / 1 000 f. 20-24),"département, bascule D3 ≥ 50 %, covariables de pré-période agrégées",cs,Wald pré (-8..-2),16.157485231719974,,,,0.0237158605378902,96,2592,True,"H5c : test de Wald joint de nullité des coefficients pré avec covariance des fonctions d'influence, df = 7 ; fenêtre 1998-2024 ; 96 traitées, 0 jamais traitées sur la fenêtre",pre_test,0.0,96.0,0.0,0.0,1998.0,2024.0,1998.0,2017.0,96.0,1.0,dr,,,,,,7.0,,,,,,
h2,H2,H2c,log(naissances / 1 000 f. 25-29),"département, bascule D3 ≥ 50 %",cs,-8,0.0021673200699546,0.0083881554812597,-0.0142731625700366,0.018607802709946,0.7961147123277703,96,2592,False," ; contrôle = not_yet_treated ; fenêtre 1998-2024 ; 96 traitées, 0 jamais traitées sur la fenêtre ; ATT(g,t) identifiés jusqu'en 2017 (sans unité jamais traitée, la dernière cohorte sert de contrôle) ; grappes = dep (96)",event,0.0,96.0,0.0,0.0,1998.0,2024.0,1998.0,2017.0,96.0,4.0,reg,5.0,89.0,,,,,,,,,,
h2,H2,H2c,log(naissances / 1 000 f. 25-29),"département, bascule D3 ≥ 50 %",cs,-7,0.0015857839788875,0.0073652095382746,-0.0128497614547216,0.0160213294124967,0.829527675085349,96,2592,False," ; contrôle = not_yet_treated ; fenêtre 1998-2024 ; 96 traitées, 0 jamais traitées sur la fenêtre ; ATT(g,t) identifiés jusqu'en 2017 (sans unité jamais traitée, la dernière cohorte sert de contrôle) ; grappes = dep (96)",event,0.0,96.0,0.0,0.0,1998.0,2024.0,1998.0,2017.0,96.0,4.0,reg,5.0,89.0,,,,,,,,,,
h2,H2,H2c,log(naissances / 1 000 f. 25-29),"département, bascule D3 ≥ 50 %",cs,-6,0.0112742030183718,0.0087787624389019,-0.0059318551907088,0.0284802612274526,0.1990514132760689,96,2592,False," ; contrôle = not_yet_treated ; fenêtre 1998-2024 ; 96 traitées, 0 jamais traitées sur la fenêtre ; ATT(g,t) identifiés jusqu'en 2017 (sans unité jamais traitée, la dernière cohorte sert de contrôle) ; grappes = dep (96)",event,0.0,96.0,0.0,0.0,1998.0,2024.0,1998.0,2017.0,96.0,4.0,reg,5.0,89.0,,,,,,,,,,
h2,H2,H2c,log(naissances / 1 000 f. 25-29),"département, bascule D3 ≥ 50 %",cs,-5,0.0115595306109867,0.0069945287821698,-0.0021494938908949,0.0252685551128683,0.0984014573052219,96,2592,False," ; contrôle = not_yet_treated ; fenêtre 1998-2024 ; 96 traitées, 0 jamais traitées sur la fenêtre ; ATT(g,t) identifiés jusqu'en 2017 (sans unité jamais traitée, la dernière cohorte sert de contrôle) ; grappes = dep (96)",event,0.0,96.0,0.0,0.0,1998.0,2024.0,1998.0,2017.0,96.0,4.0,reg,5.0,89.0,,,,,,,,,,
h2,H2,H2c,log(naissances / 1 000 f. 25-29),"département, bascule D3 ≥ 50 %",cs,-4,0.0080909343291812,0.0066770271203702,-0.0049957983505416,0.0211776670089041,0.2256054141295725,96,2592,False," ; contrôle = not_yet_treated ; fenêtre 1998-2024 ; 96 traitées, 0 jamais traitées sur la fenêtre ; ATT(g,t) identifiés jusqu'en 2017 (sans unité jamais traitée, la dernière cohorte sert de contrôle) ; grappes = dep (96)",event,0.0,96.0,0.0,0.0,1998.0,2024.0,1998.0,2017.0,96.0,4.0,reg,5.0,89.0,,,,,,,,,,
h2,H2,H2c,log(naissances / 1 000 f. 25-29),"département, bascule D3 ≥ 50 %",cs,-3,0.0158522564604122,0.0064879970323287,0.0031360159452451,0.0285684969755792,0.0145528050510029,96,2592,False," ; contrôle = not_yet_treated ; fenêtre 1998-2024 ; 96 traitées, 0 jamais traitées sur la fenêtre ; ATT(g,t) identifiés jusqu'en 2017 (sans unité jamais traitée, la dernière cohorte sert de contrôle) ; grappes = dep (96)",event,0.0,96.0,0.0,0.0,1998.0,2024.0,1998.0,2017.0,96.0,4.0,reg,5.0,89.0,,,,,,,,,,
h2,H2,H2c,log(naissances / 1 000 f. 25-29),"département, bascule D3 ≥ 50 %",cs,-2,0.0046389142121604,0.0064102428580006,-0.007924930921676,0.0172027593459968,0.4692670367164592,96,2592,False," ; contrôle = not_yet_treated ; fenêtre 1998-2024 ; 96 traitées, 0 jamais traitées sur la fenêtre ; ATT(g,t) identifiés jusqu'en 2017 (sans unité jamais traitée, la dernière cohorte sert de contrôle) ; grappes = dep (96)",event,0.0,96.0,0.0,0.0,1998.0,2024.0,1998.0,2017.0,96.0,4.0,reg,5.0,89.0,,,,,,,,,,
h2,H2,H2c,log(naissances / 1 000 f. 25-29),"département, bascule D3 ≥ 50 %",cs,0,0.0129853509533212,0.0065720589074512,0.0001043521904411,0.0258663497162014,0.0481726587335745,96,2592,False," ; contrôle = not_yet_treated ; fenêtre 1998-2024 ; 96 traitées, 0 jamais traitées sur la fenêtre ; ATT(g,t) identifiés jusqu'en 2017 (sans unité jamais traitée, la dernière cohorte sert de contrôle) ; grappes = dep (96)",event,0.0,96.0,0.0,0.0,1998.0,2024.0,1998.0,2017.0,96.0,4.0,reg,5.0,89.0,,,,,,,,,,
h2,H2,H2c,log(naissances / 1 000 f. 25-29),"département, bascule D3 ≥ 50 %",cs,1,0.0070657345694649,0.0106718510991363,-0.0138507092332165,0.0279821783721463,0.507913023280743,96,2592,False," ; contrôle = not_yet_treated ; fenêtre 1998-2024 ; 96 traitées, 0 jamais traitées sur la fenêtre ; ATT(g,t) identifiés jusqu'en 2017 (sans unité jamais traitée, la dernière cohorte sert de contrôle) ; grappes = dep (96)",event,0.0,96.0,0.0,0.0,1998.0,2024.0,1998.0,2017.0,96.0,4.0,reg,4.0,74.0,,,,,,,,,,
h2,H2,H2c,log(naissances / 1 000 f. 25-29),"département, bascule D3 ≥ 50 %",cs,2,-0.0041441166792298,0.0109346478723197,-0.0255756326926041,0.0172873993341444,0.7046956644831921,96,2592,False," ; contrôle = not_yet_treated ; fenêtre 1998-2024 ; 96 traitées, 0 jamais traitées sur la fenêtre ; ATT(g,t) identifiés jusqu'en 2017 (sans unité jamais traitée, la dernière cohorte sert de contrôle) ; grappes = dep (96)",event,0.0,96.0,0.0,0.0,1998.0,2024.0,1998.0,2017.0,96.0,4.0,reg,3.0,51.0,,,,,,,,,,
h2,H2,H2c,log(naissances / 1 000 f. 25-29),"département, bascule D3 ≥ 50 %",cs,3,-0.0131745942727996,0.0161639600255196,-0.0448553737703633,0.0185061852247641,0.415038072185702,96,2592,False," ; contrôle = not_yet_treated ; fenêtre 1998-2024 ; 96 traitées, 0 jamais traitées sur la fenêtre ; ATT(g,t) identifiés jusqu'en 2017 (sans unité jamais traitée, la dernière cohorte sert de contrôle) ; grappes = dep (96)",event,0.0,96.0,0.0,0.0,1998.0,2024.0,1998.0,2017.0,96.0,4.0,reg,2.0,35.0,,,,,,,,,,
h2,H2,H2c,log(naissances / 1 000 f. 25-29),"département, bascule D3 ≥ 50 %",cs,4,-0.0620362600590322,0.0458524083390992,-0.1519053290080909,0.0278328088900264,0.1760699028495366,96,2592,False," ; contrôle = not_yet_treated ; fenêtre 1998-2024 ; 96 traitées, 0 jamais traitées sur la fenêtre ; ATT(g,t) identifiés jusqu'en 2017 (sans unité jamais traitée, la dernière cohorte sert de contrôle) ; grappes = dep (96)",event,0.0,96.0,0.0,0.0,1998.0,2024.0,1998.0,2017.0,96.0,4.0,reg,1.0,2.0,,,,,,,,,,
h2,H2,H2c,log(naissances / 1 000 f. 25-29),"département, bascule D3 ≥ 50 %",cs,"ATT[1,4]",-0.0180723091103991,0.0156486802654087,-0.0487431588361829,0.0125985406153845,0.2481405848841895,96,2592,False," ; contrôle = not_yet_treated ; fenêtre 1998-2024 ; 96 traitées, 0 jamais traitées sur la fenêtre ; ATT(g,t) identifiés jusqu'en 2017 (sans unité jamais traitée, la dernière cohorte sert de contrôle) ; grappes = dep (96) ; écart-type avec covariance complète des coefficients (fonctions d'influence)",post_avg,0.0,96.0,0.0,0.0,1998.0,2024.0,1998.0,2017.0,96.0,4.0,reg,,,,,4.0,,,,,,,
h2,H2,H2c,log(naissances / 1 000 f. 25-29),"département, bascule D3 ≥ 50 %",cs,ATT,0.0035140530784032,0.008015835150314,-0.0121966951222224,0.019224801279029,0.6611043983669718,96,2592,False," ; contrôle = not_yet_treated ; fenêtre 1998-2024 ; 96 traitées, 0 jamais traitées sur la fenêtre ; ATT(g,t) identifiés jusqu'en 2017 (sans unité jamais traitée, la dernière cohorte sert de contrôle) ; grappes = dep (96) ; moyenne de tous les ATT(g,t) post",simple,0.0,96.0,0.0,0.0,1998.0,2024.0,1998.0,2017.0,96.0,4.0,reg,,,,,,,,,,,,
h2,H2,H2c,log(naissances / 1 000 f. 25-29),"département, bascule D3 ≥ 50 %",cs,Wald pré (-8..-2),10.803942558656516,,,,0.1474025301854461,96,2592,False,"H5c : test de Wald joint de nullité des coefficients pré avec covariance des fonctions d'influence, df = 7 ; fenêtre 1998-2024 ; 96 traitées, 0 jamais traitées sur la fenêtre",pre_test,0.0,96.0,0.0,0.0,1998.0,2024.0,1998.0,2017.0,96.0,4.0,reg,,,,,,7.0,,,,,,
h2,H2,H2c,log(naissances / 1 000 f. 25-29),"département, bascule D3 ≥ 50 % ; fenêtre identifiée ≤ 2017, cohorte 2018 = contrôle",sunab,-8,0.0161974920888839,0.0090696962327747,-0.0015787858780732,0.0339737700558411,0.0741168511020282,96,2592,False," ; fenêtre 1998-2024 ; 96 traitées, 0 jamais traitées sur la fenêtre ; comparaisons sur la fenêtre identifiée (années < 2018, cohorte 2018 recodée contrôle, 7 unités de contrôle) ; cellules −8 et +8 bornées",event,0.0,96.0,0.0,0.0,1998.0,2024.0,,,,,,,,,,,,,,,,,
h2,H2,H2c,log(naissances / 1 000 f. 25-29),"département, bascule D3 ≥ 50 % ; fenêtre identifiée ≤ 2017, cohorte 2018 = contrôle",sunab,-7,-0.0007894014686278,0.0100683846247592,-0.0205230727156529,0.0189442697783971,0.9375067043885504,96,2592,False," ; fenêtre 1998-2024 ; 96 traitées, 0 jamais traitées sur la fenêtre ; comparaisons sur la fenêtre identifiée (années < 2018, cohorte 2018 recodée contrôle, 7 unités de contrôle) ; cellules −8 et +8 bornées",event,0.0,96.0,0.0,0.0,1998.0,2024.0,,,,,,,,,,,,,,,,,
h2,H2,H2c,log(naissances / 1 000 f. 25-29),"département, bascule D3 ≥ 50 % ; fenêtre identifiée ≤ 2017, cohorte 2018 = contrôle",sunab,-6,0.0085258269187223,0.0127202129522303,-0.016405332343329,0.0334569861807737,0.5026932144957601,96,2592,False," ; fenêtre 1998-2024 ; 96 traitées, 0 jamais traitées sur la fenêtre ; comparaisons sur la fenêtre identifiée (années < 2018, cohorte 2018 recodée contrôle, 7 unités de contrôle) ; cellules −8 et +8 bornées",event,0.0,96.0,0.0,0.0,1998.0,2024.0,,,,,,,,,,,,,,,,,
h2,H2,H2c,log(naissances / 1 000 f. 25-29),"département, bascule D3 ≥ 50 % ; fenêtre identifiée ≤ 2017, cohorte 2018 = contrôle",sunab,-5,0.0122485093660956,0.0122494158799921,-0.011759904590342,0.0362569233225333,0.3173463231120549,96,2592,False," ; fenêtre 1998-2024 ; 96 traitées, 0 jamais traitées sur la fenêtre ; comparaisons sur la fenêtre identifiée (années < 2018, cohorte 2018 recodée contrôle, 7 unités de contrôle) ; cellules −8 et +8 bornées",event,0.0,96.0,0.0,0.0,1998.0,2024.0,,,,,,,,,,,,,,,,,
h2,H2,H2c,log(naissances / 1 000 f. 25-29),"département, bascule D3 ≥ 50 % ; fenêtre identifiée ≤ 2017, cohorte 2018 = contrôle",sunab,-4,0.0106031057237217,0.0084755454138989,-0.0060086580368538,0.0272148694842972,0.2109259366902145,96,2592,False," ; fenêtre 1998-2024 ; 96 traitées, 0 jamais traitées sur la fenêtre ; comparaisons sur la fenêtre identifiée (années < 2018, cohorte 2018 recodée contrôle, 7 unités de contrôle) ; cellules −8 et +8 bornées",event,0.0,96.0,0.0,0.0,1998.0,2024.0,,,,,,,,,,,,,,,,,
h2,H2,H2c,log(naissances / 1 000 f. 25-29),"département, bascule D3 ≥ 50 % ; fenêtre identifiée ≤ 2017, cohorte 2018 = contrôle",sunab,-3,0.0230223152618174,0.0084990623933495,0.0063644590684935,0.0396801714551414,0.0067525713939617,96,2592,False," ; fenêtre 1998-2024 ; 96 traitées, 0 jamais traitées sur la fenêtre ; comparaisons sur la fenêtre identifiée (années < 2018, cohorte 2018 recodée contrôle, 7 unités de contrôle) ; cellules −8 et +8 bornées",event,0.0,96.0,0.0,0.0,1998.0,2024.0,,,,,,,,,,,,,,,,,
h2,H2,H2c,log(naissances / 1 000 f. 25-29),"département, bascule D3 ≥ 50 % ; fenêtre identifiée ≤ 2017, cohorte 2018 = contrôle",sunab,-2,-0.0020243937154581,0.0054989399862487,-0.0128021180416528,0.0087533306107365,0.7127669549869242,96,2592,False," ; fenêtre 1998-2024 ; 96 traitées, 0 jamais traitées sur la fenêtre ; comparaisons sur la fenêtre identifiée (années < 2018, cohorte 2018 recodée contrôle, 7 unités de contrôle) ; cellules −8 et +8 bornées",event,0.0,96.0,0.0,0.0,1998.0,2024.0,,,,,,,,,,,,,,,,,
h2,H2,H2c,log(naissances / 1 000 f. 25-29),"département, bascule D3 ≥ 50 % ; fenêtre identifiée ≤ 2017, cohorte 2018 = contrôle",sunab,0,0.0070805434765879,0.0069072444589309,-0.0064574068953305,0.0206184938485064,0.3053209793969323,96,2592,False," ; fenêtre 1998-2024 ; 96 traitées, 0 jamais traitées sur la fenêtre ; comparaisons sur la fenêtre identifiée (années < 2018, cohorte 2018 recodée contrôle, 7 unités de contrôle) ; cellules −8 et +8 bornées",event,0.0,96.0,0.0,0.0,1998.0,2024.0,,,,,,,,,,,,,,,,,
h2,H2,H2c,log(naissances / 1 000 f. 25-29),"département, bascule D3 ≥ 50 % ; fenêtre identifiée ≤ 2017, cohorte 2018 = contrôle",sunab,1,-0.0181948498618887,0.0101822327885516,-0.0381516594096528,0.0017619596858753,0.0739501901427547,96,2592,False," ; fenêtre 1998-2024 ; 96 traitées, 0 jamais traitées sur la fenêtre ; comparaisons sur la fenêtre identifiée (années < 2018, cohorte 2018 recodée contrôle, 7 unités de contrôle) ; cellules −8 et +8 bornées",event,0.0,96.0,0.0,0.0,1998.0,2024.0,,,,,,,,,,,,,,,,,
h2,H2,H2c,log(naissances / 1 000 f. 25-29),"département, bascule D3 ≥ 50 % ; fenêtre identifiée ≤ 2017, cohorte 2018 = contrôle",sunab,2,-0.0232785637283621,0.014233317343093,-0.0511753531013538,0.0046182256446294,0.1019446688801756,96,2592,False," ; fenêtre 1998-2024 ; 96 traitées, 0 jamais traitées sur la fenêtre ; comparaisons sur la fenêtre identifiée (années < 2018, cohorte 2018 recodée contrôle, 7 unités de contrôle) ; cellules −8 et +8 bornées",event,0.0,96.0,0.0,0.0,1998.0,2024.0,,,,,,,,,,,,,,,,,
h2,H2,H2c,log(naissances / 1 000 f. 25-29),"département, bascule D3 ≥ 50 % ; fenêtre identifiée ≤ 2017, cohorte 2018 = contrôle",sunab,3,-0.0133887430440663,0.0167737980704525,-0.0462647831461008,0.019487297057968,0.4247579856082595,96,2592,False," ; fenêtre 1998-2024 ; 96 traitées, 0 jamais traitées sur la fenêtre ; comparaisons sur la fenêtre identifiée (années < 2018, cohorte 2018 recodée contrôle, 7 unités de contrôle) ; cellules −8 et +8 bornées",event,0.0,96.0,0.0,0.0,1998.0,2024.0,,,,,,,,,,,,,,,,,
h2,H2,H2c,log(naissances / 1 000 f. 25-29),"département, bascule D3 ≥ 50 % ; fenêtre identifiée ≤ 2017, cohorte 2018 = contrôle",sunab,4,-0.0620362600590301,0.0469448102953418,-0.1540463974989653,0.0299738773809051,0.186343977953726,96,2592,False," ; fenêtre 1998-2024 ; 96 traitées, 0 jamais traitées sur la fenêtre ; comparaisons sur la fenêtre identifiée (années < 2018, cohorte 2018 recodée contrôle, 7 unités de contrôle) ; cellules −8 et +8 bornées",event,0.0,96.0,0.0,0.0,1998.0,2024.0,,,,,,,,,,,,,,,,,
h2,H2,H2c,log(naissances / 1 000 f. 25-29),"département, bascule D3 ≥ 50 % ; fenêtre identifiée ≤ 2017, cohorte 2018 = contrôle",sunab,"ATT[1,4]",-0.0292246041733368,0.016989753290857,-0.0625239087296375,0.0040747003829638,0.0854086013337866,96,2592,False," ; fenêtre 1998-2024 ; 96 traitées, 0 jamais traitées sur la fenêtre ; comparaisons sur la fenêtre identifiée (années < 2018, cohorte 2018 recodée contrôle, 7 unités de contrôle) ; écart-type avec covariance complète (w'Vw)",post_avg,0.0,96.0,0.0,0.0,1998.0,2024.0,,,,,,,,,,,,,,,,,
h2,H2,H2c,log(naissances / 1 000 f. 25-29),"département, bascule D3 ≥ 50 % ; fenêtre identifiée ≤ 2017, cohorte 2018 = contrôle",sunab,Wald pré (-8..−2),30.07860440894402,,,,9.185832473868465e-05,96,2592,False,"test de Wald joint, covariance groupée, df = 7 ; fenêtre 1998-2024 ; 96 traitées, 0 jamais traitées sur la fenêtre",pre_test,0.0,96.0,0.0,0.0,1998.0,2024.0,,,,,,,,,,,7.0,,,,,,
h2,H2,H2c,log(naissances / 1 000 f. 25-29),"département, bascule D3 ≥ 50 % ; fenêtre identifiée ≤ 2017, cohorte 2018 = contrôle",did2s,-8,0.0014908195509709,0.0004921136809637,0.0005262944599825,0.0024553446419592,0.0024502292412389,96,2592,False," ; fenêtre 1998-2024 ; 96 traitées, 0 jamais traitées sur la fenêtre ; comparaisons sur la fenêtre identifiée (années < 2018, cohorte 2018 recodée contrôle, 7 unités de contrôle) ; cellules −8 et +8 bornées",event,0.0,96.0,0.0,0.0,1998.0,2024.0,,,,,,,,,,,,,,,,,
h2,H2,H2c,log(naissances / 1 000 f. 25-29),"département, bascule D3 ≥ 50 % ; fenêtre identifiée ≤ 2017, cohorte 2018 = contrôle",did2s,-7,-0.0050131272971519,0.0025966272406613,-0.0101024231701238,7.616857581993139e-05,0.0535287847494436,96,2592,False," ; fenêtre 1998-2024 ; 96 traitées, 0 jamais traitées sur la fenêtre ; comparaisons sur la fenêtre identifiée (années < 2018, cohorte 2018 recodée contrôle, 7 unités de contrôle) ; cellules −8 et +8 bornées",event,0.0,96.0,0.0,0.0,1998.0,2024.0,,,,,,,,,,,,,,,,,
h2,H2,H2c,log(naissances / 1 000 f. 25-29),"département, bascule D3 ≥ 50 % ; fenêtre identifiée ≤ 2017, cohorte 2018 = contrôle",did2s,-6,-0.0038639163107632,0.0028685804589018,-0.0094862306969662,0.0017583980754397,0.1779871451962256,96,2592,False," ; fenêtre 1998-2024 ; 96 traitées, 0 jamais traitées sur la fenêtre ; comparaisons sur la fenêtre identifiée (années < 2018, cohorte 2018 recodée contrôle, 7 unités de contrôle) ; cellules −8 et +8 bornées",event,0.0,96.0,0.0,0.0,1998.0,2024.0,,,,,,,,,,,,,,,,,
h2,H2,H2c,log(naissances / 1 000 f. 25-29),"département, bascule D3 ≥ 50 % ; fenêtre identifiée ≤ 2017, cohorte 2018 = contrôle",did2s,-5,0.0031186651224305,0.0030076466141723,-0.002776213919571,0.0090135441644322,0.2997768311364381,96,2592,False," ; fenêtre 1998-2024 ; 96 traitées, 0 jamais traitées sur la fenêtre ; comparaisons sur la fenêtre identifiée (années < 2018, cohorte 2018 recodée contrôle, 7 unités de contrôle) ; cellules −8 et +8 bornées",event,0.0,96.0,0.0,0.0,1998.0,2024.0,,,,,,,,,,,,,,,,,
h2,H2,H2c,log(naissances / 1 000 f. 25-29),"département, bascule D3 ≥ 50 % ; fenêtre identifiée ≤ 2017, cohorte 2018 = contrôle",did2s,-4,-0.0009871223486359,0.0024028955191224,-0.0056967110247286,0.0037224663274567,0.6812152656703365,96,2592,False," ; fenêtre 1998-2024 ; 96 traitées, 0 jamais traitées sur la fenêtre ; comparaisons sur la fenêtre identifiée (années < 2018, cohorte 2018 recodée contrôle, 7 unités de contrôle) ; cellules −8 et +8 bornées",event,0.0,96.0,0.0,0.0,1998.0,2024.0,,,,,,,,,,,,,,,,,
h2,H2,H2c,log(naissances / 1 000 f. 25-29),"département, bascule D3 ≥ 50 % ; fenêtre identifiée ≤ 2017, cohorte 2018 = contrôle",did2s,-3,0.0018001103939861,0.0024525056857042,-0.0030067124218738,0.0066069332098461,0.4629558900104173,96,2592,False," ; fenêtre 1998-2024 ; 96 traitées, 0 jamais traitées sur la fenêtre ; comparaisons sur la fenêtre identifiée (années < 2018, cohorte 2018 recodée contrôle, 7 unités de contrôle) ; cellules −8 et +8 bornées",event,0.0,96.0,0.0,0.0,1998.0,2024.0,,,,,,,,,,,,,,,,,
h2,H2,H2c,log(naissances / 1 000 f. 25-29),"département, bascule D3 ≥ 50 % ; fenêtre identifiée ≤ 2017, cohorte 2018 = contrôle",did2s,-2,-0.0021236383283161,0.0030674168540949,-0.0081356648879133,0.0038883882312811,0.488735514411225,96,2592,False," ; fenêtre 1998-2024 ; 96 traitées, 0 jamais traitées sur la fenêtre ; comparaisons sur la fenêtre identifiée (années < 2018, cohorte 2018 recodée contrôle, 7 unités de contrôle) ; cellules −8 et +8 bornées",event,0.0,96.0,0.0,0.0,1998.0,2024.0,,,,,,,,,,,,,,,,,
h2,H2,H2c,log(naissances / 1 000 f. 25-29),"département, bascule D3 ≥ 50 % ; fenêtre identifiée ≤ 2017, cohorte 2018 = contrôle",did2s,0,-0.0004362289718881,0.0064370445647984,-0.0130526044857724,0.0121801465419961,0.9459699049477216,96,2592,False," ; fenêtre 1998-2024 ; 96 traitées, 0 jamais traitées sur la fenêtre ; comparaisons sur la fenêtre identifiée (années < 2018, cohorte 2018 recodée contrôle, 7 unités de contrôle) ; cellules −8 et +8 bornées",event,0.0,96.0,0.0,0.0,1998.0,2024.0,,,,,,,,,,,,,,,,,
h2,H2,H2c,log(naissances / 1 000 f. 25-29),"département, bascule D3 ≥ 50 % ; fenêtre identifiée ≤ 2017, cohorte 2018 = contrôle",did2s,1,-0.0118143522845547,0.0082172113534906,-0.0279197905907501,0.0042910860216406,0.1505030435651719,96,2592,False," ; fenêtre 1998-2024 ; 96 traitées, 0 jamais traitées sur la fenêtre ; comparaisons sur la fenêtre identifiée (années < 2018, cohorte 2018 recodée contrôle, 7 unités de contrôle) ; cellules −8 et +8 bornées",event,0.0,96.0,0.0,0.0,1998.0,2024.0,,,,,,,,,,,,,,,,,
h2,H2,H2c,log(naissances / 1 000 f. 25-29),"département, bascule D3 ≥ 50 % ; fenêtre identifiée ≤ 2017, cohorte 2018 = contrôle",did2s,2,-0.0099425076565909,0.0119470107859474,-0.0333582185199594,0.0134732032067775,0.4052863668585797,96,2592,False," ; fenêtre 1998-2024 ; 96 traitées, 0 jamais traitées sur la fenêtre ; comparaisons sur la fenêtre identifiée (années < 2018, cohorte 2018 recodée contrôle, 7 unités de contrôle) ; cellules −8 et +8 bornées",event,0.0,96.0,0.0,0.0,1998.0,2024.0,,,,,,,,,,,,,,,,,
h2,H2,H2c,log(naissances / 1 000 f. 25-29),"département, bascule D3 ≥ 50 % ; fenêtre identifiée ≤ 2017, cohorte 2018 = contrôle",did2s,3,-0.0083371944302179,0.0178322573824323,-0.0432877766628338,0.026613387802398,0.640117559320682,96,2592,False," ; fenêtre 1998-2024 ; 96 traitées, 0 jamais traitées sur la fenêtre ; comparaisons sur la fenêtre identifiée (années < 2018, cohorte 2018 recodée contrôle, 7 unités de contrôle) ; cellules −8 et +8 bornées",event,0.0,96.0,0.0,0.0,1998.0,2024.0,,,,,,,,,,,,,,,,,
h2,H2,H2c,log(naissances / 1 000 f. 25-29),"département, bascule D3 ≥ 50 % ; fenêtre identifiée ≤ 2017, cohorte 2018 = contrôle",did2s,4,-0.2057178732207145,0.1129771243691461,-0.4271489680611434,0.0157132216197143,0.0686249829246881,96,2592,False," ; fenêtre 1998-2024 ; 96 traitées, 0 jamais traitées sur la fenêtre ; comparaisons sur la fenêtre identifiée (années < 2018, cohorte 2018 recodée contrôle, 7 unités de contrôle) ; cellules −8 et +8 bornées",event,0.0,96.0,0.0,0.0,1998.0,2024.0,,,,,,,,,,,,,,,,,
h2,H2,H2c,log(naissances / 1 000 f. 25-29),"département, bascule D3 ≥ 50 % ; fenêtre identifiée ≤ 2017, cohorte 2018 = contrôle",did2s,"ATT[1,4]",-0.0589529818980195,0.0325933039693215,-0.122834683815056,0.004928720019017,0.0704905983471641,96,2592,False," ; fenêtre 1998-2024 ; 96 traitées, 0 jamais traitées sur la fenêtre ; comparaisons sur la fenêtre identifiée (années < 2018, cohorte 2018 recodée contrôle, 7 unités de contrôle) ; écart-type avec covariance complète (w'Vw)",post_avg,0.0,96.0,0.0,0.0,1998.0,2024.0,,,,,,,,,,,,,,,,,
h2,H2,H2c,log(naissances / 1 000 f. 25-29),"département, bascule D3 ≥ 50 % ; fenêtre identifiée ≤ 2017, cohorte 2018 = contrôle",did2s,Wald pré (-8..−2),15.719813367062605,,,,0.027803159812081,96,2592,False,"test de Wald joint, covariance groupée, df = 7 ; fenêtre 1998-2024 ; 96 traitées, 0 jamais traitées sur la fenêtre",pre_test,0.0,96.0,0.0,0.0,1998.0,2024.0,,,,,,,,,,,7.0,,,,,,
h2,H2,H2c,log(naissances / 1 000 f. 25-29),"département, bascule D3 ≥ 50 % ; fenêtre identifiée ≤ 2017, cohorte 2018 = contrôle",twfe,-8,0.0320418818792591,0.0130762010404309,0.0064129987854093,0.0576707649731089,0.0142698840938417,96,2592,False," ; fenêtre 1998-2024 ; 96 traitées, 0 jamais traitées sur la fenêtre ; comparaisons sur la fenêtre identifiée (années < 2018, cohorte 2018 recodée contrôle, 7 unités de contrôle) ; cellules −8 et +8 bornées",event,0.0,96.0,0.0,0.0,1998.0,2024.0,,,,,,,,,,,,,,,,,
h2,H2,H2c,log(naissances / 1 000 f. 25-29),"département, bascule D3 ≥ 50 % ; fenêtre identifiée ≤ 2017, cohorte 2018 = contrôle",twfe,-7,0.0179538228516838,0.0129196351576924,-0.0073681967507908,0.0432758424541585,0.1646339653919402,96,2592,False," ; fenêtre 1998-2024 ; 96 traitées, 0 jamais traitées sur la fenêtre ; comparaisons sur la fenêtre identifiée (années < 2018, cohorte 2018 recodée contrôle, 7 unités de contrôle) ; cellules −8 et +8 bornées",event,0.0,96.0,0.0,0.0,1998.0,2024.0,,,,,,,,,,,,,,,,,
h2,H2,H2c,log(naissances / 1 000 f. 25-29),"département, bascule D3 ≥ 50 % ; fenêtre identifiée ≤ 2017, cohorte 2018 = contrôle",twfe,-6,0.0165465796546772,0.0119862851838854,-0.0069461076141643,0.0400392669235188,0.1674452522064835,96,2592,False," ; fenêtre 1998-2024 ; 96 traitées, 0 jamais traitées sur la fenêtre ; comparaisons sur la fenêtre identifiée (années < 2018, cohorte 2018 recodée contrôle, 7 unités de contrôle) ; cellules −8 et +8 bornées",event,0.0,96.0,0.0,0.0,1998.0,2024.0,,,,,,,,,,,,,,,,,
h2,H2,H2c,log(naissances / 1 000 f. 25-29),"département, bascule D3 ≥ 50 % ; fenêtre identifiée ≤ 2017, cohorte 2018 = contrôle",twfe,-5,0.0214247701553984,0.0109964620239136,-0.0001278993688347,0.0429774396796316,0.0513751276036184,96,2592,False," ; fenêtre 1998-2024 ; 96 traitées, 0 jamais traitées sur la fenêtre ; comparaisons sur la fenêtre identifiée (années < 2018, cohorte 2018 recodée contrôle, 7 unités de contrôle) ; cellules −8 et +8 bornées",event,0.0,96.0,0.0,0.0,1998.0,2024.0,,,,,,,,,,,,,,,,,
h2,H2,H2c,log(naissances / 1 000 f. 25-29),"département, bascule D3 ≥ 50 % ; fenêtre identifiée ≤ 2017, cohorte 2018 = contrôle",twfe,-4,0.0146258008676817,0.0092925739135075,-0.0035873093264694,0.0328389110618329,0.1155051260968954,96,2592,False," ; fenêtre 1998-2024 ; 96 traitées, 0 jamais traitées sur la fenêtre ; comparaisons sur la fenêtre identifiée (années < 2018, cohorte 2018 recodée contrôle, 7 unités de contrôle) ; cellules −8 et +8 bornées",event,0.0,96.0,0.0,0.0,1998.0,2024.0,,,,,,,,,,,,,,,,,
h2,H2,H2c,log(naissances / 1 000 f. 25-29),"département, bascule D3 ≥ 50 % ; fenêtre identifiée ≤ 2017, cohorte 2018 = contrôle",twfe,-3,0.0152765453267212,0.0076208018898468,0.0003400480893066,0.0302130425641359,0.0450074291620184,96,2592,False," ; fenêtre 1998-2024 ; 96 traitées, 0 jamais traitées sur la fenêtre ; comparaisons sur la fenêtre identifiée (années < 2018, cohorte 2018 recodée contrôle, 7 unités de contrôle) ; cellules −8 et +8 bornées",event,0.0,96.0,0.0,0.0,1998.0,2024.0,,,,,,,,,,,,,,,,,
h2,H2,H2c,log(naissances / 1 000 f. 25-29),"département, bascule D3 ≥ 50 % ; fenêtre identifiée ≤ 2017, cohorte 2018 = contrôle",twfe,-2,0.0090122334840144,0.0054660834404265,-0.0017010931957122,0.0197255601637412,0.0991977968502632,96,2592,False," ; fenêtre 1998-2024 ; 96 traitées, 0 jamais traitées sur la fenêtre ; comparaisons sur la fenêtre identifiée (années < 2018, cohorte 2018 recodée contrôle, 7 unités de contrôle) ; cellules −8 et +8 bornées",event,0.0,96.0,0.0,0.0,1998.0,2024.0,,,,,,,,,,,,,,,,,
h2,H2,H2c,log(naissances / 1 000 f. 25-29),"département, bascule D3 ≥ 50 % ; fenêtre identifiée ≤ 2017, cohorte 2018 = contrôle",twfe,0,0.0028351036568876,0.0064160345925994,-0.0097400930681704,0.0154103003819456,0.6585775902159532,96,2592,False," ; fenêtre 1998-2024 ; 96 traitées, 0 jamais traitées sur la fenêtre ; comparaisons sur la fenêtre identifiée (années < 2018, cohorte 2018 recodée contrôle, 7 unités de contrôle) ; cellules −8 et +8 bornées",event,0.0,96.0,0.0,0.0,1998.0,2024.0,,,,,,,,,,,,,,,,,
h2,H2,H2c,log(naissances / 1 000 f. 25-29),"département, bascule D3 ≥ 50 % ; fenêtre identifiée ≤ 2017, cohorte 2018 = contrôle",twfe,1,-0.0092236863082486,0.0099056344703132,-0.028638373114081,0.0101910004975837,0.3517731178677993,96,2592,False," ; fenêtre 1998-2024 ; 96 traitées, 0 jamais traitées sur la fenêtre ; comparaisons sur la fenêtre identifiée (années < 2018, cohorte 2018 recodée contrôle, 7 unités de contrôle) ; cellules −8 et +8 bornées",event,0.0,96.0,0.0,0.0,1998.0,2024.0,,,,,,,,,,,,,,,,,
h2,H2,H2c,log(naissances / 1 000 f. 25-29),"département, bascule D3 ≥ 50 % ; fenêtre identifiée ≤ 2017, cohorte 2018 = contrôle",twfe,2,-0.0132274291738487,0.0147020174006662,-0.0420428537792358,0.0155879954315383,0.3682790501420258,96,2592,False," ; fenêtre 1998-2024 ; 96 traitées, 0 jamais traitées sur la fenêtre ; comparaisons sur la fenêtre identifiée (années < 2018, cohorte 2018 recodée contrôle, 7 unités de contrôle) ; cellules −8 et +8 bornées",event,0.0,96.0,0.0,0.0,1998.0,2024.0,,,,,,,,,,,,,,,,,
h2,H2,H2c,log(naissances / 1 000 f. 25-29),"département, bascule D3 ≥ 50 % ; fenêtre identifiée ≤ 2017, cohorte 2018 = contrôle",twfe,3,-0.0135989877516048,0.0229334855364468,-0.0585477934430108,0.0313498179398011,0.5531977617619455,96,2592,False," ; fenêtre 1998-2024 ; 96 traitées, 0 jamais traitées sur la fenêtre ; comparaisons sur la fenêtre identifiée (années < 2018, cohorte 2018 recodée contrôle, 7 unités de contrôle) ; cellules −8 et +8 bornées",event,0.0,96.0,0.0,0.0,1998.0,2024.0,,,,,,,,,,,,,,,,,
h2,H2,H2c,log(naissances / 1 000 f. 25-29),"département, bascule D3 ≥ 50 % ; fenêtre identifiée ≤ 2017, cohorte 2018 = contrôle",twfe,4,-0.1827680776642132,0.1039151752883763,-0.3864380786765975,0.020901923348171,0.0786081045215913,96,2592,False," ; fenêtre 1998-2024 ; 96 traitées, 0 jamais traitées sur la fenêtre ; comparaisons sur la fenêtre identifiée (années < 2018, cohorte 2018 recodée contrôle, 7 unités de contrôle) ; cellules −8 et +8 bornées",event,0.0,96.0,0.0,0.0,1998.0,2024.0,,,,,,,,,,,,,,,,,
h2,H2,H2c,log(naissances / 1 000 f. 25-29),"département, bascule D3 ≥ 50 % ; fenêtre identifiée ≤ 2017, cohorte 2018 = contrôle",twfe,"ATT[1,4]",-0.0547045452244788,0.0340721069839118,-0.1214846477903418,0.012075557341384,0.1083723422740307,96,2592,False," ; fenêtre 1998-2024 ; 96 traitées, 0 jamais traitées sur la fenêtre ; comparaisons sur la fenêtre identifiée (années < 2018, cohorte 2018 recodée contrôle, 7 unités de contrôle) ; écart-type avec covariance complète (w'Vw)",post_avg,0.0,96.0,0.0,0.0,1998.0,2024.0,,,,,,,,,,,,,,,,,
h2,H2,H2c,log(naissances / 1 000 f. 25-29),"département, bascule D3 ≥ 50 % ; fenêtre identifiée ≤ 2017, cohorte 2018 = contrôle",twfe,Wald pré (-8..−2),17.781688745939828,,,,0.0129947801888396,96,2592,False,"test de Wald joint, covariance groupée, df = 7 ; fenêtre 1998-2024 ; 96 traitées, 0 jamais traitées sur la fenêtre",pre_test,0.0,96.0,0.0,0.0,1998.0,2024.0,,,,,,,,,,,7.0,,,,,,
h2,H2,H2c,log(naissances / 1 000 f. 25-29),"département, bascule D3 ≥ 50 % ; fenêtre identifiée ≤ 2017, cohorte 2018 = contrôle",twfe,ATT,-0.0094967955890577,0.0098583916978477,-0.028818888262328,0.0098252970842125,0.3353864659630277,96,2592,False," ; fenêtre 1998-2024 ; 96 traitées, 0 jamais traitées sur la fenêtre ; comparaisons sur la fenêtre identifiée (années < 2018, cohorte 2018 recodée contrôle, 7 unités de contrôle)",static,0.0,96.0,0.0,0.0,1998.0,2024.0,,,,,,,,,,,,,,,,,
h2,H2,H2c,log(naissances / 1 000 f. 25-29),"département, bascule D3 ≥ 50 % ; fenêtre complète",twfe,ATT,0.0070096329531373,0.0067927688802123,-0.0063039494073834,0.0203232153136581,0.3021069136301605,96,2592,True," ; fenêtre 1998-2024 ; 96 traitées, 0 jamais traitées sur la fenêtre ; TWFE sur toutes les années (identification par le calendrier des bascules seulement)",static,0.0,96.0,0.0,0.0,1998.0,2024.0,,,,,,,,,,,,,,,,,
h2,H2,H2c,log(naissances / 1 000 f. 25-29),"département, bascule D3 ≥ 50 % ; fenêtre identifiée ≤ 2017, cohorte 2018 = contrôle",twfe_poisson,ATT (log du taux contrefactuel),-0.0164989800761239,0.0181551214317497,-0.0520823642173046,0.0190844040650567,0.363467172422695,96,2592,False," ; fenêtre 1998-2024 ; 96 traitées, 0 jamais traitées sur la fenêtre ; comparaisons sur la fenêtre identifiée (années < 2018, cohorte 2018 recodée contrôle, 7 unités de contrôle) ; Poisson à effets fixes, offset = log(women)",static,0.0,96.0,0.0,0.0,1998.0,2024.0,,,,,,,,,,,,,,,,,
h2,H2,H2c,log(naissances / 1 000 f. 25-29),"département, bascule D3 ≥ 50 % ; fenêtre identifiée ≤ 2017, cohorte 2018 = contrôle",twfe_poisson,ATT en % du taux contrefactuel,-1.636361737560721,1.785803797123287,-5.0749320932654935,1.9267675608118484,0.363467172422695,96,2592,False," ; fenêtre 1998-2024 ; 96 traitées, 0 jamais traitées sur la fenêtre ; comparaisons sur la fenêtre identifiée (années < 2018, cohorte 2018 recodée contrôle, 7 unités de contrôle) ; Poisson à effets fixes, offset = log(women)",static,0.0,96.0,0.0,0.0,1998.0,2024.0,,,,,,,,,,,,,,,,,
h2,H2,H2c,log(naissances / 1 000 f. 25-29),"département, bascule D3 ≥ 50 %, covariables de pré-période agrégées",cs,-8,0.004300838286556,0.0117212915123164,-0.0186724709298793,0.0272741475029913,0.7136747465604544,96,2592,True,"conditionnement numériquement instable à 96 unités (cohortes de 2 à 33 départements, 6 covariables : estimations de plusieurs log-points au test de fonctionnement) ; rapporté, non interprétable, hors familles de Holm (A2.5) ; covariables : log_med12, share_fsup, unemp_1524, dens_inter, dens_rural, pretrend_0811 (doublement robuste) ; contrôle = not_yet_treated ; fenêtre 1998-2024 ; 96 traitées, 0 jamais traitées sur la fenêtre ; ATT(g,t) identifiés jusqu'en 2017 (sans unité jamais traitée, la dernière cohorte sert de contrôle) ; grappes = dep (96)",event,0.0,96.0,0.0,0.0,1998.0,2024.0,1998.0,2017.0,96.0,1.0,dr,5.0,89.0,,,,,,,,,,
h2,H2,H2c,log(naissances / 1 000 f. 25-29),"département, bascule D3 ≥ 50 %, covariables de pré-période agrégées",cs,-7,-0.0064084916848135,0.0154416092479696,-0.0366734896741745,0.0238565063045475,0.6781312910780151,96,2592,True,"conditionnement numériquement instable à 96 unités (cohortes de 2 à 33 départements, 6 covariables : estimations de plusieurs log-points au test de fonctionnement) ; rapporté, non interprétable, hors familles de Holm (A2.5) ; covariables : log_med12, share_fsup, unemp_1524, dens_inter, dens_rural, pretrend_0811 (doublement robuste) ; contrôle = not_yet_treated ; fenêtre 1998-2024 ; 96 traitées, 0 jamais traitées sur la fenêtre ; ATT(g,t) identifiés jusqu'en 2017 (sans unité jamais traitée, la dernière cohorte sert de contrôle) ; grappes = dep (96)",event,0.0,96.0,0.0,0.0,1998.0,2024.0,1998.0,2017.0,96.0,1.0,dr,5.0,89.0,,,,,,,,,,
h2,H2,H2c,log(naissances / 1 000 f. 25-29),"département, bascule D3 ≥ 50 %, covariables de pré-période agrégées",cs,-6,-0.0114812291498673,0.0132887516905383,-0.0375267038628182,0.0145642455630835,0.3875983208257421,96,2592,True,"conditionnement numériquement instable à 96 unités (cohortes de 2 à 33 départements, 6 covariables : estimations de plusieurs log-points au test de fonctionnement) ; rapporté, non interprétable, hors familles de Holm (A2.5) ; covariables : log_med12, share_fsup, unemp_1524, dens_inter, dens_rural, pretrend_0811 (doublement robuste) ; contrôle = not_yet_treated ; fenêtre 1998-2024 ; 96 traitées, 0 jamais traitées sur la fenêtre ; ATT(g,t) identifiés jusqu'en 2017 (sans unité jamais traitée, la dernière cohorte sert de contrôle) ; grappes = dep (96)",event,0.0,96.0,0.0,0.0,1998.0,2024.0,1998.0,2017.0,96.0,1.0,dr,5.0,89.0,,,,,,,,,,
h2,H2,H2c,log(naissances / 1 000 f. 25-29),"département, bascule D3 ≥ 50 %, covariables de pré-période agrégées",cs,-5,-0.0020714574651271,0.0127072504160271,-0.026977210623072,0.0228342956928178,0.8705075513831764,96,2592,True,"conditionnement numériquement instable à 96 unités (cohortes de 2 à 33 départements, 6 covariables : estimations de plusieurs log-points au test de fonctionnement) ; rapporté, non interprétable, hors familles de Holm (A2.5) ; covariables : log_med12, share_fsup, unemp_1524, dens_inter, dens_rural, pretrend_0811 (doublement robuste) ; contrôle = not_yet_treated ; fenêtre 1998-2024 ; 96 traitées, 0 jamais traitées sur la fenêtre ; ATT(g,t) identifiés jusqu'en 2017 (sans unité jamais traitée, la dernière cohorte sert de contrôle) ; grappes = dep (96)",event,0.0,96.0,0.0,0.0,1998.0,2024.0,1998.0,2017.0,96.0,1.0,dr,5.0,89.0,,,,,,,,,,
h2,H2,H2c,log(naissances / 1 000 f. 25-29),"département, bascule D3 ≥ 50 %, covariables de pré-période agrégées",cs,-4,-0.0089459623100901,0.0111573443939334,-0.0308139554853096,0.0129220308651293,0.4226684732812454,96,2592,True,"conditionnement numériquement instable à 96 unités (cohortes de 2 à 33 départements, 6 covariables : estimations de plusieurs log-points au test de fonctionnement) ; rapporté, non interprétable, hors familles de Holm (A2.5) ; covariables : log_med12, share_fsup, unemp_1524, dens_inter, dens_rural, pretrend_0811 (doublement robuste) ; contrôle = not_yet_treated ; fenêtre 1998-2024 ; 96 traitées, 0 jamais traitées sur la fenêtre ; ATT(g,t) identifiés jusqu'en 2017 (sans unité jamais traitée, la dernière cohorte sert de contrôle) ; grappes = dep (96)",event,0.0,96.0,0.0,0.0,1998.0,2024.0,1998.0,2017.0,96.0,1.0,dr,5.0,89.0,,,,,,,,,,
h2,H2,H2c,log(naissances / 1 000 f. 25-29),"département, bascule D3 ≥ 50 %, covariables de pré-période agrégées",cs,-3,-9.814282638347018e-05,0.0140178050301062,-0.0275725358276961,0.0273762501749292,0.994413818281818,96,2592,True,"conditionnement numériquement instable à 96 unités (cohortes de 2 à 33 départements, 6 covariables : estimations de plusieurs log-points au test de fonctionnement) ; rapporté, non interprétable, hors familles de Holm (A2.5) ; covariables : log_med12, share_fsup, unemp_1524, dens_inter, dens_rural, pretrend_0811 (doublement robuste) ; contrôle = not_yet_treated ; fenêtre 1998-2024 ; 96 traitées, 0 jamais traitées sur la fenêtre ; ATT(g,t) identifiés jusqu'en 2017 (sans unité jamais traitée, la dernière cohorte sert de contrôle) ; grappes = dep (96)",event,0.0,96.0,0.0,0.0,1998.0,2024.0,1998.0,2017.0,96.0,1.0,dr,5.0,89.0,,,,,,,,,,
h2,H2,H2c,log(naissances / 1 000 f. 25-29),"département, bascule D3 ≥ 50 %, covariables de pré-période agrégées",cs,-2,0.0149121199909668,0.0136681996292994,-0.0118770590159638,0.0417012989978975,0.2752692063053994,96,2592,True,"conditionnement numériquement instable à 96 unités (cohortes de 2 à 33 départements, 6 covariables : estimations de plusieurs log-points au test de fonctionnement) ; rapporté, non interprétable, hors familles de Holm (A2.5) ; covariables : log_med12, share_fsup, unemp_1524, dens_inter, dens_rural, pretrend_0811 (doublement robuste) ; contrôle = not_yet_treated ; fenêtre 1998-2024 ; 96 traitées, 0 jamais traitées sur la fenêtre ; ATT(g,t) identifiés jusqu'en 2017 (sans unité jamais traitée, la dernière cohorte sert de contrôle) ; grappes = dep (96)",event,0.0,96.0,0.0,0.0,1998.0,2024.0,1998.0,2017.0,96.0,1.0,dr,5.0,89.0,,,,,,,,,,
h2,H2,H2c,log(naissances / 1 000 f. 25-29),"département, bascule D3 ≥ 50 %, covariables de pré-période agrégées",cs,0,0.0259270189163575,0.015338167171929,-0.0041352363294779,0.0559892741621931,0.0909591693184335,96,2592,True,"conditionnement numériquement instable à 96 unités (cohortes de 2 à 33 départements, 6 covariables : estimations de plusieurs log-points au test de fonctionnement) ; rapporté, non interprétable, hors familles de Holm (A2.5) ; covariables : log_med12, share_fsup, unemp_1524, dens_inter, dens_rural, pretrend_0811 (doublement robuste) ; contrôle = not_yet_treated ; fenêtre 1998-2024 ; 96 traitées, 0 jamais traitées sur la fenêtre ; ATT(g,t) identifiés jusqu'en 2017 (sans unité jamais traitée, la dernière cohorte sert de contrôle) ; grappes = dep (96)",event,0.0,96.0,0.0,0.0,1998.0,2024.0,1998.0,2017.0,96.0,1.0,dr,5.0,89.0,,,,,,,,,,
h2,H2,H2c,log(naissances / 1 000 f. 25-29),"département, bascule D3 ≥ 50 %, covariables de pré-période agrégées",cs,4,0.7188878761909769,0.7590012323996588,-0.7687272035338699,2.206502955915824,0.3435624441599931,96,2592,True,"conditionnement numériquement instable à 96 unités (cohortes de 2 à 33 départements, 6 covariables : estimations de plusieurs log-points au test de fonctionnement) ; rapporté, non interprétable, hors familles de Holm (A2.5) ; covariables : log_med12, share_fsup, unemp_1524, dens_inter, dens_rural, pretrend_0811 (doublement robuste) ; contrôle = not_yet_treated ; fenêtre 1998-2024 ; 96 traitées, 0 jamais traitées sur la fenêtre ; ATT(g,t) identifiés jusqu'en 2017 (sans unité jamais traitée, la dernière cohorte sert de contrôle) ; grappes = dep (96)",event,0.0,96.0,0.0,0.0,1998.0,2024.0,1998.0,2017.0,96.0,1.0,dr,1.0,2.0,,,,,,,,,,
h2,H2,H2c,log(naissances / 1 000 f. 25-29),"département, bascule D3 ≥ 50 %, covariables de pré-période agrégées",cs,"ATT[1,4]",0.7188878761909769,0.7590012323996588,-0.7687272035338699,2.206502955915824,0.3435624441599931,96,2592,True,"conditionnement numériquement instable à 96 unités (cohortes de 2 à 33 départements, 6 covariables : estimations de plusieurs log-points au test de fonctionnement) ; rapporté, non interprétable, hors familles de Holm (A2.5) ; covariables : log_med12, share_fsup, unemp_1524, dens_inter, dens_rural, pretrend_0811 (doublement robuste) ; contrôle = not_yet_treated ; fenêtre 1998-2024 ; 96 traitées, 0 jamais traitées sur la fenêtre ; ATT(g,t) identifiés jusqu'en 2017 (sans unité jamais traitée, la dernière cohorte sert de contrôle) ; grappes = dep (96) ; écart-type avec covariance complète des coefficients (fonctions d'influence)",post_avg,0.0,96.0,0.0,0.0,1998.0,2024.0,1998.0,2017.0,96.0,1.0,dr,,,,,1.0,,,,,,,
h2,H2,H2c,log(naissances / 1 000 f. 25-29),"département, bascule D3 ≥ 50 %, covariables de pré-période agrégées",cs,ATT,0.0446556907345905,0.029206047927294,-0.0125871113336565,0.1018984928028376,0.1262674703551481,96,2592,True,"conditionnement numériquement instable à 96 unités (cohortes de 2 à 33 départements, 6 covariables : estimations de plusieurs log-points au test de fonctionnement) ; rapporté, non interprétable, hors familles de Holm (A2.5) ; covariables : log_med12, share_fsup, unemp_1524, dens_inter, dens_rural, pretrend_0811 (doublement robuste) ; contrôle = not_yet_treated ; fenêtre 1998-2024 ; 96 traitées, 0 jamais traitées sur la fenêtre ; ATT(g,t) identifiés jusqu'en 2017 (sans unité jamais traitée, la dernière cohorte sert de contrôle) ; grappes = dep (96) ; moyenne de tous les ATT(g,t) post",simple,0.0,96.0,0.0,0.0,1998.0,2024.0,1998.0,2017.0,96.0,1.0,dr,,,,,,,,,,,,
h2,H2,H2c,log(naissances / 1 000 f. 25-29),"département, bascule D3 ≥ 50 %, covariables de pré-période agrégées",cs,Wald pré (-8..-2),10.286397847561055,,,,0.1729161423116093,96,2592,True,"H5c : test de Wald joint de nullité des coefficients pré avec covariance des fonctions d'influence, df = 7 ; fenêtre 1998-2024 ; 96 traitées, 0 jamais traitées sur la fenêtre",pre_test,0.0,96.0,0.0,0.0,1998.0,2024.0,1998.0,2017.0,96.0,1.0,dr,,,,,,7.0,,,,,,
h2,H2,H2c,log(naissances / 1 000 f. 30-34),"département, bascule D3 ≥ 50 %",cs,-8,-0.0056807541179211,0.0069110168141643,-0.0192260981702339,0.0078645899343917,0.4110852724479844,96,2592,False," ; contrôle = not_yet_treated ; fenêtre 1998-2024 ; 96 traitées, 0 jamais traitées sur la fenêtre ; ATT(g,t) identifiés jusqu'en 2017 (sans unité jamais traitée, la dernière cohorte sert de contrôle) ; grappes = dep (96)",event,0.0,96.0,0.0,0.0,1998.0,2024.0,1998.0,2017.0,96.0,4.0,reg,5.0,89.0,,,,,,,,,,
h2,H2,H2c,log(naissances / 1 000 f. 30-34),"département, bascule D3 ≥ 50 %",cs,-7,0.0049015291282208,0.0086751400454509,-0.012101432921704,0.0219044911781457,0.5720678836068177,96,2592,False," ; contrôle = not_yet_treated ; fenêtre 1998-2024 ; 96 traitées, 0 jamais traitées sur la fenêtre ; ATT(g,t) identifiés jusqu'en 2017 (sans unité jamais traitée, la dernière cohorte sert de contrôle) ; grappes = dep (96)",event,0.0,96.0,0.0,0.0,1998.0,2024.0,1998.0,2017.0,96.0,4.0,reg,5.0,89.0,,,,,,,,,,
h2,H2,H2c,log(naissances / 1 000 f. 30-34),"département, bascule D3 ≥ 50 %",cs,-6,0.0090151169416167,0.0084394242367803,-0.0075258506127271,0.0255560844959607,0.2854236800079068,96,2592,False," ; contrôle = not_yet_treated ; fenêtre 1998-2024 ; 96 traitées, 0 jamais traitées sur la fenêtre ; ATT(g,t) identifiés jusqu'en 2017 (sans unité jamais traitée, la dernière cohorte sert de contrôle) ; grappes = dep (96)",event,0.0,96.0,0.0,0.0,1998.0,2024.0,1998.0,2017.0,96.0,4.0,reg,5.0,89.0,,,,,,,,,,
h2,H2,H2c,log(naissances / 1 000 f. 30-34),"département, bascule D3 ≥ 50 %",cs,-5,0.0073631734478414,0.0075628478973984,-0.007459736051614,0.0221860829472969,0.3302561889255402,96,2592,False," ; contrôle = not_yet_treated ; fenêtre 1998-2024 ; 96 traitées, 0 jamais traitées sur la fenêtre ; ATT(g,t) identifiés jusqu'en 2017 (sans unité jamais traitée, la dernière cohorte sert de contrôle) ; grappes = dep (96)",event,0.0,96.0,0.0,0.0,1998.0,2024.0,1998.0,2017.0,96.0,4.0,reg,5.0,89.0,,,,,,,,,,
h2,H2,H2c,log(naissances / 1 000 f. 30-34),"département, bascule D3 ≥ 50 %",cs,-4,0.0216438082342924,0.0076888020221799,0.006574033186561,0.0367135832820238,0.0048780579182114,96,2592,False," ; contrôle = not_yet_treated ; fenêtre 1998-2024 ; 96 traitées, 0 jamais traitées sur la fenêtre ; ATT(g,t) identifiés jusqu'en 2017 (sans unité jamais traitée, la dernière cohorte sert de contrôle) ; grappes = dep (96)",event,0.0,96.0,0.0,0.0,1998.0,2024.0,1998.0,2017.0,96.0,4.0,reg,5.0,89.0,,,,,,,,,,
h2,H2,H2c,log(naissances / 1 000 f. 30-34),"département, bascule D3 ≥ 50 %",cs,-3,0.0077855237853476,0.0069398266867826,-0.0058162865796963,0.0213873341503916,0.261921368685723,96,2592,False," ; contrôle = not_yet_treated ; fenêtre 1998-2024 ; 96 traitées, 0 jamais traitées sur la fenêtre ; ATT(g,t) identifiés jusqu'en 2017 (sans unité jamais traitée, la dernière cohorte sert de contrôle) ; grappes = dep (96)",event,0.0,96.0,0.0,0.0,1998.0,2024.0,1998.0,2017.0,96.0,4.0,reg,5.0,89.0,,,,,,,,,,
h2,H2,H2c,log(naissances / 1 000 f. 30-34),"département, bascule D3 ≥ 50 %",cs,-2,0.0002828578451072,0.0077757857313954,-0.0149574021399282,0.0155231178301428,0.9709819494887812,96,2592,False," ; contrôle = not_yet_treated ; fenêtre 1998-2024 ; 96 traitées, 0 jamais traitées sur la fenêtre ; ATT(g,t) identifiés jusqu'en 2017 (sans unité jamais traitée, la dernière cohorte sert de contrôle) ; grappes = dep (96)",event,0.0,96.0,0.0,0.0,1998.0,2024.0,1998.0,2017.0,96.0,4.0,reg,5.0,89.0,,,,,,,,,,
h2,H2,H2c,log(naissances / 1 000 f. 30-34),"département, bascule D3 ≥ 50 %",cs,0,0.0160508894519184,0.0077346800094577,0.0008911952014393,0.0312105837023975,0.0379694220308309,96,2592,False," ; contrôle = not_yet_treated ; fenêtre 1998-2024 ; 96 traitées, 0 jamais traitées sur la fenêtre ; ATT(g,t) identifiés jusqu'en 2017 (sans unité jamais traitée, la dernière cohorte sert de contrôle) ; grappes = dep (96)",event,0.0,96.0,0.0,0.0,1998.0,2024.0,1998.0,2017.0,96.0,4.0,reg,5.0,89.0,,,,,,,,,,
h2,H2,H2c,log(naissances / 1 000 f. 30-34),"département, bascule D3 ≥ 50 %",cs,1,0.0184749040336845,0.0110778142277989,-0.0032372128802268,0.0401870209475959,0.0953675281025422,96,2592,False," ; contrôle = not_yet_treated ; fenêtre 1998-2024 ; 96 traitées, 0 jamais traitées sur la fenêtre ; ATT(g,t) identifiés jusqu'en 2017 (sans unité jamais traitée, la dernière cohorte sert de contrôle) ; grappes = dep (96)",event,0.0,96.0,0.0,0.0,1998.0,2024.0,1998.0,2017.0,96.0,4.0,reg,4.0,74.0,,,,,,,,,,
h2,H2,H2c,log(naissances / 1 000 f. 30-34),"département, bascule D3 ≥ 50 %",cs,2,0.0256399692037555,0.0165636594541727,-0.0068242067786093,0.0581041451861204,0.1216306638829035,96,2592,False," ; contrôle = not_yet_treated ; fenêtre 1998-2024 ; 96 traitées, 0 jamais traitées sur la fenêtre ; ATT(g,t) identifiés jusqu'en 2017 (sans unité jamais traitée, la dernière cohorte sert de contrôle) ; grappes = dep (96)",event,0.0,96.0,0.0,0.0,1998.0,2024.0,1998.0,2017.0,96.0,4.0,reg,3.0,51.0,,,,,,,,,,
h2,H2,H2c,log(naissances / 1 000 f. 30-34),"département, bascule D3 ≥ 50 %",cs,3,0.0030643261154014,0.0339993077082649,-0.0635730924920929,0.0697017447228958,0.9281846456408606,96,2592,False," ; contrôle = not_yet_treated ; fenêtre 1998-2024 ; 96 traitées, 0 jamais traitées sur la fenêtre ; ATT(g,t) identifiés jusqu'en 2017 (sans unité jamais traitée, la dernière cohorte sert de contrôle) ; grappes = dep (96)",event,0.0,96.0,0.0,0.0,1998.0,2024.0,1998.0,2017.0,96.0,4.0,reg,2.0,35.0,,,,,,,,,,
h2,H2,H2c,log(naissances / 1 000 f. 30-34),"département, bascule D3 ≥ 50 %",cs,4,0.0507178923297729,0.023019433364097,0.0056006319916229,0.0958351526679228,0.0275761360605043,96,2592,False," ; contrôle = not_yet_treated ; fenêtre 1998-2024 ; 96 traitées, 0 jamais traitées sur la fenêtre ; ATT(g,t) identifiés jusqu'en 2017 (sans unité jamais traitée, la dernière cohorte sert de contrôle) ; grappes = dep (96)",event,0.0,96.0,0.0,0.0,1998.0,2024.0,1998.0,2017.0,96.0,4.0,reg,1.0,2.0,,,,,,,,,,
h2,H2,H2c,log(naissances / 1 000 f. 30-34),"département, bascule D3 ≥ 50 %",cs,"ATT[1,4]",0.0244742729206536,0.0169153070008132,-0.0086791195883785,0.0576276654296857,0.147932961215382,96,2592,False," ; contrôle = not_yet_treated ; fenêtre 1998-2024 ; 96 traitées, 0 jamais traitées sur la fenêtre ; ATT(g,t) identifiés jusqu'en 2017 (sans unité jamais traitée, la dernière cohorte sert de contrôle) ; grappes = dep (96) ; écart-type avec covariance complète des coefficients (fonctions d'influence)",post_avg,0.0,96.0,0.0,0.0,1998.0,2024.0,1998.0,2017.0,96.0,4.0,reg,,,,,4.0,,,,,,,
h2,H2,H2c,log(naissances / 1 000 f. 30-34),"département, bascule D3 ≥ 50 %",cs,ATT,0.0171792736565877,0.0121442055271509,-0.0066229317974803,0.0409814791106558,0.1571838637679337,96,2592,False," ; contrôle = not_yet_treated ; fenêtre 1998-2024 ; 96 traitées, 0 jamais traitées sur la fenêtre ; ATT(g,t) identifiés jusqu'en 2017 (sans unité jamais traitée, la dernière cohorte sert de contrôle) ; grappes = dep (96) ; moyenne de tous les ATT(g,t) post",simple,0.0,96.0,0.0,0.0,1998.0,2024.0,1998.0,2017.0,96.0,4.0,reg,,,,,,,,,,,,
h2,H2,H2c,log(naissances / 1 000 f. 30-34),"département, bascule D3 ≥ 50 %",cs,Wald pré (-8..-2),23.47765000366066,,,,0.001406870414768,96,2592,False,"H5c : test de Wald joint de nullité des coefficients pré avec covariance des fonctions d'influence, df = 7 ; fenêtre 1998-2024 ; 96 traitées, 0 jamais traitées sur la fenêtre",pre_test,0.0,96.0,0.0,0.0,1998.0,2024.0,1998.0,2017.0,96.0,4.0,reg,,,,,,7.0,,,,,,
h2,H2,H2c,log(naissances / 1 000 f. 30-34),"département, bascule D3 ≥ 50 % ; fenêtre identifiée ≤ 2017, cohorte 2018 = contrôle",sunab,-8,-0.0075080607177469,0.0141594037552292,-0.0352599821205574,0.0202438606850635,0.5959368029419709,96,2592,False," ; fenêtre 1998-2024 ; 96 traitées, 0 jamais traitées sur la fenêtre ; comparaisons sur la fenêtre identifiée (années < 2018, cohorte 2018 recodée contrôle, 7 unités de contrôle) ; cellules −8 et +8 bornées",event,0.0,96.0,0.0,0.0,1998.0,2024.0,,,,,,,,,,,,,,,,,
h2,H2,H2c,log(naissances / 1 000 f. 30-34),"département, bascule D3 ≥ 50 % ; fenêtre identifiée ≤ 2017, cohorte 2018 = contrôle",sunab,-7,-0.0029927385874395,0.0147265903194959,-0.0318563252287278,0.0258708480538487,0.8389630333364542,96,2592,False," ; fenêtre 1998-2024 ; 96 traitées, 0 jamais traitées sur la fenêtre ; comparaisons sur la fenêtre identifiée (années < 2018, cohorte 2018 recodée contrôle, 7 unités de contrôle) ; cellules −8 et +8 bornées",event,0.0,96.0,0.0,0.0,1998.0,2024.0,,,,,,,,,,,,,,,,,
h2,H2,H2c,log(naissances / 1 000 f. 30-34),"département, bascule D3 ≥ 50 % ; fenêtre identifiée ≤ 2017, cohorte 2018 = contrôle",sunab,-6,0.0053574429646593,0.0164903161264334,-0.0269629827368303,0.037677868666149,0.7452687244552132,96,2592,False," ; fenêtre 1998-2024 ; 96 traitées, 0 jamais traitées sur la fenêtre ; comparaisons sur la fenêtre identifiée (années < 2018, cohorte 2018 recodée contrôle, 7 unités de contrôle) ; cellules −8 et +8 bornées",event,0.0,96.0,0.0,0.0,1998.0,2024.0,,,,,,,,,,,,,,,,,
h2,H2,H2c,log(naissances / 1 000 f. 30-34),"département, bascule D3 ≥ 50 % ; fenêtre identifiée ≤ 2017, cohorte 2018 = contrôle",sunab,-5,0.011898504172241,0.0147458380917105,-0.0170028074093705,0.0407998157538526,0.4197206831343654,96,2592,False," ; fenêtre 1998-2024 ; 96 traitées, 0 jamais traitées sur la fenêtre ; comparaisons sur la fenêtre identifiée (années < 2018, cohorte 2018 recodée contrôle, 7 unités de contrôle) ; cellules −8 et +8 bornées",event,0.0,96.0,0.0,0.0,1998.0,2024.0,,,,,,,,,,,,,,,,,
h2,H2,H2c,log(naissances / 1 000 f. 30-34),"département, bascule D3 ≥ 50 % ; fenêtre identifiée ≤ 2017, cohorte 2018 = contrôle",sunab,-4,0.0280625193057758,0.015600248507099,-0.0025134059180129,0.0586384445295646,0.0720422870815267,96,2592,False," ; fenêtre 1998-2024 ; 96 traitées, 0 jamais traitées sur la fenêtre ; comparaisons sur la fenêtre identifiée (années < 2018, cohorte 2018 recodée contrôle, 7 unités de contrôle) ; cellules −8 et +8 bornées",event,0.0,96.0,0.0,0.0,1998.0,2024.0,,,,,,,,,,,,,,,,,
h2,H2,H2c,log(naissances / 1 000 f. 30-34),"département, bascule D3 ≥ 50 % ; fenêtre identifiée ≤ 2017, cohorte 2018 = contrôle",sunab,-3,0.0192635193499856,0.0105565549198764,-0.0014269480937913,0.0399539867937626,0.0680323894656501,96,2592,False," ; fenêtre 1998-2024 ; 96 traitées, 0 jamais traitées sur la fenêtre ; comparaisons sur la fenêtre identifiée (années < 2018, cohorte 2018 recodée contrôle, 7 unités de contrôle) ; cellules −8 et +8 bornées",event,0.0,96.0,0.0,0.0,1998.0,2024.0,,,,,,,,,,,,,,,,,
h2,H2,H2c,log(naissances / 1 000 f. 30-34),"département, bascule D3 ≥ 50 % ; fenêtre identifiée ≤ 2017, cohorte 2018 = contrôle",sunab,-2,0.0049817916418874,0.0107627922072473,-0.0161128934574057,0.0260764767411805,0.6434563525752408,96,2592,False," ; fenêtre 1998-2024 ; 96 traitées, 0 jamais traitées sur la fenêtre ; comparaisons sur la fenêtre identifiée (années < 2018, cohorte 2018 recodée contrôle, 7 unités de contrôle) ; cellules −8 et +8 bornées",event,0.0,96.0,0.0,0.0,1998.0,2024.0,,,,,,,,,,,,,,,,,
h2,H2,H2c,log(naissances / 1 000 f. 30-34),"département, bascule D3 ≥ 50 % ; fenêtre identifiée ≤ 2017, cohorte 2018 = contrôle",sunab,0,0.0064631962431168,0.0088633226491584,-0.0109085969325919,0.0238349894188255,0.4658750965922608,96,2592,False," ; fenêtre 1998-2024 ; 96 traitées, 0 jamais traitées sur la fenêtre ; comparaisons sur la fenêtre identifiée (années < 2018, cohorte 2018 recodée contrôle, 7 unités de contrôle) ; cellules −8 et +8 bornées",event,0.0,96.0,0.0,0.0,1998.0,2024.0,,,,,,,,,,,,,,,,,
h2,H2,H2c,log(naissances / 1 000 f. 30-34),"département, bascule D3 ≥ 50 % ; fenêtre identifiée ≤ 2017, cohorte 2018 = contrôle",sunab,1,-0.0053874355761859,0.0165934186554622,-0.037909938521287,0.027135067368915,0.7454285458172059,96,2592,False," ; fenêtre 1998-2024 ; 96 traitées, 0 jamais traitées sur la fenêtre ; comparaisons sur la fenêtre identifiée (années < 2018, cohorte 2018 recodée contrôle, 7 unités de contrôle) ; cellules −8 et +8 bornées",event,0.0,96.0,0.0,0.0,1998.0,2024.0,,,,,,,,,,,,,,,,,
h2,H2,H2c,log(naissances / 1 000 f. 30-34),"département, bascule D3 ≥ 50 % ; fenêtre identifiée ≤ 2017, cohorte 2018 = contrôle",sunab,2,0.0058845393271238,0.0231210343750221,-0.0394318553332322,0.0512009339874798,0.7991014168647699,96,2592,False," ; fenêtre 1998-2024 ; 96 traitées, 0 jamais traitées sur la fenêtre ; comparaisons sur la fenêtre identifiée (années < 2018, cohorte 2018 recodée contrôle, 7 unités de contrôle) ; cellules −8 et +8 bornées",event,0.0,96.0,0.0,0.0,1998.0,2024.0,,,,,,,,,,,,,,,,,
h2,H2,H2c,log(naissances / 1 000 f. 30-34),"département, bascule D3 ≥ 50 % ; fenêtre identifiée ≤ 2017, cohorte 2018 = contrôle",sunab,3,0.0027315015052063,0.0341637165269345,-0.0642281524656212,0.0696911554760338,0.9362744068510456,96,2592,False," ; fenêtre 1998-2024 ; 96 traitées, 0 jamais traitées sur la fenêtre ; comparaisons sur la fenêtre identifiée (années < 2018, cohorte 2018 recodée contrôle, 7 unités de contrôle) ; cellules −8 et +8 bornées",event,0.0,96.0,0.0,0.0,1998.0,2024.0,,,,,,,,,,,,,,,,,
h2,H2,H2c,log(naissances / 1 000 f. 30-34),"département, bascule D3 ≥ 50 % ; fenêtre identifiée ≤ 2017, cohorte 2018 = contrôle",sunab,4,0.0507178923297746,0.0235678554633789,0.0045257444287064,0.0969100402308429,0.0313977975895477,96,2592,False," ; fenêtre 1998-2024 ; 96 traitées, 0 jamais traitées sur la fenêtre ; comparaisons sur la fenêtre identifiée (années < 2018, cohorte 2018 recodée contrôle, 7 unités de contrôle) ; cellules −8 et +8 bornées",event,0.0,96.0,0.0,0.0,1998.0,2024.0,,,,,,,,,,,,,,,,,
h2,H2,H2c,log(naissances / 1 000 f. 30-34),"département, bascule D3 ≥ 50 % ; fenêtre identifiée ≤ 2017, cohorte 2018 = contrôle",sunab,"ATT[1,4]",0.0134866243964797,0.020255288673166,-0.0262130118993879,0.0531862606923473,0.5055183299267854,96,2592,False," ; fenêtre 1998-2024 ; 96 traitées, 0 jamais traitées sur la fenêtre ; comparaisons sur la fenêtre identifiée (années < 2018, cohorte 2018 recodée contrôle, 7 unités de contrôle) ; écart-type avec covariance complète (w'Vw)",post_avg,0.0,96.0,0.0,0.0,1998.0,2024.0,,,,,,,,,,,,,,,,,
h2,H2,H2c,log(naissances / 1 000 f. 30-34),"département, bascule D3 ≥ 50 % ; fenêtre identifiée ≤ 2017, cohorte 2018 = contrôle",sunab,Wald pré (-8..−2),51.25663626343122,,,,8.179126707385226e-09,96,2592,False,"test de Wald joint, covariance groupée, df = 7 ; fenêtre 1998-2024 ; 96 traitées, 0 jamais traitées sur la fenêtre",pre_test,0.0,96.0,0.0,0.0,1998.0,2024.0,,,,,,,,,,,7.0,,,,,,
h2,H2,H2c,log(naissances / 1 000 f. 30-34),"département, bascule D3 ≥ 50 % ; fenêtre identifiée ≤ 2017, cohorte 2018 = contrôle",did2s,-8,-0.0004903375821696,0.0004066824508151,-0.0012874205389118,0.0003067453745726,0.2279326622297076,96,2592,False," ; fenêtre 1998-2024 ; 96 traitées, 0 jamais traitées sur la fenêtre ; comparaisons sur la fenêtre identifiée (années < 2018, cohorte 2018 recodée contrôle, 7 unités de contrôle) ; cellules −8 et +8 bornées",event,0.0,96.0,0.0,0.0,1998.0,2024.0,,,,,,,,,,,,,,,,,
h2,H2,H2c,log(naissances / 1 000 f. 30-34),"département, bascule D3 ≥ 50 % ; fenêtre identifiée ≤ 2017, cohorte 2018 = contrôle",did2s,-7,-0.0030156179551692,0.0030881616225872,-0.0090683035138789,0.0030370676035404,0.3288122360107572,96,2592,False," ; fenêtre 1998-2024 ; 96 traitées, 0 jamais traitées sur la fenêtre ; comparaisons sur la fenêtre identifiée (années < 2018, cohorte 2018 recodée contrôle, 7 unités de contrôle) ; cellules −8 et +8 bornées",event,0.0,96.0,0.0,0.0,1998.0,2024.0,,,,,,,,,,,,,,,,,
h2,H2,H2c,log(naissances / 1 000 f. 30-34),"département, bascule D3 ≥ 50 % ; fenêtre identifiée ≤ 2017, cohorte 2018 = contrôle",did2s,-6,-0.0007811043077733,0.0022565842581708,-0.0052039281818681,0.0036417195663214,0.7292340959499142,96,2592,False," ; fenêtre 1998-2024 ; 96 traitées, 0 jamais traitées sur la fenêtre ; comparaisons sur la fenêtre identifiée (années < 2018, cohorte 2018 recodée contrôle, 7 unités de contrôle) ; cellules −8 et +8 bornées",event,0.0,96.0,0.0,0.0,1998.0,2024.0,,,,,,,,,,,,,,,,,
h2,H2,H2c,log(naissances / 1 000 f. 30-34),"département, bascule D3 ≥ 50 % ; fenêtre identifiée ≤ 2017, cohorte 2018 = contrôle",did2s,-5,-0.0013751665744788,0.0029206138962668,-0.007099464623909,0.0043491314749513,0.637748951001675,96,2592,False," ; fenêtre 1998-2024 ; 96 traitées, 0 jamais traitées sur la fenêtre ; comparaisons sur la fenêtre identifiée (années < 2018, cohorte 2018 recodée contrôle, 7 unités de contrôle) ; cellules −8 et +8 bornées",event,0.0,96.0,0.0,0.0,1998.0,2024.0,,,,,,,,,,,,,,,,,
h2,H2,H2c,log(naissances / 1 000 f. 30-34),"département, bascule D3 ≥ 50 % ; fenêtre identifiée ≤ 2017, cohorte 2018 = contrôle",did2s,-4,0.0080491660334443,0.0026390388922999,0.0028767448507359,0.0132215872161527,0.0022881324267909,96,2592,False," ; fenêtre 1998-2024 ; 96 traitées, 0 jamais traitées sur la fenêtre ; comparaisons sur la fenêtre identifiée (années < 2018, cohorte 2018 recodée contrôle, 7 unités de contrôle) ; cellules −8 et +8 bornées",event,0.0,96.0,0.0,0.0,1998.0,2024.0,,,,,,,,,,,,,,,,,
h2,H2,H2c,log(naissances / 1 000 f. 30-34),"département, bascule D3 ≥ 50 % ; fenêtre identifiée ≤ 2017, cohorte 2018 = contrôle",did2s,-3,0.0030244903725485,0.002701195336354,-0.0022697552019129,0.00831873594701,0.2628476291519884,96,2592,False," ; fenêtre 1998-2024 ; 96 traitées, 0 jamais traitées sur la fenêtre ; comparaisons sur la fenêtre identifiée (années < 2018, cohorte 2018 recodée contrôle, 7 unités de contrôle) ; cellules −8 et +8 bornées",event,0.0,96.0,0.0,0.0,1998.0,2024.0,,,,,,,,,,,,,,,,,
h2,H2,H2c,log(naissances / 1 000 f. 30-34),"département, bascule D3 ≥ 50 % ; fenêtre identifiée ≤ 2017, cohorte 2018 = contrôle",did2s,-2,0.00069410745055,0.0029423334787238,-0.0050727601982552,0.0064609750993552,0.8135073716954635,96,2592,False," ; fenêtre 1998-2024 ; 96 traitées, 0 jamais traitées sur la fenêtre ; comparaisons sur la fenêtre identifiée (années < 2018, cohorte 2018 recodée contrôle, 7 unités de contrôle) ; cellules −8 et +8 bornées",event,0.0,96.0,0.0,0.0,1998.0,2024.0,,,,,,,,,,,,,,,,,
h2,H2,H2c,log(naissances / 1 000 f. 30-34),"département, bascule D3 ≥ 50 % ; fenêtre identifiée ≤ 2017, cohorte 2018 = contrôle",did2s,0,0.0140738721489853,0.0055521477127001,0.0031918625952466,0.024955881702724,0.0112494876567061,96,2592,False," ; fenêtre 1998-2024 ; 96 traitées, 0 jamais traitées sur la fenêtre ; comparaisons sur la fenêtre identifiée (années < 2018, cohorte 2018 recodée contrôle, 7 unités de contrôle) ; cellules −8 et +8 bornées",event,0.0,96.0,0.0,0.0,1998.0,2024.0,,,,,,,,,,,,,,,,,
h2,H2,H2c,log(naissances / 1 000 f. 30-34),"département, bascule D3 ≥ 50 % ; fenêtre identifiée ≤ 2017, cohorte 2018 = contrôle",did2s,1,0.0103355989473893,0.0088999366901809,-0.0071079564300518,0.0277791543248306,0.2455152389988607,96,2592,False," ; fenêtre 1998-2024 ; 96 traitées, 0 jamais traitées sur la fenêtre ; comparaisons sur la fenêtre identifiée (années < 2018, cohorte 2018 recodée contrôle, 7 unités de contrôle) ; cellules −8 et +8 bornées",event,0.0,96.0,0.0,0.0,1998.0,2024.0,,,,,,,,,,,,,,,,,
h2,H2,H2c,log(naissances / 1 000 f. 30-34),"département, bascule D3 ≥ 50 % ; fenêtre identifiée ≤ 2017, cohorte 2018 = contrôle",did2s,2,0.0263056950988633,0.0108265851480339,0.0050859781331606,0.047525412064566,0.0151100113945862,96,2592,False," ; fenêtre 1998-2024 ; 96 traitées, 0 jamais traitées sur la fenêtre ; comparaisons sur la fenêtre identifiée (années < 2018, cohorte 2018 recodée contrôle, 7 unités de contrôle) ; cellules −8 et +8 bornées",event,0.0,96.0,0.0,0.0,1998.0,2024.0,,,,,,,,,,,,,,,,,
h2,H2,H2c,log(naissances / 1 000 f. 30-34),"département, bascule D3 ≥ 50 % ; fenêtre identifiée ≤ 2017, cohorte 2018 = contrôle",did2s,3,0.0318289738611635,0.0199791386574876,-0.0073294183496441,0.0709873660719713,0.1111354234899721,96,2592,False," ; fenêtre 1998-2024 ; 96 traitées, 0 jamais traitées sur la fenêtre ; comparaisons sur la fenêtre identifiée (années < 2018, cohorte 2018 recodée contrôle, 7 unités de contrôle) ; cellules −8 et +8 bornées",event,0.0,96.0,0.0,0.0,1998.0,2024.0,,,,,,,,,,,,,,,,,
h2,H2,H2c,log(naissances / 1 000 f. 30-34),"département, bascule D3 ≥ 50 % ; fenêtre identifiée ≤ 2017, cohorte 2018 = contrôle",did2s,4,0.0069696519737241,0.0321056962577647,-0.0559563563900771,0.0698956603375253,0.8281424214420816,96,2592,False," ; fenêtre 1998-2024 ; 96 traitées, 0 jamais traitées sur la fenêtre ; comparaisons sur la fenêtre identifiée (années < 2018, cohorte 2018 recodée contrôle, 7 unités de contrôle) ; cellules −8 et +8 bornées",event,0.0,96.0,0.0,0.0,1998.0,2024.0,,,,,,,,,,,,,,,,,
h2,H2,H2c,log(naissances / 1 000 f. 30-34),"département, bascule D3 ≥ 50 % ; fenêtre identifiée ≤ 2017, cohorte 2018 = contrôle",did2s,"ATT[1,4]",0.0188599799702851,0.0153486155290342,-0.0112227536791741,0.0489427136197443,0.2191565456620571,96,2592,False," ; fenêtre 1998-2024 ; 96 traitées, 0 jamais traitées sur la fenêtre ; comparaisons sur la fenêtre identifiée (années < 2018, cohorte 2018 recodée contrôle, 7 unités de contrôle) ; écart-type avec covariance complète (w'Vw)",post_avg,0.0,96.0,0.0,0.0,1998.0,2024.0,,,,,,,,,,,,,,,,,
h2,H2,H2c,log(naissances / 1 000 f. 30-34),"département, bascule D3 ≥ 50 % ; fenêtre identifiée ≤ 2017, cohorte 2018 = contrôle",did2s,Wald pré (-8..−2),13.431416236278087,,,,0.0622690973837331,96,2592,False,"test de Wald joint, covariance groupée, df = 7 ; fenêtre 1998-2024 ; 96 traitées, 0 jamais traitées sur la fenêtre",pre_test,0.0,96.0,0.0,0.0,1998.0,2024.0,,,,,,,,,,,7.0,,,,,,
h2,H2,H2c,log(naissances / 1 000 f. 30-34),"département, bascule D3 ≥ 50 % ; fenêtre identifiée ≤ 2017, cohorte 2018 = contrôle",twfe,-8,-0.0095360742359825,0.0105131163677579,-0.0301414036820665,0.0110692552101015,0.364372710033423,96,2592,False," ; fenêtre 1998-2024 ; 96 traitées, 0 jamais traitées sur la fenêtre ; comparaisons sur la fenêtre identifiée (années < 2018, cohorte 2018 recodée contrôle, 7 unités de contrôle) ; cellules −8 et +8 bornées",event,0.0,96.0,0.0,0.0,1998.0,2024.0,,,,,,,,,,,,,,,,,
h2,H2,H2c,log(naissances / 1 000 f. 30-34),"département, bascule D3 ≥ 50 % ; fenêtre identifiée ≤ 2017, cohorte 2018 = contrôle",twfe,-7,-0.0089323474062878,0.0104202230845572,-0.0293556093628928,0.0114909145503172,0.3913273533840695,96,2592,False," ; fenêtre 1998-2024 ; 96 traitées, 0 jamais traitées sur la fenêtre ; comparaisons sur la fenêtre identifiée (années < 2018, cohorte 2018 recodée contrôle, 7 unités de contrôle) ; cellules −8 et +8 bornées",event,0.0,96.0,0.0,0.0,1998.0,2024.0,,,,,,,,,,,,,,,,,
h2,H2,H2c,log(naissances / 1 000 f. 30-34),"département, bascule D3 ≥ 50 % ; fenêtre identifiée ≤ 2017, cohorte 2018 = contrôle",twfe,-6,-0.0038880578711154,0.0098981187578668,-0.0232880141512347,0.0155118984090038,0.6944614717717423,96,2592,False," ; fenêtre 1998-2024 ; 96 traitées, 0 jamais traitées sur la fenêtre ; comparaisons sur la fenêtre identifiée (années < 2018, cohorte 2018 recodée contrôle, 7 unités de contrôle) ; cellules −8 et +8 bornées",event,0.0,96.0,0.0,0.0,1998.0,2024.0,,,,,,,,,,,,,,,,,
h2,H2,H2c,log(naissances / 1 000 f. 30-34),"département, bascule D3 ≥ 50 % ; fenêtre identifiée ≤ 2017, cohorte 2018 = contrôle",twfe,-5,-0.0019822972787293,0.0091646405597391,-0.019944662707073,0.0159800681496143,0.8287551400819337,96,2592,False," ; fenêtre 1998-2024 ; 96 traitées, 0 jamais traitées sur la fenêtre ; comparaisons sur la fenêtre identifiée (années < 2018, cohorte 2018 recodée contrôle, 7 unités de contrôle) ; cellules −8 et +8 bornées",event,0.0,96.0,0.0,0.0,1998.0,2024.0,,,,,,,,,,,,,,,,,
h2,H2,H2c,log(naissances / 1 000 f. 30-34),"département, bascule D3 ≥ 50 % ; fenêtre identifiée ≤ 2017, cohorte 2018 = contrôle",twfe,-4,0.0103989370844988,0.008201565296662,-0.0056758355138122,0.02647370968281,0.2048261546633842,96,2592,False," ; fenêtre 1998-2024 ; 96 traitées, 0 jamais traitées sur la fenêtre ; comparaisons sur la fenêtre identifiée (années < 2018, cohorte 2018 recodée contrôle, 7 unités de contrôle) ; cellules −8 et +8 bornées",event,0.0,96.0,0.0,0.0,1998.0,2024.0,,,,,,,,,,,,,,,,,
h2,H2,H2c,log(naissances / 1 000 f. 30-34),"département, bascule D3 ≥ 50 % ; fenêtre identifiée ≤ 2017, cohorte 2018 = contrôle",twfe,-3,0.0056093883402718,0.0066798683910226,-0.0074829131276,0.0187016898081437,0.4010511875852811,96,2592,False," ; fenêtre 1998-2024 ; 96 traitées, 0 jamais traitées sur la fenêtre ; comparaisons sur la fenêtre identifiée (années < 2018, cohorte 2018 recodée contrôle, 7 unités de contrôle) ; cellules −8 et +8 bornées",event,0.0,96.0,0.0,0.0,1998.0,2024.0,,,,,,,,,,,,,,,,,
h2,H2,H2c,log(naissances / 1 000 f. 30-34),"département, bascule D3 ≥ 50 % ; fenêtre identifiée ≤ 2017, cohorte 2018 = contrôle",twfe,-2,0.0037686374452667,0.0056859084657144,-0.0073755383669248,0.0149128132574584,0.5074567031308026,96,2592,False," ; fenêtre 1998-2024 ; 96 traitées, 0 jamais traitées sur la fenêtre ; comparaisons sur la fenêtre identifiée (années < 2018, cohorte 2018 recodée contrôle, 7 unités de contrôle) ; cellules −8 et +8 bornées",event,0.0,96.0,0.0,0.0,1998.0,2024.0,,,,,,,,,,,,,,,,,
h2,H2,H2c,log(naissances / 1 000 f. 30-34),"département, bascule D3 ≥ 50 % ; fenêtre identifiée ≤ 2017, cohorte 2018 = contrôle",twfe,0,0.0142269466028583,0.005293994413255,0.0038509082185222,0.0246029849871945,0.0072016117850945,96,2592,False," ; fenêtre 1998-2024 ; 96 traitées, 0 jamais traitées sur la fenêtre ; comparaisons sur la fenêtre identifiée (années < 2018, cohorte 2018 recodée contrôle, 7 unités de contrôle) ; cellules −8 et +8 bornées",event,0.0,96.0,0.0,0.0,1998.0,2024.0,,,,,,,,,,,,,,,,,
h2,H2,H2c,log(naissances / 1 000 f. 30-34),"département, bascule D3 ≥ 50 % ; fenêtre identifiée ≤ 2017, cohorte 2018 = contrôle",twfe,1,0.0139897536193374,0.0070085253193861,0.0002532964086034,0.0277262108300713,0.0459224764882042,96,2592,False," ; fenêtre 1998-2024 ; 96 traitées, 0 jamais traitées sur la fenêtre ; comparaisons sur la fenêtre identifiée (années < 2018, cohorte 2018 recodée contrôle, 7 unités de contrôle) ; cellules −8 et +8 bornées",event,0.0,96.0,0.0,0.0,1998.0,2024.0,,,,,,,,,,,,,,,,,
h2,H2,H2c,log(naissances / 1 000 f. 30-34),"département, bascule D3 ≥ 50 % ; fenêtre identifiée ≤ 2017, cohorte 2018 = contrôle",twfe,2,0.0245817478037045,0.0096094163452786,0.0057476378545079,0.0434158577529011,0.0105248976717112,96,2592,False," ; fenêtre 1998-2024 ; 96 traitées, 0 jamais traitées sur la fenêtre ; comparaisons sur la fenêtre identifiée (années < 2018, cohorte 2018 recodée contrôle, 7 unités de contrôle) ; cellules −8 et +8 bornées",event,0.0,96.0,0.0,0.0,1998.0,2024.0,,,,,,,,,,,,,,,,,
h2,H2,H2c,log(naissances / 1 000 f. 30-34),"département, bascule D3 ≥ 50 % ; fenêtre identifiée ≤ 2017, cohorte 2018 = contrôle",twfe,3,0.0394265107958241,0.012869605795323,0.0142025469417631,0.0646504746498852,0.0021873730928458,96,2592,False," ; fenêtre 1998-2024 ; 96 traitées, 0 jamais traitées sur la fenêtre ; comparaisons sur la fenêtre identifiée (années < 2018, cohorte 2018 recodée contrôle, 7 unités de contrôle) ; cellules −8 et +8 bornées",event,0.0,96.0,0.0,0.0,1998.0,2024.0,,,,,,,,,,,,,,,,,
h2,H2,H2c,log(naissances / 1 000 f. 30-34),"département, bascule D3 ≥ 50 % ; fenêtre identifiée ≤ 2017, cohorte 2018 = contrôle",twfe,4,0.0229723052325862,0.0245316373245695,-0.0251088204053685,0.071053430870541,0.3490488148413645,96,2592,False," ; fenêtre 1998-2024 ; 96 traitées, 0 jamais traitées sur la fenêtre ; comparaisons sur la fenêtre identifiée (années < 2018, cohorte 2018 recodée contrôle, 7 unités de contrôle) ; cellules −8 et +8 bornées",event,0.0,96.0,0.0,0.0,1998.0,2024.0,,,,,,,,,,,,,,,,,
h2,H2,H2c,log(naissances / 1 000 f. 30-34),"département, bascule D3 ≥ 50 % ; fenêtre identifiée ≤ 2017, cohorte 2018 = contrôle",twfe,"ATT[1,4]",0.025242579362863,0.0113646507165069,0.0029682732616321,0.047516885464094,0.0263408902817624,96,2592,False," ; fenêtre 1998-2024 ; 96 traitées, 0 jamais traitées sur la fenêtre ; comparaisons sur la fenêtre identifiée (années < 2018, cohorte 2018 recodée contrôle, 7 unités de contrôle) ; écart-type avec covariance complète (w'Vw)",post_avg,0.0,96.0,0.0,0.0,1998.0,2024.0,,,,,,,,,,,,,,,,,
h2,H2,H2c,log(naissances / 1 000 f. 30-34),"département, bascule D3 ≥ 50 % ; fenêtre identifiée ≤ 2017, cohorte 2018 = contrôle",twfe,Wald pré (-8..−2),14.8553955093661,,,,0.0378983475576425,96,2592,False,"test de Wald joint, covariance groupée, df = 7 ; fenêtre 1998-2024 ; 96 traitées, 0 jamais traitées sur la fenêtre",pre_test,0.0,96.0,0.0,0.0,1998.0,2024.0,,,,,,,,,,,7.0,,,,,,
h2,H2,H2c,log(naissances / 1 000 f. 30-34),"département, bascule D3 ≥ 50 % ; fenêtre identifiée ≤ 2017, cohorte 2018 = contrôle",twfe,ATT,0.0142399145056205,0.0061270629872682,0.0022310917195664,0.0262487372916747,0.0201200701919538,96,2592,False," ; fenêtre 1998-2024 ; 96 traitées, 0 jamais traitées sur la fenêtre ; comparaisons sur la fenêtre identifiée (années < 2018, cohorte 2018 recodée contrôle, 7 unités de contrôle)",static,0.0,96.0,0.0,0.0,1998.0,2024.0,,,,,,,,,,,,,,,,,
h2,H2,H2c,log(naissances / 1 000 f. 30-34),"département, bascule D3 ≥ 50 % ; fenêtre complète",twfe,ATT,0.0153059290064801,0.0048834943937669,0.0057344558759936,0.0248774021369666,0.0017231363373187,96,2592,True," ; fenêtre 1998-2024 ; 96 traitées, 0 jamais traitées sur la fenêtre ; TWFE sur toutes les années (identification par le calendrier des bascules seulement)",static,0.0,96.0,0.0,0.0,1998.0,2024.0,,,,,,,,,,,,,,,,,
h2,H2,H2c,log(naissances / 1 000 f. 30-34),"département, bascule D3 ≥ 50 % ; fenêtre identifiée ≤ 2017, cohorte 2018 = contrôle",twfe_poisson,ATT (log du taux contrefactuel),0.0124158352698354,0.0098221235653597,-0.0068351731699716,0.0316668437096426,0.2062055048878327,96,2592,False," ; fenêtre 1998-2024 ; 96 traitées, 0 jamais traitées sur la fenêtre ; comparaisons sur la fenêtre identifiée (années < 2018, cohorte 2018 recodée contrôle, 7 unités de contrôle) ; Poisson à effets fixes, offset = log(women)",static,0.0,96.0,0.0,0.0,1998.0,2024.0,,,,,,,,,,,,,,,,,
h2,H2,H2c,log(naissances / 1 000 f. 30-34),"département, bascule D3 ≥ 50 % ; fenêtre identifiée ≤ 2017, cohorte 2018 = contrôle",twfe_poisson,ATT en % du taux contrefactuel,1.2493231734791443,0.9944833631189504,-0.6811866656583176,3.217357305486068,0.2062055048878327,96,2592,False," ; fenêtre 1998-2024 ; 96 traitées, 0 jamais traitées sur la fenêtre ; comparaisons sur la fenêtre identifiée (années < 2018, cohorte 2018 recodée contrôle, 7 unités de contrôle) ; Poisson à effets fixes, offset = log(women)",static,0.0,96.0,0.0,0.0,1998.0,2024.0,,,,,,,,,,,,,,,,,
h2,H2,H2c,log(naissances / 1 000 f. 30-34),"département, bascule D3 ≥ 50 %, covariables de pré-période agrégées",cs,-8,-0.0138701232262921,0.0167382621671941,-0.0466765142377819,0.0189362677851977,0.4073037618048855,96,2592,True,"conditionnement numériquement instable à 96 unités (cohortes de 2 à 33 départements, 6 covariables : estimations de plusieurs log-points au test de fonctionnement) ; rapporté, non interprétable, hors familles de Holm (A2.5) ; covariables : log_med12, share_fsup, unemp_1524, dens_inter, dens_rural, pretrend_0811 (doublement robuste) ; contrôle = not_yet_treated ; fenêtre 1998-2024 ; 96 traitées, 0 jamais traitées sur la fenêtre ; ATT(g,t) identifiés jusqu'en 2017 (sans unité jamais traitée, la dernière cohorte sert de contrôle) ; grappes = dep (96)",event,0.0,96.0,0.0,0.0,1998.0,2024.0,1998.0,2017.0,96.0,1.0,dr,5.0,89.0,,,,,,,,,,
h2,H2,H2c,log(naissances / 1 000 f. 30-34),"département, bascule D3 ≥ 50 %, covariables de pré-période agrégées",cs,-7,0.0015539911781301,0.012834291594363,-0.0236007581139064,0.0267087404701668,0.9036267352183092,96,2592,True,"conditionnement numériquement instable à 96 unités (cohortes de 2 à 33 départements, 6 covariables : estimations de plusieurs log-points au test de fonctionnement) ; rapporté, non interprétable, hors familles de Holm (A2.5) ; covariables : log_med12, share_fsup, unemp_1524, dens_inter, dens_rural, pretrend_0811 (doublement robuste) ; contrôle = not_yet_treated ; fenêtre 1998-2024 ; 96 traitées, 0 jamais traitées sur la fenêtre ; ATT(g,t) identifiés jusqu'en 2017 (sans unité jamais traitée, la dernière cohorte sert de contrôle) ; grappes = dep (96)",event,0.0,96.0,0.0,0.0,1998.0,2024.0,1998.0,2017.0,96.0,1.0,dr,5.0,89.0,,,,,,,,,,
h2,H2,H2c,log(naissances / 1 000 f. 30-34),"département, bascule D3 ≥ 50 %, covariables de pré-période agrégées",cs,-6,-0.0023130371413679,0.0099369586298045,-0.0217891181716493,0.0171630438889133,0.8159391280188716,96,2592,True,"conditionnement numériquement instable à 96 unités (cohortes de 2 à 33 départements, 6 covariables : estimations de plusieurs log-points au test de fonctionnement) ; rapporté, non interprétable, hors familles de Holm (A2.5) ; covariables : log_med12, share_fsup, unemp_1524, dens_inter, dens_rural, pretrend_0811 (doublement robuste) ; contrôle = not_yet_treated ; fenêtre 1998-2024 ; 96 traitées, 0 jamais traitées sur la fenêtre ; ATT(g,t) identifiés jusqu'en 2017 (sans unité jamais traitée, la dernière cohorte sert de contrôle) ; grappes = dep (96)",event,0.0,96.0,0.0,0.0,1998.0,2024.0,1998.0,2017.0,96.0,1.0,dr,5.0,89.0,,,,,,,,,,
h2,H2,H2c,log(naissances / 1 000 f. 30-34),"département, bascule D3 ≥ 50 %, covariables de pré-période agrégées",cs,-5,-0.0035795320118569,0.0118640304570789,-0.0268326044192179,0.019673540395504,0.7628708707459717,96,2592,True,"conditionnement numériquement instable à 96 unités (cohortes de 2 à 33 départements, 6 covariables : estimations de plusieurs log-points au test de fonctionnement) ; rapporté, non interprétable, hors familles de Holm (A2.5) ; covariables : log_med12, share_fsup, unemp_1524, dens_inter, dens_rural, pretrend_0811 (doublement robuste) ; contrôle = not_yet_treated ; fenêtre 1998-2024 ; 96 traitées, 0 jamais traitées sur la fenêtre ; ATT(g,t) identifiés jusqu'en 2017 (sans unité jamais traitée, la dernière cohorte sert de contrôle) ; grappes = dep (96)",event,0.0,96.0,0.0,0.0,1998.0,2024.0,1998.0,2017.0,96.0,1.0,dr,5.0,89.0,,,,,,,,,,
h2,H2,H2c,log(naissances / 1 000 f. 30-34),"département, bascule D3 ≥ 50 %, covariables de pré-période agrégées",cs,-4,-0.0021363487798525,0.0100592520587467,-0.0218521205264066,0.0175794229667015,0.8318133151829998,96,2592,True,"conditionnement numériquement instable à 96 unités (cohortes de 2 à 33 départements, 6 covariables : estimations de plusieurs log-points au test de fonctionnement) ; rapporté, non interprétable, hors familles de Holm (A2.5) ; covariables : log_med12, share_fsup, unemp_1524, dens_inter, dens_rural, pretrend_0811 (doublement robuste) ; contrôle = not_yet_treated ; fenêtre 1998-2024 ; 96 traitées, 0 jamais traitées sur la fenêtre ; ATT(g,t) identifiés jusqu'en 2017 (sans unité jamais traitée, la dernière cohorte sert de contrôle) ; grappes = dep (96)",event,0.0,96.0,0.0,0.0,1998.0,2024.0,1998.0,2017.0,96.0,1.0,dr,5.0,89.0,,,,,,,,,,
h2,H2,H2c,log(naissances / 1 000 f. 30-34),"département, bascule D3 ≥ 50 %, covariables de pré-période agrégées",cs,-3,-0.0048003948531299,0.0094083743850098,-0.0232404698008184,0.0136396800945584,0.6098933158850932,96,2592,True,"conditionnement numériquement instable à 96 unités (cohortes de 2 à 33 départements, 6 covariables : estimations de plusieurs log-points au test de fonctionnement) ; rapporté, non interprétable, hors familles de Holm (A2.5) ; covariables : log_med12, share_fsup, unemp_1524, dens_inter, dens_rural, pretrend_0811 (doublement robuste) ; contrôle = not_yet_treated ; fenêtre 1998-2024 ; 96 traitées, 0 jamais traitées sur la fenêtre ; ATT(g,t) identifiés jusqu'en 2017 (sans unité jamais traitée, la dernière cohorte sert de contrôle) ; grappes = dep (96)",event,0.0,96.0,0.0,0.0,1998.0,2024.0,1998.0,2017.0,96.0,1.0,dr,5.0,89.0,,,,,,,,,,
h2,H2,H2c,log(naissances / 1 000 f. 30-34),"département, bascule D3 ≥ 50 %, covariables de pré-période agrégées",cs,-2,-0.005435283887337,0.012215867026667,-0.0293779432995349,0.0185073755248607,0.6563657171441193,96,2592,True,"conditionnement numériquement instable à 96 unités (cohortes de 2 à 33 départements, 6 covariables : estimations de plusieurs log-points au test de fonctionnement) ; rapporté, non interprétable, hors familles de Holm (A2.5) ; covariables : log_med12, share_fsup, unemp_1524, dens_inter, dens_rural, pretrend_0811 (doublement robuste) ; contrôle = not_yet_treated ; fenêtre 1998-2024 ; 96 traitées, 0 jamais traitées sur la fenêtre ; ATT(g,t) identifiés jusqu'en 2017 (sans unité jamais traitée, la dernière cohorte sert de contrôle) ; grappes = dep (96)",event,0.0,96.0,0.0,0.0,1998.0,2024.0,1998.0,2017.0,96.0,1.0,dr,5.0,89.0,,,,,,,,,,
h2,H2,H2c,log(naissances / 1 000 f. 30-34),"département, bascule D3 ≥ 50 %, covariables de pré-période agrégées",cs,0,0.0046369445339713,0.0111113855376886,-0.0171409709382376,0.0264148600061803,0.6764482369073793,96,2592,True,"conditionnement numériquement instable à 96 unités (cohortes de 2 à 33 départements, 6 covariables : estimations de plusieurs log-points au test de fonctionnement) ; rapporté, non interprétable, hors familles de Holm (A2.5) ; covariables : log_med12, share_fsup, unemp_1524, dens_inter, dens_rural, pretrend_0811 (doublement robuste) ; contrôle = not_yet_treated ; fenêtre 1998-2024 ; 96 traitées, 0 jamais traitées sur la fenêtre ; ATT(g,t) identifiés jusqu'en 2017 (sans unité jamais traitée, la dernière cohorte sert de contrôle) ; grappes = dep (96)",event,0.0,96.0,0.0,0.0,1998.0,2024.0,1998.0,2017.0,96.0,1.0,dr,5.0,89.0,,,,,,,,,,
h2,H2,H2c,log(naissances / 1 000 f. 30-34),"département, bascule D3 ≥ 50 %, covariables de pré-période agrégées",cs,4,4.001724934815135,0.4547198784779044,3.110490349944012,4.892959519686258,1.3630766798665642e-18,96,2592,True,"conditionnement numériquement instable à 96 unités (cohortes de 2 à 33 départements, 6 covariables : estimations de plusieurs log-points au test de fonctionnement) ; rapporté, non interprétable, hors familles de Holm (A2.5) ; covariables : log_med12, share_fsup, unemp_1524, dens_inter, dens_rural, pretrend_0811 (doublement robuste) ; contrôle = not_yet_treated ; fenêtre 1998-2024 ; 96 traitées, 0 jamais traitées sur la fenêtre ; ATT(g,t) identifiés jusqu'en 2017 (sans unité jamais traitée, la dernière cohorte sert de contrôle) ; grappes = dep (96)",event,0.0,96.0,0.0,0.0,1998.0,2024.0,1998.0,2017.0,96.0,1.0,dr,1.0,2.0,,,,,,,,,,
h2,H2,H2c,log(naissances / 1 000 f. 30-34),"département, bascule D3 ≥ 50 %, covariables de pré-période agrégées",cs,"ATT[1,4]",4.001724934815135,0.4547198784779044,3.110490349944012,4.892959519686258,1.3630766798665642e-18,96,2592,True,"conditionnement numériquement instable à 96 unités (cohortes de 2 à 33 départements, 6 covariables : estimations de plusieurs log-points au test de fonctionnement) ; rapporté, non interprétable, hors familles de Holm (A2.5) ; covariables : log_med12, share_fsup, unemp_1524, dens_inter, dens_rural, pretrend_0811 (doublement robuste) ; contrôle = not_yet_treated ; fenêtre 1998-2024 ; 96 traitées, 0 jamais traitées sur la fenêtre ; ATT(g,t) identifiés jusqu'en 2017 (sans unité jamais traitée, la dernière cohorte sert de contrôle) ; grappes = dep (96) ; écart-type avec covariance complète des coefficients (fonctions d'influence)",post_avg,0.0,96.0,0.0,0.0,1998.0,2024.0,1998.0,2017.0,96.0,1.0,dr,,,,,1.0,,,,,,,
h2,H2,H2c,log(naissances / 1 000 f. 30-34),"département, bascule D3 ≥ 50 %, covariables de pré-période agrégées",cs,ATT,0.1126663496767055,0.0770931720424087,-0.0384334909803657,0.2637661903337768,0.1438972050088039,96,2592,True,"conditionnement numériquement instable à 96 unités (cohortes de 2 à 33 départements, 6 covariables : estimations de plusieurs log-points au test de fonctionnement) ; rapporté, non interprétable, hors familles de Holm (A2.5) ; covariables : log_med12, share_fsup, unemp_1524, dens_inter, dens_rural, pretrend_0811 (doublement robuste) ; contrôle = not_yet_treated ; fenêtre 1998-2024 ; 96 traitées, 0 jamais traitées sur la fenêtre ; ATT(g,t) identifiés jusqu'en 2017 (sans unité jamais traitée, la dernière cohorte sert de contrôle) ; grappes = dep (96) ; moyenne de tous les ATT(g,t) post",simple,0.0,96.0,0.0,0.0,1998.0,2024.0,1998.0,2017.0,96.0,1.0,dr,,,,,,,,,,,,
h2,H2,H2c,log(naissances / 1 000 f. 30-34),"département, bascule D3 ≥ 50 %, covariables de pré-période agrégées",cs,Wald pré (-8..-2),2.7268978253887237,,,,0.9090654651046036,96,2592,True,"H5c : test de Wald joint de nullité des coefficients pré avec covariance des fonctions d'influence, df = 7 ; fenêtre 1998-2024 ; 96 traitées, 0 jamais traitées sur la fenêtre",pre_test,0.0,96.0,0.0,0.0,1998.0,2024.0,1998.0,2017.0,96.0,1.0,dr,,,,,,7.0,,,,,,
h2,H2,H2c,log(naissances / 1 000 f. 35-39),"département, bascule D3 ≥ 50 %",cs,-8,-0.0246528274810683,0.0087623272341268,-0.0418266732807115,-0.0074789816814251,0.0049005041598731,96,2592,False," ; contrôle = not_yet_treated ; fenêtre 1998-2024 ; 96 traitées, 0 jamais traitées sur la fenêtre ; ATT(g,t) identifiés jusqu'en 2017 (sans unité jamais traitée, la dernière cohorte sert de contrôle) ; grappes = dep (96)",event,0.0,96.0,0.0,0.0,1998.0,2024.0,1998.0,2017.0,96.0,4.0,reg,5.0,89.0,,,,,,,,,,
h2,H2,H2c,log(naissances / 1 000 f. 35-39),"département, bascule D3 ≥ 50 %",cs,-7,-0.0260591772565164,0.0080171293325251,-0.0417724620076654,-0.0103458925053675,0.0011522762166393,96,2592,False," ; contrôle = not_yet_treated ; fenêtre 1998-2024 ; 96 traitées, 0 jamais traitées sur la fenêtre ; ATT(g,t) identifiés jusqu'en 2017 (sans unité jamais traitée, la dernière cohorte sert de contrôle) ; grappes = dep (96)",event,0.0,96.0,0.0,0.0,1998.0,2024.0,1998.0,2017.0,96.0,4.0,reg,5.0,89.0,,,,,,,,,,
h2,H2,H2c,log(naissances / 1 000 f. 35-39),"département, bascule D3 ≥ 50 %",cs,-6,-0.0111020997020276,0.0086135029652282,-0.027984255294604,0.0057800558905487,0.197426567855828,96,2592,False," ; contrôle = not_yet_treated ; fenêtre 1998-2024 ; 96 traitées, 0 jamais traitées sur la fenêtre ; ATT(g,t) identifiés jusqu'en 2017 (sans unité jamais traitée, la dernière cohorte sert de contrôle) ; grappes = dep (96)",event,0.0,96.0,0.0,0.0,1998.0,2024.0,1998.0,2017.0,96.0,4.0,reg,5.0,89.0,,,,,,,,,,
h2,H2,H2c,log(naissances / 1 000 f. 35-39),"département, bascule D3 ≥ 50 %",cs,-5,-0.0183056953782429,0.0083540339407334,-0.0346793010277058,-0.0019320897287801,0.0284344116918959,96,2592,False," ; contrôle = not_yet_treated ; fenêtre 1998-2024 ; 96 traitées, 0 jamais traitées sur la fenêtre ; ATT(g,t) identifiés jusqu'en 2017 (sans unité jamais traitée, la dernière cohorte sert de contrôle) ; grappes = dep (96)",event,0.0,96.0,0.0,0.0,1998.0,2024.0,1998.0,2017.0,96.0,4.0,reg,5.0,89.0,,,,,,,,,,
h2,H2,H2c,log(naissances / 1 000 f. 35-39),"département, bascule D3 ≥ 50 %",cs,-4,-0.0216572165222649,0.0091465892616381,-0.0395842020564565,-0.0037302309880734,0.0178946160695529,96,2592,False," ; contrôle = not_yet_treated ; fenêtre 1998-2024 ; 96 traitées, 0 jamais traitées sur la fenêtre ; ATT(g,t) identifiés jusqu'en 2017 (sans unité jamais traitée, la dernière cohorte sert de contrôle) ; grappes = dep (96)",event,0.0,96.0,0.0,0.0,1998.0,2024.0,1998.0,2017.0,96.0,4.0,reg,5.0,89.0,,,,,,,,,,
h2,H2,H2c,log(naissances / 1 000 f. 35-39),"département, bascule D3 ≥ 50 %",cs,-3,-0.0159485920219651,0.0097715948914927,-0.0351005660808066,0.0032033820368762,0.1026504035612295,96,2592,False," ; contrôle = not_yet_treated ; fenêtre 1998-2024 ; 96 traitées, 0 jamais traitées sur la fenêtre ; ATT(g,t) identifiés jusqu'en 2017 (sans unité jamais traitée, la dernière cohorte sert de contrôle) ; grappes = dep (96)",event,0.0,96.0,0.0,0.0,1998.0,2024.0,1998.0,2017.0,96.0,4.0,reg,5.0,89.0,,,,,,,,,,
h2,H2,H2c,log(naissances / 1 000 f. 35-39),"département, bascule D3 ≥ 50 %",cs,-2,-0.0001012995433605,0.0083001457561824,-0.0163692862919111,0.0161666872051901,0.9902624197719349,96,2592,False," ; contrôle = not_yet_treated ; fenêtre 1998-2024 ; 96 traitées, 0 jamais traitées sur la fenêtre ; ATT(g,t) identifiés jusqu'en 2017 (sans unité jamais traitée, la dernière cohorte sert de contrôle) ; grappes = dep (96)",event,0.0,96.0,0.0,0.0,1998.0,2024.0,1998.0,2017.0,96.0,4.0,reg,5.0,89.0,,,,,,,,,,
h2,H2,H2c,log(naissances / 1 000 f. 35-39),"département, bascule D3 ≥ 50 %",cs,0,-0.0031674063517762,0.0090723150628615,-0.0209488171313852,0.0146140044278326,0.7269926259131134,96,2592,False," ; contrôle = not_yet_treated ; fenêtre 1998-2024 ; 96 traitées, 0 jamais traitées sur la fenêtre ; ATT(g,t) identifiés jusqu'en 2017 (sans unité jamais traitée, la dernière cohorte sert de contrôle) ; grappes = dep (96)",event,0.0,96.0,0.0,0.0,1998.0,2024.0,1998.0,2017.0,96.0,4.0,reg,5.0,89.0,,,,,,,,,,
h2,H2,H2c,log(naissances / 1 000 f. 35-39),"département, bascule D3 ≥ 50 %",cs,1,0.0111543409821729,0.0150191165847484,-0.0182825866035422,0.040591268567888,0.4576777201767125,96,2592,False," ; contrôle = not_yet_treated ; fenêtre 1998-2024 ; 96 traitées, 0 jamais traitées sur la fenêtre ; ATT(g,t) identifiés jusqu'en 2017 (sans unité jamais traitée, la dernière cohorte sert de contrôle) ; grappes = dep (96)",event,0.0,96.0,0.0,0.0,1998.0,2024.0,1998.0,2017.0,96.0,4.0,reg,4.0,74.0,,,,,,,,,,
h2,H2,H2c,log(naissances / 1 000 f. 35-39),"département, bascule D3 ≥ 50 %",cs,2,0.0146800557093781,0.0140025962031223,-0.012764528538799,0.0421246399575552,0.2944631071527032,96,2592,False," ; contrôle = not_yet_treated ; fenêtre 1998-2024 ; 96 traitées, 0 jamais traitées sur la fenêtre ; ATT(g,t) identifiés jusqu'en 2017 (sans unité jamais traitée, la dernière cohorte sert de contrôle) ; grappes = dep (96)",event,0.0,96.0,0.0,0.0,1998.0,2024.0,1998.0,2017.0,96.0,4.0,reg,3.0,51.0,,,,,,,,,,
h2,H2,H2c,log(naissances / 1 000 f. 35-39),"département, bascule D3 ≥ 50 %",cs,3,0.0642349988374334,0.0373781617808292,-0.0090248520613033,0.1374948497361701,0.0857023934719814,96,2592,False," ; contrôle = not_yet_treated ; fenêtre 1998-2024 ; 96 traitées, 0 jamais traitées sur la fenêtre ; ATT(g,t) identifiés jusqu'en 2017 (sans unité jamais traitée, la dernière cohorte sert de contrôle) ; grappes = dep (96)",event,0.0,96.0,0.0,0.0,1998.0,2024.0,1998.0,2017.0,96.0,4.0,reg,2.0,35.0,,,,,,,,,,
h2,H2,H2c,log(naissances / 1 000 f. 35-39),"département, bascule D3 ≥ 50 %",cs,4,0.0916859461148824,0.0421636160698354,0.0090467771600306,0.1743251150697341,0.0296655362701641,96,2592,False," ; contrôle = not_yet_treated ; fenêtre 1998-2024 ; 96 traitées, 0 jamais traitées sur la fenêtre ; ATT(g,t) identifiés jusqu'en 2017 (sans unité jamais traitée, la dernière cohorte sert de contrôle) ; grappes = dep (96)",event,0.0,96.0,0.0,0.0,1998.0,2024.0,1998.0,2017.0,96.0,4.0,reg,1.0,2.0,,,,,,,,,,
h2,H2,H2c,log(naissances / 1 000 f. 35-39),"département, bascule D3 ≥ 50 %",cs,"ATT[1,4]",0.0454388354109667,0.0217281929008813,0.0028523598761004,0.0880253109458329,0.0365066819475978,96,2592,False," ; contrôle = not_yet_treated ; fenêtre 1998-2024 ; 96 traitées, 0 jamais traitées sur la fenêtre ; ATT(g,t) identifiés jusqu'en 2017 (sans unité jamais traitée, la dernière cohorte sert de contrôle) ; grappes = dep (96) ; écart-type avec covariance complète des coefficients (fonctions d'influence)",post_avg,0.0,96.0,0.0,0.0,1998.0,2024.0,1998.0,2017.0,96.0,4.0,reg,,,,,4.0,,,,,,,
h2,H2,H2c,log(naissances / 1 000 f. 35-39),"département, bascule D3 ≥ 50 %",cs,ATT,0.0148358635860196,0.0134702372555018,-0.0115653162979737,0.0412370434700129,0.2707308644709478,96,2592,False," ; contrôle = not_yet_treated ; fenêtre 1998-2024 ; 96 traitées, 0 jamais traitées sur la fenêtre ; ATT(g,t) identifiés jusqu'en 2017 (sans unité jamais traitée, la dernière cohorte sert de contrôle) ; grappes = dep (96) ; moyenne de tous les ATT(g,t) post",simple,0.0,96.0,0.0,0.0,1998.0,2024.0,1998.0,2017.0,96.0,4.0,reg,,,,,,,,,,,,
h2,H2,H2c,log(naissances / 1 000 f. 35-39),"département, bascule D3 ≥ 50 %",cs,Wald pré (-8..-2),19.781623530267,,,,0.0060611977248018,96,2592,False,"H5c : test de Wald joint de nullité des coefficients pré avec covariance des fonctions d'influence, df = 7 ; fenêtre 1998-2024 ; 96 traitées, 0 jamais traitées sur la fenêtre",pre_test,0.0,96.0,0.0,0.0,1998.0,2024.0,1998.0,2017.0,96.0,4.0,reg,,,,,,7.0,,,,,,
h2,H2,H2c,log(naissances / 1 000 f. 35-39),"département, bascule D3 ≥ 50 % ; fenêtre identifiée ≤ 2017, cohorte 2018 = contrôle",sunab,-8,-0.0156908964088064,0.0166557107072344,-0.0483354895319042,0.0169536967142912,0.3461552343423387,96,2592,False," ; fenêtre 1998-2024 ; 96 traitées, 0 jamais traitées sur la fenêtre ; comparaisons sur la fenêtre identifiée (années < 2018, cohorte 2018 recodée contrôle, 7 unités de contrôle) ; cellules −8 et +8 bornées",event,0.0,96.0,0.0,0.0,1998.0,2024.0,,,,,,,,,,,,,,,,,
h2,H2,H2c,log(naissances / 1 000 f. 35-39),"département, bascule D3 ≥ 50 % ; fenêtre identifiée ≤ 2017, cohorte 2018 = contrôle",sunab,-7,-0.0158928872221518,0.0157086615737316,-0.0466812981519941,0.0148955237076903,0.3116682923927919,96,2592,False," ; fenêtre 1998-2024 ; 96 traitées, 0 jamais traitées sur la fenêtre ; comparaisons sur la fenêtre identifiée (années < 2018, cohorte 2018 recodée contrôle, 7 unités de contrôle) ; cellules −8 et +8 bornées",event,0.0,96.0,0.0,0.0,1998.0,2024.0,,,,,,,,,,,,,,,,,
h2,H2,H2c,log(naissances / 1 000 f. 35-39),"département, bascule D3 ≥ 50 % ; fenêtre identifiée ≤ 2017, cohorte 2018 = contrôle",sunab,-6,-0.0006339724925371,0.0155229736805704,-0.0310584418394183,0.0297904968543441,0.9674227188461946,96,2592,False," ; fenêtre 1998-2024 ; 96 traitées, 0 jamais traitées sur la fenêtre ; comparaisons sur la fenêtre identifiée (années < 2018, cohorte 2018 recodée contrôle, 7 unités de contrôle) ; cellules −8 et +8 bornées",event,0.0,96.0,0.0,0.0,1998.0,2024.0,,,,,,,,,,,,,,,,,
h2,H2,H2c,log(naissances / 1 000 f. 35-39),"département, bascule D3 ≥ 50 % ; fenêtre identifiée ≤ 2017, cohorte 2018 = contrôle",sunab,-5,0.0011582152976489,0.015489454974767,-0.0292005585930491,0.0315169891883471,0.9403941800279184,96,2592,False," ; fenêtre 1998-2024 ; 96 traitées, 0 jamais traitées sur la fenêtre ; comparaisons sur la fenêtre identifiée (années < 2018, cohorte 2018 recodée contrôle, 7 unités de contrôle) ; cellules −8 et +8 bornées",event,0.0,96.0,0.0,0.0,1998.0,2024.0,,,,,,,,,,,,,,,,,
h2,H2,H2c,log(naissances / 1 000 f. 35-39),"département, bascule D3 ≥ 50 % ; fenêtre identifiée ≤ 2017, cohorte 2018 = contrôle",sunab,-4,-0.0063829902982118,0.0147440620006337,-0.0352808208052796,0.022514840208856,0.665073334336513,96,2592,False," ; fenêtre 1998-2024 ; 96 traitées, 0 jamais traitées sur la fenêtre ; comparaisons sur la fenêtre identifiée (années < 2018, cohorte 2018 recodée contrôle, 7 unités de contrôle) ; cellules −8 et +8 bornées",event,0.0,96.0,0.0,0.0,1998.0,2024.0,,,,,,,,,,,,,,,,,
h2,H2,H2c,log(naissances / 1 000 f. 35-39),"département, bascule D3 ≥ 50 % ; fenêtre identifiée ≤ 2017, cohorte 2018 = contrôle",sunab,-3,-0.0104926707835681,0.0122239824100127,-0.0344512360548442,0.0134658944877079,0.3906894971313136,96,2592,False," ; fenêtre 1998-2024 ; 96 traitées, 0 jamais traitées sur la fenêtre ; comparaisons sur la fenêtre identifiée (années < 2018, cohorte 2018 recodée contrôle, 7 unités de contrôle) ; cellules −8 et +8 bornées",event,0.0,96.0,0.0,0.0,1998.0,2024.0,,,,,,,,,,,,,,,,,
h2,H2,H2c,log(naissances / 1 000 f. 35-39),"département, bascule D3 ≥ 50 % ; fenêtre identifiée ≤ 2017, cohorte 2018 = contrôle",sunab,-2,-0.0064726161522314,0.0116828906979191,-0.029370661155471,0.0164254288510081,0.5795615822240012,96,2592,False," ; fenêtre 1998-2024 ; 96 traitées, 0 jamais traitées sur la fenêtre ; comparaisons sur la fenêtre identifiée (années < 2018, cohorte 2018 recodée contrôle, 7 unités de contrôle) ; cellules −8 et +8 bornées",event,0.0,96.0,0.0,0.0,1998.0,2024.0,,,,,,,,,,,,,,,,,
h2,H2,H2c,log(naissances / 1 000 f. 35-39),"département, bascule D3 ≥ 50 % ; fenêtre identifiée ≤ 2017, cohorte 2018 = contrôle",sunab,0,0.0003179257562769,0.0150007829665313,-0.0290830685980263,0.0297189201105802,0.983090945073586,96,2592,False," ; fenêtre 1998-2024 ; 96 traitées, 0 jamais traitées sur la fenêtre ; comparaisons sur la fenêtre identifiée (années < 2018, cohorte 2018 recodée contrôle, 7 unités de contrôle) ; cellules −8 et +8 bornées",event,0.0,96.0,0.0,0.0,1998.0,2024.0,,,,,,,,,,,,,,,,,
h2,H2,H2c,log(naissances / 1 000 f. 35-39),"département, bascule D3 ≥ 50 % ; fenêtre identifiée ≤ 2017, cohorte 2018 = contrôle",sunab,1,0.0332829279542505,0.0145032075040455,0.0048571635860101,0.0617086923224909,0.0217407646675743,96,2592,False," ; fenêtre 1998-2024 ; 96 traitées, 0 jamais traitées sur la fenêtre ; comparaisons sur la fenêtre identifiée (années < 2018, cohorte 2018 recodée contrôle, 7 unités de contrôle) ; cellules −8 et +8 bornées",event,0.0,96.0,0.0,0.0,1998.0,2024.0,,,,,,,,,,,,,,,,,
h2,H2,H2c,log(naissances / 1 000 f. 35-39),"département, bascule D3 ≥ 50 % ; fenêtre identifiée ≤ 2017, cohorte 2018 = contrôle",sunab,2,0.0205353512841444,0.0208210576190968,-0.0202731717693186,0.0613438743376076,0.3239967073259214,96,2592,False," ; fenêtre 1998-2024 ; 96 traitées, 0 jamais traitées sur la fenêtre ; comparaisons sur la fenêtre identifiée (années < 2018, cohorte 2018 recodée contrôle, 7 unités de contrôle) ; cellules −8 et +8 bornées",event,0.0,96.0,0.0,0.0,1998.0,2024.0,,,,,,,,,,,,,,,,,
h2,H2,H2c,log(naissances / 1 000 f. 35-39),"département, bascule D3 ≥ 50 % ; fenêtre identifiée ≤ 2017, cohorte 2018 = contrôle",sunab,3,0.0638980831843247,0.0382634496373055,-0.0110969000290561,0.1388930663977057,0.0949290731828706,96,2592,False," ; fenêtre 1998-2024 ; 96 traitées, 0 jamais traitées sur la fenêtre ; comparaisons sur la fenêtre identifiée (années < 2018, cohorte 2018 recodée contrôle, 7 unités de contrôle) ; cellules −8 et +8 bornées",event,0.0,96.0,0.0,0.0,1998.0,2024.0,,,,,,,,,,,,,,,,,
h2,H2,H2c,log(naissances / 1 000 f. 35-39),"département, bascule D3 ≥ 50 % ; fenêtre identifiée ≤ 2017, cohorte 2018 = contrôle",sunab,4,0.0916859461148839,0.0431681350982854,0.007077956042485,0.1762939361872828,0.0336762900347722,96,2592,False," ; fenêtre 1998-2024 ; 96 traitées, 0 jamais traitées sur la fenêtre ; comparaisons sur la fenêtre identifiée (années < 2018, cohorte 2018 recodée contrôle, 7 unités de contrôle) ; cellules −8 et +8 bornées",event,0.0,96.0,0.0,0.0,1998.0,2024.0,,,,,,,,,,,,,,,,,
h2,H2,H2c,log(naissances / 1 000 f. 35-39),"département, bascule D3 ≥ 50 % ; fenêtre identifiée ≤ 2017, cohorte 2018 = contrôle",sunab,"ATT[1,4]",0.0523505771344009,0.0233709887839026,0.0065442808348622,0.0981568734339396,0.0250921388670666,96,2592,False," ; fenêtre 1998-2024 ; 96 traitées, 0 jamais traitées sur la fenêtre ; comparaisons sur la fenêtre identifiée (années < 2018, cohorte 2018 recodée contrôle, 7 unités de contrôle) ; écart-type avec covariance complète (w'Vw)",post_avg,0.0,96.0,0.0,0.0,1998.0,2024.0,,,,,,,,,,,,,,,,,
h2,H2,H2c,log(naissances / 1 000 f. 35-39),"département, bascule D3 ≥ 50 % ; fenêtre identifiée ≤ 2017, cohorte 2018 = contrôle",sunab,Wald pré (-8..−2),8.983976765025846,,,,0.2538084988215471,96,2592,False,"test de Wald joint, covariance groupée, df = 7 ; fenêtre 1998-2024 ; 96 traitées, 0 jamais traitées sur la fenêtre",pre_test,0.0,96.0,0.0,0.0,1998.0,2024.0,,,,,,,,,,,7.0,,,,,,
h2,H2,H2c,log(naissances / 1 000 f. 35-39),"département, bascule D3 ≥ 50 % ; fenêtre identifiée ≤ 2017, cohorte 2018 = contrôle",did2s,-8,0.0001110159483498,0.0005771571981197,-0.001020191373383,0.0012422232700826,0.8474683791625933,96,2592,False," ; fenêtre 1998-2024 ; 96 traitées, 0 jamais traitées sur la fenêtre ; comparaisons sur la fenêtre identifiée (années < 2018, cohorte 2018 recodée contrôle, 7 unités de contrôle) ; cellules −8 et +8 bornées",event,0.0,96.0,0.0,0.0,1998.0,2024.0,,,,,,,,,,,,,,,,,
h2,H2,H2c,log(naissances / 1 000 f. 35-39),"département, bascule D3 ≥ 50 % ; fenêtre identifiée ≤ 2017, cohorte 2018 = contrôle",did2s,-7,-0.0084938462567501,0.0037969238236908,-0.0159356802032262,-0.001052012310274,0.0252841426049948,96,2592,False," ; fenêtre 1998-2024 ; 96 traitées, 0 jamais traitées sur la fenêtre ; comparaisons sur la fenêtre identifiée (années < 2018, cohorte 2018 recodée contrôle, 7 unités de contrôle) ; cellules −8 et +8 bornées",event,0.0,96.0,0.0,0.0,1998.0,2024.0,,,,,,,,,,,,,,,,,
h2,H2,H2c,log(naissances / 1 000 f. 35-39),"département, bascule D3 ≥ 50 % ; fenêtre identifiée ≤ 2017, cohorte 2018 = contrôle",did2s,-6,-0.0007903676717378,0.0037423700515381,-0.0081252781895739,0.0065445428460982,0.832735564904912,96,2592,False," ; fenêtre 1998-2024 ; 96 traitées, 0 jamais traitées sur la fenêtre ; comparaisons sur la fenêtre identifiée (années < 2018, cohorte 2018 recodée contrôle, 7 unités de contrôle) ; cellules −8 et +8 bornées",event,0.0,96.0,0.0,0.0,1998.0,2024.0,,,,,,,,,,,,,,,,,
h2,H2,H2c,log(naissances / 1 000 f. 35-39),"département, bascule D3 ≥ 50 % ; fenêtre identifiée ≤ 2017, cohorte 2018 = contrôle",did2s,-5,-0.0029114001070373,0.0032414760535193,-0.0092645764286843,0.0034417762146096,0.369094339153695,96,2592,False," ; fenêtre 1998-2024 ; 96 traitées, 0 jamais traitées sur la fenêtre ; comparaisons sur la fenêtre identifiée (années < 2018, cohorte 2018 recodée contrôle, 7 unités de contrôle) ; cellules −8 et +8 bornées",event,0.0,96.0,0.0,0.0,1998.0,2024.0,,,,,,,,,,,,,,,,,
h2,H2,H2c,log(naissances / 1 000 f. 35-39),"département, bascule D3 ≥ 50 % ; fenêtre identifiée ≤ 2017, cohorte 2018 = contrôle",did2s,-4,-0.0062515273935667,0.0036218794934016,-0.0133502807569781,0.0008472259698447,0.084339297318935,96,2592,False," ; fenêtre 1998-2024 ; 96 traitées, 0 jamais traitées sur la fenêtre ; comparaisons sur la fenêtre identifiée (années < 2018, cohorte 2018 recodée contrôle, 7 unités de contrôle) ; cellules −8 et +8 bornées",event,0.0,96.0,0.0,0.0,1998.0,2024.0,,,,,,,,,,,,,,,,,
h2,H2,H2c,log(naissances / 1 000 f. 35-39),"département, bascule D3 ≥ 50 % ; fenêtre identifiée ≤ 2017, cohorte 2018 = contrôle",did2s,-3,-0.0031605363701619,0.0042117678282546,-0.0114154496247855,0.0050943768844616,0.45301014387789,96,2592,False," ; fenêtre 1998-2024 ; 96 traitées, 0 jamais traitées sur la fenêtre ; comparaisons sur la fenêtre identifiée (années < 2018, cohorte 2018 recodée contrôle, 7 unités de contrôle) ; cellules −8 et +8 bornées",event,0.0,96.0,0.0,0.0,1998.0,2024.0,,,,,,,,,,,,,,,,,
h2,H2,H2c,log(naissances / 1 000 f. 35-39),"département, bascule D3 ≥ 50 % ; fenêtre identifiée ≤ 2017, cohorte 2018 = contrôle",did2s,-2,0.0061043221195605,0.0037385907025497,-0.0012231810103732,0.0134318252494943,0.1025138121488715,96,2592,False," ; fenêtre 1998-2024 ; 96 traitées, 0 jamais traitées sur la fenêtre ; comparaisons sur la fenêtre identifiée (années < 2018, cohorte 2018 recodée contrôle, 7 unités de contrôle) ; cellules −8 et +8 bornées",event,0.0,96.0,0.0,0.0,1998.0,2024.0,,,,,,,,,,,,,,,,,
h2,H2,H2c,log(naissances / 1 000 f. 35-39),"département, bascule D3 ≥ 50 % ; fenêtre identifiée ≤ 2017, cohorte 2018 = contrôle",did2s,0,0.0181304947484765,0.0071083353735575,0.0041984134262715,0.0320625760706815,0.0107538773491079,96,2592,False," ; fenêtre 1998-2024 ; 96 traitées, 0 jamais traitées sur la fenêtre ; comparaisons sur la fenêtre identifiée (années < 2018, cohorte 2018 recodée contrôle, 7 unités de contrôle) ; cellules −8 et +8 bornées",event,0.0,96.0,0.0,0.0,1998.0,2024.0,,,,,,,,,,,,,,,,,
h2,H2,H2c,log(naissances / 1 000 f. 35-39),"département, bascule D3 ≥ 50 % ; fenêtre identifiée ≤ 2017, cohorte 2018 = contrôle",did2s,1,0.0481029969567922,0.01098413559653,0.026574486786289,0.0696315071272955,1.1905258285125643e-05,96,2592,False," ; fenêtre 1998-2024 ; 96 traitées, 0 jamais traitées sur la fenêtre ; comparaisons sur la fenêtre identifiée (années < 2018, cohorte 2018 recodée contrôle, 7 unités de contrôle) ; cellules −8 et +8 bornées",event,0.0,96.0,0.0,0.0,1998.0,2024.0,,,,,,,,,,,,,,,,,
h2,H2,H2c,log(naissances / 1 000 f. 35-39),"département, bascule D3 ≥ 50 % ; fenêtre identifiée ≤ 2017, cohorte 2018 = contrôle",did2s,2,0.0436748730493728,0.0118035249360311,0.0205403892841313,0.0668093568146143,0.0002154677336481,96,2592,False," ; fenêtre 1998-2024 ; 96 traitées, 0 jamais traitées sur la fenêtre ; comparaisons sur la fenêtre identifiée (années < 2018, cohorte 2018 recodée contrôle, 7 unités de contrôle) ; cellules −8 et +8 bornées",event,0.0,96.0,0.0,0.0,1998.0,2024.0,,,,,,,,,,,,,,,,,
h2,H2,H2c,log(naissances / 1 000 f. 35-39),"département, bascule D3 ≥ 50 % ; fenêtre identifiée ≤ 2017, cohorte 2018 = contrôle",did2s,3,0.0801851820927985,0.0286022544808326,0.024125793433717,0.13624457075188,0.0050558019844791,96,2592,False," ; fenêtre 1998-2024 ; 96 traitées, 0 jamais traitées sur la fenêtre ; comparaisons sur la fenêtre identifiée (années < 2018, cohorte 2018 recodée contrôle, 7 unités de contrôle) ; cellules −8 et +8 bornées",event,0.0,96.0,0.0,0.0,1998.0,2024.0,,,,,,,,,,,,,,,,,
h2,H2,H2c,log(naissances / 1 000 f. 35-39),"département, bascule D3 ≥ 50 % ; fenêtre identifiée ≤ 2017, cohorte 2018 = contrôle",did2s,4,0.0857660656219554,0.0365402331548471,0.0141485246517586,0.1573836065921522,0.0189167237212307,96,2592,False," ; fenêtre 1998-2024 ; 96 traitées, 0 jamais traitées sur la fenêtre ; comparaisons sur la fenêtre identifiée (années < 2018, cohorte 2018 recodée contrôle, 7 unités de contrôle) ; cellules −8 et +8 bornées",event,0.0,96.0,0.0,0.0,1998.0,2024.0,,,,,,,,,,,,,,,,,
h2,H2,H2c,log(naissances / 1 000 f. 35-39),"département, bascule D3 ≥ 50 % ; fenêtre identifiée ≤ 2017, cohorte 2018 = contrôle",did2s,"ATT[1,4]",0.0644322794302297,0.0202026072807027,0.0248358967662457,0.1040286620942138,0.0014261524665443,96,2592,False," ; fenêtre 1998-2024 ; 96 traitées, 0 jamais traitées sur la fenêtre ; comparaisons sur la fenêtre identifiée (années < 2018, cohorte 2018 recodée contrôle, 7 unités de contrôle) ; écart-type avec covariance complète (w'Vw)",post_avg,0.0,96.0,0.0,0.0,1998.0,2024.0,,,,,,,,,,,,,,,,,
h2,H2,H2c,log(naissances / 1 000 f. 35-39),"département, bascule D3 ≥ 50 % ; fenêtre identifiée ≤ 2017, cohorte 2018 = contrôle",did2s,Wald pré (-8..−2),27.803436917224715,,,,0.0002386740516512,96,2592,False,"test de Wald joint, covariance groupée, df = 7 ; fenêtre 1998-2024 ; 96 traitées, 0 jamais traitées sur la fenêtre",pre_test,0.0,96.0,0.0,0.0,1998.0,2024.0,,,,,,,,,,,7.0,,,,,,
h2,H2,H2c,log(naissances / 1 000 f. 35-39),"département, bascule D3 ≥ 50 % ; fenêtre identifiée ≤ 2017, cohorte 2018 = contrôle",twfe,-8,-0.0381269819520648,0.0139651712443781,-0.0654982146289804,-0.0107557492751491,0.0063305931003524,96,2592,False," ; fenêtre 1998-2024 ; 96 traitées, 0 jamais traitées sur la fenêtre ; comparaisons sur la fenêtre identifiée (années < 2018, cohorte 2018 recodée contrôle, 7 unités de contrôle) ; cellules −8 et +8 bornées",event,0.0,96.0,0.0,0.0,1998.0,2024.0,,,,,,,,,,,,,,,,,
h2,H2,H2c,log(naissances / 1 000 f. 35-39),"département, bascule D3 ≥ 50 % ; fenêtre identifiée ≤ 2017, cohorte 2018 = contrôle",twfe,-7,-0.0496407333919621,0.0128970788644921,-0.0749185434721395,-0.0243629233117847,0.0001186056304516,96,2592,False," ; fenêtre 1998-2024 ; 96 traitées, 0 jamais traitées sur la fenêtre ; comparaisons sur la fenêtre identifiée (années < 2018, cohorte 2018 recodée contrôle, 7 unités de contrôle) ; cellules −8 et +8 bornées",event,0.0,96.0,0.0,0.0,1998.0,2024.0,,,,,,,,,,,,,,,,,
h2,H2,H2c,log(naissances / 1 000 f. 35-39),"département, bascule D3 ≥ 50 % ; fenêtre identifiée ≤ 2017, cohorte 2018 = contrôle",twfe,-6,-0.0406494448251647,0.0115137261959829,-0.0632159334971467,-0.0180829561531827,0.0004147430841991,96,2592,False," ; fenêtre 1998-2024 ; 96 traitées, 0 jamais traitées sur la fenêtre ; comparaisons sur la fenêtre identifiée (années < 2018, cohorte 2018 recodée contrôle, 7 unités de contrôle) ; cellules −8 et +8 bornées",event,0.0,96.0,0.0,0.0,1998.0,2024.0,,,,,,,,,,,,,,,,,
h2,H2,H2c,log(naissances / 1 000 f. 35-39),"département, bascule D3 ≥ 50 % ; fenêtre identifiée ≤ 2017, cohorte 2018 = contrôle",twfe,-5,-0.040448843827828,0.0106079050910838,-0.0612399557577714,-0.0196577318978847,0.0001372428831542,96,2592,False," ; fenêtre 1998-2024 ; 96 traitées, 0 jamais traitées sur la fenêtre ; comparaisons sur la fenêtre identifiée (années < 2018, cohorte 2018 recodée contrôle, 7 unités de contrôle) ; cellules −8 et +8 bornées",event,0.0,96.0,0.0,0.0,1998.0,2024.0,,,,,,,,,,,,,,,,,
h2,H2,H2c,log(naissances / 1 000 f. 35-39),"département, bascule D3 ≥ 50 % ; fenêtre identifiée ≤ 2017, cohorte 2018 = contrôle",twfe,-4,-0.0388772310995214,0.0092553187961867,-0.0570173226054841,-0.0207371395935587,2.662925516302959e-05,96,2592,False," ; fenêtre 1998-2024 ; 96 traitées, 0 jamais traitées sur la fenêtre ; comparaisons sur la fenêtre identifiée (années < 2018, cohorte 2018 recodée contrôle, 7 unités de contrôle) ; cellules −8 et +8 bornées",event,0.0,96.0,0.0,0.0,1998.0,2024.0,,,,,,,,,,,,,,,,,
h2,H2,H2c,log(naissances / 1 000 f. 35-39),"département, bascule D3 ≥ 50 % ; fenêtre identifiée ≤ 2017, cohorte 2018 = contrôle",twfe,-3,-0.0299549367405953,0.0092486857568742,-0.0480820277283974,-0.0118278457527933,0.0012002036623348,96,2592,False," ; fenêtre 1998-2024 ; 96 traitées, 0 jamais traitées sur la fenêtre ; comparaisons sur la fenêtre identifiée (années < 2018, cohorte 2018 recodée contrôle, 7 unités de contrôle) ; cellules −8 et +8 bornées",event,0.0,96.0,0.0,0.0,1998.0,2024.0,,,,,,,,,,,,,,,,,
h2,H2,H2c,log(naissances / 1 000 f. 35-39),"département, bascule D3 ≥ 50 % ; fenêtre identifiée ≤ 2017, cohorte 2018 = contrôle",twfe,-2,-0.0155095271527083,0.0064500392506661,-0.0281513717828837,-0.002867682522533,0.016191805290456,96,2592,False," ; fenêtre 1998-2024 ; 96 traitées, 0 jamais traitées sur la fenêtre ; comparaisons sur la fenêtre identifiée (années < 2018, cohorte 2018 recodée contrôle, 7 unités de contrôle) ; cellules −8 et +8 bornées",event,0.0,96.0,0.0,0.0,1998.0,2024.0,,,,,,,,,,,,,,,,,
h2,H2,H2c,log(naissances / 1 000 f. 35-39),"département, bascule D3 ≥ 50 % ; fenêtre identifiée ≤ 2017, cohorte 2018 = contrôle",twfe,0,0.0069050403176643,0.0057568009733778,-0.0043780822563212,0.0181881628916499,0.2303499514277401,96,2592,False," ; fenêtre 1998-2024 ; 96 traitées, 0 jamais traitées sur la fenêtre ; comparaisons sur la fenêtre identifiée (années < 2018, cohorte 2018 recodée contrôle, 7 unités de contrôle) ; cellules −8 et +8 bornées",event,0.0,96.0,0.0,0.0,1998.0,2024.0,,,,,,,,,,,,,,,,,
h2,H2,H2c,log(naissances / 1 000 f. 35-39),"département, bascule D3 ≥ 50 % ; fenêtre identifiée ≤ 2017, cohorte 2018 = contrôle",twfe,1,0.0389881280080395,0.0079653415421213,0.023376345460921,0.054599910555158,9.844507220926752e-07,96,2592,False," ; fenêtre 1998-2024 ; 96 traitées, 0 jamais traitées sur la fenêtre ; comparaisons sur la fenêtre identifiée (années < 2018, cohorte 2018 recodée contrôle, 7 unités de contrôle) ; cellules −8 et +8 bornées",event,0.0,96.0,0.0,0.0,1998.0,2024.0,,,,,,,,,,,,,,,,,
h2,H2,H2c,log(naissances / 1 000 f. 35-39),"département, bascule D3 ≥ 50 % ; fenêtre identifiée ≤ 2017, cohorte 2018 = contrôle",twfe,2,0.0412470335595096,0.0103910244274582,0.0208809999192155,0.0616130671998037,7.202761830246189e-05,96,2592,False," ; fenêtre 1998-2024 ; 96 traitées, 0 jamais traitées sur la fenêtre ; comparaisons sur la fenêtre identifiée (années < 2018, cohorte 2018 recodée contrôle, 7 unités de contrôle) ; cellules −8 et +8 bornées",event,0.0,96.0,0.0,0.0,1998.0,2024.0,,,,,,,,,,,,,,,,,
h2,H2,H2c,log(naissances / 1 000 f. 35-39),"département, bascule D3 ≥ 50 % ; fenêtre identifiée ≤ 2017, cohorte 2018 = contrôle",twfe,3,0.0743200631840564,0.0139084961579246,0.0470599116354103,0.1015802147327025,9.116832420626664e-08,96,2592,False," ; fenêtre 1998-2024 ; 96 traitées, 0 jamais traitées sur la fenêtre ; comparaisons sur la fenêtre identifiée (années < 2018, cohorte 2018 recodée contrôle, 7 unités de contrôle) ; cellules −8 et +8 bornées",event,0.0,96.0,0.0,0.0,1998.0,2024.0,,,,,,,,,,,,,,,,,
h2,H2,H2c,log(naissances / 1 000 f. 35-39),"département, bascule D3 ≥ 50 % ; fenêtre identifiée ≤ 2017, cohorte 2018 = contrôle",twfe,4,0.0863613020254459,0.0210263448922681,0.0451504233100825,0.1275721807408092,4.003279837261842e-05,96,2592,False," ; fenêtre 1998-2024 ; 96 traitées, 0 jamais traitées sur la fenêtre ; comparaisons sur la fenêtre identifiée (années < 2018, cohorte 2018 recodée contrôle, 7 unités de contrôle) ; cellules −8 et +8 bornées",event,0.0,96.0,0.0,0.0,1998.0,2024.0,,,,,,,,,,,,,,,,,
h2,H2,H2c,log(naissances / 1 000 f. 35-39),"département, bascule D3 ≥ 50 % ; fenêtre identifiée ≤ 2017, cohorte 2018 = contrôle",twfe,"ATT[1,4]",0.0602291316942628,0.0119506321752085,0.0368063230383684,0.0836519403501573,4.659502054965278e-07,96,2592,False," ; fenêtre 1998-2024 ; 96 traitées, 0 jamais traitées sur la fenêtre ; comparaisons sur la fenêtre identifiée (années < 2018, cohorte 2018 recodée contrôle, 7 unités de contrôle) ; écart-type avec covariance complète (w'Vw)",post_avg,0.0,96.0,0.0,0.0,1998.0,2024.0,,,,,,,,,,,,,,,,,
h2,H2,H2c,log(naissances / 1 000 f. 35-39),"département, bascule D3 ≥ 50 % ; fenêtre identifiée ≤ 2017, cohorte 2018 = contrôle",twfe,Wald pré (-8..−2),22.5979082020225,,,,0.0020022080549986,96,2592,False,"test de Wald joint, covariance groupée, df = 7 ; fenêtre 1998-2024 ; 96 traitées, 0 jamais traitées sur la fenêtre",pre_test,0.0,96.0,0.0,0.0,1998.0,2024.0,,,,,,,,,,,7.0,,,,,,
h2,H2,H2c,log(naissances / 1 000 f. 35-39),"département, bascule D3 ≥ 50 % ; fenêtre identifiée ≤ 2017, cohorte 2018 = contrôle",twfe,ATT,0.0333019895953395,0.006752290986826,0.0200677424480261,0.0465362367426529,8.141102620108649e-07,96,2592,False," ; fenêtre 1998-2024 ; 96 traitées, 0 jamais traitées sur la fenêtre ; comparaisons sur la fenêtre identifiée (années < 2018, cohorte 2018 recodée contrôle, 7 unités de contrôle)",static,0.0,96.0,0.0,0.0,1998.0,2024.0,,,,,,,,,,,,,,,,,
h2,H2,H2c,log(naissances / 1 000 f. 35-39),"département, bascule D3 ≥ 50 % ; fenêtre complète",twfe,ATT,0.0227130119580795,0.0058397153872043,0.0112673801191946,0.0341586437969643,0.0001004907404871,96,2592,True," ; fenêtre 1998-2024 ; 96 traitées, 0 jamais traitées sur la fenêtre ; TWFE sur toutes les années (identification par le calendrier des bascules seulement)",static,0.0,96.0,0.0,0.0,1998.0,2024.0,,,,,,,,,,,,,,,,,
h2,H2,H2c,log(naissances / 1 000 f. 35-39),"département, bascule D3 ≥ 50 % ; fenêtre identifiée ≤ 2017, cohorte 2018 = contrôle",twfe_poisson,ATT (log du taux contrefactuel),0.0188586824330946,0.0127111574538797,-0.0060547283783275,0.0437720932445167,0.1379065234426907,96,2592,False," ; fenêtre 1998-2024 ; 96 traitées, 0 jamais traitées sur la fenêtre ; comparaisons sur la fenêtre identifiée (années < 2018, cohorte 2018 recodée contrôle, 7 unités de contrôle) ; Poisson à effets fixes, offset = log(women)",static,0.0,96.0,0.0,0.0,1998.0,2024.0,,,,,,,,,,,,,,,,,
h2,H2,H2c,log(naissances / 1 000 f. 35-39),"département, bascule D3 ≥ 50 % ; fenêtre identifiée ≤ 2017, cohorte 2018 = contrôle",twfe_poisson,ATT en % du taux contrefactuel,1.9037630522973803,1.2953147773006035,-0.6036435643981486,4.474422369261877,0.1379065234426907,96,2592,False," ; fenêtre 1998-2024 ; 96 traitées, 0 jamais traitées sur la fenêtre ; comparaisons sur la fenêtre identifiée (années < 2018, cohorte 2018 recodée contrôle, 7 unités de contrôle) ; Poisson à effets fixes, offset = log(women)",static,0.0,96.0,0.0,0.0,1998.0,2024.0,,,,,,,,,,,,,,,,,
h2,H2,H2c,log(naissances / 1 000 f. 35-39),"département, bascule D3 ≥ 50 %, covariables de pré-période agrégées",cs,-8,-0.0240313744035657,0.0132816187882686,-0.0500628688849627,0.0020001200778313,0.0703934025010958,96,2592,True,"conditionnement numériquement instable à 96 unités (cohortes de 2 à 33 départements, 6 covariables : estimations de plusieurs log-points au test de fonctionnement) ; rapporté, non interprétable, hors familles de Holm (A2.5) ; covariables : log_med12, share_fsup, unemp_1524, dens_inter, dens_rural, pretrend_0811 (doublement robuste) ; contrôle = not_yet_treated ; fenêtre 1998-2024 ; 96 traitées, 0 jamais traitées sur la fenêtre ; ATT(g,t) identifiés jusqu'en 2017 (sans unité jamais traitée, la dernière cohorte sert de contrôle) ; grappes = dep (96)",event,0.0,96.0,0.0,0.0,1998.0,2024.0,1998.0,2017.0,96.0,1.0,dr,5.0,89.0,,,,,,,,,,
h2,H2,H2c,log(naissances / 1 000 f. 35-39),"département, bascule D3 ≥ 50 %, covariables de pré-période agrégées",cs,-7,0.0052045348281882,0.0145711906912615,-0.0233544741385496,0.0337635437949261,0.7209572147524093,96,2592,True,"conditionnement numériquement instable à 96 unités (cohortes de 2 à 33 départements, 6 covariables : estimations de plusieurs log-points au test de fonctionnement) ; rapporté, non interprétable, hors familles de Holm (A2.5) ; covariables : log_med12, share_fsup, unemp_1524, dens_inter, dens_rural, pretrend_0811 (doublement robuste) ; contrôle = not_yet_treated ; fenêtre 1998-2024 ; 96 traitées, 0 jamais traitées sur la fenêtre ; ATT(g,t) identifiés jusqu'en 2017 (sans unité jamais traitée, la dernière cohorte sert de contrôle) ; grappes = dep (96)",event,0.0,96.0,0.0,0.0,1998.0,2024.0,1998.0,2017.0,96.0,1.0,dr,5.0,89.0,,,,,,,,,,
h2,H2,H2c,log(naissances / 1 000 f. 35-39),"département, bascule D3 ≥ 50 %, covariables de pré-période agrégées",cs,-6,0.0099621381763224,0.0135255885052606,-0.0165475281636972,0.0364718045163421,0.4614020791816404,96,2592,True,"conditionnement numériquement instable à 96 unités (cohortes de 2 à 33 départements, 6 covariables : estimations de plusieurs log-points au test de fonctionnement) ; rapporté, non interprétable, hors familles de Holm (A2.5) ; covariables : log_med12, share_fsup, unemp_1524, dens_inter, dens_rural, pretrend_0811 (doublement robuste) ; contrôle = not_yet_treated ; fenêtre 1998-2024 ; 96 traitées, 0 jamais traitées sur la fenêtre ; ATT(g,t) identifiés jusqu'en 2017 (sans unité jamais traitée, la dernière cohorte sert de contrôle) ; grappes = dep (96)",event,0.0,96.0,0.0,0.0,1998.0,2024.0,1998.0,2017.0,96.0,1.0,dr,5.0,89.0,,,,,,,,,,
h2,H2,H2c,log(naissances / 1 000 f. 35-39),"département, bascule D3 ≥ 50 %, covariables de pré-période agrégées",cs,-5,-0.026171965536035,0.0176319629292745,-0.0607299778541585,0.0083860467820883,0.1377166731079689,96,2592,True,"conditionnement numériquement instable à 96 unités (cohortes de 2 à 33 départements, 6 covariables : estimations de plusieurs log-points au test de fonctionnement) ; rapporté, non interprétable, hors familles de Holm (A2.5) ; covariables : log_med12, share_fsup, unemp_1524, dens_inter, dens_rural, pretrend_0811 (doublement robuste) ; contrôle = not_yet_treated ; fenêtre 1998-2024 ; 96 traitées, 0 jamais traitées sur la fenêtre ; ATT(g,t) identifiés jusqu'en 2017 (sans unité jamais traitée, la dernière cohorte sert de contrôle) ; grappes = dep (96)",event,0.0,96.0,0.0,0.0,1998.0,2024.0,1998.0,2017.0,96.0,1.0,dr,5.0,89.0,,,,,,,,,,
h2,H2,H2c,log(naissances / 1 000 f. 35-39),"département, bascule D3 ≥ 50 %, covariables de pré-période agrégées",cs,-4,-0.0045795105260583,0.0126551431955734,-0.0293831354085793,0.0202241143564627,0.7174495420262202,96,2592,True,"conditionnement numériquement instable à 96 unités (cohortes de 2 à 33 départements, 6 covariables : estimations de plusieurs log-points au test de fonctionnement) ; rapporté, non interprétable, hors familles de Holm (A2.5) ; covariables : log_med12, share_fsup, unemp_1524, dens_inter, dens_rural, pretrend_0811 (doublement robuste) ; contrôle = not_yet_treated ; fenêtre 1998-2024 ; 96 traitées, 0 jamais traitées sur la fenêtre ; ATT(g,t) identifiés jusqu'en 2017 (sans unité jamais traitée, la dernière cohorte sert de contrôle) ; grappes = dep (96)",event,0.0,96.0,0.0,0.0,1998.0,2024.0,1998.0,2017.0,96.0,1.0,dr,5.0,89.0,,,,,,,,,,
h2,H2,H2c,log(naissances / 1 000 f. 35-39),"département, bascule D3 ≥ 50 %, covariables de pré-période agrégées",cs,-3,0.0044901218979451,0.0161006755028575,-0.027066622214422,0.0360468660103122,0.7803385613716955,96,2592,True,"conditionnement numériquement instable à 96 unités (cohortes de 2 à 33 départements, 6 covariables : estimations de plusieurs log-points au test de fonctionnement) ; rapporté, non interprétable, hors familles de Holm (A2.5) ; covariables : log_med12, share_fsup, unemp_1524, dens_inter, dens_rural, pretrend_0811 (doublement robuste) ; contrôle = not_yet_treated ; fenêtre 1998-2024 ; 96 traitées, 0 jamais traitées sur la fenêtre ; ATT(g,t) identifiés jusqu'en 2017 (sans unité jamais traitée, la dernière cohorte sert de contrôle) ; grappes = dep (96)",event,0.0,96.0,0.0,0.0,1998.0,2024.0,1998.0,2017.0,96.0,1.0,dr,5.0,89.0,,,,,,,,,,
h2,H2,H2c,log(naissances / 1 000 f. 35-39),"département, bascule D3 ≥ 50 %, covariables de pré-période agrégées",cs,-2,-0.000607400105397,0.0142771602806546,-0.0285901200569859,0.0273753198461919,0.966065449821705,96,2592,True,"conditionnement numériquement instable à 96 unités (cohortes de 2 à 33 départements, 6 covariables : estimations de plusieurs log-points au test de fonctionnement) ; rapporté, non interprétable, hors familles de Holm (A2.5) ; covariables : log_med12, share_fsup, unemp_1524, dens_inter, dens_rural, pretrend_0811 (doublement robuste) ; contrôle = not_yet_treated ; fenêtre 1998-2024 ; 96 traitées, 0 jamais traitées sur la fenêtre ; ATT(g,t) identifiés jusqu'en 2017 (sans unité jamais traitée, la dernière cohorte sert de contrôle) ; grappes = dep (96)",event,0.0,96.0,0.0,0.0,1998.0,2024.0,1998.0,2017.0,96.0,1.0,dr,5.0,89.0,,,,,,,,,,
h2,H2,H2c,log(naissances / 1 000 f. 35-39),"département, bascule D3 ≥ 50 %, covariables de pré-période agrégées",cs,0,-0.0171440553542435,0.0118049961580918,-0.0402814226617373,0.0059933119532502,0.1464262258085075,96,2592,True,"conditionnement numériquement instable à 96 unités (cohortes de 2 à 33 départements, 6 covariables : estimations de plusieurs log-points au test de fonctionnement) ; rapporté, non interprétable, hors familles de Holm (A2.5) ; covariables : log_med12, share_fsup, unemp_1524, dens_inter, dens_rural, pretrend_0811 (doublement robuste) ; contrôle = not_yet_treated ; fenêtre 1998-2024 ; 96 traitées, 0 jamais traitées sur la fenêtre ; ATT(g,t) identifiés jusqu'en 2017 (sans unité jamais traitée, la dernière cohorte sert de contrôle) ; grappes = dep (96)",event,0.0,96.0,0.0,0.0,1998.0,2024.0,1998.0,2017.0,96.0,1.0,dr,5.0,89.0,,,,,,,,,,
h2,H2,H2c,log(naissances / 1 000 f. 35-39),"département, bascule D3 ≥ 50 %, covariables de pré-période agrégées",cs,4,-3.614817755371341,0.5727224294927408,-4.737333090315393,-2.492302420427288,2.7609400033944086e-10,96,2592,True,"conditionnement numériquement instable à 96 unités (cohortes de 2 à 33 départements, 6 covariables : estimations de plusieurs log-points au test de fonctionnement) ; rapporté, non interprétable, hors familles de Holm (A2.5) ; covariables : log_med12, share_fsup, unemp_1524, dens_inter, dens_rural, pretrend_0811 (doublement robuste) ; contrôle = not_yet_treated ; fenêtre 1998-2024 ; 96 traitées, 0 jamais traitées sur la fenêtre ; ATT(g,t) identifiés jusqu'en 2017 (sans unité jamais traitée, la dernière cohorte sert de contrôle) ; grappes = dep (96)",event,0.0,96.0,0.0,0.0,1998.0,2024.0,1998.0,2017.0,96.0,1.0,dr,1.0,2.0,,,,,,,,,,
h2,H2,H2c,log(naissances / 1 000 f. 35-39),"département, bascule D3 ≥ 50 %, covariables de pré-période agrégées",cs,"ATT[1,4]",-3.614817755371341,0.5727224294927408,-4.737333090315393,-2.492302420427288,2.7609400033944086e-10,96,2592,True,"conditionnement numériquement instable à 96 unités (cohortes de 2 à 33 départements, 6 covariables : estimations de plusieurs log-points au test de fonctionnement) ; rapporté, non interprétable, hors familles de Holm (A2.5) ; covariables : log_med12, share_fsup, unemp_1524, dens_inter, dens_rural, pretrend_0811 (doublement robuste) ; contrôle = not_yet_treated ; fenêtre 1998-2024 ; 96 traitées, 0 jamais traitées sur la fenêtre ; ATT(g,t) identifiés jusqu'en 2017 (sans unité jamais traitée, la dernière cohorte sert de contrôle) ; grappes = dep (96) ; écart-type avec covariance complète des coefficients (fonctions d'influence)",post_avg,0.0,96.0,0.0,0.0,1998.0,2024.0,1998.0,2017.0,96.0,1.0,dr,,,,,1.0,,,,,,,
h2,H2,H2c,log(naissances / 1 000 f. 35-39),"département, bascule D3 ≥ 50 %, covariables de pré-période agrégées",cs,ATT,-0.111819679038904,0.0665961302922785,-0.2423456959215069,0.0187063378436989,0.0931380669656968,96,2592,True,"conditionnement numériquement instable à 96 unités (cohortes de 2 à 33 départements, 6 covariables : estimations de plusieurs log-points au test de fonctionnement) ; rapporté, non interprétable, hors familles de Holm (A2.5) ; covariables : log_med12, share_fsup, unemp_1524, dens_inter, dens_rural, pretrend_0811 (doublement robuste) ; contrôle = not_yet_treated ; fenêtre 1998-2024 ; 96 traitées, 0 jamais traitées sur la fenêtre ; ATT(g,t) identifiés jusqu'en 2017 (sans unité jamais traitée, la dernière cohorte sert de contrôle) ; grappes = dep (96) ; moyenne de tous les ATT(g,t) post",simple,0.0,96.0,0.0,0.0,1998.0,2024.0,1998.0,2017.0,96.0,1.0,dr,,,,,,,,,,,,
h2,H2,H2c,log(naissances / 1 000 f. 35-39),"département, bascule D3 ≥ 50 %, covariables de pré-période agrégées",cs,Wald pré (-8..-2),28.754504527506715,,,,0.0001603839951848,96,2592,True,"H5c : test de Wald joint de nullité des coefficients pré avec covariance des fonctions d'influence, df = 7 ; fenêtre 1998-2024 ; 96 traitées, 0 jamais traitées sur la fenêtre",pre_test,0.0,96.0,0.0,0.0,1998.0,2024.0,1998.0,2017.0,96.0,1.0,dr,,,,,,7.0,,,,,,
h2,H2,H2c,log(naissances / 1 000 f. 40-49),"département, bascule D3 ≥ 50 %",cs,-8,-0.0215647598091264,0.0210619752714315,-0.0628454727844055,0.0197159531661525,0.3058958925561037,96,2592,False," ; contrôle = not_yet_treated ; fenêtre 1998-2024 ; 96 traitées, 0 jamais traitées sur la fenêtre ; ATT(g,t) identifiés jusqu'en 2017 (sans unité jamais traitée, la dernière cohorte sert de contrôle) ; grappes = dep (96)",event,0.0,96.0,0.0,0.0,1998.0,2024.0,1998.0,2017.0,96.0,4.0,reg,5.0,89.0,,,,,,,,,,
h2,H2,H2c,log(naissances / 1 000 f. 40-49),"département, bascule D3 ≥ 50 %",cs,-7,-0.0118377216169721,0.0189925004824725,-0.0490623385389779,0.0253868953050335,0.533097912014243,96,2592,False," ; contrôle = not_yet_treated ; fenêtre 1998-2024 ; 96 traitées, 0 jamais traitées sur la fenêtre ; ATT(g,t) identifiés jusqu'en 2017 (sans unité jamais traitée, la dernière cohorte sert de contrôle) ; grappes = dep (96)",event,0.0,96.0,0.0,0.0,1998.0,2024.0,1998.0,2017.0,96.0,4.0,reg,5.0,89.0,,,,,,,,,,
h2,H2,H2c,log(naissances / 1 000 f. 40-49),"département, bascule D3 ≥ 50 %",cs,-6,-0.0078319875208161,0.0205856574012825,-0.0481791346254104,0.032515159583778,0.7036051261085285,96,2592,False," ; contrôle = not_yet_treated ; fenêtre 1998-2024 ; 96 traitées, 0 jamais traitées sur la fenêtre ; ATT(g,t) identifiés jusqu'en 2017 (sans unité jamais traitée, la dernière cohorte sert de contrôle) ; grappes = dep (96)",event,0.0,96.0,0.0,0.0,1998.0,2024.0,1998.0,2017.0,96.0,4.0,reg,5.0,89.0,,,,,,,,,,
h2,H2,H2c,log(naissances / 1 000 f. 40-49),"département, bascule D3 ≥ 50 %",cs,-5,-0.008267828513687,0.0206673221909029,-0.0487750356647423,0.0322393786373682,0.6891244558595362,96,2592,False," ; contrôle = not_yet_treated ; fenêtre 1998-2024 ; 96 traitées, 0 jamais traitées sur la fenêtre ; ATT(g,t) identifiés jusqu'en 2017 (sans unité jamais traitée, la dernière cohorte sert de contrôle) ; grappes = dep (96)",event,0.0,96.0,0.0,0.0,1998.0,2024.0,1998.0,2017.0,96.0,4.0,reg,5.0,89.0,,,,,,,,,,
h2,H2,H2c,log(naissances / 1 000 f. 40-49),"département, bascule D3 ≥ 50 %",cs,-4,0.0055614245962865,0.0188656013458257,-0.0314144745882223,0.0425373237807955,0.7681529301747294,96,2592,False," ; contrôle = not_yet_treated ; fenêtre 1998-2024 ; 96 traitées, 0 jamais traitées sur la fenêtre ; ATT(g,t) identifiés jusqu'en 2017 (sans unité jamais traitée, la dernière cohorte sert de contrôle) ; grappes = dep (96)",event,0.0,96.0,0.0,0.0,1998.0,2024.0,1998.0,2017.0,96.0,4.0,reg,5.0,89.0,,,,,,,,,,
h2,H2,H2c,log(naissances / 1 000 f. 40-49),"département, bascule D3 ≥ 50 %",cs,-3,0.017499915600379,0.0190274125673082,-0.01979312775053,0.054792958951288,0.3577184469505589,96,2592,False," ; contrôle = not_yet_treated ; fenêtre 1998-2024 ; 96 traitées, 0 jamais traitées sur la fenêtre ; ATT(g,t) identifiés jusqu'en 2017 (sans unité jamais traitée, la dernière cohorte sert de contrôle) ; grappes = dep (96)",event,0.0,96.0,0.0,0.0,1998.0,2024.0,1998.0,2017.0,96.0,4.0,reg,5.0,89.0,,,,,,,,,,
h2,H2,H2c,log(naissances / 1 000 f. 40-49),"département, bascule D3 ≥ 50 %",cs,-2,0.012497761547638,0.0198051967609679,-0.0263197108105883,0.0513152339058645,0.5280179960443121,96,2592,False," ; contrôle = not_yet_treated ; fenêtre 1998-2024 ; 96 traitées, 0 jamais traitées sur la fenêtre ; ATT(g,t) identifiés jusqu'en 2017 (sans unité jamais traitée, la dernière cohorte sert de contrôle) ; grappes = dep (96)",event,0.0,96.0,0.0,0.0,1998.0,2024.0,1998.0,2017.0,96.0,4.0,reg,5.0,89.0,,,,,,,,,,
h2,H2,H2c,log(naissances / 1 000 f. 40-49),"département, bascule D3 ≥ 50 %",cs,0,0.0218890158883856,0.0202741101614708,-0.0178475098466947,0.0616255416234661,0.2802964663258445,96,2592,False," ; contrôle = not_yet_treated ; fenêtre 1998-2024 ; 96 traitées, 0 jamais traitées sur la fenêtre ; ATT(g,t) identifiés jusqu'en 2017 (sans unité jamais traitée, la dernière cohorte sert de contrôle) ; grappes = dep (96)",event,0.0,96.0,0.0,0.0,1998.0,2024.0,1998.0,2017.0,96.0,4.0,reg,5.0,89.0,,,,,,,,,,
h2,H2,H2c,log(naissances / 1 000 f. 40-49),"département, bascule D3 ≥ 50 %",cs,1,0.0205200511387409,0.0275375943000263,-0.0334526419101861,0.074492744187668,0.4561719855285817,96,2592,False," ; contrôle = not_yet_treated ; fenêtre 1998-2024 ; 96 traitées, 0 jamais traitées sur la fenêtre ; ATT(g,t) identifiés jusqu'en 2017 (sans unité jamais traitée, la dernière cohorte sert de contrôle) ; grappes = dep (96)",event,0.0,96.0,0.0,0.0,1998.0,2024.0,1998.0,2017.0,96.0,4.0,reg,4.0,74.0,,,,,,,,,,
h2,H2,H2c,log(naissances / 1 000 f. 40-49),"département, bascule D3 ≥ 50 %",cs,2,0.0125416279972163,0.0362244568658169,-0.0584570028193095,0.0835402588137422,0.7291774570449374,96,2592,False," ; contrôle = not_yet_treated ; fenêtre 1998-2024 ; 96 traitées, 0 jamais traitées sur la fenêtre ; ATT(g,t) identifiés jusqu'en 2017 (sans unité jamais traitée, la dernière cohorte sert de contrôle) ; grappes = dep (96)",event,0.0,96.0,0.0,0.0,1998.0,2024.0,1998.0,2017.0,96.0,4.0,reg,3.0,51.0,,,,,,,,,,
h2,H2,H2c,log(naissances / 1 000 f. 40-49),"département, bascule D3 ≥ 50 %",cs,3,0.0314824219595865,0.0729961807345501,-0.1115874632891082,0.1745523072082813,0.6662585248093725,96,2592,False," ; contrôle = not_yet_treated ; fenêtre 1998-2024 ; 96 traitées, 0 jamais traitées sur la fenêtre ; ATT(g,t) identifiés jusqu'en 2017 (sans unité jamais traitée, la dernière cohorte sert de contrôle) ; grappes = dep (96)",event,0.0,96.0,0.0,0.0,1998.0,2024.0,1998.0,2017.0,96.0,4.0,reg,2.0,35.0,,,,,,,,,,
h2,H2,H2c,log(naissances / 1 000 f. 40-49),"département, bascule D3 ≥ 50 %",cs,4,0.157877305782091,0.0444438890073245,0.0707688839948392,0.2449857275693427,0.0003819027519168,96,2592,False," ; contrôle = not_yet_treated ; fenêtre 1998-2024 ; 96 traitées, 0 jamais traitées sur la fenêtre ; ATT(g,t) identifiés jusqu'en 2017 (sans unité jamais traitée, la dernière cohorte sert de contrôle) ; grappes = dep (96)",event,0.0,96.0,0.0,0.0,1998.0,2024.0,1998.0,2017.0,96.0,4.0,reg,1.0,2.0,,,,,,,,,,
h2,H2,H2c,log(naissances / 1 000 f. 40-49),"département, bascule D3 ≥ 50 %",cs,"ATT[1,4]",0.0556053517194087,0.0381597908904953,-0.0191864640835418,0.1303971675223592,0.1450691035180229,96,2592,False," ; contrôle = not_yet_treated ; fenêtre 1998-2024 ; 96 traitées, 0 jamais traitées sur la fenêtre ; ATT(g,t) identifiés jusqu'en 2017 (sans unité jamais traitée, la dernière cohorte sert de contrôle) ; grappes = dep (96) ; écart-type avec covariance complète des coefficients (fonctions d'influence)",post_avg,0.0,96.0,0.0,0.0,1998.0,2024.0,1998.0,2017.0,96.0,4.0,reg,,,,,4.0,,,,,,,
h2,H2,H2c,log(naissances / 1 000 f. 40-49),"département, bascule D3 ≥ 50 %",cs,ATT,0.0220074446467765,0.0279472409628739,-0.032768141107719,0.076783030401272,0.4310103261233104,96,2592,False," ; contrôle = not_yet_treated ; fenêtre 1998-2024 ; 96 traitées, 0 jamais traitées sur la fenêtre ; ATT(g,t) identifiés jusqu'en 2017 (sans unité jamais traitée, la dernière cohorte sert de contrôle) ; grappes = dep (96) ; moyenne de tous les ATT(g,t) post",simple,0.0,96.0,0.0,0.0,1998.0,2024.0,1998.0,2017.0,96.0,4.0,reg,,,,,,,,,,,,
h2,H2,H2c,log(naissances / 1 000 f. 40-49),"département, bascule D3 ≥ 50 %",cs,Wald pré (-8..-2),7.654257342749595,,,,0.3640656456834095,96,2592,False,"H5c : test de Wald joint de nullité des coefficients pré avec covariance des fonctions d'influence, df = 7 ; fenêtre 1998-2024 ; 96 traitées, 0 jamais traitées sur la fenêtre",pre_test,0.0,96.0,0.0,0.0,1998.0,2024.0,1998.0,2017.0,96.0,4.0,reg,,,,,,7.0,,,,,,
h2,H2,H2c,log(naissances / 1 000 f. 40-49),"département, bascule D3 ≥ 50 % ; fenêtre identifiée ≤ 2017, cohorte 2018 = contrôle",sunab,-8,-0.0230108397154242,0.0331316912825723,-0.0879477613761657,0.0419260819453173,0.4873520476243668,96,2592,False," ; fenêtre 1998-2024 ; 96 traitées, 0 jamais traitées sur la fenêtre ; comparaisons sur la fenêtre identifiée (années < 2018, cohorte 2018 recodée contrôle, 7 unités de contrôle) ; cellules −8 et +8 bornées",event,0.0,96.0,0.0,0.0,1998.0,2024.0,,,,,,,,,,,,,,,,,
h2,H2,H2c,log(naissances / 1 000 f. 40-49),"département, bascule D3 ≥ 50 % ; fenêtre identifiée ≤ 2017, cohorte 2018 = contrôle",sunab,-7,-0.0340441055104772,0.0294274785237238,-0.0917209035728019,0.0236326925518473,0.247320777853819,96,2592,False," ; fenêtre 1998-2024 ; 96 traitées, 0 jamais traitées sur la fenêtre ; comparaisons sur la fenêtre identifiée (années < 2018, cohorte 2018 recodée contrôle, 7 unités de contrôle) ; cellules −8 et +8 bornées",event,0.0,96.0,0.0,0.0,1998.0,2024.0,,,,,,,,,,,,,,,,,
h2,H2,H2c,log(naissances / 1 000 f. 40-49),"département, bascule D3 ≥ 50 % ; fenêtre identifiée ≤ 2017, cohorte 2018 = contrôle",sunab,-6,-0.0282284589862958,0.0282092865522965,-0.0835176446583671,0.0270607266857753,0.316981708959575,96,2592,False," ; fenêtre 1998-2024 ; 96 traitées, 0 jamais traitées sur la fenêtre ; comparaisons sur la fenêtre identifiée (années < 2018, cohorte 2018 recodée contrôle, 7 unités de contrôle) ; cellules −8 et +8 bornées",event,0.0,96.0,0.0,0.0,1998.0,2024.0,,,,,,,,,,,,,,,,,
h2,H2,H2c,log(naissances / 1 000 f. 40-49),"département, bascule D3 ≥ 50 % ; fenêtre identifiée ≤ 2017, cohorte 2018 = contrôle",sunab,-5,-0.0130142488914648,0.0268617886431302,-0.0656623871923271,0.0396338894093973,0.6280386637973723,96,2592,False," ; fenêtre 1998-2024 ; 96 traitées, 0 jamais traitées sur la fenêtre ; comparaisons sur la fenêtre identifiée (années < 2018, cohorte 2018 recodée contrôle, 7 unités de contrôle) ; cellules −8 et +8 bornées",event,0.0,96.0,0.0,0.0,1998.0,2024.0,,,,,,,,,,,,,,,,,
h2,H2,H2c,log(naissances / 1 000 f. 40-49),"département, bascule D3 ≥ 50 % ; fenêtre identifiée ≤ 2017, cohorte 2018 = contrôle",sunab,-4,-0.0217060934336649,0.0307125216160496,-0.0819015296755302,0.0384893428082003,0.4797214714310598,96,2592,False," ; fenêtre 1998-2024 ; 96 traitées, 0 jamais traitées sur la fenêtre ; comparaisons sur la fenêtre identifiée (années < 2018, cohorte 2018 recodée contrôle, 7 unités de contrôle) ; cellules −8 et +8 bornées",event,0.0,96.0,0.0,0.0,1998.0,2024.0,,,,,,,,,,,,,,,,,
h2,H2,H2c,log(naissances / 1 000 f. 40-49),"département, bascule D3 ≥ 50 % ; fenêtre identifiée ≤ 2017, cohorte 2018 = contrôle",sunab,-3,0.0107051434544384,0.0303429458873015,-0.0487659376695203,0.0701762245783972,0.7242346244217257,96,2592,False," ; fenêtre 1998-2024 ; 96 traitées, 0 jamais traitées sur la fenêtre ; comparaisons sur la fenêtre identifiée (années < 2018, cohorte 2018 recodée contrôle, 7 unités de contrôle) ; cellules −8 et +8 bornées",event,0.0,96.0,0.0,0.0,1998.0,2024.0,,,,,,,,,,,,,,,,,
h2,H2,H2c,log(naissances / 1 000 f. 40-49),"département, bascule D3 ≥ 50 % ; fenêtre identifiée ≤ 2017, cohorte 2018 = contrôle",sunab,-2,-0.0138467195773253,0.0242623670777579,-0.0614000852294212,0.0337066460747705,0.5681978021288321,96,2592,False," ; fenêtre 1998-2024 ; 96 traitées, 0 jamais traitées sur la fenêtre ; comparaisons sur la fenêtre identifiée (années < 2018, cohorte 2018 recodée contrôle, 7 unités de contrôle) ; cellules −8 et +8 bornées",event,0.0,96.0,0.0,0.0,1998.0,2024.0,,,,,,,,,,,,,,,,,
h2,H2,H2c,log(naissances / 1 000 f. 40-49),"département, bascule D3 ≥ 50 % ; fenêtre identifiée ≤ 2017, cohorte 2018 = contrôle",sunab,0,0.0089828518758936,0.0235789884828467,-0.0372311163423708,0.055196820094158,0.7032266224114592,96,2592,False," ; fenêtre 1998-2024 ; 96 traitées, 0 jamais traitées sur la fenêtre ; comparaisons sur la fenêtre identifiée (années < 2018, cohorte 2018 recodée contrôle, 7 unités de contrôle) ; cellules −8 et +8 bornées",event,0.0,96.0,0.0,0.0,1998.0,2024.0,,,,,,,,,,,,,,,,,
h2,H2,H2c,log(naissances / 1 000 f. 40-49),"département, bascule D3 ≥ 50 % ; fenêtre identifiée ≤ 2017, cohorte 2018 = contrôle",sunab,1,-0.008146204414422,0.0325911725518703,-0.0720237288300183,0.0557313200011742,0.8026250467245475,96,2592,False," ; fenêtre 1998-2024 ; 96 traitées, 0 jamais traitées sur la fenêtre ; comparaisons sur la fenêtre identifiée (années < 2018, cohorte 2018 recodée contrôle, 7 unités de contrôle) ; cellules −8 et +8 bornées",event,0.0,96.0,0.0,0.0,1998.0,2024.0,,,,,,,,,,,,,,,,,
h2,H2,H2c,log(naissances / 1 000 f. 40-49),"département, bascule D3 ≥ 50 % ; fenêtre identifiée ≤ 2017, cohorte 2018 = contrôle",sunab,2,-0.0185092059725448,0.0536132261159751,-0.1235891982548583,0.0865707863097687,0.7299170933410479,96,2592,False," ; fenêtre 1998-2024 ; 96 traitées, 0 jamais traitées sur la fenêtre ; comparaisons sur la fenêtre identifiée (années < 2018, cohorte 2018 recodée contrôle, 7 unités de contrôle) ; cellules −8 et +8 bornées",event,0.0,96.0,0.0,0.0,1998.0,2024.0,,,,,,,,,,,,,,,,,
h2,H2,H2c,log(naissances / 1 000 f. 40-49),"département, bascule D3 ≥ 50 % ; fenêtre identifiée ≤ 2017, cohorte 2018 = contrôle",sunab,3,0.0327575638985051,0.0739417441291898,-0.1121655915487828,0.1776807193457931,0.6577523209603465,96,2592,False," ; fenêtre 1998-2024 ; 96 traitées, 0 jamais traitées sur la fenêtre ; comparaisons sur la fenêtre identifiée (années < 2018, cohorte 2018 recodée contrôle, 7 unités de contrôle) ; cellules −8 et +8 bornées",event,0.0,96.0,0.0,0.0,1998.0,2024.0,,,,,,,,,,,,,,,,,
h2,H2,H2c,log(naissances / 1 000 f. 40-49),"département, bascule D3 ≥ 50 % ; fenêtre identifiée ≤ 2017, cohorte 2018 = contrôle",sunab,4,0.1578773057820965,0.0455027339634162,0.0686935860156932,0.2470610255484999,0.0005211904963975,96,2592,False," ; fenêtre 1998-2024 ; 96 traitées, 0 jamais traitées sur la fenêtre ; comparaisons sur la fenêtre identifiée (années < 2018, cohorte 2018 recodée contrôle, 7 unités de contrôle) ; cellules −8 et +8 bornées",event,0.0,96.0,0.0,0.0,1998.0,2024.0,,,,,,,,,,,,,,,,,
h2,H2,H2c,log(naissances / 1 000 f. 40-49),"département, bascule D3 ≥ 50 % ; fenêtre identifiée ≤ 2017, cohorte 2018 = contrôle",sunab,"ATT[1,4]",0.0409948648234087,0.0442885836441768,-0.0458091640454676,0.127798893692285,0.354638025552273,96,2592,False," ; fenêtre 1998-2024 ; 96 traitées, 0 jamais traitées sur la fenêtre ; comparaisons sur la fenêtre identifiée (années < 2018, cohorte 2018 recodée contrôle, 7 unités de contrôle) ; écart-type avec covariance complète (w'Vw)",post_avg,0.0,96.0,0.0,0.0,1998.0,2024.0,,,,,,,,,,,,,,,,,
h2,H2,H2c,log(naissances / 1 000 f. 40-49),"département, bascule D3 ≥ 50 % ; fenêtre identifiée ≤ 2017, cohorte 2018 = contrôle",sunab,Wald pré (-8..−2),2.235770038424586,,,,0.945647318903376,96,2592,False,"test de Wald joint, covariance groupée, df = 7 ; fenêtre 1998-2024 ; 96 traitées, 0 jamais traitées sur la fenêtre",pre_test,0.0,96.0,0.0,0.0,1998.0,2024.0,,,,,,,,,,,7.0,,,,,,
h2,H2,H2c,log(naissances / 1 000 f. 40-49),"département, bascule D3 ≥ 50 % ; fenêtre identifiée ≤ 2017, cohorte 2018 = contrôle",did2s,-8,0.0008075402063037,0.0012621315415822,-0.0016661921589494,0.0032812725715569,0.5222879782955644,96,2592,False," ; fenêtre 1998-2024 ; 96 traitées, 0 jamais traitées sur la fenêtre ; comparaisons sur la fenêtre identifiée (années < 2018, cohorte 2018 recodée contrôle, 7 unités de contrôle) ; cellules −8 et +8 bornées",event,0.0,96.0,0.0,0.0,1998.0,2024.0,,,,,,,,,,,,,,,,,
h2,H2,H2c,log(naissances / 1 000 f. 40-49),"département, bascule D3 ≥ 50 % ; fenêtre identifiée ≤ 2017, cohorte 2018 = contrôle",did2s,-7,-0.0062044263884053,0.0068604365086001,-0.0196506348634854,0.0072417820866747,0.3657951125017512,96,2592,False," ; fenêtre 1998-2024 ; 96 traitées, 0 jamais traitées sur la fenêtre ; comparaisons sur la fenêtre identifiée (années < 2018, cohorte 2018 recodée contrôle, 7 unités de contrôle) ; cellules −8 et +8 bornées",event,0.0,96.0,0.0,0.0,1998.0,2024.0,,,,,,,,,,,,,,,,,
h2,H2,H2c,log(naissances / 1 000 f. 40-49),"département, bascule D3 ≥ 50 % ; fenêtre identifiée ≤ 2017, cohorte 2018 = contrôle",did2s,-6,-0.010038095302563,0.0070743287237125,-0.0239035248158367,0.0038273342107107,0.1559145597311725,96,2592,False," ; fenêtre 1998-2024 ; 96 traitées, 0 jamais traitées sur la fenêtre ; comparaisons sur la fenêtre identifiée (années < 2018, cohorte 2018 recodée contrôle, 7 unités de contrôle) ; cellules −8 et +8 bornées",event,0.0,96.0,0.0,0.0,1998.0,2024.0,,,,,,,,,,,,,,,,,
h2,H2,H2c,log(naissances / 1 000 f. 40-49),"département, bascule D3 ≥ 50 % ; fenêtre identifiée ≤ 2017, cohorte 2018 = contrôle",did2s,-5,-0.0027341146518959,0.0085933343256763,-0.0195767404373333,0.0141085111335413,0.7503583295278604,96,2592,False," ; fenêtre 1998-2024 ; 96 traitées, 0 jamais traitées sur la fenêtre ; comparaisons sur la fenêtre identifiée (années < 2018, cohorte 2018 recodée contrôle, 7 unités de contrôle) ; cellules −8 et +8 bornées",event,0.0,96.0,0.0,0.0,1998.0,2024.0,,,,,,,,,,,,,,,,,
h2,H2,H2c,log(naissances / 1 000 f. 40-49),"département, bascule D3 ≥ 50 % ; fenêtre identifiée ≤ 2017, cohorte 2018 = contrôle",did2s,-4,-0.00351561620904,0.0058320644517839,-0.0149462524900528,0.0079150200719727,0.546636298558556,96,2592,False," ; fenêtre 1998-2024 ; 96 traitées, 0 jamais traitées sur la fenêtre ; comparaisons sur la fenêtre identifiée (années < 2018, cohorte 2018 recodée contrôle, 7 unités de contrôle) ; cellules −8 et +8 bornées",event,0.0,96.0,0.0,0.0,1998.0,2024.0,,,,,,,,,,,,,,,,,
h2,H2,H2c,log(naissances / 1 000 f. 40-49),"département, bascule D3 ≥ 50 % ; fenêtre identifiée ≤ 2017, cohorte 2018 = contrôle",did2s,-3,0.0045209555094956,0.0078195116403109,-0.0108050056822055,0.0198469167011968,0.5631538000433063,96,2592,False," ; fenêtre 1998-2024 ; 96 traitées, 0 jamais traitées sur la fenêtre ; comparaisons sur la fenêtre identifiée (années < 2018, cohorte 2018 recodée contrôle, 7 unités de contrôle) ; cellules −8 et +8 bornées",event,0.0,96.0,0.0,0.0,1998.0,2024.0,,,,,,,,,,,,,,,,,
h2,H2,H2c,log(naissances / 1 000 f. 40-49),"département, bascule D3 ≥ 50 % ; fenêtre identifiée ≤ 2017, cohorte 2018 = contrôle",did2s,-2,0.0059845960130407,0.0069912149399912,-0.0077179334775204,0.0196871255036019,0.3919885998807537,96,2592,False," ; fenêtre 1998-2024 ; 96 traitées, 0 jamais traitées sur la fenêtre ; comparaisons sur la fenêtre identifiée (années < 2018, cohorte 2018 recodée contrôle, 7 unités de contrôle) ; cellules −8 et +8 bornées",event,0.0,96.0,0.0,0.0,1998.0,2024.0,,,,,,,,,,,,,,,,,
h2,H2,H2c,log(naissances / 1 000 f. 40-49),"département, bascule D3 ≥ 50 % ; fenêtre identifiée ≤ 2017, cohorte 2018 = contrôle",did2s,0,0.0240612399361305,0.013304694661923,-0.0020154824265408,0.0501379622988019,0.0705322273125721,96,2592,False," ; fenêtre 1998-2024 ; 96 traitées, 0 jamais traitées sur la fenêtre ; comparaisons sur la fenêtre identifiée (années < 2018, cohorte 2018 recodée contrôle, 7 unités de contrôle) ; cellules −8 et +8 bornées",event,0.0,96.0,0.0,0.0,1998.0,2024.0,,,,,,,,,,,,,,,,,
h2,H2,H2c,log(naissances / 1 000 f. 40-49),"département, bascule D3 ≥ 50 % ; fenêtre identifiée ≤ 2017, cohorte 2018 = contrôle",did2s,1,0.0319003853055218,0.0203856152933367,-0.008054686472107,0.0718554570831507,0.1176186000287412,96,2592,False," ; fenêtre 1998-2024 ; 96 traitées, 0 jamais traitées sur la fenêtre ; comparaisons sur la fenêtre identifiée (années < 2018, cohorte 2018 recodée contrôle, 7 unités de contrôle) ; cellules −8 et +8 bornées",event,0.0,96.0,0.0,0.0,1998.0,2024.0,,,,,,,,,,,,,,,,,
h2,H2,H2c,log(naissances / 1 000 f. 40-49),"département, bascule D3 ≥ 50 % ; fenêtre identifiée ≤ 2017, cohorte 2018 = contrôle",did2s,2,0.0491174452124402,0.0257637922405669,-0.0013786596842435,0.099613550109124,0.0565915274235808,96,2592,False," ; fenêtre 1998-2024 ; 96 traitées, 0 jamais traitées sur la fenêtre ; comparaisons sur la fenêtre identifiée (années < 2018, cohorte 2018 recodée contrôle, 7 unités de contrôle) ; cellules −8 et +8 bornées",event,0.0,96.0,0.0,0.0,1998.0,2024.0,,,,,,,,,,,,,,,,,
h2,H2,H2c,log(naissances / 1 000 f. 40-49),"département, bascule D3 ≥ 50 % ; fenêtre identifiée ≤ 2017, cohorte 2018 = contrôle",did2s,3,0.0813022576346151,0.0486610938492105,-0.0140717337581612,0.1766762490273914,0.0947640226660974,96,2592,False," ; fenêtre 1998-2024 ; 96 traitées, 0 jamais traitées sur la fenêtre ; comparaisons sur la fenêtre identifiée (années < 2018, cohorte 2018 recodée contrôle, 7 unités de contrôle) ; cellules −8 et +8 bornées",event,0.0,96.0,0.0,0.0,1998.0,2024.0,,,,,,,,,,,,,,,,,
h2,H2,H2c,log(naissances / 1 000 f. 40-49),"département, bascule D3 ≥ 50 % ; fenêtre identifiée ≤ 2017, cohorte 2018 = contrôle",did2s,4,0.0968823129108917,0.0572924607704667,-0.015408846784897,0.2091734726066805,0.0908342633128542,96,2592,False," ; fenêtre 1998-2024 ; 96 traitées, 0 jamais traitées sur la fenêtre ; comparaisons sur la fenêtre identifiée (années < 2018, cohorte 2018 recodée contrôle, 7 unités de contrôle) ; cellules −8 et +8 bornées",event,0.0,96.0,0.0,0.0,1998.0,2024.0,,,,,,,,,,,,,,,,,
h2,H2,H2c,log(naissances / 1 000 f. 40-49),"département, bascule D3 ≥ 50 % ; fenêtre identifiée ≤ 2017, cohorte 2018 = contrôle",did2s,"ATT[1,4]",0.0648006002658672,0.0338453040739729,-0.0015349767649265,0.131136177296661,0.0555420981154313,96,2592,False," ; fenêtre 1998-2024 ; 96 traitées, 0 jamais traitées sur la fenêtre ; comparaisons sur la fenêtre identifiée (années < 2018, cohorte 2018 recodée contrôle, 7 unités de contrôle) ; écart-type avec covariance complète (w'Vw)",post_avg,0.0,96.0,0.0,0.0,1998.0,2024.0,,,,,,,,,,,,,,,,,
h2,H2,H2c,log(naissances / 1 000 f. 40-49),"département, bascule D3 ≥ 50 % ; fenêtre identifiée ≤ 2017, cohorte 2018 = contrôle",did2s,Wald pré (-8..−2),4.978984514679633,,,,0.6625279725762157,96,2592,False,"test de Wald joint, covariance groupée, df = 7 ; fenêtre 1998-2024 ; 96 traitées, 0 jamais traitées sur la fenêtre",pre_test,0.0,96.0,0.0,0.0,1998.0,2024.0,,,,,,,,,,,7.0,,,,,,
h2,H2,H2c,log(naissances / 1 000 f. 40-49),"département, bascule D3 ≥ 50 % ; fenêtre identifiée ≤ 2017, cohorte 2018 = contrôle",twfe,-8,-0.0053448591477786,0.0244165851402945,-0.0532004866482119,0.0425107683526545,0.8267257558969884,96,2592,False," ; fenêtre 1998-2024 ; 96 traitées, 0 jamais traitées sur la fenêtre ; comparaisons sur la fenêtre identifiée (années < 2018, cohorte 2018 recodée contrôle, 7 unités de contrôle) ; cellules −8 et +8 bornées",event,0.0,96.0,0.0,0.0,1998.0,2024.0,,,,,,,,,,,,,,,,,
h2,H2,H2c,log(naissances / 1 000 f. 40-49),"département, bascule D3 ≥ 50 % ; fenêtre identifiée ≤ 2017, cohorte 2018 = contrôle",twfe,-7,-0.0199340872234684,0.0217442765925046,-0.0625520862146549,0.0226839117677181,0.3592731367347929,96,2592,False," ; fenêtre 1998-2024 ; 96 traitées, 0 jamais traitées sur la fenêtre ; comparaisons sur la fenêtre identifiée (années < 2018, cohorte 2018 recodée contrôle, 7 unités de contrôle) ; cellules −8 et +8 bornées",event,0.0,96.0,0.0,0.0,1998.0,2024.0,,,,,,,,,,,,,,,,,
h2,H2,H2c,log(naissances / 1 000 f. 40-49),"département, bascule D3 ≥ 50 % ; fenêtre identifiée ≤ 2017, cohorte 2018 = contrôle",twfe,-6,-0.0248861470396862,0.0206968301045725,-0.0654511886387928,0.0156788945594202,0.2292033778745891,96,2592,False," ; fenêtre 1998-2024 ; 96 traitées, 0 jamais traitées sur la fenêtre ; comparaisons sur la fenêtre identifiée (années < 2018, cohorte 2018 recodée contrôle, 7 unités de contrôle) ; cellules −8 et +8 bornées",event,0.0,96.0,0.0,0.0,1998.0,2024.0,,,,,,,,,,,,,,,,,
h2,H2,H2c,log(naissances / 1 000 f. 40-49),"département, bascule D3 ≥ 50 % ; fenêtre identifiée ≤ 2017, cohorte 2018 = contrôle",twfe,-5,-0.0161287673014565,0.0188488422801292,-0.0530718193207856,0.0208142847178724,0.3921692304025187,96,2592,False," ; fenêtre 1998-2024 ; 96 traitées, 0 jamais traitées sur la fenêtre ; comparaisons sur la fenêtre identifiée (années < 2018, cohorte 2018 recodée contrôle, 7 unités de contrôle) ; cellules −8 et +8 bornées",event,0.0,96.0,0.0,0.0,1998.0,2024.0,,,,,,,,,,,,,,,,,
h2,H2,H2c,log(naissances / 1 000 f. 40-49),"département, bascule D3 ≥ 50 % ; fenêtre identifiée ≤ 2017, cohorte 2018 = contrôle",twfe,-4,-0.0145067574409329,0.0162099935926943,-0.046277761072239,0.017264246190373,0.3708262276857498,96,2592,False," ; fenêtre 1998-2024 ; 96 traitées, 0 jamais traitées sur la fenêtre ; comparaisons sur la fenêtre identifiée (années < 2018, cohorte 2018 recodée contrôle, 7 unités de contrôle) ; cellules −8 et +8 bornées",event,0.0,96.0,0.0,0.0,1998.0,2024.0,,,,,,,,,,,,,,,,,
h2,H2,H2c,log(naissances / 1 000 f. 40-49),"département, bascule D3 ≥ 50 % ; fenêtre identifiée ≤ 2017, cohorte 2018 = contrôle",twfe,-3,-0.0019656427747513,0.0144097295959193,-0.0302081938097142,0.0262769082602114,0.8914965345218688,96,2592,False," ; fenêtre 1998-2024 ; 96 traitées, 0 jamais traitées sur la fenêtre ; comparaisons sur la fenêtre identifiée (années < 2018, cohorte 2018 recodée contrôle, 7 unités de contrôle) ; cellules −8 et +8 bornées",event,0.0,96.0,0.0,0.0,1998.0,2024.0,,,,,,,,,,,,,,,,,
h2,H2,H2c,log(naissances / 1 000 f. 40-49),"département, bascule D3 ≥ 50 % ; fenêtre identifiée ≤ 2017, cohorte 2018 = contrôle",twfe,-2,-0.0011709594993182,0.0140394880306263,-0.028687850400727,0.0263459314020904,0.9335297394709688,96,2592,False," ; fenêtre 1998-2024 ; 96 traitées, 0 jamais traitées sur la fenêtre ; comparaisons sur la fenêtre identifiée (années < 2018, cohorte 2018 recodée contrôle, 7 unités de contrôle) ; cellules −8 et +8 bornées",event,0.0,96.0,0.0,0.0,1998.0,2024.0,,,,,,,,,,,,,,,,,
h2,H2,H2c,log(naissances / 1 000 f. 40-49),"département, bascule D3 ≥ 50 % ; fenêtre identifiée ≤ 2017, cohorte 2018 = contrôle",twfe,0,0.031900732682807,0.013058504257,0.006306534647124,0.05749493071849,0.0145694255774676,96,2592,False," ; fenêtre 1998-2024 ; 96 traitées, 0 jamais traitées sur la fenêtre ; comparaisons sur la fenêtre identifiée (années < 2018, cohorte 2018 recodée contrôle, 7 unités de contrôle) ; cellules −8 et +8 bornées",event,0.0,96.0,0.0,0.0,1998.0,2024.0,,,,,,,,,,,,,,,,,
h2,H2,H2c,log(naissances / 1 000 f. 40-49),"département, bascule D3 ≥ 50 % ; fenêtre identifiée ≤ 2017, cohorte 2018 = contrôle",twfe,1,0.0389151121333377,0.0172511257018345,0.0051035270649688,0.0727266972017065,0.024083076632828,96,2592,False," ; fenêtre 1998-2024 ; 96 traitées, 0 jamais traitées sur la fenêtre ; comparaisons sur la fenêtre identifiée (années < 2018, cohorte 2018 recodée contrôle, 7 unités de contrôle) ; cellules −8 et +8 bornées",event,0.0,96.0,0.0,0.0,1998.0,2024.0,,,,,,,,,,,,,,,,,
h2,H2,H2c,log(naissances / 1 000 f. 40-49),"département, bascule D3 ≥ 50 % ; fenêtre identifiée ≤ 2017, cohorte 2018 = contrôle",twfe,2,0.0731320211789921,0.0215916833501329,0.0308130994471383,0.1154509429108459,0.000706495832872,96,2592,False," ; fenêtre 1998-2024 ; 96 traitées, 0 jamais traitées sur la fenêtre ; comparaisons sur la fenêtre identifiée (années < 2018, cohorte 2018 recodée contrôle, 7 unités de contrôle) ; cellules −8 et +8 bornées",event,0.0,96.0,0.0,0.0,1998.0,2024.0,,,,,,,,,,,,,,,,,
h2,H2,H2c,log(naissances / 1 000 f. 40-49),"département, bascule D3 ≥ 50 % ; fenêtre identifiée ≤ 2017, cohorte 2018 = contrôle",twfe,3,0.1208430696592003,0.0263332231853752,0.0692309006190097,0.1724552386993909,4.453818451934454e-06,96,2592,False," ; fenêtre 1998-2024 ; 96 traitées, 0 jamais traitées sur la fenêtre ; comparaisons sur la fenêtre identifiée (années < 2018, cohorte 2018 recodée contrôle, 7 unités de contrôle) ; cellules −8 et +8 bornées",event,0.0,96.0,0.0,0.0,1998.0,2024.0,,,,,,,,,,,,,,,,,
h2,H2,H2c,log(naissances / 1 000 f. 40-49),"département, bascule D3 ≥ 50 % ; fenêtre identifiée ≤ 2017, cohorte 2018 = contrôle",twfe,4,0.1389875122944226,0.0345547188276061,0.0712615078964065,0.2067135166924387,5.76462812802202e-05,96,2592,False," ; fenêtre 1998-2024 ; 96 traitées, 0 jamais traitées sur la fenêtre ; comparaisons sur la fenêtre identifiée (années < 2018, cohorte 2018 recodée contrôle, 7 unités de contrôle) ; cellules −8 et +8 bornées",event,0.0,96.0,0.0,0.0,1998.0,2024.0,,,,,,,,,,,,,,,,,
h2,H2,H2c,log(naissances / 1 000 f. 40-49),"département, bascule D3 ≥ 50 % ; fenêtre identifiée ≤ 2017, cohorte 2018 = contrôle",twfe,"ATT[1,4]",0.0929694288164882,0.0216076636035171,0.0506191863635376,0.1353196712694387,1.6879502248312417e-05,96,2592,False," ; fenêtre 1998-2024 ; 96 traitées, 0 jamais traitées sur la fenêtre ; comparaisons sur la fenêtre identifiée (années < 2018, cohorte 2018 recodée contrôle, 7 unités de contrôle) ; écart-type avec covariance complète (w'Vw)",post_avg,0.0,96.0,0.0,0.0,1998.0,2024.0,,,,,,,,,,,,,,,,,
h2,H2,H2c,log(naissances / 1 000 f. 40-49),"département, bascule D3 ≥ 50 % ; fenêtre identifiée ≤ 2017, cohorte 2018 = contrôle",twfe,Wald pré (-8..−2),3.894799770277645,,,,0.7918116227644347,96,2592,False,"test de Wald joint, covariance groupée, df = 7 ; fenêtre 1998-2024 ; 96 traitées, 0 jamais traitées sur la fenêtre",pre_test,0.0,96.0,0.0,0.0,1998.0,2024.0,,,,,,,,,,,7.0,,,,,,
h2,H2,H2c,log(naissances / 1 000 f. 40-49),"département, bascule D3 ≥ 50 % ; fenêtre identifiée ≤ 2017, cohorte 2018 = contrôle",twfe,ATT,0.0409158139517464,0.0119224198495066,0.0175483004381481,0.0642833274653448,0.0005995054705552,96,2592,False," ; fenêtre 1998-2024 ; 96 traitées, 0 jamais traitées sur la fenêtre ; comparaisons sur la fenêtre identifiée (années < 2018, cohorte 2018 recodée contrôle, 7 unités de contrôle)",static,0.0,96.0,0.0,0.0,1998.0,2024.0,,,,,,,,,,,,,,,,,
h2,H2,H2c,log(naissances / 1 000 f. 40-49),"département, bascule D3 ≥ 50 % ; fenêtre complète",twfe,ATT,0.023945214399416,0.0105301877867518,0.0033064255869389,0.0445840032118932,0.0229684568461212,96,2592,True," ; fenêtre 1998-2024 ; 96 traitées, 0 jamais traitées sur la fenêtre ; TWFE sur toutes les années (identification par le calendrier des bascules seulement)",static,0.0,96.0,0.0,0.0,1998.0,2024.0,,,,,,,,,,,,,,,,,
h2,H2,H2c,log(naissances / 1 000 f. 40-49),"département, bascule D3 ≥ 50 % ; fenêtre identifiée ≤ 2017, cohorte 2018 = contrôle",twfe_poisson,ATT (log du taux contrefactuel),0.0264152829354955,0.0109000883866507,0.0050515022693568,0.0477790636016342,0.0153759519546415,96,2592,False," ; fenêtre 1998-2024 ; 96 traitées, 0 jamais traitées sur la fenêtre ; comparaisons sur la fenêtre identifiée (années < 2018, cohorte 2018 recodée contrôle, 7 unités de contrôle) ; Poisson à effets fixes, offset = log(women)",static,0.0,96.0,0.0,0.0,1998.0,2024.0,,,,,,,,,,,,,,,,,
h2,H2,H2c,log(naissances / 1 000 f. 40-49),"département, bascule D3 ≥ 50 % ; fenêtre identifiée ≤ 2017, cohorte 2018 = contrôle",twfe_poisson,ATT en % du taux contrefactuel,2.676725886893294,1.1191853874190465,0.5064282448501656,4.89388811200151,0.0153759519546415,96,2592,False," ; fenêtre 1998-2024 ; 96 traitées, 0 jamais traitées sur la fenêtre ; comparaisons sur la fenêtre identifiée (années < 2018, cohorte 2018 recodée contrôle, 7 unités de contrôle) ; Poisson à effets fixes, offset = log(women)",static,0.0,96.0,0.0,0.0,1998.0,2024.0,,,,,,,,,,,,,,,,,
h2,H2,H2c,log(naissances / 1 000 f. 40-49),"département, bascule D3 ≥ 50 %, covariables de pré-période agrégées",cs,-8,-0.0263440863041916,0.0270431219156842,-0.0793476312884585,0.0266594586800752,0.3299815324789593,96,2592,True,"conditionnement numériquement instable à 96 unités (cohortes de 2 à 33 départements, 6 covariables : estimations de plusieurs log-points au test de fonctionnement) ; rapporté, non interprétable, hors familles de Holm (A2.5) ; covariables : log_med12, share_fsup, unemp_1524, dens_inter, dens_rural, pretrend_0811 (doublement robuste) ; contrôle = not_yet_treated ; fenêtre 1998-2024 ; 96 traitées, 0 jamais traitées sur la fenêtre ; ATT(g,t) identifiés jusqu'en 2017 (sans unité jamais traitée, la dernière cohorte sert de contrôle) ; grappes = dep (96)",event,0.0,96.0,0.0,0.0,1998.0,2024.0,1998.0,2017.0,96.0,2.0,dr,5.0,89.0,,,,,,,,,,
h2,H2,H2c,log(naissances / 1 000 f. 40-49),"département, bascule D3 ≥ 50 %, covariables de pré-période agrégées",cs,-7,0.0248063109564508,0.0312759375607848,-0.0364934002454109,0.0861060221583127,0.4276941397464805,96,2592,True,"conditionnement numériquement instable à 96 unités (cohortes de 2 à 33 départements, 6 covariables : estimations de plusieurs log-points au test de fonctionnement) ; rapporté, non interprétable, hors familles de Holm (A2.5) ; covariables : log_med12, share_fsup, unemp_1524, dens_inter, dens_rural, pretrend_0811 (doublement robuste) ; contrôle = not_yet_treated ; fenêtre 1998-2024 ; 96 traitées, 0 jamais traitées sur la fenêtre ; ATT(g,t) identifiés jusqu'en 2017 (sans unité jamais traitée, la dernière cohorte sert de contrôle) ; grappes = dep (96)",event,0.0,96.0,0.0,0.0,1998.0,2024.0,1998.0,2017.0,96.0,2.0,dr,5.0,89.0,,,,,,,,,,
h2,H2,H2c,log(naissances / 1 000 f. 40-49),"département, bascule D3 ≥ 50 %, covariables de pré-période agrégées",cs,-6,-0.0233726916876709,0.0345524570283604,-0.0910942630406252,0.0443488796652834,0.4987608202359612,96,2592,True,"conditionnement numériquement instable à 96 unités (cohortes de 2 à 33 départements, 6 covariables : estimations de plusieurs log-points au test de fonctionnement) ; rapporté, non interprétable, hors familles de Holm (A2.5) ; covariables : log_med12, share_fsup, unemp_1524, dens_inter, dens_rural, pretrend_0811 (doublement robuste) ; contrôle = not_yet_treated ; fenêtre 1998-2024 ; 96 traitées, 0 jamais traitées sur la fenêtre ; ATT(g,t) identifiés jusqu'en 2017 (sans unité jamais traitée, la dernière cohorte sert de contrôle) ; grappes = dep (96)",event,0.0,96.0,0.0,0.0,1998.0,2024.0,1998.0,2017.0,96.0,2.0,dr,5.0,89.0,,,,,,,,,,
h2,H2,H2c,log(naissances / 1 000 f. 40-49),"département, bascule D3 ≥ 50 %, covariables de pré-période agrégées",cs,-5,0.0249629553164709,0.0311535909950904,-0.0360969610229977,0.0860228716559395,0.4229657408039526,96,2592,True,"conditionnement numériquement instable à 96 unités (cohortes de 2 à 33 départements, 6 covariables : estimations de plusieurs log-points au test de fonctionnement) ; rapporté, non interprétable, hors familles de Holm (A2.5) ; covariables : log_med12, share_fsup, unemp_1524, dens_inter, dens_rural, pretrend_0811 (doublement robuste) ; contrôle = not_yet_treated ; fenêtre 1998-2024 ; 96 traitées, 0 jamais traitées sur la fenêtre ; ATT(g,t) identifiés jusqu'en 2017 (sans unité jamais traitée, la dernière cohorte sert de contrôle) ; grappes = dep (96)",event,0.0,96.0,0.0,0.0,1998.0,2024.0,1998.0,2017.0,96.0,2.0,dr,5.0,89.0,,,,,,,,,,
h2,H2,H2c,log(naissances / 1 000 f. 40-49),"département, bascule D3 ≥ 50 %, covariables de pré-période agrégées",cs,-4,-0.0479909557459404,0.0314975879856171,-0.1097250937976315,0.0137431823057506,0.1275988970502993,96,2592,True,"conditionnement numériquement instable à 96 unités (cohortes de 2 à 33 départements, 6 covariables : estimations de plusieurs log-points au test de fonctionnement) ; rapporté, non interprétable, hors familles de Holm (A2.5) ; covariables : log_med12, share_fsup, unemp_1524, dens_inter, dens_rural, pretrend_0811 (doublement robuste) ; contrôle = not_yet_treated ; fenêtre 1998-2024 ; 96 traitées, 0 jamais traitées sur la fenêtre ; ATT(g,t) identifiés jusqu'en 2017 (sans unité jamais traitée, la dernière cohorte sert de contrôle) ; grappes = dep (96)",event,0.0,96.0,0.0,0.0,1998.0,2024.0,1998.0,2017.0,96.0,2.0,dr,5.0,89.0,,,,,,,,,,
h2,H2,H2c,log(naissances / 1 000 f. 40-49),"département, bascule D3 ≥ 50 %, covariables de pré-période agrégées",cs,-3,0.0160165058395804,0.0259029945131307,-0.0347524304978943,0.0667854421770553,0.5363601902841987,96,2592,True,"conditionnement numériquement instable à 96 unités (cohortes de 2 à 33 départements, 6 covariables : estimations de plusieurs log-points au test de fonctionnement) ; rapporté, non interprétable, hors familles de Holm (A2.5) ; covariables : log_med12, share_fsup, unemp_1524, dens_inter, dens_rural, pretrend_0811 (doublement robuste) ; contrôle = not_yet_treated ; fenêtre 1998-2024 ; 96 traitées, 0 jamais traitées sur la fenêtre ; ATT(g,t) identifiés jusqu'en 2017 (sans unité jamais traitée, la dernière cohorte sert de contrôle) ; grappes = dep (96)",event,0.0,96.0,0.0,0.0,1998.0,2024.0,1998.0,2017.0,96.0,2.0,dr,5.0,89.0,,,,,,,,,,
h2,H2,H2c,log(naissances / 1 000 f. 40-49),"département, bascule D3 ≥ 50 %, covariables de pré-période agrégées",cs,-2,-0.0058526292316758,0.0353142383723068,-0.0750672645828596,0.063362006119508,0.8683694246568316,96,2592,True,"conditionnement numériquement instable à 96 unités (cohortes de 2 à 33 départements, 6 covariables : estimations de plusieurs log-points au test de fonctionnement) ; rapporté, non interprétable, hors familles de Holm (A2.5) ; covariables : log_med12, share_fsup, unemp_1524, dens_inter, dens_rural, pretrend_0811 (doublement robuste) ; contrôle = not_yet_treated ; fenêtre 1998-2024 ; 96 traitées, 0 jamais traitées sur la fenêtre ; ATT(g,t) identifiés jusqu'en 2017 (sans unité jamais traitée, la dernière cohorte sert de contrôle) ; grappes = dep (96)",event,0.0,96.0,0.0,0.0,1998.0,2024.0,1998.0,2017.0,96.0,2.0,dr,5.0,89.0,,,,,,,,,,
h2,H2,H2c,log(naissances / 1 000 f. 40-49),"département, bascule D3 ≥ 50 %, covariables de pré-période agrégées",cs,0,0.0348825811080334,0.0331954461484241,-0.0301792977936167,0.0999444600096837,0.2933392979580128,96,2592,True,"conditionnement numériquement instable à 96 unités (cohortes de 2 à 33 départements, 6 covariables : estimations de plusieurs log-points au test de fonctionnement) ; rapporté, non interprétable, hors familles de Holm (A2.5) ; covariables : log_med12, share_fsup, unemp_1524, dens_inter, dens_rural, pretrend_0811 (doublement robuste) ; contrôle = not_yet_treated ; fenêtre 1998-2024 ; 96 traitées, 0 jamais traitées sur la fenêtre ; ATT(g,t) identifiés jusqu'en 2017 (sans unité jamais traitée, la dernière cohorte sert de contrôle) ; grappes = dep (96)",event,0.0,96.0,0.0,0.0,1998.0,2024.0,1998.0,2017.0,96.0,2.0,dr,5.0,89.0,,,,,,,,,,
h2,H2,H2c,log(naissances / 1 000 f. 40-49),"département, bascule D3 ≥ 50 %, covariables de pré-période agrégées",cs,2,0.2584218273978059,0.2473097811011718,-0.2262964365849752,0.7431400913805872,0.2960545422982757,96,2592,True,"conditionnement numériquement instable à 96 unités (cohortes de 2 à 33 départements, 6 covariables : estimations de plusieurs log-points au test de fonctionnement) ; rapporté, non interprétable, hors familles de Holm (A2.5) ; covariables : log_med12, share_fsup, unemp_1524, dens_inter, dens_rural, pretrend_0811 (doublement robuste) ; contrôle = not_yet_treated ; fenêtre 1998-2024 ; 96 traitées, 0 jamais traitées sur la fenêtre ; ATT(g,t) identifiés jusqu'en 2017 (sans unité jamais traitée, la dernière cohorte sert de contrôle) ; grappes = dep (96)",event,0.0,96.0,0.0,0.0,1998.0,2024.0,1998.0,2017.0,96.0,2.0,dr,3.0,51.0,,,,,,,,,,
h2,H2,H2c,log(naissances / 1 000 f. 40-49),"département, bascule D3 ≥ 50 %, covariables de pré-période agrégées",cs,4,5.53413386438349,2.635113795822173,0.3694057294073971,10.698861999359584,0.0357156606031695,96,2592,True,"conditionnement numériquement instable à 96 unités (cohortes de 2 à 33 départements, 6 covariables : estimations de plusieurs log-points au test de fonctionnement) ; rapporté, non interprétable, hors familles de Holm (A2.5) ; covariables : log_med12, share_fsup, unemp_1524, dens_inter, dens_rural, pretrend_0811 (doublement robuste) ; contrôle = not_yet_treated ; fenêtre 1998-2024 ; 96 traitées, 0 jamais traitées sur la fenêtre ; ATT(g,t) identifiés jusqu'en 2017 (sans unité jamais traitée, la dernière cohorte sert de contrôle) ; grappes = dep (96)",event,0.0,96.0,0.0,0.0,1998.0,2024.0,1998.0,2017.0,96.0,2.0,dr,1.0,2.0,,,,,,,,,,
h2,H2,H2c,log(naissances / 1 000 f. 40-49),"département, bascule D3 ≥ 50 %, covariables de pré-période agrégées",cs,"ATT[1,4]",2.896277845890648,1.3162814532905298,0.3164136039231677,5.476142087858127,0.027782182775416,96,2592,True,"conditionnement numériquement instable à 96 unités (cohortes de 2 à 33 départements, 6 covariables : estimations de plusieurs log-points au test de fonctionnement) ; rapporté, non interprétable, hors familles de Holm (A2.5) ; covariables : log_med12, share_fsup, unemp_1524, dens_inter, dens_rural, pretrend_0811 (doublement robuste) ; contrôle = not_yet_treated ; fenêtre 1998-2024 ; 96 traitées, 0 jamais traitées sur la fenêtre ; ATT(g,t) identifiés jusqu'en 2017 (sans unité jamais traitée, la dernière cohorte sert de contrôle) ; grappes = dep (96) ; écart-type avec covariance complète des coefficients (fonctions d'influence)",post_avg,0.0,96.0,0.0,0.0,1998.0,2024.0,1998.0,2017.0,96.0,2.0,dr,,,,,2.0,,,,,,,
h2,H2,H2c,log(naissances / 1 000 f. 40-49),"département, bascule D3 ≥ 50 %, covariables de pré-période agrégées",cs,ATT,0.1854823318860657,0.1276327984262434,-0.0646733562754318,0.4356380200475633,0.1461544247580588,96,2592,True,"conditionnement numériquement instable à 96 unités (cohortes de 2 à 33 départements, 6 covariables : estimations de plusieurs log-points au test de fonctionnement) ; rapporté, non interprétable, hors familles de Holm (A2.5) ; covariables : log_med12, share_fsup, unemp_1524, dens_inter, dens_rural, pretrend_0811 (doublement robuste) ; contrôle = not_yet_treated ; fenêtre 1998-2024 ; 96 traitées, 0 jamais traitées sur la fenêtre ; ATT(g,t) identifiés jusqu'en 2017 (sans unité jamais traitée, la dernière cohorte sert de contrôle) ; grappes = dep (96) ; moyenne de tous les ATT(g,t) post",simple,0.0,96.0,0.0,0.0,1998.0,2024.0,1998.0,2017.0,96.0,2.0,dr,,,,,,,,,,,,
h2,H2,H2c,log(naissances / 1 000 f. 40-49),"département, bascule D3 ≥ 50 %, covariables de pré-période agrégées",cs,Wald pré (-8..-2),21.481119733813458,,,,0.0031196509800217,96,2592,True,"H5c : test de Wald joint de nullité des coefficients pré avec covariance des fonctions d'influence, df = 7 ; fenêtre 1998-2024 ; 96 traitées, 0 jamais traitées sur la fenêtre",pre_test,0.0,96.0,0.0,0.0,1998.0,2024.0,1998.0,2017.0,96.0,2.0,dr,,,,,,7.0,,,,,,
h2,H2,H2c,log(naissances / 1 000 f. 25-29),"département, bascule D3 ≥ 50 %",cs,"ATT[1,4] (Holm)",-0.0180723091103991,0.0156486802654087,-0.0487431590781107,0.0125985408573123,0.2481405848841895,96,2592,False,"p brut 0.2481, p Holm 0.4352 (famille : 25-29, 30-34, 35-39, 40-49, 4 tests)",post_avg_holm,,,,,,,1998.0,2017.0,96.0,4.0,,,,,,,,0.4352073105540688,,,,,
h2,H2,H2c,log(naissances / 1 000 f. 30-34),"département, bascule D3 ≥ 50 %",cs,"ATT[1,4] (Holm)",0.0244742729206536,0.0169153070008132,-0.0086791198498882,0.0576276656911954,0.147932961215382,96,2592,False,"p brut 0.1479, p Holm 0.4352 (famille : 25-29, 30-34, 35-39, 40-49, 4 tests)",post_avg_holm,,,,,,,1998.0,2017.0,96.0,4.0,,,,,,,,0.4352073105540688,,,,,
h2,H2,H2c,log(naissances / 1 000 f. 35-39),"département, bascule D3 ≥ 50 %",cs,"ATT[1,4] (Holm)",0.0454388354109667,0.0217281929008813,0.0028523595401837,0.0880253112817496,0.0365066819475978,96,2592,False,"p brut 0.0365, p Holm 0.1460 (famille : 25-29, 30-34, 35-39, 40-49, 4 tests)",post_avg_holm,,,,,,,1998.0,2017.0,96.0,4.0,,,,,,,,0.1460267277903913,,,,,
h2,H2,H2c,log(naissances / 1 000 f. 40-49),"département, bascule D3 ≥ 50 %",cs,"ATT[1,4] (Holm)",0.0556053517194087,0.0381597908904953,-0.0191864646734901,0.1303971681123075,0.1450691035180229,96,2592,False,"p brut 0.1451, p Holm 0.4352 (famille : 25-29, 30-34, 35-39, 40-49, 4 tests)",post_avg_holm,,,,,,,1998.0,2017.0,96.0,4.0,,,,,,,,0.4352073105540688,,,,,
h2,H2,H2a,log(naissances / 1 000 f. 15-19),"département, bascule D3 ≥ 50 %",cs,"ATT[1,4] (Holm)",-0.0853121168109042,0.068835599135949,-0.2202274130357955,0.049603179413987,0.2152120536557549,96,2592,False,"p brut 0.2152, p Holm 0.4304 (famille : 15-19, 20-24, 2 tests)",post_avg_holm,,,,,,,1998.0,2017.0,96.0,4.0,,,,,,,,0.4304241073115098,,,,,
h2,H2,H2a,log(naissances / 1 000 f. 20-24),"département, bascule D3 ≥ 50 %",cs,"ATT[1,4] (Holm)",-0.0168085041136749,0.02018846924139,-0.0563771770419067,0.0227601688145567,0.4050819668369841,96,2592,False,"p brut 0.4051, p Holm 0.4304 (famille : 15-19, 20-24, 2 tests)",post_avg_holm,,,,,,,1998.0,2017.0,96.0,4.0,,,,,,,,0.4304241073115098,,,,,
h2,H2,H2d,log(naissances / 1 000 f. 15-24),"département, bascule D3 ≥ 50 %",cs,-8,0.026703962673076,0.0137269838725372,-0.0002004313334592,0.0536083566796112,0.0517313383838929,96,2592,False," ; contrôle = not_yet_treated ; fenêtre 1998-2024 ; 96 traitées, 0 jamais traitées sur la fenêtre ; ATT(g,t) identifiés jusqu'en 2017 (sans unité jamais traitée, la dernière cohorte sert de contrôle) ; grappes = dep (96)",event,0.0,96.0,0.0,0.0,1998.0,2024.0,1998.0,2017.0,96.0,4.0,reg,5.0,89.0,,,,,,,,,,
h2,H2,H2d,log(naissances / 1 000 f. 15-24),"département, bascule D3 ≥ 50 %",cs,-7,0.0206653178686481,0.0144523297441912,-0.0076607279226635,0.0489913636599599,0.1527470812384695,96,2592,False," ; contrôle = not_yet_treated ; fenêtre 1998-2024 ; 96 traitées, 0 jamais traitées sur la fenêtre ; ATT(g,t) identifiés jusqu'en 2017 (sans unité jamais traitée, la dernière cohorte sert de contrôle) ; grappes = dep (96)",event,0.0,96.0,0.0,0.0,1998.0,2024.0,1998.0,2017.0,96.0,4.0,reg,5.0,89.0,,,,,,,,,,
h2,H2,H2d,log(naissances / 1 000 f. 15-24),"département, bascule D3 ≥ 50 %",cs,-6,0.0227424181063222,0.0109896267810213,0.0012031454119835,0.0442816908006608,0.0385044335007717,96,2592,False," ; contrôle = not_yet_treated ; fenêtre 1998-2024 ; 96 traitées, 0 jamais traitées sur la fenêtre ; ATT(g,t) identifiés jusqu'en 2017 (sans unité jamais traitée, la dernière cohorte sert de contrôle) ; grappes = dep (96)",event,0.0,96.0,0.0,0.0,1998.0,2024.0,1998.0,2017.0,96.0,4.0,reg,5.0,89.0,,,,,,,,,,
h2,H2,H2d,log(naissances / 1 000 f. 15-24),"département, bascule D3 ≥ 50 %",cs,-5,0.0210779544863465,0.0122900371872555,-0.0030100757693324,0.0451659847420254,0.0863371609673105,96,2592,False," ; contrôle = not_yet_treated ; fenêtre 1998-2024 ; 96 traitées, 0 jamais traitées sur la fenêtre ; ATT(g,t) identifiés jusqu'en 2017 (sans unité jamais traitée, la dernière cohorte sert de contrôle) ; grappes = dep (96)",event,0.0,96.0,0.0,0.0,1998.0,2024.0,1998.0,2017.0,96.0,4.0,reg,5.0,89.0,,,,,,,,,,
h2,H2,H2d,log(naissances / 1 000 f. 15-24),"département, bascule D3 ≥ 50 %",cs,-4,0.0185361956041893,0.0120712140170193,-0.0051229491188437,0.0421953403272224,0.124643846250557,96,2592,False," ; contrôle = not_yet_treated ; fenêtre 1998-2024 ; 96 traitées, 0 jamais traitées sur la fenêtre ; ATT(g,t) identifiés jusqu'en 2017 (sans unité jamais traitée, la dernière cohorte sert de contrôle) ; grappes = dep (96)",event,0.0,96.0,0.0,0.0,1998.0,2024.0,1998.0,2017.0,96.0,4.0,reg,5.0,89.0,,,,,,,,,,
h2,H2,H2d,log(naissances / 1 000 f. 15-24),"département, bascule D3 ≥ 50 %",cs,-3,0.0172425586668526,0.011876306892232,-0.0060345751112669,0.0405196924449721,0.1465446641267406,96,2592,False," ; contrôle = not_yet_treated ; fenêtre 1998-2024 ; 96 traitées, 0 jamais traitées sur la fenêtre ; ATT(g,t) identifiés jusqu'en 2017 (sans unité jamais traitée, la dernière cohorte sert de contrôle) ; grappes = dep (96)",event,0.0,96.0,0.0,0.0,1998.0,2024.0,1998.0,2017.0,96.0,4.0,reg,5.0,89.0,,,,,,,,,,
h2,H2,H2d,log(naissances / 1 000 f. 15-24),"département, bascule D3 ≥ 50 %",cs,-2,0.0128507408366969,0.0098726090805264,-0.0064992173945779,0.0322006990679719,0.1930340074492897,96,2592,False," ; contrôle = not_yet_treated ; fenêtre 1998-2024 ; 96 traitées, 0 jamais traitées sur la fenêtre ; ATT(g,t) identifiés jusqu'en 2017 (sans unité jamais traitée, la dernière cohorte sert de contrôle) ; grappes = dep (96)",event,0.0,96.0,0.0,0.0,1998.0,2024.0,1998.0,2017.0,96.0,4.0,reg,5.0,89.0,,,,,,,,,,
h2,H2,H2d,log(naissances / 1 000 f. 15-24),"département, bascule D3 ≥ 50 %",cs,0,0.0048864375605779,0.0103457421966328,-0.0153908445381586,0.0251637196593145,0.6367027699300878,96,2592,False," ; contrôle = not_yet_treated ; fenêtre 1998-2024 ; 96 traitées, 0 jamais traitées sur la fenêtre ; ATT(g,t) identifiés jusqu'en 2017 (sans unité jamais traitée, la dernière cohorte sert de contrôle) ; grappes = dep (96)",event,0.0,96.0,0.0,0.0,1998.0,2024.0,1998.0,2017.0,96.0,4.0,reg,5.0,89.0,,,,,,,,,,
h2,H2,H2d,log(naissances / 1 000 f. 15-24),"département, bascule D3 ≥ 50 %",cs,1,-0.0084380534313936,0.0126042561039406,-0.0331419414470365,0.0162658345842491,0.5032016767223699,96,2592,False," ; contrôle = not_yet_treated ; fenêtre 1998-2024 ; 96 traitées, 0 jamais traitées sur la fenêtre ; ATT(g,t) identifiés jusqu'en 2017 (sans unité jamais traitée, la dernière cohorte sert de contrôle) ; grappes = dep (96)",event,0.0,96.0,0.0,0.0,1998.0,2024.0,1998.0,2017.0,96.0,4.0,reg,4.0,74.0,,,,,,,,,,
h2,H2,H2d,log(naissances / 1 000 f. 15-24),"département, bascule D3 ≥ 50 %",cs,2,-0.0115437593016543,0.0225776702605197,-0.0557951798670941,0.0327076612637853,0.6091473155128646,96,2592,False," ; contrôle = not_yet_treated ; fenêtre 1998-2024 ; 96 traitées, 0 jamais traitées sur la fenêtre ; ATT(g,t) identifiés jusqu'en 2017 (sans unité jamais traitée, la dernière cohorte sert de contrôle) ; grappes = dep (96)",event,0.0,96.0,0.0,0.0,1998.0,2024.0,1998.0,2017.0,96.0,4.0,reg,3.0,51.0,,,,,,,,,,
h2,H2,H2d,log(naissances / 1 000 f. 15-24),"département, bascule D3 ≥ 50 %",cs,3,-0.0213709700766245,0.0429610135846637,-0.1055730094419014,0.0628310692886524,0.6188715262087752,96,2592,False," ; contrôle = not_yet_treated ; fenêtre 1998-2024 ; 96 traitées, 0 jamais traitées sur la fenêtre ; ATT(g,t) identifiés jusqu'en 2017 (sans unité jamais traitée, la dernière cohorte sert de contrôle) ; grappes = dep (96)",event,0.0,96.0,0.0,0.0,1998.0,2024.0,1998.0,2017.0,96.0,4.0,reg,2.0,35.0,,,,,,,,,,
h2,H2,H2d,log(naissances / 1 000 f. 15-24),"département, bascule D3 ≥ 50 %",cs,4,0.0306363321625818,0.036661068875585,-0.0412180424683071,0.1024907067934708,0.403344003816961,96,2592,False," ; contrôle = not_yet_treated ; fenêtre 1998-2024 ; 96 traitées, 0 jamais traitées sur la fenêtre ; ATT(g,t) identifiés jusqu'en 2017 (sans unité jamais traitée, la dernière cohorte sert de contrôle) ; grappes = dep (96)",event,0.0,96.0,0.0,0.0,1998.0,2024.0,1998.0,2017.0,96.0,4.0,reg,1.0,2.0,,,,,,,,,,
h2,H2,H2d,log(naissances / 1 000 f. 15-24),"département, bascule D3 ≥ 50 %",cs,"ATT[1,4]",-0.0026791126617726,0.0215245333994947,-0.0448664229088119,0.0395081975852666,0.9009448445508496,96,2592,False," ; contrôle = not_yet_treated ; fenêtre 1998-2024 ; 96 traitées, 0 jamais traitées sur la fenêtre ; ATT(g,t) identifiés jusqu'en 2017 (sans unité jamais traitée, la dernière cohorte sert de contrôle) ; grappes = dep (96) ; écart-type avec covariance complète des coefficients (fonctions d'influence)",post_avg,0.0,96.0,0.0,0.0,1998.0,2024.0,1998.0,2017.0,96.0,4.0,reg,,,,,4.0,,,,,,,
h2,H2,H2d,log(naissances / 1 000 f. 15-24),"département, bascule D3 ≥ 50 %",cs,ATT,-0.005836518022999,0.0148930760990583,-0.0350264107961677,0.0233533747501696,0.6951359977048015,96,2592,False," ; contrôle = not_yet_treated ; fenêtre 1998-2024 ; 96 traitées, 0 jamais traitées sur la fenêtre ; ATT(g,t) identifiés jusqu'en 2017 (sans unité jamais traitée, la dernière cohorte sert de contrôle) ; grappes = dep (96) ; moyenne de tous les ATT(g,t) post",simple,0.0,96.0,0.0,0.0,1998.0,2024.0,1998.0,2017.0,96.0,4.0,reg,,,,,,,,,,,,
h2,H2,H2d,log(naissances / 1 000 f. 15-24),"département, bascule D3 ≥ 50 %",cs,Wald pré (-8..-2),5.299424742672708,,,,0.6234739347382932,96,2592,False,"H5c : test de Wald joint de nullité des coefficients pré avec covariance des fonctions d'influence, df = 7 ; fenêtre 1998-2024 ; 96 traitées, 0 jamais traitées sur la fenêtre",pre_test,0.0,96.0,0.0,0.0,1998.0,2024.0,1998.0,2017.0,96.0,4.0,reg,,,,,,7.0,,,,,,
h2,H2,H2d,ATT 15-24 − ATT 25-39,"département, bascule D3 ≥ 50 %",cs,différence (bootstrap conjoint),-0.0205003446517269,0.0250856364542689,-0.0696672890191817,0.0286665997157279,0.4138058849034756,96,12960,False,"bootstrap par département stratifié par cohorte, 200 tirages, les deux ATT recalculés sur chaque tirage ; quantiles [-0.0730, +0.0180]",difference,,,,,,,,,,,,,,,,,,,,,,,
h2,H2,H2d,ATT 15-24 − ATT 25-39,"département, bascule D3 ≥ 50 %",cs,différence (indépendance supposée),-0.0205003446517269,0.0243226052878535,-0.0681717754021296,0.0271710860986757,0.3993114942533673,96,12960,False,pour mémoire : écart-type sous indépendance des deux estimations (mêmes départements : approximation),difference_indep,,,,,,,,,,,,,,,,,,,,,,,
h2,H2,H2 continu,"log(naissances / 1 000 f.), tous âges","département × âge, D3 continu",twfe_continuous,d3,-0.0225613042822863,0.0350013165798702,-0.0911626241903166,0.046040015625744,0.5191965166707375,96,15552,False,effets fixes département × âge et année × âge ; interprétation sous traitement continu (hypothèses plus fortes),continuous,,,,,,,,,,,,,,,,,,,,,,,
h2,H2,H2 continu,log(naissances / 1 000 f. 25-39),"département, D3 continu",twfe_continuous,d3,0.0393078956578091,0.0251857676144788,-0.0100553017895647,0.0886710931051829,0.1185901636243697,96,2592,True,"effets fixes département et année (par groupe : complément, hors préregistration)",continuous,,,,,,,,,,,,,,,,,,,,,,,
h2,H2,H2 continu,log(naissances / 1 000 f. 15-24),"département, D3 continu",twfe_continuous,d3,-0.131530074978555,0.055060507168181,-0.2394466859986994,-0.0236134639584107,0.0169022185266581,96,2592,True,"effets fixes département et année (par groupe : complément, hors préregistration)",continuous,,,,,,,,,,,,,,,,,,,,,,,
h2,H2,H2 continu,log(naissances / 1 000 f. 15-19),"département, D3 continu",twfe_continuous,d3,-0.2244590067036397,0.0802186429430722,-0.3816846577607394,-0.06723335564654,0.0051405738897657,96,2592,True,"effets fixes département et année (par groupe : complément, hors préregistration)",continuous,,,,,,,,,,,,,,,,,,,,,,,
h2,H2,H2 continu,log(naissances / 1 000 f. 20-24),"département, D3 continu",twfe_continuous,d3,-0.1600634036851601,0.0532759278826537,-0.2644823035781147,-0.0556445037922056,0.0026608541956868,96,2592,True,"effets fixes département et année (par groupe : complément, hors préregistration)",continuous,,,,,,,,,,,,,,,,,,,,,,,
h2,H2,H2 continu,log(naissances / 1 000 f. 25-29),"département, D3 continu",twfe_continuous,d3,-0.0679450314468758,0.0424173147353178,-0.1510814406489989,0.0151913777552472,0.1091947497232033,96,2592,True,"effets fixes département et année (par groupe : complément, hors préregistration)",continuous,,,,,,,,,,,,,,,,,,,,,,,
h2,H2,H2 continu,log(naissances / 1 000 f. 30-34),"département, D3 continu",twfe_continuous,d3,0.0418367284150166,0.022378189823036,-0.0020237176773347,0.085697174507368,0.0615489201097442,96,2592,True,"effets fixes département et année (par groupe : complément, hors préregistration)",continuous,,,,,,,,,,,,,,,,,,,,,,,
h2,H2,H2 continu,log(naissances / 1 000 f. 35-39),"département, D3 continu",twfe_continuous,d3,0.1194089320155127,0.023457330452693,0.0734334091547796,0.1653844548762457,3.571694468121332e-07,96,2592,True,"effets fixes département et année (par groupe : complément, hors préregistration)",continuous,,,,,,,,,,,,,,,,,,,,,,,
h2,H2,H2 continu,log(naissances / 1 000 f. 40-49),"département, D3 continu",twfe_continuous,d3,0.1558539557114286,0.0349923866992307,0.0872701380478379,0.2244377733750193,8.430906395387078e-06,96,2592,True,"effets fixes département et année (par groupe : complément, hors préregistration)",continuous,,,,,,,,,,,,,,,,,,,,,,,
h2,H2,H2b,log(naissances / 1 000 f. 25-39),"département, bascule D3 ≥ 90 %",cs,-8,-0.001046309277992,0.0072353928731147,-0.0152274187232946,0.0131348001673106,0.8850188979959281,96,2592,False," ; contrôle = not_yet_treated ; fenêtre 1998-2024 ; 36 traitées, 60 jamais traitées sur la fenêtre (dont 8 traitées après 2024) ; grappes = dep (96)",event,60.0,36.0,8.0,0.0,1998.0,2024.0,1998.0,2024.0,96.0,5.0,reg,12.0,36.0,,,,,,,,,,
h2,H2,H2b,log(naissances / 1 000 f. 25-39),"département, bascule D3 ≥ 90 %",cs,-7,-0.0008518728558848,0.0059722864689298,-0.0125573392403432,0.0108535935285734,0.8865763678586553,96,2592,False," ; contrôle = not_yet_treated ; fenêtre 1998-2024 ; 36 traitées, 60 jamais traitées sur la fenêtre (dont 8 traitées après 2024) ; grappes = dep (96)",event,60.0,36.0,8.0,0.0,1998.0,2024.0,1998.0,2024.0,96.0,5.0,reg,12.0,36.0,,,,,,,,,,
h2,H2,H2b,log(naissances / 1 000 f. 25-39),"département, bascule D3 ≥ 90 %",cs,-6,0.001229999694829,0.0051573330988252,-0.0088781874351448,0.0113381868248028,0.8114969617276572,96,2592,False," ; contrôle = not_yet_treated ; fenêtre 1998-2024 ; 36 traitées, 60 jamais traitées sur la fenêtre (dont 8 traitées après 2024) ; grappes = dep (96)",event,60.0,36.0,8.0,0.0,1998.0,2024.0,1998.0,2024.0,96.0,5.0,reg,12.0,36.0,,,,,,,,,,
h2,H2,H2b,log(naissances / 1 000 f. 25-39),"département, bascule D3 ≥ 90 %",cs,-5,0.0021477018819521,0.0054486306922395,-0.0085314180398968,0.0128268218038011,0.6934534840690332,96,2592,False," ; contrôle = not_yet_treated ; fenêtre 1998-2024 ; 36 traitées, 60 jamais traitées sur la fenêtre (dont 8 traitées après 2024) ; grappes = dep (96)",event,60.0,36.0,8.0,0.0,1998.0,2024.0,1998.0,2024.0,96.0,5.0,reg,12.0,36.0,,,,,,,,,,
h2,H2,H2b,log(naissances / 1 000 f. 25-39),"département, bascule D3 ≥ 90 %",cs,-4,-0.0056489953214041,0.0051116182664086,-0.0156675830262821,0.0043695923834737,0.2691038879320629,96,2592,False," ; contrôle = not_yet_treated ; fenêtre 1998-2024 ; 36 traitées, 60 jamais traitées sur la fenêtre (dont 8 traitées après 2024) ; grappes = dep (96)",event,60.0,36.0,8.0,0.0,1998.0,2024.0,1998.0,2024.0,96.0,5.0,reg,12.0,36.0,,,,,,,,,,
h2,H2,H2b,log(naissances / 1 000 f. 25-39),"département, bascule D3 ≥ 90 %",cs,-3,-0.0025448756403955,0.0046873904793051,-0.0117319921613096,0.0066422408805185,0.5871852373001664,96,2592,False," ; contrôle = not_yet_treated ; fenêtre 1998-2024 ; 36 traitées, 60 jamais traitées sur la fenêtre (dont 8 traitées après 2024) ; grappes = dep (96)",event,60.0,36.0,8.0,0.0,1998.0,2024.0,1998.0,2024.0,96.0,5.0,reg,12.0,36.0,,,,,,,,,,
h2,H2,H2b,log(naissances / 1 000 f. 25-39),"département, bascule D3 ≥ 90 %",cs,-2,-0.0064760379976602,0.0040850991537176,-0.0144826852122219,0.0015306092169014,0.112902063321497,96,2592,False," ; contrôle = not_yet_treated ; fenêtre 1998-2024 ; 36 traitées, 60 jamais traitées sur la fenêtre (dont 8 traitées après 2024) ; grappes = dep (96)",event,60.0,36.0,8.0,0.0,1998.0,2024.0,1998.0,2024.0,96.0,5.0,reg,12.0,36.0,,,,,,,,,,
h2,H2,H2b,log(naissances / 1 000 f. 25-39),"département, bascule D3 ≥ 90 %",cs,0,0.0025634790009129,0.0030306957835176,-0.0033765755828791,0.0085035335847049,0.397642876764545,96,2592,False," ; contrôle = not_yet_treated ; fenêtre 1998-2024 ; 36 traitées, 60 jamais traitées sur la fenêtre (dont 8 traitées après 2024) ; grappes = dep (96)",event,60.0,36.0,8.0,0.0,1998.0,2024.0,1998.0,2024.0,96.0,5.0,reg,12.0,36.0,,,,,,,,,,
h2,H2,H2b,log(naissances / 1 000 f. 25-39),"département, bascule D3 ≥ 90 %",cs,1,0.0050300017520166,0.0042716292340802,-0.0033422377020889,0.0134022412061223,0.2389812125328775,96,2592,False," ; contrôle = not_yet_treated ; fenêtre 1998-2024 ; 36 traitées, 60 jamais traitées sur la fenêtre (dont 8 traitées après 2024) ; grappes = dep (96)",event,60.0,36.0,8.0,0.0,1998.0,2024.0,1998.0,2024.0,96.0,5.0,reg,11.0,34.0,,,,,,,,,,
h2,H2,H2b,log(naissances / 1 000 f. 25-39),"département, bascule D3 ≥ 90 %",cs,2,0.0077275489371693,0.0056546868696262,-0.0033554336711497,0.0188105315454884,0.1717588223909583,96,2592,False," ; contrôle = not_yet_treated ; fenêtre 1998-2024 ; 36 traitées, 60 jamais traitées sur la fenêtre (dont 8 traitées après 2024) ; grappes = dep (96)",event,60.0,36.0,8.0,0.0,1998.0,2024.0,1998.0,2024.0,96.0,5.0,reg,10.0,32.0,,,,,,,,,,
h2,H2,H2b,log(naissances / 1 000 f. 25-39),"département, bascule D3 ≥ 90 %",cs,3,0.0016732215894337,0.0075506181507315,-0.0131257180470146,0.016472161225882,0.8246248074488833,96,2592,False," ; contrôle = not_yet_treated ; fenêtre 1998-2024 ; 36 traitées, 60 jamais traitées sur la fenêtre (dont 8 traitées après 2024) ; grappes = dep (96)",event,60.0,36.0,8.0,0.0,1998.0,2024.0,1998.0,2024.0,96.0,5.0,reg,9.0,28.0,,,,,,,,,,
h2,H2,H2b,log(naissances / 1 000 f. 25-39),"département, bascule D3 ≥ 90 %",cs,4,-0.0020335398705276,0.0083053039526031,-0.0183116364982879,0.0142445567572326,0.8065738643839889,96,2592,False," ; contrôle = not_yet_treated ; fenêtre 1998-2024 ; 36 traitées, 60 jamais traitées sur la fenêtre (dont 8 traitées après 2024) ; grappes = dep (96)",event,60.0,36.0,8.0,0.0,1998.0,2024.0,1998.0,2024.0,96.0,5.0,reg,8.0,25.0,,,,,,,,,,
h2,H2,H2b,log(naissances / 1 000 f. 25-39),"département, bascule D3 ≥ 90 %",cs,5,-0.0021918065524957,0.0088031570197144,-0.019445677261387,0.0150620641563955,0.8033765580237372,96,2592,False," ; contrôle = not_yet_treated ; fenêtre 1998-2024 ; 36 traitées, 60 jamais traitées sur la fenêtre (dont 8 traitées après 2024) ; grappes = dep (96)",event,60.0,36.0,8.0,0.0,1998.0,2024.0,1998.0,2024.0,96.0,5.0,reg,7.0,23.0,,,,,,,,,,
h2,H2,H2b,log(naissances / 1 000 f. 25-39),"département, bascule D3 ≥ 90 %",cs,6,-0.0023812185091838,0.0114522191862173,-0.0248271556572285,0.0200647186388608,0.8352864489287728,96,2592,False," ; contrôle = not_yet_treated ; fenêtre 1998-2024 ; 36 traitées, 60 jamais traitées sur la fenêtre (dont 8 traitées après 2024) ; grappes = dep (96)",event,60.0,36.0,8.0,0.0,1998.0,2024.0,1998.0,2024.0,96.0,5.0,reg,6.0,18.0,,,,,,,,,,
h2,H2,H2b,log(naissances / 1 000 f. 25-39),"département, bascule D3 ≥ 90 %",cs,7,-0.0007101566328577,0.0138634759040115,-0.0278820701052592,0.0264617568395437,0.9591462262934848,96,2592,False," ; contrôle = not_yet_treated ; fenêtre 1998-2024 ; 36 traitées, 60 jamais traitées sur la fenêtre (dont 8 traitées après 2024) ; grappes = dep (96)",event,60.0,36.0,8.0,0.0,1998.0,2024.0,1998.0,2024.0,96.0,5.0,reg,5.0,12.0,,,,,,,,,,
h2,H2,H2b,log(naissances / 1 000 f. 25-39),"département, bascule D3 ≥ 90 %",cs,8,-0.0022598076944288,0.0146826409892692,-0.0310372552313281,0.0265176398424704,0.8776805692506466,96,2592,False," ; contrôle = not_yet_treated ; fenêtre 1998-2024 ; 36 traitées, 60 jamais traitées sur la fenêtre (dont 8 traitées après 2024) ; grappes = dep (96)",event,60.0,36.0,8.0,0.0,1998.0,2024.0,1998.0,2024.0,96.0,5.0,reg,4.0,11.0,,,,,,,,,,
h2,H2,H2b,log(naissances / 1 000 f. 25-39),"département, bascule D3 ≥ 90 %",cs,"ATT[1,5]",0.0020410851711192,0.0061608849759887,-0.0100340274947125,0.014116197836951,0.7404198554087803,96,2592,False," ; contrôle = not_yet_treated ; fenêtre 1998-2024 ; 36 traitées, 60 jamais traitées sur la fenêtre (dont 8 traitées après 2024) ; grappes = dep (96) ; écart-type avec covariance complète des coefficients (fonctions d'influence)",post_avg,60.0,36.0,8.0,0.0,1998.0,2024.0,1998.0,2024.0,96.0,5.0,reg,,,,,5.0,,,,,,,
h2,H2,H2b,log(naissances / 1 000 f. 25-39),"département, bascule D3 ≥ 90 %",cs,ATT,0.0010939448230939,0.0053442441547266,-0.0093805812447589,0.0115684708909468,0.8378097303402926,96,2592,False," ; contrôle = not_yet_treated ; fenêtre 1998-2024 ; 36 traitées, 60 jamais traitées sur la fenêtre (dont 8 traitées après 2024) ; grappes = dep (96) ; moyenne de tous les ATT(g,t) post",simple,60.0,36.0,8.0,0.0,1998.0,2024.0,1998.0,2024.0,96.0,5.0,reg,,,,,,,,,,,,
h2,H2,H2b,log(naissances / 1 000 f. 25-39),"département, bascule D3 ≥ 90 %",cs,Wald pré (-8..-2),8.408975950064654,,,,0.2979149243410323,96,2592,False,"H5c : test de Wald joint de nullité des coefficients pré avec covariance des fonctions d'influence, df = 7 ; fenêtre 1998-2024 ; 36 traitées, 60 jamais traitées sur la fenêtre (dont 8 traitées après 2024)",pre_test,60.0,36.0,8.0,0.0,1998.0,2024.0,1998.0,2024.0,96.0,5.0,reg,,,,,,7.0,,,,,,
h3,H3,H3a,log(mariages de femmes / 1 000 f. 25-39),"département, bascule D3 ≥ 50 %",cs,-8,0.0079910055784493,0.0124746299817732,-0.0164588199062898,0.0324408310631885,0.5217952270260373,96,2592,False,"test H3a entrant dans la règle §6 ; contrôle = not_yet_treated ; fenêtre 1998-2024 ; 96 traitées, 0 jamais traitées sur la fenêtre ; ATT(g,t) identifiés jusqu'en 2017 (sans unité jamais traitée, la dernière cohorte sert de contrôle) ; grappes = dep (96) ; bandes simultanées sup-t (bootstrap multiplicateur Rademacher, 999 tirages, valeur critique 2.69)",event,0.0,96.0,0.0,0.0,1998.0,2024.0,1998.0,2017.0,96.0,4.0,reg,5.0,89.0,-0.0255432889482607,0.0415253001051595,,,,,,,,
h3,H3,H3a,log(mariages de femmes / 1 000 f. 25-39),"département, bascule D3 ≥ 50 %",cs,-7,0.0025815116391117,0.0111888147582535,-0.0193481623167554,0.0245111855949788,0.8175303699634925,96,2592,False,"test H3a entrant dans la règle §6 ; contrôle = not_yet_treated ; fenêtre 1998-2024 ; 96 traitées, 0 jamais traitées sur la fenêtre ; ATT(g,t) identifiés jusqu'en 2017 (sans unité jamais traitée, la dernière cohorte sert de contrôle) ; grappes = dep (96) ; bandes simultanées sup-t (bootstrap multiplicateur Rademacher, 999 tirages, valeur critique 2.69)",event,0.0,96.0,0.0,0.0,1998.0,2024.0,1998.0,2017.0,96.0,4.0,reg,5.0,89.0,-0.0274962550005636,0.0326592782787871,,,,,,,,
h3,H3,H3a,log(mariages de femmes / 1 000 f. 25-39),"département, bascule D3 ≥ 50 %",cs,-6,0.004193069240728,0.0124427356392475,-0.0201942444813501,0.0285803829628061,0.7361249378719671,96,2592,False,"test H3a entrant dans la règle §6 ; contrôle = not_yet_treated ; fenêtre 1998-2024 ; 96 traitées, 0 jamais traitées sur la fenêtre ; ATT(g,t) identifiés jusqu'en 2017 (sans unité jamais traitée, la dernière cohorte sert de contrôle) ; grappes = dep (96) ; bandes simultanées sup-t (bootstrap multiplicateur Rademacher, 999 tirages, valeur critique 2.69)",event,0.0,96.0,0.0,0.0,1998.0,2024.0,1998.0,2017.0,96.0,4.0,reg,5.0,89.0,-0.0292554869292086,0.0376416254106647,,,,,,,,
h3,H3,H3a,log(mariages de femmes / 1 000 f. 25-39),"département, bascule D3 ≥ 50 %",cs,-5,0.0047219454678102,0.0115921353954647,-0.0179982224112126,0.0274421133468331,0.6837579690858877,96,2592,False,"test H3a entrant dans la règle §6 ; contrôle = not_yet_treated ; fenêtre 1998-2024 ; 96 traitées, 0 jamais traitées sur la fenêtre ; ATT(g,t) identifiés jusqu'en 2017 (sans unité jamais traitée, la dernière cohorte sert de contrôle) ; grappes = dep (96) ; bandes simultanées sup-t (bootstrap multiplicateur Rademacher, 999 tirages, valeur critique 2.69)",event,0.0,96.0,0.0,0.0,1998.0,2024.0,1998.0,2017.0,96.0,4.0,reg,5.0,89.0,-0.0264400275216088,0.0358839184572293,,,,,,,,
h3,H3,H3a,log(mariages de femmes / 1 000 f. 25-39),"département, bascule D3 ≥ 50 %",cs,-4,-0.0021304344153201,0.0097837352353128,-0.0213062031108088,0.0170453342801685,0.8276218278292515,96,2592,False,"test H3a entrant dans la règle §6 ; contrôle = not_yet_treated ; fenêtre 1998-2024 ; 96 traitées, 0 jamais traitées sur la fenêtre ; ATT(g,t) identifiés jusqu'en 2017 (sans unité jamais traitée, la dernière cohorte sert de contrôle) ; grappes = dep (96) ; bandes simultanées sup-t (bootstrap multiplicateur Rademacher, 999 tirages, valeur critique 2.69)",event,0.0,96.0,0.0,0.0,1998.0,2024.0,1998.0,2017.0,96.0,4.0,reg,5.0,89.0,-0.0284310669336158,0.0241701981029755,,,,,,,,
h3,H3,H3a,log(mariages de femmes / 1 000 f. 25-39),"département, bascule D3 ≥ 50 %",cs,-3,-0.0168390944512533,0.0100925993682876,-0.0366202257234888,0.002942036820982,0.0952245225417516,96,2592,False,"test H3a entrant dans la règle §6 ; contrôle = not_yet_treated ; fenêtre 1998-2024 ; 96 traitées, 0 jamais traitées sur la fenêtre ; ATT(g,t) identifiés jusqu'en 2017 (sans unité jamais traitée, la dernière cohorte sert de contrôle) ; grappes = dep (96) ; bandes simultanées sup-t (bootstrap multiplicateur Rademacher, 999 tirages, valeur critique 2.69)",event,0.0,96.0,0.0,0.0,1998.0,2024.0,1998.0,2017.0,96.0,4.0,reg,5.0,89.0,-0.0439700153884477,0.010291826485941,,,,,,,,
h3,H3,H3a,log(mariages de femmes / 1 000 f. 25-39),"département, bascule D3 ≥ 50 %",cs,-2,-0.0138858163801303,0.0093104759662967,-0.0321340139529976,0.004362381192737,0.1358516461035611,96,2592,False,"test H3a entrant dans la règle §6 ; contrôle = not_yet_treated ; fenêtre 1998-2024 ; 96 traitées, 0 jamais traitées sur la fenêtre ; ATT(g,t) identifiés jusqu'en 2017 (sans unité jamais traitée, la dernière cohorte sert de contrôle) ; grappes = dep (96) ; bandes simultanées sup-t (bootstrap multiplicateur Rademacher, 999 tirages, valeur critique 2.69)",event,0.0,96.0,0.0,0.0,1998.0,2024.0,1998.0,2017.0,96.0,4.0,reg,5.0,89.0,-0.0389142335511275,0.0111426007908668,,,,,,,,
h3,H3,H3a,log(mariages de femmes / 1 000 f. 25-39),"département, bascule D3 ≥ 50 %",cs,0,-0.0134577297210282,0.0098393009132224,-0.0327424051439963,0.0058269457019398,0.1713895191691822,96,2592,False,"test H3a entrant dans la règle §6 ; contrôle = not_yet_treated ; fenêtre 1998-2024 ; 96 traitées, 0 jamais traitées sur la fenêtre ; ATT(g,t) identifiés jusqu'en 2017 (sans unité jamais traitée, la dernière cohorte sert de contrôle) ; grappes = dep (96) ; bandes simultanées sup-t (bootstrap multiplicateur Rademacher, 999 tirages, valeur critique 2.69)",event,0.0,96.0,0.0,0.0,1998.0,2024.0,1998.0,2017.0,96.0,4.0,reg,5.0,89.0,-0.0399077338688889,0.0129922744268324,,,,,,,,
h3,H3,H3a,log(mariages de femmes / 1 000 f. 25-39),"département, bascule D3 ≥ 50 %",cs,1,-0.0006907658412778,0.0111216132145426,-0.0224887271917661,0.0211071955092104,0.9504750584904126,96,2592,False,"test H3a entrant dans la règle §6 ; contrôle = not_yet_treated ; fenêtre 1998-2024 ; 96 traitées, 0 jamais traitées sur la fenêtre ; ATT(g,t) identifiés jusqu'en 2017 (sans unité jamais traitée, la dernière cohorte sert de contrôle) ; grappes = dep (96) ; bandes simultanées sup-t (bootstrap multiplicateur Rademacher, 999 tirages, valeur critique 2.69)",event,0.0,96.0,0.0,0.0,1998.0,2024.0,1998.0,2017.0,96.0,4.0,reg,4.0,74.0,-0.0305878813223423,0.0292063496397866,,,,,,,,
h3,H3,H3a,log(mariages de femmes / 1 000 f. 25-39),"département, bascule D3 ≥ 50 %",cs,2,0.0326191870584721,0.01733485154954,-0.0013564976559747,0.066594871772919,0.0598752166950278,96,2592,False,"test H3a entrant dans la règle §6 ; contrôle = not_yet_treated ; fenêtre 1998-2024 ; 96 traitées, 0 jamais traitées sur la fenêtre ; ATT(g,t) identifiés jusqu'en 2017 (sans unité jamais traitée, la dernière cohorte sert de contrôle) ; grappes = dep (96) ; bandes simultanées sup-t (bootstrap multiplicateur Rademacher, 999 tirages, valeur critique 2.69)",event,0.0,96.0,0.0,0.0,1998.0,2024.0,1998.0,2017.0,96.0,4.0,reg,3.0,51.0,-0.0139803528307616,0.0792187269477058,,,,,,,,
h3,H3,H3a,log(mariages de femmes / 1 000 f. 25-39),"département, bascule D3 ≥ 50 %",cs,3,-0.0051494761722129,0.0324495408165029,-0.0687494074874212,0.0584504551429953,0.8739116957840966,96,2592,False,"test H3a entrant dans la règle §6 ; contrôle = not_yet_treated ; fenêtre 1998-2024 ; 96 traitées, 0 jamais traitées sur la fenêtre ; ATT(g,t) identifiés jusqu'en 2017 (sans unité jamais traitée, la dernière cohorte sert de contrôle) ; grappes = dep (96) ; bandes simultanées sup-t (bootstrap multiplicateur Rademacher, 999 tirages, valeur critique 2.69)",event,0.0,96.0,0.0,0.0,1998.0,2024.0,1998.0,2017.0,96.0,4.0,reg,2.0,35.0,-0.0923803167331792,0.0820813643887533,,,,,,,,
h3,H3,H3a,log(mariages de femmes / 1 000 f. 25-39),"département, bascule D3 ≥ 50 %",cs,4,-0.0074811589266873,0.0244786238074252,-0.0554583799803455,0.0404960621269708,0.7598939311696524,96,2592,False,"test H3a entrant dans la règle §6 ; contrôle = not_yet_treated ; fenêtre 1998-2024 ; 96 traitées, 0 jamais traitées sur la fenêtre ; ATT(g,t) identifiés jusqu'en 2017 (sans unité jamais traitée, la dernière cohorte sert de contrôle) ; grappes = dep (96) ; bandes simultanées sup-t (bootstrap multiplicateur Rademacher, 999 tirages, valeur critique 2.69)",event,0.0,96.0,0.0,0.0,1998.0,2024.0,1998.0,2017.0,96.0,4.0,reg,1.0,2.0,-0.0732845840836754,0.0583222662303007,,,,,,,,
h3,H3,H3a,log(mariages de femmes / 1 000 f. 25-39),"département, bascule D3 ≥ 50 %",cs,"ATT[1,4]",0.0048244465295734,0.0138799579448435,-0.0223797711492503,0.0320286642083973,0.7281528823367216,96,2592,False,"test H3a entrant dans la règle §6 ; contrôle = not_yet_treated ; fenêtre 1998-2024 ; 96 traitées, 0 jamais traitées sur la fenêtre ; ATT(g,t) identifiés jusqu'en 2017 (sans unité jamais traitée, la dernière cohorte sert de contrôle) ; grappes = dep (96) ; bandes simultanées sup-t (bootstrap multiplicateur Rademacher, 999 tirages, valeur critique 2.69) ; écart-type avec covariance complète des coefficients (fonctions d'influence)",post_avg,0.0,96.0,0.0,0.0,1998.0,2024.0,1998.0,2017.0,96.0,4.0,reg,,,,,4.0,,,,,,,
h3,H3,H3a,log(mariages de femmes / 1 000 f. 25-39),"département, bascule D3 ≥ 50 %",cs,ATT,0.0008746212696222,0.0109827130537479,-0.0206511007682615,0.022400343307506,0.9365266222933878,96,2592,False,"test H3a entrant dans la règle §6 ; contrôle = not_yet_treated ; fenêtre 1998-2024 ; 96 traitées, 0 jamais traitées sur la fenêtre ; ATT(g,t) identifiés jusqu'en 2017 (sans unité jamais traitée, la dernière cohorte sert de contrôle) ; grappes = dep (96) ; bandes simultanées sup-t (bootstrap multiplicateur Rademacher, 999 tirages, valeur critique 2.69) ; moyenne de tous les ATT(g,t) post",simple,0.0,96.0,0.0,0.0,1998.0,2024.0,1998.0,2017.0,96.0,4.0,reg,,,,,,,,,,,,
h3,H3,H3a,log(mariages de femmes / 1 000 f. 25-39),"département, bascule D3 ≥ 50 %",cs,Wald pré (-8..-2),12.207208363366837,,,,0.0939473341960819,96,2592,False,"H5c : test de Wald joint de nullité des coefficients pré avec covariance des fonctions d'influence, df = 7 ; fenêtre 1998-2024 ; 96 traitées, 0 jamais traitées sur la fenêtre",pre_test,0.0,96.0,0.0,0.0,1998.0,2024.0,1998.0,2017.0,96.0,4.0,reg,,,,,,7.0,,,,,,
h3,H3,H3a,log(mariages de femmes / 1 000 f. 25-39),"département, bascule D3 ≥ 50 % ; fenêtre identifiée ≤ 2017, cohorte 2018 = contrôle",twfe,-8,0.0434148193586618,0.0152666047464368,0.0134928238894373,0.0733368148278864,0.0044582239246939,96,2592,False,"test H3a entrant dans la règle §6 ; fenêtre 1998-2024 ; 96 traitées, 0 jamais traitées sur la fenêtre ; comparaisons sur la fenêtre identifiée (années < 2018, cohorte 2018 recodée contrôle, 7 unités de contrôle) ; cellules −8 et +8 bornées",event,0.0,96.0,0.0,0.0,1998.0,2024.0,,,,,,,,,,,,,,,,,
h3,H3,H3a,log(mariages de femmes / 1 000 f. 25-39),"département, bascule D3 ≥ 50 % ; fenêtre identifiée ≤ 2017, cohorte 2018 = contrôle",twfe,-7,0.0258631148272274,0.0137707226437621,-0.0011270055956365,0.0528532352500915,0.0603643018305019,96,2592,False,"test H3a entrant dans la règle §6 ; fenêtre 1998-2024 ; 96 traitées, 0 jamais traitées sur la fenêtre ; comparaisons sur la fenêtre identifiée (années < 2018, cohorte 2018 recodée contrôle, 7 unités de contrôle) ; cellules −8 et +8 bornées",event,0.0,96.0,0.0,0.0,1998.0,2024.0,,,,,,,,,,,,,,,,,
h3,H3,H3a,log(mariages de femmes / 1 000 f. 25-39),"département, bascule D3 ≥ 50 % ; fenêtre identifiée ≤ 2017, cohorte 2018 = contrôle",twfe,-6,0.0317203486966696,0.0142237107329376,0.003842387933596,0.0595983094597431,0.0257405650243372,96,2592,False,"test H3a entrant dans la règle §6 ; fenêtre 1998-2024 ; 96 traitées, 0 jamais traitées sur la fenêtre ; comparaisons sur la fenêtre identifiée (années < 2018, cohorte 2018 recodée contrôle, 7 unités de contrôle) ; cellules −8 et +8 bornées",event,0.0,96.0,0.0,0.0,1998.0,2024.0,,,,,,,,,,,,,,,,,
h3,H3,H3a,log(mariages de femmes / 1 000 f. 25-39),"département, bascule D3 ≥ 50 % ; fenêtre identifiée ≤ 2017, cohorte 2018 = contrôle",twfe,-5,0.0360652691958845,0.0127216950701261,0.0111312050361364,0.0609993333556325,0.0045833988783475,96,2592,False,"test H3a entrant dans la règle §6 ; fenêtre 1998-2024 ; 96 traitées, 0 jamais traitées sur la fenêtre ; comparaisons sur la fenêtre identifiée (années < 2018, cohorte 2018 recodée contrôle, 7 unités de contrôle) ; cellules −8 et +8 bornées",event,0.0,96.0,0.0,0.0,1998.0,2024.0,,,,,,,,,,,,,,,,,
h3,H3,H3a,log(mariages de femmes / 1 000 f. 25-39),"département, bascule D3 ≥ 50 % ; fenêtre identifiée ≤ 2017, cohorte 2018 = contrôle",twfe,-4,0.0277074662492541,0.0103258618224387,0.0074691489679371,0.0479457835305711,0.0072897848979081,96,2592,False,"test H3a entrant dans la règle §6 ; fenêtre 1998-2024 ; 96 traitées, 0 jamais traitées sur la fenêtre ; comparaisons sur la fenêtre identifiée (années < 2018, cohorte 2018 recodée contrôle, 7 unités de contrôle) ; cellules −8 et +8 bornées",event,0.0,96.0,0.0,0.0,1998.0,2024.0,,,,,,,,,,,,,,,,,
h3,H3,H3a,log(mariages de femmes / 1 000 f. 25-39),"département, bascule D3 ≥ 50 % ; fenêtre identifiée ≤ 2017, cohorte 2018 = contrôle",twfe,-3,0.0129514544694842,0.0084432563457108,-0.0035970238803482,0.0294999328193166,0.1250442443623502,96,2592,False,"test H3a entrant dans la règle §6 ; fenêtre 1998-2024 ; 96 traitées, 0 jamais traitées sur la fenêtre ; comparaisons sur la fenêtre identifiée (années < 2018, cohorte 2018 recodée contrôle, 7 unités de contrôle) ; cellules −8 et +8 bornées",event,0.0,96.0,0.0,0.0,1998.0,2024.0,,,,,,,,,,,,,,,,,
h3,H3,H3a,log(mariages de femmes / 1 000 f. 25-39),"département, bascule D3 ≥ 50 % ; fenêtre identifiée ≤ 2017, cohorte 2018 = contrôle",twfe,-2,0.0050667452974871,0.0068074257772183,-0.0082755640532903,0.0184090546482646,0.4566969300850555,96,2592,False,"test H3a entrant dans la règle §6 ; fenêtre 1998-2024 ; 96 traitées, 0 jamais traitées sur la fenêtre ; comparaisons sur la fenêtre identifiée (années < 2018, cohorte 2018 recodée contrôle, 7 unités de contrôle) ; cellules −8 et +8 bornées",event,0.0,96.0,0.0,0.0,1998.0,2024.0,,,,,,,,,,,,,,,,,
h3,H3,H3a,log(mariages de femmes / 1 000 f. 25-39),"département, bascule D3 ≥ 50 % ; fenêtre identifiée ≤ 2017, cohorte 2018 = contrôle",twfe,0,-0.0111737016634775,0.0067381273517895,-0.0243801885962292,0.0020327852692742,0.0972609687482998,96,2592,False,"test H3a entrant dans la règle §6 ; fenêtre 1998-2024 ; 96 traitées, 0 jamais traitées sur la fenêtre ; comparaisons sur la fenêtre identifiée (années < 2018, cohorte 2018 recodée contrôle, 7 unités de contrôle) ; cellules −8 et +8 bornées",event,0.0,96.0,0.0,0.0,1998.0,2024.0,,,,,,,,,,,,,,,,,
h3,H3,H3a,log(mariages de femmes / 1 000 f. 25-39),"département, bascule D3 ≥ 50 % ; fenêtre identifiée ≤ 2017, cohorte 2018 = contrôle",twfe,1,-0.011104877050203,0.0115876909486944,-0.0338163339736249,0.0116065798732188,0.3378944151481555,96,2592,False,"test H3a entrant dans la règle §6 ; fenêtre 1998-2024 ; 96 traitées, 0 jamais traitées sur la fenêtre ; comparaisons sur la fenêtre identifiée (années < 2018, cohorte 2018 recodée contrôle, 7 unités de contrôle) ; cellules −8 et +8 bornées",event,0.0,96.0,0.0,0.0,1998.0,2024.0,,,,,,,,,,,,,,,,,
h3,H3,H3a,log(mariages de femmes / 1 000 f. 25-39),"département, bascule D3 ≥ 50 % ; fenêtre identifiée ≤ 2017, cohorte 2018 = contrôle",twfe,2,-0.0097562346619162,0.0153762861750028,-0.039893201780903,0.0203807324570704,0.5257553694123427,96,2592,False,"test H3a entrant dans la règle §6 ; fenêtre 1998-2024 ; 96 traitées, 0 jamais traitées sur la fenêtre ; comparaisons sur la fenêtre identifiée (années < 2018, cohorte 2018 recodée contrôle, 7 unités de contrôle) ; cellules −8 et +8 bornées",event,0.0,96.0,0.0,0.0,1998.0,2024.0,,,,,,,,,,,,,,,,,
h3,H3,H3a,log(mariages de femmes / 1 000 f. 25-39),"département, bascule D3 ≥ 50 % ; fenêtre identifiée ≤ 2017, cohorte 2018 = contrôle",twfe,3,-0.0315337912891689,0.0209440584172183,-0.0725833914770198,0.0095158088986819,0.1321647751274806,96,2592,False,"test H3a entrant dans la règle §6 ; fenêtre 1998-2024 ; 96 traitées, 0 jamais traitées sur la fenêtre ; comparaisons sur la fenêtre identifiée (années < 2018, cohorte 2018 recodée contrôle, 7 unités de contrôle) ; cellules −8 et +8 bornées",event,0.0,96.0,0.0,0.0,1998.0,2024.0,,,,,,,,,,,,,,,,,
h3,H3,H3a,log(mariages de femmes / 1 000 f. 25-39),"département, bascule D3 ≥ 50 % ; fenêtre identifiée ≤ 2017, cohorte 2018 = contrôle",twfe,4,-0.0353288336917437,0.0189284184706915,-0.072427852178602,0.0017701847951144,0.0619792675306536,96,2592,False,"test H3a entrant dans la règle §6 ; fenêtre 1998-2024 ; 96 traitées, 0 jamais traitées sur la fenêtre ; comparaisons sur la fenêtre identifiée (années < 2018, cohorte 2018 recodée contrôle, 7 unités de contrôle) ; cellules −8 et +8 bornées",event,0.0,96.0,0.0,0.0,1998.0,2024.0,,,,,,,,,,,,,,,,,
h3,H3,H3a,log(mariages de femmes / 1 000 f. 25-39),"département, bascule D3 ≥ 50 % ; fenêtre identifiée ≤ 2017, cohorte 2018 = contrôle",twfe,"ATT[1,4]",-0.021930934173258,0.0151603691525753,-0.0516447117046376,0.0077828433581215,0.1480100184698135,96,2592,False,"test H3a entrant dans la règle §6 ; fenêtre 1998-2024 ; 96 traitées, 0 jamais traitées sur la fenêtre ; comparaisons sur la fenêtre identifiée (années < 2018, cohorte 2018 recodée contrôle, 7 unités de contrôle) ; écart-type avec covariance complète (w'Vw)",post_avg,0.0,96.0,0.0,0.0,1998.0,2024.0,,,,,,,,,,,,,,,,,
h3,H3,H3a,log(mariages de femmes / 1 000 f. 25-39),"département, bascule D3 ≥ 50 % ; fenêtre identifiée ≤ 2017, cohorte 2018 = contrôle",twfe,Wald pré (-8..−2),15.393903252915187,,,,0.0312688833149839,96,2592,False,"test de Wald joint, covariance groupée, df = 7 ; fenêtre 1998-2024 ; 96 traitées, 0 jamais traitées sur la fenêtre",pre_test,0.0,96.0,0.0,0.0,1998.0,2024.0,,,,,,,,,,,7.0,,,,,,
h3,H3,H3a,log(mariages de femmes / 1 000 f. 25-39),"département, bascule D3 ≥ 50 % ; fenêtre identifiée ≤ 2017, cohorte 2018 = contrôle",twfe,ATT,-0.0180546596857284,0.0088560840843636,-0.0354122655351396,-0.0006970538363172,0.0414826721859152,96,2592,False,"test H3a entrant dans la règle §6 ; fenêtre 1998-2024 ; 96 traitées, 0 jamais traitées sur la fenêtre ; comparaisons sur la fenêtre identifiée (années < 2018, cohorte 2018 recodée contrôle, 7 unités de contrôle)",static,0.0,96.0,0.0,0.0,1998.0,2024.0,,,,,,,,,,,,,,,,,
h3,H3,H3a,log(mariages de femmes / 1 000 f. 25-39),"département, bascule D3 ≥ 50 % ; fenêtre complète",twfe,ATT,-0.0068007134496792,0.0073619281129327,-0.0212298274078002,0.0076284005084418,0.355607130562507,96,2592,True,"test H3a entrant dans la règle §6 ; fenêtre 1998-2024 ; 96 traitées, 0 jamais traitées sur la fenêtre ; TWFE sur toutes les années (identification par le calendrier des bascules seulement)",static,0.0,96.0,0.0,0.0,1998.0,2024.0,,,,,,,,,,,,,,,,,
h3,H3,H3a,log(mariages de femmes / 1 000 f. 25-39),"département, bascule D3 ≥ 50 % ; fenêtre identifiée ≤ 2017, cohorte 2018 = contrôle",twfe_poisson,ATT (log du taux contrefactuel),-0.009679132974027,0.0094314425530942,-0.0281644207003503,0.0088061547522962,0.3047680101127306,96,2592,False,"test H3a entrant dans la règle §6 ; fenêtre 1998-2024 ; 96 traitées, 0 jamais traitées sur la fenêtre ; comparaisons sur la fenêtre identifiée (années < 2018, cohorte 2018 recodée contrôle, 7 unités de contrôle) ; Poisson à effets fixes, offset = log(women)",static,0.0,96.0,0.0,0.0,1998.0,2024.0,,,,,,,,,,,,,,,,,
h3,H3,H3a,log(mariages de femmes / 1 000 f. 25-39),"département, bascule D3 ≥ 50 % ; fenêtre identifiée ≤ 2017, cohorte 2018 = contrôle",twfe_poisson,ATT en % du taux contrefactuel,-0.9632440934049024,0.9340594739778724,-2.77715009736611,0.8845043148316467,0.3047680101127306,96,2592,False,"test H3a entrant dans la règle §6 ; fenêtre 1998-2024 ; 96 traitées, 0 jamais traitées sur la fenêtre ; comparaisons sur la fenêtre identifiée (années < 2018, cohorte 2018 recodée contrôle, 7 unités de contrôle) ; Poisson à effets fixes, offset = log(women)",static,0.0,96.0,0.0,0.0,1998.0,2024.0,,,,,,,,,,,,,,,,,
h3,H3,H3a,log(mariages de femmes / 1 000 f. 25-39),"département, bascule D3 ≥ 50 %, covariables de pré-période agrégées",cs,-8,0.0289081445042425,0.016253088435442,-0.0029473234667682,0.0607636124752533,0.0753013122145412,96,2592,True,"forme préenregistrée (doublement robuste) ; conditionnement numériquement instable à 96 unités (cohortes de 2 à 33 départements, 6 covariables : estimations de plusieurs log-points au test de fonctionnement) ; rapporté, non interprétable, hors familles de Holm (A2.5) ; covariables : log_med12, share_fsup, unemp_1524, dens_inter, dens_rural, pretrend_0811 (doublement robuste) ; contrôle = not_yet_treated ; fenêtre 1998-2024 ; 96 traitées, 0 jamais traitées sur la fenêtre ; ATT(g,t) identifiés jusqu'en 2017 (sans unité jamais traitée, la dernière cohorte sert de contrôle) ; grappes = dep (96)",event,0.0,96.0,0.0,0.0,1998.0,2024.0,1998.0,2017.0,96.0,2.0,dr,5.0,89.0,,,,,,,,,,
h3,H3,H3a,log(mariages de femmes / 1 000 f. 25-39),"département, bascule D3 ≥ 50 %, covariables de pré-période agrégées",cs,-7,0.0071165041998876,0.0176728382561963,-0.0275216222868589,0.0417546306866341,0.6871834119152508,96,2592,True,"forme préenregistrée (doublement robuste) ; conditionnement numériquement instable à 96 unités (cohortes de 2 à 33 départements, 6 covariables : estimations de plusieurs log-points au test de fonctionnement) ; rapporté, non interprétable, hors familles de Holm (A2.5) ; covariables : log_med12, share_fsup, unemp_1524, dens_inter, dens_rural, pretrend_0811 (doublement robuste) ; contrôle = not_yet_treated ; fenêtre 1998-2024 ; 96 traitées, 0 jamais traitées sur la fenêtre ; ATT(g,t) identifiés jusqu'en 2017 (sans unité jamais traitée, la dernière cohorte sert de contrôle) ; grappes = dep (96)",event,0.0,96.0,0.0,0.0,1998.0,2024.0,1998.0,2017.0,96.0,2.0,dr,5.0,89.0,,,,,,,,,,
h3,H3,H3a,log(mariages de femmes / 1 000 f. 25-39),"département, bascule D3 ≥ 50 %, covariables de pré-période agrégées",cs,-6,0.0266758733545561,0.0160256445098157,-0.0047338127137248,0.058085559422837,0.0959977490926166,96,2592,True,"forme préenregistrée (doublement robuste) ; conditionnement numériquement instable à 96 unités (cohortes de 2 à 33 départements, 6 covariables : estimations de plusieurs log-points au test de fonctionnement) ; rapporté, non interprétable, hors familles de Holm (A2.5) ; covariables : log_med12, share_fsup, unemp_1524, dens_inter, dens_rural, pretrend_0811 (doublement robuste) ; contrôle = not_yet_treated ; fenêtre 1998-2024 ; 96 traitées, 0 jamais traitées sur la fenêtre ; ATT(g,t) identifiés jusqu'en 2017 (sans unité jamais traitée, la dernière cohorte sert de contrôle) ; grappes = dep (96)",event,0.0,96.0,0.0,0.0,1998.0,2024.0,1998.0,2017.0,96.0,2.0,dr,5.0,89.0,,,,,,,,,,
h3,H3,H3a,log(mariages de femmes / 1 000 f. 25-39),"département, bascule D3 ≥ 50 %, covariables de pré-période agrégées",cs,-5,0.0199721782807734,0.0181481830771647,-0.0155976069353086,0.0555419634968556,0.2711118628456332,96,2592,True,"forme préenregistrée (doublement robuste) ; conditionnement numériquement instable à 96 unités (cohortes de 2 à 33 départements, 6 covariables : estimations de plusieurs log-points au test de fonctionnement) ; rapporté, non interprétable, hors familles de Holm (A2.5) ; covariables : log_med12, share_fsup, unemp_1524, dens_inter, dens_rural, pretrend_0811 (doublement robuste) ; contrôle = not_yet_treated ; fenêtre 1998-2024 ; 96 traitées, 0 jamais traitées sur la fenêtre ; ATT(g,t) identifiés jusqu'en 2017 (sans unité jamais traitée, la dernière cohorte sert de contrôle) ; grappes = dep (96)",event,0.0,96.0,0.0,0.0,1998.0,2024.0,1998.0,2017.0,96.0,2.0,dr,5.0,89.0,,,,,,,,,,
h3,H3,H3a,log(mariages de femmes / 1 000 f. 25-39),"département, bascule D3 ≥ 50 %, covariables de pré-période agrégées",cs,-4,0.0018794709204863,0.0152883471121586,-0.0280851388024914,0.0318440806434641,0.9021586750722772,96,2592,True,"forme préenregistrée (doublement robuste) ; conditionnement numériquement instable à 96 unités (cohortes de 2 à 33 départements, 6 covariables : estimations de plusieurs log-points au test de fonctionnement) ; rapporté, non interprétable, hors familles de Holm (A2.5) ; covariables : log_med12, share_fsup, unemp_1524, dens_inter, dens_rural, pretrend_0811 (doublement robuste) ; contrôle = not_yet_treated ; fenêtre 1998-2024 ; 96 traitées, 0 jamais traitées sur la fenêtre ; ATT(g,t) identifiés jusqu'en 2017 (sans unité jamais traitée, la dernière cohorte sert de contrôle) ; grappes = dep (96)",event,0.0,96.0,0.0,0.0,1998.0,2024.0,1998.0,2017.0,96.0,2.0,dr,5.0,89.0,,,,,,,,,,
h3,H3,H3a,log(mariages de femmes / 1 000 f. 25-39),"département, bascule D3 ≥ 50 %, covariables de pré-période agrégées",cs,-3,0.0305030343449986,0.0166104334459504,-0.0020528169766637,0.063058885666661,0.0663017728209898,96,2592,True,"forme préenregistrée (doublement robuste) ; conditionnement numériquement instable à 96 unités (cohortes de 2 à 33 départements, 6 covariables : estimations de plusieurs log-points au test de fonctionnement) ; rapporté, non interprétable, hors familles de Holm (A2.5) ; covariables : log_med12, share_fsup, unemp_1524, dens_inter, dens_rural, pretrend_0811 (doublement robuste) ; contrôle = not_yet_treated ; fenêtre 1998-2024 ; 96 traitées, 0 jamais traitées sur la fenêtre ; ATT(g,t) identifiés jusqu'en 2017 (sans unité jamais traitée, la dernière cohorte sert de contrôle) ; grappes = dep (96)",event,0.0,96.0,0.0,0.0,1998.0,2024.0,1998.0,2017.0,96.0,2.0,dr,5.0,89.0,,,,,,,,,,
h3,H3,H3a,log(mariages de femmes / 1 000 f. 25-39),"département, bascule D3 ≥ 50 %, covariables de pré-période agrégées",cs,-2,0.0056129675528051,0.0187005139339814,-0.0310393662501878,0.0422653013557981,0.7640624035013138,96,2592,True,"forme préenregistrée (doublement robuste) ; conditionnement numériquement instable à 96 unités (cohortes de 2 à 33 départements, 6 covariables : estimations de plusieurs log-points au test de fonctionnement) ; rapporté, non interprétable, hors familles de Holm (A2.5) ; covariables : log_med12, share_fsup, unemp_1524, dens_inter, dens_rural, pretrend_0811 (doublement robuste) ; contrôle = not_yet_treated ; fenêtre 1998-2024 ; 96 traitées, 0 jamais traitées sur la fenêtre ; ATT(g,t) identifiés jusqu'en 2017 (sans unité jamais traitée, la dernière cohorte sert de contrôle) ; grappes = dep (96)",event,0.0,96.0,0.0,0.0,1998.0,2024.0,1998.0,2017.0,96.0,2.0,dr,5.0,89.0,,,,,,,,,,
h3,H3,H3a,log(mariages de femmes / 1 000 f. 25-39),"département, bascule D3 ≥ 50 %, covariables de pré-période agrégées",cs,0,-0.0030394231604437,0.0217736872493551,-0.0457150659798188,0.0396362196589314,0.8889827025641868,96,2592,True,"forme préenregistrée (doublement robuste) ; conditionnement numériquement instable à 96 unités (cohortes de 2 à 33 départements, 6 covariables : estimations de plusieurs log-points au test de fonctionnement) ; rapporté, non interprétable, hors familles de Holm (A2.5) ; covariables : log_med12, share_fsup, unemp_1524, dens_inter, dens_rural, pretrend_0811 (doublement robuste) ; contrôle = not_yet_treated ; fenêtre 1998-2024 ; 96 traitées, 0 jamais traitées sur la fenêtre ; ATT(g,t) identifiés jusqu'en 2017 (sans unité jamais traitée, la dernière cohorte sert de contrôle) ; grappes = dep (96)",event,0.0,96.0,0.0,0.0,1998.0,2024.0,1998.0,2017.0,96.0,2.0,dr,5.0,89.0,,,,,,,,,,
h3,H3,H3a,log(mariages de femmes / 1 000 f. 25-39),"département, bascule D3 ≥ 50 %, covariables de pré-période agrégées",cs,2,0.1300702949483003,0.0895683061337656,-0.0454803592301383,0.3056209491267391,0.1464484830712801,96,2592,True,"forme préenregistrée (doublement robuste) ; conditionnement numériquement instable à 96 unités (cohortes de 2 à 33 départements, 6 covariables : estimations de plusieurs log-points au test de fonctionnement) ; rapporté, non interprétable, hors familles de Holm (A2.5) ; covariables : log_med12, share_fsup, unemp_1524, dens_inter, dens_rural, pretrend_0811 (doublement robuste) ; contrôle = not_yet_treated ; fenêtre 1998-2024 ; 96 traitées, 0 jamais traitées sur la fenêtre ; ATT(g,t) identifiés jusqu'en 2017 (sans unité jamais traitée, la dernière cohorte sert de contrôle) ; grappes = dep (96)",event,0.0,96.0,0.0,0.0,1998.0,2024.0,1998.0,2017.0,96.0,2.0,dr,3.0,51.0,,,,,,,,,,
h3,H3,H3a,log(mariages de femmes / 1 000 f. 25-39),"département, bascule D3 ≥ 50 %, covariables de pré-période agrégées",cs,4,-3.401156280207251,1.4567275553426655,-6.256289823965954,-0.5460227364485477,0.0195542736200547,96,2592,True,"forme préenregistrée (doublement robuste) ; conditionnement numériquement instable à 96 unités (cohortes de 2 à 33 départements, 6 covariables : estimations de plusieurs log-points au test de fonctionnement) ; rapporté, non interprétable, hors familles de Holm (A2.5) ; covariables : log_med12, share_fsup, unemp_1524, dens_inter, dens_rural, pretrend_0811 (doublement robuste) ; contrôle = not_yet_treated ; fenêtre 1998-2024 ; 96 traitées, 0 jamais traitées sur la fenêtre ; ATT(g,t) identifiés jusqu'en 2017 (sans unité jamais traitée, la dernière cohorte sert de contrôle) ; grappes = dep (96)",event,0.0,96.0,0.0,0.0,1998.0,2024.0,1998.0,2017.0,96.0,2.0,dr,1.0,2.0,,,,,,,,,,
h3,H3,H3a,log(mariages de femmes / 1 000 f. 25-39),"département, bascule D3 ≥ 50 %, covariables de pré-période agrégées",cs,"ATT[1,4]",-1.6355429926294751,0.723263008935306,-3.0531124414927464,-0.2179735437662042,0.0237382607054038,96,2592,True,"forme préenregistrée (doublement robuste) ; conditionnement numériquement instable à 96 unités (cohortes de 2 à 33 départements, 6 covariables : estimations de plusieurs log-points au test de fonctionnement) ; rapporté, non interprétable, hors familles de Holm (A2.5) ; covariables : log_med12, share_fsup, unemp_1524, dens_inter, dens_rural, pretrend_0811 (doublement robuste) ; contrôle = not_yet_treated ; fenêtre 1998-2024 ; 96 traitées, 0 jamais traitées sur la fenêtre ; ATT(g,t) identifiés jusqu'en 2017 (sans unité jamais traitée, la dernière cohorte sert de contrôle) ; grappes = dep (96) ; écart-type avec covariance complète des coefficients (fonctions d'influence)",post_avg,0.0,96.0,0.0,0.0,1998.0,2024.0,1998.0,2017.0,96.0,2.0,dr,,,,,2.0,,,,,,,
h3,H3,H3a,log(mariages de femmes / 1 000 f. 25-39),"département, bascule D3 ≥ 50 %, covariables de pré-période agrégées",cs,ATT,-0.0889606636588137,0.0731012095354047,-0.232236401574523,0.0543150742568955,0.2236224765067392,96,2592,True,"forme préenregistrée (doublement robuste) ; conditionnement numériquement instable à 96 unités (cohortes de 2 à 33 départements, 6 covariables : estimations de plusieurs log-points au test de fonctionnement) ; rapporté, non interprétable, hors familles de Holm (A2.5) ; covariables : log_med12, share_fsup, unemp_1524, dens_inter, dens_rural, pretrend_0811 (doublement robuste) ; contrôle = not_yet_treated ; fenêtre 1998-2024 ; 96 traitées, 0 jamais traitées sur la fenêtre ; ATT(g,t) identifiés jusqu'en 2017 (sans unité jamais traitée, la dernière cohorte sert de contrôle) ; grappes = dep (96) ; moyenne de tous les ATT(g,t) post",simple,0.0,96.0,0.0,0.0,1998.0,2024.0,1998.0,2017.0,96.0,2.0,dr,,,,,,,,,,,,
h3,H3,H3a,log(mariages de femmes / 1 000 f. 25-39),"département, bascule D3 ≥ 50 %, covariables de pré-période agrégées",cs,Wald pré (-8..-2),11.969716204619662,,,,0.1015591761840494,96,2592,True,"H5c : test de Wald joint de nullité des coefficients pré avec covariance des fonctions d'influence, df = 7 ; fenêtre 1998-2024 ; 96 traitées, 0 jamais traitées sur la fenêtre",pre_test,0.0,96.0,0.0,0.0,1998.0,2024.0,1998.0,2017.0,96.0,2.0,dr,,,,,,7.0,,,,,,
h3,H3,H3a,log(mariages de femmes / 1 000 f. 15-24),"département, bascule D3 ≥ 50 %",cs,-8,0.0037673006440996,0.028371902545452,-0.0518406065178666,0.0593752078060659,0.8943651579878061,96,2592,False," ; contrôle = not_yet_treated ; fenêtre 1998-2024 ; 96 traitées, 0 jamais traitées sur la fenêtre ; ATT(g,t) identifiés jusqu'en 2017 (sans unité jamais traitée, la dernière cohorte sert de contrôle) ; grappes = dep (96)",event,0.0,96.0,0.0,0.0,1998.0,2024.0,1998.0,2017.0,96.0,4.0,reg,5.0,89.0,,,,,,,,,,
h3,H3,H3a,log(mariages de femmes / 1 000 f. 15-24),"département, bascule D3 ≥ 50 %",cs,-7,-0.0011237840176539,0.0227157251763651,-0.0456457872460395,0.0433982192107316,0.9605434431526756,96,2592,False," ; contrôle = not_yet_treated ; fenêtre 1998-2024 ; 96 traitées, 0 jamais traitées sur la fenêtre ; ATT(g,t) identifiés jusqu'en 2017 (sans unité jamais traitée, la dernière cohorte sert de contrôle) ; grappes = dep (96)",event,0.0,96.0,0.0,0.0,1998.0,2024.0,1998.0,2017.0,96.0,4.0,reg,5.0,89.0,,,,,,,,,,
h3,H3,H3a,log(mariages de femmes / 1 000 f. 15-24),"département, bascule D3 ≥ 50 %",cs,-6,-0.0426122977390141,0.0298089046338878,-0.1010366772400233,0.0158120817619951,0.1528560602740265,96,2592,False," ; contrôle = not_yet_treated ; fenêtre 1998-2024 ; 96 traitées, 0 jamais traitées sur la fenêtre ; ATT(g,t) identifiés jusqu'en 2017 (sans unité jamais traitée, la dernière cohorte sert de contrôle) ; grappes = dep (96)",event,0.0,96.0,0.0,0.0,1998.0,2024.0,1998.0,2017.0,96.0,4.0,reg,5.0,89.0,,,,,,,,,,
h3,H3,H3a,log(mariages de femmes / 1 000 f. 15-24),"département, bascule D3 ≥ 50 %",cs,-5,-0.0155616823422523,0.0266374195307415,-0.0677700652635896,0.0366467005790849,0.5590831893140827,96,2592,False," ; contrôle = not_yet_treated ; fenêtre 1998-2024 ; 96 traitées, 0 jamais traitées sur la fenêtre ; ATT(g,t) identifiés jusqu'en 2017 (sans unité jamais traitée, la dernière cohorte sert de contrôle) ; grappes = dep (96)",event,0.0,96.0,0.0,0.0,1998.0,2024.0,1998.0,2017.0,96.0,4.0,reg,5.0,89.0,,,,,,,,,,
h3,H3,H3a,log(mariages de femmes / 1 000 f. 15-24),"département, bascule D3 ≥ 50 %",cs,-4,-0.0364257606840613,0.0237432579981278,-0.0829616912360345,0.0101101698679117,0.1249923258857882,96,2592,False," ; contrôle = not_yet_treated ; fenêtre 1998-2024 ; 96 traitées, 0 jamais traitées sur la fenêtre ; ATT(g,t) identifiés jusqu'en 2017 (sans unité jamais traitée, la dernière cohorte sert de contrôle) ; grappes = dep (96)",event,0.0,96.0,0.0,0.0,1998.0,2024.0,1998.0,2017.0,96.0,4.0,reg,5.0,89.0,,,,,,,,,,
h3,H3,H3a,log(mariages de femmes / 1 000 f. 15-24),"département, bascule D3 ≥ 50 %",cs,-3,-0.0173048480743315,0.0207684326166283,-0.05801022801827,0.0234005318696069,0.4047159231342168,96,2592,False," ; contrôle = not_yet_treated ; fenêtre 1998-2024 ; 96 traitées, 0 jamais traitées sur la fenêtre ; ATT(g,t) identifiés jusqu'en 2017 (sans unité jamais traitée, la dernière cohorte sert de contrôle) ; grappes = dep (96)",event,0.0,96.0,0.0,0.0,1998.0,2024.0,1998.0,2017.0,96.0,4.0,reg,5.0,89.0,,,,,,,,,,
h3,H3,H3a,log(mariages de femmes / 1 000 f. 15-24),"département, bascule D3 ≥ 50 %",cs,-2,-0.006877761219313,0.0217372358115829,-0.0494819605334699,0.0357264380948437,0.7516954322666883,96,2592,False," ; contrôle = not_yet_treated ; fenêtre 1998-2024 ; 96 traitées, 0 jamais traitées sur la fenêtre ; ATT(g,t) identifiés jusqu'en 2017 (sans unité jamais traitée, la dernière cohorte sert de contrôle) ; grappes = dep (96)",event,0.0,96.0,0.0,0.0,1998.0,2024.0,1998.0,2017.0,96.0,4.0,reg,5.0,89.0,,,,,,,,,,
h3,H3,H3a,log(mariages de femmes / 1 000 f. 15-24),"département, bascule D3 ≥ 50 %",cs,0,0.0323141881027758,0.0274905445793052,-0.0215662891880552,0.086194665393607,0.2398085119478532,96,2592,False," ; contrôle = not_yet_treated ; fenêtre 1998-2024 ; 96 traitées, 0 jamais traitées sur la fenêtre ; ATT(g,t) identifiés jusqu'en 2017 (sans unité jamais traitée, la dernière cohorte sert de contrôle) ; grappes = dep (96)",event,0.0,96.0,0.0,0.0,1998.0,2024.0,1998.0,2017.0,96.0,4.0,reg,5.0,89.0,,,,,,,,,,
h3,H3,H3a,log(mariages de femmes / 1 000 f. 15-24),"département, bascule D3 ≥ 50 %",cs,1,0.0553034097124446,0.0332350953377396,-0.0098361801722799,0.1204429995971693,0.0961111602500954,96,2592,False," ; contrôle = not_yet_treated ; fenêtre 1998-2024 ; 96 traitées, 0 jamais traitées sur la fenêtre ; ATT(g,t) identifiés jusqu'en 2017 (sans unité jamais traitée, la dernière cohorte sert de contrôle) ; grappes = dep (96)",event,0.0,96.0,0.0,0.0,1998.0,2024.0,1998.0,2017.0,96.0,4.0,reg,4.0,74.0,,,,,,,,,,
h3,H3,H3a,log(mariages de femmes / 1 000 f. 15-24),"département, bascule D3 ≥ 50 %",cs,2,0.0966241247884997,0.0539458642491192,-0.0091078262546607,0.2023560758316602,0.0732722309114705,96,2592,False," ; contrôle = not_yet_treated ; fenêtre 1998-2024 ; 96 traitées, 0 jamais traitées sur la fenêtre ; ATT(g,t) identifiés jusqu'en 2017 (sans unité jamais traitée, la dernière cohorte sert de contrôle) ; grappes = dep (96)",event,0.0,96.0,0.0,0.0,1998.0,2024.0,1998.0,2017.0,96.0,4.0,reg,3.0,51.0,,,,,,,,,,
h3,H3,H3a,log(mariages de femmes / 1 000 f. 15-24),"département, bascule D3 ≥ 50 %",cs,3,0.2377346158853931,0.1367260493959624,-0.0302435166791376,0.505712748449924,0.0820759186779092,96,2592,False," ; contrôle = not_yet_treated ; fenêtre 1998-2024 ; 96 traitées, 0 jamais traitées sur la fenêtre ; ATT(g,t) identifiés jusqu'en 2017 (sans unité jamais traitée, la dernière cohorte sert de contrôle) ; grappes = dep (96)",event,0.0,96.0,0.0,0.0,1998.0,2024.0,1998.0,2017.0,96.0,4.0,reg,2.0,35.0,,,,,,,,,,
h3,H3,H3a,log(mariages de femmes / 1 000 f. 15-24),"département, bascule D3 ≥ 50 %",cs,4,0.2131991447918805,0.1033137652685932,0.0107078857582126,0.4156904038255483,0.0390548688305074,96,2592,False," ; contrôle = not_yet_treated ; fenêtre 1998-2024 ; 96 traitées, 0 jamais traitées sur la fenêtre ; ATT(g,t) identifiés jusqu'en 2017 (sans unité jamais traitée, la dernière cohorte sert de contrôle) ; grappes = dep (96)",event,0.0,96.0,0.0,0.0,1998.0,2024.0,1998.0,2017.0,96.0,4.0,reg,1.0,2.0,,,,,,,,,,
h3,H3,H3a,log(mariages de femmes / 1 000 f. 15-24),"département, bascule D3 ≥ 50 %",cs,"ATT[1,4]",0.1507153237945545,0.0709702442236106,0.0116162011422658,0.2898144464468432,0.0337001704097045,96,2592,False," ; contrôle = not_yet_treated ; fenêtre 1998-2024 ; 96 traitées, 0 jamais traitées sur la fenêtre ; ATT(g,t) identifiés jusqu'en 2017 (sans unité jamais traitée, la dernière cohorte sert de contrôle) ; grappes = dep (96) ; écart-type avec covariance complète des coefficients (fonctions d'influence)",post_avg,0.0,96.0,0.0,0.0,1998.0,2024.0,1998.0,2017.0,96.0,4.0,reg,,,,,4.0,,,,,,,
h3,H3,H3a,log(mariages de femmes / 1 000 f. 15-24),"département, bascule D3 ≥ 50 %",cs,ATT,0.0822444433053943,0.0428218944152396,-0.0016849274982521,0.1661738141090408,0.0547800547915815,96,2592,False," ; contrôle = not_yet_treated ; fenêtre 1998-2024 ; 96 traitées, 0 jamais traitées sur la fenêtre ; ATT(g,t) identifiés jusqu'en 2017 (sans unité jamais traitée, la dernière cohorte sert de contrôle) ; grappes = dep (96) ; moyenne de tous les ATT(g,t) post",simple,0.0,96.0,0.0,0.0,1998.0,2024.0,1998.0,2017.0,96.0,4.0,reg,,,,,,,,,,,,
h3,H3,H3a,log(mariages de femmes / 1 000 f. 15-24),"département, bascule D3 ≥ 50 %",cs,Wald pré (-8..-2),9.216879580750415,,,,0.2374578337498649,96,2592,False,"H5c : test de Wald joint de nullité des coefficients pré avec covariance des fonctions d'influence, df = 7 ; fenêtre 1998-2024 ; 96 traitées, 0 jamais traitées sur la fenêtre",pre_test,0.0,96.0,0.0,0.0,1998.0,2024.0,1998.0,2017.0,96.0,4.0,reg,,,,,,7.0,,,,,,
h3,H3,H3a,log(mariages de femmes / 1 000 f. 15-24),"département, bascule D3 ≥ 50 % ; fenêtre identifiée ≤ 2017, cohorte 2018 = contrôle",twfe,-8,-0.0113050175621051,0.0306086884114229,-0.0712969444625025,0.0486869093382922,0.7118742025744369,96,2592,False," ; fenêtre 1998-2024 ; 96 traitées, 0 jamais traitées sur la fenêtre ; comparaisons sur la fenêtre identifiée (années < 2018, cohorte 2018 recodée contrôle, 7 unités de contrôle) ; cellules −8 et +8 bornées",event,0.0,96.0,0.0,0.0,1998.0,2024.0,,,,,,,,,,,,,,,,,
h3,H3,H3a,log(mariages de femmes / 1 000 f. 15-24),"département, bascule D3 ≥ 50 % ; fenêtre identifiée ≤ 2017, cohorte 2018 = contrôle",twfe,-7,-0.0022912132672164,0.0316239151619447,-0.0642729480347784,0.0596905215003454,0.9422422697601444,96,2592,False," ; fenêtre 1998-2024 ; 96 traitées, 0 jamais traitées sur la fenêtre ; comparaisons sur la fenêtre identifiée (années < 2018, cohorte 2018 recodée contrôle, 7 unités de contrôle) ; cellules −8 et +8 bornées",event,0.0,96.0,0.0,0.0,1998.0,2024.0,,,,,,,,,,,,,,,,,
h3,H3,H3a,log(mariages de femmes / 1 000 f. 15-24),"département, bascule D3 ≥ 50 % ; fenêtre identifiée ≤ 2017, cohorte 2018 = contrôle",twfe,-6,-0.0455374330133781,0.0311189640112319,-0.1065294817115908,0.0154546156848345,0.1433760531690737,96,2592,False," ; fenêtre 1998-2024 ; 96 traitées, 0 jamais traitées sur la fenêtre ; comparaisons sur la fenêtre identifiée (années < 2018, cohorte 2018 recodée contrôle, 7 unités de contrôle) ; cellules −8 et +8 bornées",event,0.0,96.0,0.0,0.0,1998.0,2024.0,,,,,,,,,,,,,,,,,
h3,H3,H3a,log(mariages de femmes / 1 000 f. 15-24),"département, bascule D3 ≥ 50 % ; fenêtre identifiée ≤ 2017, cohorte 2018 = contrôle",twfe,-5,-0.0337055707276136,0.0310850031620453,-0.0946310573845361,0.0272199159293089,0.2782303537610897,96,2592,False," ; fenêtre 1998-2024 ; 96 traitées, 0 jamais traitées sur la fenêtre ; comparaisons sur la fenêtre identifiée (années < 2018, cohorte 2018 recodée contrôle, 7 unités de contrôle) ; cellules −8 et +8 bornées",event,0.0,96.0,0.0,0.0,1998.0,2024.0,,,,,,,,,,,,,,,,,
h3,H3,H3a,log(mariages de femmes / 1 000 f. 15-24),"département, bascule D3 ≥ 50 % ; fenêtre identifiée ≤ 2017, cohorte 2018 = contrôle",twfe,-4,-0.0482006387927172,0.0270314504026088,-0.1011813080317112,0.0047800304462768,0.0745648511388498,96,2592,False," ; fenêtre 1998-2024 ; 96 traitées, 0 jamais traitées sur la fenêtre ; comparaisons sur la fenêtre identifiée (années < 2018, cohorte 2018 recodée contrôle, 7 unités de contrôle) ; cellules −8 et +8 bornées",event,0.0,96.0,0.0,0.0,1998.0,2024.0,,,,,,,,,,,,,,,,,
h3,H3,H3a,log(mariages de femmes / 1 000 f. 15-24),"département, bascule D3 ≥ 50 % ; fenêtre identifiée ≤ 2017, cohorte 2018 = contrôle",twfe,-3,-0.0363495536870828,0.0213910930629349,-0.0782753256803799,0.0055762183062142,0.0892655845128722,96,2592,False," ; fenêtre 1998-2024 ; 96 traitées, 0 jamais traitées sur la fenêtre ; comparaisons sur la fenêtre identifiée (années < 2018, cohorte 2018 recodée contrôle, 7 unités de contrôle) ; cellules −8 et +8 bornées",event,0.0,96.0,0.0,0.0,1998.0,2024.0,,,,,,,,,,,,,,,,,
h3,H3,H3a,log(mariages de femmes / 1 000 f. 15-24),"département, bascule D3 ≥ 50 % ; fenêtre identifiée ≤ 2017, cohorte 2018 = contrôle",twfe,-2,-0.0345961044232488,0.0170321129725004,-0.067978432429967,-0.0012137764165305,0.0422318733256464,96,2592,False," ; fenêtre 1998-2024 ; 96 traitées, 0 jamais traitées sur la fenêtre ; comparaisons sur la fenêtre identifiée (années < 2018, cohorte 2018 recodée contrôle, 7 unités de contrôle) ; cellules −8 et +8 bornées",event,0.0,96.0,0.0,0.0,1998.0,2024.0,,,,,,,,,,,,,,,,,
h3,H3,H3a,log(mariages de femmes / 1 000 f. 15-24),"département, bascule D3 ≥ 50 % ; fenêtre identifiée ≤ 2017, cohorte 2018 = contrôle",twfe,0,0.0390780191260822,0.0187352308730481,0.0023576413728649,0.0757983968792995,0.0369963827374771,96,2592,False," ; fenêtre 1998-2024 ; 96 traitées, 0 jamais traitées sur la fenêtre ; comparaisons sur la fenêtre identifiée (années < 2018, cohorte 2018 recodée contrôle, 7 unités de contrôle) ; cellules −8 et +8 bornées",event,0.0,96.0,0.0,0.0,1998.0,2024.0,,,,,,,,,,,,,,,,,
h3,H3,H3a,log(mariages de femmes / 1 000 f. 15-24),"département, bascule D3 ≥ 50 % ; fenêtre identifiée ≤ 2017, cohorte 2018 = contrôle",twfe,1,0.0966420758926289,0.0303268708686351,0.037202501226307,0.1560816505589508,0.0014391519948249,96,2592,False," ; fenêtre 1998-2024 ; 96 traitées, 0 jamais traitées sur la fenêtre ; comparaisons sur la fenêtre identifiée (années < 2018, cohorte 2018 recodée contrôle, 7 unités de contrôle) ; cellules −8 et +8 bornées",event,0.0,96.0,0.0,0.0,1998.0,2024.0,,,,,,,,,,,,,,,,,
h3,H3,H3a,log(mariages de femmes / 1 000 f. 15-24),"département, bascule D3 ≥ 50 % ; fenêtre identifiée ≤ 2017, cohorte 2018 = contrôle",twfe,2,0.1456454365752542,0.0432580616587213,0.0608611936831474,0.2304296794673609,0.0007601908473594,96,2592,False," ; fenêtre 1998-2024 ; 96 traitées, 0 jamais traitées sur la fenêtre ; comparaisons sur la fenêtre identifiée (années < 2018, cohorte 2018 recodée contrôle, 7 unités de contrôle) ; cellules −8 et +8 bornées",event,0.0,96.0,0.0,0.0,1998.0,2024.0,,,,,,,,,,,,,,,,,
h3,H3,H3a,log(mariages de femmes / 1 000 f. 15-24),"département, bascule D3 ≥ 50 % ; fenêtre identifiée ≤ 2017, cohorte 2018 = contrôle",twfe,3,0.2318648179953999,0.0623547889305677,0.1096516774278904,0.3540779585629096,0.0002004279249792,96,2592,False," ; fenêtre 1998-2024 ; 96 traitées, 0 jamais traitées sur la fenêtre ; comparaisons sur la fenêtre identifiée (années < 2018, cohorte 2018 recodée contrôle, 7 unités de contrôle) ; cellules −8 et +8 bornées",event,0.0,96.0,0.0,0.0,1998.0,2024.0,,,,,,,,,,,,,,,,,
h3,H3,H3a,log(mariages de femmes / 1 000 f. 15-24),"département, bascule D3 ≥ 50 % ; fenêtre identifiée ≤ 2017, cohorte 2018 = contrôle",twfe,4,0.2284785783175195,0.1442447217273547,-0.0542358812280978,0.5111930378631371,0.1132017035519539,96,2592,False," ; fenêtre 1998-2024 ; 96 traitées, 0 jamais traitées sur la fenêtre ; comparaisons sur la fenêtre identifiée (années < 2018, cohorte 2018 recodée contrôle, 7 unités de contrôle) ; cellules −8 et +8 bornées",event,0.0,96.0,0.0,0.0,1998.0,2024.0,,,,,,,,,,,,,,,,,
h3,H3,H3a,log(mariages de femmes / 1 000 f. 15-24),"département, bascule D3 ≥ 50 % ; fenêtre identifiée ≤ 2017, cohorte 2018 = contrôle",twfe,"ATT[1,4]",0.1756577271952006,0.0598336616310295,0.0583859053352266,0.2929295490551746,0.0033272345597786,96,2592,False," ; fenêtre 1998-2024 ; 96 traitées, 0 jamais traitées sur la fenêtre ; comparaisons sur la fenêtre identifiée (années < 2018, cohorte 2018 recodée contrôle, 7 unités de contrôle) ; écart-type avec covariance complète (w'Vw)",post_avg,0.0,96.0,0.0,0.0,1998.0,2024.0,,,,,,,,,,,,,,,,,
h3,H3,H3a,log(mariages de femmes / 1 000 f. 15-24),"département, bascule D3 ≥ 50 % ; fenêtre identifiée ≤ 2017, cohorte 2018 = contrôle",twfe,Wald pré (-8..−2),19.701553824024813,,,,0.0062517114215542,96,2592,False,"test de Wald joint, covariance groupée, df = 7 ; fenêtre 1998-2024 ; 96 traitées, 0 jamais traitées sur la fenêtre",pre_test,0.0,96.0,0.0,0.0,1998.0,2024.0,,,,,,,,,,,7.0,,,,,,
h3,H3,H3a,log(mariages de femmes / 1 000 f. 15-24),"département, bascule D3 ≥ 50 % ; fenêtre identifiée ≤ 2017, cohorte 2018 = contrôle",twfe,ATT,0.086033001672052,0.0243748509877076,0.0382591716076143,0.1338068317364896,0.0004162188693491,96,2592,False," ; fenêtre 1998-2024 ; 96 traitées, 0 jamais traitées sur la fenêtre ; comparaisons sur la fenêtre identifiée (années < 2018, cohorte 2018 recodée contrôle, 7 unités de contrôle)",static,0.0,96.0,0.0,0.0,1998.0,2024.0,,,,,,,,,,,,,,,,,
h3,H3,H3a,log(mariages de femmes / 1 000 f. 15-24),"département, bascule D3 ≥ 50 % ; fenêtre complète",twfe,ATT,0.0343598172154869,0.0181747411918896,-0.0012620209489533,0.0699816553799272,0.0586876727582981,96,2592,True," ; fenêtre 1998-2024 ; 96 traitées, 0 jamais traitées sur la fenêtre ; TWFE sur toutes les années (identification par le calendrier des bascules seulement)",static,0.0,96.0,0.0,0.0,1998.0,2024.0,,,,,,,,,,,,,,,,,
h3,H3,H3a,log(mariages de femmes / 1 000 f. 15-24),"département, bascule D3 ≥ 50 % ; fenêtre identifiée ≤ 2017, cohorte 2018 = contrôle",twfe_poisson,ATT (log du taux contrefactuel),0.0867774292859749,0.0406623169261934,0.0070807525826822,0.1664741059892675,0.0328346386949396,96,2592,False," ; fenêtre 1998-2024 ; 96 traitées, 0 jamais traitées sur la fenêtre ; comparaisons sur la fenêtre identifiée (années < 2018, cohorte 2018 recodée contrôle, 7 unités de contrôle) ; Poisson à effets fixes, offset = log(women)",static,0.0,96.0,0.0,0.0,1998.0,2024.0,,,,,,,,,,,,,,,,,
h3,H3,H3a,log(mariages de femmes / 1 000 f. 15-24),"département, bascule D3 ≥ 50 % ; fenêtre identifiée ≤ 2017, cohorte 2018 = contrôle",twfe_poisson,ATT en % du taux contrefactuel,9.065390508360927,4.434851474530024,0.7105879751049704,18.11329519475846,0.0328346386949396,96,2592,False," ; fenêtre 1998-2024 ; 96 traitées, 0 jamais traitées sur la fenêtre ; comparaisons sur la fenêtre identifiée (années < 2018, cohorte 2018 recodée contrôle, 7 unités de contrôle) ; Poisson à effets fixes, offset = log(women)",static,0.0,96.0,0.0,0.0,1998.0,2024.0,,,,,,,,,,,,,,,,,
h3,H3,H3a,log(mariages de femmes / 1 000 f. 20-34),"département, bascule D3 ≥ 50 %",cs,-8,-2.37767096743155e-05,0.0123398811139409,-0.0242094992665046,0.0241619458471559,0.9984626223184884,96,2592,True,"agrégat 20-34 : complément ; contrôle = not_yet_treated ; fenêtre 1998-2024 ; 96 traitées, 0 jamais traitées sur la fenêtre ; ATT(g,t) identifiés jusqu'en 2017 (sans unité jamais traitée, la dernière cohorte sert de contrôle) ; grappes = dep (96)",event,0.0,96.0,0.0,0.0,1998.0,2024.0,1998.0,2017.0,96.0,4.0,reg,5.0,89.0,,,,,,,,,,
h3,H3,H3a,log(mariages de femmes / 1 000 f. 20-34),"département, bascule D3 ≥ 50 %",cs,-7,-0.0040955114690959,0.0110856251375531,-0.025822937484812,0.0176319145466201,0.7117972251576604,96,2592,True,"agrégat 20-34 : complément ; contrôle = not_yet_treated ; fenêtre 1998-2024 ; 96 traitées, 0 jamais traitées sur la fenêtre ; ATT(g,t) identifiés jusqu'en 2017 (sans unité jamais traitée, la dernière cohorte sert de contrôle) ; grappes = dep (96)",event,0.0,96.0,0.0,0.0,1998.0,2024.0,1998.0,2017.0,96.0,4.0,reg,5.0,89.0,,,,,,,,,,
h3,H3,H3a,log(mariages de femmes / 1 000 f. 20-34),"département, bascule D3 ≥ 50 %",cs,-6,-0.0124092177680183,0.0124452837700041,-0.0368015257346073,0.0119830901985707,0.318714985563243,96,2592,True,"agrégat 20-34 : complément ; contrôle = not_yet_treated ; fenêtre 1998-2024 ; 96 traitées, 0 jamais traitées sur la fenêtre ; ATT(g,t) identifiés jusqu'en 2017 (sans unité jamais traitée, la dernière cohorte sert de contrôle) ; grappes = dep (96)",event,0.0,96.0,0.0,0.0,1998.0,2024.0,1998.0,2017.0,96.0,4.0,reg,5.0,89.0,,,,,,,,,,
h3,H3,H3a,log(mariages de femmes / 1 000 f. 20-34),"département, bascule D3 ≥ 50 %",cs,-5,-0.003984995187802,0.0110930751172619,-0.0257270228954328,0.0177570325198287,0.7194210252774249,96,2592,True,"agrégat 20-34 : complément ; contrôle = not_yet_treated ; fenêtre 1998-2024 ; 96 traitées, 0 jamais traitées sur la fenêtre ; ATT(g,t) identifiés jusqu'en 2017 (sans unité jamais traitée, la dernière cohorte sert de contrôle) ; grappes = dep (96)",event,0.0,96.0,0.0,0.0,1998.0,2024.0,1998.0,2017.0,96.0,4.0,reg,5.0,89.0,,,,,,,,,,
h3,H3,H3a,log(mariages de femmes / 1 000 f. 20-34),"département, bascule D3 ≥ 50 %",cs,-4,-0.0150800655356781,0.0100673685389061,-0.0348117452910258,0.0046516142196694,0.1341552536089234,96,2592,True,"agrégat 20-34 : complément ; contrôle = not_yet_treated ; fenêtre 1998-2024 ; 96 traitées, 0 jamais traitées sur la fenêtre ; ATT(g,t) identifiés jusqu'en 2017 (sans unité jamais traitée, la dernière cohorte sert de contrôle) ; grappes = dep (96)",event,0.0,96.0,0.0,0.0,1998.0,2024.0,1998.0,2017.0,96.0,4.0,reg,5.0,89.0,,,,,,,,,,
h3,H3,H3a,log(mariages de femmes / 1 000 f. 20-34),"département, bascule D3 ≥ 50 %",cs,-3,-0.0248473518018222,0.0102219815050306,-0.0448820674023168,-0.0048126362013276,0.0150665077737378,96,2592,True,"agrégat 20-34 : complément ; contrôle = not_yet_treated ; fenêtre 1998-2024 ; 96 traitées, 0 jamais traitées sur la fenêtre ; ATT(g,t) identifiés jusqu'en 2017 (sans unité jamais traitée, la dernière cohorte sert de contrôle) ; grappes = dep (96)",event,0.0,96.0,0.0,0.0,1998.0,2024.0,1998.0,2017.0,96.0,4.0,reg,5.0,89.0,,,,,,,,,,
h3,H3,H3a,log(mariages de femmes / 1 000 f. 20-34),"département, bascule D3 ≥ 50 %",cs,-2,-0.0175620106493487,0.0083358068570596,-0.0338998918712677,-0.0012241294274298,0.0351335383888384,96,2592,True,"agrégat 20-34 : complément ; contrôle = not_yet_treated ; fenêtre 1998-2024 ; 96 traitées, 0 jamais traitées sur la fenêtre ; ATT(g,t) identifiés jusqu'en 2017 (sans unité jamais traitée, la dernière cohorte sert de contrôle) ; grappes = dep (96)",event,0.0,96.0,0.0,0.0,1998.0,2024.0,1998.0,2017.0,96.0,4.0,reg,5.0,89.0,,,,,,,,,,
h3,H3,H3a,log(mariages de femmes / 1 000 f. 20-34),"département, bascule D3 ≥ 50 %",cs,0,-0.0018142072483406,0.0106187901362168,-0.0226266534747149,0.0189982389780335,0.8643426787920467,96,2592,True,"agrégat 20-34 : complément ; contrôle = not_yet_treated ; fenêtre 1998-2024 ; 96 traitées, 0 jamais traitées sur la fenêtre ; ATT(g,t) identifiés jusqu'en 2017 (sans unité jamais traitée, la dernière cohorte sert de contrôle) ; grappes = dep (96)",event,0.0,96.0,0.0,0.0,1998.0,2024.0,1998.0,2017.0,96.0,4.0,reg,5.0,89.0,,,,,,,,,,
h3,H3,H3a,log(mariages de femmes / 1 000 f. 20-34),"département, bascule D3 ≥ 50 %",cs,1,0.0204066976305329,0.0143196992926744,-0.0076593972525525,0.0484727925136184,0.154134469556362,96,2592,True,"agrégat 20-34 : complément ; contrôle = not_yet_treated ; fenêtre 1998-2024 ; 96 traitées, 0 jamais traitées sur la fenêtre ; ATT(g,t) identifiés jusqu'en 2017 (sans unité jamais traitée, la dernière cohorte sert de contrôle) ; grappes = dep (96)",event,0.0,96.0,0.0,0.0,1998.0,2024.0,1998.0,2017.0,96.0,4.0,reg,4.0,74.0,,,,,,,,,,
h3,H3,H3a,log(mariages de femmes / 1 000 f. 20-34),"département, bascule D3 ≥ 50 %",cs,2,0.0614775769148368,0.0196650456219366,0.022934795741504,0.1000203580881697,0.0017705929624036,96,2592,True,"agrégat 20-34 : complément ; contrôle = not_yet_treated ; fenêtre 1998-2024 ; 96 traitées, 0 jamais traitées sur la fenêtre ; ATT(g,t) identifiés jusqu'en 2017 (sans unité jamais traitée, la dernière cohorte sert de contrôle) ; grappes = dep (96)",event,0.0,96.0,0.0,0.0,1998.0,2024.0,1998.0,2017.0,96.0,4.0,reg,3.0,51.0,,,,,,,,,,
h3,H3,H3a,log(mariages de femmes / 1 000 f. 20-34),"département, bascule D3 ≥ 50 %",cs,3,0.0495460299078593,0.0363631453234006,-0.021724425290602,0.1208164851063207,0.1730293517864252,96,2592,True,"agrégat 20-34 : complément ; contrôle = not_yet_treated ; fenêtre 1998-2024 ; 96 traitées, 0 jamais traitées sur la fenêtre ; ATT(g,t) identifiés jusqu'en 2017 (sans unité jamais traitée, la dernière cohorte sert de contrôle) ; grappes = dep (96)",event,0.0,96.0,0.0,0.0,1998.0,2024.0,1998.0,2017.0,96.0,4.0,reg,2.0,35.0,,,,,,,,,,
h3,H3,H3a,log(mariages de femmes / 1 000 f. 20-34),"département, bascule D3 ≥ 50 %",cs,4,0.0588922767389704,0.0378962872298838,-0.015383081379387,0.1331676348573278,0.1201753128498566,96,2592,True,"agrégat 20-34 : complément ; contrôle = not_yet_treated ; fenêtre 1998-2024 ; 96 traitées, 0 jamais traitées sur la fenêtre ; ATT(g,t) identifiés jusqu'en 2017 (sans unité jamais traitée, la dernière cohorte sert de contrôle) ; grappes = dep (96)",event,0.0,96.0,0.0,0.0,1998.0,2024.0,1998.0,2017.0,96.0,4.0,reg,1.0,2.0,,,,,,,,,,
h3,H3,H3a,log(mariages de femmes / 1 000 f. 20-34),"département, bascule D3 ≥ 50 %",cs,"ATT[1,4]",0.0475806452980499,0.0197597369160892,0.0088522725985283,0.0863090179975714,0.0160419625736362,96,2592,True,"agrégat 20-34 : complément ; contrôle = not_yet_treated ; fenêtre 1998-2024 ; 96 traitées, 0 jamais traitées sur la fenêtre ; ATT(g,t) identifiés jusqu'en 2017 (sans unité jamais traitée, la dernière cohorte sert de contrôle) ; grappes = dep (96) ; écart-type avec covariance complète des coefficients (fonctions d'influence)",post_avg,0.0,96.0,0.0,0.0,1998.0,2024.0,1998.0,2017.0,96.0,4.0,reg,,,,,4.0,,,,,,,
h3,H3,H3a,log(mariages de femmes / 1 000 f. 20-34),"département, bascule D3 ≥ 50 %",cs,ATT,0.0252425625596287,0.0137550709275931,-0.0017168810632478,0.0522020061825053,0.0664840686947435,96,2592,True,"agrégat 20-34 : complément ; contrôle = not_yet_treated ; fenêtre 1998-2024 ; 96 traitées, 0 jamais traitées sur la fenêtre ; ATT(g,t) identifiés jusqu'en 2017 (sans unité jamais traitée, la dernière cohorte sert de contrôle) ; grappes = dep (96) ; moyenne de tous les ATT(g,t) post",simple,0.0,96.0,0.0,0.0,1998.0,2024.0,1998.0,2017.0,96.0,4.0,reg,,,,,,,,,,,,
h3,H3,H3a,log(mariages de femmes / 1 000 f. 20-34),"département, bascule D3 ≥ 50 %",cs,Wald pré (-8..-2),10.68029669812191,,,,0.1531850280124508,96,2592,True,"H5c : test de Wald joint de nullité des coefficients pré avec covariance des fonctions d'influence, df = 7 ; fenêtre 1998-2024 ; 96 traitées, 0 jamais traitées sur la fenêtre",pre_test,0.0,96.0,0.0,0.0,1998.0,2024.0,1998.0,2017.0,96.0,4.0,reg,,,,,,7.0,,,,,,
h3,H3,H3a,log(mariages de femmes / 1 000 f. 20-34),"département, bascule D3 ≥ 50 % ; fenêtre identifiée ≤ 2017, cohorte 2018 = contrôle",twfe,-8,0.0207415487100275,0.0157171962128255,-0.0100635898050598,0.0515466872251148,0.1869444472098588,96,2592,True,"agrégat 20-34 : complément ; fenêtre 1998-2024 ; 96 traitées, 0 jamais traitées sur la fenêtre ; comparaisons sur la fenêtre identifiée (années < 2018, cohorte 2018 recodée contrôle, 7 unités de contrôle) ; cellules −8 et +8 bornées",event,0.0,96.0,0.0,0.0,1998.0,2024.0,,,,,,,,,,,,,,,,,
h3,H3,H3a,log(mariages de femmes / 1 000 f. 20-34),"département, bascule D3 ≥ 50 % ; fenêtre identifiée ≤ 2017, cohorte 2018 = contrôle",twfe,-7,0.0089836406769129,0.0149561092600704,-0.020329794821671,0.0382970761754969,0.5480618297536766,96,2592,True,"agrégat 20-34 : complément ; fenêtre 1998-2024 ; 96 traitées, 0 jamais traitées sur la fenêtre ; comparaisons sur la fenêtre identifiée (années < 2018, cohorte 2018 recodée contrôle, 7 unités de contrôle) ; cellules −8 et +8 bornées",event,0.0,96.0,0.0,0.0,1998.0,2024.0,,,,,,,,,,,,,,,,,
h3,H3,H3a,log(mariages de femmes / 1 000 f. 20-34),"département, bascule D3 ≥ 50 % ; fenêtre identifiée ≤ 2017, cohorte 2018 = contrôle",twfe,-6,0.0085994578400022,0.0151668651921921,-0.0211270516950684,0.0383259673750729,0.5707211125636746,96,2592,True,"agrégat 20-34 : complément ; fenêtre 1998-2024 ; 96 traitées, 0 jamais traitées sur la fenêtre ; comparaisons sur la fenêtre identifiée (années < 2018, cohorte 2018 recodée contrôle, 7 unités de contrôle) ; cellules −8 et +8 bornées",event,0.0,96.0,0.0,0.0,1998.0,2024.0,,,,,,,,,,,,,,,,,
h3,H3,H3a,log(mariages de femmes / 1 000 f. 20-34),"département, bascule D3 ≥ 50 % ; fenêtre identifiée ≤ 2017, cohorte 2018 = contrôle",twfe,-5,0.0161932554949908,0.0133940670981086,-0.010058633623815,0.0424451446137968,0.2266677682166202,96,2592,True,"agrégat 20-34 : complément ; fenêtre 1998-2024 ; 96 traitées, 0 jamais traitées sur la fenêtre ; comparaisons sur la fenêtre identifiée (années < 2018, cohorte 2018 recodée contrôle, 7 unités de contrôle) ; cellules −8 et +8 bornées",event,0.0,96.0,0.0,0.0,1998.0,2024.0,,,,,,,,,,,,,,,,,
h3,H3,H3a,log(mariages de femmes / 1 000 f. 20-34),"département, bascule D3 ≥ 50 % ; fenêtre identifiée ≤ 2017, cohorte 2018 = contrôle",twfe,-4,0.0052384105421011,0.0114696094875014,-0.0172416109701405,0.0277184320543429,0.6478716556765459,96,2592,True,"agrégat 20-34 : complément ; fenêtre 1998-2024 ; 96 traitées, 0 jamais traitées sur la fenêtre ; comparaisons sur la fenêtre identifiée (années < 2018, cohorte 2018 recodée contrôle, 7 unités de contrôle) ; cellules −8 et +8 bornées",event,0.0,96.0,0.0,0.0,1998.0,2024.0,,,,,,,,,,,,,,,,,
h3,H3,H3a,log(mariages de femmes / 1 000 f. 20-34),"département, bascule D3 ≥ 50 % ; fenêtre identifiée ≤ 2017, cohorte 2018 = contrôle",twfe,-3,-0.0034693930244363,0.0087265383295651,-0.0205730938600922,0.0136343078112196,0.6909485989806221,96,2592,True,"agrégat 20-34 : complément ; fenêtre 1998-2024 ; 96 traitées, 0 jamais traitées sur la fenêtre ; comparaisons sur la fenêtre identifiée (années < 2018, cohorte 2018 recodée contrôle, 7 unités de contrôle) ; cellules −8 et +8 bornées",event,0.0,96.0,0.0,0.0,1998.0,2024.0,,,,,,,,,,,,,,,,,
h3,H3,H3a,log(mariages de femmes / 1 000 f. 20-34),"département, bascule D3 ≥ 50 % ; fenêtre identifiée ≤ 2017, cohorte 2018 = contrôle",twfe,-2,-0.0047024957637497,0.0062748456069162,-0.017000967161855,0.0075959756343555,0.453604007094631,96,2592,True,"agrégat 20-34 : complément ; fenêtre 1998-2024 ; 96 traitées, 0 jamais traitées sur la fenêtre ; comparaisons sur la fenêtre identifiée (années < 2018, cohorte 2018 recodée contrôle, 7 unités de contrôle) ; cellules −8 et +8 bornées",event,0.0,96.0,0.0,0.0,1998.0,2024.0,,,,,,,,,,,,,,,,,
h3,H3,H3a,log(mariages de femmes / 1 000 f. 20-34),"département, bascule D3 ≥ 50 % ; fenêtre identifiée ≤ 2017, cohorte 2018 = contrôle",twfe,0,0.006467616409313,0.0070937714895314,-0.0074359202247256,0.0203711530433518,0.3619099670960281,96,2592,True,"agrégat 20-34 : complément ; fenêtre 1998-2024 ; 96 traitées, 0 jamais traitées sur la fenêtre ; comparaisons sur la fenêtre identifiée (années < 2018, cohorte 2018 recodée contrôle, 7 unités de contrôle) ; cellules −8 et +8 bornées",event,0.0,96.0,0.0,0.0,1998.0,2024.0,,,,,,,,,,,,,,,,,
h3,H3,H3a,log(mariages de femmes / 1 000 f. 20-34),"département, bascule D3 ≥ 50 % ; fenêtre identifiée ≤ 2017, cohorte 2018 = contrôle",twfe,1,0.0217634290484818,0.0127131881360409,-0.0031539618268403,0.046680819923804,0.0869191252274418,96,2592,True,"agrégat 20-34 : complément ; fenêtre 1998-2024 ; 96 traitées, 0 jamais traitées sur la fenêtre ; comparaisons sur la fenêtre identifiée (années < 2018, cohorte 2018 recodée contrôle, 7 unités de contrôle) ; cellules −8 et +8 bornées",event,0.0,96.0,0.0,0.0,1998.0,2024.0,,,,,,,,,,,,,,,,,
h3,H3,H3a,log(mariages de femmes / 1 000 f. 20-34),"département, bascule D3 ≥ 50 % ; fenêtre identifiée ≤ 2017, cohorte 2018 = contrôle",twfe,2,0.0388377247559392,0.0175651240251225,0.0044107142827197,0.0732647352291586,0.0270309664669423,96,2592,True,"agrégat 20-34 : complément ; fenêtre 1998-2024 ; 96 traitées, 0 jamais traitées sur la fenêtre ; comparaisons sur la fenêtre identifiée (années < 2018, cohorte 2018 recodée contrôle, 7 unités de contrôle) ; cellules −8 et +8 bornées",event,0.0,96.0,0.0,0.0,1998.0,2024.0,,,,,,,,,,,,,,,,,
h3,H3,H3a,log(mariages de femmes / 1 000 f. 20-34),"département, bascule D3 ≥ 50 % ; fenêtre identifiée ≤ 2017, cohorte 2018 = contrôle",twfe,3,0.0458238171171157,0.0251166378914859,-0.0034038885629306,0.0950515227971622,0.0680854694553436,96,2592,True,"agrégat 20-34 : complément ; fenêtre 1998-2024 ; 96 traitées, 0 jamais traitées sur la fenêtre ; comparaisons sur la fenêtre identifiée (années < 2018, cohorte 2018 recodée contrôle, 7 unités de contrôle) ; cellules −8 et +8 bornées",event,0.0,96.0,0.0,0.0,1998.0,2024.0,,,,,,,,,,,,,,,,,
h3,H3,H3a,log(mariages de femmes / 1 000 f. 20-34),"département, bascule D3 ≥ 50 % ; fenêtre identifiée ≤ 2017, cohorte 2018 = contrôle",twfe,4,0.0588752881294009,0.0194989415325502,0.0206580649889502,0.0970925112698515,0.0025326799773446,96,2592,True,"agrégat 20-34 : complément ; fenêtre 1998-2024 ; 96 traitées, 0 jamais traitées sur la fenêtre ; comparaisons sur la fenêtre identifiée (années < 2018, cohorte 2018 recodée contrôle, 7 unités de contrôle) ; cellules −8 et +8 bornées",event,0.0,96.0,0.0,0.0,1998.0,2024.0,,,,,,,,,,,,,,,,,
h3,H3,H3a,log(mariages de femmes / 1 000 f. 20-34),"département, bascule D3 ≥ 50 % ; fenêtre identifiée ≤ 2017, cohorte 2018 = contrôle",twfe,"ATT[1,4]",0.0413250647627344,0.0175598133865841,0.0069084629497851,0.0757416665756837,0.0186031808201988,96,2592,True,"agrégat 20-34 : complément ; fenêtre 1998-2024 ; 96 traitées, 0 jamais traitées sur la fenêtre ; comparaisons sur la fenêtre identifiée (années < 2018, cohorte 2018 recodée contrôle, 7 unités de contrôle) ; écart-type avec covariance complète (w'Vw)",post_avg,0.0,96.0,0.0,0.0,1998.0,2024.0,,,,,,,,,,,,,,,,,
h3,H3,H3a,log(mariages de femmes / 1 000 f. 20-34),"département, bascule D3 ≥ 50 % ; fenêtre identifiée ≤ 2017, cohorte 2018 = contrôle",twfe,Wald pré (-8..−2),11.453547424647184,,,,0.1200226449555431,96,2592,True,"test de Wald joint, covariance groupée, df = 7 ; fenêtre 1998-2024 ; 96 traitées, 0 jamais traitées sur la fenêtre",pre_test,0.0,96.0,0.0,0.0,1998.0,2024.0,,,,,,,,,,,7.0,,,,,,
h3,H3,H3a,log(mariages de femmes / 1 000 f. 20-34),"département, bascule D3 ≥ 50 % ; fenêtre identifiée ≤ 2017, cohorte 2018 = contrôle",twfe,ATT,0.0149972820099176,0.0097478423669441,-0.0041081379562666,0.0341027019761018,0.1239207309551901,96,2592,True,"agrégat 20-34 : complément ; fenêtre 1998-2024 ; 96 traitées, 0 jamais traitées sur la fenêtre ; comparaisons sur la fenêtre identifiée (années < 2018, cohorte 2018 recodée contrôle, 7 unités de contrôle)",static,0.0,96.0,0.0,0.0,1998.0,2024.0,,,,,,,,,,,,,,,,,
h3,H3,H3a,log(mariages de femmes / 1 000 f. 20-34),"département, bascule D3 ≥ 50 % ; fenêtre complète",twfe,ATT,0.0107605403592546,0.0071864925180362,-0.0033247261512629,0.0248458068697722,0.1343077918663724,96,2592,True,"agrégat 20-34 : complément ; fenêtre 1998-2024 ; 96 traitées, 0 jamais traitées sur la fenêtre ; TWFE sur toutes les années (identification par le calendrier des bascules seulement)",static,0.0,96.0,0.0,0.0,1998.0,2024.0,,,,,,,,,,,,,,,,,
h3,H3,H3a,log(mariages de femmes / 1 000 f. 20-34),"département, bascule D3 ≥ 50 % ; fenêtre identifiée ≤ 2017, cohorte 2018 = contrôle",twfe_poisson,ATT (log du taux contrefactuel),0.0243579091107632,0.009797499696302,0.0051551625674691,0.0435606556540573,0.0129138884853743,96,2592,True,"agrégat 20-34 : complément ; fenêtre 1998-2024 ; 96 traitées, 0 jamais traitées sur la fenêtre ; comparaisons sur la fenêtre identifiée (années < 2018, cohorte 2018 recodée contrôle, 7 unités de contrôle) ; Poisson à effets fixes, offset = log(women)",static,0.0,96.0,0.0,0.0,1998.0,2024.0,,,,,,,,,,,,,,,,,
h3,H3,H3a,log(mariages de femmes / 1 000 f. 20-34),"département, bascule D3 ≥ 50 % ; fenêtre identifiée ≤ 2017, cohorte 2018 = contrôle",twfe_poisson,ATT en % du taux contrefactuel,2.465698634053637,1.0039076512485166,0.5168473128900786,4.452334879571018,0.0129138884853743,96,2592,True,"agrégat 20-34 : complément ; fenêtre 1998-2024 ; 96 traitées, 0 jamais traitées sur la fenêtre ; comparaisons sur la fenêtre identifiée (années < 2018, cohorte 2018 recodée contrôle, 7 unités de contrôle) ; Poisson à effets fixes, offset = log(women)",static,0.0,96.0,0.0,0.0,1998.0,2024.0,,,,,,,,,,,,,,,,,
h3,H3,H3a,asinh(mariages de femmes / 1 000 f. 15-19),"département, bascule D3 ≥ 50 %",cs,-8,-0.0349970010409061,0.0519382542323749,-0.136794108756246,0.0668001066744337,0.5004261671789068,96,2592,False,"76 cellules à zéro mariage (codées 0, A2) : asinh au lieu du log, Poisson en comparaison ; contrôle = not_yet_treated ; fenêtre 1998-2024 ; 96 traitées, 0 jamais traitées sur la fenêtre ; ATT(g,t) identifiés jusqu'en 2017 (sans unité jamais traitée, la dernière cohorte sert de contrôle) ; grappes = dep (96)",event,0.0,96.0,0.0,0.0,1998.0,2024.0,1998.0,2017.0,96.0,4.0,reg,5.0,89.0,,,,,,,,,,
h3,H3,H3a,asinh(mariages de femmes / 1 000 f. 15-19),"département, bascule D3 ≥ 50 %",cs,-7,-0.0724158683154863,0.0523065010256677,-0.1749347264831025,0.0301029898521299,0.1662199300791426,96,2592,False,"76 cellules à zéro mariage (codées 0, A2) : asinh au lieu du log, Poisson en comparaison ; contrôle = not_yet_treated ; fenêtre 1998-2024 ; 96 traitées, 0 jamais traitées sur la fenêtre ; ATT(g,t) identifiés jusqu'en 2017 (sans unité jamais traitée, la dernière cohorte sert de contrôle) ; grappes = dep (96)",event,0.0,96.0,0.0,0.0,1998.0,2024.0,1998.0,2017.0,96.0,4.0,reg,5.0,89.0,,,,,,,,,,
h3,H3,H3a,asinh(mariages de femmes / 1 000 f. 15-19),"département, bascule D3 ≥ 50 %",cs,-6,-0.0320226561945674,0.047966061589507,-0.1260344093902312,0.0619890970010963,0.5043821226050048,96,2592,False,"76 cellules à zéro mariage (codées 0, A2) : asinh au lieu du log, Poisson en comparaison ; contrôle = not_yet_treated ; fenêtre 1998-2024 ; 96 traitées, 0 jamais traitées sur la fenêtre ; ATT(g,t) identifiés jusqu'en 2017 (sans unité jamais traitée, la dernière cohorte sert de contrôle) ; grappes = dep (96)",event,0.0,96.0,0.0,0.0,1998.0,2024.0,1998.0,2017.0,96.0,4.0,reg,5.0,89.0,,,,,,,,,,
h3,H3,H3a,asinh(mariages de femmes / 1 000 f. 15-19),"département, bascule D3 ≥ 50 %",cs,-5,-0.0405347019507361,0.0509897996353516,-0.1404728728149389,0.0594034689134666,0.4266384722181159,96,2592,False,"76 cellules à zéro mariage (codées 0, A2) : asinh au lieu du log, Poisson en comparaison ; contrôle = not_yet_treated ; fenêtre 1998-2024 ; 96 traitées, 0 jamais traitées sur la fenêtre ; ATT(g,t) identifiés jusqu'en 2017 (sans unité jamais traitée, la dernière cohorte sert de contrôle) ; grappes = dep (96)",event,0.0,96.0,0.0,0.0,1998.0,2024.0,1998.0,2017.0,96.0,4.0,reg,5.0,89.0,,,,,,,,,,
h3,H3,H3a,asinh(mariages de femmes / 1 000 f. 15-19),"département, bascule D3 ≥ 50 %",cs,-4,-0.0493623283932047,0.0477008032157548,-0.1428541847297167,0.0441295279433071,0.3007472700043829,96,2592,False,"76 cellules à zéro mariage (codées 0, A2) : asinh au lieu du log, Poisson en comparaison ; contrôle = not_yet_treated ; fenêtre 1998-2024 ; 96 traitées, 0 jamais traitées sur la fenêtre ; ATT(g,t) identifiés jusqu'en 2017 (sans unité jamais traitée, la dernière cohorte sert de contrôle) ; grappes = dep (96)",event,0.0,96.0,0.0,0.0,1998.0,2024.0,1998.0,2017.0,96.0,4.0,reg,5.0,89.0,,,,,,,,,,
h3,H3,H3a,asinh(mariages de femmes / 1 000 f. 15-19),"département, bascule D3 ≥ 50 %",cs,-3,-0.0617047768736532,0.0466067951855812,-0.1530524168722273,0.0296428631249208,0.1855217148040682,96,2592,False,"76 cellules à zéro mariage (codées 0, A2) : asinh au lieu du log, Poisson en comparaison ; contrôle = not_yet_treated ; fenêtre 1998-2024 ; 96 traitées, 0 jamais traitées sur la fenêtre ; ATT(g,t) identifiés jusqu'en 2017 (sans unité jamais traitée, la dernière cohorte sert de contrôle) ; grappes = dep (96)",event,0.0,96.0,0.0,0.0,1998.0,2024.0,1998.0,2017.0,96.0,4.0,reg,5.0,89.0,,,,,,,,,,
h3,H3,H3a,asinh(mariages de femmes / 1 000 f. 15-19),"département, bascule D3 ≥ 50 %",cs,-2,-0.0586094601398141,0.0493234341261429,-0.1552816146208882,0.0380626943412599,0.234727827017392,96,2592,False,"76 cellules à zéro mariage (codées 0, A2) : asinh au lieu du log, Poisson en comparaison ; contrôle = not_yet_treated ; fenêtre 1998-2024 ; 96 traitées, 0 jamais traitées sur la fenêtre ; ATT(g,t) identifiés jusqu'en 2017 (sans unité jamais traitée, la dernière cohorte sert de contrôle) ; grappes = dep (96)",event,0.0,96.0,0.0,0.0,1998.0,2024.0,1998.0,2017.0,96.0,4.0,reg,5.0,89.0,,,,,,,,,,
h3,H3,H3a,asinh(mariages de femmes / 1 000 f. 15-19),"département, bascule D3 ≥ 50 %",cs,0,-0.0685422239657402,0.0465373414645807,-0.159753737172561,0.0226692892410805,0.1407932219327383,96,2592,False,"76 cellules à zéro mariage (codées 0, A2) : asinh au lieu du log, Poisson en comparaison ; contrôle = not_yet_treated ; fenêtre 1998-2024 ; 96 traitées, 0 jamais traitées sur la fenêtre ; ATT(g,t) identifiés jusqu'en 2017 (sans unité jamais traitée, la dernière cohorte sert de contrôle) ; grappes = dep (96)",event,0.0,96.0,0.0,0.0,1998.0,2024.0,1998.0,2017.0,96.0,4.0,reg,5.0,89.0,,,,,,,,,,
h3,H3,H3a,asinh(mariages de femmes / 1 000 f. 15-19),"département, bascule D3 ≥ 50 %",cs,1,-0.0335365978078345,0.0650356180263679,-0.1610040668518195,0.0939308712361505,0.6060883410053124,96,2592,False,"76 cellules à zéro mariage (codées 0, A2) : asinh au lieu du log, Poisson en comparaison ; contrôle = not_yet_treated ; fenêtre 1998-2024 ; 96 traitées, 0 jamais traitées sur la fenêtre ; ATT(g,t) identifiés jusqu'en 2017 (sans unité jamais traitée, la dernière cohorte sert de contrôle) ; grappes = dep (96)",event,0.0,96.0,0.0,0.0,1998.0,2024.0,1998.0,2017.0,96.0,4.0,reg,4.0,74.0,,,,,,,,,,
h3,H3,H3a,asinh(mariages de femmes / 1 000 f. 15-19),"département, bascule D3 ≥ 50 %",cs,2,-0.024624582417991,0.0902903246617782,-0.201590366907505,0.152341202071523,0.7850633077193748,96,2592,False,"76 cellules à zéro mariage (codées 0, A2) : asinh au lieu du log, Poisson en comparaison ; contrôle = not_yet_treated ; fenêtre 1998-2024 ; 96 traitées, 0 jamais traitées sur la fenêtre ; ATT(g,t) identifiés jusqu'en 2017 (sans unité jamais traitée, la dernière cohorte sert de contrôle) ; grappes = dep (96)",event,0.0,96.0,0.0,0.0,1998.0,2024.0,1998.0,2017.0,96.0,4.0,reg,3.0,51.0,,,,,,,,,,
h3,H3,H3a,asinh(mariages de femmes / 1 000 f. 15-19),"département, bascule D3 ≥ 50 %",cs,3,0.1155116902200665,0.1324709166077269,-0.1441265353300871,0.3751499157702203,0.3832205224058891,96,2592,False,"76 cellules à zéro mariage (codées 0, A2) : asinh au lieu du log, Poisson en comparaison ; contrôle = not_yet_treated ; fenêtre 1998-2024 ; 96 traitées, 0 jamais traitées sur la fenêtre ; ATT(g,t) identifiés jusqu'en 2017 (sans unité jamais traitée, la dernière cohorte sert de contrôle) ; grappes = dep (96)",event,0.0,96.0,0.0,0.0,1998.0,2024.0,1998.0,2017.0,96.0,4.0,reg,2.0,35.0,,,,,,,,,,
h3,H3,H3a,asinh(mariages de femmes / 1 000 f. 15-19),"département, bascule D3 ≥ 50 %",cs,4,0.042644851195719,0.2069242515783866,-0.3629192294258242,0.4482089318172624,0.8367212434263805,96,2592,False,"76 cellules à zéro mariage (codées 0, A2) : asinh au lieu du log, Poisson en comparaison ; contrôle = not_yet_treated ; fenêtre 1998-2024 ; 96 traitées, 0 jamais traitées sur la fenêtre ; ATT(g,t) identifiés jusqu'en 2017 (sans unité jamais traitée, la dernière cohorte sert de contrôle) ; grappes = dep (96)",event,0.0,96.0,0.0,0.0,1998.0,2024.0,1998.0,2017.0,96.0,4.0,reg,1.0,2.0,,,,,,,,,,
h3,H3,H3a,asinh(mariages de femmes / 1 000 f. 15-19),"département, bascule D3 ≥ 50 %",cs,"ATT[1,4]",0.02499884029749,0.1008397108287146,-0.1726433611382243,0.2226410417332044,0.8042065931097044,96,2592,False,"76 cellules à zéro mariage (codées 0, A2) : asinh au lieu du log, Poisson en comparaison ; contrôle = not_yet_treated ; fenêtre 1998-2024 ; 96 traitées, 0 jamais traitées sur la fenêtre ; ATT(g,t) identifiés jusqu'en 2017 (sans unité jamais traitée, la dernière cohorte sert de contrôle) ; grappes = dep (96) ; écart-type avec covariance complète des coefficients (fonctions d'influence)",post_avg,0.0,96.0,0.0,0.0,1998.0,2024.0,1998.0,2017.0,96.0,4.0,reg,,,,,4.0,,,,,,,
h3,H3,H3a,asinh(mariages de femmes / 1 000 f. 15-19),"département, bascule D3 ≥ 50 %",cs,ATT,-0.0227474940794996,0.0601308243052791,-0.1406017440785524,0.0951067559195531,0.705207705339705,96,2592,False,"76 cellules à zéro mariage (codées 0, A2) : asinh au lieu du log, Poisson en comparaison ; contrôle = not_yet_treated ; fenêtre 1998-2024 ; 96 traitées, 0 jamais traitées sur la fenêtre ; ATT(g,t) identifiés jusqu'en 2017 (sans unité jamais traitée, la dernière cohorte sert de contrôle) ; grappes = dep (96) ; moyenne de tous les ATT(g,t) post",simple,0.0,96.0,0.0,0.0,1998.0,2024.0,1998.0,2017.0,96.0,4.0,reg,,,,,,,,,,,,
h3,H3,H3a,asinh(mariages de femmes / 1 000 f. 15-19),"département, bascule D3 ≥ 50 %",cs,Wald pré (-8..-2),3.0862418344697704,,,,0.8769111406496496,96,2592,False,"H5c : test de Wald joint de nullité des coefficients pré avec covariance des fonctions d'influence, df = 7 ; fenêtre 1998-2024 ; 96 traitées, 0 jamais traitées sur la fenêtre",pre_test,0.0,96.0,0.0,0.0,1998.0,2024.0,1998.0,2017.0,96.0,4.0,reg,,,,,,7.0,,,,,,
h3,H3,H3a,asinh(mariages de femmes / 1 000 f. 15-19),"département, bascule D3 ≥ 50 % ; fenêtre identifiée ≤ 2017, cohorte 2018 = contrôle",twfe,-8,0.0161379422366377,0.0458127751113328,-0.0736534470134075,0.105929331486683,0.7246443624260932,96,2592,False,"76 cellules à zéro mariage (codées 0, A2) : asinh au lieu du log, Poisson en comparaison ; fenêtre 1998-2024 ; 96 traitées, 0 jamais traitées sur la fenêtre ; comparaisons sur la fenêtre identifiée (années < 2018, cohorte 2018 recodée contrôle, 7 unités de contrôle) ; cellules −8 et +8 bornées",event,0.0,96.0,0.0,0.0,1998.0,2024.0,,,,,,,,,,,,,,,,,
h3,H3,H3a,asinh(mariages de femmes / 1 000 f. 15-19),"département, bascule D3 ≥ 50 % ; fenêtre identifiée ≤ 2017, cohorte 2018 = contrôle",twfe,-7,0.0205295510619072,0.0566072200016418,-0.0904185614062461,0.1314776635300606,0.7168539125086104,96,2592,False,"76 cellules à zéro mariage (codées 0, A2) : asinh au lieu du log, Poisson en comparaison ; fenêtre 1998-2024 ; 96 traitées, 0 jamais traitées sur la fenêtre ; comparaisons sur la fenêtre identifiée (années < 2018, cohorte 2018 recodée contrôle, 7 unités de contrôle) ; cellules −8 et +8 bornées",event,0.0,96.0,0.0,0.0,1998.0,2024.0,,,,,,,,,,,,,,,,,
h3,H3,H3a,asinh(mariages de femmes / 1 000 f. 15-19),"département, bascule D3 ≥ 50 % ; fenêtre identifiée ≤ 2017, cohorte 2018 = contrôle",twfe,-6,-0.0020471104399067,0.0505385947046182,-0.1011009358902251,0.0970067150104116,0.9676898163716848,96,2592,False,"76 cellules à zéro mariage (codées 0, A2) : asinh au lieu du log, Poisson en comparaison ; fenêtre 1998-2024 ; 96 traitées, 0 jamais traitées sur la fenêtre ; comparaisons sur la fenêtre identifiée (années < 2018, cohorte 2018 recodée contrôle, 7 unités de contrôle) ; cellules −8 et +8 bornées",event,0.0,96.0,0.0,0.0,1998.0,2024.0,,,,,,,,,,,,,,,,,
h3,H3,H3a,asinh(mariages de femmes / 1 000 f. 15-19),"département, bascule D3 ≥ 50 % ; fenêtre identifiée ≤ 2017, cohorte 2018 = contrôle",twfe,-5,-0.0153265306896338,0.0462974342505021,-0.1060678343972291,0.0754147730179614,0.7406105509701757,96,2592,False,"76 cellules à zéro mariage (codées 0, A2) : asinh au lieu du log, Poisson en comparaison ; fenêtre 1998-2024 ; 96 traitées, 0 jamais traitées sur la fenêtre ; comparaisons sur la fenêtre identifiée (années < 2018, cohorte 2018 recodée contrôle, 7 unités de contrôle) ; cellules −8 et +8 bornées",event,0.0,96.0,0.0,0.0,1998.0,2024.0,,,,,,,,,,,,,,,,,
h3,H3,H3a,asinh(mariages de femmes / 1 000 f. 15-19),"département, bascule D3 ≥ 50 % ; fenêtre identifiée ≤ 2017, cohorte 2018 = contrôle",twfe,-4,-0.0108580098338184,0.0407387816176581,-0.0907045545784708,0.068988534910834,0.7898329034681777,96,2592,False,"76 cellules à zéro mariage (codées 0, A2) : asinh au lieu du log, Poisson en comparaison ; fenêtre 1998-2024 ; 96 traitées, 0 jamais traitées sur la fenêtre ; comparaisons sur la fenêtre identifiée (années < 2018, cohorte 2018 recodée contrôle, 7 unités de contrôle) ; cellules −8 et +8 bornées",event,0.0,96.0,0.0,0.0,1998.0,2024.0,,,,,,,,,,,,,,,,,
h3,H3,H3a,asinh(mariages de femmes / 1 000 f. 15-19),"département, bascule D3 ≥ 50 % ; fenêtre identifiée ≤ 2017, cohorte 2018 = contrôle",twfe,-3,-0.0344277978507934,0.0305411817409065,-0.0942874141082625,0.0254318184066756,0.2596333257970786,96,2592,False,"76 cellules à zéro mariage (codées 0, A2) : asinh au lieu du log, Poisson en comparaison ; fenêtre 1998-2024 ; 96 traitées, 0 jamais traitées sur la fenêtre ; comparaisons sur la fenêtre identifiée (années < 2018, cohorte 2018 recodée contrôle, 7 unités de contrôle) ; cellules −8 et +8 bornées",event,0.0,96.0,0.0,0.0,1998.0,2024.0,,,,,,,,,,,,,,,,,
h3,H3,H3a,asinh(mariages de femmes / 1 000 f. 15-19),"département, bascule D3 ≥ 50 % ; fenêtre identifiée ≤ 2017, cohorte 2018 = contrôle",twfe,-2,-0.0500133409535539,0.0309815108476363,-0.110735986401558,0.0107093044944502,0.1064631539257524,96,2592,False,"76 cellules à zéro mariage (codées 0, A2) : asinh au lieu du log, Poisson en comparaison ; fenêtre 1998-2024 ; 96 traitées, 0 jamais traitées sur la fenêtre ; comparaisons sur la fenêtre identifiée (années < 2018, cohorte 2018 recodée contrôle, 7 unités de contrôle) ; cellules −8 et +8 bornées",event,0.0,96.0,0.0,0.0,1998.0,2024.0,,,,,,,,,,,,,,,,,
h3,H3,H3a,asinh(mariages de femmes / 1 000 f. 15-19),"département, bascule D3 ≥ 50 % ; fenêtre identifiée ≤ 2017, cohorte 2018 = contrôle",twfe,0,-0.0644793905793287,0.0351018442084618,-0.1332777410188499,0.0043189598601923,0.0662212397646252,96,2592,False,"76 cellules à zéro mariage (codées 0, A2) : asinh au lieu du log, Poisson en comparaison ; fenêtre 1998-2024 ; 96 traitées, 0 jamais traitées sur la fenêtre ; comparaisons sur la fenêtre identifiée (années < 2018, cohorte 2018 recodée contrôle, 7 unités de contrôle) ; cellules −8 et +8 bornées",event,0.0,96.0,0.0,0.0,1998.0,2024.0,,,,,,,,,,,,,,,,,
h3,H3,H3a,asinh(mariages de femmes / 1 000 f. 15-19),"département, bascule D3 ≥ 50 % ; fenêtre identifiée ≤ 2017, cohorte 2018 = contrôle",twfe,1,-0.0490197525459761,0.0423954389761131,-0.1321132860479236,0.0340737809559713,0.2475786605099263,96,2592,False,"76 cellules à zéro mariage (codées 0, A2) : asinh au lieu du log, Poisson en comparaison ; fenêtre 1998-2024 ; 96 traitées, 0 jamais traitées sur la fenêtre ; comparaisons sur la fenêtre identifiée (années < 2018, cohorte 2018 recodée contrôle, 7 unités de contrôle) ; cellules −8 et +8 bornées",event,0.0,96.0,0.0,0.0,1998.0,2024.0,,,,,,,,,,,,,,,,,
h3,H3,H3a,asinh(mariages de femmes / 1 000 f. 15-19),"département, bascule D3 ≥ 50 % ; fenêtre identifiée ≤ 2017, cohorte 2018 = contrôle",twfe,2,-0.0533113797501174,0.0483823765002276,-0.1481390951770207,0.0415163356767859,0.2705155814469743,96,2592,False,"76 cellules à zéro mariage (codées 0, A2) : asinh au lieu du log, Poisson en comparaison ; fenêtre 1998-2024 ; 96 traitées, 0 jamais traitées sur la fenêtre ; comparaisons sur la fenêtre identifiée (années < 2018, cohorte 2018 recodée contrôle, 7 unités de contrôle) ; cellules −8 et +8 bornées",event,0.0,96.0,0.0,0.0,1998.0,2024.0,,,,,,,,,,,,,,,,,
h3,H3,H3a,asinh(mariages de femmes / 1 000 f. 15-19),"département, bascule D3 ≥ 50 % ; fenêtre identifiée ≤ 2017, cohorte 2018 = contrôle",twfe,3,-0.0703503224482174,0.0615329247357144,-0.1909526387936316,0.0502519938971967,0.2529158789257234,96,2592,False,"76 cellules à zéro mariage (codées 0, A2) : asinh au lieu du log, Poisson en comparaison ; fenêtre 1998-2024 ; 96 traitées, 0 jamais traitées sur la fenêtre ; comparaisons sur la fenêtre identifiée (années < 2018, cohorte 2018 recodée contrôle, 7 unités de contrôle) ; cellules −8 et +8 bornées",event,0.0,96.0,0.0,0.0,1998.0,2024.0,,,,,,,,,,,,,,,,,
h3,H3,H3a,asinh(mariages de femmes / 1 000 f. 15-19),"département, bascule D3 ≥ 50 % ; fenêtre identifiée ≤ 2017, cohorte 2018 = contrôle",twfe,4,-0.1856943829284403,0.239743682410815,-0.6555833659746466,0.284194600117766,0.4386033593358416,96,2592,False,"76 cellules à zéro mariage (codées 0, A2) : asinh au lieu du log, Poisson en comparaison ; fenêtre 1998-2024 ; 96 traitées, 0 jamais traitées sur la fenêtre ; comparaisons sur la fenêtre identifiée (années < 2018, cohorte 2018 recodée contrôle, 7 unités de contrôle) ; cellules −8 et +8 bornées",event,0.0,96.0,0.0,0.0,1998.0,2024.0,,,,,,,,,,,,,,,,,
h3,H3,H3a,asinh(mariages de femmes / 1 000 f. 15-19),"département, bascule D3 ≥ 50 % ; fenêtre identifiée ≤ 2017, cohorte 2018 = contrôle",twfe,"ATT[1,4]",-0.0895939594181878,0.0834208585590703,-0.2530958377533755,0.0739079189169998,0.2828229108257934,96,2592,False,"76 cellules à zéro mariage (codées 0, A2) : asinh au lieu du log, Poisson en comparaison ; fenêtre 1998-2024 ; 96 traitées, 0 jamais traitées sur la fenêtre ; comparaisons sur la fenêtre identifiée (années < 2018, cohorte 2018 recodée contrôle, 7 unités de contrôle) ; écart-type avec covariance complète (w'Vw)",post_avg,0.0,96.0,0.0,0.0,1998.0,2024.0,,,,,,,,,,,,,,,,,
h3,H3,H3a,asinh(mariages de femmes / 1 000 f. 15-19),"département, bascule D3 ≥ 50 % ; fenêtre identifiée ≤ 2017, cohorte 2018 = contrôle",twfe,Wald pré (-8..−2),4.942234112222429,,,,0.6670126721835324,96,2592,False,"test de Wald joint, covariance groupée, df = 7 ; fenêtre 1998-2024 ; 96 traitées, 0 jamais traitées sur la fenêtre",pre_test,0.0,96.0,0.0,0.0,1998.0,2024.0,,,,,,,,,,,7.0,,,,,,
h3,H3,H3a,asinh(mariages de femmes / 1 000 f. 15-19),"département, bascule D3 ≥ 50 % ; fenêtre identifiée ≤ 2017, cohorte 2018 = contrôle",twfe,ATT,-0.0411371506248825,0.0297349996324533,-0.0994166789848028,0.0171423777350377,0.1665241935365291,96,2592,False,"76 cellules à zéro mariage (codées 0, A2) : asinh au lieu du log, Poisson en comparaison ; fenêtre 1998-2024 ; 96 traitées, 0 jamais traitées sur la fenêtre ; comparaisons sur la fenêtre identifiée (années < 2018, cohorte 2018 recodée contrôle, 7 unités de contrôle)",static,0.0,96.0,0.0,0.0,1998.0,2024.0,,,,,,,,,,,,,,,,,
h3,H3,H3a,asinh(mariages de femmes / 1 000 f. 15-19),"département, bascule D3 ≥ 50 % ; fenêtre complète",twfe,ATT,-0.0185415414438755,0.0278130962236482,-0.0730542083407731,0.035971125453022,0.5049970822566401,96,2592,True,"76 cellules à zéro mariage (codées 0, A2) : asinh au lieu du log, Poisson en comparaison ; fenêtre 1998-2024 ; 96 traitées, 0 jamais traitées sur la fenêtre ; TWFE sur toutes les années (identification par le calendrier des bascules seulement)",static,0.0,96.0,0.0,0.0,1998.0,2024.0,,,,,,,,,,,,,,,,,
h3,H3,H3a,asinh(mariages de femmes / 1 000 f. 15-19),"département, bascule D3 ≥ 50 % ; fenêtre identifiée ≤ 2017, cohorte 2018 = contrôle",twfe_poisson,ATT (log du taux contrefactuel),-0.021586695824568,0.0675362233542076,-0.1539552612506679,0.1107818696015319,0.7492477885018511,96,2592,False,"76 cellules à zéro mariage (codées 0, A2) : asinh au lieu du log, Poisson en comparaison ; fenêtre 1998-2024 ; 96 traitées, 0 jamais traitées sur la fenêtre ; comparaisons sur la fenêtre identifiée (années < 2018, cohorte 2018 recodée contrôle, 7 unités de contrôle) ; Poisson à effets fixes, offset = log(women)",static,0.0,96.0,0.0,0.0,1998.0,2024.0,,,,,,,,,,,,,,,,,
h3,H3,H3a,asinh(mariages de femmes / 1 000 f. 15-19),"département, bascule D3 ≥ 50 % ; fenêtre identifiée ≤ 2017, cohorte 2018 = contrôle",twfe_poisson,ATT en % du taux contrefactuel,-2.13553706118903,6.609396227475116,-14.268962574765675,11.715119680598306,0.7492477885018511,96,2592,False,"76 cellules à zéro mariage (codées 0, A2) : asinh au lieu du log, Poisson en comparaison ; fenêtre 1998-2024 ; 96 traitées, 0 jamais traitées sur la fenêtre ; comparaisons sur la fenêtre identifiée (années < 2018, cohorte 2018 recodée contrôle, 7 unités de contrôle) ; Poisson à effets fixes, offset = log(women)",static,0.0,96.0,0.0,0.0,1998.0,2024.0,,,,,,,,,,,,,,,,,
h3,H3,H3a,log(mariages de femmes / 1 000 f. 20-24),"département, bascule D3 ≥ 50 %",cs,-8,0.010502403544811,0.0272423157341643,-0.0428915541496199,0.0638963612392421,0.6998536603631793,96,2592,False," ; contrôle = not_yet_treated ; fenêtre 1998-2024 ; 96 traitées, 0 jamais traitées sur la fenêtre ; ATT(g,t) identifiés jusqu'en 2017 (sans unité jamais traitée, la dernière cohorte sert de contrôle) ; grappes = dep (96)",event,0.0,96.0,0.0,0.0,1998.0,2024.0,1998.0,2017.0,96.0,4.0,reg,5.0,89.0,,,,,,,,,,
h3,H3,H3a,log(mariages de femmes / 1 000 f. 20-24),"département, bascule D3 ≥ 50 %",cs,-7,0.0080193083336337,0.0237328328599902,-0.0384961893230557,0.0545348059903233,0.7354390521210417,96,2592,False," ; contrôle = not_yet_treated ; fenêtre 1998-2024 ; 96 traitées, 0 jamais traitées sur la fenêtre ; ATT(g,t) identifiés jusqu'en 2017 (sans unité jamais traitée, la dernière cohorte sert de contrôle) ; grappes = dep (96)",event,0.0,96.0,0.0,0.0,1998.0,2024.0,1998.0,2017.0,96.0,4.0,reg,5.0,89.0,,,,,,,,,,
h3,H3,H3a,log(mariages de femmes / 1 000 f. 20-24),"département, bascule D3 ≥ 50 %",cs,-6,-0.0432210148918222,0.0321463908242722,-0.1062267831403447,0.0197847533567002,0.1787848220410284,96,2592,False," ; contrôle = not_yet_treated ; fenêtre 1998-2024 ; 96 traitées, 0 jamais traitées sur la fenêtre ; ATT(g,t) identifiés jusqu'en 2017 (sans unité jamais traitée, la dernière cohorte sert de contrôle) ; grappes = dep (96)",event,0.0,96.0,0.0,0.0,1998.0,2024.0,1998.0,2017.0,96.0,4.0,reg,5.0,89.0,,,,,,,,,,
h3,H3,H3a,log(mariages de femmes / 1 000 f. 20-24),"département, bascule D3 ≥ 50 %",cs,-5,-0.0106700885913129,0.0276823038509291,-0.0649264071482285,0.0435862299656025,0.6999055273873206,96,2592,False," ; contrôle = not_yet_treated ; fenêtre 1998-2024 ; 96 traitées, 0 jamais traitées sur la fenêtre ; ATT(g,t) identifiés jusqu'en 2017 (sans unité jamais traitée, la dernière cohorte sert de contrôle) ; grappes = dep (96)",event,0.0,96.0,0.0,0.0,1998.0,2024.0,1998.0,2017.0,96.0,4.0,reg,5.0,89.0,,,,,,,,,,
h3,H3,H3a,log(mariages de femmes / 1 000 f. 20-24),"département, bascule D3 ≥ 50 %",cs,-4,-0.0304163437279957,0.0266696022596287,-0.0826878036388762,0.0218551161828847,0.2540833242722967,96,2592,False," ; contrôle = not_yet_treated ; fenêtre 1998-2024 ; 96 traitées, 0 jamais traitées sur la fenêtre ; ATT(g,t) identifiés jusqu'en 2017 (sans unité jamais traitée, la dernière cohorte sert de contrôle) ; grappes = dep (96)",event,0.0,96.0,0.0,0.0,1998.0,2024.0,1998.0,2017.0,96.0,4.0,reg,5.0,89.0,,,,,,,,,,
h3,H3,H3a,log(mariages de femmes / 1 000 f. 20-24),"département, bascule D3 ≥ 50 %",cs,-3,-0.0061800478588089,0.0215097265043194,-0.0483383371245817,0.0359782414069638,0.773871822127259,96,2592,False," ; contrôle = not_yet_treated ; fenêtre 1998-2024 ; 96 traitées, 0 jamais traitées sur la fenêtre ; ATT(g,t) identifiés jusqu'en 2017 (sans unité jamais traitée, la dernière cohorte sert de contrôle) ; grappes = dep (96)",event,0.0,96.0,0.0,0.0,1998.0,2024.0,1998.0,2017.0,96.0,4.0,reg,5.0,89.0,,,,,,,,,,
h3,H3,H3a,log(mariages de femmes / 1 000 f. 20-24),"département, bascule D3 ≥ 50 %",cs,-2,0.003109783935092,0.0212070199921175,-0.0384552114688791,0.0446747793390633,0.8834166811269534,96,2592,False," ; contrôle = not_yet_treated ; fenêtre 1998-2024 ; 96 traitées, 0 jamais traitées sur la fenêtre ; ATT(g,t) identifiés jusqu'en 2017 (sans unité jamais traitée, la dernière cohorte sert de contrôle) ; grappes = dep (96)",event,0.0,96.0,0.0,0.0,1998.0,2024.0,1998.0,2017.0,96.0,4.0,reg,5.0,89.0,,,,,,,,,,
h3,H3,H3a,log(mariages de femmes / 1 000 f. 20-24),"département, bascule D3 ≥ 50 %",cs,0,0.0373515871999441,0.0277401057382819,-0.0170180209744214,0.0917211953743096,0.1781467248598811,96,2592,False," ; contrôle = not_yet_treated ; fenêtre 1998-2024 ; 96 traitées, 0 jamais traitées sur la fenêtre ; ATT(g,t) identifiés jusqu'en 2017 (sans unité jamais traitée, la dernière cohorte sert de contrôle) ; grappes = dep (96)",event,0.0,96.0,0.0,0.0,1998.0,2024.0,1998.0,2017.0,96.0,4.0,reg,5.0,89.0,,,,,,,,,,
h3,H3,H3a,log(mariages de femmes / 1 000 f. 20-24),"département, bascule D3 ≥ 50 %",cs,1,0.0470293173235342,0.0391052722190339,-0.0296156078314071,0.1236742424784756,0.2291181094906597,96,2592,False," ; contrôle = not_yet_treated ; fenêtre 1998-2024 ; 96 traitées, 0 jamais traitées sur la fenêtre ; ATT(g,t) identifiés jusqu'en 2017 (sans unité jamais traitée, la dernière cohorte sert de contrôle) ; grappes = dep (96)",event,0.0,96.0,0.0,0.0,1998.0,2024.0,1998.0,2017.0,96.0,4.0,reg,4.0,74.0,,,,,,,,,,
h3,H3,H3a,log(mariages de femmes / 1 000 f. 20-24),"département, bascule D3 ≥ 50 %",cs,2,0.0783425522703309,0.0622805246979312,-0.0437250330758716,0.2004101376165335,0.2084286191439996,96,2592,False," ; contrôle = not_yet_treated ; fenêtre 1998-2024 ; 96 traitées, 0 jamais traitées sur la fenêtre ; ATT(g,t) identifiés jusqu'en 2017 (sans unité jamais traitée, la dernière cohorte sert de contrôle) ; grappes = dep (96)",event,0.0,96.0,0.0,0.0,1998.0,2024.0,1998.0,2017.0,96.0,4.0,reg,3.0,51.0,,,,,,,,,,
h3,H3,H3a,log(mariages de femmes / 1 000 f. 20-24),"département, bascule D3 ≥ 50 %",cs,3,0.1872411688072561,0.1544065315189769,-0.1153900719476873,0.4898724095621996,0.2252634449088891,96,2592,False," ; contrôle = not_yet_treated ; fenêtre 1998-2024 ; 96 traitées, 0 jamais traitées sur la fenêtre ; ATT(g,t) identifiés jusqu'en 2017 (sans unité jamais traitée, la dernière cohorte sert de contrôle) ; grappes = dep (96)",event,0.0,96.0,0.0,0.0,1998.0,2024.0,1998.0,2017.0,96.0,4.0,reg,2.0,35.0,,,,,,,,,,
h3,H3,H3a,log(mariages de femmes / 1 000 f. 20-24),"département, bascule D3 ≥ 50 %",cs,4,0.1538107757263789,0.1074432766020018,-0.0567741767945198,0.3643957282472777,0.1522717066523515,96,2592,False," ; contrôle = not_yet_treated ; fenêtre 1998-2024 ; 96 traitées, 0 jamais traitées sur la fenêtre ; ATT(g,t) identifiés jusqu'en 2017 (sans unité jamais traitée, la dernière cohorte sert de contrôle) ; grappes = dep (96)",event,0.0,96.0,0.0,0.0,1998.0,2024.0,1998.0,2017.0,96.0,4.0,reg,1.0,2.0,,,,,,,,,,
h3,H3,H3a,log(mariages de femmes / 1 000 f. 20-24),"département, bascule D3 ≥ 50 %",cs,"ATT[1,4]",0.116605953531875,0.0814269675158547,-0.0429879701695132,0.2761998772332633,0.1521349081420613,96,2592,False," ; contrôle = not_yet_treated ; fenêtre 1998-2024 ; 96 traitées, 0 jamais traitées sur la fenêtre ; ATT(g,t) identifiés jusqu'en 2017 (sans unité jamais traitée, la dernière cohorte sert de contrôle) ; grappes = dep (96) ; écart-type avec covariance complète des coefficients (fonctions d'influence)",post_avg,0.0,96.0,0.0,0.0,1998.0,2024.0,1998.0,2017.0,96.0,4.0,reg,,,,,4.0,,,,,,,
h3,H3,H3a,log(mariages de femmes / 1 000 f. 20-24),"département, bascule D3 ≥ 50 %",cs,ATT,0.070362523379403,0.049313731968007,-0.0262906152211523,0.1670156619799584,0.1536276669183496,96,2592,False," ; contrôle = not_yet_treated ; fenêtre 1998-2024 ; 96 traitées, 0 jamais traitées sur la fenêtre ; ATT(g,t) identifiés jusqu'en 2017 (sans unité jamais traitée, la dernière cohorte sert de contrôle) ; grappes = dep (96) ; moyenne de tous les ATT(g,t) post",simple,0.0,96.0,0.0,0.0,1998.0,2024.0,1998.0,2017.0,96.0,4.0,reg,,,,,,,,,,,,
h3,H3,H3a,log(mariages de femmes / 1 000 f. 20-24),"département, bascule D3 ≥ 50 %",cs,Wald pré (-8..-2),12.365859230852475,,,,0.0891513218173605,96,2592,False,"H5c : test de Wald joint de nullité des coefficients pré avec covariance des fonctions d'influence, df = 7 ; fenêtre 1998-2024 ; 96 traitées, 0 jamais traitées sur la fenêtre",pre_test,0.0,96.0,0.0,0.0,1998.0,2024.0,1998.0,2017.0,96.0,4.0,reg,,,,,,7.0,,,,,,
h3,H3,H3a,log(mariages de femmes / 1 000 f. 20-24),"département, bascule D3 ≥ 50 % ; fenêtre identifiée ≤ 2017, cohorte 2018 = contrôle",twfe,-8,-0.0062121099985569,0.0312975580540595,-0.0675541965885652,0.0551299765914513,0.8426652649038469,96,2592,False," ; fenêtre 1998-2024 ; 96 traitées, 0 jamais traitées sur la fenêtre ; comparaisons sur la fenêtre identifiée (années < 2018, cohorte 2018 recodée contrôle, 7 unités de contrôle) ; cellules −8 et +8 bornées",event,0.0,96.0,0.0,0.0,1998.0,2024.0,,,,,,,,,,,,,,,,,
h3,H3,H3a,log(mariages de femmes / 1 000 f. 20-24),"département, bascule D3 ≥ 50 % ; fenêtre identifiée ≤ 2017, cohorte 2018 = contrôle",twfe,-7,0.0010843078997489,0.0313645662052346,-0.0603891122532331,0.062557728052731,0.9724217378065256,96,2592,False," ; fenêtre 1998-2024 ; 96 traitées, 0 jamais traitées sur la fenêtre ; comparaisons sur la fenêtre identifiée (années < 2018, cohorte 2018 recodée contrôle, 7 unités de contrôle) ; cellules −8 et +8 bornées",event,0.0,96.0,0.0,0.0,1998.0,2024.0,,,,,,,,,,,,,,,,,
h3,H3,H3a,log(mariages de femmes / 1 000 f. 20-24),"département, bascule D3 ≥ 50 % ; fenêtre identifiée ≤ 2017, cohorte 2018 = contrôle",twfe,-6,-0.045070912639038,0.0313005531295577,-0.1064188694691536,0.0162770441910775,0.149884427737883,96,2592,False," ; fenêtre 1998-2024 ; 96 traitées, 0 jamais traitées sur la fenêtre ; comparaisons sur la fenêtre identifiée (années < 2018, cohorte 2018 recodée contrôle, 7 unités de contrôle) ; cellules −8 et +8 bornées",event,0.0,96.0,0.0,0.0,1998.0,2024.0,,,,,,,,,,,,,,,,,
h3,H3,H3a,log(mariages de femmes / 1 000 f. 20-24),"département, bascule D3 ≥ 50 % ; fenêtre identifiée ≤ 2017, cohorte 2018 = contrôle",twfe,-5,-0.0297832031097434,0.0307164090663452,-0.0899862586141796,0.0304198523946926,0.3322366129226506,96,2592,False," ; fenêtre 1998-2024 ; 96 traitées, 0 jamais traitées sur la fenêtre ; comparaisons sur la fenêtre identifiée (années < 2018, cohorte 2018 recodée contrôle, 7 unités de contrôle) ; cellules −8 et +8 bornées",event,0.0,96.0,0.0,0.0,1998.0,2024.0,,,,,,,,,,,,,,,,,
h3,H3,H3a,log(mariages de femmes / 1 000 f. 20-24),"département, bascule D3 ≥ 50 % ; fenêtre identifiée ≤ 2017, cohorte 2018 = contrôle",twfe,-4,-0.0474890031388587,0.027087280736183,-0.1005790978209031,0.0056010915431856,0.0795703274810353,96,2592,False," ; fenêtre 1998-2024 ; 96 traitées, 0 jamais traitées sur la fenêtre ; comparaisons sur la fenêtre identifiée (années < 2018, cohorte 2018 recodée contrôle, 7 unités de contrôle) ; cellules −8 et +8 bornées",event,0.0,96.0,0.0,0.0,1998.0,2024.0,,,,,,,,,,,,,,,,,
h3,H3,H3a,log(mariages de femmes / 1 000 f. 20-24),"département, bascule D3 ≥ 50 % ; fenêtre identifiée ≤ 2017, cohorte 2018 = contrôle",twfe,-3,-0.0310827234765866,0.0219910535648491,-0.0741843964457821,0.0120189494926088,0.1575305507364248,96,2592,False," ; fenêtre 1998-2024 ; 96 traitées, 0 jamais traitées sur la fenêtre ; comparaisons sur la fenêtre identifiée (années < 2018, cohorte 2018 recodée contrôle, 7 unités de contrôle) ; cellules −8 et +8 bornées",event,0.0,96.0,0.0,0.0,1998.0,2024.0,,,,,,,,,,,,,,,,,
h3,H3,H3a,log(mariages de femmes / 1 000 f. 20-24),"département, bascule D3 ≥ 50 % ; fenêtre identifiée ≤ 2017, cohorte 2018 = contrôle",twfe,-2,-0.0270979738843086,0.0167634211283488,-0.0599536755535501,0.0057577277849329,0.1059874953340444,96,2592,False," ; fenêtre 1998-2024 ; 96 traitées, 0 jamais traitées sur la fenêtre ; comparaisons sur la fenêtre identifiée (années < 2018, cohorte 2018 recodée contrôle, 7 unités de contrôle) ; cellules −8 et +8 bornées",event,0.0,96.0,0.0,0.0,1998.0,2024.0,,,,,,,,,,,,,,,,,
h3,H3,H3a,log(mariages de femmes / 1 000 f. 20-24),"département, bascule D3 ≥ 50 % ; fenêtre identifiée ≤ 2017, cohorte 2018 = contrôle",twfe,0,0.0418685396372608,0.0191478436643045,0.0043394556736204,0.0793976236009011,0.0287722537166164,96,2592,False," ; fenêtre 1998-2024 ; 96 traitées, 0 jamais traitées sur la fenêtre ; comparaisons sur la fenêtre identifiée (années < 2018, cohorte 2018 recodée contrôle, 7 unités de contrôle) ; cellules −8 et +8 bornées",event,0.0,96.0,0.0,0.0,1998.0,2024.0,,,,,,,,,,,,,,,,,
h3,H3,H3a,log(mariages de femmes / 1 000 f. 20-24),"département, bascule D3 ≥ 50 % ; fenêtre identifiée ≤ 2017, cohorte 2018 = contrôle",twfe,1,0.0905819151779109,0.029925966900669,0.0319280978500619,0.1492357325057599,0.0024710283235986,96,2592,False," ; fenêtre 1998-2024 ; 96 traitées, 0 jamais traitées sur la fenêtre ; comparaisons sur la fenêtre identifiée (années < 2018, cohorte 2018 recodée contrôle, 7 unités de contrôle) ; cellules −8 et +8 bornées",event,0.0,96.0,0.0,0.0,1998.0,2024.0,,,,,,,,,,,,,,,,,
h3,H3,H3a,log(mariages de femmes / 1 000 f. 20-24),"département, bascule D3 ≥ 50 % ; fenêtre identifiée ≤ 2017, cohorte 2018 = contrôle",twfe,2,0.1330638723769603,0.0429087233654074,0.0489643199581695,0.2171634247957511,0.0019280877611906,96,2592,False," ; fenêtre 1998-2024 ; 96 traitées, 0 jamais traitées sur la fenêtre ; comparaisons sur la fenêtre identifiée (années < 2018, cohorte 2018 recodée contrôle, 7 unités de contrôle) ; cellules −8 et +8 bornées",event,0.0,96.0,0.0,0.0,1998.0,2024.0,,,,,,,,,,,,,,,,,
h3,H3,H3a,log(mariages de femmes / 1 000 f. 20-24),"département, bascule D3 ≥ 50 % ; fenêtre identifiée ≤ 2017, cohorte 2018 = contrôle",twfe,3,0.2088829042397853,0.0612379931244088,0.0888586432304326,0.3289071652491381,0.0006472466629523,96,2592,False," ; fenêtre 1998-2024 ; 96 traitées, 0 jamais traitées sur la fenêtre ; comparaisons sur la fenêtre identifiée (années < 2018, cohorte 2018 recodée contrôle, 7 unités de contrôle) ; cellules −8 et +8 bornées",event,0.0,96.0,0.0,0.0,1998.0,2024.0,,,,,,,,,,,,,,,,,
h3,H3,H3a,log(mariages de femmes / 1 000 f. 20-24),"département, bascule D3 ≥ 50 % ; fenêtre identifiée ≤ 2017, cohorte 2018 = contrôle",twfe,4,0.1846868504983047,0.130081114239569,-0.0702674484800909,0.4396411494767004,0.1556710987174748,96,2592,False," ; fenêtre 1998-2024 ; 96 traitées, 0 jamais traitées sur la fenêtre ; comparaisons sur la fenêtre identifiée (années < 2018, cohorte 2018 recodée contrôle, 7 unités de contrôle) ; cellules −8 et +8 bornées",event,0.0,96.0,0.0,0.0,1998.0,2024.0,,,,,,,,,,,,,,,,,
h3,H3,H3a,log(mariages de femmes / 1 000 f. 20-24),"département, bascule D3 ≥ 50 % ; fenêtre identifiée ≤ 2017, cohorte 2018 = contrôle",twfe,"ATT[1,4]",0.1543038855732403,0.0563957444814611,0.043770257508253,0.2648375136382276,0.0062173841133761,96,2592,False," ; fenêtre 1998-2024 ; 96 traitées, 0 jamais traitées sur la fenêtre ; comparaisons sur la fenêtre identifiée (années < 2018, cohorte 2018 recodée contrôle, 7 unités de contrôle) ; écart-type avec covariance complète (w'Vw)",post_avg,0.0,96.0,0.0,0.0,1998.0,2024.0,,,,,,,,,,,,,,,,,
h3,H3,H3a,log(mariages de femmes / 1 000 f. 20-24),"département, bascule D3 ≥ 50 % ; fenêtre identifiée ≤ 2017, cohorte 2018 = contrôle",twfe,Wald pré (-8..−2),21.20177964587359,,,,0.0034827074202283,96,2592,False,"test de Wald joint, covariance groupée, df = 7 ; fenêtre 1998-2024 ; 96 traitées, 0 jamais traitées sur la fenêtre",pre_test,0.0,96.0,0.0,0.0,1998.0,2024.0,,,,,,,,,,,7.0,,,,,,
h3,H3,H3a,log(mariages de femmes / 1 000 f. 20-24),"département, bascule D3 ≥ 50 % ; fenêtre identifiée ≤ 2017, cohorte 2018 = contrôle",twfe,ATT,0.0812125597153706,0.02447829442689,0.0332359842356986,0.1291891351950426,0.0009074966938438,96,2592,False," ; fenêtre 1998-2024 ; 96 traitées, 0 jamais traitées sur la fenêtre ; comparaisons sur la fenêtre identifiée (années < 2018, cohorte 2018 recodée contrôle, 7 unités de contrôle)",static,0.0,96.0,0.0,0.0,1998.0,2024.0,,,,,,,,,,,,,,,,,
h3,H3,H3a,log(mariages de femmes / 1 000 f. 20-24),"département, bascule D3 ≥ 50 % ; fenêtre complète",twfe,ATT,0.0319947975095644,0.0183748238606932,-0.0040191954796616,0.0680087904987904,0.0816432424195306,96,2592,True," ; fenêtre 1998-2024 ; 96 traitées, 0 jamais traitées sur la fenêtre ; TWFE sur toutes les années (identification par le calendrier des bascules seulement)",static,0.0,96.0,0.0,0.0,1998.0,2024.0,,,,,,,,,,,,,,,,,
h3,H3,H3a,log(mariages de femmes / 1 000 f. 20-24),"département, bascule D3 ≥ 50 % ; fenêtre identifiée ≤ 2017, cohorte 2018 = contrôle",twfe_poisson,ATT (log du taux contrefactuel),0.0848154591641666,0.0386595027820402,0.0090442260511417,0.1605866922771915,0.0282419000343297,96,2592,False," ; fenêtre 1998-2024 ; 96 traitées, 0 jamais traitées sur la fenêtre ; comparaisons sur la fenêtre identifiée (années < 2018, cohorte 2018 recodée contrôle, 7 unités de contrôle) ; Poisson à effets fixes, offset = log(women)",static,0.0,96.0,0.0,0.0,1998.0,2024.0,,,,,,,,,,,,,,,,,
h3,H3,H3a,log(mariages de femmes / 1 000 f. 20-24),"département, bascule D3 ≥ 50 % ; fenêtre identifiée ≤ 2017, cohorte 2018 = contrôle",twfe_poisson,ATT en % du taux contrefactuel,8.851617247808786,4.208149399821243,0.908524803973454,17.41995634641269,0.0282419000343297,96,2592,False," ; fenêtre 1998-2024 ; 96 traitées, 0 jamais traitées sur la fenêtre ; comparaisons sur la fenêtre identifiée (années < 2018, cohorte 2018 recodée contrôle, 7 unités de contrôle) ; Poisson à effets fixes, offset = log(women)",static,0.0,96.0,0.0,0.0,1998.0,2024.0,,,,,,,,,,,,,,,,,
h3,H3,H3a,log(mariages de femmes / 1 000 f. 25-29),"département, bascule D3 ≥ 50 %",cs,-8,-0.0191667314783787,0.0160711559036123,-0.0506656182393873,0.0123321552826298,0.2330194600414455,96,2592,False," ; contrôle = not_yet_treated ; fenêtre 1998-2024 ; 96 traitées, 0 jamais traitées sur la fenêtre ; ATT(g,t) identifiés jusqu'en 2017 (sans unité jamais traitée, la dernière cohorte sert de contrôle) ; grappes = dep (96)",event,0.0,96.0,0.0,0.0,1998.0,2024.0,1998.0,2017.0,96.0,4.0,reg,5.0,89.0,,,,,,,,,,
h3,H3,H3a,log(mariages de femmes / 1 000 f. 25-29),"département, bascule D3 ≥ 50 %",cs,-7,-0.0331082283633919,0.0173153179242519,-0.0670456278757866,0.0008291711490027,0.0558662650184689,96,2592,False," ; contrôle = not_yet_treated ; fenêtre 1998-2024 ; 96 traitées, 0 jamais traitées sur la fenêtre ; ATT(g,t) identifiés jusqu'en 2017 (sans unité jamais traitée, la dernière cohorte sert de contrôle) ; grappes = dep (96)",event,0.0,96.0,0.0,0.0,1998.0,2024.0,1998.0,2017.0,96.0,4.0,reg,5.0,89.0,,,,,,,,,,
h3,H3,H3a,log(mariages de femmes / 1 000 f. 25-29),"département, bascule D3 ≥ 50 %",cs,-6,-0.0094904697502209,0.0193735134655241,-0.04746185839665,0.0284809188962082,0.6242271090298228,96,2592,False," ; contrôle = not_yet_treated ; fenêtre 1998-2024 ; 96 traitées, 0 jamais traitées sur la fenêtre ; ATT(g,t) identifiés jusqu'en 2017 (sans unité jamais traitée, la dernière cohorte sert de contrôle) ; grappes = dep (96)",event,0.0,96.0,0.0,0.0,1998.0,2024.0,1998.0,2017.0,96.0,4.0,reg,5.0,89.0,,,,,,,,,,
h3,H3,H3a,log(mariages de femmes / 1 000 f. 25-29),"département, bascule D3 ≥ 50 %",cs,-5,-0.0116929941709356,0.0174397020330144,-0.0458741820567538,0.0224881937148826,0.5025510203657289,96,2592,False," ; contrôle = not_yet_treated ; fenêtre 1998-2024 ; 96 traitées, 0 jamais traitées sur la fenêtre ; ATT(g,t) identifiés jusqu'en 2017 (sans unité jamais traitée, la dernière cohorte sert de contrôle) ; grappes = dep (96)",event,0.0,96.0,0.0,0.0,1998.0,2024.0,1998.0,2017.0,96.0,4.0,reg,5.0,89.0,,,,,,,,,,
h3,H3,H3a,log(mariages de femmes / 1 000 f. 25-29),"département, bascule D3 ≥ 50 %",cs,-4,-0.0141725450634392,0.0160615496580386,-0.0456526039290965,0.017307513802218,0.377566134752607,96,2592,False," ; contrôle = not_yet_treated ; fenêtre 1998-2024 ; 96 traitées, 0 jamais traitées sur la fenêtre ; ATT(g,t) identifiés jusqu'en 2017 (sans unité jamais traitée, la dernière cohorte sert de contrôle) ; grappes = dep (96)",event,0.0,96.0,0.0,0.0,1998.0,2024.0,1998.0,2017.0,96.0,4.0,reg,5.0,89.0,,,,,,,,,,
h3,H3,H3a,log(mariages de femmes / 1 000 f. 25-29),"département, bascule D3 ≥ 50 %",cs,-3,-0.0338910872359384,0.0156703262184767,-0.0646043622501466,-0.0031778122217303,0.0305599750716215,96,2592,False," ; contrôle = not_yet_treated ; fenêtre 1998-2024 ; 96 traitées, 0 jamais traitées sur la fenêtre ; ATT(g,t) identifiés jusqu'en 2017 (sans unité jamais traitée, la dernière cohorte sert de contrôle) ; grappes = dep (96)",event,0.0,96.0,0.0,0.0,1998.0,2024.0,1998.0,2017.0,96.0,4.0,reg,5.0,89.0,,,,,,,,,,
h3,H3,H3a,log(mariages de femmes / 1 000 f. 25-29),"département, bascule D3 ≥ 50 %",cs,-2,-0.0315766207869031,0.0144088861880884,-0.0598175187728932,-0.0033357228009131,0.0284179038835698,96,2592,False," ; contrôle = not_yet_treated ; fenêtre 1998-2024 ; 96 traitées, 0 jamais traitées sur la fenêtre ; ATT(g,t) identifiés jusqu'en 2017 (sans unité jamais traitée, la dernière cohorte sert de contrôle) ; grappes = dep (96)",event,0.0,96.0,0.0,0.0,1998.0,2024.0,1998.0,2017.0,96.0,4.0,reg,5.0,89.0,,,,,,,,,,
h3,H3,H3a,log(mariages de femmes / 1 000 f. 25-29),"département, bascule D3 ≥ 50 %",cs,0,-0.015731965062125,0.0124435195648606,-0.0401208152501713,0.0086568851259213,0.2061332320585054,96,2592,False," ; contrôle = not_yet_treated ; fenêtre 1998-2024 ; 96 traitées, 0 jamais traitées sur la fenêtre ; ATT(g,t) identifiés jusqu'en 2017 (sans unité jamais traitée, la dernière cohorte sert de contrôle) ; grappes = dep (96)",event,0.0,96.0,0.0,0.0,1998.0,2024.0,1998.0,2017.0,96.0,4.0,reg,5.0,89.0,,,,,,,,,,
h3,H3,H3a,log(mariages de femmes / 1 000 f. 25-29),"département, bascule D3 ≥ 50 %",cs,1,-0.0101421257117944,0.0198340269108924,-0.0490161041255419,0.0287318527019529,0.6091061389177062,96,2592,False," ; contrôle = not_yet_treated ; fenêtre 1998-2024 ; 96 traitées, 0 jamais traitées sur la fenêtre ; ATT(g,t) identifiés jusqu'en 2017 (sans unité jamais traitée, la dernière cohorte sert de contrôle) ; grappes = dep (96)",event,0.0,96.0,0.0,0.0,1998.0,2024.0,1998.0,2017.0,96.0,4.0,reg,4.0,74.0,,,,,,,,,,
h3,H3,H3a,log(mariages de femmes / 1 000 f. 25-29),"département, bascule D3 ≥ 50 %",cs,2,0.0422210958422212,0.0320238841793971,-0.0205445637944791,0.1049867554789217,0.1873613501842352,96,2592,False," ; contrôle = not_yet_treated ; fenêtre 1998-2024 ; 96 traitées, 0 jamais traitées sur la fenêtre ; ATT(g,t) identifiés jusqu'en 2017 (sans unité jamais traitée, la dernière cohorte sert de contrôle) ; grappes = dep (96)",event,0.0,96.0,0.0,0.0,1998.0,2024.0,1998.0,2017.0,96.0,4.0,reg,3.0,51.0,,,,,,,,,,
h3,H3,H3a,log(mariages de femmes / 1 000 f. 25-29),"département, bascule D3 ≥ 50 %",cs,3,-0.0420107240351026,0.0476948994325649,-0.1354910091691898,0.0514695610989844,0.3784140870887676,96,2592,False," ; contrôle = not_yet_treated ; fenêtre 1998-2024 ; 96 traitées, 0 jamais traitées sur la fenêtre ; ATT(g,t) identifiés jusqu'en 2017 (sans unité jamais traitée, la dernière cohorte sert de contrôle) ; grappes = dep (96)",event,0.0,96.0,0.0,0.0,1998.0,2024.0,1998.0,2017.0,96.0,4.0,reg,2.0,35.0,,,,,,,,,,
h3,H3,H3a,log(mariages de femmes / 1 000 f. 25-29),"département, bascule D3 ≥ 50 %",cs,4,-0.0011914024894177,0.0376471582227863,-0.0749784767263599,0.0725956717475244,0.9747539243638448,96,2592,False," ; contrôle = not_yet_treated ; fenêtre 1998-2024 ; 96 traitées, 0 jamais traitées sur la fenêtre ; ATT(g,t) identifiés jusqu'en 2017 (sans unité jamais traitée, la dernière cohorte sert de contrôle) ; grappes = dep (96)",event,0.0,96.0,0.0,0.0,1998.0,2024.0,1998.0,2017.0,96.0,4.0,reg,1.0,2.0,,,,,,,,,,
h3,H3,H3a,log(mariages de femmes / 1 000 f. 25-29),"département, bascule D3 ≥ 50 %",cs,"ATT[1,4]",-0.0027807890985234,0.0187154627642183,-0.0394624220703918,0.033900843873345,0.8818831310805155,96,2592,False," ; contrôle = not_yet_treated ; fenêtre 1998-2024 ; 96 traitées, 0 jamais traitées sur la fenêtre ; ATT(g,t) identifiés jusqu'en 2017 (sans unité jamais traitée, la dernière cohorte sert de contrôle) ; grappes = dep (96) ; écart-type avec covariance complète des coefficients (fonctions d'influence)",post_avg,0.0,96.0,0.0,0.0,1998.0,2024.0,1998.0,2017.0,96.0,4.0,reg,,,,,4.0,,,,,,,
h3,H3,H3a,log(mariages de femmes / 1 000 f. 25-29),"département, bascule D3 ≥ 50 %",cs,ATT,-0.0058571492089882,0.0174816485667263,-0.0401205507901582,0.0284062523721816,0.7375906979604958,96,2592,False," ; contrôle = not_yet_treated ; fenêtre 1998-2024 ; 96 traitées, 0 jamais traitées sur la fenêtre ; ATT(g,t) identifiés jusqu'en 2017 (sans unité jamais traitée, la dernière cohorte sert de contrôle) ; grappes = dep (96) ; moyenne de tous les ATT(g,t) post",simple,0.0,96.0,0.0,0.0,1998.0,2024.0,1998.0,2017.0,96.0,4.0,reg,,,,,,,,,,,,
h3,H3,H3a,log(mariages de femmes / 1 000 f. 25-29),"département, bascule D3 ≥ 50 %",cs,Wald pré (-8..-2),13.224191098470984,,,,0.0668307984439188,96,2592,False,"H5c : test de Wald joint de nullité des coefficients pré avec covariance des fonctions d'influence, df = 7 ; fenêtre 1998-2024 ; 96 traitées, 0 jamais traitées sur la fenêtre",pre_test,0.0,96.0,0.0,0.0,1998.0,2024.0,1998.0,2017.0,96.0,4.0,reg,,,,,,7.0,,,,,,
h3,H3,H3a,log(mariages de femmes / 1 000 f. 25-29),"département, bascule D3 ≥ 50 % ; fenêtre identifiée ≤ 2017, cohorte 2018 = contrôle",twfe,-8,0.002070698544088,0.0227344121385286,-0.0424879304571183,0.0466293275452944,0.9274273366253426,96,2592,False," ; fenêtre 1998-2024 ; 96 traitées, 0 jamais traitées sur la fenêtre ; comparaisons sur la fenêtre identifiée (années < 2018, cohorte 2018 recodée contrôle, 7 unités de contrôle) ; cellules −8 et +8 bornées",event,0.0,96.0,0.0,0.0,1998.0,2024.0,,,,,,,,,,,,,,,,,
h3,H3,H3a,log(mariages de femmes / 1 000 f. 25-29),"département, bascule D3 ≥ 50 % ; fenêtre identifiée ≤ 2017, cohorte 2018 = contrôle",twfe,-7,-0.0216464412572887,0.0205944117644874,-0.062010746598472,0.0187178640838946,0.2932203561430982,96,2592,False," ; fenêtre 1998-2024 ; 96 traitées, 0 jamais traitées sur la fenêtre ; comparaisons sur la fenêtre identifiée (années < 2018, cohorte 2018 recodée contrôle, 7 unités de contrôle) ; cellules −8 et +8 bornées",event,0.0,96.0,0.0,0.0,1998.0,2024.0,,,,,,,,,,,,,,,,,
h3,H3,H3a,log(mariages de femmes / 1 000 f. 25-29),"département, bascule D3 ≥ 50 % ; fenêtre identifiée ≤ 2017, cohorte 2018 = contrôle",twfe,-6,-0.0049474866470064,0.0207079900388133,-0.0455344013152947,0.0356394280212818,0.8111701007640012,96,2592,False," ; fenêtre 1998-2024 ; 96 traitées, 0 jamais traitées sur la fenêtre ; comparaisons sur la fenêtre identifiée (années < 2018, cohorte 2018 recodée contrôle, 7 unités de contrôle) ; cellules −8 et +8 bornées",event,0.0,96.0,0.0,0.0,1998.0,2024.0,,,,,,,,,,,,,,,,,
h3,H3,H3a,log(mariages de femmes / 1 000 f. 25-29),"département, bascule D3 ≥ 50 % ; fenêtre identifiée ≤ 2017, cohorte 2018 = contrôle",twfe,-5,0.003530885969064,0.0185122714842933,-0.0327524994121787,0.0398142713503068,0.8487354224438283,96,2592,False," ; fenêtre 1998-2024 ; 96 traitées, 0 jamais traitées sur la fenêtre ; comparaisons sur la fenêtre identifiée (années < 2018, cohorte 2018 recodée contrôle, 7 unités de contrôle) ; cellules −8 et +8 bornées",event,0.0,96.0,0.0,0.0,1998.0,2024.0,,,,,,,,,,,,,,,,,
h3,H3,H3a,log(mariages de femmes / 1 000 f. 25-29),"département, bascule D3 ≥ 50 % ; fenêtre identifiée ≤ 2017, cohorte 2018 = contrôle",twfe,-4,-0.0025908564396379,0.0162715772705798,-0.0344825618616349,0.029300848982359,0.8734909035511425,96,2592,False," ; fenêtre 1998-2024 ; 96 traitées, 0 jamais traitées sur la fenêtre ; comparaisons sur la fenêtre identifiée (années < 2018, cohorte 2018 recodée contrôle, 7 unités de contrôle) ; cellules −8 et +8 bornées",event,0.0,96.0,0.0,0.0,1998.0,2024.0,,,,,,,,,,,,,,,,,
h3,H3,H3a,log(mariages de femmes / 1 000 f. 25-29),"département, bascule D3 ≥ 50 % ; fenêtre identifiée ≤ 2017, cohorte 2018 = contrôle",twfe,-3,-0.0124349473317008,0.0118766630263914,-0.0357127791199465,0.0108428844565448,0.2950964271305863,96,2592,False," ; fenêtre 1998-2024 ; 96 traitées, 0 jamais traitées sur la fenêtre ; comparaisons sur la fenêtre identifiée (années < 2018, cohorte 2018 recodée contrôle, 7 unités de contrôle) ; cellules −8 et +8 bornées",event,0.0,96.0,0.0,0.0,1998.0,2024.0,,,,,,,,,,,,,,,,,
h3,H3,H3a,log(mariages de femmes / 1 000 f. 25-29),"département, bascule D3 ≥ 50 % ; fenêtre identifiée ≤ 2017, cohorte 2018 = contrôle",twfe,-2,-0.0158031484243945,0.0096083688971446,-0.0346352054129729,0.0030289085641838,0.1000260218770011,96,2592,False," ; fenêtre 1998-2024 ; 96 traitées, 0 jamais traitées sur la fenêtre ; comparaisons sur la fenêtre identifiée (années < 2018, cohorte 2018 recodée contrôle, 7 unités de contrôle) ; cellules −8 et +8 bornées",event,0.0,96.0,0.0,0.0,1998.0,2024.0,,,,,,,,,,,,,,,,,
h3,H3,H3a,log(mariages de femmes / 1 000 f. 25-29),"département, bascule D3 ≥ 50 % ; fenêtre identifiée ≤ 2017, cohorte 2018 = contrôle",twfe,0,0.0032187058914857,0.0089631266389434,-0.0143486995097149,0.0207861112926864,0.71951634935227,96,2592,False," ; fenêtre 1998-2024 ; 96 traitées, 0 jamais traitées sur la fenêtre ; comparaisons sur la fenêtre identifiée (années < 2018, cohorte 2018 recodée contrôle, 7 unités de contrôle) ; cellules −8 et +8 bornées",event,0.0,96.0,0.0,0.0,1998.0,2024.0,,,,,,,,,,,,,,,,,
h3,H3,H3a,log(mariages de femmes / 1 000 f. 25-29),"département, bascule D3 ≥ 50 % ; fenêtre identifiée ≤ 2017, cohorte 2018 = contrôle",twfe,1,0.0122840990985226,0.0159510025951294,-0.0189792915052359,0.0435474897022813,0.441231949061549,96,2592,False," ; fenêtre 1998-2024 ; 96 traitées, 0 jamais traitées sur la fenêtre ; comparaisons sur la fenêtre identifiée (années < 2018, cohorte 2018 recodée contrôle, 7 unités de contrôle) ; cellules −8 et +8 bornées",event,0.0,96.0,0.0,0.0,1998.0,2024.0,,,,,,,,,,,,,,,,,
h3,H3,H3a,log(mariages de femmes / 1 000 f. 25-29),"département, bascule D3 ≥ 50 % ; fenêtre identifiée ≤ 2017, cohorte 2018 = contrôle",twfe,2,0.0363586523372018,0.0209672615962695,-0.0047364252459162,0.0774537299203199,0.0829060612051453,96,2592,False," ; fenêtre 1998-2024 ; 96 traitées, 0 jamais traitées sur la fenêtre ; comparaisons sur la fenêtre identifiée (années < 2018, cohorte 2018 recodée contrôle, 7 unités de contrôle) ; cellules −8 et +8 bornées",event,0.0,96.0,0.0,0.0,1998.0,2024.0,,,,,,,,,,,,,,,,,
h3,H3,H3a,log(mariages de femmes / 1 000 f. 25-29),"département, bascule D3 ≥ 50 % ; fenêtre identifiée ≤ 2017, cohorte 2018 = contrôle",twfe,3,0.0529450259545766,0.0299511256324765,-0.0057581015815117,0.1116481534906651,0.0771087179358613,96,2592,False," ; fenêtre 1998-2024 ; 96 traitées, 0 jamais traitées sur la fenêtre ; comparaisons sur la fenêtre identifiée (années < 2018, cohorte 2018 recodée contrôle, 7 unités de contrôle) ; cellules −8 et +8 bornées",event,0.0,96.0,0.0,0.0,1998.0,2024.0,,,,,,,,,,,,,,,,,
h3,H3,H3a,log(mariages de femmes / 1 000 f. 25-29),"département, bascule D3 ≥ 50 % ; fenêtre identifiée ≤ 2017, cohorte 2018 = contrôle",twfe,4,0.0516223913406066,0.0255671321675923,0.0015117331041502,0.1017330495770631,0.0434776609765878,96,2592,False," ; fenêtre 1998-2024 ; 96 traitées, 0 jamais traitées sur la fenêtre ; comparaisons sur la fenêtre identifiée (années < 2018, cohorte 2018 recodée contrôle, 7 unités de contrôle) ; cellules −8 et +8 bornées",event,0.0,96.0,0.0,0.0,1998.0,2024.0,,,,,,,,,,,,,,,,,
h3,H3,H3a,log(mariages de femmes / 1 000 f. 25-29),"département, bascule D3 ≥ 50 % ; fenêtre identifiée ≤ 2017, cohorte 2018 = contrôle",twfe,"ATT[1,4]",0.0383025421827269,0.02128981778635,-0.0034247339159393,0.0800298182813933,0.0720026333482947,96,2592,False," ; fenêtre 1998-2024 ; 96 traitées, 0 jamais traitées sur la fenêtre ; comparaisons sur la fenêtre identifiée (années < 2018, cohorte 2018 recodée contrôle, 7 unités de contrôle) ; écart-type avec covariance complète (w'Vw)",post_avg,0.0,96.0,0.0,0.0,1998.0,2024.0,,,,,,,,,,,,,,,,,
h3,H3,H3a,log(mariages de femmes / 1 000 f. 25-29),"département, bascule D3 ≥ 50 % ; fenêtre identifiée ≤ 2017, cohorte 2018 = contrôle",twfe,Wald pré (-8..−2),18.125454750680127,,,,0.0114166167239486,96,2592,False,"test de Wald joint, covariance groupée, df = 7 ; fenêtre 1998-2024 ; 96 traitées, 0 jamais traitées sur la fenêtre",pre_test,0.0,96.0,0.0,0.0,1998.0,2024.0,,,,,,,,,,,7.0,,,,,,
h3,H3,H3a,log(mariages de femmes / 1 000 f. 25-29),"département, bascule D3 ≥ 50 % ; fenêtre identifiée ≤ 2017, cohorte 2018 = contrôle",twfe,ATT,0.015948133735897,0.0124823219563961,-0.0085167677420728,0.040413035213867,0.2013701751414192,96,2592,False," ; fenêtre 1998-2024 ; 96 traitées, 0 jamais traitées sur la fenêtre ; comparaisons sur la fenêtre identifiée (années < 2018, cohorte 2018 recodée contrôle, 7 unités de contrôle)",static,0.0,96.0,0.0,0.0,1998.0,2024.0,,,,,,,,,,,,,,,,,
h3,H3,H3a,log(mariages de femmes / 1 000 f. 25-29),"département, bascule D3 ≥ 50 % ; fenêtre complète",twfe,ATT,0.0130543106255666,0.009968609507647,-0.0064838049853651,0.0325924262364984,0.1903508954248718,96,2592,True," ; fenêtre 1998-2024 ; 96 traitées, 0 jamais traitées sur la fenêtre ; TWFE sur toutes les années (identification par le calendrier des bascules seulement)",static,0.0,96.0,0.0,0.0,1998.0,2024.0,,,,,,,,,,,,,,,,,
h3,H3,H3a,log(mariages de femmes / 1 000 f. 25-29),"département, bascule D3 ≥ 50 % ; fenêtre identifiée ≤ 2017, cohorte 2018 = contrôle",twfe_poisson,ATT (log du taux contrefactuel),0.0374117789869207,0.0109096841010338,0.0160291910661852,0.0587943669076562,0.0006053039155548,96,2592,False," ; fenêtre 1998-2024 ; 96 traitées, 0 jamais traitées sur la fenêtre ; comparaisons sur la fenêtre identifiée (années < 2018, cohorte 2018 recodée contrôle, 7 unités de contrôle) ; Poisson à effets fixes, offset = log(women)",static,0.0,96.0,0.0,0.0,1998.0,2024.0,,,,,,,,,,,,,,,,,
h3,H3,H3a,log(mariages de femmes / 1 000 f. 25-29),"département, bascule D3 ≥ 50 % ; fenêtre identifiée ≤ 2017, cohorte 2018 = contrôle",twfe_poisson,ATT en % du taux contrefactuel,3.812040900770719,1.1325565721110114,1.6158347547349905,6.055713285188746,0.0006053039155548,96,2592,False," ; fenêtre 1998-2024 ; 96 traitées, 0 jamais traitées sur la fenêtre ; comparaisons sur la fenêtre identifiée (années < 2018, cohorte 2018 recodée contrôle, 7 unités de contrôle) ; Poisson à effets fixes, offset = log(women)",static,0.0,96.0,0.0,0.0,1998.0,2024.0,,,,,,,,,,,,,,,,,
h3,H3,H3a,log(mariages de femmes / 1 000 f. 30-34),"département, bascule D3 ≥ 50 %",cs,-8,0.0192280067577026,0.0212239038376636,-0.0223700803754594,0.0608260938908647,0.3649570536301271,96,2592,False," ; contrôle = not_yet_treated ; fenêtre 1998-2024 ; 96 traitées, 0 jamais traitées sur la fenêtre ; ATT(g,t) identifiés jusqu'en 2017 (sans unité jamais traitée, la dernière cohorte sert de contrôle) ; grappes = dep (96)",event,0.0,96.0,0.0,0.0,1998.0,2024.0,1998.0,2017.0,96.0,4.0,reg,5.0,89.0,,,,,,,,,,
h3,H3,H3a,log(mariages de femmes / 1 000 f. 30-34),"département, bascule D3 ≥ 50 %",cs,-7,0.028107982432698,0.023851133777257,-0.0186393807611726,0.0748553456265686,0.2386069999891179,96,2592,False," ; contrôle = not_yet_treated ; fenêtre 1998-2024 ; 96 traitées, 0 jamais traitées sur la fenêtre ; ATT(g,t) identifiés jusqu'en 2017 (sans unité jamais traitée, la dernière cohorte sert de contrôle) ; grappes = dep (96)",event,0.0,96.0,0.0,0.0,1998.0,2024.0,1998.0,2017.0,96.0,4.0,reg,5.0,89.0,,,,,,,,,,
h3,H3,H3a,log(mariages de femmes / 1 000 f. 30-34),"département, bascule D3 ≥ 50 %",cs,-6,0.01298280615653,0.0251776670338172,-0.0363645144444932,0.0623301267575533,0.6061004870653666,96,2592,False," ; contrôle = not_yet_treated ; fenêtre 1998-2024 ; 96 traitées, 0 jamais traitées sur la fenêtre ; ATT(g,t) identifiés jusqu'en 2017 (sans unité jamais traitée, la dernière cohorte sert de contrôle) ; grappes = dep (96)",event,0.0,96.0,0.0,0.0,1998.0,2024.0,1998.0,2017.0,96.0,4.0,reg,5.0,89.0,,,,,,,,,,
h3,H3,H3a,log(mariages de femmes / 1 000 f. 30-34),"département, bascule D3 ≥ 50 %",cs,-5,0.0174034535342601,0.0205112217615129,-0.0227978023972193,0.0576047094657397,0.3961682066387888,96,2592,False," ; contrôle = not_yet_treated ; fenêtre 1998-2024 ; 96 traitées, 0 jamais traitées sur la fenêtre ; ATT(g,t) identifiés jusqu'en 2017 (sans unité jamais traitée, la dernière cohorte sert de contrôle) ; grappes = dep (96)",event,0.0,96.0,0.0,0.0,1998.0,2024.0,1998.0,2017.0,96.0,4.0,reg,5.0,89.0,,,,,,,,,,
h3,H3,H3a,log(mariages de femmes / 1 000 f. 30-34),"département, bascule D3 ≥ 50 %",cs,-4,-0.0003891159469971,0.0185174324721801,-0.0366826166786227,0.0359043847846283,0.983234891791818,96,2592,False," ; contrôle = not_yet_treated ; fenêtre 1998-2024 ; 96 traitées, 0 jamais traitées sur la fenêtre ; ATT(g,t) identifiés jusqu'en 2017 (sans unité jamais traitée, la dernière cohorte sert de contrôle) ; grappes = dep (96)",event,0.0,96.0,0.0,0.0,1998.0,2024.0,1998.0,2017.0,96.0,4.0,reg,5.0,89.0,,,,,,,,,,
h3,H3,H3a,log(mariages de femmes / 1 000 f. 30-34),"département, bascule D3 ≥ 50 %",cs,-3,-0.0196413019504002,0.0170737439720763,-0.0531052252169277,0.0138226213161271,0.2499871923300052,96,2592,False," ; contrôle = not_yet_treated ; fenêtre 1998-2024 ; 96 traitées, 0 jamais traitées sur la fenêtre ; ATT(g,t) identifiés jusqu'en 2017 (sans unité jamais traitée, la dernière cohorte sert de contrôle) ; grappes = dep (96)",event,0.0,96.0,0.0,0.0,1998.0,2024.0,1998.0,2017.0,96.0,4.0,reg,5.0,89.0,,,,,,,,,,
h3,H3,H3a,log(mariages de femmes / 1 000 f. 30-34),"département, bascule D3 ≥ 50 %",cs,-2,-0.0102625352008795,0.0169886253375825,-0.0435596290093859,0.0230345586076269,0.5457886397132707,96,2592,False," ; contrôle = not_yet_treated ; fenêtre 1998-2024 ; 96 traitées, 0 jamais traitées sur la fenêtre ; ATT(g,t) identifiés jusqu'en 2017 (sans unité jamais traitée, la dernière cohorte sert de contrôle) ; grappes = dep (96)",event,0.0,96.0,0.0,0.0,1998.0,2024.0,1998.0,2017.0,96.0,4.0,reg,5.0,89.0,,,,,,,,,,
h3,H3,H3a,log(mariages de femmes / 1 000 f. 30-34),"département, bascule D3 ≥ 50 %",cs,0,0.0005193243519338,0.0193587400666071,-0.0374231089646886,0.0384617576685564,0.9785982358848124,96,2592,False," ; contrôle = not_yet_treated ; fenêtre 1998-2024 ; 96 traitées, 0 jamais traitées sur la fenêtre ; ATT(g,t) identifiés jusqu'en 2017 (sans unité jamais traitée, la dernière cohorte sert de contrôle) ; grappes = dep (96)",event,0.0,96.0,0.0,0.0,1998.0,2024.0,1998.0,2017.0,96.0,4.0,reg,5.0,89.0,,,,,,,,,,
h3,H3,H3a,log(mariages de femmes / 1 000 f. 30-34),"département, bascule D3 ≥ 50 %",cs,1,0.0493376775520653,0.0216960690491604,0.0068141636096166,0.091861191494514,0.0229637238082539,96,2592,False," ; contrôle = not_yet_treated ; fenêtre 1998-2024 ; 96 traitées, 0 jamais traitées sur la fenêtre ; ATT(g,t) identifiés jusqu'en 2017 (sans unité jamais traitée, la dernière cohorte sert de contrôle) ; grappes = dep (96)",event,0.0,96.0,0.0,0.0,1998.0,2024.0,1998.0,2017.0,96.0,4.0,reg,4.0,74.0,,,,,,,,,,
h3,H3,H3a,log(mariages de femmes / 1 000 f. 30-34),"département, bascule D3 ≥ 50 %",cs,2,0.0877419493571486,0.0236076007786609,0.0414719020695733,0.1340119966447238,0.0002018560957135,96,2592,False," ; contrôle = not_yet_treated ; fenêtre 1998-2024 ; 96 traitées, 0 jamais traitées sur la fenêtre ; ATT(g,t) identifiés jusqu'en 2017 (sans unité jamais traitée, la dernière cohorte sert de contrôle) ; grappes = dep (96)",event,0.0,96.0,0.0,0.0,1998.0,2024.0,1998.0,2017.0,96.0,4.0,reg,3.0,51.0,,,,,,,,,,
h3,H3,H3a,log(mariages de femmes / 1 000 f. 30-34),"département, bascule D3 ≥ 50 %",cs,3,0.1062303138295855,0.0565424108164253,-0.0045907749696761,0.2170514026288472,0.0602755941866223,96,2592,False," ; contrôle = not_yet_treated ; fenêtre 1998-2024 ; 96 traitées, 0 jamais traitées sur la fenêtre ; ATT(g,t) identifiés jusqu'en 2017 (sans unité jamais traitée, la dernière cohorte sert de contrôle) ; grappes = dep (96)",event,0.0,96.0,0.0,0.0,1998.0,2024.0,1998.0,2017.0,96.0,4.0,reg,2.0,35.0,,,,,,,,,,
h3,H3,H3a,log(mariages de femmes / 1 000 f. 30-34),"département, bascule D3 ≥ 50 %",cs,4,0.0966030185076602,0.052131989088437,-0.0055738025481115,0.1987798395634319,0.0638756429267439,96,2592,False," ; contrôle = not_yet_treated ; fenêtre 1998-2024 ; 96 traitées, 0 jamais traitées sur la fenêtre ; ATT(g,t) identifiés jusqu'en 2017 (sans unité jamais traitée, la dernière cohorte sert de contrôle) ; grappes = dep (96)",event,0.0,96.0,0.0,0.0,1998.0,2024.0,1998.0,2017.0,96.0,4.0,reg,1.0,2.0,,,,,,,,,,
h3,H3,H3a,log(mariages de femmes / 1 000 f. 30-34),"département, bascule D3 ≥ 50 %",cs,"ATT[1,4]",0.0849782398116149,0.029971216725171,0.0262357344574352,0.1437207451657946,0.0045778611262345,96,2592,False," ; contrôle = not_yet_treated ; fenêtre 1998-2024 ; 96 traitées, 0 jamais traitées sur la fenêtre ; ATT(g,t) identifiés jusqu'en 2017 (sans unité jamais traitée, la dernière cohorte sert de contrôle) ; grappes = dep (96) ; écart-type avec covariance complète des coefficients (fonctions d'influence)",post_avg,0.0,96.0,0.0,0.0,1998.0,2024.0,1998.0,2017.0,96.0,4.0,reg,,,,,4.0,,,,,,,
h3,H3,H3a,log(mariages de femmes / 1 000 f. 30-34),"département, bascule D3 ≥ 50 %",cs,ATT,0.0481406949977703,0.0211090518222934,0.0067677136782856,0.0895136763172549,0.022573834948291,96,2592,False," ; contrôle = not_yet_treated ; fenêtre 1998-2024 ; 96 traitées, 0 jamais traitées sur la fenêtre ; ATT(g,t) identifiés jusqu'en 2017 (sans unité jamais traitée, la dernière cohorte sert de contrôle) ; grappes = dep (96) ; moyenne de tous les ATT(g,t) post",simple,0.0,96.0,0.0,0.0,1998.0,2024.0,1998.0,2017.0,96.0,4.0,reg,,,,,,,,,,,,
h3,H3,H3a,log(mariages de femmes / 1 000 f. 30-34),"département, bascule D3 ≥ 50 %",cs,Wald pré (-8..-2),15.071204230706009,,,,0.0350974259120406,96,2592,False,"H5c : test de Wald joint de nullité des coefficients pré avec covariance des fonctions d'influence, df = 7 ; fenêtre 1998-2024 ; 96 traitées, 0 jamais traitées sur la fenêtre",pre_test,0.0,96.0,0.0,0.0,1998.0,2024.0,1998.0,2017.0,96.0,4.0,reg,,,,,,7.0,,,,,,
h3,H3,H3a,log(mariages de femmes / 1 000 f. 30-34),"département, bascule D3 ≥ 50 % ; fenêtre identifiée ≤ 2017, cohorte 2018 = contrôle",twfe,-8,0.0482295662422573,0.0263164532527442,-0.0033497343339533,0.0998088668184681,0.0668505764372482,96,2592,False," ; fenêtre 1998-2024 ; 96 traitées, 0 jamais traitées sur la fenêtre ; comparaisons sur la fenêtre identifiée (années < 2018, cohorte 2018 recodée contrôle, 7 unités de contrôle) ; cellules −8 et +8 bornées",event,0.0,96.0,0.0,0.0,1998.0,2024.0,,,,,,,,,,,,,,,,,
h3,H3,H3a,log(mariages de femmes / 1 000 f. 30-34),"département, bascule D3 ≥ 50 % ; fenêtre identifiée ≤ 2017, cohorte 2018 = contrôle",twfe,-7,0.0442806215447218,0.023976726012176,-0.0027128979063278,0.0912741409957716,0.0647736893129828,96,2592,False," ; fenêtre 1998-2024 ; 96 traitées, 0 jamais traitées sur la fenêtre ; comparaisons sur la fenêtre identifiée (années < 2018, cohorte 2018 recodée contrôle, 7 unités de contrôle) ; cellules −8 et +8 bornées",event,0.0,96.0,0.0,0.0,1998.0,2024.0,,,,,,,,,,,,,,,,,
h3,H3,H3a,log(mariages de femmes / 1 000 f. 30-34),"département, bascule D3 ≥ 50 % ; fenêtre identifiée ≤ 2017, cohorte 2018 = contrôle",twfe,-6,0.0535251536992856,0.0220374916545062,0.0103324637468514,0.0967178436517198,0.0151479499216025,96,2592,False," ; fenêtre 1998-2024 ; 96 traitées, 0 jamais traitées sur la fenêtre ; comparaisons sur la fenêtre identifiée (années < 2018, cohorte 2018 recodée contrôle, 7 unités de contrôle) ; cellules −8 et +8 bornées",event,0.0,96.0,0.0,0.0,1998.0,2024.0,,,,,,,,,,,,,,,,,
h3,H3,H3a,log(mariages de femmes / 1 000 f. 30-34),"département, bascule D3 ≥ 50 % ; fenêtre identifiée ≤ 2017, cohorte 2018 = contrôle",twfe,-5,0.0575265446836981,0.0192812705706605,0.0197359487890313,0.0953171405783649,0.0028492983035921,96,2592,False," ; fenêtre 1998-2024 ; 96 traitées, 0 jamais traitées sur la fenêtre ; comparaisons sur la fenêtre identifiée (années < 2018, cohorte 2018 recodée contrôle, 7 unités de contrôle) ; cellules −8 et +8 bornées",event,0.0,96.0,0.0,0.0,1998.0,2024.0,,,,,,,,,,,,,,,,,
h3,H3,H3a,log(mariages de femmes / 1 000 f. 30-34),"département, bascule D3 ≥ 50 % ; fenêtre identifiée ≤ 2017, cohorte 2018 = contrôle",twfe,-4,0.0458178331061912,0.0158650941606666,0.0147228199399479,0.0769128462724345,0.0038774329078256,96,2592,False," ; fenêtre 1998-2024 ; 96 traitées, 0 jamais traitées sur la fenêtre ; comparaisons sur la fenêtre identifiée (années < 2018, cohorte 2018 recodée contrôle, 7 unités de contrôle) ; cellules −8 et +8 bornées",event,0.0,96.0,0.0,0.0,1998.0,2024.0,,,,,,,,,,,,,,,,,
h3,H3,H3a,log(mariages de femmes / 1 000 f. 30-34),"département, bascule D3 ≥ 50 % ; fenêtre identifiée ≤ 2017, cohorte 2018 = contrôle",twfe,-3,0.0252129081116445,0.0134166916711068,-0.0010833243554033,0.0515091405786924,0.0602145332071989,96,2592,False," ; fenêtre 1998-2024 ; 96 traitées, 0 jamais traitées sur la fenêtre ; comparaisons sur la fenêtre identifiée (années < 2018, cohorte 2018 recodée contrôle, 7 unités de contrôle) ; cellules −8 et +8 bornées",event,0.0,96.0,0.0,0.0,1998.0,2024.0,,,,,,,,,,,,,,,,,
h3,H3,H3a,log(mariages de femmes / 1 000 f. 30-34),"département, bascule D3 ≥ 50 % ; fenêtre identifiée ≤ 2017, cohorte 2018 = contrôle",twfe,-2,0.0200562617955086,0.0108127002865909,-0.0011362413418355,0.0412487649328529,0.0636133607905273,96,2592,False," ; fenêtre 1998-2024 ; 96 traitées, 0 jamais traitées sur la fenêtre ; comparaisons sur la fenêtre identifiée (années < 2018, cohorte 2018 recodée contrôle, 7 unités de contrôle) ; cellules −8 et +8 bornées",event,0.0,96.0,0.0,0.0,1998.0,2024.0,,,,,,,,,,,,,,,,,
h3,H3,H3a,log(mariages de femmes / 1 000 f. 30-34),"département, bascule D3 ≥ 50 % ; fenêtre identifiée ≤ 2017, cohorte 2018 = contrôle",twfe,0,-0.0064999699642001,0.0115855371198374,-0.0292072054606333,0.016207265532233,0.5747690794584639,96,2592,False," ; fenêtre 1998-2024 ; 96 traitées, 0 jamais traitées sur la fenêtre ; comparaisons sur la fenêtre identifiée (années < 2018, cohorte 2018 recodée contrôle, 7 unités de contrôle) ; cellules −8 et +8 bornées",event,0.0,96.0,0.0,0.0,1998.0,2024.0,,,,,,,,,,,,,,,,,
h3,H3,H3a,log(mariages de femmes / 1 000 f. 30-34),"département, bascule D3 ≥ 50 % ; fenêtre identifiée ≤ 2017, cohorte 2018 = contrôle",twfe,1,-0.0016631693123207,0.0160015433673824,-0.0330256180094461,0.0296992793848045,0.9172185062413368,96,2592,False," ; fenêtre 1998-2024 ; 96 traitées, 0 jamais traitées sur la fenêtre ; comparaisons sur la fenêtre identifiée (années < 2018, cohorte 2018 recodée contrôle, 7 unités de contrôle) ; cellules −8 et +8 bornées",event,0.0,96.0,0.0,0.0,1998.0,2024.0,,,,,,,,,,,,,,,,,
h3,H3,H3a,log(mariages de femmes / 1 000 f. 30-34),"département, bascule D3 ≥ 50 % ; fenêtre identifiée ≤ 2017, cohorte 2018 = contrôle",twfe,2,0.0006258929800841,0.020779036047372,-0.0401002693062246,0.0413520552663929,0.9759702596989228,96,2592,False," ; fenêtre 1998-2024 ; 96 traitées, 0 jamais traitées sur la fenêtre ; comparaisons sur la fenêtre identifiée (années < 2018, cohorte 2018 recodée contrôle, 7 unités de contrôle) ; cellules −8 et +8 bornées",event,0.0,96.0,0.0,0.0,1998.0,2024.0,,,,,,,,,,,,,,,,,
h3,H3,H3a,log(mariages de femmes / 1 000 f. 30-34),"département, bascule D3 ≥ 50 % ; fenêtre identifiée ≤ 2017, cohorte 2018 = contrôle",twfe,3,-0.030841788980944,0.0265738964964918,-0.082925669042963,0.021242091081075,0.2458026961209791,96,2592,False," ; fenêtre 1998-2024 ; 96 traitées, 0 jamais traitées sur la fenêtre ; comparaisons sur la fenêtre identifiée (années < 2018, cohorte 2018 recodée contrôle, 7 unités de contrôle) ; cellules −8 et +8 bornées",event,0.0,96.0,0.0,0.0,1998.0,2024.0,,,,,,,,,,,,,,,,,
h3,H3,H3a,log(mariages de femmes / 1 000 f. 30-34),"département, bascule D3 ≥ 50 % ; fenêtre identifiée ≤ 2017, cohorte 2018 = contrôle",twfe,4,-0.001491323905027,0.0366742117719531,-0.07337145813945,0.0703888103293959,0.9675636800002928,96,2592,False," ; fenêtre 1998-2024 ; 96 traitées, 0 jamais traitées sur la fenêtre ; comparaisons sur la fenêtre identifiée (années < 2018, cohorte 2018 recodée contrôle, 7 unités de contrôle) ; cellules −8 et +8 bornées",event,0.0,96.0,0.0,0.0,1998.0,2024.0,,,,,,,,,,,,,,,,,
h3,H3,H3a,log(mariages de femmes / 1 000 f. 30-34),"département, bascule D3 ≥ 50 % ; fenêtre identifiée ≤ 2017, cohorte 2018 = contrôle",twfe,"ATT[1,4]",-0.0083425973045519,0.021802025564638,-0.051073782201264,0.0343885875921602,0.7019775157539119,96,2592,False," ; fenêtre 1998-2024 ; 96 traitées, 0 jamais traitées sur la fenêtre ; comparaisons sur la fenêtre identifiée (années < 2018, cohorte 2018 recodée contrôle, 7 unités de contrôle) ; écart-type avec covariance complète (w'Vw)",post_avg,0.0,96.0,0.0,0.0,1998.0,2024.0,,,,,,,,,,,,,,,,,
h3,H3,H3a,log(mariages de femmes / 1 000 f. 30-34),"département, bascule D3 ≥ 50 % ; fenêtre identifiée ≤ 2017, cohorte 2018 = contrôle",twfe,Wald pré (-8..−2),14.75631632320747,,,,0.0392530743675604,96,2592,False,"test de Wald joint, covariance groupée, df = 7 ; fenêtre 1998-2024 ; 96 traitées, 0 jamais traitées sur la fenêtre",pre_test,0.0,96.0,0.0,0.0,1998.0,2024.0,,,,,,,,,,,7.0,,,,,,
h3,H3,H3a,log(mariages de femmes / 1 000 f. 30-34),"département, bascule D3 ≥ 50 % ; fenêtre identifiée ≤ 2017, cohorte 2018 = contrôle",twfe,ATT,-0.018344269790554,0.0125607416551383,-0.0429628710537372,0.0062743314726292,0.1441678688260933,96,2592,False," ; fenêtre 1998-2024 ; 96 traitées, 0 jamais traitées sur la fenêtre ; comparaisons sur la fenêtre identifiée (années < 2018, cohorte 2018 recodée contrôle, 7 unités de contrôle)",static,0.0,96.0,0.0,0.0,1998.0,2024.0,,,,,,,,,,,,,,,,,
h3,H3,H3a,log(mariages de femmes / 1 000 f. 30-34),"département, bascule D3 ≥ 50 % ; fenêtre complète",twfe,ATT,-0.0071644251632429,0.0105270881401093,-0.0277971387799361,0.0134682884534501,0.4961433270865932,96,2592,True," ; fenêtre 1998-2024 ; 96 traitées, 0 jamais traitées sur la fenêtre ; TWFE sur toutes les années (identification par le calendrier des bascules seulement)",static,0.0,96.0,0.0,0.0,1998.0,2024.0,,,,,,,,,,,,,,,,,
h3,H3,H3a,log(mariages de femmes / 1 000 f. 30-34),"département, bascule D3 ≥ 50 % ; fenêtre identifiée ≤ 2017, cohorte 2018 = contrôle",twfe_poisson,ATT (log du taux contrefactuel),-0.0147646606431401,0.0150925120907078,-0.0443454407771629,0.0148161194908825,0.3279372376056644,96,2592,False," ; fenêtre 1998-2024 ; 96 traitées, 0 jamais traitées sur la fenêtre ; comparaisons sur la fenêtre identifiée (années < 2018, cohorte 2018 recodée contrôle, 7 unités de contrôle) ; Poisson à effets fixes, offset = log(women)",static,0.0,96.0,0.0,0.0,1998.0,2024.0,,,,,,,,,,,,,,,,,
h3,H3,H3a,log(mariages de femmes / 1 000 f. 30-34),"département, bascule D3 ≥ 50 % ; fenêtre identifiée ≤ 2017, cohorte 2018 = contrôle",twfe_poisson,ATT en % du taux contrefactuel,-1.465619750447433,1.4871313252667813,-4.337655657917672,1.492642250586873,0.3279372376056644,96,2592,False," ; fenêtre 1998-2024 ; 96 traitées, 0 jamais traitées sur la fenêtre ; comparaisons sur la fenêtre identifiée (années < 2018, cohorte 2018 recodée contrôle, 7 unités de contrôle) ; Poisson à effets fixes, offset = log(women)",static,0.0,96.0,0.0,0.0,1998.0,2024.0,,,,,,,,,,,,,,,,,
h3,H3,H3a,log(mariages de femmes / 1 000 f. 35-39),"département, bascule D3 ≥ 50 %",cs,-8,0.0182904015825347,0.0191900209719682,-0.0193213483850913,0.0559021515501609,0.3405290416559169,96,2592,False," ; contrôle = not_yet_treated ; fenêtre 1998-2024 ; 96 traitées, 0 jamais traitées sur la fenêtre ; ATT(g,t) identifiés jusqu'en 2017 (sans unité jamais traitée, la dernière cohorte sert de contrôle) ; grappes = dep (96)",event,0.0,96.0,0.0,0.0,1998.0,2024.0,1998.0,2017.0,96.0,4.0,reg,5.0,89.0,,,,,,,,,,
h3,H3,H3a,log(mariages de femmes / 1 000 f. 35-39),"département, bascule D3 ≥ 50 %",cs,-7,0.0123627090687275,0.0190107388746289,-0.0248976544450408,0.0496230725824958,0.5154975881560971,96,2592,False," ; contrôle = not_yet_treated ; fenêtre 1998-2024 ; 96 traitées, 0 jamais traitées sur la fenêtre ; ATT(g,t) identifiés jusqu'en 2017 (sans unité jamais traitée, la dernière cohorte sert de contrôle) ; grappes = dep (96)",event,0.0,96.0,0.0,0.0,1998.0,2024.0,1998.0,2017.0,96.0,4.0,reg,5.0,89.0,,,,,,,,,,
h3,H3,H3a,log(mariages de femmes / 1 000 f. 35-39),"département, bascule D3 ≥ 50 %",cs,-6,0.0044237541066603,0.0207551860507259,-0.0362556630451905,0.0451031712585112,0.8312180006963309,96,2592,False," ; contrôle = not_yet_treated ; fenêtre 1998-2024 ; 96 traitées, 0 jamais traitées sur la fenêtre ; ATT(g,t) identifiés jusqu'en 2017 (sans unité jamais traitée, la dernière cohorte sert de contrôle) ; grappes = dep (96)",event,0.0,96.0,0.0,0.0,1998.0,2024.0,1998.0,2017.0,96.0,4.0,reg,5.0,89.0,,,,,,,,,,
h3,H3,H3a,log(mariages de femmes / 1 000 f. 35-39),"département, bascule D3 ≥ 50 %",cs,-5,0.0001954459387503,0.0204968620269727,-0.0399776654302028,0.0403685573077035,0.9923919606004672,96,2592,False," ; contrôle = not_yet_treated ; fenêtre 1998-2024 ; 96 traitées, 0 jamais traitées sur la fenêtre ; ATT(g,t) identifiés jusqu'en 2017 (sans unité jamais traitée, la dernière cohorte sert de contrôle) ; grappes = dep (96)",event,0.0,96.0,0.0,0.0,1998.0,2024.0,1998.0,2017.0,96.0,4.0,reg,5.0,89.0,,,,,,,,,,
h3,H3,H3a,log(mariages de femmes / 1 000 f. 35-39),"département, bascule D3 ≥ 50 %",cs,-4,0.0065556395341604,0.0193723365309167,-0.0314134423628259,0.0445247214311468,0.7350601851952866,96,2592,False," ; contrôle = not_yet_treated ; fenêtre 1998-2024 ; 96 traitées, 0 jamais traitées sur la fenêtre ; ATT(g,t) identifiés jusqu'en 2017 (sans unité jamais traitée, la dernière cohorte sert de contrôle) ; grappes = dep (96)",event,0.0,96.0,0.0,0.0,1998.0,2024.0,1998.0,2017.0,96.0,4.0,reg,5.0,89.0,,,,,,,,,,
h3,H3,H3a,log(mariages de femmes / 1 000 f. 35-39),"département, bascule D3 ≥ 50 %",cs,-3,0.0022024910930451,0.0203238095427607,-0.0376314436394172,0.0420364258255076,0.9137022032315764,96,2592,False," ; contrôle = not_yet_treated ; fenêtre 1998-2024 ; 96 traitées, 0 jamais traitées sur la fenêtre ; ATT(g,t) identifiés jusqu'en 2017 (sans unité jamais traitée, la dernière cohorte sert de contrôle) ; grappes = dep (96)",event,0.0,96.0,0.0,0.0,1998.0,2024.0,1998.0,2017.0,96.0,4.0,reg,5.0,89.0,,,,,,,,,,
h3,H3,H3a,log(mariages de femmes / 1 000 f. 35-39),"département, bascule D3 ≥ 50 %",cs,-2,-0.0002590083963908,0.0191228940540668,-0.037739192022537,0.0372211752297553,0.9891934514955965,96,2592,False," ; contrôle = not_yet_treated ; fenêtre 1998-2024 ; 96 traitées, 0 jamais traitées sur la fenêtre ; ATT(g,t) identifiés jusqu'en 2017 (sans unité jamais traitée, la dernière cohorte sert de contrôle) ; grappes = dep (96)",event,0.0,96.0,0.0,0.0,1998.0,2024.0,1998.0,2017.0,96.0,4.0,reg,5.0,89.0,,,,,,,,,,
h3,H3,H3a,log(mariages de femmes / 1 000 f. 35-39),"département, bascule D3 ≥ 50 %",cs,0,-0.024974220432311,0.0162683967184797,-0.0568596920867409,0.0069112512221188,0.1247501386773096,96,2592,False," ; contrôle = not_yet_treated ; fenêtre 1998-2024 ; 96 traitées, 0 jamais traitées sur la fenêtre ; ATT(g,t) identifiés jusqu'en 2017 (sans unité jamais traitée, la dernière cohorte sert de contrôle) ; grappes = dep (96)",event,0.0,96.0,0.0,0.0,1998.0,2024.0,1998.0,2017.0,96.0,4.0,reg,5.0,89.0,,,,,,,,,,
h3,H3,H3a,log(mariages de femmes / 1 000 f. 35-39),"département, bascule D3 ≥ 50 %",cs,1,-0.0372793673660469,0.0189325509000276,-0.0743864852655725,-0.0001722494665213,0.0489459668303035,96,2592,False," ; contrôle = not_yet_treated ; fenêtre 1998-2024 ; 96 traitées, 0 jamais traitées sur la fenêtre ; ATT(g,t) identifiés jusqu'en 2017 (sans unité jamais traitée, la dernière cohorte sert de contrôle) ; grappes = dep (96)",event,0.0,96.0,0.0,0.0,1998.0,2024.0,1998.0,2017.0,96.0,4.0,reg,4.0,74.0,,,,,,,,,,
h3,H3,H3a,log(mariages de femmes / 1 000 f. 35-39),"département, bascule D3 ≥ 50 %",cs,2,-0.0212345703279176,0.0229242226219769,-0.0661652210405708,0.0236960803847356,0.3542932027976001,96,2592,False," ; contrôle = not_yet_treated ; fenêtre 1998-2024 ; 96 traitées, 0 jamais traitées sur la fenêtre ; ATT(g,t) identifiés jusqu'en 2017 (sans unité jamais traitée, la dernière cohorte sert de contrôle) ; grappes = dep (96)",event,0.0,96.0,0.0,0.0,1998.0,2024.0,1998.0,2017.0,96.0,4.0,reg,3.0,51.0,,,,,,,,,,
h3,H3,H3a,log(mariages de femmes / 1 000 f. 35-39),"département, bascule D3 ≥ 50 %",cs,3,-0.0578293620679104,0.0573482179429148,-0.1702298038135772,0.0545710796777562,0.3132673338525447,96,2592,False," ; contrôle = not_yet_treated ; fenêtre 1998-2024 ; 96 traitées, 0 jamais traitées sur la fenêtre ; ATT(g,t) identifiés jusqu'en 2017 (sans unité jamais traitée, la dernière cohorte sert de contrôle) ; grappes = dep (96)",event,0.0,96.0,0.0,0.0,1998.0,2024.0,1998.0,2017.0,96.0,4.0,reg,2.0,35.0,,,,,,,,,,
h3,H3,H3a,log(mariages de femmes / 1 000 f. 35-39),"département, bascule D3 ≥ 50 %",cs,4,-0.0660141177724304,0.0422313301956766,-0.1487860039751755,0.0167577684303146,0.1180161259584753,96,2592,False," ; contrôle = not_yet_treated ; fenêtre 1998-2024 ; 96 traitées, 0 jamais traitées sur la fenêtre ; ATT(g,t) identifiés jusqu'en 2017 (sans unité jamais traitée, la dernière cohorte sert de contrôle) ; grappes = dep (96)",event,0.0,96.0,0.0,0.0,1998.0,2024.0,1998.0,2017.0,96.0,4.0,reg,1.0,2.0,,,,,,,,,,
h3,H3,H3a,log(mariages de femmes / 1 000 f. 35-39),"département, bascule D3 ≥ 50 %",cs,"ATT[1,4]",-0.0455893543835763,0.0232051451591476,-0.0910706031515297,-0.000108105615623,0.0494579254216052,96,2592,False," ; contrôle = not_yet_treated ; fenêtre 1998-2024 ; 96 traitées, 0 jamais traitées sur la fenêtre ; ATT(g,t) identifiés jusqu'en 2017 (sans unité jamais traitée, la dernière cohorte sert de contrôle) ; grappes = dep (96) ; écart-type avec covariance complète des coefficients (fonctions d'influence)",post_avg,0.0,96.0,0.0,0.0,1998.0,2024.0,1998.0,2017.0,96.0,4.0,reg,,,,,4.0,,,,,,,
h3,H3,H3a,log(mariages de femmes / 1 000 f. 35-39),"département, bascule D3 ≥ 50 %",cs,ATT,-0.0327505888374848,0.0169188635271156,-0.0659109520099798,0.0004097743350101,0.0528990606068288,96,2592,False," ; contrôle = not_yet_treated ; fenêtre 1998-2024 ; 96 traitées, 0 jamais traitées sur la fenêtre ; ATT(g,t) identifiés jusqu'en 2017 (sans unité jamais traitée, la dernière cohorte sert de contrôle) ; grappes = dep (96) ; moyenne de tous les ATT(g,t) post",simple,0.0,96.0,0.0,0.0,1998.0,2024.0,1998.0,2017.0,96.0,4.0,reg,,,,,,,,,,,,
h3,H3,H3a,log(mariages de femmes / 1 000 f. 35-39),"département, bascule D3 ≥ 50 %",cs,Wald pré (-8..-2),1.6140722018981803,,,,0.9780957593211734,96,2592,False,"H5c : test de Wald joint de nullité des coefficients pré avec covariance des fonctions d'influence, df = 7 ; fenêtre 1998-2024 ; 96 traitées, 0 jamais traitées sur la fenêtre",pre_test,0.0,96.0,0.0,0.0,1998.0,2024.0,1998.0,2017.0,96.0,4.0,reg,,,,,,7.0,,,,,,
h3,H3,H3a,log(mariages de femmes / 1 000 f. 35-39),"département, bascule D3 ≥ 50 % ; fenêtre identifiée ≤ 2017, cohorte 2018 = contrôle",twfe,-8,0.1011291224655619,0.0294622718514192,0.043384130734052,0.1588741141970717,0.0005980532887945,96,2592,False," ; fenêtre 1998-2024 ; 96 traitées, 0 jamais traitées sur la fenêtre ; comparaisons sur la fenêtre identifiée (années < 2018, cohorte 2018 recodée contrôle, 7 unités de contrôle) ; cellules −8 et +8 bornées",event,0.0,96.0,0.0,0.0,1998.0,2024.0,,,,,,,,,,,,,,,,,
h3,H3,H3a,log(mariages de femmes / 1 000 f. 35-39),"département, bascule D3 ≥ 50 % ; fenêtre identifiée ≤ 2017, cohorte 2018 = contrôle",twfe,-7,0.0740759642098598,0.0267970038058172,0.0215548018568752,0.1265971265628444,0.005703849825538,96,2592,False," ; fenêtre 1998-2024 ; 96 traitées, 0 jamais traitées sur la fenêtre ; comparaisons sur la fenêtre identifiée (années < 2018, cohorte 2018 recodée contrôle, 7 unités de contrôle) ; cellules −8 et +8 bornées",event,0.0,96.0,0.0,0.0,1998.0,2024.0,,,,,,,,,,,,,,,,,
h3,H3,H3a,log(mariages de femmes / 1 000 f. 35-39),"département, bascule D3 ≥ 50 % ; fenêtre identifiée ≤ 2017, cohorte 2018 = contrôle",twfe,-6,0.0592470834757521,0.0253435152774461,0.009574706290317,0.1089194606611872,0.0193996459912109,96,2592,False," ; fenêtre 1998-2024 ; 96 traitées, 0 jamais traitées sur la fenêtre ; comparaisons sur la fenêtre identifiée (années < 2018, cohorte 2018 recodée contrôle, 7 unités de contrôle) ; cellules −8 et +8 bornées",event,0.0,96.0,0.0,0.0,1998.0,2024.0,,,,,,,,,,,,,,,,,
h3,H3,H3a,log(mariages de femmes / 1 000 f. 35-39),"département, bascule D3 ≥ 50 % ; fenêtre identifiée ≤ 2017, cohorte 2018 = contrôle",twfe,-5,0.0549447495820624,0.0232788332838287,0.0093190747436458,0.1005704244204789,0.0182607549601075,96,2592,False," ; fenêtre 1998-2024 ; 96 traitées, 0 jamais traitées sur la fenêtre ; comparaisons sur la fenêtre identifiée (années < 2018, cohorte 2018 recodée contrôle, 7 unités de contrôle) ; cellules −8 et +8 bornées",event,0.0,96.0,0.0,0.0,1998.0,2024.0,,,,,,,,,,,,,,,,,
h3,H3,H3a,log(mariages de femmes / 1 000 f. 35-39),"département, bascule D3 ≥ 50 % ; fenêtre identifiée ≤ 2017, cohorte 2018 = contrôle",twfe,-4,0.0488987589618955,0.0201516342736014,0.0094022815560138,0.0883952363677773,0.0152435441204864,96,2592,False," ; fenêtre 1998-2024 ; 96 traitées, 0 jamais traitées sur la fenêtre ; comparaisons sur la fenêtre identifiée (années < 2018, cohorte 2018 recodée contrôle, 7 unités de contrôle) ; cellules −8 et +8 bornées",event,0.0,96.0,0.0,0.0,1998.0,2024.0,,,,,,,,,,,,,,,,,
h3,H3,H3a,log(mariages de femmes / 1 000 f. 35-39),"département, bascule D3 ≥ 50 % ; fenêtre identifiée ≤ 2017, cohorte 2018 = contrôle",twfe,-3,0.0318876891115975,0.0177073338290289,-0.0028180474555269,0.0665934256787219,0.0717315385887255,96,2592,False," ; fenêtre 1998-2024 ; 96 traitées, 0 jamais traitées sur la fenêtre ; comparaisons sur la fenêtre identifiée (années < 2018, cohorte 2018 recodée contrôle, 7 unités de contrôle) ; cellules −8 et +8 bornées",event,0.0,96.0,0.0,0.0,1998.0,2024.0,,,,,,,,,,,,,,,,,
h3,H3,H3a,log(mariages de femmes / 1 000 f. 35-39),"département, bascule D3 ≥ 50 % ; fenêtre identifiée ≤ 2017, cohorte 2018 = contrôle",twfe,-2,0.0127422068716163,0.0152354858518917,-0.017118796685061,0.0426032104282936,0.4029577266670405,96,2592,False," ; fenêtre 1998-2024 ; 96 traitées, 0 jamais traitées sur la fenêtre ; comparaisons sur la fenêtre identifiée (années < 2018, cohorte 2018 recodée contrôle, 7 unités de contrôle) ; cellules −8 et +8 bornées",event,0.0,96.0,0.0,0.0,1998.0,2024.0,,,,,,,,,,,,,,,,,
h3,H3,H3a,log(mariages de femmes / 1 000 f. 35-39),"département, bascule D3 ≥ 50 % ; fenêtre identifiée ≤ 2017, cohorte 2018 = contrôle",twfe,0,-0.0337253965386037,0.0134950140726795,-0.0601751380919168,-0.0072756549852905,0.0124508992240505,96,2592,False," ; fenêtre 1998-2024 ; 96 traitées, 0 jamais traitées sur la fenêtre ; comparaisons sur la fenêtre identifiée (années < 2018, cohorte 2018 recodée contrôle, 7 unités de contrôle) ; cellules −8 et +8 bornées",event,0.0,96.0,0.0,0.0,1998.0,2024.0,,,,,,,,,,,,,,,,,
h3,H3,H3a,log(mariages de femmes / 1 000 f. 35-39),"département, bascule D3 ≥ 50 % ; fenêtre identifiée ≤ 2017, cohorte 2018 = contrôle",twfe,1,-0.050117257179934,0.0173574890479927,-0.0841373105760483,-0.0160972037838198,0.0038849389011292,96,2592,False," ; fenêtre 1998-2024 ; 96 traitées, 0 jamais traitées sur la fenêtre ; comparaisons sur la fenêtre identifiée (années < 2018, cohorte 2018 recodée contrôle, 7 unités de contrôle) ; cellules −8 et +8 bornées",event,0.0,96.0,0.0,0.0,1998.0,2024.0,,,,,,,,,,,,,,,,,
h3,H3,H3a,log(mariages de femmes / 1 000 f. 35-39),"département, bascule D3 ≥ 50 % ; fenêtre identifiée ≤ 2017, cohorte 2018 = contrôle",twfe,2,-0.0664859649557926,0.0236019557749458,-0.1127449482393935,-0.0202269816721916,0.0048479286527507,96,2592,False," ; fenêtre 1998-2024 ; 96 traitées, 0 jamais traitées sur la fenêtre ; comparaisons sur la fenêtre identifiée (années < 2018, cohorte 2018 recodée contrôle, 7 unités de contrôle) ; cellules −8 et +8 bornées",event,0.0,96.0,0.0,0.0,1998.0,2024.0,,,,,,,,,,,,,,,,,
h3,H3,H3a,log(mariages de femmes / 1 000 f. 35-39),"département, bascule D3 ≥ 50 % ; fenêtre identifiée ≤ 2017, cohorte 2018 = contrôle",twfe,3,-0.1353352757365776,0.031243462504116,-0.1965713369969727,-0.0740992144761825,1.4800615365342808e-05,96,2592,False," ; fenêtre 1998-2024 ; 96 traitées, 0 jamais traitées sur la fenêtre ; comparaisons sur la fenêtre identifiée (années < 2018, cohorte 2018 recodée contrôle, 7 unités de contrôle) ; cellules −8 et +8 bornées",event,0.0,96.0,0.0,0.0,1998.0,2024.0,,,,,,,,,,,,,,,,,
h3,H3,H3a,log(mariages de femmes / 1 000 f. 35-39),"département, bascule D3 ≥ 50 % ; fenêtre identifiée ≤ 2017, cohorte 2018 = contrôle",twfe,4,-0.1521431265521955,0.0277625043252816,-0.206556635150385,-0.0977296179540059,4.2492746063421526e-08,96,2592,False," ; fenêtre 1998-2024 ; 96 traitées, 0 jamais traitées sur la fenêtre ; comparaisons sur la fenêtre identifiée (années < 2018, cohorte 2018 recodée contrôle, 7 unités de contrôle) ; cellules −8 et +8 bornées",event,0.0,96.0,0.0,0.0,1998.0,2024.0,,,,,,,,,,,,,,,,,
h3,H3,H3a,log(mariages de femmes / 1 000 f. 35-39),"département, bascule D3 ≥ 50 % ; fenêtre identifiée ≤ 2017, cohorte 2018 = contrôle",twfe,"ATT[1,4]",-0.1010204061061249,0.0229114444452554,-0.1459260120526159,-0.056114800159634,1.037685384651892e-05,96,2592,False," ; fenêtre 1998-2024 ; 96 traitées, 0 jamais traitées sur la fenêtre ; comparaisons sur la fenêtre identifiée (années < 2018, cohorte 2018 recodée contrôle, 7 unités de contrôle) ; écart-type avec covariance complète (w'Vw)",post_avg,0.0,96.0,0.0,0.0,1998.0,2024.0,,,,,,,,,,,,,,,,,
h3,H3,H3a,log(mariages de femmes / 1 000 f. 35-39),"département, bascule D3 ≥ 50 % ; fenêtre identifiée ≤ 2017, cohorte 2018 = contrôle",twfe,Wald pré (-8..−2),14.52069995528108,,,,0.0426583463644211,96,2592,False,"test de Wald joint, covariance groupée, df = 7 ; fenêtre 1998-2024 ; 96 traitées, 0 jamais traitées sur la fenêtre",pre_test,0.0,96.0,0.0,0.0,1998.0,2024.0,,,,,,,,,,,7.0,,,,,,
h3,H3,H3a,log(mariages de femmes / 1 000 f. 35-39),"département, bascule D3 ≥ 50 % ; fenêtre identifiée ≤ 2017, cohorte 2018 = contrôle",twfe,ATT,-0.0588333629413772,0.0152122253160255,-0.0886487766854957,-0.0290179491972588,0.0001099544126376,96,2592,False," ; fenêtre 1998-2024 ; 96 traitées, 0 jamais traitées sur la fenêtre ; comparaisons sur la fenêtre identifiée (années < 2018, cohorte 2018 recodée contrôle, 7 unités de contrôle)",static,0.0,96.0,0.0,0.0,1998.0,2024.0,,,,,,,,,,,,,,,,,
h3,H3,H3a,log(mariages de femmes / 1 000 f. 35-39),"département, bascule D3 ≥ 50 % ; fenêtre complète",twfe,ATT,-0.0331960415369985,0.0132903312551038,-0.0592446121396091,-0.0071474709343879,0.0124981207851772,96,2592,True," ; fenêtre 1998-2024 ; 96 traitées, 0 jamais traitées sur la fenêtre ; TWFE sur toutes les années (identification par le calendrier des bascules seulement)",static,0.0,96.0,0.0,0.0,1998.0,2024.0,,,,,,,,,,,,,,,,,
h3,H3,H3a,log(mariages de femmes / 1 000 f. 35-39),"département, bascule D3 ≥ 50 % ; fenêtre identifiée ≤ 2017, cohorte 2018 = contrôle",twfe_poisson,ATT (log du taux contrefactuel),-0.0588559998300455,0.0145598070902514,-0.0873926973487892,-0.0303193023113018,5.291562754008129e-05,96,2592,False," ; fenêtre 1998-2024 ; 96 traitées, 0 jamais traitées sur la fenêtre ; comparaisons sur la fenêtre identifiée (années < 2018, cohorte 2018 recodée contrôle, 7 unités de contrôle) ; Poisson à effets fixes, offset = log(women)",static,0.0,96.0,0.0,0.0,1998.0,2024.0,,,,,,,,,,,,,,,,,
h3,H3,H3a,log(mariages de femmes / 1 000 f. 35-39),"département, bascule D3 ≥ 50 % ; fenêtre identifiée ≤ 2017, cohorte 2018 = contrôle",twfe_poisson,ATT en % du taux contrefactuel,-5.715747113344838,1.3727605336781796,-8.368281056656624,-2.986428226985427,5.291562754008129e-05,96,2592,False," ; fenêtre 1998-2024 ; 96 traitées, 0 jamais traitées sur la fenêtre ; comparaisons sur la fenêtre identifiée (années < 2018, cohorte 2018 recodée contrôle, 7 unités de contrôle) ; Poisson à effets fixes, offset = log(women)",static,0.0,96.0,0.0,0.0,1998.0,2024.0,,,,,,,,,,,,,,,,,
h3,H3,H3a,log(mariages de femmes / 1 000 f. 40-49),"département, bascule D3 ≥ 50 %",cs,-8,0.0261540695589359,0.0171653296087242,-0.0074893582569227,0.0597974973747945,0.1275944899296653,96,2592,False," ; contrôle = not_yet_treated ; fenêtre 1998-2024 ; 96 traitées, 0 jamais traitées sur la fenêtre ; ATT(g,t) identifiés jusqu'en 2017 (sans unité jamais traitée, la dernière cohorte sert de contrôle) ; grappes = dep (96)",event,0.0,96.0,0.0,0.0,1998.0,2024.0,1998.0,2017.0,96.0,4.0,reg,5.0,89.0,,,,,,,,,,
h3,H3,H3a,log(mariages de femmes / 1 000 f. 40-49),"département, bascule D3 ≥ 50 %",cs,-7,0.0151633876983121,0.0162109173637606,-0.0166094264910137,0.0469362018876381,0.3495918705182503,96,2592,False," ; contrôle = not_yet_treated ; fenêtre 1998-2024 ; 96 traitées, 0 jamais traitées sur la fenêtre ; ATT(g,t) identifiés jusqu'en 2017 (sans unité jamais traitée, la dernière cohorte sert de contrôle) ; grappes = dep (96)",event,0.0,96.0,0.0,0.0,1998.0,2024.0,1998.0,2017.0,96.0,4.0,reg,5.0,89.0,,,,,,,,,,
h3,H3,H3a,log(mariages de femmes / 1 000 f. 40-49),"département, bascule D3 ≥ 50 %",cs,-6,0.0094688710961541,0.0130764903680393,-0.0161605790693879,0.0350983212616961,0.4689956869239013,96,2592,False," ; contrôle = not_yet_treated ; fenêtre 1998-2024 ; 96 traitées, 0 jamais traitées sur la fenêtre ; ATT(g,t) identifiés jusqu'en 2017 (sans unité jamais traitée, la dernière cohorte sert de contrôle) ; grappes = dep (96)",event,0.0,96.0,0.0,0.0,1998.0,2024.0,1998.0,2017.0,96.0,4.0,reg,5.0,89.0,,,,,,,,,,
h3,H3,H3a,log(mariages de femmes / 1 000 f. 40-49),"département, bascule D3 ≥ 50 %",cs,-5,0.019100334769581,0.0142603547300388,-0.0088494469080604,0.0470501164472225,0.1804401324759907,96,2592,False," ; contrôle = not_yet_treated ; fenêtre 1998-2024 ; 96 traitées, 0 jamais traitées sur la fenêtre ; ATT(g,t) identifiés jusqu'en 2017 (sans unité jamais traitée, la dernière cohorte sert de contrôle) ; grappes = dep (96)",event,0.0,96.0,0.0,0.0,1998.0,2024.0,1998.0,2017.0,96.0,4.0,reg,5.0,89.0,,,,,,,,,,
h3,H3,H3a,log(mariages de femmes / 1 000 f. 40-49),"département, bascule D3 ≥ 50 %",cs,-4,0.0073350981352893,0.0137769259860033,-0.0196671806149512,0.0343373768855299,0.5944357794657698,96,2592,False," ; contrôle = not_yet_treated ; fenêtre 1998-2024 ; 96 traitées, 0 jamais traitées sur la fenêtre ; ATT(g,t) identifiés jusqu'en 2017 (sans unité jamais traitée, la dernière cohorte sert de contrôle) ; grappes = dep (96)",event,0.0,96.0,0.0,0.0,1998.0,2024.0,1998.0,2017.0,96.0,4.0,reg,5.0,89.0,,,,,,,,,,
h3,H3,H3a,log(mariages de femmes / 1 000 f. 40-49),"département, bascule D3 ≥ 50 %",cs,-3,-0.0005361100018101,0.0125987141392853,-0.0252291359663249,0.0241569159627047,0.9660580570342006,96,2592,False," ; contrôle = not_yet_treated ; fenêtre 1998-2024 ; 96 traitées, 0 jamais traitées sur la fenêtre ; ATT(g,t) identifiés jusqu'en 2017 (sans unité jamais traitée, la dernière cohorte sert de contrôle) ; grappes = dep (96)",event,0.0,96.0,0.0,0.0,1998.0,2024.0,1998.0,2017.0,96.0,4.0,reg,5.0,89.0,,,,,,,,,,
h3,H3,H3a,log(mariages de femmes / 1 000 f. 40-49),"département, bascule D3 ≥ 50 %",cs,-2,0.0061697194212205,0.0124985313936428,-0.0183269519699625,0.0306663908124037,0.6215635893087548,96,2592,False," ; contrôle = not_yet_treated ; fenêtre 1998-2024 ; 96 traitées, 0 jamais traitées sur la fenêtre ; ATT(g,t) identifiés jusqu'en 2017 (sans unité jamais traitée, la dernière cohorte sert de contrôle) ; grappes = dep (96)",event,0.0,96.0,0.0,0.0,1998.0,2024.0,1998.0,2017.0,96.0,4.0,reg,5.0,89.0,,,,,,,,,,
h3,H3,H3a,log(mariages de femmes / 1 000 f. 40-49),"département, bascule D3 ≥ 50 %",cs,0,-0.0078857100795626,0.0125302439834395,-0.0324445370046037,0.0166731168454785,0.529130337743804,96,2592,False," ; contrôle = not_yet_treated ; fenêtre 1998-2024 ; 96 traitées, 0 jamais traitées sur la fenêtre ; ATT(g,t) identifiés jusqu'en 2017 (sans unité jamais traitée, la dernière cohorte sert de contrôle) ; grappes = dep (96)",event,0.0,96.0,0.0,0.0,1998.0,2024.0,1998.0,2017.0,96.0,4.0,reg,5.0,89.0,,,,,,,,,,
h3,H3,H3a,log(mariages de femmes / 1 000 f. 40-49),"département, bascule D3 ≥ 50 %",cs,1,-0.0330961083576617,0.0151749076179886,-0.062838380757642,-0.0033538359576813,0.02918519634993,96,2592,False," ; contrôle = not_yet_treated ; fenêtre 1998-2024 ; 96 traitées, 0 jamais traitées sur la fenêtre ; ATT(g,t) identifiés jusqu'en 2017 (sans unité jamais traitée, la dernière cohorte sert de contrôle) ; grappes = dep (96)",event,0.0,96.0,0.0,0.0,1998.0,2024.0,1998.0,2017.0,96.0,4.0,reg,4.0,74.0,,,,,,,,,,
h3,H3,H3a,log(mariages de femmes / 1 000 f. 40-49),"département, bascule D3 ≥ 50 %",cs,2,-0.0534116969748912,0.0242988689743581,-0.1010366050296909,-0.0057867889200915,0.0279409452812016,96,2592,False," ; contrôle = not_yet_treated ; fenêtre 1998-2024 ; 96 traitées, 0 jamais traitées sur la fenêtre ; ATT(g,t) identifiés jusqu'en 2017 (sans unité jamais traitée, la dernière cohorte sert de contrôle) ; grappes = dep (96)",event,0.0,96.0,0.0,0.0,1998.0,2024.0,1998.0,2017.0,96.0,4.0,reg,3.0,51.0,,,,,,,,,,
h3,H3,H3a,log(mariages de femmes / 1 000 f. 40-49),"département, bascule D3 ≥ 50 %",cs,3,-0.0696084392878742,0.0565687621996752,-0.1804811758492486,0.0412642972735,0.2185061071294262,96,2592,False," ; contrôle = not_yet_treated ; fenêtre 1998-2024 ; 96 traitées, 0 jamais traitées sur la fenêtre ; ATT(g,t) identifiés jusqu'en 2017 (sans unité jamais traitée, la dernière cohorte sert de contrôle) ; grappes = dep (96)",event,0.0,96.0,0.0,0.0,1998.0,2024.0,1998.0,2017.0,96.0,4.0,reg,2.0,35.0,,,,,,,,,,
h3,H3,H3a,log(mariages de femmes / 1 000 f. 40-49),"département, bascule D3 ≥ 50 %",cs,4,-0.0832919240153173,0.0619840508931449,-0.2047784313817792,0.0381945833511445,0.1790247776324026,96,2592,False," ; contrôle = not_yet_treated ; fenêtre 1998-2024 ; 96 traitées, 0 jamais traitées sur la fenêtre ; ATT(g,t) identifiés jusqu'en 2017 (sans unité jamais traitée, la dernière cohorte sert de contrôle) ; grappes = dep (96)",event,0.0,96.0,0.0,0.0,1998.0,2024.0,1998.0,2017.0,96.0,4.0,reg,1.0,2.0,,,,,,,,,,
h3,H3,H3a,log(mariages de femmes / 1 000 f. 40-49),"département, bascule D3 ≥ 50 %",cs,"ATT[1,4]",-0.0598520421589361,0.0337596970066321,-0.1260198324209199,0.0063157481030475,0.0762478543913507,96,2592,False," ; contrôle = not_yet_treated ; fenêtre 1998-2024 ; 96 traitées, 0 jamais traitées sur la fenêtre ; ATT(g,t) identifiés jusqu'en 2017 (sans unité jamais traitée, la dernière cohorte sert de contrôle) ; grappes = dep (96) ; écart-type avec covariance complète des coefficients (fonctions d'influence)",post_avg,0.0,96.0,0.0,0.0,1998.0,2024.0,1998.0,2017.0,96.0,4.0,reg,,,,,4.0,,,,,,,
h3,H3,H3a,log(mariages de femmes / 1 000 f. 40-49),"département, bascule D3 ≥ 50 %",cs,ATT,-0.0337761593002937,0.0183619806490589,-0.0697649800572706,0.0022126614566831,0.0658473129614712,96,2592,False," ; contrôle = not_yet_treated ; fenêtre 1998-2024 ; 96 traitées, 0 jamais traitées sur la fenêtre ; ATT(g,t) identifiés jusqu'en 2017 (sans unité jamais traitée, la dernière cohorte sert de contrôle) ; grappes = dep (96) ; moyenne de tous les ATT(g,t) post",simple,0.0,96.0,0.0,0.0,1998.0,2024.0,1998.0,2017.0,96.0,4.0,reg,,,,,,,,,,,,
h3,H3,H3a,log(mariages de femmes / 1 000 f. 40-49),"département, bascule D3 ≥ 50 %",cs,Wald pré (-8..-2),3.984391217330289,,,,0.7815734752915122,96,2592,False,"H5c : test de Wald joint de nullité des coefficients pré avec covariance des fonctions d'influence, df = 7 ; fenêtre 1998-2024 ; 96 traitées, 0 jamais traitées sur la fenêtre",pre_test,0.0,96.0,0.0,0.0,1998.0,2024.0,1998.0,2017.0,96.0,4.0,reg,,,,,,7.0,,,,,,
h3,H3,H3a,log(mariages de femmes / 1 000 f. 40-49),"département, bascule D3 ≥ 50 % ; fenêtre identifiée ≤ 2017, cohorte 2018 = contrôle",twfe,-8,0.1075093872958621,0.028616631819147,0.0514218195714909,0.1635969550202333,0.000172041688636,96,2592,False," ; fenêtre 1998-2024 ; 96 traitées, 0 jamais traitées sur la fenêtre ; comparaisons sur la fenêtre identifiée (années < 2018, cohorte 2018 recodée contrôle, 7 unités de contrôle) ; cellules −8 et +8 bornées",event,0.0,96.0,0.0,0.0,1998.0,2024.0,,,,,,,,,,,,,,,,,
h3,H3,H3a,log(mariages de femmes / 1 000 f. 40-49),"département, bascule D3 ≥ 50 % ; fenêtre identifiée ≤ 2017, cohorte 2018 = contrôle",twfe,-7,0.0827826395226401,0.0261938106525297,0.0314437140258201,0.1341215650194601,0.0015755845183108,96,2592,False," ; fenêtre 1998-2024 ; 96 traitées, 0 jamais traitées sur la fenêtre ; comparaisons sur la fenêtre identifiée (années < 2018, cohorte 2018 recodée contrôle, 7 unités de contrôle) ; cellules −8 et +8 bornées",event,0.0,96.0,0.0,0.0,1998.0,2024.0,,,,,,,,,,,,,,,,,
h3,H3,H3a,log(mariages de femmes / 1 000 f. 40-49),"département, bascule D3 ≥ 50 % ; fenêtre identifiée ≤ 2017, cohorte 2018 = contrôle",twfe,-6,0.0793485489630264,0.0229943188184997,0.0342805122297354,0.1244165856963175,0.0005589497864558,96,2592,False," ; fenêtre 1998-2024 ; 96 traitées, 0 jamais traitées sur la fenêtre ; comparaisons sur la fenêtre identifiée (années < 2018, cohorte 2018 recodée contrôle, 7 unités de contrôle) ; cellules −8 et +8 bornées",event,0.0,96.0,0.0,0.0,1998.0,2024.0,,,,,,,,,,,,,,,,,
h3,H3,H3a,log(mariages de femmes / 1 000 f. 40-49),"département, bascule D3 ≥ 50 % ; fenêtre identifiée ≤ 2017, cohorte 2018 = contrôle",twfe,-5,0.0796151246174434,0.0220164098073436,0.0364637543261755,0.1227664949087113,0.0002989917526442,96,2592,False," ; fenêtre 1998-2024 ; 96 traitées, 0 jamais traitées sur la fenêtre ; comparaisons sur la fenêtre identifiée (années < 2018, cohorte 2018 recodée contrôle, 7 unités de contrôle) ; cellules −8 et +8 bornées",event,0.0,96.0,0.0,0.0,1998.0,2024.0,,,,,,,,,,,,,,,,,
h3,H3,H3a,log(mariages de femmes / 1 000 f. 40-49),"département, bascule D3 ≥ 50 % ; fenêtre identifiée ≤ 2017, cohorte 2018 = contrôle",twfe,-4,0.059528539791254,0.0178626209304229,0.0245184460981336,0.0945386334843744,0.0008604600052913,96,2592,False," ; fenêtre 1998-2024 ; 96 traitées, 0 jamais traitées sur la fenêtre ; comparaisons sur la fenêtre identifiée (années < 2018, cohorte 2018 recodée contrôle, 7 unités de contrôle) ; cellules −8 et +8 bornées",event,0.0,96.0,0.0,0.0,1998.0,2024.0,,,,,,,,,,,,,,,,,
h3,H3,H3a,log(mariages de femmes / 1 000 f. 40-49),"département, bascule D3 ≥ 50 % ; fenêtre identifiée ≤ 2017, cohorte 2018 = contrôle",twfe,-3,0.0262247822732397,0.0144811358861489,-0.0021577225188426,0.0546072870653222,0.0701467825546464,96,2592,False," ; fenêtre 1998-2024 ; 96 traitées, 0 jamais traitées sur la fenêtre ; comparaisons sur la fenêtre identifiée (années < 2018, cohorte 2018 recodée contrôle, 7 unités de contrôle) ; cellules −8 et +8 bornées",event,0.0,96.0,0.0,0.0,1998.0,2024.0,,,,,,,,,,,,,,,,,
h3,H3,H3a,log(mariages de femmes / 1 000 f. 40-49),"département, bascule D3 ≥ 50 % ; fenêtre identifiée ≤ 2017, cohorte 2018 = contrôle",twfe,-2,0.0185758069770269,0.0109388164409109,-0.0028638792806531,0.040015493234707,0.0894784915017683,96,2592,False," ; fenêtre 1998-2024 ; 96 traitées, 0 jamais traitées sur la fenêtre ; comparaisons sur la fenêtre identifiée (années < 2018, cohorte 2018 recodée contrôle, 7 unités de contrôle) ; cellules −8 et +8 bornées",event,0.0,96.0,0.0,0.0,1998.0,2024.0,,,,,,,,,,,,,,,,,
h3,H3,H3a,log(mariages de femmes / 1 000 f. 40-49),"département, bascule D3 ≥ 50 % ; fenêtre identifiée ≤ 2017, cohorte 2018 = contrôle",twfe,0,-0.0243422643559502,0.0095262059823379,-0.0430132849906426,-0.0056712437212578,0.0106097905772833,96,2592,False," ; fenêtre 1998-2024 ; 96 traitées, 0 jamais traitées sur la fenêtre ; comparaisons sur la fenêtre identifiée (années < 2018, cohorte 2018 recodée contrôle, 7 unités de contrôle) ; cellules −8 et +8 bornées",event,0.0,96.0,0.0,0.0,1998.0,2024.0,,,,,,,,,,,,,,,,,
h3,H3,H3a,log(mariages de femmes / 1 000 f. 40-49),"département, bascule D3 ≥ 50 % ; fenêtre identifiée ≤ 2017, cohorte 2018 = contrôle",twfe,1,-0.0541313592313819,0.0134707035508109,-0.0805334530373871,-0.0277292654253767,5.858204214705964e-05,96,2592,False," ; fenêtre 1998-2024 ; 96 traitées, 0 jamais traitées sur la fenêtre ; comparaisons sur la fenêtre identifiée (années < 2018, cohorte 2018 recodée contrôle, 7 unités de contrôle) ; cellules −8 et +8 bornées",event,0.0,96.0,0.0,0.0,1998.0,2024.0,,,,,,,,,,,,,,,,,
h3,H3,H3a,log(mariages de femmes / 1 000 f. 40-49),"département, bascule D3 ≥ 50 % ; fenêtre identifiée ≤ 2017, cohorte 2018 = contrôle",twfe,2,-0.0908687773155499,0.0209726137169687,-0.1319743448624794,-0.0497632097686204,1.4726833850713347e-05,96,2592,False," ; fenêtre 1998-2024 ; 96 traitées, 0 jamais traitées sur la fenêtre ; comparaisons sur la fenêtre identifiée (années < 2018, cohorte 2018 recodée contrôle, 7 unités de contrôle) ; cellules −8 et +8 bornées",event,0.0,96.0,0.0,0.0,1998.0,2024.0,,,,,,,,,,,,,,,,,
h3,H3,H3a,log(mariages de femmes / 1 000 f. 40-49),"département, bascule D3 ≥ 50 % ; fenêtre identifiée ≤ 2017, cohorte 2018 = contrôle",twfe,3,-0.1374066814881551,0.0297664247046328,-0.1957478018577588,-0.0790655611185514,3.908991354734212e-06,96,2592,False," ; fenêtre 1998-2024 ; 96 traitées, 0 jamais traitées sur la fenêtre ; comparaisons sur la fenêtre identifiée (années < 2018, cohorte 2018 recodée contrôle, 7 unités de contrôle) ; cellules −8 et +8 bornées",event,0.0,96.0,0.0,0.0,1998.0,2024.0,,,,,,,,,,,,,,,,,
h3,H3,H3a,log(mariages de femmes / 1 000 f. 40-49),"département, bascule D3 ≥ 50 % ; fenêtre identifiée ≤ 2017, cohorte 2018 = contrôle",twfe,4,-0.2311641775060423,0.0675227235125315,-0.3635062837286602,-0.0988220712834245,0.0006181980188802,96,2592,False," ; fenêtre 1998-2024 ; 96 traitées, 0 jamais traitées sur la fenêtre ; comparaisons sur la fenêtre identifiée (années < 2018, cohorte 2018 recodée contrôle, 7 unités de contrôle) ; cellules −8 et +8 bornées",event,0.0,96.0,0.0,0.0,1998.0,2024.0,,,,,,,,,,,,,,,,,
h3,H3,H3a,log(mariages de femmes / 1 000 f. 40-49),"département, bascule D3 ≥ 50 % ; fenêtre identifiée ≤ 2017, cohorte 2018 = contrôle",twfe,"ATT[1,4]",-0.1283927488852823,0.0265630686996647,-0.1804554068554885,-0.0763300909150761,1.3414931139675203e-06,96,2592,False," ; fenêtre 1998-2024 ; 96 traitées, 0 jamais traitées sur la fenêtre ; comparaisons sur la fenêtre identifiée (années < 2018, cohorte 2018 recodée contrôle, 7 unités de contrôle) ; écart-type avec covariance complète (w'Vw)",post_avg,0.0,96.0,0.0,0.0,1998.0,2024.0,,,,,,,,,,,,,,,,,
h3,H3,H3a,log(mariages de femmes / 1 000 f. 40-49),"département, bascule D3 ≥ 50 % ; fenêtre identifiée ≤ 2017, cohorte 2018 = contrôle",twfe,Wald pré (-8..−2),25.57656793352938,,,,0.000599348033658,96,2592,False,"test de Wald joint, covariance groupée, df = 7 ; fenêtre 1998-2024 ; 96 traitées, 0 jamais traitées sur la fenêtre",pre_test,0.0,96.0,0.0,0.0,1998.0,2024.0,,,,,,,,,,,7.0,,,,,,
h3,H3,H3a,log(mariages de femmes / 1 000 f. 40-49),"département, bascule D3 ≥ 50 % ; fenêtre identifiée ≤ 2017, cohorte 2018 = contrôle",twfe,ATT,-0.0596294897700835,0.011539275966484,-0.0822460550720609,-0.0370129244681061,2.372150444195477e-07,96,2592,False," ; fenêtre 1998-2024 ; 96 traitées, 0 jamais traitées sur la fenêtre ; comparaisons sur la fenêtre identifiée (années < 2018, cohorte 2018 recodée contrôle, 7 unités de contrôle)",static,0.0,96.0,0.0,0.0,1998.0,2024.0,,,,,,,,,,,,,,,,,
h3,H3,H3a,log(mariages de femmes / 1 000 f. 40-49),"département, bascule D3 ≥ 50 % ; fenêtre complète",twfe,ATT,-0.0244265664397444,0.0084174457027696,-0.0409244568589943,-0.0079286760204945,0.0037090962633642,96,2592,True," ; fenêtre 1998-2024 ; 96 traitées, 0 jamais traitées sur la fenêtre ; TWFE sur toutes les années (identification par le calendrier des bascules seulement)",static,0.0,96.0,0.0,0.0,1998.0,2024.0,,,,,,,,,,,,,,,,,
h3,H3,H3a,log(mariages de femmes / 1 000 f. 40-49),"département, bascule D3 ≥ 50 % ; fenêtre identifiée ≤ 2017, cohorte 2018 = contrôle",twfe_poisson,ATT (log du taux contrefactuel),-0.050536597026947,0.0107060686920464,-0.0715201060793699,-0.0295530879745242,2.3541693915231206e-06,96,2592,False," ; fenêtre 1998-2024 ; 96 traitées, 0 jamais traitées sur la fenêtre ; comparaisons sur la fenêtre identifiée (années < 2018, cohorte 2018 recodée contrôle, 7 unités de contrôle) ; Poisson à effets fixes, offset = log(women)",static,0.0,96.0,0.0,0.0,1998.0,2024.0,,,,,,,,,,,,,,,,,
h3,H3,H3a,log(mariages de femmes / 1 000 f. 40-49),"département, bascule D3 ≥ 50 % ; fenêtre identifiée ≤ 2017, cohorte 2018 = contrôle",twfe_poisson,ATT en % du taux contrefactuel,-4.928086545813604,1.0178464361248134,-6.902244105610123,-2.912066558362836,2.3541693915231206e-06,96,2592,False," ; fenêtre 1998-2024 ; 96 traitées, 0 jamais traitées sur la fenêtre ; comparaisons sur la fenêtre identifiée (années < 2018, cohorte 2018 recodée contrôle, 7 unités de contrôle) ; Poisson à effets fixes, offset = log(women)",static,0.0,96.0,0.0,0.0,1998.0,2024.0,,,,,,,,,,,,,,,,,
h3,H3,H3a,log(PACS / 1 000 f. 15-49),"département, 2007-2016 (série PACS disponible)",cs,-8,0.0020402916594454,0.0285572257985311,-0.0539308424040537,0.0580114257229445,0.9430430204384844,96,960,False,"fenêtre courte : effets +1..+3 seulement pour les cohortes 2013-2015 ; contrôle = not_yet_treated ; fenêtre 2007-2016 ; 74 traitées, 22 jamais traitées sur la fenêtre (dont 22 traitées après 2016) ; grappes = dep (96)",event,22.0,74.0,22.0,0.0,2007.0,2016.0,2007.0,2016.0,96.0,3.0,reg,2.0,39.0,,,,,,,,,,
h3,H3,H3a,log(PACS / 1 000 f. 15-49),"département, 2007-2016 (série PACS disponible)",cs,-7,0.0576794974510955,0.0223333171184692,0.0139070002435839,0.1014519946586071,0.0098040201860157,96,960,False,"fenêtre courte : effets +1..+3 seulement pour les cohortes 2013-2015 ; contrôle = not_yet_treated ; fenêtre 2007-2016 ; 74 traitées, 22 jamais traitées sur la fenêtre (dont 22 traitées après 2016) ; grappes = dep (96)",event,22.0,74.0,22.0,0.0,2007.0,2016.0,2007.0,2016.0,96.0,3.0,reg,3.0,72.0,,,,,,,,,,
h3,H3,H3a,log(PACS / 1 000 f. 15-49),"département, 2007-2016 (série PACS disponible)",cs,-6,0.0338409705374886,0.0196786200862401,-0.0047284160969885,0.0724103571719658,0.0854902449648148,96,960,False,"fenêtre courte : effets +1..+3 seulement pour les cohortes 2013-2015 ; contrôle = not_yet_treated ; fenêtre 2007-2016 ; 74 traitées, 22 jamais traitées sur la fenêtre (dont 22 traitées après 2016) ; grappes = dep (96)",event,22.0,74.0,22.0,0.0,2007.0,2016.0,2007.0,2016.0,96.0,3.0,reg,4.0,74.0,,,,,,,,,,
h3,H3,H3a,log(PACS / 1 000 f. 15-49),"département, 2007-2016 (série PACS disponible)",cs,-5,0.0149325977384556,0.0164637256060443,-0.0173357115007411,0.0472009069776524,0.3644068417555168,96,960,False,"fenêtre courte : effets +1..+3 seulement pour les cohortes 2013-2015 ; contrôle = not_yet_treated ; fenêtre 2007-2016 ; 74 traitées, 22 jamais traitées sur la fenêtre (dont 22 traitées après 2016) ; grappes = dep (96)",event,22.0,74.0,22.0,0.0,2007.0,2016.0,2007.0,2016.0,96.0,3.0,reg,4.0,74.0,,,,,,,,,,
h3,H3,H3a,log(PACS / 1 000 f. 15-49),"département, 2007-2016 (série PACS disponible)",cs,-4,0.0146657062947993,0.0148788972467118,-0.014496396438428,0.0438278090280268,0.324294295442084,96,960,False,"fenêtre courte : effets +1..+3 seulement pour les cohortes 2013-2015 ; contrôle = not_yet_treated ; fenêtre 2007-2016 ; 74 traitées, 22 jamais traitées sur la fenêtre (dont 22 traitées après 2016) ; grappes = dep (96)",event,22.0,74.0,22.0,0.0,2007.0,2016.0,2007.0,2016.0,96.0,3.0,reg,4.0,74.0,,,,,,,,,,
h3,H3,H3a,log(PACS / 1 000 f. 15-49),"département, 2007-2016 (série PACS disponible)",cs,-3,0.0024379119463081,0.0135681893809548,-0.0241552505757821,0.0290310744683985,0.8574049714688415,96,960,False,"fenêtre courte : effets +1..+3 seulement pour les cohortes 2013-2015 ; contrôle = not_yet_treated ; fenêtre 2007-2016 ; 74 traitées, 22 jamais traitées sur la fenêtre (dont 22 traitées après 2016) ; grappes = dep (96)",event,22.0,74.0,22.0,0.0,2007.0,2016.0,2007.0,2016.0,96.0,3.0,reg,4.0,74.0,,,,,,,,,,
h3,H3,H3a,log(PACS / 1 000 f. 15-49),"département, 2007-2016 (série PACS disponible)",cs,-2,0.0007429608475843,0.0176740394769181,-0.0338975199885142,0.0353834416836829,0.9664693264726892,96,960,False,"fenêtre courte : effets +1..+3 seulement pour les cohortes 2013-2015 ; contrôle = not_yet_treated ; fenêtre 2007-2016 ; 74 traitées, 22 jamais traitées sur la fenêtre (dont 22 traitées après 2016) ; grappes = dep (96)",event,22.0,74.0,22.0,0.0,2007.0,2016.0,2007.0,2016.0,96.0,3.0,reg,4.0,74.0,,,,,,,,,,
h3,H3,H3a,log(PACS / 1 000 f. 15-49),"département, 2007-2016 (série PACS disponible)",cs,0,-0.0073602736802401,0.0120840035207523,-0.03104448536997,0.0163239380094897,0.542463251095823,96,960,False,"fenêtre courte : effets +1..+3 seulement pour les cohortes 2013-2015 ; contrôle = not_yet_treated ; fenêtre 2007-2016 ; 74 traitées, 22 jamais traitées sur la fenêtre (dont 22 traitées après 2016) ; grappes = dep (96)",event,22.0,74.0,22.0,0.0,2007.0,2016.0,2007.0,2016.0,96.0,3.0,reg,4.0,74.0,,,,,,,,,,
h3,H3,H3a,log(PACS / 1 000 f. 15-49),"département, 2007-2016 (série PACS disponible)",cs,1,-0.033696350114949,0.0135247899781216,-0.0602044513705356,-0.0071882488593623,0.0127222551289785,96,960,False,"fenêtre courte : effets +1..+3 seulement pour les cohortes 2013-2015 ; contrôle = not_yet_treated ; fenêtre 2007-2016 ; 74 traitées, 22 jamais traitées sur la fenêtre (dont 22 traitées après 2016) ; grappes = dep (96)",event,22.0,74.0,22.0,0.0,2007.0,2016.0,2007.0,2016.0,96.0,3.0,reg,3.0,51.0,,,,,,,,,,
h3,H3,H3a,log(PACS / 1 000 f. 15-49),"département, 2007-2016 (série PACS disponible)",cs,2,-0.0517660002142198,0.0188496906185512,-0.0887107149463028,-0.0148212854821368,0.0060280444915686,96,960,False,"fenêtre courte : effets +1..+3 seulement pour les cohortes 2013-2015 ; contrôle = not_yet_treated ; fenêtre 2007-2016 ; 74 traitées, 22 jamais traitées sur la fenêtre (dont 22 traitées après 2016) ; grappes = dep (96)",event,22.0,74.0,22.0,0.0,2007.0,2016.0,2007.0,2016.0,96.0,3.0,reg,2.0,35.0,,,,,,,,,,
h3,H3,H3a,log(PACS / 1 000 f. 15-49),"département, 2007-2016 (série PACS disponible)",cs,3,0.0023796717798788,0.0389799922933548,-0.0740197092327455,0.0787790527925032,0.951320548494092,96,960,False,"fenêtre courte : effets +1..+3 seulement pour les cohortes 2013-2015 ; contrôle = not_yet_treated ; fenêtre 2007-2016 ; 74 traitées, 22 jamais traitées sur la fenêtre (dont 22 traitées après 2016) ; grappes = dep (96)",event,22.0,74.0,22.0,0.0,2007.0,2016.0,2007.0,2016.0,96.0,3.0,reg,1.0,2.0,,,,,,,,,,
h3,H3,H3a,log(PACS / 1 000 f. 15-49),"département, 2007-2016 (série PACS disponible)",cs,"ATT[1,3]",-0.0276942261830966,0.0183675278962643,-0.0636939193448094,0.0083054669786161,0.1316103550673863,96,960,False,"fenêtre courte : effets +1..+3 seulement pour les cohortes 2013-2015 ; contrôle = not_yet_treated ; fenêtre 2007-2016 ; 74 traitées, 22 jamais traitées sur la fenêtre (dont 22 traitées après 2016) ; grappes = dep (96) ; écart-type avec covariance complète des coefficients (fonctions d'influence)",post_avg,22.0,74.0,22.0,0.0,2007.0,2016.0,2007.0,2016.0,96.0,3.0,reg,,,,,3.0,,,,,,,
h3,H3,H3a,log(PACS / 1 000 f. 15-49),"département, 2007-2016 (série PACS disponible)",cs,ATT,-0.0251248442724574,0.0111828419971851,-0.0470428118317424,-0.0032068767131725,0.0246571867067151,96,960,False,"fenêtre courte : effets +1..+3 seulement pour les cohortes 2013-2015 ; contrôle = not_yet_treated ; fenêtre 2007-2016 ; 74 traitées, 22 jamais traitées sur la fenêtre (dont 22 traitées après 2016) ; grappes = dep (96) ; moyenne de tous les ATT(g,t) post",simple,22.0,74.0,22.0,0.0,2007.0,2016.0,2007.0,2016.0,96.0,3.0,reg,,,,,,,,,,,,
h3,H3,H3a,log(PACS / 1 000 f. 15-49),"département, 2007-2016 (série PACS disponible)",cs,Wald pré (-8..-2),13.276335865463391,,,,0.0656549895659238,96,960,False,"H5c : test de Wald joint de nullité des coefficients pré avec covariance des fonctions d'influence, df = 7 ; fenêtre 2007-2016 ; 74 traitées, 22 jamais traitées sur la fenêtre (dont 22 traitées après 2016)",pre_test,22.0,74.0,22.0,0.0,2007.0,2016.0,2007.0,2016.0,96.0,3.0,reg,,,,,,7.0,,,,,,
h3,H3,H3a,log(PACS / 1 000 f. 15-49),"département, 2007-2016 (série PACS disponible)",twfe,-8,0.0167038359217491,0.0335206824613083,-0.0489954944396186,0.082403166283117,0.6182625196565641,96,960,False,"fenêtre courte : effets +1..+3 seulement pour les cohortes 2013-2015 ; fenêtre 2007-2016 ; 74 traitées, 22 jamais traitées sur la fenêtre (dont 22 traitées après 2016) ; cellules −8 et +8 bornées",event,22.0,74.0,22.0,0.0,2007.0,2016.0,,,,,,,,,,,,,,,,,
h3,H3,H3a,log(PACS / 1 000 f. 15-49),"département, 2007-2016 (série PACS disponible)",twfe,-7,0.0619386435422329,0.0275147825000266,0.0080106607997277,0.1158666262847381,0.0243789359589826,96,960,False,"fenêtre courte : effets +1..+3 seulement pour les cohortes 2013-2015 ; fenêtre 2007-2016 ; 74 traitées, 22 jamais traitées sur la fenêtre (dont 22 traitées après 2016) ; cellules −8 et +8 bornées",event,22.0,74.0,22.0,0.0,2007.0,2016.0,,,,,,,,,,,,,,,,,
h3,H3,H3a,log(PACS / 1 000 f. 15-49),"département, 2007-2016 (série PACS disponible)",twfe,-6,0.0458502698714123,0.0243033684642045,-0.0017834570214351,0.0934839967642598,0.0592167226202509,96,960,False,"fenêtre courte : effets +1..+3 seulement pour les cohortes 2013-2015 ; fenêtre 2007-2016 ; 74 traitées, 22 jamais traitées sur la fenêtre (dont 22 traitées après 2016) ; cellules −8 et +8 bornées",event,22.0,74.0,22.0,0.0,2007.0,2016.0,,,,,,,,,,,,,,,,,
h3,H3,H3a,log(PACS / 1 000 f. 15-49),"département, 2007-2016 (série PACS disponible)",twfe,-5,0.036473467721047,0.0214617249017154,-0.0055907401324216,0.0785376755745157,0.0892314510671083,96,960,False,"fenêtre courte : effets +1..+3 seulement pour les cohortes 2013-2015 ; fenêtre 2007-2016 ; 74 traitées, 22 jamais traitées sur la fenêtre (dont 22 traitées après 2016) ; cellules −8 et +8 bornées",event,22.0,74.0,22.0,0.0,2007.0,2016.0,,,,,,,,,,,,,,,,,
h3,H3,H3a,log(PACS / 1 000 f. 15-49),"département, 2007-2016 (série PACS disponible)",twfe,-4,0.036635751139123,0.0172090802968253,0.0029065735502875,0.0703649287279585,0.0332657081781629,96,960,False,"fenêtre courte : effets +1..+3 seulement pour les cohortes 2013-2015 ; fenêtre 2007-2016 ; 74 traitées, 22 jamais traitées sur la fenêtre (dont 22 traitées après 2016) ; cellules −8 et +8 bornées",event,22.0,74.0,22.0,0.0,2007.0,2016.0,,,,,,,,,,,,,,,,,
h3,H3,H3a,log(PACS / 1 000 f. 15-49),"département, 2007-2016 (série PACS disponible)",twfe,-3,0.0136660203433752,0.0128609436965997,-0.0115409661091576,0.0388730067959081,0.287964037122195,96,960,False,"fenêtre courte : effets +1..+3 seulement pour les cohortes 2013-2015 ; fenêtre 2007-2016 ; 74 traitées, 22 jamais traitées sur la fenêtre (dont 22 traitées après 2016) ; cellules −8 et +8 bornées",event,22.0,74.0,22.0,0.0,2007.0,2016.0,,,,,,,,,,,,,,,,,
h3,H3,H3a,log(PACS / 1 000 f. 15-49),"département, 2007-2016 (série PACS disponible)",twfe,-2,0.0060978102338264,0.0163256998199843,-0.0258999734357548,0.0380955939034077,0.7087689909375807,96,960,False,"fenêtre courte : effets +1..+3 seulement pour les cohortes 2013-2015 ; fenêtre 2007-2016 ; 74 traitées, 22 jamais traitées sur la fenêtre (dont 22 traitées après 2016) ; cellules −8 et +8 bornées",event,22.0,74.0,22.0,0.0,2007.0,2016.0,,,,,,,,,,,,,,,,,
h3,H3,H3a,log(PACS / 1 000 f. 15-49),"département, 2007-2016 (série PACS disponible)",twfe,0,-0.0097551157319898,0.0109808992282099,-0.0312772827371451,0.0117670512731653,0.3743410576596346,96,960,False,"fenêtre courte : effets +1..+3 seulement pour les cohortes 2013-2015 ; fenêtre 2007-2016 ; 74 traitées, 22 jamais traitées sur la fenêtre (dont 22 traitées après 2016) ; cellules −8 et +8 bornées",event,22.0,74.0,22.0,0.0,2007.0,2016.0,,,,,,,,,,,,,,,,,
h3,H3,H3a,log(PACS / 1 000 f. 15-49),"département, 2007-2016 (série PACS disponible)",twfe,1,-0.032559190372292,0.0130316999294292,-0.0581008528913064,-0.0070175278532776,0.0124733965601844,96,960,False,"fenêtre courte : effets +1..+3 seulement pour les cohortes 2013-2015 ; fenêtre 2007-2016 ; 74 traitées, 22 jamais traitées sur la fenêtre (dont 22 traitées après 2016) ; cellules −8 et +8 bornées",event,22.0,74.0,22.0,0.0,2007.0,2016.0,,,,,,,,,,,,,,,,,
h3,H3,H3a,log(PACS / 1 000 f. 15-49),"département, 2007-2016 (série PACS disponible)",twfe,2,-0.0555567494167045,0.0187152218847804,-0.09223791027355,-0.018875588559859,0.0029922519690937,96,960,False,"fenêtre courte : effets +1..+3 seulement pour les cohortes 2013-2015 ; fenêtre 2007-2016 ; 74 traitées, 22 jamais traitées sur la fenêtre (dont 22 traitées après 2016) ; cellules −8 et +8 bornées",event,22.0,74.0,22.0,0.0,2007.0,2016.0,,,,,,,,,,,,,,,,,
h3,H3,H3a,log(PACS / 1 000 f. 15-49),"département, 2007-2016 (série PACS disponible)",twfe,3,-0.0652255091949264,0.0207964610797659,-0.1059858239171566,-0.0244651944726961,0.0017105009512224,96,960,False,"fenêtre courte : effets +1..+3 seulement pour les cohortes 2013-2015 ; fenêtre 2007-2016 ; 74 traitées, 22 jamais traitées sur la fenêtre (dont 22 traitées après 2016) ; cellules −8 et +8 bornées",event,22.0,74.0,22.0,0.0,2007.0,2016.0,,,,,,,,,,,,,,,,,
h3,H3,H3a,log(PACS / 1 000 f. 15-49),"département, 2007-2016 (série PACS disponible)",twfe,"ATT[1,3]",-0.0511138163279743,0.0151960677574181,-0.0808975618391443,-0.0213300708168043,0.0007692703798022,96,960,False,"fenêtre courte : effets +1..+3 seulement pour les cohortes 2013-2015 ; fenêtre 2007-2016 ; 74 traitées, 22 jamais traitées sur la fenêtre (dont 22 traitées après 2016) ; écart-type avec covariance complète (w'Vw)",post_avg,22.0,74.0,22.0,0.0,2007.0,2016.0,,,,,,,,,,,,,,,,,
h3,H3,H3a,log(PACS / 1 000 f. 15-49),"département, 2007-2016 (série PACS disponible)",twfe,Wald pré (-8..−2),15.48920736851394,,,,0.0302155059094129,96,960,False,"test de Wald joint, covariance groupée, df = 7 ; fenêtre 2007-2016 ; 74 traitées, 22 jamais traitées sur la fenêtre (dont 22 traitées après 2016)",pre_test,22.0,74.0,22.0,0.0,2007.0,2016.0,,,,,,,,,,,7.0,,,,,,
h3,H3,H3a,log(PACS / 1 000 f. 15-49),"département, 2007-2016 (série PACS disponible)",twfe,ATT,-0.0342767356513066,0.0130049121203535,-0.0597658950293079,-0.0087875762733052,0.0083969849815871,96,960,False,"fenêtre courte : effets +1..+3 seulement pour les cohortes 2013-2015 ; fenêtre 2007-2016 ; 74 traitées, 22 jamais traitées sur la fenêtre (dont 22 traitées après 2016)",static,22.0,74.0,22.0,0.0,2007.0,2016.0,,,,,,,,,,,,,,,,,
h3,H3,H3a,"part des 15-24 ans en couple (RP 2011 → 2016, deux sexes)","commune, différence longue entre millésimes",long_diff,Δ2011→2016 sur treated_by_2016,-0.000414210819736,0.0011316668364901,-0.002632237061755,0.0018038154222829,0.714351388562033,31192,31192,False,Δ régressée sur bascule 4G ≤ 2016 et les covariables de pré-période ; erreurs groupées par département ; observé aux seuls millésimes RP (A2),long_diff,,,,,,,,,,,,,,,,,,,,,,,
h3,H3,H3a,"part des 15-24 ans en couple (RP 2011 → 2021, deux sexes)","commune, différence longue entre millésimes",long_diff,Δ2011→2021 sur exposure_2021,-0.0003745826890739,0.0001950197505428,-0.0007568143764119,7.648998264082473e-06,0.054764200818866,31191,31191,False,Δ régressée sur années d'exposition à la 4G en 2021 et les covariables de pré-période ; erreurs groupées par département ; observé aux seuls millésimes RP (A2),long_diff,,,,,,,,,,,,,,,,,,,,,,,
h3,H3,H3a,"part des 15-24 ans en couple (RP, deux sexes, millésimes interpolés)",commune,cs,-8,0.0018031532888575,0.0009202985246451,-5.986744723448199e-07,0.0036069052521874,0.0500760881023918,34258,582386,True,"résultat interpolé linéairement entre millésimes RP : coefficients pré mécaniquement contaminés et effet lissé ; lecture descriptive seulement (A2) ; contrôle = not_yet_treated ; fenêtre 2008-2024 ; 19636 traitées, 14622 jamais traitées sur la fenêtre (dont 1603 traitées après 2024) ; 424 unités incomplètes exclues",event,14622.0,19636.0,1603.0,424.0,2008.0,2024.0,2008.0,2024.0,34258.0,5.0,reg,9.0,15936.0,,,,,,,,,,
h3,H3,H3a,"part des 15-24 ans en couple (RP, deux sexes, millésimes interpolés)",commune,cs,-7,0.0016918912606678,0.0008541674360916,1.775384916130867e-05,0.0033660286721744,0.0476194332134775,34258,582386,True,"résultat interpolé linéairement entre millésimes RP : coefficients pré mécaniquement contaminés et effet lissé ; lecture descriptive seulement (A2) ; contrôle = not_yet_treated ; fenêtre 2008-2024 ; 19636 traitées, 14622 jamais traitées sur la fenêtre (dont 1603 traitées après 2024) ; 424 unités incomplètes exclues",event,14622.0,19636.0,1603.0,424.0,2008.0,2024.0,2008.0,2024.0,34258.0,5.0,reg,10.0,17207.0,,,,,,,,,,
h3,H3,H3a,"part des 15-24 ans en couple (RP, deux sexes, millésimes interpolés)",commune,cs,-6,0.0014148786034843,0.0007258248413082,-7.711944564299262e-06,0.0028374691515329,0.0512549650264247,34258,582386,True,"résultat interpolé linéairement entre millésimes RP : coefficients pré mécaniquement contaminés et effet lissé ; lecture descriptive seulement (A2) ; contrôle = not_yet_treated ; fenêtre 2008-2024 ; 19636 traitées, 14622 jamais traitées sur la fenêtre (dont 1603 traitées après 2024) ; 424 unités incomplètes exclues",event,14622.0,19636.0,1603.0,424.0,2008.0,2024.0,2008.0,2024.0,34258.0,5.0,reg,11.0,19498.0,,,,,,,,,,
h3,H3,H3a,"part des 15-24 ans en couple (RP, deux sexes, millésimes interpolés)",commune,cs,-5,0.0009560758617632,0.0006200710867917,-0.0002592411362031,0.0021713928597295,0.1231025003609817,34258,582386,True,"résultat interpolé linéairement entre millésimes RP : coefficients pré mécaniquement contaminés et effet lissé ; lecture descriptive seulement (A2) ; contrôle = not_yet_treated ; fenêtre 2008-2024 ; 19636 traitées, 14622 jamais traitées sur la fenêtre (dont 1603 traitées après 2024) ; 424 unités incomplètes exclues",event,14622.0,19636.0,1603.0,424.0,2008.0,2024.0,2008.0,2024.0,34258.0,5.0,reg,12.0,19636.0,,,,,,,,,,
h3,H3,H3a,"part des 15-24 ans en couple (RP, deux sexes, millésimes interpolés)",commune,cs,-4,0.0008078029154088,0.0004969143824895,-0.0001661313776706,0.0017817372084884,0.1040266811055452,34258,582386,True,"résultat interpolé linéairement entre millésimes RP : coefficients pré mécaniquement contaminés et effet lissé ; lecture descriptive seulement (A2) ; contrôle = not_yet_treated ; fenêtre 2008-2024 ; 19636 traitées, 14622 jamais traitées sur la fenêtre (dont 1603 traitées après 2024) ; 424 unités incomplètes exclues",event,14622.0,19636.0,1603.0,424.0,2008.0,2024.0,2008.0,2024.0,34258.0,5.0,reg,12.0,19636.0,,,,,,,,,,
h3,H3,H3a,"part des 15-24 ans en couple (RP, deux sexes, millésimes interpolés)",commune,cs,-3,0.0002924149741176,0.0003721174125242,-0.0004369217524501,0.0010217517006854,0.4319766182005011,34258,582386,True,"résultat interpolé linéairement entre millésimes RP : coefficients pré mécaniquement contaminés et effet lissé ; lecture descriptive seulement (A2) ; contrôle = not_yet_treated ; fenêtre 2008-2024 ; 19636 traitées, 14622 jamais traitées sur la fenêtre (dont 1603 traitées après 2024) ; 424 unités incomplètes exclues",event,14622.0,19636.0,1603.0,424.0,2008.0,2024.0,2008.0,2024.0,34258.0,5.0,reg,12.0,19636.0,,,,,,,,,,
h3,H3,H3a,"part des 15-24 ans en couple (RP, deux sexes, millésimes interpolés)",commune,cs,-2,9.936925728003485e-05,0.0002313445313775,-0.0003540576922401,0.0005527962068002,0.6675380674537224,34258,582386,True,"résultat interpolé linéairement entre millésimes RP : coefficients pré mécaniquement contaminés et effet lissé ; lecture descriptive seulement (A2) ; contrôle = not_yet_treated ; fenêtre 2008-2024 ; 19636 traitées, 14622 jamais traitées sur la fenêtre (dont 1603 traitées après 2024) ; 424 unités incomplètes exclues",event,14622.0,19636.0,1603.0,424.0,2008.0,2024.0,2008.0,2024.0,34258.0,5.0,reg,12.0,19636.0,,,,,,,,,,
h3,H3,H3a,"part des 15-24 ans en couple (RP, deux sexes, millésimes interpolés)",commune,cs,0,0.0001442935408705,0.0001897479127914,-0.0002276055343424,0.0005161926160835,0.4469864626312979,34258,582386,True,"résultat interpolé linéairement entre millésimes RP : coefficients pré mécaniquement contaminés et effet lissé ; lecture descriptive seulement (A2) ; contrôle = not_yet_treated ; fenêtre 2008-2024 ; 19636 traitées, 14622 jamais traitées sur la fenêtre (dont 1603 traitées après 2024) ; 424 unités incomplètes exclues",event,14622.0,19636.0,1603.0,424.0,2008.0,2024.0,2008.0,2024.0,34258.0,5.0,reg,12.0,19636.0,,,,,,,,,,
h3,H3,H3a,"part des 15-24 ans en couple (RP, deux sexes, millésimes interpolés)",commune,cs,1,0.0002210607487978,0.0003433755501317,-0.0004519429626319,0.0008940644602276,0.5197135015564724,34258,582386,True,"résultat interpolé linéairement entre millésimes RP : coefficients pré mécaniquement contaminés et effet lissé ; lecture descriptive seulement (A2) ; contrôle = not_yet_treated ; fenêtre 2008-2024 ; 19636 traitées, 14622 jamais traitées sur la fenêtre (dont 1603 traitées après 2024) ; 424 unités incomplètes exclues",event,14622.0,19636.0,1603.0,424.0,2008.0,2024.0,2008.0,2024.0,34258.0,5.0,reg,11.0,18809.0,,,,,,,,,,
h3,H3,H3a,"part des 15-24 ans en couple (RP, deux sexes, millésimes interpolés)",commune,cs,2,-2.9155337818663994e-06,0.0004963321453946,-0.0009757086631247,0.000969877595561,0.9953131264325966,34258,582386,True,"résultat interpolé linéairement entre millésimes RP : coefficients pré mécaniquement contaminés et effet lissé ; lecture descriptive seulement (A2) ; contrôle = not_yet_treated ; fenêtre 2008-2024 ; 19636 traitées, 14622 jamais traitées sur la fenêtre (dont 1603 traitées après 2024) ; 424 unités incomplètes exclues",event,14622.0,19636.0,1603.0,424.0,2008.0,2024.0,2008.0,2024.0,34258.0,5.0,reg,10.0,17605.0,,,,,,,,,,
h3,H3,H3a,"part des 15-24 ans en couple (RP, deux sexes, millésimes interpolés)",commune,cs,3,-0.0005460269453753,0.0006600099945709,-0.0018396227641708,0.0007475688734202,0.4080664626517318,34258,582386,True,"résultat interpolé linéairement entre millésimes RP : coefficients pré mécaniquement contaminés et effet lissé ; lecture descriptive seulement (A2) ; contrôle = not_yet_treated ; fenêtre 2008-2024 ; 19636 traitées, 14622 jamais traitées sur la fenêtre (dont 1603 traitées après 2024) ; 424 unités incomplètes exclues",event,14622.0,19636.0,1603.0,424.0,2008.0,2024.0,2008.0,2024.0,34258.0,5.0,reg,9.0,16270.0,,,,,,,,,,
h3,H3,H3a,"part des 15-24 ans en couple (RP, deux sexes, millésimes interpolés)",commune,cs,4,-0.0008889631367664,0.0008513106425342,-0.0025575013357892,0.0007795750622563,0.2963795202578025,34258,582386,True,"résultat interpolé linéairement entre millésimes RP : coefficients pré mécaniquement contaminés et effet lissé ; lecture descriptive seulement (A2) ; contrôle = not_yet_treated ; fenêtre 2008-2024 ; 19636 traitées, 14622 jamais traitées sur la fenêtre (dont 1603 traitées après 2024) ; 424 unités incomplètes exclues",event,14622.0,19636.0,1603.0,424.0,2008.0,2024.0,2008.0,2024.0,34258.0,5.0,reg,8.0,13937.0,,,,,,,,,,
h3,H3,H3a,"part des 15-24 ans en couple (RP, deux sexes, millésimes interpolés)",commune,cs,5,-0.0009048743387193,0.0009788507217345,-0.0028233864995601,0.0010136378221215,0.3552649450744534,34258,582386,True,"résultat interpolé linéairement entre millésimes RP : coefficients pré mécaniquement contaminés et effet lissé ; lecture descriptive seulement (A2) ; contrôle = not_yet_treated ; fenêtre 2008-2024 ; 19636 traitées, 14622 jamais traitées sur la fenêtre (dont 1603 traitées après 2024) ; 424 unités incomplètes exclues",event,14622.0,19636.0,1603.0,424.0,2008.0,2024.0,2008.0,2024.0,34258.0,5.0,reg,7.0,13442.0,,,,,,,,,,
h3,H3,H3a,"part des 15-24 ans en couple (RP, deux sexes, millésimes interpolés)",commune,cs,6,-0.0007066408650682,0.0011206356551824,-0.0029030463890173,0.0014897646588808,0.5283207624768713,34258,582386,True,"résultat interpolé linéairement entre millésimes RP : coefficients pré mécaniquement contaminés et effet lissé ; lecture descriptive seulement (A2) ; contrôle = not_yet_treated ; fenêtre 2008-2024 ; 19636 traitées, 14622 jamais traitées sur la fenêtre (dont 1603 traitées après 2024) ; 424 unités incomplètes exclues",event,14622.0,19636.0,1603.0,424.0,2008.0,2024.0,2008.0,2024.0,34258.0,5.0,reg,6.0,11332.0,,,,,,,,,,
h3,H3,H3a,"part des 15-24 ans en couple (RP, deux sexes, millésimes interpolés)",commune,cs,7,-0.0003023088388841,0.0012612887501093,-0.0027743893632039,0.0021697716854357,0.8105764037361312,34258,582386,True,"résultat interpolé linéairement entre millésimes RP : coefficients pré mécaniquement contaminés et effet lissé ; lecture descriptive seulement (A2) ; contrôle = not_yet_treated ; fenêtre 2008-2024 ; 19636 traitées, 14622 jamais traitées sur la fenêtre (dont 1603 traitées après 2024) ; 424 unités incomplètes exclues",event,14622.0,19636.0,1603.0,424.0,2008.0,2024.0,2008.0,2024.0,34258.0,5.0,reg,5.0,8709.0,,,,,,,,,,
h3,H3,H3a,"part des 15-24 ans en couple (RP, deux sexes, millésimes interpolés)",commune,cs,8,-0.000358306221833,0.0013384880042716,-0.0029816945039443,0.0022650820602782,0.7889342854331522,34258,582386,True,"résultat interpolé linéairement entre millésimes RP : coefficients pré mécaniquement contaminés et effet lissé ; lecture descriptive seulement (A2) ; contrôle = not_yet_treated ; fenêtre 2008-2024 ; 19636 traitées, 14622 jamais traitées sur la fenêtre (dont 1603 traitées après 2024) ; 424 unités incomplètes exclues",event,14622.0,19636.0,1603.0,424.0,2008.0,2024.0,2008.0,2024.0,34258.0,5.0,reg,4.0,5899.0,,,,,,,,,,
h3,H3,H3a,"part des 15-24 ans en couple (RP, deux sexes, millésimes interpolés)",commune,cs,"ATT[1,5]",-0.000424343841169,0.0006321651142598,-0.0016633646974008,0.0008146770150628,0.5020582501969897,34258,582386,True,"résultat interpolé linéairement entre millésimes RP : coefficients pré mécaniquement contaminés et effet lissé ; lecture descriptive seulement (A2) ; contrôle = not_yet_treated ; fenêtre 2008-2024 ; 19636 traitées, 14622 jamais traitées sur la fenêtre (dont 1603 traitées après 2024) ; 424 unités incomplètes exclues ; écart-type avec covariance complète des coefficients (fonctions d'influence)",post_avg,14622.0,19636.0,1603.0,424.0,2008.0,2024.0,2008.0,2024.0,34258.0,5.0,reg,,,,,5.0,,,,,,,
h3,H3,H3a,"part des 15-24 ans en couple (RP, deux sexes, millésimes interpolés)",commune,cs,ATT,-0.0002260982689227,0.000636459576254,-0.0014735361159963,0.0010213395781507,0.7224070123913453,34258,582386,True,"résultat interpolé linéairement entre millésimes RP : coefficients pré mécaniquement contaminés et effet lissé ; lecture descriptive seulement (A2) ; contrôle = not_yet_treated ; fenêtre 2008-2024 ; 19636 traitées, 14622 jamais traitées sur la fenêtre (dont 1603 traitées après 2024) ; 424 unités incomplètes exclues ; moyenne de tous les ATT(g,t) post",simple,14622.0,19636.0,1603.0,424.0,2008.0,2024.0,2008.0,2024.0,34258.0,5.0,reg,,,,,,,,,,,,
h3,H3,H3a,"part des 15-24 ans en couple (RP, deux sexes, millésimes interpolés)",commune,cs,Wald pré (-8..-2),9.678318085219008,,,,0.2075474727242083,34258,582386,True,"H5c : test de Wald joint de nullité des coefficients pré avec covariance des fonctions d'influence, df = 7 ; fenêtre 2008-2024 ; 19636 traitées, 14622 jamais traitées sur la fenêtre (dont 1603 traitées après 2024) ; 424 unités incomplètes exclues",pre_test,14622.0,19636.0,1603.0,424.0,2008.0,2024.0,2008.0,2024.0,34258.0,5.0,reg,,,,,,7.0,,,,,,
h3,H3,H3a,"part des 15-24 ans en couple (RP, deux sexes, millésimes interpolés)",commune,twfe,-8,0.0008977309351243,0.0012130538908499,-0.0014798110022478,0.0032752728724965,0.459264452413203,34258,582386,True,"résultat interpolé linéairement entre millésimes RP : coefficients pré mécaniquement contaminés et effet lissé ; lecture descriptive seulement (A2) ; fenêtre 2008-2024 ; 19636 traitées, 14622 jamais traitées sur la fenêtre (dont 1603 traitées après 2024) ; 424 unités incomplètes exclues ; cellules −8 et +8 bornées",event,14622.0,19636.0,1603.0,424.0,2008.0,2024.0,,,,,,,,,,,,,,,,,
h3,H3,H3a,"part des 15-24 ans en couple (RP, deux sexes, millésimes interpolés)",commune,twfe,-7,0.0017674415102602,0.0009383421379205,-7.167528524041982e-05,0.0036065583057609,0.0596219497562462,34258,582386,True,"résultat interpolé linéairement entre millésimes RP : coefficients pré mécaniquement contaminés et effet lissé ; lecture descriptive seulement (A2) ; fenêtre 2008-2024 ; 19636 traitées, 14622 jamais traitées sur la fenêtre (dont 1603 traitées après 2024) ; 424 unités incomplètes exclues ; cellules −8 et +8 bornées",event,14622.0,19636.0,1603.0,424.0,2008.0,2024.0,,,,,,,,,,,,,,,,,
h3,H3,H3a,"part des 15-24 ans en couple (RP, deux sexes, millésimes interpolés)",commune,twfe,-6,0.0014685507674232,0.0008094834666716,-0.0001180076733338,0.0030551092081804,0.0696496281199516,34258,582386,True,"résultat interpolé linéairement entre millésimes RP : coefficients pré mécaniquement contaminés et effet lissé ; lecture descriptive seulement (A2) ; fenêtre 2008-2024 ; 19636 traitées, 14622 jamais traitées sur la fenêtre (dont 1603 traitées après 2024) ; 424 unités incomplètes exclues ; cellules −8 et +8 bornées",event,14622.0,19636.0,1603.0,424.0,2008.0,2024.0,,,,,,,,,,,,,,,,,
h3,H3,H3a,"part des 15-24 ans en couple (RP, deux sexes, millésimes interpolés)",commune,twfe,-5,0.0010568763397746,0.000682992159425,-0.0002817636944216,0.002395516373971,0.1217617855090637,34258,582386,True,"résultat interpolé linéairement entre millésimes RP : coefficients pré mécaniquement contaminés et effet lissé ; lecture descriptive seulement (A2) ; fenêtre 2008-2024 ; 19636 traitées, 14622 jamais traitées sur la fenêtre (dont 1603 traitées après 2024) ; 424 unités incomplètes exclues ; cellules −8 et +8 bornées",event,14622.0,19636.0,1603.0,424.0,2008.0,2024.0,,,,,,,,,,,,,,,,,
h3,H3,H3a,"part des 15-24 ans en couple (RP, deux sexes, millésimes interpolés)",commune,twfe,-4,0.0009410698601351,0.0005381390137091,-0.0001136632254107,0.001995802945681,0.080334480884838,34258,582386,True,"résultat interpolé linéairement entre millésimes RP : coefficients pré mécaniquement contaminés et effet lissé ; lecture descriptive seulement (A2) ; fenêtre 2008-2024 ; 19636 traitées, 14622 jamais traitées sur la fenêtre (dont 1603 traitées après 2024) ; 424 unités incomplètes exclues ; cellules −8 et +8 bornées",event,14622.0,19636.0,1603.0,424.0,2008.0,2024.0,,,,,,,,,,,,,,,,,
h3,H3,H3a,"part des 15-24 ans en couple (RP, deux sexes, millésimes interpolés)",commune,twfe,-3,0.0004152276722585,0.0003938664193571,-0.0003567363244011,0.0011871916689181,0.291775446873336,34258,582386,True,"résultat interpolé linéairement entre millésimes RP : coefficients pré mécaniquement contaminés et effet lissé ; lecture descriptive seulement (A2) ; fenêtre 2008-2024 ; 19636 traitées, 14622 jamais traitées sur la fenêtre (dont 1603 traitées après 2024) ; 424 unités incomplètes exclues ; cellules −8 et +8 bornées",event,14622.0,19636.0,1603.0,424.0,2008.0,2024.0,,,,,,,,,,,,,,,,,
h3,H3,H3a,"part des 15-24 ans en couple (RP, deux sexes, millésimes interpolés)",commune,twfe,-2,0.0001653237912155,0.0002368842906654,-0.0002989608869921,0.0006296084694232,0.4852338077745217,34258,582386,True,"résultat interpolé linéairement entre millésimes RP : coefficients pré mécaniquement contaminés et effet lissé ; lecture descriptive seulement (A2) ; fenêtre 2008-2024 ; 19636 traitées, 14622 jamais traitées sur la fenêtre (dont 1603 traitées après 2024) ; 424 unités incomplètes exclues ; cellules −8 et +8 bornées",event,14622.0,19636.0,1603.0,424.0,2008.0,2024.0,,,,,,,,,,,,,,,,,
h3,H3,H3a,"part des 15-24 ans en couple (RP, deux sexes, millésimes interpolés)",commune,twfe,0,8.147551076007534e-05,0.0001974309983991,-0.0003054821355339,0.0004684331570541,0.6798422440134921,34258,582386,True,"résultat interpolé linéairement entre millésimes RP : coefficients pré mécaniquement contaminés et effet lissé ; lecture descriptive seulement (A2) ; fenêtre 2008-2024 ; 19636 traitées, 14622 jamais traitées sur la fenêtre (dont 1603 traitées après 2024) ; 424 unités incomplètes exclues ; cellules −8 et +8 bornées",event,14622.0,19636.0,1603.0,424.0,2008.0,2024.0,,,,,,,,,,,,,,,,,
h3,H3,H3a,"part des 15-24 ans en couple (RP, deux sexes, millésimes interpolés)",commune,twfe,1,-7.435346481114584e-05,0.0003645835623828,-0.0007889241164368,0.0006402171868145,0.8383997581803796,34258,582386,True,"résultat interpolé linéairement entre millésimes RP : coefficients pré mécaniquement contaminés et effet lissé ; lecture descriptive seulement (A2) ; fenêtre 2008-2024 ; 19636 traitées, 14622 jamais traitées sur la fenêtre (dont 1603 traitées après 2024) ; 424 unités incomplètes exclues ; cellules −8 et +8 bornées",event,14622.0,19636.0,1603.0,424.0,2008.0,2024.0,,,,,,,,,,,,,,,,,
h3,H3,H3a,"part des 15-24 ans en couple (RP, deux sexes, millésimes interpolés)",commune,twfe,2,-0.0003210806035218,0.0005084880761887,-0.0013176989194198,0.0006755377123762,0.5277517212347418,34258,582386,True,"résultat interpolé linéairement entre millésimes RP : coefficients pré mécaniquement contaminés et effet lissé ; lecture descriptive seulement (A2) ; fenêtre 2008-2024 ; 19636 traitées, 14622 jamais traitées sur la fenêtre (dont 1603 traitées après 2024) ; 424 unités incomplètes exclues ; cellules −8 et +8 bornées",event,14622.0,19636.0,1603.0,424.0,2008.0,2024.0,,,,,,,,,,,,,,,,,
h3,H3,H3a,"part des 15-24 ans en couple (RP, deux sexes, millésimes interpolés)",commune,twfe,3,-0.0007059694293385,0.0006390590832532,-0.001958502216508,0.0005465633578308,0.2692890200620597,34258,582386,True,"résultat interpolé linéairement entre millésimes RP : coefficients pré mécaniquement contaminés et effet lissé ; lecture descriptive seulement (A2) ; fenêtre 2008-2024 ; 19636 traitées, 14622 jamais traitées sur la fenêtre (dont 1603 traitées après 2024) ; 424 unités incomplètes exclues ; cellules −8 et +8 bornées",event,14622.0,19636.0,1603.0,424.0,2008.0,2024.0,,,,,,,,,,,,,,,,,
h3,H3,H3a,"part des 15-24 ans en couple (RP, deux sexes, millésimes interpolés)",commune,twfe,4,-0.0007079003413068,0.0007721971346566,-0.0022213789141989,0.0008055782315852,0.3592813843685972,34258,582386,True,"résultat interpolé linéairement entre millésimes RP : coefficients pré mécaniquement contaminés et effet lissé ; lecture descriptive seulement (A2) ; fenêtre 2008-2024 ; 19636 traitées, 14622 jamais traitées sur la fenêtre (dont 1603 traitées après 2024) ; 424 unités incomplètes exclues ; cellules −8 et +8 bornées",event,14622.0,19636.0,1603.0,424.0,2008.0,2024.0,,,,,,,,,,,,,,,,,
h3,H3,H3a,"part des 15-24 ans en couple (RP, deux sexes, millésimes interpolés)",commune,twfe,5,-0.0007363276526498,0.0008656692415158,-0.002433008188545,0.0009603528832454,0.3949983964724938,34258,582386,True,"résultat interpolé linéairement entre millésimes RP : coefficients pré mécaniquement contaminés et effet lissé ; lecture descriptive seulement (A2) ; fenêtre 2008-2024 ; 19636 traitées, 14622 jamais traitées sur la fenêtre (dont 1603 traitées après 2024) ; 424 unités incomplètes exclues ; cellules −8 et +8 bornées",event,14622.0,19636.0,1603.0,424.0,2008.0,2024.0,,,,,,,,,,,,,,,,,
h3,H3,H3a,"part des 15-24 ans en couple (RP, deux sexes, millésimes interpolés)",commune,twfe,6,-0.0004373135050401,0.0009651885606053,-0.0023290483221167,0.0014544213120364,0.6504867556948203,34258,582386,True,"résultat interpolé linéairement entre millésimes RP : coefficients pré mécaniquement contaminés et effet lissé ; lecture descriptive seulement (A2) ; fenêtre 2008-2024 ; 19636 traitées, 14622 jamais traitées sur la fenêtre (dont 1603 traitées après 2024) ; 424 unités incomplètes exclues ; cellules −8 et +8 bornées",event,14622.0,19636.0,1603.0,424.0,2008.0,2024.0,,,,,,,,,,,,,,,,,
h3,H3,H3a,"part des 15-24 ans en couple (RP, deux sexes, millésimes interpolés)",commune,twfe,7,-2.053661305330149e-05,0.001067932757932,-0.0021136463565106,0.002072573130404,0.9846574266969432,34258,582386,True,"résultat interpolé linéairement entre millésimes RP : coefficients pré mécaniquement contaminés et effet lissé ; lecture descriptive seulement (A2) ; fenêtre 2008-2024 ; 19636 traitées, 14622 jamais traitées sur la fenêtre (dont 1603 traitées après 2024) ; 424 unités incomplètes exclues ; cellules −8 et +8 bornées",event,14622.0,19636.0,1603.0,424.0,2008.0,2024.0,,,,,,,,,,,,,,,,,
h3,H3,H3a,"part des 15-24 ans en couple (RP, deux sexes, millésimes interpolés)",commune,twfe,8,0.0006312588928121,0.0011653336462999,-0.0016527530839084,0.0029152708695327,0.5880265752757559,34258,582386,True,"résultat interpolé linéairement entre millésimes RP : coefficients pré mécaniquement contaminés et effet lissé ; lecture descriptive seulement (A2) ; fenêtre 2008-2024 ; 19636 traitées, 14622 jamais traitées sur la fenêtre (dont 1603 traitées après 2024) ; 424 unités incomplètes exclues ; cellules −8 et +8 bornées",event,14622.0,19636.0,1603.0,424.0,2008.0,2024.0,,,,,,,,,,,,,,,,,
h3,H3,H3a,"part des 15-24 ans en couple (RP, deux sexes, millésimes interpolés)",commune,twfe,"ATT[1,5]",-0.0005091262983256,0.0005880547747949,-0.0016616924778606,0.0006434398812093,0.3866105994188846,34258,582386,True,"résultat interpolé linéairement entre millésimes RP : coefficients pré mécaniquement contaminés et effet lissé ; lecture descriptive seulement (A2) ; fenêtre 2008-2024 ; 19636 traitées, 14622 jamais traitées sur la fenêtre (dont 1603 traitées après 2024) ; 424 unités incomplètes exclues ; écart-type avec covariance complète (w'Vw)",post_avg,14622.0,19636.0,1603.0,424.0,2008.0,2024.0,,,,,,,,,,,,,,,,,
h3,H3,H3a,"part des 15-24 ans en couple (RP, deux sexes, millésimes interpolés)",commune,twfe,Wald pré (-8..−2),11.857753770375126,,,,0.105334823303135,34258,582386,True,"test de Wald joint, covariance groupée, df = 7 ; fenêtre 2008-2024 ; 19636 traitées, 14622 jamais traitées sur la fenêtre (dont 1603 traitées après 2024) ; 424 unités incomplètes exclues",pre_test,14622.0,19636.0,1603.0,424.0,2008.0,2024.0,,,,,,,,,,,7.0,,,,,,
h3,H3,H3a,"part des 15-24 ans en couple (RP, deux sexes, millésimes interpolés)",commune,twfe,ATT,-0.0009440767413643,0.0006998716459515,-0.0023157999612302,0.0004276464785015,0.1773599642893012,34258,582386,True,"résultat interpolé linéairement entre millésimes RP : coefficients pré mécaniquement contaminés et effet lissé ; lecture descriptive seulement (A2) ; fenêtre 2008-2024 ; 19636 traitées, 14622 jamais traitées sur la fenêtre (dont 1603 traitées après 2024) ; 424 unités incomplètes exclues",static,14622.0,19636.0,1603.0,424.0,2008.0,2024.0,,,,,,,,,,,,,,,,,
h3,H3,H3a,"part des 25-39 ans en couple (RP 2011 → 2016, deux sexes)","commune, différence longue entre millésimes",long_diff,Δ2011→2016 sur treated_by_2016,-0.0007076728965459,0.0011378255880311,-0.002937770069775,0.0015224242766831,0.5339734329869086,31194,31194,False,Δ régressée sur bascule 4G ≤ 2016 et les covariables de pré-période ; erreurs groupées par département ; observé aux seuls millésimes RP (A2),long_diff,,,,,,,,,,,,,,,,,,,,,,,
h3,H3,H3a,"part des 25-39 ans en couple (RP 2011 → 2021, deux sexes)","commune, différence longue entre millésimes",long_diff,Δ2011→2021 sur exposure_2021,-0.0001466869651547,0.0002225690107384,-0.0005829142102767,0.0002895402799672,0.5098554143009437,31194,31194,False,Δ régressée sur années d'exposition à la 4G en 2021 et les covariables de pré-période ; erreurs groupées par département ; observé aux seuls millésimes RP (A2),long_diff,,,,,,,,,,,,,,,,,,,,,,,
h3,H3,H3a,"part des 25-39 ans en couple (RP, deux sexes, millésimes interpolés)",commune,cs,-8,0.0012981895342748,0.0008171530459647,-0.0003034010056732,0.002899780074223,0.112134084752225,34528,586976,True,"résultat interpolé linéairement entre millésimes RP : coefficients pré mécaniquement contaminés et effet lissé ; lecture descriptive seulement (A2) ; contrôle = not_yet_treated ; fenêtre 2008-2024 ; 19724 traitées, 14804 jamais traitées sur la fenêtre (dont 1604 traitées après 2024) ; 165 unités incomplètes exclues",event,14804.0,19724.0,1604.0,165.0,2008.0,2024.0,2008.0,2024.0,34528.0,5.0,reg,9.0,16022.0,,,,,,,,,,
h3,H3,H3a,"part des 25-39 ans en couple (RP, deux sexes, millésimes interpolés)",commune,cs,-7,0.0017040746450675,0.0007443270858477,0.0002452203640882,0.0031629289260469,0.0220551695539578,34528,586976,True,"résultat interpolé linéairement entre millésimes RP : coefficients pré mécaniquement contaminés et effet lissé ; lecture descriptive seulement (A2) ; contrôle = not_yet_treated ; fenêtre 2008-2024 ; 19724 traitées, 14804 jamais traitées sur la fenêtre (dont 1604 traitées après 2024) ; 165 unités incomplètes exclues",event,14804.0,19724.0,1604.0,165.0,2008.0,2024.0,2008.0,2024.0,34528.0,5.0,reg,10.0,17294.0,,,,,,,,,,
h3,H3,H3a,"part des 25-39 ans en couple (RP, deux sexes, millésimes interpolés)",commune,cs,-6,0.0015681443551688,0.0006339081810968,0.0003257071507136,0.0028105815596239,0.0133694961757075,34528,586976,True,"résultat interpolé linéairement entre millésimes RP : coefficients pré mécaniquement contaminés et effet lissé ; lecture descriptive seulement (A2) ; contrôle = not_yet_treated ; fenêtre 2008-2024 ; 19724 traitées, 14804 jamais traitées sur la fenêtre (dont 1604 traitées après 2024) ; 165 unités incomplètes exclues",event,14804.0,19724.0,1604.0,165.0,2008.0,2024.0,2008.0,2024.0,34528.0,5.0,reg,11.0,19585.0,,,,,,,,,,
h3,H3,H3a,"part des 25-39 ans en couple (RP, deux sexes, millésimes interpolés)",commune,cs,-5,0.0007477686871876,0.0005430469491198,-0.0003165837750016,0.0018121211493769,0.1685162114029995,34528,586976,True,"résultat interpolé linéairement entre millésimes RP : coefficients pré mécaniquement contaminés et effet lissé ; lecture descriptive seulement (A2) ; contrôle = not_yet_treated ; fenêtre 2008-2024 ; 19724 traitées, 14804 jamais traitées sur la fenêtre (dont 1604 traitées après 2024) ; 165 unités incomplètes exclues",event,14804.0,19724.0,1604.0,165.0,2008.0,2024.0,2008.0,2024.0,34528.0,5.0,reg,12.0,19724.0,,,,,,,,,,
h3,H3,H3a,"part des 25-39 ans en couple (RP, deux sexes, millésimes interpolés)",commune,cs,-4,0.0004505512847375,0.0004304414077945,-0.0003930983719943,0.0012942009414695,0.2952291071357492,34528,586976,True,"résultat interpolé linéairement entre millésimes RP : coefficients pré mécaniquement contaminés et effet lissé ; lecture descriptive seulement (A2) ; contrôle = not_yet_treated ; fenêtre 2008-2024 ; 19724 traitées, 14804 jamais traitées sur la fenêtre (dont 1604 traitées après 2024) ; 165 unités incomplètes exclues",event,14804.0,19724.0,1604.0,165.0,2008.0,2024.0,2008.0,2024.0,34528.0,5.0,reg,12.0,19724.0,,,,,,,,,,
h3,H3,H3a,"part des 25-39 ans en couple (RP, deux sexes, millésimes interpolés)",commune,cs,-3,0.0003331858130984,0.0003162577468806,-0.0002866679806194,0.0009530396068163,0.2920999062011187,34528,586976,True,"résultat interpolé linéairement entre millésimes RP : coefficients pré mécaniquement contaminés et effet lissé ; lecture descriptive seulement (A2) ; contrôle = not_yet_treated ; fenêtre 2008-2024 ; 19724 traitées, 14804 jamais traitées sur la fenêtre (dont 1604 traitées après 2024) ; 165 unités incomplètes exclues",event,14804.0,19724.0,1604.0,165.0,2008.0,2024.0,2008.0,2024.0,34528.0,5.0,reg,12.0,19724.0,,,,,,,,,,
h3,H3,H3a,"part des 25-39 ans en couple (RP, deux sexes, millésimes interpolés)",commune,cs,-2,0.0001724880118745,0.0002000075125188,-0.0002195195092998,0.0005644955330488,0.3884632240024266,34528,586976,True,"résultat interpolé linéairement entre millésimes RP : coefficients pré mécaniquement contaminés et effet lissé ; lecture descriptive seulement (A2) ; contrôle = not_yet_treated ; fenêtre 2008-2024 ; 19724 traitées, 14804 jamais traitées sur la fenêtre (dont 1604 traitées après 2024) ; 165 unités incomplètes exclues",event,14804.0,19724.0,1604.0,165.0,2008.0,2024.0,2008.0,2024.0,34528.0,5.0,reg,12.0,19724.0,,,,,,,,,,
h3,H3,H3a,"part des 25-39 ans en couple (RP, deux sexes, millésimes interpolés)",commune,cs,0,-0.0001773793785703,0.0001843898940759,-0.0005387769300723,0.0001840181729316,0.3360596824415408,34528,586976,True,"résultat interpolé linéairement entre millésimes RP : coefficients pré mécaniquement contaminés et effet lissé ; lecture descriptive seulement (A2) ; contrôle = not_yet_treated ; fenêtre 2008-2024 ; 19724 traitées, 14804 jamais traitées sur la fenêtre (dont 1604 traitées après 2024) ; 165 unités incomplètes exclues",event,14804.0,19724.0,1604.0,165.0,2008.0,2024.0,2008.0,2024.0,34528.0,5.0,reg,12.0,19724.0,,,,,,,,,,
h3,H3,H3a,"part des 25-39 ans en couple (RP, deux sexes, millésimes interpolés)",commune,cs,1,-0.0004404913924262,0.0003482974182683,-0.0011231417881406,0.000242159003288,0.2059792528621509,34528,586976,True,"résultat interpolé linéairement entre millésimes RP : coefficients pré mécaniquement contaminés et effet lissé ; lecture descriptive seulement (A2) ; contrôle = not_yet_treated ; fenêtre 2008-2024 ; 19724 traitées, 14804 jamais traitées sur la fenêtre (dont 1604 traitées après 2024) ; 165 unités incomplètes exclues",event,14804.0,19724.0,1604.0,165.0,2008.0,2024.0,2008.0,2024.0,34528.0,5.0,reg,11.0,18886.0,,,,,,,,,,
h3,H3,H3a,"part des 25-39 ans en couple (RP, deux sexes, millésimes interpolés)",commune,cs,2,-0.0003662914911836,0.0004909260881903,-0.0013284889431078,0.0005959059607405,0.4555928146210104,34528,586976,True,"résultat interpolé linéairement entre millésimes RP : coefficients pré mécaniquement contaminés et effet lissé ; lecture descriptive seulement (A2) ; contrôle = not_yet_treated ; fenêtre 2008-2024 ; 19724 traitées, 14804 jamais traitées sur la fenêtre (dont 1604 traitées après 2024) ; 165 unités incomplètes exclues",event,14804.0,19724.0,1604.0,165.0,2008.0,2024.0,2008.0,2024.0,34528.0,5.0,reg,10.0,17667.0,,,,,,,,,,
h3,H3,H3a,"part des 25-39 ans en couple (RP, deux sexes, millésimes interpolés)",commune,cs,3,-0.0004788699958761,0.000642330036716,-0.0017378137340279,0.0007800737422756,0.4559573245666897,34528,586976,True,"résultat interpolé linéairement entre millésimes RP : coefficients pré mécaniquement contaminés et effet lissé ; lecture descriptive seulement (A2) ; contrôle = not_yet_treated ; fenêtre 2008-2024 ; 19724 traitées, 14804 jamais traitées sur la fenêtre (dont 1604 traitées après 2024) ; 165 unités incomplètes exclues",event,14804.0,19724.0,1604.0,165.0,2008.0,2024.0,2008.0,2024.0,34528.0,5.0,reg,9.0,16326.0,,,,,,,,,,
h3,H3,H3a,"part des 25-39 ans en couple (RP, deux sexes, millésimes interpolés)",commune,cs,4,-7.678643705941624e-05,0.0008024857444706,-0.0016496295943286,0.0014960567202098,0.9237701719458424,34528,586976,True,"résultat interpolé linéairement entre millésimes RP : coefficients pré mécaniquement contaminés et effet lissé ; lecture descriptive seulement (A2) ; contrôle = not_yet_treated ; fenêtre 2008-2024 ; 19724 traitées, 14804 jamais traitées sur la fenêtre (dont 1604 traitées après 2024) ; 165 unités incomplètes exclues",event,14804.0,19724.0,1604.0,165.0,2008.0,2024.0,2008.0,2024.0,34528.0,5.0,reg,8.0,13970.0,,,,,,,,,,
h3,H3,H3a,"part des 25-39 ans en couple (RP, deux sexes, millésimes interpolés)",commune,cs,5,0.000590354744368,0.0009273229649528,-0.0012271648689765,0.0024078743577125,0.5243707094387848,34528,586976,True,"résultat interpolé linéairement entre millésimes RP : coefficients pré mécaniquement contaminés et effet lissé ; lecture descriptive seulement (A2) ; contrôle = not_yet_treated ; fenêtre 2008-2024 ; 19724 traitées, 14804 jamais traitées sur la fenêtre (dont 1604 traitées après 2024) ; 165 unités incomplètes exclues",event,14804.0,19724.0,1604.0,165.0,2008.0,2024.0,2008.0,2024.0,34528.0,5.0,reg,7.0,13468.0,,,,,,,,,,
h3,H3,H3a,"part des 25-39 ans en couple (RP, deux sexes, millésimes interpolés)",commune,cs,6,0.000869386583909,0.0010556169051819,-0.0011995845317191,0.0029383576995372,0.4101773752443255,34528,586976,True,"résultat interpolé linéairement entre millésimes RP : coefficients pré mécaniquement contaminés et effet lissé ; lecture descriptive seulement (A2) ; contrôle = not_yet_treated ; fenêtre 2008-2024 ; 19724 traitées, 14804 jamais traitées sur la fenêtre (dont 1604 traitées après 2024) ; 165 unités incomplètes exclues",event,14804.0,19724.0,1604.0,165.0,2008.0,2024.0,2008.0,2024.0,34528.0,5.0,reg,6.0,11353.0,,,,,,,,,,
h3,H3,H3a,"part des 25-39 ans en couple (RP, deux sexes, millésimes interpolés)",commune,cs,7,0.0012319866835452,0.0011970339269017,-0.0011141567014547,0.0035781300685452,0.3033859511670183,34528,586976,True,"résultat interpolé linéairement entre millésimes RP : coefficients pré mécaniquement contaminés et effet lissé ; lecture descriptive seulement (A2) ; contrôle = not_yet_treated ; fenêtre 2008-2024 ; 19724 traitées, 14804 jamais traitées sur la fenêtre (dont 1604 traitées après 2024) ; 165 unités incomplètes exclues",event,14804.0,19724.0,1604.0,165.0,2008.0,2024.0,2008.0,2024.0,34528.0,5.0,reg,5.0,8722.0,,,,,,,,,,
h3,H3,H3a,"part des 25-39 ans en couple (RP, deux sexes, millésimes interpolés)",commune,cs,8,0.0002025118211046,0.0012575424354374,-0.0022622260613835,0.0026672497035928,0.8720636579377592,34528,586976,True,"résultat interpolé linéairement entre millésimes RP : coefficients pré mécaniquement contaminés et effet lissé ; lecture descriptive seulement (A2) ; contrôle = not_yet_treated ; fenêtre 2008-2024 ; 19724 traitées, 14804 jamais traitées sur la fenêtre (dont 1604 traitées après 2024) ; 165 unités incomplètes exclues",event,14804.0,19724.0,1604.0,165.0,2008.0,2024.0,2008.0,2024.0,34528.0,5.0,reg,4.0,5902.0,,,,,,,,,,
h3,H3,H3a,"part des 25-39 ans en couple (RP, deux sexes, millésimes interpolés)",commune,cs,"ATT[1,5]",-0.0001544169144354,0.0006031958852524,-0.0013366591251529,0.001027825296282,0.7979524146654026,34528,586976,True,"résultat interpolé linéairement entre millésimes RP : coefficients pré mécaniquement contaminés et effet lissé ; lecture descriptive seulement (A2) ; contrôle = not_yet_treated ; fenêtre 2008-2024 ; 19724 traitées, 14804 jamais traitées sur la fenêtre (dont 1604 traitées après 2024) ; 165 unités incomplètes exclues ; écart-type avec covariance complète des coefficients (fonctions d'influence)",post_avg,14804.0,19724.0,1604.0,165.0,2008.0,2024.0,2008.0,2024.0,34528.0,5.0,reg,,,,,5.0,,,,,,,
h3,H3,H3a,"part des 25-39 ans en couple (RP, deux sexes, millésimes interpolés)",commune,cs,ATT,2.706439381788562e-05,0.0006089616854483,-0.0011664785776257,0.0012206073652615,0.9645508811576016,34528,586976,True,"résultat interpolé linéairement entre millésimes RP : coefficients pré mécaniquement contaminés et effet lissé ; lecture descriptive seulement (A2) ; contrôle = not_yet_treated ; fenêtre 2008-2024 ; 19724 traitées, 14804 jamais traitées sur la fenêtre (dont 1604 traitées après 2024) ; 165 unités incomplètes exclues ; moyenne de tous les ATT(g,t) post",simple,14804.0,19724.0,1604.0,165.0,2008.0,2024.0,2008.0,2024.0,34528.0,5.0,reg,,,,,,,,,,,,
h3,H3,H3a,"part des 25-39 ans en couple (RP, deux sexes, millésimes interpolés)",commune,cs,Wald pré (-8..-2),21.3414068087984,,,,0.0032963826278157,34528,586976,True,"H5c : test de Wald joint de nullité des coefficients pré avec covariance des fonctions d'influence, df = 7 ; fenêtre 2008-2024 ; 19724 traitées, 14804 jamais traitées sur la fenêtre (dont 1604 traitées après 2024) ; 165 unités incomplètes exclues",pre_test,14804.0,19724.0,1604.0,165.0,2008.0,2024.0,2008.0,2024.0,34528.0,5.0,reg,,,,,,7.0,,,,,,
h3,H3,H3a,"part des 25-39 ans en couple (RP, deux sexes, millésimes interpolés)",commune,twfe,-8,0.0005885988344015,0.0011596328558112,-0.0016842397982779,0.0028614374670809,0.6117525230322844,34528,586976,True,"résultat interpolé linéairement entre millésimes RP : coefficients pré mécaniquement contaminés et effet lissé ; lecture descriptive seulement (A2) ; fenêtre 2008-2024 ; 19724 traitées, 14804 jamais traitées sur la fenêtre (dont 1604 traitées après 2024) ; 165 unités incomplètes exclues ; cellules −8 et +8 bornées",event,14804.0,19724.0,1604.0,165.0,2008.0,2024.0,,,,,,,,,,,,,,,,,
h3,H3,H3a,"part des 25-39 ans en couple (RP, deux sexes, millésimes interpolés)",commune,twfe,-7,0.0018558845983428,0.0008503627884527,0.0001892041591823,0.0035225650375033,0.0290754418846895,34528,586976,True,"résultat interpolé linéairement entre millésimes RP : coefficients pré mécaniquement contaminés et effet lissé ; lecture descriptive seulement (A2) ; fenêtre 2008-2024 ; 19724 traitées, 14804 jamais traitées sur la fenêtre (dont 1604 traitées après 2024) ; 165 unités incomplètes exclues ; cellules −8 et +8 bornées",event,14804.0,19724.0,1604.0,165.0,2008.0,2024.0,,,,,,,,,,,,,,,,,
h3,H3,H3a,"part des 25-39 ans en couple (RP, deux sexes, millésimes interpolés)",commune,twfe,-6,0.0017260088903642,0.0007307121960714,0.0002938393029999,0.0031581784777285,0.0181721682688465,34528,586976,True,"résultat interpolé linéairement entre millésimes RP : coefficients pré mécaniquement contaminés et effet lissé ; lecture descriptive seulement (A2) ; fenêtre 2008-2024 ; 19724 traitées, 14804 jamais traitées sur la fenêtre (dont 1604 traitées après 2024) ; 165 unités incomplètes exclues ; cellules −8 et +8 bornées",event,14804.0,19724.0,1604.0,165.0,2008.0,2024.0,,,,,,,,,,,,,,,,,
h3,H3,H3a,"part des 25-39 ans en couple (RP, deux sexes, millésimes interpolés)",commune,twfe,-5,0.0010048763627241,0.0006144870203491,-0.0001994960661276,0.0022092487915758,0.1019842169265085,34528,586976,True,"résultat interpolé linéairement entre millésimes RP : coefficients pré mécaniquement contaminés et effet lissé ; lecture descriptive seulement (A2) ; fenêtre 2008-2024 ; 19724 traitées, 14804 jamais traitées sur la fenêtre (dont 1604 traitées après 2024) ; 165 unités incomplètes exclues ; cellules −8 et +8 bornées",event,14804.0,19724.0,1604.0,165.0,2008.0,2024.0,,,,,,,,,,,,,,,,,
h3,H3,H3a,"part des 25-39 ans en couple (RP, deux sexes, millésimes interpolés)",commune,twfe,-4,0.0007164037922665,0.0004794417284076,-0.0002232847280981,0.0016560923126311,0.1351113839840239,34528,586976,True,"résultat interpolé linéairement entre millésimes RP : coefficients pré mécaniquement contaminés et effet lissé ; lecture descriptive seulement (A2) ; fenêtre 2008-2024 ; 19724 traitées, 14804 jamais traitées sur la fenêtre (dont 1604 traitées après 2024) ; 165 unités incomplètes exclues ; cellules −8 et +8 bornées",event,14804.0,19724.0,1604.0,165.0,2008.0,2024.0,,,,,,,,,,,,,,,,,
h3,H3,H3a,"part des 25-39 ans en couple (RP, deux sexes, millésimes interpolés)",commune,twfe,-3,0.000533092403143,0.0003436408489973,-0.0001404312845084,0.0012066160907945,0.1208281659318582,34528,586976,True,"résultat interpolé linéairement entre millésimes RP : coefficients pré mécaniquement contaminés et effet lissé ; lecture descriptive seulement (A2) ; fenêtre 2008-2024 ; 19724 traitées, 14804 jamais traitées sur la fenêtre (dont 1604 traitées après 2024) ; 165 unités incomplètes exclues ; cellules −8 et +8 bornées",event,14804.0,19724.0,1604.0,165.0,2008.0,2024.0,,,,,,,,,,,,,,,,,
h3,H3,H3a,"part des 25-39 ans en couple (RP, deux sexes, millésimes interpolés)",commune,twfe,-2,0.000283814041152,0.0002082666105028,-0.0001243810146157,0.0006920090969197,0.1729632550835131,34528,586976,True,"résultat interpolé linéairement entre millésimes RP : coefficients pré mécaniquement contaminés et effet lissé ; lecture descriptive seulement (A2) ; fenêtre 2008-2024 ; 19724 traitées, 14804 jamais traitées sur la fenêtre (dont 1604 traitées après 2024) ; 165 unités incomplètes exclues ; cellules −8 et +8 bornées",event,14804.0,19724.0,1604.0,165.0,2008.0,2024.0,,,,,,,,,,,,,,,,,
h3,H3,H3a,"part des 25-39 ans en couple (RP, deux sexes, millésimes interpolés)",commune,twfe,0,-0.000302283091167,0.0001938987344129,-0.0006823176272642,7.775144493022253e-05,0.1190025272380787,34528,586976,True,"résultat interpolé linéairement entre millésimes RP : coefficients pré mécaniquement contaminés et effet lissé ; lecture descriptive seulement (A2) ; fenêtre 2008-2024 ; 19724 traitées, 14804 jamais traitées sur la fenêtre (dont 1604 traitées après 2024) ; 165 unités incomplètes exclues ; cellules −8 et +8 bornées",event,14804.0,19724.0,1604.0,165.0,2008.0,2024.0,,,,,,,,,,,,,,,,,
h3,H3,H3a,"part des 25-39 ans en couple (RP, deux sexes, millésimes interpolés)",commune,twfe,1,-0.0010226702907505,0.0003710723435022,-0.0017499587196739,-0.0002953818618272,0.0058515449896627,34528,586976,True,"résultat interpolé linéairement entre millésimes RP : coefficients pré mécaniquement contaminés et effet lissé ; lecture descriptive seulement (A2) ; fenêtre 2008-2024 ; 19724 traitées, 14804 jamais traitées sur la fenêtre (dont 1604 traitées après 2024) ; 165 unités incomplètes exclues ; cellules −8 et +8 bornées",event,14804.0,19724.0,1604.0,165.0,2008.0,2024.0,,,,,,,,,,,,,,,,,
h3,H3,H3a,"part des 25-39 ans en couple (RP, deux sexes, millésimes interpolés)",commune,twfe,2,-0.0009458351276143,0.0005138175535059,-0.0019528990271105,6.12287718818439e-05,0.0656509369927049,34528,586976,True,"résultat interpolé linéairement entre millésimes RP : coefficients pré mécaniquement contaminés et effet lissé ; lecture descriptive seulement (A2) ; fenêtre 2008-2024 ; 19724 traitées, 14804 jamais traitées sur la fenêtre (dont 1604 traitées après 2024) ; 165 unités incomplètes exclues ; cellules −8 et +8 bornées",event,14804.0,19724.0,1604.0,165.0,2008.0,2024.0,,,,,,,,,,,,,,,,,
h3,H3,H3a,"part des 25-39 ans en couple (RP, deux sexes, millésimes interpolés)",commune,twfe,3,-0.0014777209399087,0.0006346498502636,-0.0027216117892192,-0.0002338300905982,0.0198906873766243,34528,586976,True,"résultat interpolé linéairement entre millésimes RP : coefficients pré mécaniquement contaminés et effet lissé ; lecture descriptive seulement (A2) ; fenêtre 2008-2024 ; 19724 traitées, 14804 jamais traitées sur la fenêtre (dont 1604 traitées après 2024) ; 165 unités incomplètes exclues ; cellules −8 et +8 bornées",event,14804.0,19724.0,1604.0,165.0,2008.0,2024.0,,,,,,,,,,,,,,,,,
h3,H3,H3a,"part des 25-39 ans en couple (RP, deux sexes, millésimes interpolés)",commune,twfe,4,-0.0014705582682937,0.0007507235054541,-0.0029419493013316,8.327647440923604e-07,0.0501298052631714,34528,586976,True,"résultat interpolé linéairement entre millésimes RP : coefficients pré mécaniquement contaminés et effet lissé ; lecture descriptive seulement (A2) ; fenêtre 2008-2024 ; 19724 traitées, 14804 jamais traitées sur la fenêtre (dont 1604 traitées après 2024) ; 165 unités incomplètes exclues ; cellules −8 et +8 bornées",event,14804.0,19724.0,1604.0,165.0,2008.0,2024.0,,,,,,,,,,,,,,,,,
h3,H3,H3a,"part des 25-39 ans en couple (RP, deux sexes, millésimes interpolés)",commune,twfe,5,-0.0010103685974971,0.0008436920589511,-0.0026639746470839,0.0006432374520896,0.231089863322029,34528,586976,True,"résultat interpolé linéairement entre millésimes RP : coefficients pré mécaniquement contaminés et effet lissé ; lecture descriptive seulement (A2) ; fenêtre 2008-2024 ; 19724 traitées, 14804 jamais traitées sur la fenêtre (dont 1604 traitées après 2024) ; 165 unités incomplètes exclues ; cellules −8 et +8 bornées",event,14804.0,19724.0,1604.0,165.0,2008.0,2024.0,,,,,,,,,,,,,,,,,
h3,H3,H3a,"part des 25-39 ans en couple (RP, deux sexes, millésimes interpolés)",commune,twfe,6,-0.001121515015104,0.0009362155661822,-0.0029564638065869,0.0007134337763788,0.2309466390776682,34528,586976,True,"résultat interpolé linéairement entre millésimes RP : coefficients pré mécaniquement contaminés et effet lissé ; lecture descriptive seulement (A2) ; fenêtre 2008-2024 ; 19724 traitées, 14804 jamais traitées sur la fenêtre (dont 1604 traitées après 2024) ; 165 unités incomplètes exclues ; cellules −8 et +8 bornées",event,14804.0,19724.0,1604.0,165.0,2008.0,2024.0,,,,,,,,,,,,,,,,,
h3,H3,H3a,"part des 25-39 ans en couple (RP, deux sexes, millésimes interpolés)",commune,twfe,7,-0.0009980066871813,0.0010423121236581,-0.0030409009102007,0.001044887535838,0.3383184174029668,34528,586976,True,"résultat interpolé linéairement entre millésimes RP : coefficients pré mécaniquement contaminés et effet lissé ; lecture descriptive seulement (A2) ; fenêtre 2008-2024 ; 19724 traitées, 14804 jamais traitées sur la fenêtre (dont 1604 traitées après 2024) ; 165 unités incomplètes exclues ; cellules −8 et +8 bornées",event,14804.0,19724.0,1604.0,165.0,2008.0,2024.0,,,,,,,,,,,,,,,,,
h3,H3,H3a,"part des 25-39 ans en couple (RP, deux sexes, millésimes interpolés)",commune,twfe,8,-0.0021045763110125,0.0011505160324036,-0.0043595462981596,0.0001503936761346,0.0673628343499833,34528,586976,True,"résultat interpolé linéairement entre millésimes RP : coefficients pré mécaniquement contaminés et effet lissé ; lecture descriptive seulement (A2) ; fenêtre 2008-2024 ; 19724 traitées, 14804 jamais traitées sur la fenêtre (dont 1604 traitées après 2024) ; 165 unités incomplètes exclues ; cellules −8 et +8 bornées",event,14804.0,19724.0,1604.0,165.0,2008.0,2024.0,,,,,,,,,,,,,,,,,
h3,H3,H3a,"part des 25-39 ans en couple (RP, deux sexes, millésimes interpolés)",commune,twfe,"ATT[1,5]",-0.0011854306448129,0.0005778451205351,-0.002317986269704,-5.2875019921769066e-05,0.0402214145396873,34528,586976,True,"résultat interpolé linéairement entre millésimes RP : coefficients pré mécaniquement contaminés et effet lissé ; lecture descriptive seulement (A2) ; fenêtre 2008-2024 ; 19724 traitées, 14804 jamais traitées sur la fenêtre (dont 1604 traitées après 2024) ; 165 unités incomplètes exclues ; écart-type avec covariance complète (w'Vw)",post_avg,14804.0,19724.0,1604.0,165.0,2008.0,2024.0,,,,,,,,,,,,,,,,,
h3,H3,H3a,"part des 25-39 ans en couple (RP, deux sexes, millésimes interpolés)",commune,twfe,Wald pré (-8..−2),19.583301233747083,,,,0.0065436906373801,34528,586976,True,"test de Wald joint, covariance groupée, df = 7 ; fenêtre 2008-2024 ; 19724 traitées, 14804 jamais traitées sur la fenêtre (dont 1604 traitées après 2024) ; 165 unités incomplètes exclues",pre_test,14804.0,19724.0,1604.0,165.0,2008.0,2024.0,,,,,,,,,,,7.0,,,,,,
h3,H3,H3a,"part des 25-39 ans en couple (RP, deux sexes, millésimes interpolés)",commune,twfe,ATT,-0.0016467418237363,0.000687314445932,-0.0029938533838172,-0.0002996302636554,0.0165792744994666,34528,586976,True,"résultat interpolé linéairement entre millésimes RP : coefficients pré mécaniquement contaminés et effet lissé ; lecture descriptive seulement (A2) ; fenêtre 2008-2024 ; 19724 traitées, 14804 jamais traitées sur la fenêtre (dont 1604 traitées après 2024) ; 165 unités incomplètes exclues",static,14804.0,19724.0,1604.0,165.0,2008.0,2024.0,,,,,,,,,,,,,,,,,
h3,H3,H3a,"part des 15-24 ans en couple (RP 2011 → 2016, deux sexes)","département, différence longue entre millésimes",long_diff,Δ2011→2016 sur treated_by_2016,0.0003753147370909,0.0016335027864394,-0.0028262918929761,0.0035769213671581,0.8182777277395731,96,96,False,Δ régressée sur bascule D3 ≥ 50 % ≤ 2016 ; erreurs robustes ; millésimes RP seuls (A2),long_diff,,,,,,,,,,,,,,,,,,,,,,,
h3,H3,H3a,"part des 15-24 ans en couple (RP 2011 → 2021, deux sexes)","département, différence longue entre millésimes",long_diff,Δ2011→2021 sur exposure_2021,0.0004156411545795,0.0004925905645164,-0.0005498186109969,0.0013811009201559,0.3987888497706012,96,96,False,Δ régressée sur années d'exposition en 2021 ; erreurs robustes ; millésimes RP seuls (A2),long_diff,,,,,,,,,,,,,,,,,,,,,,,
h3,H3,H3a,"part des 25-39 ans en couple (RP 2011 → 2016, deux sexes)","département, différence longue entre millésimes",long_diff,Δ2011→2016 sur treated_by_2016,0.0013125905924722,0.0015222783422708,-0.0016710201328239,0.0042962013177684,0.3885477589728102,96,96,False,Δ régressée sur bascule D3 ≥ 50 % ≤ 2016 ; erreurs robustes ; millésimes RP seuls (A2),long_diff,,,,,,,,,,,,,,,,,,,,,,,
h3,H3,H3a,"part des 25-39 ans en couple (RP 2011 → 2021, deux sexes)","département, différence longue entre millésimes",long_diff,Δ2011→2021 sur exposure_2021,0.0008067807181562,0.0008774625948395,-0.0009130143655102,0.0025265758018227,0.3578615962808579,96,96,False,Δ régressée sur années d'exposition en 2021 ; erreurs robustes ; millésimes RP seuls (A2),long_diff,,,,,,,,,,,,,,,,,,,,,,,
h3,H3,H3b,log(naissances / 1 000 f. en couple 25-39),"département, bascule D3 ≥ 50 %, femmes en couple interpolées entre millésimes",cs,-8,0.0049055663397249,0.0111371765825928,-0.01692289865162,0.0267340313310698,0.6595984151372081,96,2016,False,"test H3b entrant dans la règle §6 ; dénominateur interpolé entre millésimes RP (2006-2022), prolongé 2 ans ; contrôle = not_yet_treated ; fenêtre 2004-2024 ; 96 traitées, 0 jamais traitées sur la fenêtre ; ATT(g,t) identifiés jusqu'en 2017 (sans unité jamais traitée, la dernière cohorte sert de contrôle) ; grappes = dep (96) ; bandes simultanées sup-t (bootstrap multiplicateur Rademacher, 999 tirages, valeur critique 2.54)",event,0.0,96.0,0.0,0.0,2004.0,2024.0,2004.0,2017.0,96.0,4.0,reg,5.0,89.0,-0.0233482216997763,0.0331593543792262,,,,,,,,
h3,H3,H3b,log(naissances / 1 000 f. en couple 25-39),"département, bascule D3 ≥ 50 %, femmes en couple interpolées entre millésimes",cs,-7,0.0085516912245849,0.0107441216005798,-0.0125064001580703,0.0296097826072402,0.4260660946457962,96,2016,False,"test H3b entrant dans la règle §6 ; dénominateur interpolé entre millésimes RP (2006-2022), prolongé 2 ans ; contrôle = not_yet_treated ; fenêtre 2004-2024 ; 96 traitées, 0 jamais traitées sur la fenêtre ; ATT(g,t) identifiés jusqu'en 2017 (sans unité jamais traitée, la dernière cohorte sert de contrôle) ; grappes = dep (96) ; bandes simultanées sup-t (bootstrap multiplicateur Rademacher, 999 tirages, valeur critique 2.54)",event,0.0,96.0,0.0,0.0,2004.0,2024.0,2004.0,2017.0,96.0,4.0,reg,5.0,89.0,-0.0187049596978642,0.035808342147034,,,,,,,,
h3,H3,H3b,log(naissances / 1 000 f. en couple 25-39),"département, bascule D3 ≥ 50 %, femmes en couple interpolées entre millésimes",cs,-6,0.0132512650129643,0.0085815490176404,-0.0035682619931759,0.0300707920191047,0.12255013291726,96,2016,False,"test H3b entrant dans la règle §6 ; dénominateur interpolé entre millésimes RP (2006-2022), prolongé 2 ans ; contrôle = not_yet_treated ; fenêtre 2004-2024 ; 96 traitées, 0 jamais traitées sur la fenêtre ; ATT(g,t) identifiés jusqu'en 2017 (sans unité jamais traitée, la dernière cohorte sert de contrôle) ; grappes = dep (96) ; bandes simultanées sup-t (bootstrap multiplicateur Rademacher, 999 tirages, valeur critique 2.54)",event,0.0,96.0,0.0,0.0,2004.0,2024.0,2004.0,2017.0,96.0,4.0,reg,5.0,89.0,-0.0085191778992871,0.0350217079252159,,,,,,,,
h3,H3,H3b,log(naissances / 1 000 f. en couple 25-39),"département, bascule D3 ≥ 50 %, femmes en couple interpolées entre millésimes",cs,-5,0.0081058570543015,0.0062507056645308,-0.0041453009261393,0.0203570150347424,0.1947032070437726,96,2016,False,"test H3b entrant dans la règle §6 ; dénominateur interpolé entre millésimes RP (2006-2022), prolongé 2 ans ; contrôle = not_yet_treated ; fenêtre 2004-2024 ; 96 traitées, 0 jamais traitées sur la fenêtre ; ATT(g,t) identifiés jusqu'en 2017 (sans unité jamais traitée, la dernière cohorte sert de contrôle) ; grappes = dep (96) ; bandes simultanées sup-t (bootstrap multiplicateur Rademacher, 999 tirages, valeur critique 2.54)",event,0.0,96.0,0.0,0.0,2004.0,2024.0,2004.0,2017.0,96.0,4.0,reg,5.0,89.0,-0.0077514934719525,0.0239632075805556,,,,,,,,
h3,H3,H3b,log(naissances / 1 000 f. en couple 25-39),"département, bascule D3 ≥ 50 %, femmes en couple interpolées entre millésimes",cs,-4,0.0098460672099101,0.0051328242658869,-0.0002140834902015,0.0199062179100218,0.0550786508367217,96,2016,False,"test H3b entrant dans la règle §6 ; dénominateur interpolé entre millésimes RP (2006-2022), prolongé 2 ans ; contrôle = not_yet_treated ; fenêtre 2004-2024 ; 96 traitées, 0 jamais traitées sur la fenêtre ; ATT(g,t) identifiés jusqu'en 2017 (sans unité jamais traitée, la dernière cohorte sert de contrôle) ; grappes = dep (96) ; bandes simultanées sup-t (bootstrap multiplicateur Rademacher, 999 tirages, valeur critique 2.54)",event,0.0,96.0,0.0,0.0,2004.0,2024.0,2004.0,2017.0,96.0,4.0,reg,5.0,89.0,-0.0031753415624931,0.0228674759823134,,,,,,,,
h3,H3,H3b,log(naissances / 1 000 f. en couple 25-39),"département, bascule D3 ≥ 50 %, femmes en couple interpolées entre millésimes",cs,-3,0.0066912948392802,0.0050662860087098,-0.0032384432731701,0.0166210329517306,0.186584894806544,96,2016,False,"test H3b entrant dans la règle §6 ; dénominateur interpolé entre millésimes RP (2006-2022), prolongé 2 ans ; contrôle = not_yet_treated ; fenêtre 2004-2024 ; 96 traitées, 0 jamais traitées sur la fenêtre ; ATT(g,t) identifiés jusqu'en 2017 (sans unité jamais traitée, la dernière cohorte sert de contrôle) ; grappes = dep (96) ; bandes simultanées sup-t (bootstrap multiplicateur Rademacher, 999 tirages, valeur critique 2.54)",event,0.0,96.0,0.0,0.0,2004.0,2024.0,2004.0,2017.0,96.0,4.0,reg,5.0,89.0,-0.0061613137169407,0.0195439033955012,,,,,,,,
h3,H3,H3b,log(naissances / 1 000 f. en couple 25-39),"département, bascule D3 ≥ 50 %, femmes en couple interpolées entre millésimes",cs,-2,0.0017893558707018,0.0041409651277636,-0.0063267866409511,0.0099054983823548,0.665660865147633,96,2016,False,"test H3b entrant dans la règle §6 ; dénominateur interpolé entre millésimes RP (2006-2022), prolongé 2 ans ; contrôle = not_yet_treated ; fenêtre 2004-2024 ; 96 traitées, 0 jamais traitées sur la fenêtre ; ATT(g,t) identifiés jusqu'en 2017 (sans unité jamais traitée, la dernière cohorte sert de contrôle) ; grappes = dep (96) ; bandes simultanées sup-t (bootstrap multiplicateur Rademacher, 999 tirages, valeur critique 2.54)",event,0.0,96.0,0.0,0.0,2004.0,2024.0,2004.0,2017.0,96.0,4.0,reg,5.0,89.0,-0.0087158157166521,0.0122945274580558,,,,,,,,
h3,H3,H3b,log(naissances / 1 000 f. en couple 25-39),"département, bascule D3 ≥ 50 %, femmes en couple interpolées entre millésimes",cs,0,0.0103314831666403,0.0051514218285856,0.000234881913439,0.0204280844198415,0.0449032628533759,96,2016,False,"test H3b entrant dans la règle §6 ; dénominateur interpolé entre millésimes RP (2006-2022), prolongé 2 ans ; contrôle = not_yet_treated ; fenêtre 2004-2024 ; 96 traitées, 0 jamais traitées sur la fenêtre ; ATT(g,t) identifiés jusqu'en 2017 (sans unité jamais traitée, la dernière cohorte sert de contrôle) ; grappes = dep (96) ; bandes simultanées sup-t (bootstrap multiplicateur Rademacher, 999 tirages, valeur critique 2.54)",event,0.0,96.0,0.0,0.0,2004.0,2024.0,2004.0,2017.0,96.0,4.0,reg,5.0,89.0,-0.0027371055701499,0.0234000719034305,,,,,,,,
h3,H3,H3b,log(naissances / 1 000 f. en couple 25-39),"département, bascule D3 ≥ 50 %, femmes en couple interpolées entre millésimes",cs,1,0.0129596400881989,0.0081958241525298,-0.0031038800743829,0.0290231602507808,0.1138210781569639,96,2016,False,"test H3b entrant dans la règle §6 ; dénominateur interpolé entre millésimes RP (2006-2022), prolongé 2 ans ; contrôle = not_yet_treated ; fenêtre 2004-2024 ; 96 traitées, 0 jamais traitées sur la fenêtre ; ATT(g,t) identifiés jusqu'en 2017 (sans unité jamais traitée, la dernière cohorte sert de contrôle) ; grappes = dep (96) ; bandes simultanées sup-t (bootstrap multiplicateur Rademacher, 999 tirages, valeur critique 2.54)",event,0.0,96.0,0.0,0.0,2004.0,2024.0,2004.0,2017.0,96.0,4.0,reg,4.0,74.0,-0.0078322614047278,0.0337515415811257,,,,,,,,
h3,H3,H3b,log(naissances / 1 000 f. en couple 25-39),"département, bascule D3 ≥ 50 %, femmes en couple interpolées entre millésimes",cs,2,0.0104175221052353,0.0090424624660221,-0.0073053786597233,0.0281404228701939,0.2492935651306498,96,2016,False,"test H3b entrant dans la règle §6 ; dénominateur interpolé entre millésimes RP (2006-2022), prolongé 2 ans ; contrôle = not_yet_treated ; fenêtre 2004-2024 ; 96 traitées, 0 jamais traitées sur la fenêtre ; ATT(g,t) identifiés jusqu'en 2017 (sans unité jamais traitée, la dernière cohorte sert de contrôle) ; grappes = dep (96) ; bandes simultanées sup-t (bootstrap multiplicateur Rademacher, 999 tirages, valeur critique 2.54)",event,0.0,96.0,0.0,0.0,2004.0,2024.0,2004.0,2017.0,96.0,4.0,reg,3.0,51.0,-0.0125222073652886,0.0333572515757593,,,,,,,,
h3,H3,H3b,log(naissances / 1 000 f. en couple 25-39),"département, bascule D3 ≥ 50 %, femmes en couple interpolées entre millésimes",cs,3,0.0091070904280696,0.0190284679610059,-0.0281880214564764,0.0464022023126156,0.6322207630147902,96,2016,False,"test H3b entrant dans la règle §6 ; dénominateur interpolé entre millésimes RP (2006-2022), prolongé 2 ans ; contrôle = not_yet_treated ; fenêtre 2004-2024 ; 96 traitées, 0 jamais traitées sur la fenêtre ; ATT(g,t) identifiés jusqu'en 2017 (sans unité jamais traitée, la dernière cohorte sert de contrôle) ; grappes = dep (96) ; bandes simultanées sup-t (bootstrap multiplicateur Rademacher, 999 tirages, valeur critique 2.54)",event,0.0,96.0,0.0,0.0,2004.0,2024.0,2004.0,2017.0,96.0,4.0,reg,2.0,35.0,-0.039166033060607,0.0573802139167462,,,,,,,,
h3,H3,H3b,log(naissances / 1 000 f. en couple 25-39),"département, bascule D3 ≥ 50 %, femmes en couple interpolées entre millésimes",cs,4,0.0385643021849276,0.0133991762939353,0.0123023992263115,0.0648262051435437,0.0040006571602199,96,2016,False,"test H3b entrant dans la règle §6 ; dénominateur interpolé entre millésimes RP (2006-2022), prolongé 2 ans ; contrôle = not_yet_treated ; fenêtre 2004-2024 ; 96 traitées, 0 jamais traitées sur la fenêtre ; ATT(g,t) identifiés jusqu'en 2017 (sans unité jamais traitée, la dernière cohorte sert de contrôle) ; grappes = dep (96) ; bandes simultanées sup-t (bootstrap multiplicateur Rademacher, 999 tirages, valeur critique 2.54)",event,0.0,96.0,0.0,0.0,2004.0,2024.0,2004.0,2017.0,96.0,4.0,reg,1.0,2.0,0.0045720704819245,0.0725565338879308,,,,,,,,
h3,H3,H3b,log(naissances / 1 000 f. en couple 25-39),"département, bascule D3 ≥ 50 %, femmes en couple interpolées entre millésimes",cs,"ATT[1,4]",0.0177621387016078,0.0107301617213554,-0.0032685918205391,0.0387928692237549,0.0978541739553998,96,2016,False,"test H3b entrant dans la règle §6 ; dénominateur interpolé entre millésimes RP (2006-2022), prolongé 2 ans ; contrôle = not_yet_treated ; fenêtre 2004-2024 ; 96 traitées, 0 jamais traitées sur la fenêtre ; ATT(g,t) identifiés jusqu'en 2017 (sans unité jamais traitée, la dernière cohorte sert de contrôle) ; grappes = dep (96) ; bandes simultanées sup-t (bootstrap multiplicateur Rademacher, 999 tirages, valeur critique 2.54) ; écart-type avec covariance complète des coefficients (fonctions d'influence)",post_avg,0.0,96.0,0.0,0.0,2004.0,2024.0,2004.0,2017.0,96.0,4.0,reg,,,,,4.0,,,,,,,
h3,H3,H3b,log(naissances / 1 000 f. en couple 25-39),"département, bascule D3 ≥ 50 %, femmes en couple interpolées entre millésimes",cs,ATT,0.0111780309365617,0.0075987453311491,-0.0037152362401824,0.026071298113306,0.1412812746067478,96,2016,False,"test H3b entrant dans la règle §6 ; dénominateur interpolé entre millésimes RP (2006-2022), prolongé 2 ans ; contrôle = not_yet_treated ; fenêtre 2004-2024 ; 96 traitées, 0 jamais traitées sur la fenêtre ; ATT(g,t) identifiés jusqu'en 2017 (sans unité jamais traitée, la dernière cohorte sert de contrôle) ; grappes = dep (96) ; bandes simultanées sup-t (bootstrap multiplicateur Rademacher, 999 tirages, valeur critique 2.54) ; moyenne de tous les ATT(g,t) post",simple,0.0,96.0,0.0,0.0,2004.0,2024.0,2004.0,2017.0,96.0,4.0,reg,,,,,,,,,,,,
h3,H3,H3b,log(naissances / 1 000 f. en couple 25-39),"département, bascule D3 ≥ 50 %, femmes en couple interpolées entre millésimes",cs,Wald pré (-8..-2),6.304019822443128,,,,0.5047326314748044,96,2016,False,"H5c : test de Wald joint de nullité des coefficients pré avec covariance des fonctions d'influence, df = 7 ; fenêtre 2004-2024 ; 96 traitées, 0 jamais traitées sur la fenêtre",pre_test,0.0,96.0,0.0,0.0,2004.0,2024.0,2004.0,2017.0,96.0,4.0,reg,,,,,,7.0,,,,,,
h3,H3,H3b,log(naissances / 1 000 f. en couple 25-39),"département, bascule D3 ≥ 50 %, femmes en couple interpolées entre millésimes ; fenêtre identifiée ≤ 2017, cohorte 2018 = contrôle",twfe,-8,0.0050736576862182,0.0151186409493574,-0.0245583340697148,0.0347056494421513,0.7371804166524771,96,2016,False,"test H3b entrant dans la règle §6 ; dénominateur interpolé entre millésimes RP (2006-2022), prolongé 2 ans ; fenêtre 2004-2024 ; 96 traitées, 0 jamais traitées sur la fenêtre ; comparaisons sur la fenêtre identifiée (années < 2018, cohorte 2018 recodée contrôle, 7 unités de contrôle) ; cellules −8 et +8 bornées",event,0.0,96.0,0.0,0.0,2004.0,2024.0,,,,,,,,,,,,,,,,,
h3,H3,H3b,log(naissances / 1 000 f. en couple 25-39),"département, bascule D3 ≥ 50 %, femmes en couple interpolées entre millésimes ; fenêtre identifiée ≤ 2017, cohorte 2018 = contrôle",twfe,-7,0.0136868148739179,0.0234797901999006,-0.0323327282824438,0.0597063580302796,0.5599478566826822,96,2016,False,"test H3b entrant dans la règle §6 ; dénominateur interpolé entre millésimes RP (2006-2022), prolongé 2 ans ; fenêtre 2004-2024 ; 96 traitées, 0 jamais traitées sur la fenêtre ; comparaisons sur la fenêtre identifiée (années < 2018, cohorte 2018 recodée contrôle, 7 unités de contrôle) ; cellules −8 et +8 bornées",event,0.0,96.0,0.0,0.0,2004.0,2024.0,,,,,,,,,,,,,,,,,
h3,H3,H3b,log(naissances / 1 000 f. en couple 25-39),"département, bascule D3 ≥ 50 %, femmes en couple interpolées entre millésimes ; fenêtre identifiée ≤ 2017, cohorte 2018 = contrôle",twfe,-6,0.0155257795936053,0.021708473906556,-0.027022047422572,0.0580736066097826,0.4744889111567058,96,2016,False,"test H3b entrant dans la règle §6 ; dénominateur interpolé entre millésimes RP (2006-2022), prolongé 2 ans ; fenêtre 2004-2024 ; 96 traitées, 0 jamais traitées sur la fenêtre ; comparaisons sur la fenêtre identifiée (années < 2018, cohorte 2018 recodée contrôle, 7 unités de contrôle) ; cellules −8 et +8 bornées",event,0.0,96.0,0.0,0.0,2004.0,2024.0,,,,,,,,,,,,,,,,,
h3,H3,H3b,log(naissances / 1 000 f. en couple 25-39),"département, bascule D3 ≥ 50 %, femmes en couple interpolées entre millésimes ; fenêtre identifiée ≤ 2017, cohorte 2018 = contrôle",twfe,-5,0.0158339163988655,0.0189843785848906,-0.0213747818963935,0.0530426146941246,0.4042529442547348,96,2016,False,"test H3b entrant dans la règle §6 ; dénominateur interpolé entre millésimes RP (2006-2022), prolongé 2 ans ; fenêtre 2004-2024 ; 96 traitées, 0 jamais traitées sur la fenêtre ; comparaisons sur la fenêtre identifiée (années < 2018, cohorte 2018 recodée contrôle, 7 unités de contrôle) ; cellules −8 et +8 bornées",event,0.0,96.0,0.0,0.0,2004.0,2024.0,,,,,,,,,,,,,,,,,
h3,H3,H3b,log(naissances / 1 000 f. en couple 25-39),"département, bascule D3 ≥ 50 %, femmes en couple interpolées entre millésimes ; fenêtre identifiée ≤ 2017, cohorte 2018 = contrôle",twfe,-4,0.0148317905022103,0.0153122652197766,-0.0151796978502771,0.0448432788546978,0.3327340331362267,96,2016,False,"test H3b entrant dans la règle §6 ; dénominateur interpolé entre millésimes RP (2006-2022), prolongé 2 ans ; fenêtre 2004-2024 ; 96 traitées, 0 jamais traitées sur la fenêtre ; comparaisons sur la fenêtre identifiée (années < 2018, cohorte 2018 recodée contrôle, 7 unités de contrôle) ; cellules −8 et +8 bornées",event,0.0,96.0,0.0,0.0,2004.0,2024.0,,,,,,,,,,,,,,,,,
h3,H3,H3b,log(naissances / 1 000 f. en couple 25-39),"département, bascule D3 ≥ 50 %, femmes en couple interpolées entre millésimes ; fenêtre identifiée ≤ 2017, cohorte 2018 = contrôle",twfe,-3,0.0094960585169834,0.0102937590246821,-0.0106793384369276,0.0296714554708946,0.3562644967734039,96,2016,False,"test H3b entrant dans la règle §6 ; dénominateur interpolé entre millésimes RP (2006-2022), prolongé 2 ans ; fenêtre 2004-2024 ; 96 traitées, 0 jamais traitées sur la fenêtre ; comparaisons sur la fenêtre identifiée (années < 2018, cohorte 2018 recodée contrôle, 7 unités de contrôle) ; cellules −8 et +8 bornées",event,0.0,96.0,0.0,0.0,2004.0,2024.0,,,,,,,,,,,,,,,,,
h3,H3,H3b,log(naissances / 1 000 f. en couple 25-39),"département, bascule D3 ≥ 50 %, femmes en couple interpolées entre millésimes ; fenêtre identifiée ≤ 2017, cohorte 2018 = contrôle",twfe,-2,0.005510047540083,0.005809252288104,-0.0058758777217078,0.0168959728018739,0.3428774477340349,96,2016,False,"test H3b entrant dans la règle §6 ; dénominateur interpolé entre millésimes RP (2006-2022), prolongé 2 ans ; fenêtre 2004-2024 ; 96 traitées, 0 jamais traitées sur la fenêtre ; comparaisons sur la fenêtre identifiée (années < 2018, cohorte 2018 recodée contrôle, 7 unités de contrôle) ; cellules −8 et +8 bornées",event,0.0,96.0,0.0,0.0,2004.0,2024.0,,,,,,,,,,,,,,,,,
h3,H3,H3b,log(naissances / 1 000 f. en couple 25-39),"département, bascule D3 ≥ 50 %, femmes en couple interpolées entre millésimes ; fenêtre identifiée ≤ 2017, cohorte 2018 = contrôle",twfe,0,0.0036259006365502,0.0064402539640732,-0.0089967651843246,0.0162485664574252,0.573430902616723,96,2016,False,"test H3b entrant dans la règle §6 ; dénominateur interpolé entre millésimes RP (2006-2022), prolongé 2 ans ; fenêtre 2004-2024 ; 96 traitées, 0 jamais traitées sur la fenêtre ; comparaisons sur la fenêtre identifiée (années < 2018, cohorte 2018 recodée contrôle, 7 unités de contrôle) ; cellules −8 et +8 bornées",event,0.0,96.0,0.0,0.0,2004.0,2024.0,,,,,,,,,,,,,,,,,
h3,H3,H3b,log(naissances / 1 000 f. en couple 25-39),"département, bascule D3 ≥ 50 %, femmes en couple interpolées entre millésimes ; fenêtre identifiée ≤ 2017, cohorte 2018 = contrôle",twfe,1,0.0035702081127676,0.0114504185718535,-0.0188721998959738,0.0260126161215091,0.7551946744762215,96,2016,False,"test H3b entrant dans la règle §6 ; dénominateur interpolé entre millésimes RP (2006-2022), prolongé 2 ans ; fenêtre 2004-2024 ; 96 traitées, 0 jamais traitées sur la fenêtre ; comparaisons sur la fenêtre identifiée (années < 2018, cohorte 2018 recodée contrôle, 7 unités de contrôle) ; cellules −8 et +8 bornées",event,0.0,96.0,0.0,0.0,2004.0,2024.0,,,,,,,,,,,,,,,,,
h3,H3,H3b,log(naissances / 1 000 f. en couple 25-39),"département, bascule D3 ≥ 50 %, femmes en couple interpolées entre millésimes ; fenêtre identifiée ≤ 2017, cohorte 2018 = contrôle",twfe,2,0.0036925336166495,0.0172035777944928,-0.0300258592657894,0.0374109264990884,0.8300499233075749,96,2016,False,"test H3b entrant dans la règle §6 ; dénominateur interpolé entre millésimes RP (2006-2022), prolongé 2 ans ; fenêtre 2004-2024 ; 96 traitées, 0 jamais traitées sur la fenêtre ; comparaisons sur la fenêtre identifiée (années < 2018, cohorte 2018 recodée contrôle, 7 unités de contrôle) ; cellules −8 et +8 bornées",event,0.0,96.0,0.0,0.0,2004.0,2024.0,,,,,,,,,,,,,,,,,
h3,H3,H3b,log(naissances / 1 000 f. en couple 25-39),"département, bascule D3 ≥ 50 %, femmes en couple interpolées entre millésimes ; fenêtre identifiée ≤ 2017, cohorte 2018 = contrôle",twfe,3,0.0140064801987183,0.0265448781309469,-0.0380205249119426,0.0660334853093793,0.597740314669221,96,2016,False,"test H3b entrant dans la règle §6 ; dénominateur interpolé entre millésimes RP (2006-2022), prolongé 2 ans ; fenêtre 2004-2024 ; 96 traitées, 0 jamais traitées sur la fenêtre ; comparaisons sur la fenêtre identifiée (années < 2018, cohorte 2018 recodée contrôle, 7 unités de contrôle) ; cellules −8 et +8 bornées",event,0.0,96.0,0.0,0.0,2004.0,2024.0,,,,,,,,,,,,,,,,,
h3,H3,H3b,log(naissances / 1 000 f. en couple 25-39),"département, bascule D3 ≥ 50 %, femmes en couple interpolées entre millésimes ; fenêtre identifiée ≤ 2017, cohorte 2018 = contrôle",twfe,4,-0.1535189828667075,0.0761405984238546,-0.3027518135387899,-0.0042861521946251,0.0437731523179231,96,2016,False,"test H3b entrant dans la règle §6 ; dénominateur interpolé entre millésimes RP (2006-2022), prolongé 2 ans ; fenêtre 2004-2024 ; 96 traitées, 0 jamais traitées sur la fenêtre ; comparaisons sur la fenêtre identifiée (années < 2018, cohorte 2018 recodée contrôle, 7 unités de contrôle) ; cellules −8 et +8 bornées",event,0.0,96.0,0.0,0.0,2004.0,2024.0,,,,,,,,,,,,,,,,,
h3,H3,H3b,log(naissances / 1 000 f. en couple 25-39),"département, bascule D3 ≥ 50 %, femmes en couple interpolées entre millésimes ; fenêtre identifiée ≤ 2017, cohorte 2018 = contrôle",twfe,"ATT[1,4]",-0.033062440234643,0.0295759378587024,-0.0910302132466944,0.0249053327774083,0.2636169362894509,96,2016,False,"test H3b entrant dans la règle §6 ; dénominateur interpolé entre millésimes RP (2006-2022), prolongé 2 ans ; fenêtre 2004-2024 ; 96 traitées, 0 jamais traitées sur la fenêtre ; comparaisons sur la fenêtre identifiée (années < 2018, cohorte 2018 recodée contrôle, 7 unités de contrôle) ; écart-type avec covariance complète (w'Vw)",post_avg,0.0,96.0,0.0,0.0,2004.0,2024.0,,,,,,,,,,,,,,,,,
h3,H3,H3b,log(naissances / 1 000 f. en couple 25-39),"département, bascule D3 ≥ 50 %, femmes en couple interpolées entre millésimes ; fenêtre identifiée ≤ 2017, cohorte 2018 = contrôle",twfe,Wald pré (-8..−2),4.053104810041722,,,,0.7736408597455221,96,2016,False,"test de Wald joint, covariance groupée, df = 7 ; fenêtre 2004-2024 ; 96 traitées, 0 jamais traitées sur la fenêtre",pre_test,0.0,96.0,0.0,0.0,2004.0,2024.0,,,,,,,,,,,7.0,,,,,,
h3,H3,H3b,log(naissances / 1 000 f. en couple 25-39),"département, bascule D3 ≥ 50 %, femmes en couple interpolées entre millésimes ; fenêtre identifiée ≤ 2017, cohorte 2018 = contrôle",twfe,ATT,3.648630164787141e-05,0.0116924209755731,-0.0228802377025561,0.0229532103058518,0.9975101983087984,96,2016,False,"test H3b entrant dans la règle §6 ; dénominateur interpolé entre millésimes RP (2006-2022), prolongé 2 ans ; fenêtre 2004-2024 ; 96 traitées, 0 jamais traitées sur la fenêtre ; comparaisons sur la fenêtre identifiée (années < 2018, cohorte 2018 recodée contrôle, 7 unités de contrôle)",static,0.0,96.0,0.0,0.0,2004.0,2024.0,,,,,,,,,,,,,,,,,
h3,H3,H3b,log(naissances / 1 000 f. en couple 25-39),"département, bascule D3 ≥ 50 %, femmes en couple interpolées entre millésimes ; fenêtre complète",twfe,ATT,0.0015494970186847,0.0072639138148679,-0.0126875124452594,0.0157865064826289,0.8310817852268901,96,2016,True,"test H3b entrant dans la règle §6 ; dénominateur interpolé entre millésimes RP (2006-2022), prolongé 2 ans ; fenêtre 2004-2024 ; 96 traitées, 0 jamais traitées sur la fenêtre ; TWFE sur toutes les années (identification par le calendrier des bascules seulement)",static,0.0,96.0,0.0,0.0,2004.0,2024.0,,,,,,,,,,,,,,,,,
h3,H3,H3b,log(naissances / 1 000 f. en couple 25-39),"département, bascule D3 ≥ 50 %, femmes en couple interpolées, covariables de pré-période agrégées",cs,-8,-0.0072458806006961,0.0146355580455594,-0.035931047263638,0.0214392860622456,0.6205384169224077,96,2016,True,"forme préenregistrée (doublement robuste) ; conditionnement numériquement instable à 96 unités (cohortes de 2 à 33 départements, 6 covariables : estimations de plusieurs log-points au test de fonctionnement) ; rapporté, non interprétable, hors familles de Holm (A2.5) ; covariables : log_med12, share_fsup, unemp_1524, dens_inter, dens_rural, pretrend_0811 (doublement robuste) ; contrôle = not_yet_treated ; fenêtre 2004-2024 ; 96 traitées, 0 jamais traitées sur la fenêtre ; ATT(g,t) identifiés jusqu'en 2017 (sans unité jamais traitée, la dernière cohorte sert de contrôle) ; grappes = dep (96)",event,0.0,96.0,0.0,0.0,2004.0,2024.0,2004.0,2017.0,96.0,1.0,dr,5.0,89.0,,,,,,,,,,
h3,H3,H3b,log(naissances / 1 000 f. en couple 25-39),"département, bascule D3 ≥ 50 %, femmes en couple interpolées, covariables de pré-période agrégées",cs,-7,-0.0018987705042714,0.0158987732884525,-0.033059793548006,0.029262252539463,0.9049356908719248,96,2016,True,"forme préenregistrée (doublement robuste) ; conditionnement numériquement instable à 96 unités (cohortes de 2 à 33 départements, 6 covariables : estimations de plusieurs log-points au test de fonctionnement) ; rapporté, non interprétable, hors familles de Holm (A2.5) ; covariables : log_med12, share_fsup, unemp_1524, dens_inter, dens_rural, pretrend_0811 (doublement robuste) ; contrôle = not_yet_treated ; fenêtre 2004-2024 ; 96 traitées, 0 jamais traitées sur la fenêtre ; ATT(g,t) identifiés jusqu'en 2017 (sans unité jamais traitée, la dernière cohorte sert de contrôle) ; grappes = dep (96)",event,0.0,96.0,0.0,0.0,2004.0,2024.0,2004.0,2017.0,96.0,1.0,dr,5.0,89.0,,,,,,,,,,
h3,H3,H3b,log(naissances / 1 000 f. en couple 25-39),"département, bascule D3 ≥ 50 %, femmes en couple interpolées, covariables de pré-période agrégées",cs,-6,-0.004681255731764,0.0106105278560277,-0.0254775081865374,0.0161149967230092,0.659075660395124,96,2016,True,"forme préenregistrée (doublement robuste) ; conditionnement numériquement instable à 96 unités (cohortes de 2 à 33 départements, 6 covariables : estimations de plusieurs log-points au test de fonctionnement) ; rapporté, non interprétable, hors familles de Holm (A2.5) ; covariables : log_med12, share_fsup, unemp_1524, dens_inter, dens_rural, pretrend_0811 (doublement robuste) ; contrôle = not_yet_treated ; fenêtre 2004-2024 ; 96 traitées, 0 jamais traitées sur la fenêtre ; ATT(g,t) identifiés jusqu'en 2017 (sans unité jamais traitée, la dernière cohorte sert de contrôle) ; grappes = dep (96)",event,0.0,96.0,0.0,0.0,2004.0,2024.0,2004.0,2017.0,96.0,1.0,dr,5.0,89.0,,,,,,,,,,
h3,H3,H3b,log(naissances / 1 000 f. en couple 25-39),"département, bascule D3 ≥ 50 %, femmes en couple interpolées, covariables de pré-période agrégées",cs,-5,-0.0108943954522153,0.0133251207901775,-0.0370111522906093,0.0152223613861785,0.4135951998285766,96,2016,True,"forme préenregistrée (doublement robuste) ; conditionnement numériquement instable à 96 unités (cohortes de 2 à 33 départements, 6 covariables : estimations de plusieurs log-points au test de fonctionnement) ; rapporté, non interprétable, hors familles de Holm (A2.5) ; covariables : log_med12, share_fsup, unemp_1524, dens_inter, dens_rural, pretrend_0811 (doublement robuste) ; contrôle = not_yet_treated ; fenêtre 2004-2024 ; 96 traitées, 0 jamais traitées sur la fenêtre ; ATT(g,t) identifiés jusqu'en 2017 (sans unité jamais traitée, la dernière cohorte sert de contrôle) ; grappes = dep (96)",event,0.0,96.0,0.0,0.0,2004.0,2024.0,2004.0,2017.0,96.0,1.0,dr,5.0,89.0,,,,,,,,,,
h3,H3,H3b,log(naissances / 1 000 f. en couple 25-39),"département, bascule D3 ≥ 50 %, femmes en couple interpolées, covariables de pré-période agrégées",cs,-4,-0.0056041214641434,0.0078055502265141,-0.0209027187876297,0.0096944758593428,0.4727781096632,96,2016,True,"forme préenregistrée (doublement robuste) ; conditionnement numériquement instable à 96 unités (cohortes de 2 à 33 départements, 6 covariables : estimations de plusieurs log-points au test de fonctionnement) ; rapporté, non interprétable, hors familles de Holm (A2.5) ; covariables : log_med12, share_fsup, unemp_1524, dens_inter, dens_rural, pretrend_0811 (doublement robuste) ; contrôle = not_yet_treated ; fenêtre 2004-2024 ; 96 traitées, 0 jamais traitées sur la fenêtre ; ATT(g,t) identifiés jusqu'en 2017 (sans unité jamais traitée, la dernière cohorte sert de contrôle) ; grappes = dep (96)",event,0.0,96.0,0.0,0.0,2004.0,2024.0,2004.0,2017.0,96.0,1.0,dr,5.0,89.0,,,,,,,,,,
h3,H3,H3b,log(naissances / 1 000 f. en couple 25-39),"département, bascule D3 ≥ 50 %, femmes en couple interpolées, covariables de pré-période agrégées",cs,-3,-0.0031121083121595,0.0120953326379049,-0.0268185246634852,0.020594308039166,0.7969485183192475,96,2016,True,"forme préenregistrée (doublement robuste) ; conditionnement numériquement instable à 96 unités (cohortes de 2 à 33 départements, 6 covariables : estimations de plusieurs log-points au test de fonctionnement) ; rapporté, non interprétable, hors familles de Holm (A2.5) ; covariables : log_med12, share_fsup, unemp_1524, dens_inter, dens_rural, pretrend_0811 (doublement robuste) ; contrôle = not_yet_treated ; fenêtre 2004-2024 ; 96 traitées, 0 jamais traitées sur la fenêtre ; ATT(g,t) identifiés jusqu'en 2017 (sans unité jamais traitée, la dernière cohorte sert de contrôle) ; grappes = dep (96)",event,0.0,96.0,0.0,0.0,2004.0,2024.0,2004.0,2017.0,96.0,1.0,dr,5.0,89.0,,,,,,,,,,
h3,H3,H3b,log(naissances / 1 000 f. en couple 25-39),"département, bascule D3 ≥ 50 %, femmes en couple interpolées, covariables de pré-période agrégées",cs,-2,0.0063041955579416,0.009862277018058,-0.0130255122030092,0.0256339033188925,0.5226777889012555,96,2016,True,"forme préenregistrée (doublement robuste) ; conditionnement numériquement instable à 96 unités (cohortes de 2 à 33 départements, 6 covariables : estimations de plusieurs log-points au test de fonctionnement) ; rapporté, non interprétable, hors familles de Holm (A2.5) ; covariables : log_med12, share_fsup, unemp_1524, dens_inter, dens_rural, pretrend_0811 (doublement robuste) ; contrôle = not_yet_treated ; fenêtre 2004-2024 ; 96 traitées, 0 jamais traitées sur la fenêtre ; ATT(g,t) identifiés jusqu'en 2017 (sans unité jamais traitée, la dernière cohorte sert de contrôle) ; grappes = dep (96)",event,0.0,96.0,0.0,0.0,2004.0,2024.0,2004.0,2017.0,96.0,1.0,dr,5.0,89.0,,,,,,,,,,
h3,H3,H3b,log(naissances / 1 000 f. en couple 25-39),"département, bascule D3 ≥ 50 %, femmes en couple interpolées, covariables de pré-période agrégées",cs,0,0.006662070197622,0.0099488463688125,-0.0128373103729726,0.0261614507682167,0.5030921336673639,96,2016,True,"forme préenregistrée (doublement robuste) ; conditionnement numériquement instable à 96 unités (cohortes de 2 à 33 départements, 6 covariables : estimations de plusieurs log-points au test de fonctionnement) ; rapporté, non interprétable, hors familles de Holm (A2.5) ; covariables : log_med12, share_fsup, unemp_1524, dens_inter, dens_rural, pretrend_0811 (doublement robuste) ; contrôle = not_yet_treated ; fenêtre 2004-2024 ; 96 traitées, 0 jamais traitées sur la fenêtre ; ATT(g,t) identifiés jusqu'en 2017 (sans unité jamais traitée, la dernière cohorte sert de contrôle) ; grappes = dep (96)",event,0.0,96.0,0.0,0.0,2004.0,2024.0,2004.0,2017.0,96.0,1.0,dr,5.0,89.0,,,,,,,,,,
h3,H3,H3b,log(naissances / 1 000 f. en couple 25-39),"département, bascule D3 ≥ 50 %, femmes en couple interpolées, covariables de pré-période agrégées",cs,4,0.7445982961656064,0.1304526152390429,0.4889158686080213,1.0002807237231914,1.1444135975589581e-08,96,2016,True,"forme préenregistrée (doublement robuste) ; conditionnement numériquement instable à 96 unités (cohortes de 2 à 33 départements, 6 covariables : estimations de plusieurs log-points au test de fonctionnement) ; rapporté, non interprétable, hors familles de Holm (A2.5) ; covariables : log_med12, share_fsup, unemp_1524, dens_inter, dens_rural, pretrend_0811 (doublement robuste) ; contrôle = not_yet_treated ; fenêtre 2004-2024 ; 96 traitées, 0 jamais traitées sur la fenêtre ; ATT(g,t) identifiés jusqu'en 2017 (sans unité jamais traitée, la dernière cohorte sert de contrôle) ; grappes = dep (96)",event,0.0,96.0,0.0,0.0,2004.0,2024.0,2004.0,2017.0,96.0,1.0,dr,1.0,2.0,,,,,,,,,,
h3,H3,H3b,log(naissances / 1 000 f. en couple 25-39),"département, bascule D3 ≥ 50 %, femmes en couple interpolées, covariables de pré-période agrégées",cs,"ATT[1,4]",0.7445982961656064,0.1304526152390429,0.4889158686080213,1.0002807237231914,1.1444135975589581e-08,96,2016,True,"forme préenregistrée (doublement robuste) ; conditionnement numériquement instable à 96 unités (cohortes de 2 à 33 départements, 6 covariables : estimations de plusieurs log-points au test de fonctionnement) ; rapporté, non interprétable, hors familles de Holm (A2.5) ; covariables : log_med12, share_fsup, unemp_1524, dens_inter, dens_rural, pretrend_0811 (doublement robuste) ; contrôle = not_yet_treated ; fenêtre 2004-2024 ; 96 traitées, 0 jamais traitées sur la fenêtre ; ATT(g,t) identifiés jusqu'en 2017 (sans unité jamais traitée, la dernière cohorte sert de contrôle) ; grappes = dep (96) ; écart-type avec covariance complète des coefficients (fonctions d'influence)",post_avg,0.0,96.0,0.0,0.0,2004.0,2024.0,2004.0,2017.0,96.0,1.0,dr,,,,,1.0,,,,,,,
h3,H3,H3b,log(naissances / 1 000 f. en couple 25-39),"département, bascule D3 ≥ 50 %, femmes en couple interpolées, covariables de pré-période agrégées",cs,ATT,0.0266062925210811,0.0173447010397857,-0.0073886968395134,0.0606012818816756,0.1250364451672776,96,2016,True,"forme préenregistrée (doublement robuste) ; conditionnement numériquement instable à 96 unités (cohortes de 2 à 33 départements, 6 covariables : estimations de plusieurs log-points au test de fonctionnement) ; rapporté, non interprétable, hors familles de Holm (A2.5) ; covariables : log_med12, share_fsup, unemp_1524, dens_inter, dens_rural, pretrend_0811 (doublement robuste) ; contrôle = not_yet_treated ; fenêtre 2004-2024 ; 96 traitées, 0 jamais traitées sur la fenêtre ; ATT(g,t) identifiés jusqu'en 2017 (sans unité jamais traitée, la dernière cohorte sert de contrôle) ; grappes = dep (96) ; moyenne de tous les ATT(g,t) post",simple,0.0,96.0,0.0,0.0,2004.0,2024.0,2004.0,2017.0,96.0,1.0,dr,,,,,,,,,,,,
h3,H3,H3b,log(naissances / 1 000 f. en couple 25-39),"département, bascule D3 ≥ 50 %, femmes en couple interpolées, covariables de pré-période agrégées",cs,Wald pré (-8..-2),9.560651343804109,,,,0.2148675415674142,96,2016,True,"H5c : test de Wald joint de nullité des coefficients pré avec covariance des fonctions d'influence, df = 7 ; fenêtre 2004-2024 ; 96 traitées, 0 jamais traitées sur la fenêtre",pre_test,0.0,96.0,0.0,0.0,2004.0,2024.0,2004.0,2017.0,96.0,1.0,dr,,,,,,7.0,,,,,,
h3,H3,H3b,log(naissances / 1 000 f. en couple 25-39) (RP 2011 → 2016),"département, différence longue entre millésimes",long_diff,Δ2011→2016 sur treated_by_2016,0.0097122141012738,0.0099130301239711,-0.0097169679193702,0.0291413961219178,0.3272133817869553,96,96,False,Δ régressée sur bascule D3 ≥ 50 % ≤ 2016 ; erreurs robustes ; millésimes RP seuls (A2),long_diff,,,,,,,,,,,,,,,,,,,,,,,
h3,H3,H3b,log(naissances / 1 000 f. en couple 25-39) (RP 2011 → 2021),"département, différence longue entre millésimes",long_diff,Δ2011→2021 sur exposure_2021,-0.0062393765792451,0.004067128257393,-0.0142108014842407,0.0017320483257503,0.1250053484937441,96,96,False,Δ régressée sur années d'exposition en 2021 ; erreurs robustes ; millésimes RP seuls (A2),long_diff,,,,,,,,,,,,,,,,,,,,,,,
h3,H3,H3b,log(naissances / 1 000 f. en couple 15-24),"département, bascule D3 ≥ 50 %, femmes en couple interpolées entre millésimes",cs,-8,0.0207119871101748,0.018376672159574,-0.0153056284782901,0.0567296026986398,0.2597084870549037,96,2016,False,"dénominateur interpolé entre millésimes RP (2006-2022), prolongé 2 ans ; contrôle = not_yet_treated ; fenêtre 2004-2024 ; 96 traitées, 0 jamais traitées sur la fenêtre ; ATT(g,t) identifiés jusqu'en 2017 (sans unité jamais traitée, la dernière cohorte sert de contrôle) ; grappes = dep (96)",event,0.0,96.0,0.0,0.0,2004.0,2024.0,2004.0,2017.0,96.0,4.0,reg,5.0,89.0,,,,,,,,,,
h3,H3,H3b,log(naissances / 1 000 f. en couple 15-24),"département, bascule D3 ≥ 50 %, femmes en couple interpolées entre millésimes",cs,-7,0.0152896869806677,0.0178250504905574,-0.0196467700034329,0.0502261439647684,0.3910227806063318,96,2016,False,"dénominateur interpolé entre millésimes RP (2006-2022), prolongé 2 ans ; contrôle = not_yet_treated ; fenêtre 2004-2024 ; 96 traitées, 0 jamais traitées sur la fenêtre ; ATT(g,t) identifiés jusqu'en 2017 (sans unité jamais traitée, la dernière cohorte sert de contrôle) ; grappes = dep (96)",event,0.0,96.0,0.0,0.0,2004.0,2024.0,2004.0,2017.0,96.0,4.0,reg,5.0,89.0,,,,,,,,,,
h3,H3,H3b,log(naissances / 1 000 f. en couple 15-24),"département, bascule D3 ≥ 50 %, femmes en couple interpolées entre millésimes",cs,-6,0.0115634847954177,0.0153306148860758,-0.0184839682421445,0.04161093783298,0.4506846882485664,96,2016,False,"dénominateur interpolé entre millésimes RP (2006-2022), prolongé 2 ans ; contrôle = not_yet_treated ; fenêtre 2004-2024 ; 96 traitées, 0 jamais traitées sur la fenêtre ; ATT(g,t) identifiés jusqu'en 2017 (sans unité jamais traitée, la dernière cohorte sert de contrôle) ; grappes = dep (96)",event,0.0,96.0,0.0,0.0,2004.0,2024.0,2004.0,2017.0,96.0,4.0,reg,5.0,89.0,,,,,,,,,,
h3,H3,H3b,log(naissances / 1 000 f. en couple 15-24),"département, bascule D3 ≥ 50 %, femmes en couple interpolées entre millésimes",cs,-5,0.0124666635745104,0.013449476564123,-0.0138938261020861,0.038827153251107,0.3539651860869715,96,2016,False,"dénominateur interpolé entre millésimes RP (2006-2022), prolongé 2 ans ; contrôle = not_yet_treated ; fenêtre 2004-2024 ; 96 traitées, 0 jamais traitées sur la fenêtre ; ATT(g,t) identifiés jusqu'en 2017 (sans unité jamais traitée, la dernière cohorte sert de contrôle) ; grappes = dep (96)",event,0.0,96.0,0.0,0.0,2004.0,2024.0,2004.0,2017.0,96.0,4.0,reg,5.0,89.0,,,,,,,,,,
h3,H3,H3b,log(naissances / 1 000 f. en couple 15-24),"département, bascule D3 ≥ 50 %, femmes en couple interpolées entre millésimes",cs,-4,0.0107076937103349,0.012535582849281,-0.0138615971994738,0.0352769846201438,0.3930030730795532,96,2016,False,"dénominateur interpolé entre millésimes RP (2006-2022), prolongé 2 ans ; contrôle = not_yet_treated ; fenêtre 2004-2024 ; 96 traitées, 0 jamais traitées sur la fenêtre ; ATT(g,t) identifiés jusqu'en 2017 (sans unité jamais traitée, la dernière cohorte sert de contrôle) ; grappes = dep (96)",event,0.0,96.0,0.0,0.0,2004.0,2024.0,2004.0,2017.0,96.0,4.0,reg,5.0,89.0,,,,,,,,,,
h3,H3,H3b,log(naissances / 1 000 f. en couple 15-24),"département, bascule D3 ≥ 50 %, femmes en couple interpolées entre millésimes",cs,-3,0.0091764638226032,0.0120426756345809,-0.0144267466986735,0.03277967434388,0.4460627305107667,96,2016,False,"dénominateur interpolé entre millésimes RP (2006-2022), prolongé 2 ans ; contrôle = not_yet_treated ; fenêtre 2004-2024 ; 96 traitées, 0 jamais traitées sur la fenêtre ; ATT(g,t) identifiés jusqu'en 2017 (sans unité jamais traitée, la dernière cohorte sert de contrôle) ; grappes = dep (96)",event,0.0,96.0,0.0,0.0,2004.0,2024.0,2004.0,2017.0,96.0,4.0,reg,5.0,89.0,,,,,,,,,,
h3,H3,H3b,log(naissances / 1 000 f. en couple 15-24),"département, bascule D3 ≥ 50 %, femmes en couple interpolées entre millésimes",cs,-2,0.0074097576815858,0.0098990519552325,-0.0119920276317608,0.0268115429949324,0.454139298952689,96,2016,False,"dénominateur interpolé entre millésimes RP (2006-2022), prolongé 2 ans ; contrôle = not_yet_treated ; fenêtre 2004-2024 ; 96 traitées, 0 jamais traitées sur la fenêtre ; ATT(g,t) identifiés jusqu'en 2017 (sans unité jamais traitée, la dernière cohorte sert de contrôle) ; grappes = dep (96)",event,0.0,96.0,0.0,0.0,2004.0,2024.0,2004.0,2017.0,96.0,4.0,reg,5.0,89.0,,,,,,,,,,
h3,H3,H3b,log(naissances / 1 000 f. en couple 15-24),"département, bascule D3 ≥ 50 %, femmes en couple interpolées entre millésimes",cs,0,0.0045580987160019,0.0105520817230898,-0.0161236014231775,0.0252397988551814,0.6657690048966655,96,2016,False,"dénominateur interpolé entre millésimes RP (2006-2022), prolongé 2 ans ; contrôle = not_yet_treated ; fenêtre 2004-2024 ; 96 traitées, 0 jamais traitées sur la fenêtre ; ATT(g,t) identifiés jusqu'en 2017 (sans unité jamais traitée, la dernière cohorte sert de contrôle) ; grappes = dep (96)",event,0.0,96.0,0.0,0.0,2004.0,2024.0,2004.0,2017.0,96.0,4.0,reg,5.0,89.0,,,,,,,,,,
h3,H3,H3b,log(naissances / 1 000 f. en couple 15-24),"département, bascule D3 ≥ 50 %, femmes en couple interpolées entre millésimes",cs,1,-0.0026580293197342,0.0126523165088935,-0.0274561139981671,0.0221400553586986,0.8336033431018754,96,2016,False,"dénominateur interpolé entre millésimes RP (2006-2022), prolongé 2 ans ; contrôle = not_yet_treated ; fenêtre 2004-2024 ; 96 traitées, 0 jamais traitées sur la fenêtre ; ATT(g,t) identifiés jusqu'en 2017 (sans unité jamais traitée, la dernière cohorte sert de contrôle) ; grappes = dep (96)",event,0.0,96.0,0.0,0.0,2004.0,2024.0,2004.0,2017.0,96.0,4.0,reg,4.0,74.0,,,,,,,,,,
h3,H3,H3b,log(naissances / 1 000 f. en couple 15-24),"département, bascule D3 ≥ 50 %, femmes en couple interpolées entre millésimes",cs,2,0.0056709899911804,0.0225301033593936,-0.038487201161196,0.0498291811435568,0.8012673653193324,96,2016,False,"dénominateur interpolé entre millésimes RP (2006-2022), prolongé 2 ans ; contrôle = not_yet_treated ; fenêtre 2004-2024 ; 96 traitées, 0 jamais traitées sur la fenêtre ; ATT(g,t) identifiés jusqu'en 2017 (sans unité jamais traitée, la dernière cohorte sert de contrôle) ; grappes = dep (96)",event,0.0,96.0,0.0,0.0,2004.0,2024.0,2004.0,2017.0,96.0,4.0,reg,3.0,51.0,,,,,,,,,,
h3,H3,H3b,log(naissances / 1 000 f. en couple 15-24),"département, bascule D3 ≥ 50 %, femmes en couple interpolées entre millésimes",cs,3,0.0145453863163218,0.0410039995296346,-0.0658209759838594,0.094911748616503,0.7227911875317217,96,2016,False,"dénominateur interpolé entre millésimes RP (2006-2022), prolongé 2 ans ; contrôle = not_yet_treated ; fenêtre 2004-2024 ; 96 traitées, 0 jamais traitées sur la fenêtre ; ATT(g,t) identifiés jusqu'en 2017 (sans unité jamais traitée, la dernière cohorte sert de contrôle) ; grappes = dep (96)",event,0.0,96.0,0.0,0.0,2004.0,2024.0,2004.0,2017.0,96.0,4.0,reg,2.0,35.0,,,,,,,,,,
h3,H3,H3b,log(naissances / 1 000 f. en couple 15-24),"département, bascule D3 ≥ 50 %, femmes en couple interpolées entre millésimes",cs,4,0.0527791099836554,0.0449957902825471,-0.0354110184260543,0.1409692383933652,0.2408042904511342,96,2016,False,"dénominateur interpolé entre millésimes RP (2006-2022), prolongé 2 ans ; contrôle = not_yet_treated ; fenêtre 2004-2024 ; 96 traitées, 0 jamais traitées sur la fenêtre ; ATT(g,t) identifiés jusqu'en 2017 (sans unité jamais traitée, la dernière cohorte sert de contrôle) ; grappes = dep (96)",event,0.0,96.0,0.0,0.0,2004.0,2024.0,2004.0,2017.0,96.0,4.0,reg,1.0,2.0,,,,,,,,,,
h3,H3,H3b,log(naissances / 1 000 f. en couple 15-24),"département, bascule D3 ≥ 50 %, femmes en couple interpolées entre millésimes",cs,"ATT[1,4]",0.0175843642428558,0.0232563123783418,-0.0279971704319071,0.0631658989176188,0.4495823732147074,96,2016,False,"dénominateur interpolé entre millésimes RP (2006-2022), prolongé 2 ans ; contrôle = not_yet_treated ; fenêtre 2004-2024 ; 96 traitées, 0 jamais traitées sur la fenêtre ; ATT(g,t) identifiés jusqu'en 2017 (sans unité jamais traitée, la dernière cohorte sert de contrôle) ; grappes = dep (96) ; écart-type avec covariance complète des coefficients (fonctions d'influence)",post_avg,0.0,96.0,0.0,0.0,2004.0,2024.0,2004.0,2017.0,96.0,4.0,reg,,,,,4.0,,,,,,,
h3,H3,H3b,log(naissances / 1 000 f. en couple 15-24),"département, bascule D3 ≥ 50 %, femmes en couple interpolées entre millésimes",cs,ATT,0.0044336408233171,0.0146555419582711,-0.0242906935888098,0.0331579752354442,0.7622532830850226,96,2016,False,"dénominateur interpolé entre millésimes RP (2006-2022), prolongé 2 ans ; contrôle = not_yet_treated ; fenêtre 2004-2024 ; 96 traitées, 0 jamais traitées sur la fenêtre ; ATT(g,t) identifiés jusqu'en 2017 (sans unité jamais traitée, la dernière cohorte sert de contrôle) ; grappes = dep (96) ; moyenne de tous les ATT(g,t) post",simple,0.0,96.0,0.0,0.0,2004.0,2024.0,2004.0,2017.0,96.0,4.0,reg,,,,,,,,,,,,
h3,H3,H3b,log(naissances / 1 000 f. en couple 15-24),"département, bascule D3 ≥ 50 %, femmes en couple interpolées entre millésimes",cs,Wald pré (-8..-2),1.5118055170908882,,,,0.981898136792498,96,2016,False,"H5c : test de Wald joint de nullité des coefficients pré avec covariance des fonctions d'influence, df = 7 ; fenêtre 2004-2024 ; 96 traitées, 0 jamais traitées sur la fenêtre",pre_test,0.0,96.0,0.0,0.0,2004.0,2024.0,2004.0,2017.0,96.0,4.0,reg,,,,,,7.0,,,,,,
h3,H3,H3b,log(naissances / 1 000 f. en couple 15-24),"département, bascule D3 ≥ 50 %, femmes en couple interpolées entre millésimes ; fenêtre identifiée ≤ 2017, cohorte 2018 = contrôle",twfe,-8,0.0202253778750638,0.0283424981318017,-0.0353248976951613,0.0757756534452891,0.4754708212027976,96,2016,False,"dénominateur interpolé entre millésimes RP (2006-2022), prolongé 2 ans ; fenêtre 2004-2024 ; 96 traitées, 0 jamais traitées sur la fenêtre ; comparaisons sur la fenêtre identifiée (années < 2018, cohorte 2018 recodée contrôle, 7 unités de contrôle) ; cellules −8 et +8 bornées",event,0.0,96.0,0.0,0.0,2004.0,2024.0,,,,,,,,,,,,,,,,,
h3,H3,H3b,log(naissances / 1 000 f. en couple 15-24),"département, bascule D3 ≥ 50 %, femmes en couple interpolées entre millésimes ; fenêtre identifiée ≤ 2017, cohorte 2018 = contrôle",twfe,-7,0.031823817750456,0.0328529905645944,-0.0325668605405832,0.0962144960414953,0.3327081732325967,96,2016,False,"dénominateur interpolé entre millésimes RP (2006-2022), prolongé 2 ans ; fenêtre 2004-2024 ; 96 traitées, 0 jamais traitées sur la fenêtre ; comparaisons sur la fenêtre identifiée (années < 2018, cohorte 2018 recodée contrôle, 7 unités de contrôle) ; cellules −8 et +8 bornées",event,0.0,96.0,0.0,0.0,2004.0,2024.0,,,,,,,,,,,,,,,,,
h3,H3,H3b,log(naissances / 1 000 f. en couple 15-24),"département, bascule D3 ≥ 50 %, femmes en couple interpolées entre millésimes ; fenêtre identifiée ≤ 2017, cohorte 2018 = contrôle",twfe,-6,0.0317355496691643,0.0308997481814963,-0.0288268438979255,0.0922979432362542,0.3043974800265069,96,2016,False,"dénominateur interpolé entre millésimes RP (2006-2022), prolongé 2 ans ; fenêtre 2004-2024 ; 96 traitées, 0 jamais traitées sur la fenêtre ; comparaisons sur la fenêtre identifiée (années < 2018, cohorte 2018 recodée contrôle, 7 unités de contrôle) ; cellules −8 et +8 bornées",event,0.0,96.0,0.0,0.0,2004.0,2024.0,,,,,,,,,,,,,,,,,
h3,H3,H3b,log(naissances / 1 000 f. en couple 15-24),"département, bascule D3 ≥ 50 %, femmes en couple interpolées entre millésimes ; fenêtre identifiée ≤ 2017, cohorte 2018 = contrôle",twfe,-5,0.0315856238464842,0.0270343712404536,-0.0214007701294902,0.0845720178224588,0.2426653728448136,96,2016,False,"dénominateur interpolé entre millésimes RP (2006-2022), prolongé 2 ans ; fenêtre 2004-2024 ; 96 traitées, 0 jamais traitées sur la fenêtre ; comparaisons sur la fenêtre identifiée (années < 2018, cohorte 2018 recodée contrôle, 7 unités de contrôle) ; cellules −8 et +8 bornées",event,0.0,96.0,0.0,0.0,2004.0,2024.0,,,,,,,,,,,,,,,,,
h3,H3,H3b,log(naissances / 1 000 f. en couple 15-24),"département, bascule D3 ≥ 50 %, femmes en couple interpolées entre millésimes ; fenêtre identifiée ≤ 2017, cohorte 2018 = contrôle",twfe,-4,0.0255037397280544,0.021695922814656,-0.0170194876000322,0.068026967056141,0.2397913746014839,96,2016,False,"dénominateur interpolé entre millésimes RP (2006-2022), prolongé 2 ans ; fenêtre 2004-2024 ; 96 traitées, 0 jamais traitées sur la fenêtre ; comparaisons sur la fenêtre identifiée (années < 2018, cohorte 2018 recodée contrôle, 7 unités de contrôle) ; cellules −8 et +8 bornées",event,0.0,96.0,0.0,0.0,2004.0,2024.0,,,,,,,,,,,,,,,,,
h3,H3,H3b,log(naissances / 1 000 f. en couple 15-24),"département, bascule D3 ≥ 50 %, femmes en couple interpolées entre millésimes ; fenêtre identifiée ≤ 2017, cohorte 2018 = contrôle",twfe,-3,0.0172301345948753,0.0154839965126117,-0.0131179409065874,0.0475782100963381,0.265807006671439,96,2016,False,"dénominateur interpolé entre millésimes RP (2006-2022), prolongé 2 ans ; fenêtre 2004-2024 ; 96 traitées, 0 jamais traitées sur la fenêtre ; comparaisons sur la fenêtre identifiée (années < 2018, cohorte 2018 recodée contrôle, 7 unités de contrôle) ; cellules −8 et +8 bornées",event,0.0,96.0,0.0,0.0,2004.0,2024.0,,,,,,,,,,,,,,,,,
h3,H3,H3b,log(naissances / 1 000 f. en couple 15-24),"département, bascule D3 ≥ 50 %, femmes en couple interpolées entre millésimes ; fenêtre identifiée ≤ 2017, cohorte 2018 = contrôle",twfe,-2,0.0088396152299263,0.0096796718843939,-0.0101321930456506,0.0278114235055033,0.3611298202768642,96,2016,False,"dénominateur interpolé entre millésimes RP (2006-2022), prolongé 2 ans ; fenêtre 2004-2024 ; 96 traitées, 0 jamais traitées sur la fenêtre ; comparaisons sur la fenêtre identifiée (années < 2018, cohorte 2018 recodée contrôle, 7 unités de contrôle) ; cellules −8 et +8 bornées",event,0.0,96.0,0.0,0.0,2004.0,2024.0,,,,,,,,,,,,,,,,,
h3,H3,H3b,log(naissances / 1 000 f. en couple 15-24),"département, bascule D3 ≥ 50 %, femmes en couple interpolées entre millésimes ; fenêtre identifiée ≤ 2017, cohorte 2018 = contrôle",twfe,0,-0.0076242851583227,0.0117925837228953,-0.0307373245398708,0.0154887542232253,0.5179347473675608,96,2016,False,"dénominateur interpolé entre millésimes RP (2006-2022), prolongé 2 ans ; fenêtre 2004-2024 ; 96 traitées, 0 jamais traitées sur la fenêtre ; comparaisons sur la fenêtre identifiée (années < 2018, cohorte 2018 recodée contrôle, 7 unités de contrôle) ; cellules −8 et +8 bornées",event,0.0,96.0,0.0,0.0,2004.0,2024.0,,,,,,,,,,,,,,,,,
h3,H3,H3b,log(naissances / 1 000 f. en couple 15-24),"département, bascule D3 ≥ 50 %, femmes en couple interpolées entre millésimes ; fenêtre identifiée ≤ 2017, cohorte 2018 = contrôle",twfe,1,-0.0094264048466077,0.0179989665774871,-0.0447037310974228,0.0258509214042073,0.6004738412439844,96,2016,False,"dénominateur interpolé entre millésimes RP (2006-2022), prolongé 2 ans ; fenêtre 2004-2024 ; 96 traitées, 0 jamais traitées sur la fenêtre ; comparaisons sur la fenêtre identifiée (années < 2018, cohorte 2018 recodée contrôle, 7 unités de contrôle) ; cellules −8 et +8 bornées",event,0.0,96.0,0.0,0.0,2004.0,2024.0,,,,,,,,,,,,,,,,,
h3,H3,H3b,log(naissances / 1 000 f. en couple 15-24),"département, bascule D3 ≥ 50 %, femmes en couple interpolées entre millésimes ; fenêtre identifiée ≤ 2017, cohorte 2018 = contrôle",twfe,2,-0.0068711917310758,0.0274187925509683,-0.0606110376305489,0.0468686541683972,0.802122188342728,96,2016,False,"dénominateur interpolé entre millésimes RP (2006-2022), prolongé 2 ans ; fenêtre 2004-2024 ; 96 traitées, 0 jamais traitées sur la fenêtre ; comparaisons sur la fenêtre identifiée (années < 2018, cohorte 2018 recodée contrôle, 7 unités de contrôle) ; cellules −8 et +8 bornées",event,0.0,96.0,0.0,0.0,2004.0,2024.0,,,,,,,,,,,,,,,,,
h3,H3,H3b,log(naissances / 1 000 f. en couple 15-24),"département, bascule D3 ≥ 50 %, femmes en couple interpolées entre millésimes ; fenêtre identifiée ≤ 2017, cohorte 2018 = contrôle",twfe,3,-0.0022336970004346,0.0389454488118201,-0.0785653740333502,0.074097980032481,0.9542628017943496,96,2016,False,"dénominateur interpolé entre millésimes RP (2006-2022), prolongé 2 ans ; fenêtre 2004-2024 ; 96 traitées, 0 jamais traitées sur la fenêtre ; comparaisons sur la fenêtre identifiée (années < 2018, cohorte 2018 recodée contrôle, 7 unités de contrôle) ; cellules −8 et +8 bornées",event,0.0,96.0,0.0,0.0,2004.0,2024.0,,,,,,,,,,,,,,,,,
h3,H3,H3b,log(naissances / 1 000 f. en couple 15-24),"département, bascule D3 ≥ 50 %, femmes en couple interpolées entre millésimes ; fenêtre identifiée ≤ 2017, cohorte 2018 = contrôle",twfe,4,-0.2295872778262988,0.0545373240663168,-0.3364784688094694,-0.1226960868431283,2.5567877442486532e-05,96,2016,False,"dénominateur interpolé entre millésimes RP (2006-2022), prolongé 2 ans ; fenêtre 2004-2024 ; 96 traitées, 0 jamais traitées sur la fenêtre ; comparaisons sur la fenêtre identifiée (années < 2018, cohorte 2018 recodée contrôle, 7 unités de contrôle) ; cellules −8 et +8 bornées",event,0.0,96.0,0.0,0.0,2004.0,2024.0,,,,,,,,,,,,,,,,,
h3,H3,H3b,log(naissances / 1 000 f. en couple 15-24),"département, bascule D3 ≥ 50 %, femmes en couple interpolées entre millésimes ; fenêtre identifiée ≤ 2017, cohorte 2018 = contrôle",twfe,"ATT[1,4]",-0.0620296428511042,0.0320108913075479,-0.1247698369269244,0.0007105512247159,0.0526516783002565,96,2016,False,"dénominateur interpolé entre millésimes RP (2006-2022), prolongé 2 ans ; fenêtre 2004-2024 ; 96 traitées, 0 jamais traitées sur la fenêtre ; comparaisons sur la fenêtre identifiée (années < 2018, cohorte 2018 recodée contrôle, 7 unités de contrôle) ; écart-type avec covariance complète (w'Vw)",post_avg,0.0,96.0,0.0,0.0,2004.0,2024.0,,,,,,,,,,,,,,,,,
h3,H3,H3b,log(naissances / 1 000 f. en couple 15-24),"département, bascule D3 ≥ 50 %, femmes en couple interpolées entre millésimes ; fenêtre identifiée ≤ 2017, cohorte 2018 = contrôle",twfe,Wald pré (-8..−2),2.050046860105599,,,,0.957018483497413,96,2016,False,"test de Wald joint, covariance groupée, df = 7 ; fenêtre 2004-2024 ; 96 traitées, 0 jamais traitées sur la fenêtre",pre_test,0.0,96.0,0.0,0.0,2004.0,2024.0,,,,,,,,,,,7.0,,,,,,
h3,H3,H3b,log(naissances / 1 000 f. en couple 15-24),"département, bascule D3 ≥ 50 %, femmes en couple interpolées entre millésimes ; fenêtre identifiée ≤ 2017, cohorte 2018 = contrôle",twfe,ATT,-0.0139762154252801,0.0177315953509846,-0.0487295037016479,0.0207770728510876,0.4305740571142461,96,2016,False,"dénominateur interpolé entre millésimes RP (2006-2022), prolongé 2 ans ; fenêtre 2004-2024 ; 96 traitées, 0 jamais traitées sur la fenêtre ; comparaisons sur la fenêtre identifiée (années < 2018, cohorte 2018 recodée contrôle, 7 unités de contrôle)",static,0.0,96.0,0.0,0.0,2004.0,2024.0,,,,,,,,,,,,,,,,,
h3,H3,H3b,log(naissances / 1 000 f. en couple 15-24),"département, bascule D3 ≥ 50 %, femmes en couple interpolées entre millésimes ; fenêtre complète",twfe,ATT,0.0013521524234765,0.0136106774213625,-0.0253242851275866,0.0280285899745397,0.9208643692319404,96,2016,True,"dénominateur interpolé entre millésimes RP (2006-2022), prolongé 2 ans ; fenêtre 2004-2024 ; 96 traitées, 0 jamais traitées sur la fenêtre ; TWFE sur toutes les années (identification par le calendrier des bascules seulement)",static,0.0,96.0,0.0,0.0,2004.0,2024.0,,,,,,,,,,,,,,,,,
h3,H3,H3b,log(naissances / 1 000 f. en couple 15-24) (RP 2011 → 2016),"département, différence longue entre millésimes",long_diff,Δ2011→2016 sur treated_by_2016,-0.0096396623150436,0.0300487945807822,-0.0685342174722191,0.0492548928421318,0.7483617320629863,96,96,False,Δ régressée sur bascule D3 ≥ 50 % ≤ 2016 ; erreurs robustes ; millésimes RP seuls (A2),long_diff,,,,,,,,,,,,,,,,,,,,,,,
h3,H3,H3b,log(naissances / 1 000 f. en couple 15-24) (RP 2011 → 2021),"département, différence longue entre millésimes",long_diff,Δ2011→2021 sur exposure_2021,-0.021097593892621,0.0091204445866633,-0.0389733368054744,-0.0032218509797675,0.020710552126737,96,96,False,Δ régressée sur années d'exposition en 2021 ; erreurs robustes ; millésimes RP seuls (A2),long_diff,,,,,,,,,,,,,,,,,,,,,,,
h3,H3,H3b complément,log(naissances de parents mariés / 1 000 f. 25-39),"département, 1998-2021",cs,-8,-0.038661407956084,0.0112380326812245,-0.0606875472683682,-0.0166352686437998,0.00058122179337,96,2304,False,"complément : dénominateur = toutes les femmes (les femmes mariées par âge ne sont pas disponibles au département) ; contrôle = not_yet_treated ; fenêtre 1998-2021 ; 96 traitées, 0 jamais traitées sur la fenêtre ; ATT(g,t) identifiés jusqu'en 2017 (sans unité jamais traitée, la dernière cohorte sert de contrôle) ; grappes = dep (96)",event,0.0,96.0,0.0,0.0,1998.0,2021.0,1998.0,2017.0,96.0,4.0,reg,5.0,89.0,,,,,,,,,,
h3,H3,H3b complément,log(naissances de parents mariés / 1 000 f. 25-39),"département, 1998-2021",cs,-7,-0.0296286608160261,0.0113596924837935,-0.0518932489597118,-0.0073640726723403,0.0091012479366041,96,2304,False,"complément : dénominateur = toutes les femmes (les femmes mariées par âge ne sont pas disponibles au département) ; contrôle = not_yet_treated ; fenêtre 1998-2021 ; 96 traitées, 0 jamais traitées sur la fenêtre ; ATT(g,t) identifiés jusqu'en 2017 (sans unité jamais traitée, la dernière cohorte sert de contrôle) ; grappes = dep (96)",event,0.0,96.0,0.0,0.0,1998.0,2021.0,1998.0,2017.0,96.0,4.0,reg,5.0,89.0,,,,,,,,,,
h3,H3,H3b complément,log(naissances de parents mariés / 1 000 f. 25-39),"département, 1998-2021",cs,-6,-0.0258483193975666,0.0099316862281698,-0.0453140667105319,-0.0063825720846012,0.0092516763738545,96,2304,False,"complément : dénominateur = toutes les femmes (les femmes mariées par âge ne sont pas disponibles au département) ; contrôle = not_yet_treated ; fenêtre 1998-2021 ; 96 traitées, 0 jamais traitées sur la fenêtre ; ATT(g,t) identifiés jusqu'en 2017 (sans unité jamais traitée, la dernière cohorte sert de contrôle) ; grappes = dep (96)",event,0.0,96.0,0.0,0.0,1998.0,2021.0,1998.0,2017.0,96.0,4.0,reg,5.0,89.0,,,,,,,,,,
h3,H3,H3b complément,log(naissances de parents mariés / 1 000 f. 25-39),"département, 1998-2021",cs,-5,-0.0209677094584683,0.0096776033231373,-0.0399354634284826,-0.0019999554884539,0.030263679092563,96,2304,False,"complément : dénominateur = toutes les femmes (les femmes mariées par âge ne sont pas disponibles au département) ; contrôle = not_yet_treated ; fenêtre 1998-2021 ; 96 traitées, 0 jamais traitées sur la fenêtre ; ATT(g,t) identifiés jusqu'en 2017 (sans unité jamais traitée, la dernière cohorte sert de contrôle) ; grappes = dep (96)",event,0.0,96.0,0.0,0.0,1998.0,2021.0,1998.0,2017.0,96.0,4.0,reg,5.0,89.0,,,,,,,,,,
h3,H3,H3b complément,log(naissances de parents mariés / 1 000 f. 25-39),"département, 1998-2021",cs,-4,-0.0138502821612527,0.0083535636077368,-0.0302229659749813,0.0025224016524758,0.0973156856318304,96,2304,False,"complément : dénominateur = toutes les femmes (les femmes mariées par âge ne sont pas disponibles au département) ; contrôle = not_yet_treated ; fenêtre 1998-2021 ; 96 traitées, 0 jamais traitées sur la fenêtre ; ATT(g,t) identifiés jusqu'en 2017 (sans unité jamais traitée, la dernière cohorte sert de contrôle) ; grappes = dep (96)",event,0.0,96.0,0.0,0.0,1998.0,2021.0,1998.0,2017.0,96.0,4.0,reg,5.0,89.0,,,,,,,,,,
h3,H3,H3b complément,log(naissances de parents mariés / 1 000 f. 25-39),"département, 1998-2021",cs,-3,-0.0063617218286647,0.0074571026146923,-0.0209773743824812,0.0082539307251517,0.393598825658542,96,2304,False,"complément : dénominateur = toutes les femmes (les femmes mariées par âge ne sont pas disponibles au département) ; contrôle = not_yet_treated ; fenêtre 1998-2021 ; 96 traitées, 0 jamais traitées sur la fenêtre ; ATT(g,t) identifiés jusqu'en 2017 (sans unité jamais traitée, la dernière cohorte sert de contrôle) ; grappes = dep (96)",event,0.0,96.0,0.0,0.0,1998.0,2021.0,1998.0,2017.0,96.0,4.0,reg,5.0,89.0,,,,,,,,,,
h3,H3,H3b complément,log(naissances de parents mariés / 1 000 f. 25-39),"département, 1998-2021",cs,-2,0.006516782079178,0.0072663856284465,-0.0077250720503565,0.0207586362087126,0.3698045358569226,96,2304,False,"complément : dénominateur = toutes les femmes (les femmes mariées par âge ne sont pas disponibles au département) ; contrôle = not_yet_treated ; fenêtre 1998-2021 ; 96 traitées, 0 jamais traitées sur la fenêtre ; ATT(g,t) identifiés jusqu'en 2017 (sans unité jamais traitée, la dernière cohorte sert de contrôle) ; grappes = dep (96)",event,0.0,96.0,0.0,0.0,1998.0,2021.0,1998.0,2017.0,96.0,4.0,reg,5.0,89.0,,,,,,,,,,
h3,H3,H3b complément,log(naissances de parents mariés / 1 000 f. 25-39),"département, 1998-2021",cs,0,0.0195549513977956,0.0080226980114168,0.0038307522365774,0.0352791505590137,0.0147911263696555,96,2304,False,"complément : dénominateur = toutes les femmes (les femmes mariées par âge ne sont pas disponibles au département) ; contrôle = not_yet_treated ; fenêtre 1998-2021 ; 96 traitées, 0 jamais traitées sur la fenêtre ; ATT(g,t) identifiés jusqu'en 2017 (sans unité jamais traitée, la dernière cohorte sert de contrôle) ; grappes = dep (96)",event,0.0,96.0,0.0,0.0,1998.0,2021.0,1998.0,2017.0,96.0,4.0,reg,5.0,89.0,,,,,,,,,,
h3,H3,H3b complément,log(naissances de parents mariés / 1 000 f. 25-39),"département, 1998-2021",cs,1,0.039511425879054,0.0130015928164964,0.0140287722170664,0.0649940795410417,0.0023738998602343,96,2304,False,"complément : dénominateur = toutes les femmes (les femmes mariées par âge ne sont pas disponibles au département) ; contrôle = not_yet_treated ; fenêtre 1998-2021 ; 96 traitées, 0 jamais traitées sur la fenêtre ; ATT(g,t) identifiés jusqu'en 2017 (sans unité jamais traitée, la dernière cohorte sert de contrôle) ; grappes = dep (96)",event,0.0,96.0,0.0,0.0,1998.0,2021.0,1998.0,2017.0,96.0,4.0,reg,4.0,74.0,,,,,,,,,,
h3,H3,H3b complément,log(naissances de parents mariés / 1 000 f. 25-39),"département, 1998-2021",cs,2,0.0583080465544413,0.0146704254687552,0.0295545409978018,0.0870615521110809,7.051836515272082e-05,96,2304,False,"complément : dénominateur = toutes les femmes (les femmes mariées par âge ne sont pas disponibles au département) ; contrôle = not_yet_treated ; fenêtre 1998-2021 ; 96 traitées, 0 jamais traitées sur la fenêtre ; ATT(g,t) identifiés jusqu'en 2017 (sans unité jamais traitée, la dernière cohorte sert de contrôle) ; grappes = dep (96)",event,0.0,96.0,0.0,0.0,1998.0,2021.0,1998.0,2017.0,96.0,4.0,reg,3.0,51.0,,,,,,,,,,
h3,H3,H3b complément,log(naissances de parents mariés / 1 000 f. 25-39),"département, 1998-2021",cs,3,0.1111413050181338,0.0300758271659868,0.0521937669675481,0.1700888430687194,0.0002195669302426,96,2304,False,"complément : dénominateur = toutes les femmes (les femmes mariées par âge ne sont pas disponibles au département) ; contrôle = not_yet_treated ; fenêtre 1998-2021 ; 96 traitées, 0 jamais traitées sur la fenêtre ; ATT(g,t) identifiés jusqu'en 2017 (sans unité jamais traitée, la dernière cohorte sert de contrôle) ; grappes = dep (96)",event,0.0,96.0,0.0,0.0,1998.0,2021.0,1998.0,2017.0,96.0,4.0,reg,2.0,35.0,,,,,,,,,,
h3,H3,H3b complément,log(naissances de parents mariés / 1 000 f. 25-39),"département, 1998-2021",cs,4,0.1596511051337978,0.0353158566844511,0.0904332979490954,0.2288689123185002,6.164610480265115e-06,96,2304,False,"complément : dénominateur = toutes les femmes (les femmes mariées par âge ne sont pas disponibles au département) ; contrôle = not_yet_treated ; fenêtre 1998-2021 ; 96 traitées, 0 jamais traitées sur la fenêtre ; ATT(g,t) identifiés jusqu'en 2017 (sans unité jamais traitée, la dernière cohorte sert de contrôle) ; grappes = dep (96)",event,0.0,96.0,0.0,0.0,1998.0,2021.0,1998.0,2017.0,96.0,4.0,reg,1.0,2.0,,,,,,,,,,
h3,H3,H3b complément,log(naissances de parents mariés / 1 000 f. 25-39),"département, 1998-2021",cs,"ATT[1,4]",0.0921529706463567,0.0187793024009919,0.0553462142856259,0.1289597270070876,9.240642808551052e-07,96,2304,False,"complément : dénominateur = toutes les femmes (les femmes mariées par âge ne sont pas disponibles au département) ; contrôle = not_yet_treated ; fenêtre 1998-2021 ; 96 traitées, 0 jamais traitées sur la fenêtre ; ATT(g,t) identifiés jusqu'en 2017 (sans unité jamais traitée, la dernière cohorte sert de contrôle) ; grappes = dep (96) ; écart-type avec covariance complète des coefficients (fonctions d'influence)",post_avg,0.0,96.0,0.0,0.0,1998.0,2021.0,1998.0,2017.0,96.0,4.0,reg,,,,,4.0,,,,,,,
h3,H3,H3b complément,log(naissances de parents mariés / 1 000 f. 25-39),"département, 1998-2021",cs,ATT,0.0471999778869824,0.0117039249990843,0.0242607064110192,0.0701392493629457,5.510838481738971e-05,96,2304,False,"complément : dénominateur = toutes les femmes (les femmes mariées par âge ne sont pas disponibles au département) ; contrôle = not_yet_treated ; fenêtre 1998-2021 ; 96 traitées, 0 jamais traitées sur la fenêtre ; ATT(g,t) identifiés jusqu'en 2017 (sans unité jamais traitée, la dernière cohorte sert de contrôle) ; grappes = dep (96) ; moyenne de tous les ATT(g,t) post",simple,0.0,96.0,0.0,0.0,1998.0,2021.0,1998.0,2017.0,96.0,4.0,reg,,,,,,,,,,,,
h3,H3,H3b complément,log(naissances de parents mariés / 1 000 f. 25-39),"département, 1998-2021",cs,Wald pré (-8..-2),25.217008220675872,,,,0.0006944221857205,96,2304,False,"H5c : test de Wald joint de nullité des coefficients pré avec covariance des fonctions d'influence, df = 7 ; fenêtre 1998-2021 ; 96 traitées, 0 jamais traitées sur la fenêtre",pre_test,0.0,96.0,0.0,0.0,1998.0,2021.0,1998.0,2017.0,96.0,4.0,reg,,,,,,7.0,,,,,,
h3,H3,H3b complément,log(naissances de parents mariés / 1 000 f. 25-39),"département, 1998-2021 ; fenêtre identifiée ≤ 2017, cohorte 2018 = contrôle",twfe,-8,-0.0854512857657132,0.0266727971536542,-0.137729007553818,-0.0331735639776084,0.0013568003172325,96,2304,False,"complément : dénominateur = toutes les femmes (les femmes mariées par âge ne sont pas disponibles au département) ; fenêtre 1998-2021 ; 96 traitées, 0 jamais traitées sur la fenêtre ; comparaisons sur la fenêtre identifiée (années < 2018, cohorte 2018 recodée contrôle, 7 unités de contrôle) ; cellules −8 et +8 bornées",event,0.0,96.0,0.0,0.0,1998.0,2021.0,,,,,,,,,,,,,,,,,
h3,H3,H3b complément,log(naissances de parents mariés / 1 000 f. 25-39),"département, 1998-2021 ; fenêtre identifiée ≤ 2017, cohorte 2018 = contrôle",twfe,-7,-0.0896833820898952,0.0246589179411785,-0.1380139731523337,-0.0413527910274566,0.0002758797931883,96,2304,False,"complément : dénominateur = toutes les femmes (les femmes mariées par âge ne sont pas disponibles au département) ; fenêtre 1998-2021 ; 96 traitées, 0 jamais traitées sur la fenêtre ; comparaisons sur la fenêtre identifiée (années < 2018, cohorte 2018 recodée contrôle, 7 unités de contrôle) ; cellules −8 et +8 bornées",event,0.0,96.0,0.0,0.0,1998.0,2021.0,,,,,,,,,,,,,,,,,
h3,H3,H3b complément,log(naissances de parents mariés / 1 000 f. 25-39),"département, 1998-2021 ; fenêtre identifiée ≤ 2017, cohorte 2018 = contrôle",twfe,-6,-0.088436560413188,0.0229745382733157,-0.133465827990324,-0.043407292836052,0.0001184417513425,96,2304,False,"complément : dénominateur = toutes les femmes (les femmes mariées par âge ne sont pas disponibles au département) ; fenêtre 1998-2021 ; 96 traitées, 0 jamais traitées sur la fenêtre ; comparaisons sur la fenêtre identifiée (années < 2018, cohorte 2018 recodée contrôle, 7 unités de contrôle) ; cellules −8 et +8 bornées",event,0.0,96.0,0.0,0.0,1998.0,2021.0,,,,,,,,,,,,,,,,,
h3,H3,H3b complément,log(naissances de parents mariés / 1 000 f. 25-39),"département, 1998-2021 ; fenêtre identifiée ≤ 2017, cohorte 2018 = contrôle",twfe,-5,-0.0817668290148577,0.020576853119303,-0.1220967200438623,-0.0414369379858531,7.07561941556253e-05,96,2304,False,"complément : dénominateur = toutes les femmes (les femmes mariées par âge ne sont pas disponibles au département) ; fenêtre 1998-2021 ; 96 traitées, 0 jamais traitées sur la fenêtre ; comparaisons sur la fenêtre identifiée (années < 2018, cohorte 2018 recodée contrôle, 7 unités de contrôle) ; cellules −8 et +8 bornées",event,0.0,96.0,0.0,0.0,1998.0,2021.0,,,,,,,,,,,,,,,,,
h3,H3,H3b complément,log(naissances de parents mariés / 1 000 f. 25-39),"département, 1998-2021 ; fenêtre identifiée ≤ 2017, cohorte 2018 = contrôle",twfe,-4,-0.0657783666840081,0.0169519556664962,-0.0990035892578605,-0.0325531441101558,0.0001043354688284,96,2304,False,"complément : dénominateur = toutes les femmes (les femmes mariées par âge ne sont pas disponibles au département) ; fenêtre 1998-2021 ; 96 traitées, 0 jamais traitées sur la fenêtre ; comparaisons sur la fenêtre identifiée (années < 2018, cohorte 2018 recodée contrôle, 7 unités de contrôle) ; cellules −8 et +8 bornées",event,0.0,96.0,0.0,0.0,1998.0,2021.0,,,,,,,,,,,,,,,,,
h3,H3,H3b complément,log(naissances de parents mariés / 1 000 f. 25-39),"département, 1998-2021 ; fenêtre identifiée ≤ 2017, cohorte 2018 = contrôle",twfe,-3,-0.0498470481781288,0.0126296123444929,-0.0746006335120375,-0.0250934628442201,7.918972633624952e-05,96,2304,False,"complément : dénominateur = toutes les femmes (les femmes mariées par âge ne sont pas disponibles au département) ; fenêtre 1998-2021 ; 96 traitées, 0 jamais traitées sur la fenêtre ; comparaisons sur la fenêtre identifiée (années < 2018, cohorte 2018 recodée contrôle, 7 unités de contrôle) ; cellules −8 et +8 bornées",event,0.0,96.0,0.0,0.0,1998.0,2021.0,,,,,,,,,,,,,,,,,
h3,H3,H3b complément,log(naissances de parents mariés / 1 000 f. 25-39),"département, 1998-2021 ; fenêtre identifiée ≤ 2017, cohorte 2018 = contrôle",twfe,-2,-0.0210010507838276,0.0082734618401691,-0.0372167380180256,-0.0047853635496296,0.011137234596592,96,2304,False,"complément : dénominateur = toutes les femmes (les femmes mariées par âge ne sont pas disponibles au département) ; fenêtre 1998-2021 ; 96 traitées, 0 jamais traitées sur la fenêtre ; comparaisons sur la fenêtre identifiée (années < 2018, cohorte 2018 recodée contrôle, 7 unités de contrôle) ; cellules −8 et +8 bornées",event,0.0,96.0,0.0,0.0,1998.0,2021.0,,,,,,,,,,,,,,,,,
h3,H3,H3b complément,log(naissances de parents mariés / 1 000 f. 25-39),"département, 1998-2021 ; fenêtre identifiée ≤ 2017, cohorte 2018 = contrôle",twfe,0,0.041627213714642,0.0083657944030928,0.0252305579825133,0.0580238694467707,6.495088933778416e-07,96,2304,False,"complément : dénominateur = toutes les femmes (les femmes mariées par âge ne sont pas disponibles au département) ; fenêtre 1998-2021 ; 96 traitées, 0 jamais traitées sur la fenêtre ; comparaisons sur la fenêtre identifiée (années < 2018, cohorte 2018 recodée contrôle, 7 unités de contrôle) ; cellules −8 et +8 bornées",event,0.0,96.0,0.0,0.0,1998.0,2021.0,,,,,,,,,,,,,,,,,
h3,H3,H3b complément,log(naissances de parents mariés / 1 000 f. 25-39),"département, 1998-2021 ; fenêtre identifiée ≤ 2017, cohorte 2018 = contrôle",twfe,1,0.0989040459593782,0.0165107476330723,0.0665435752407265,0.1312645166780299,2.0947658750119736e-09,96,2304,False,"complément : dénominateur = toutes les femmes (les femmes mariées par âge ne sont pas disponibles au département) ; fenêtre 1998-2021 ; 96 traitées, 0 jamais traitées sur la fenêtre ; comparaisons sur la fenêtre identifiée (années < 2018, cohorte 2018 recodée contrôle, 7 unités de contrôle) ; cellules −8 et +8 bornées",event,0.0,96.0,0.0,0.0,1998.0,2021.0,,,,,,,,,,,,,,,,,
h3,H3,H3b complément,log(naissances de parents mariés / 1 000 f. 25-39),"département, 1998-2021 ; fenêtre identifiée ≤ 2017, cohorte 2018 = contrôle",twfe,2,0.1477813003876853,0.0263466270846038,0.0961428601877543,0.1994197405876164,2.0336211350903736e-08,96,2304,False,"complément : dénominateur = toutes les femmes (les femmes mariées par âge ne sont pas disponibles au département) ; fenêtre 1998-2021 ; 96 traitées, 0 jamais traitées sur la fenêtre ; comparaisons sur la fenêtre identifiée (années < 2018, cohorte 2018 recodée contrôle, 7 unités de contrôle) ; cellules −8 et +8 bornées",event,0.0,96.0,0.0,0.0,1998.0,2021.0,,,,,,,,,,,,,,,,,
h3,H3,H3b complément,log(naissances de parents mariés / 1 000 f. 25-39),"département, 1998-2021 ; fenêtre identifiée ≤ 2017, cohorte 2018 = contrôle",twfe,3,0.2298754141896645,0.0366489276921445,0.1580448358410486,0.3017059925382804,3.5560706185238217e-10,96,2304,False,"complément : dénominateur = toutes les femmes (les femmes mariées par âge ne sont pas disponibles au département) ; fenêtre 1998-2021 ; 96 traitées, 0 jamais traitées sur la fenêtre ; comparaisons sur la fenêtre identifiée (années < 2018, cohorte 2018 recodée contrôle, 7 unités de contrôle) ; cellules −8 et +8 bornées",event,0.0,96.0,0.0,0.0,1998.0,2021.0,,,,,,,,,,,,,,,,,
h3,H3,H3b complément,log(naissances de parents mariés / 1 000 f. 25-39),"département, 1998-2021 ; fenêtre identifiée ≤ 2017, cohorte 2018 = contrôle",twfe,4,0.3127579147319549,0.0321375445230503,0.2497694849152237,0.3757463445486861,2.2053461328721103e-22,96,2304,False,"complément : dénominateur = toutes les femmes (les femmes mariées par âge ne sont pas disponibles au département) ; fenêtre 1998-2021 ; 96 traitées, 0 jamais traitées sur la fenêtre ; comparaisons sur la fenêtre identifiée (années < 2018, cohorte 2018 recodée contrôle, 7 unités de contrôle) ; cellules −8 et +8 bornées",event,0.0,96.0,0.0,0.0,1998.0,2021.0,,,,,,,,,,,,,,,,,
h3,H3,H3b complément,log(naissances de parents mariés / 1 000 f. 25-39),"département, 1998-2021 ; fenêtre identifiée ≤ 2017, cohorte 2018 = contrôle",twfe,"ATT[1,4]",0.1973296688171708,0.0260474653446347,0.1462775748531316,0.24838176278121,3.5699722414534694e-14,96,2304,False,"complément : dénominateur = toutes les femmes (les femmes mariées par âge ne sont pas disponibles au département) ; fenêtre 1998-2021 ; 96 traitées, 0 jamais traitées sur la fenêtre ; comparaisons sur la fenêtre identifiée (années < 2018, cohorte 2018 recodée contrôle, 7 unités de contrôle) ; écart-type avec covariance complète (w'Vw)",post_avg,0.0,96.0,0.0,0.0,1998.0,2021.0,,,,,,,,,,,,,,,,,
h3,H3,H3b complément,log(naissances de parents mariés / 1 000 f. 25-39),"département, 1998-2021 ; fenêtre identifiée ≤ 2017, cohorte 2018 = contrôle",twfe,Wald pré (-8..−2),23.178556048989964,,,,0.0015867302254096,96,2304,False,"test de Wald joint, covariance groupée, df = 7 ; fenêtre 1998-2021 ; 96 traitées, 0 jamais traitées sur la fenêtre",pre_test,0.0,96.0,0.0,0.0,1998.0,2021.0,,,,,,,,,,,7.0,,,,,,
h3,H3,H3b complément,log(naissances de parents mariés / 1 000 f. 25-39),"département, 1998-2021 ; fenêtre identifiée ≤ 2017, cohorte 2018 = contrôle",twfe,ATT,0.092748252487602,0.014486638943027,0.0643549619022335,0.1211415430729705,1.530228221660993e-10,96,2304,False,"complément : dénominateur = toutes les femmes (les femmes mariées par âge ne sont pas disponibles au département) ; fenêtre 1998-2021 ; 96 traitées, 0 jamais traitées sur la fenêtre ; comparaisons sur la fenêtre identifiée (années < 2018, cohorte 2018 recodée contrôle, 7 unités de contrôle)",static,0.0,96.0,0.0,0.0,1998.0,2021.0,,,,,,,,,,,,,,,,,
h3,H3,H3b complément,log(naissances de parents mariés / 1 000 f. 25-39),"département, 1998-2021 ; fenêtre complète",twfe,ATT,0.0667179865643967,0.0112759567939804,0.0446175173569652,0.0888184557718282,3.2819373352565473e-09,96,2304,True,"complément : dénominateur = toutes les femmes (les femmes mariées par âge ne sont pas disponibles au département) ; fenêtre 1998-2021 ; 96 traitées, 0 jamais traitées sur la fenêtre ; TWFE sur toutes les années (identification par le calendrier des bascules seulement)",static,0.0,96.0,0.0,0.0,1998.0,2021.0,,,,,,,,,,,,,,,,,
h3,H3,H3b complément,log(naissances de parents mariés / 1 000 f. 25-39),"département, 1998-2021 ; fenêtre identifiée ≤ 2017, cohorte 2018 = contrôle",twfe_poisson,ATT (log du taux contrefactuel),0.113079099306365,0.0202319472622179,0.0734252113353041,0.1527329872774259,2.2820253662746345e-08,96,2304,False,"complément : dénominateur = toutes les femmes (les femmes mariées par âge ne sont pas disponibles au département) ; fenêtre 1998-2021 ; 96 traitées, 0 jamais traitées sur la fenêtre ; comparaisons sur la fenêtre identifiée (années < 2018, cohorte 2018 recodée contrôle, 7 unités de contrôle) ; Poisson à effets fixes, offset = log(women)",static,0.0,96.0,0.0,0.0,1998.0,2021.0,,,,,,,,,,,,,,,,,
h3,H3,H3b complément,log(naissances de parents mariés / 1 000 f. 25-39),"département, 1998-2021 ; fenêtre identifiée ≤ 2017, cohorte 2018 = contrôle",twfe_poisson,ATT en % du taux contrefactuel,11.972049856055932,2.2654126075301617,7.618804665845991,16.501386424951313,2.2820253662746345e-08,96,2304,False,"complément : dénominateur = toutes les femmes (les femmes mariées par âge ne sont pas disponibles au département) ; fenêtre 1998-2021 ; 96 traitées, 0 jamais traitées sur la fenêtre ; comparaisons sur la fenêtre identifiée (années < 2018, cohorte 2018 recodée contrôle, 7 unités de contrôle) ; Poisson à effets fixes, offset = log(women)",static,0.0,96.0,0.0,0.0,1998.0,2021.0,,,,,,,,,,,,,,,,,
h3,H3,H3b complément,"part des naissances de parents mariés, 25-39","département, 1998-2021",cs,-8,-0.0088247591148168,0.003964961181633,-0.0165959402309169,-0.0010535779987168,0.026035212329851,96,2304,True," ; contrôle = not_yet_treated ; fenêtre 1998-2021 ; 96 traitées, 0 jamais traitées sur la fenêtre ; ATT(g,t) identifiés jusqu'en 2017 (sans unité jamais traitée, la dernière cohorte sert de contrôle) ; grappes = dep (96)",event,0.0,96.0,0.0,0.0,1998.0,2021.0,1998.0,2017.0,96.0,4.0,reg,5.0,89.0,,,,,,,,,,
h3,H3,H3b complément,"part des naissances de parents mariés, 25-39","département, 1998-2021",cs,-7,-0.0070581861865624,0.0035910499721819,-0.0140965147987225,-1.9857574402353667e-05,0.0493571212309099,96,2304,True," ; contrôle = not_yet_treated ; fenêtre 1998-2021 ; 96 traitées, 0 jamais traitées sur la fenêtre ; ATT(g,t) identifiés jusqu'en 2017 (sans unité jamais traitée, la dernière cohorte sert de contrôle) ; grappes = dep (96)",event,0.0,96.0,0.0,0.0,1998.0,2021.0,1998.0,2017.0,96.0,4.0,reg,5.0,89.0,,,,,,,,,,
h3,H3,H3b complément,"part des naissances de parents mariés, 25-39","département, 1998-2021",cs,-6,-0.0098011354297924,0.0032058429900327,-0.0160844722303468,-0.0035177986292379,0.0022336116204368,96,2304,True," ; contrôle = not_yet_treated ; fenêtre 1998-2021 ; 96 traitées, 0 jamais traitées sur la fenêtre ; ATT(g,t) identifiés jusqu'en 2017 (sans unité jamais traitée, la dernière cohorte sert de contrôle) ; grappes = dep (96)",event,0.0,96.0,0.0,0.0,1998.0,2021.0,1998.0,2017.0,96.0,4.0,reg,5.0,89.0,,,,,,,,,,
h3,H3,H3b complément,"part des naissances de parents mariés, 25-39","département, 1998-2021",cs,-5,-0.0079607725110903,0.0030781608689763,-0.0139938569529045,-0.0019276880692761,0.0097037597937074,96,2304,True," ; contrôle = not_yet_treated ; fenêtre 1998-2021 ; 96 traitées, 0 jamais traitées sur la fenêtre ; ATT(g,t) identifiés jusqu'en 2017 (sans unité jamais traitée, la dernière cohorte sert de contrôle) ; grappes = dep (96)",event,0.0,96.0,0.0,0.0,1998.0,2021.0,1998.0,2017.0,96.0,4.0,reg,5.0,89.0,,,,,,,,,,
h3,H3,H3b complément,"part des naissances de parents mariés, 25-39","département, 1998-2021",cs,-4,-0.0066289897789028,0.0028972052321086,-0.0123074076896567,-0.0009505718681489,0.0221338187161645,96,2304,True," ; contrôle = not_yet_treated ; fenêtre 1998-2021 ; 96 traitées, 0 jamais traitées sur la fenêtre ; ATT(g,t) identifiés jusqu'en 2017 (sans unité jamais traitée, la dernière cohorte sert de contrôle) ; grappes = dep (96)",event,0.0,96.0,0.0,0.0,1998.0,2021.0,1998.0,2017.0,96.0,4.0,reg,5.0,89.0,,,,,,,,,,
h3,H3,H3b complément,"part des naissances de parents mariés, 25-39","département, 1998-2021",cs,-3,-0.0041655451233192,0.0021747807106447,-0.0084280369904553,9.694674381689228e-05,0.055443260244196,96,2304,True," ; contrôle = not_yet_treated ; fenêtre 1998-2021 ; 96 traitées, 0 jamais traitées sur la fenêtre ; ATT(g,t) identifiés jusqu'en 2017 (sans unité jamais traitée, la dernière cohorte sert de contrôle) ; grappes = dep (96)",event,0.0,96.0,0.0,0.0,1998.0,2021.0,1998.0,2017.0,96.0,4.0,reg,5.0,89.0,,,,,,,,,,
h3,H3,H3b complément,"part des naissances de parents mariés, 25-39","département, 1998-2021",cs,-2,0.0017285026956797,0.0022384474432643,-0.0026587736744041,0.0061157790657636,0.4400029710183388,96,2304,True," ; contrôle = not_yet_treated ; fenêtre 1998-2021 ; 96 traitées, 0 jamais traitées sur la fenêtre ; ATT(g,t) identifiés jusqu'en 2017 (sans unité jamais traitée, la dernière cohorte sert de contrôle) ; grappes = dep (96)",event,0.0,96.0,0.0,0.0,1998.0,2021.0,1998.0,2017.0,96.0,4.0,reg,5.0,89.0,,,,,,,,,,
h3,H3,H3b complément,"part des naissances de parents mariés, 25-39","département, 1998-2021",cs,0,0.0023772629546315,0.002162363644233,-0.0018608919095439,0.0066154178188071,0.2716016225327119,96,2304,True," ; contrôle = not_yet_treated ; fenêtre 1998-2021 ; 96 traitées, 0 jamais traitées sur la fenêtre ; ATT(g,t) identifiés jusqu'en 2017 (sans unité jamais traitée, la dernière cohorte sert de contrôle) ; grappes = dep (96)",event,0.0,96.0,0.0,0.0,1998.0,2021.0,1998.0,2017.0,96.0,4.0,reg,5.0,89.0,,,,,,,,,,
h3,H3,H3b complément,"part des naissances de parents mariés, 25-39","département, 1998-2021",cs,1,0.0070359135702909,0.0038816421670041,-0.0005719652779091,0.014643792418491,0.0698915902951936,96,2304,True," ; contrôle = not_yet_treated ; fenêtre 1998-2021 ; 96 traitées, 0 jamais traitées sur la fenêtre ; ATT(g,t) identifiés jusqu'en 2017 (sans unité jamais traitée, la dernière cohorte sert de contrôle) ; grappes = dep (96)",event,0.0,96.0,0.0,0.0,1998.0,2021.0,1998.0,2017.0,96.0,4.0,reg,4.0,74.0,,,,,,,,,,
h3,H3,H3b complément,"part des naissances de parents mariés, 25-39","département, 1998-2021",cs,2,0.0120430151521846,0.0045294835250224,0.0031653905745731,0.020920639729796,0.007841824797829,96,2304,True," ; contrôle = not_yet_treated ; fenêtre 1998-2021 ; 96 traitées, 0 jamais traitées sur la fenêtre ; ATT(g,t) identifiés jusqu'en 2017 (sans unité jamais traitée, la dernière cohorte sert de contrôle) ; grappes = dep (96)",event,0.0,96.0,0.0,0.0,1998.0,2021.0,1998.0,2017.0,96.0,4.0,reg,3.0,51.0,,,,,,,,,,
h3,H3,H3b complément,"part des naissances de parents mariés, 25-39","département, 1998-2021",cs,3,0.0276760895487606,0.0073162754208122,0.013336453222993,0.0420157258745283,0.0001550669546735,96,2304,True," ; contrôle = not_yet_treated ; fenêtre 1998-2021 ; 96 traitées, 0 jamais traitées sur la fenêtre ; ATT(g,t) identifiés jusqu'en 2017 (sans unité jamais traitée, la dernière cohorte sert de contrôle) ; grappes = dep (96)",event,0.0,96.0,0.0,0.0,1998.0,2021.0,1998.0,2017.0,96.0,4.0,reg,2.0,35.0,,,,,,,,,,
h3,H3,H3b complément,"part des naissances de parents mariés, 25-39","département, 1998-2021",cs,4,0.0299322350900286,0.0101721591578386,0.0099951694956556,0.0498693006844016,0.003255059014107,96,2304,True," ; contrôle = not_yet_treated ; fenêtre 1998-2021 ; 96 traitées, 0 jamais traitées sur la fenêtre ; ATT(g,t) identifiés jusqu'en 2017 (sans unité jamais traitée, la dernière cohorte sert de contrôle) ; grappes = dep (96)",event,0.0,96.0,0.0,0.0,1998.0,2021.0,1998.0,2017.0,96.0,4.0,reg,1.0,2.0,,,,,,,,,,
h3,H3,H3b complément,"part des naissances de parents mariés, 25-39","département, 1998-2021",cs,"ATT[1,4]",0.0191718133403162,0.00510982269126,0.009156744898061,0.0291868817825714,0.000175462532804,96,2304,True," ; contrôle = not_yet_treated ; fenêtre 1998-2021 ; 96 traitées, 0 jamais traitées sur la fenêtre ; ATT(g,t) identifiés jusqu'en 2017 (sans unité jamais traitée, la dernière cohorte sert de contrôle) ; grappes = dep (96) ; écart-type avec covariance complète des coefficients (fonctions d'influence)",post_avg,0.0,96.0,0.0,0.0,1998.0,2021.0,1998.0,2017.0,96.0,4.0,reg,,,,,4.0,,,,,,,
h3,H3,H3b complément,"part des naissances de parents mariés, 25-39","département, 1998-2021",cs,ATT,0.0094619736426766,0.003106297199612,0.0033737430061593,0.0155502042791939,0.0023186007319609,96,2304,True," ; contrôle = not_yet_treated ; fenêtre 1998-2021 ; 96 traitées, 0 jamais traitées sur la fenêtre ; ATT(g,t) identifiés jusqu'en 2017 (sans unité jamais traitée, la dernière cohorte sert de contrôle) ; grappes = dep (96) ; moyenne de tous les ATT(g,t) post",simple,0.0,96.0,0.0,0.0,1998.0,2021.0,1998.0,2017.0,96.0,4.0,reg,,,,,,,,,,,,
h3,H3,H3b complément,"part des naissances de parents mariés, 25-39","département, 1998-2021",cs,Wald pré (-8..-2),28.606544720588797,,,,0.0001706428718712,96,2304,True,"H5c : test de Wald joint de nullité des coefficients pré avec covariance des fonctions d'influence, df = 7 ; fenêtre 1998-2021 ; 96 traitées, 0 jamais traitées sur la fenêtre",pre_test,0.0,96.0,0.0,0.0,1998.0,2021.0,1998.0,2017.0,96.0,4.0,reg,,,,,,7.0,,,,,,
h3,H3,H3b complément,"part des naissances de parents mariés, 25-39","département, 1998-2021 ; fenêtre identifiée ≤ 2017, cohorte 2018 = contrôle",twfe,-8,-0.0200192640545583,0.0106573479595688,-0.0409072822260247,0.000868754116908,0.0603200313868747,96,2304,True," ; fenêtre 1998-2021 ; 96 traitées, 0 jamais traitées sur la fenêtre ; comparaisons sur la fenêtre identifiée (années < 2018, cohorte 2018 recodée contrôle, 7 unités de contrôle) ; cellules −8 et +8 bornées",event,0.0,96.0,0.0,0.0,1998.0,2021.0,,,,,,,,,,,,,,,,,
h3,H3,H3b complément,"part des naissances de parents mariés, 25-39","département, 1998-2021 ; fenêtre identifiée ≤ 2017, cohorte 2018 = contrôle",twfe,-7,-0.0211504736157866,0.0093132006219331,-0.0394040114155716,-0.0028969358160017,0.0231457104457583,96,2304,True," ; fenêtre 1998-2021 ; 96 traitées, 0 jamais traitées sur la fenêtre ; comparaisons sur la fenêtre identifiée (années < 2018, cohorte 2018 recodée contrôle, 7 unités de contrôle) ; cellules −8 et +8 bornées",event,0.0,96.0,0.0,0.0,1998.0,2021.0,,,,,,,,,,,,,,,,,
h3,H3,H3b complément,"part des naissances de parents mariés, 25-39","département, 1998-2021 ; fenêtre identifiée ≤ 2017, cohorte 2018 = contrôle",twfe,-6,-0.023559003266199,0.0085292261036941,-0.0402759792454384,-0.0068420272869596,0.0057422062150413,96,2304,True," ; fenêtre 1998-2021 ; 96 traitées, 0 jamais traitées sur la fenêtre ; comparaisons sur la fenêtre identifiée (années < 2018, cohorte 2018 recodée contrôle, 7 unités de contrôle) ; cellules −8 et +8 bornées",event,0.0,96.0,0.0,0.0,1998.0,2021.0,,,,,,,,,,,,,,,,,
h3,H3,H3b complément,"part des naissances de parents mariés, 25-39","département, 1998-2021 ; fenêtre identifiée ≤ 2017, cohorte 2018 = contrôle",twfe,-5,-0.0239307193484178,0.0074578342183344,-0.0385478058190238,-0.0093136328778119,0.0013328887468717,96,2304,True," ; fenêtre 1998-2021 ; 96 traitées, 0 jamais traitées sur la fenêtre ; comparaisons sur la fenêtre identifiée (années < 2018, cohorte 2018 recodée contrôle, 7 unités de contrôle) ; cellules −8 et +8 bornées",event,0.0,96.0,0.0,0.0,1998.0,2021.0,,,,,,,,,,,,,,,,,
h3,H3,H3b complément,"part des naissances de parents mariés, 25-39","département, 1998-2021 ; fenêtre identifiée ≤ 2017, cohorte 2018 = contrôle",twfe,-4,-0.0202760290000596,0.0060772231778568,-0.0321871675546711,-0.008364890445448,0.0008487188026316,96,2304,True," ; fenêtre 1998-2021 ; 96 traitées, 0 jamais traitées sur la fenêtre ; comparaisons sur la fenêtre identifiée (années < 2018, cohorte 2018 recodée contrôle, 7 unités de contrôle) ; cellules −8 et +8 bornées",event,0.0,96.0,0.0,0.0,1998.0,2021.0,,,,,,,,,,,,,,,,,
h3,H3,H3b complément,"part des naissances de parents mariés, 25-39","département, 1998-2021 ; fenêtre identifiée ≤ 2017, cohorte 2018 = contrôle",twfe,-3,-0.0161108424626137,0.0043118490580679,-0.0245619113231998,-0.0076597736020276,0.0001866650945764,96,2304,True," ; fenêtre 1998-2021 ; 96 traitées, 0 jamais traitées sur la fenêtre ; comparaisons sur la fenêtre identifiée (années < 2018, cohorte 2018 recodée contrôle, 7 unités de contrôle) ; cellules −8 et +8 bornées",event,0.0,96.0,0.0,0.0,1998.0,2021.0,,,,,,,,,,,,,,,,,
h3,H3,H3b complément,"part des naissances de parents mariés, 25-39","département, 1998-2021 ; fenêtre identifiée ≤ 2017, cohorte 2018 = contrôle",twfe,-2,-0.0068617344663719,0.0028262801115643,-0.0124011416952598,-0.001322327237484,0.0151893601347292,96,2304,True," ; fenêtre 1998-2021 ; 96 traitées, 0 jamais traitées sur la fenêtre ; comparaisons sur la fenêtre identifiée (années < 2018, cohorte 2018 recodée contrôle, 7 unités de contrôle) ; cellules −8 et +8 bornées",event,0.0,96.0,0.0,0.0,1998.0,2021.0,,,,,,,,,,,,,,,,,
h3,H3,H3b complément,"part des naissances de parents mariés, 25-39","département, 1998-2021 ; fenêtre identifiée ≤ 2017, cohorte 2018 = contrôle",twfe,0,0.0102220686629488,0.0028903258508296,0.0045571340917376,0.0158870032341599,0.0004052375064884,96,2304,True," ; fenêtre 1998-2021 ; 96 traitées, 0 jamais traitées sur la fenêtre ; comparaisons sur la fenêtre identifiée (années < 2018, cohorte 2018 recodée contrôle, 7 unités de contrôle) ; cellules −8 et +8 bornées",event,0.0,96.0,0.0,0.0,1998.0,2021.0,,,,,,,,,,,,,,,,,
h3,H3,H3b complément,"part des naissances de parents mariés, 25-39","département, 1998-2021 ; fenêtre identifiée ≤ 2017, cohorte 2018 = contrôle",twfe,1,0.0272584282614316,0.005720551479653,0.0160463533896043,0.0384705031332589,1.8885357408321096e-06,96,2304,True," ; fenêtre 1998-2021 ; 96 traitées, 0 jamais traitées sur la fenêtre ; comparaisons sur la fenêtre identifiée (années < 2018, cohorte 2018 recodée contrôle, 7 unités de contrôle) ; cellules −8 et +8 bornées",event,0.0,96.0,0.0,0.0,1998.0,2021.0,,,,,,,,,,,,,,,,,
h3,H3,H3b complément,"part des naissances de parents mariés, 25-39","département, 1998-2021 ; fenêtre identifiée ≤ 2017, cohorte 2018 = contrôle",twfe,2,0.0396782128984871,0.009036505895618,0.0219669867969919,0.0573894389999823,1.128928407850116e-05,96,2304,True," ; fenêtre 1998-2021 ; 96 traitées, 0 jamais traitées sur la fenêtre ; comparaisons sur la fenêtre identifiée (années < 2018, cohorte 2018 recodée contrôle, 7 unités de contrôle) ; cellules −8 et +8 bornées",event,0.0,96.0,0.0,0.0,1998.0,2021.0,,,,,,,,,,,,,,,,,
h3,H3,H3b complément,"part des naissances de parents mariés, 25-39","département, 1998-2021 ; fenêtre identifiée ≤ 2017, cohorte 2018 = contrôle",twfe,3,0.0621005004402931,0.0126163398085009,0.0373729287989122,0.086828072081674,8.556446477404693e-07,96,2304,True," ; fenêtre 1998-2021 ; 96 traitées, 0 jamais traitées sur la fenêtre ; comparaisons sur la fenêtre identifiée (années < 2018, cohorte 2018 recodée contrôle, 7 unités de contrôle) ; cellules −8 et +8 bornées",event,0.0,96.0,0.0,0.0,1998.0,2021.0,,,,,,,,,,,,,,,,,
h3,H3,H3b complément,"part des naissances de parents mariés, 25-39","département, 1998-2021 ; fenêtre identifiée ≤ 2017, cohorte 2018 = contrôle",twfe,4,0.1047136764708886,0.0122617355300391,0.0806811164440566,0.1287462364977205,1.3436826994674788e-17,96,2304,True," ; fenêtre 1998-2021 ; 96 traitées, 0 jamais traitées sur la fenêtre ; comparaisons sur la fenêtre identifiée (années < 2018, cohorte 2018 recodée contrôle, 7 unités de contrôle) ; cellules −8 et +8 bornées",event,0.0,96.0,0.0,0.0,1998.0,2021.0,,,,,,,,,,,,,,,,,
h3,H3,H3b complément,"part des naissances de parents mariés, 25-39","département, 1998-2021 ; fenêtre identifiée ≤ 2017, cohorte 2018 = contrôle",twfe,"ATT[1,4]",0.0584377045177751,0.0091611062362927,0.040482266236096,0.0763931427994542,1.7837411761983083e-10,96,2304,True," ; fenêtre 1998-2021 ; 96 traitées, 0 jamais traitées sur la fenêtre ; comparaisons sur la fenêtre identifiée (années < 2018, cohorte 2018 recodée contrôle, 7 unités de contrôle) ; écart-type avec covariance complète (w'Vw)",post_avg,0.0,96.0,0.0,0.0,1998.0,2021.0,,,,,,,,,,,,,,,,,
h3,H3,H3b complément,"part des naissances de parents mariés, 25-39","département, 1998-2021 ; fenêtre identifiée ≤ 2017, cohorte 2018 = contrôle",twfe,Wald pré (-8..−2),33.86031101910783,,,,1.8292868220506605e-05,96,2304,True,"test de Wald joint, covariance groupée, df = 7 ; fenêtre 1998-2021 ; 96 traitées, 0 jamais traitées sur la fenêtre",pre_test,0.0,96.0,0.0,0.0,1998.0,2021.0,,,,,,,,,,,7.0,,,,,,
h3,H3,H3b complément,"part des naissances de parents mariés, 25-39","département, 1998-2021 ; fenêtre identifiée ≤ 2017, cohorte 2018 = contrôle",twfe,ATT,0.0250752603468746,0.005400230694705,0.014491002677045,0.0356595180167042,3.4277442164850324e-06,96,2304,True," ; fenêtre 1998-2021 ; 96 traitées, 0 jamais traitées sur la fenêtre ; comparaisons sur la fenêtre identifiée (années < 2018, cohorte 2018 recodée contrôle, 7 unités de contrôle)",static,0.0,96.0,0.0,0.0,1998.0,2021.0,,,,,,,,,,,,,,,,,
h3,H3,H3b complément,"part des naissances de parents mariés, 25-39","département, 1998-2021 ; fenêtre complète",twfe,ATT,0.0180978680202918,0.0043038879299514,0.0096624026840903,0.0265333333564933,2.6107698730094555e-05,96,2304,True," ; fenêtre 1998-2021 ; 96 traitées, 0 jamais traitées sur la fenêtre ; TWFE sur toutes les années (identification par le calendrier des bascules seulement)",static,0.0,96.0,0.0,0.0,1998.0,2021.0,,,,,,,,,,,,,,,,,
h3,H3,H3b complément,naissances de parents mariés 15-19 (Poisson),"département, 1998-2021 ; fenêtre identifiée ≤ 2017, cohorte 2018 = contrôle",twfe_poisson,ATT (log du taux contrefactuel),0.1227070419137626,0.0886287716744346,-0.051002158562153,0.2964162423896783,0.1662036558747205,96,2304,True,"200 cellules nulles : Poisson avec offset seulement ; fenêtre 1998-2021 ; 96 traitées, 0 jamais traitées sur la fenêtre ; comparaisons sur la fenêtre identifiée (années < 2018, cohorte 2018 recodée contrôle, 7 unités de contrôle) ; Poisson à effets fixes, offset = log(women)",static,0.0,96.0,0.0,0.0,1998.0,2021.0,,,,,,,,,,,,,,,,,
h3,H3,H3b complément,naissances de parents mariés 15-19 (Poisson),"département, 1998-2021 ; fenêtre identifiée ≤ 2017, cohorte 2018 = contrôle",twfe_poisson,ATT en % du taux contrefactuel,13.055316773579564,10.019953856906469,-4.9723382002997525,34.50299006320216,0.1662036558747205,96,2304,True,"200 cellules nulles : Poisson avec offset seulement ; fenêtre 1998-2021 ; 96 traitées, 0 jamais traitées sur la fenêtre ; comparaisons sur la fenêtre identifiée (années < 2018, cohorte 2018 recodée contrôle, 7 unités de contrôle) ; Poisson à effets fixes, offset = log(women)",static,0.0,96.0,0.0,0.0,1998.0,2021.0,,,,,,,,,,,,,,,,,
h3,H3,H3b complément,log(naissances de parents mariés / 1 000 f. 20-24),"département, 1998-2021",cs,-8,-0.0370956667406746,0.0423653720185433,-0.1201302700886605,0.0459389366073113,0.3812405038514468,96,2304,True," ; contrôle = not_yet_treated ; fenêtre 1998-2021 ; 96 traitées, 0 jamais traitées sur la fenêtre ; ATT(g,t) identifiés jusqu'en 2017 (sans unité jamais traitée, la dernière cohorte sert de contrôle) ; grappes = dep (96)",event,0.0,96.0,0.0,0.0,1998.0,2021.0,1998.0,2017.0,96.0,4.0,reg,5.0,89.0,,,,,,,,,,
h3,H3,H3b complément,log(naissances de parents mariés / 1 000 f. 20-24),"département, 1998-2021",cs,-7,-0.0648798783154103,0.0388231259492704,-0.1409718069432427,0.011212050312422,0.0946889436888347,96,2304,True," ; contrôle = not_yet_treated ; fenêtre 1998-2021 ; 96 traitées, 0 jamais traitées sur la fenêtre ; ATT(g,t) identifiés jusqu'en 2017 (sans unité jamais traitée, la dernière cohorte sert de contrôle) ; grappes = dep (96)",event,0.0,96.0,0.0,0.0,1998.0,2021.0,1998.0,2017.0,96.0,4.0,reg,5.0,89.0,,,,,,,,,,
h3,H3,H3b complément,log(naissances de parents mariés / 1 000 f. 20-24),"département, 1998-2021",cs,-6,-0.0142381491766125,0.0392717891125356,-0.0912094414456346,0.0627331430924094,0.7169379839238924,96,2304,True," ; contrôle = not_yet_treated ; fenêtre 1998-2021 ; 96 traitées, 0 jamais traitées sur la fenêtre ; ATT(g,t) identifiés jusqu'en 2017 (sans unité jamais traitée, la dernière cohorte sert de contrôle) ; grappes = dep (96)",event,0.0,96.0,0.0,0.0,1998.0,2021.0,1998.0,2017.0,96.0,4.0,reg,5.0,89.0,,,,,,,,,,
h3,H3,H3b complément,log(naissances de parents mariés / 1 000 f. 20-24),"département, 1998-2021",cs,-5,-0.0608613662041018,0.0346293698230241,-0.1287336838645473,0.0070109514563435,0.0788313986044073,96,2304,True," ; contrôle = not_yet_treated ; fenêtre 1998-2021 ; 96 traitées, 0 jamais traitées sur la fenêtre ; ATT(g,t) identifiés jusqu'en 2017 (sans unité jamais traitée, la dernière cohorte sert de contrôle) ; grappes = dep (96)",event,0.0,96.0,0.0,0.0,1998.0,2021.0,1998.0,2017.0,96.0,4.0,reg,5.0,89.0,,,,,,,,,,
h3,H3,H3b complément,log(naissances de parents mariés / 1 000 f. 20-24),"département, 1998-2021",cs,-4,-0.003351456534082,0.0331021807166058,-0.0682305385483658,0.0615276254802018,0.919355345958628,96,2304,True," ; contrôle = not_yet_treated ; fenêtre 1998-2021 ; 96 traitées, 0 jamais traitées sur la fenêtre ; ATT(g,t) identifiés jusqu'en 2017 (sans unité jamais traitée, la dernière cohorte sert de contrôle) ; grappes = dep (96)",event,0.0,96.0,0.0,0.0,1998.0,2021.0,1998.0,2017.0,96.0,4.0,reg,5.0,89.0,,,,,,,,,,
h3,H3,H3b complément,log(naissances de parents mariés / 1 000 f. 20-24),"département, 1998-2021",cs,-3,0.0204485324481515,0.032208079672315,-0.0426781437207825,0.0835752086170855,0.5255012784848281,96,2304,True," ; contrôle = not_yet_treated ; fenêtre 1998-2021 ; 96 traitées, 0 jamais traitées sur la fenêtre ; ATT(g,t) identifiés jusqu'en 2017 (sans unité jamais traitée, la dernière cohorte sert de contrôle) ; grappes = dep (96)",event,0.0,96.0,0.0,0.0,1998.0,2021.0,1998.0,2017.0,96.0,4.0,reg,5.0,89.0,,,,,,,,,,
h3,H3,H3b complément,log(naissances de parents mariés / 1 000 f. 20-24),"département, 1998-2021",cs,-2,0.002819467172163,0.0253712283538069,-0.0469072266448399,0.052546160989166,0.9115144295349588,96,2304,True," ; contrôle = not_yet_treated ; fenêtre 1998-2021 ; 96 traitées, 0 jamais traitées sur la fenêtre ; ATT(g,t) identifiés jusqu'en 2017 (sans unité jamais traitée, la dernière cohorte sert de contrôle) ; grappes = dep (96)",event,0.0,96.0,0.0,0.0,1998.0,2021.0,1998.0,2017.0,96.0,4.0,reg,5.0,89.0,,,,,,,,,,
h3,H3,H3b complément,log(naissances de parents mariés / 1 000 f. 20-24),"département, 1998-2021",cs,0,0.0197755009152981,0.0236706836658169,-0.0266181865591435,0.0661691883897399,0.4034684716662989,96,2304,True," ; contrôle = not_yet_treated ; fenêtre 1998-2021 ; 96 traitées, 0 jamais traitées sur la fenêtre ; ATT(g,t) identifiés jusqu'en 2017 (sans unité jamais traitée, la dernière cohorte sert de contrôle) ; grappes = dep (96)",event,0.0,96.0,0.0,0.0,1998.0,2021.0,1998.0,2017.0,96.0,4.0,reg,5.0,89.0,,,,,,,,,,
h3,H3,H3b complément,log(naissances de parents mariés / 1 000 f. 20-24),"département, 1998-2021",cs,1,0.0212968269715793,0.0431621581272269,-0.0632994484528082,0.1058931023959669,0.6217198650055286,96,2304,True," ; contrôle = not_yet_treated ; fenêtre 1998-2021 ; 96 traitées, 0 jamais traitées sur la fenêtre ; ATT(g,t) identifiés jusqu'en 2017 (sans unité jamais traitée, la dernière cohorte sert de contrôle) ; grappes = dep (96)",event,0.0,96.0,0.0,0.0,1998.0,2021.0,1998.0,2017.0,96.0,4.0,reg,4.0,74.0,,,,,,,,,,
h3,H3,H3b complément,log(naissances de parents mariés / 1 000 f. 20-24),"département, 1998-2021",cs,2,-0.0009051409603642,0.0511542836126903,-0.1011656944961847,0.0993554125754562,0.9858827010571704,96,2304,True," ; contrôle = not_yet_treated ; fenêtre 1998-2021 ; 96 traitées, 0 jamais traitées sur la fenêtre ; ATT(g,t) identifiés jusqu'en 2017 (sans unité jamais traitée, la dernière cohorte sert de contrôle) ; grappes = dep (96)",event,0.0,96.0,0.0,0.0,1998.0,2021.0,1998.0,2017.0,96.0,4.0,reg,3.0,51.0,,,,,,,,,,
h3,H3,H3b complément,log(naissances de parents mariés / 1 000 f. 20-24),"département, 1998-2021",cs,3,0.0821097726242248,0.1220007084153997,-0.1570072219583314,0.3212267672067811,0.5009301043080223,96,2304,True," ; contrôle = not_yet_treated ; fenêtre 1998-2021 ; 96 traitées, 0 jamais traitées sur la fenêtre ; ATT(g,t) identifiés jusqu'en 2017 (sans unité jamais traitée, la dernière cohorte sert de contrôle) ; grappes = dep (96)",event,0.0,96.0,0.0,0.0,1998.0,2021.0,1998.0,2017.0,96.0,4.0,reg,2.0,35.0,,,,,,,,,,
h3,H3,H3b complément,log(naissances de parents mariés / 1 000 f. 20-24),"département, 1998-2021",cs,4,0.1782061465769676,0.1161734997804732,-0.0494897289507317,0.4059020221046671,0.1250381279745084,96,2304,True," ; contrôle = not_yet_treated ; fenêtre 1998-2021 ; 96 traitées, 0 jamais traitées sur la fenêtre ; ATT(g,t) identifiés jusqu'en 2017 (sans unité jamais traitée, la dernière cohorte sert de contrôle) ; grappes = dep (96)",event,0.0,96.0,0.0,0.0,1998.0,2021.0,1998.0,2017.0,96.0,4.0,reg,1.0,2.0,,,,,,,,,,
h3,H3,H3b complément,log(naissances de parents mariés / 1 000 f. 20-24),"département, 1998-2021",cs,"ATT[1,4]",0.0701769013031019,0.0750844456216339,-0.0769859079144568,0.2173397105206606,0.3499740289286855,96,2304,True," ; contrôle = not_yet_treated ; fenêtre 1998-2021 ; 96 traitées, 0 jamais traitées sur la fenêtre ; ATT(g,t) identifiés jusqu'en 2017 (sans unité jamais traitée, la dernière cohorte sert de contrôle) ; grappes = dep (96) ; écart-type avec covariance complète des coefficients (fonctions d'influence)",post_avg,0.0,96.0,0.0,0.0,1998.0,2021.0,1998.0,2017.0,96.0,4.0,reg,,,,,4.0,,,,,,,
h3,H3,H3b complément,log(naissances de parents mariés / 1 000 f. 20-24),"département, 1998-2021",cs,ATT,0.0259764020851858,0.0416539277571748,-0.0556637961335101,0.1076166003038817,0.5328743395753295,96,2304,True," ; contrôle = not_yet_treated ; fenêtre 1998-2021 ; 96 traitées, 0 jamais traitées sur la fenêtre ; ATT(g,t) identifiés jusqu'en 2017 (sans unité jamais traitée, la dernière cohorte sert de contrôle) ; grappes = dep (96) ; moyenne de tous les ATT(g,t) post",simple,0.0,96.0,0.0,0.0,1998.0,2021.0,1998.0,2017.0,96.0,4.0,reg,,,,,,,,,,,,
h3,H3,H3b complément,log(naissances de parents mariés / 1 000 f. 20-24),"département, 1998-2021",cs,Wald pré (-8..-2),16.015797062175118,,,,0.0249724277289497,96,2304,True,"H5c : test de Wald joint de nullité des coefficients pré avec covariance des fonctions d'influence, df = 7 ; fenêtre 1998-2021 ; 96 traitées, 0 jamais traitées sur la fenêtre",pre_test,0.0,96.0,0.0,0.0,1998.0,2021.0,1998.0,2017.0,96.0,4.0,reg,,,,,,7.0,,,,,,
h3,H3,H3b complément,log(naissances de parents mariés / 1 000 f. 25-29),"département, 1998-2021",cs,-8,-0.029799425806169,0.0156481288821399,-0.0604691948406042,0.0008703432282662,0.0568653519233919,96,2304,True," ; contrôle = not_yet_treated ; fenêtre 1998-2021 ; 96 traitées, 0 jamais traitées sur la fenêtre ; ATT(g,t) identifiés jusqu'en 2017 (sans unité jamais traitée, la dernière cohorte sert de contrôle) ; grappes = dep (96)",event,0.0,96.0,0.0,0.0,1998.0,2021.0,1998.0,2017.0,96.0,4.0,reg,5.0,89.0,,,,,,,,,,
h3,H3,H3b complément,log(naissances de parents mariés / 1 000 f. 25-29),"département, 1998-2021",cs,-7,-0.0333931080597093,0.0161550904960267,-0.065056503598907,-0.0017297125205115,0.0387310276985508,96,2304,True," ; contrôle = not_yet_treated ; fenêtre 1998-2021 ; 96 traitées, 0 jamais traitées sur la fenêtre ; ATT(g,t) identifiés jusqu'en 2017 (sans unité jamais traitée, la dernière cohorte sert de contrôle) ; grappes = dep (96)",event,0.0,96.0,0.0,0.0,1998.0,2021.0,1998.0,2017.0,96.0,4.0,reg,5.0,89.0,,,,,,,,,,
h3,H3,H3b complément,log(naissances de parents mariés / 1 000 f. 25-29),"département, 1998-2021",cs,-6,-0.0255871169348241,0.0156163849330075,-0.0561946689722329,0.0050204351025846,0.101321835716256,96,2304,True," ; contrôle = not_yet_treated ; fenêtre 1998-2021 ; 96 traitées, 0 jamais traitées sur la fenêtre ; ATT(g,t) identifiés jusqu'en 2017 (sans unité jamais traitée, la dernière cohorte sert de contrôle) ; grappes = dep (96)",event,0.0,96.0,0.0,0.0,1998.0,2021.0,1998.0,2017.0,96.0,4.0,reg,5.0,89.0,,,,,,,,,,
h3,H3,H3b complément,log(naissances de parents mariés / 1 000 f. 25-29),"département, 1998-2021",cs,-5,-0.0069721300178587,0.0135350816249969,-0.0335004025306626,0.0195561424949452,0.606472328635008,96,2304,True," ; contrôle = not_yet_treated ; fenêtre 1998-2021 ; 96 traitées, 0 jamais traitées sur la fenêtre ; ATT(g,t) identifiés jusqu'en 2017 (sans unité jamais traitée, la dernière cohorte sert de contrôle) ; grappes = dep (96)",event,0.0,96.0,0.0,0.0,1998.0,2021.0,1998.0,2017.0,96.0,4.0,reg,5.0,89.0,,,,,,,,,,
h3,H3,H3b complément,log(naissances de parents mariés / 1 000 f. 25-29),"département, 1998-2021",cs,-4,-0.0008418106744571,0.0126630358453528,-0.0256609048662884,0.0239772835173742,0.9469974372887412,96,2304,True," ; contrôle = not_yet_treated ; fenêtre 1998-2021 ; 96 traitées, 0 jamais traitées sur la fenêtre ; ATT(g,t) identifiés jusqu'en 2017 (sans unité jamais traitée, la dernière cohorte sert de contrôle) ; grappes = dep (96)",event,0.0,96.0,0.0,0.0,1998.0,2021.0,1998.0,2017.0,96.0,4.0,reg,5.0,89.0,,,,,,,,,,
h3,H3,H3b complément,log(naissances de parents mariés / 1 000 f. 25-29),"département, 1998-2021",cs,-3,0.0092695968622619,0.0116704173370881,-0.0136040008029826,0.0321431945275064,0.4270315578534759,96,2304,True," ; contrôle = not_yet_treated ; fenêtre 1998-2021 ; 96 traitées, 0 jamais traitées sur la fenêtre ; ATT(g,t) identifiés jusqu'en 2017 (sans unité jamais traitée, la dernière cohorte sert de contrôle) ; grappes = dep (96)",event,0.0,96.0,0.0,0.0,1998.0,2021.0,1998.0,2017.0,96.0,4.0,reg,5.0,89.0,,,,,,,,,,
h3,H3,H3b complément,log(naissances de parents mariés / 1 000 f. 25-29),"département, 1998-2021",cs,-2,0.0138791451690939,0.0109164663043568,-0.0075167356258905,0.0352750259640784,0.2035880141969166,96,2304,True," ; contrôle = not_yet_treated ; fenêtre 1998-2021 ; 96 traitées, 0 jamais traitées sur la fenêtre ; ATT(g,t) identifiés jusqu'en 2017 (sans unité jamais traitée, la dernière cohorte sert de contrôle) ; grappes = dep (96)",event,0.0,96.0,0.0,0.0,1998.0,2021.0,1998.0,2017.0,96.0,4.0,reg,5.0,89.0,,,,,,,,,,
h3,H3,H3b complément,log(naissances de parents mariés / 1 000 f. 25-29),"département, 1998-2021",cs,0,0.0332648459541899,0.0119031391068335,0.0099351220018259,0.0565945699065539,0.0051959465141563,96,2304,True," ; contrôle = not_yet_treated ; fenêtre 1998-2021 ; 96 traitées, 0 jamais traitées sur la fenêtre ; ATT(g,t) identifiés jusqu'en 2017 (sans unité jamais traitée, la dernière cohorte sert de contrôle) ; grappes = dep (96)",event,0.0,96.0,0.0,0.0,1998.0,2021.0,1998.0,2017.0,96.0,4.0,reg,5.0,89.0,,,,,,,,,,
h3,H3,H3b complément,log(naissances de parents mariés / 1 000 f. 25-29),"département, 1998-2021",cs,1,0.0455268592466084,0.0165308372245901,0.0131270136521176,0.0779267048410993,0.0058861610750535,96,2304,True," ; contrôle = not_yet_treated ; fenêtre 1998-2021 ; 96 traitées, 0 jamais traitées sur la fenêtre ; ATT(g,t) identifiés jusqu'en 2017 (sans unité jamais traitée, la dernière cohorte sert de contrôle) ; grappes = dep (96)",event,0.0,96.0,0.0,0.0,1998.0,2021.0,1998.0,2017.0,96.0,4.0,reg,4.0,74.0,,,,,,,,,,
h3,H3,H3b complément,log(naissances de parents mariés / 1 000 f. 25-29),"département, 1998-2021",cs,2,0.0562397160971601,0.0226481895376781,0.0118500802882741,0.1006293519060461,0.0130212287443961,96,2304,True," ; contrôle = not_yet_treated ; fenêtre 1998-2021 ; 96 traitées, 0 jamais traitées sur la fenêtre ; ATT(g,t) identifiés jusqu'en 2017 (sans unité jamais traitée, la dernière cohorte sert de contrôle) ; grappes = dep (96)",event,0.0,96.0,0.0,0.0,1998.0,2021.0,1998.0,2017.0,96.0,4.0,reg,3.0,51.0,,,,,,,,,,
h3,H3,H3b complément,log(naissances de parents mariés / 1 000 f. 25-29),"département, 1998-2021",cs,3,0.073835952840984,0.0441481803121132,-0.0126928905537382,0.1603647962357063,0.0944341526289173,96,2304,True," ; contrôle = not_yet_treated ; fenêtre 1998-2021 ; 96 traitées, 0 jamais traitées sur la fenêtre ; ATT(g,t) identifiés jusqu'en 2017 (sans unité jamais traitée, la dernière cohorte sert de contrôle) ; grappes = dep (96)",event,0.0,96.0,0.0,0.0,1998.0,2021.0,1998.0,2017.0,96.0,4.0,reg,2.0,35.0,,,,,,,,,,
h3,H3,H3b complément,log(naissances de parents mariés / 1 000 f. 25-29),"département, 1998-2021",cs,4,0.0411752220219158,0.0642362858978456,-0.0847255848384798,0.1670760288823115,0.5215250824783589,96,2304,True," ; contrôle = not_yet_treated ; fenêtre 1998-2021 ; 96 traitées, 0 jamais traitées sur la fenêtre ; ATT(g,t) identifiés jusqu'en 2017 (sans unité jamais traitée, la dernière cohorte sert de contrôle) ; grappes = dep (96)",event,0.0,96.0,0.0,0.0,1998.0,2021.0,1998.0,2017.0,96.0,4.0,reg,1.0,2.0,,,,,,,,,,
h3,H3,H3b complément,log(naissances de parents mariés / 1 000 f. 25-29),"département, 1998-2021",cs,"ATT[1,4]",0.0541944375516671,0.028456325321618,-0.0015789352110594,0.1099678103143937,0.0568479957238731,96,2304,True," ; contrôle = not_yet_treated ; fenêtre 1998-2021 ; 96 traitées, 0 jamais traitées sur la fenêtre ; ATT(g,t) identifiés jusqu'en 2017 (sans unité jamais traitée, la dernière cohorte sert de contrôle) ; grappes = dep (96) ; écart-type avec covariance complète des coefficients (fonctions d'influence)",post_avg,0.0,96.0,0.0,0.0,1998.0,2021.0,1998.0,2017.0,96.0,4.0,reg,,,,,4.0,,,,,,,
h3,H3,H3b complément,log(naissances de parents mariés / 1 000 f. 25-29),"département, 1998-2021",cs,ATT,0.0472684987593839,0.0160128923097561,0.0158838065439435,0.0786531909748243,0.0031582251409133,96,2304,True," ; contrôle = not_yet_treated ; fenêtre 1998-2021 ; 96 traitées, 0 jamais traitées sur la fenêtre ; ATT(g,t) identifiés jusqu'en 2017 (sans unité jamais traitée, la dernière cohorte sert de contrôle) ; grappes = dep (96) ; moyenne de tous les ATT(g,t) post",simple,0.0,96.0,0.0,0.0,1998.0,2021.0,1998.0,2017.0,96.0,4.0,reg,,,,,,,,,,,,
h3,H3,H3b complément,log(naissances de parents mariés / 1 000 f. 25-29),"département, 1998-2021",cs,Wald pré (-8..-2),13.310484628643051,,,,0.064895259696218,96,2304,True,"H5c : test de Wald joint de nullité des coefficients pré avec covariance des fonctions d'influence, df = 7 ; fenêtre 1998-2021 ; 96 traitées, 0 jamais traitées sur la fenêtre",pre_test,0.0,96.0,0.0,0.0,1998.0,2021.0,1998.0,2017.0,96.0,4.0,reg,,,,,,7.0,,,,,,
h3,H3,H3b complément,log(naissances de parents mariés / 1 000 f. 30-34),"département, 1998-2021",cs,-8,-0.0359103016837519,0.0126222508158661,-0.0606494586866809,-0.011171144680823,0.0044411443910519,96,2304,True," ; contrôle = not_yet_treated ; fenêtre 1998-2021 ; 96 traitées, 0 jamais traitées sur la fenêtre ; ATT(g,t) identifiés jusqu'en 2017 (sans unité jamais traitée, la dernière cohorte sert de contrôle) ; grappes = dep (96)",event,0.0,96.0,0.0,0.0,1998.0,2021.0,1998.0,2017.0,96.0,4.0,reg,5.0,89.0,,,,,,,,,,
h3,H3,H3b complément,log(naissances de parents mariés / 1 000 f. 30-34),"département, 1998-2021",cs,-7,-0.0163374675314941,0.0134271848775251,-0.0426542663052042,0.009979331242216,0.2237010402663307,96,2304,True," ; contrôle = not_yet_treated ; fenêtre 1998-2021 ; 96 traitées, 0 jamais traitées sur la fenêtre ; ATT(g,t) identifiés jusqu'en 2017 (sans unité jamais traitée, la dernière cohorte sert de contrôle) ; grappes = dep (96)",event,0.0,96.0,0.0,0.0,1998.0,2021.0,1998.0,2017.0,96.0,4.0,reg,5.0,89.0,,,,,,,,,,
h3,H3,H3b complément,log(naissances de parents mariés / 1 000 f. 30-34),"département, 1998-2021",cs,-6,-0.0178406535523912,0.0123868138879666,-0.0421183626560063,0.0064370555512239,0.1497842420862982,96,2304,True," ; contrôle = not_yet_treated ; fenêtre 1998-2021 ; 96 traitées, 0 jamais traitées sur la fenêtre ; ATT(g,t) identifiés jusqu'en 2017 (sans unité jamais traitée, la dernière cohorte sert de contrôle) ; grappes = dep (96)",event,0.0,96.0,0.0,0.0,1998.0,2021.0,1998.0,2017.0,96.0,4.0,reg,5.0,89.0,,,,,,,,,,
h3,H3,H3b complément,log(naissances de parents mariés / 1 000 f. 30-34),"département, 1998-2021",cs,-5,-0.0154962781585866,0.0137115701207321,-0.0423704617667172,0.0113779054495439,0.2584085017635196,96,2304,True," ; contrôle = not_yet_treated ; fenêtre 1998-2021 ; 96 traitées, 0 jamais traitées sur la fenêtre ; ATT(g,t) identifiés jusqu'en 2017 (sans unité jamais traitée, la dernière cohorte sert de contrôle) ; grappes = dep (96)",event,0.0,96.0,0.0,0.0,1998.0,2021.0,1998.0,2017.0,96.0,4.0,reg,5.0,89.0,,,,,,,,,,
h3,H3,H3b complément,log(naissances de parents mariés / 1 000 f. 30-34),"département, 1998-2021",cs,-4,-0.0020212835010573,0.0103706027642451,-0.0223472914169493,0.0183047244148346,0.845467231558159,96,2304,True," ; contrôle = not_yet_treated ; fenêtre 1998-2021 ; 96 traitées, 0 jamais traitées sur la fenêtre ; ATT(g,t) identifiés jusqu'en 2017 (sans unité jamais traitée, la dernière cohorte sert de contrôle) ; grappes = dep (96)",event,0.0,96.0,0.0,0.0,1998.0,2021.0,1998.0,2017.0,96.0,4.0,reg,5.0,89.0,,,,,,,,,,
h3,H3,H3b complément,log(naissances de parents mariés / 1 000 f. 30-34),"département, 1998-2021",cs,-3,-0.0023181709205207,0.0109731056290597,-0.0238250627520315,0.0191887209109901,0.8326849182564974,96,2304,True," ; contrôle = not_yet_treated ; fenêtre 1998-2021 ; 96 traitées, 0 jamais traitées sur la fenêtre ; ATT(g,t) identifiés jusqu'en 2017 (sans unité jamais traitée, la dernière cohorte sert de contrôle) ; grappes = dep (96)",event,0.0,96.0,0.0,0.0,1998.0,2021.0,1998.0,2017.0,96.0,4.0,reg,5.0,89.0,,,,,,,,,,
h3,H3,H3b complément,log(naissances de parents mariés / 1 000 f. 30-34),"département, 1998-2021",cs,-2,0.0091217042646157,0.0117110381673732,-0.0138315087650097,0.0320749172942412,0.4360397992577597,96,2304,True," ; contrôle = not_yet_treated ; fenêtre 1998-2021 ; 96 traitées, 0 jamais traitées sur la fenêtre ; ATT(g,t) identifiés jusqu'en 2017 (sans unité jamais traitée, la dernière cohorte sert de contrôle) ; grappes = dep (96)",event,0.0,96.0,0.0,0.0,1998.0,2021.0,1998.0,2017.0,96.0,4.0,reg,5.0,89.0,,,,,,,,,,
h3,H3,H3b complément,log(naissances de parents mariés / 1 000 f. 30-34),"département, 1998-2021",cs,0,0.021864126179093,0.0105495175434268,0.0011874517397028,0.0425408006184832,0.038216619126218,96,2304,True," ; contrôle = not_yet_treated ; fenêtre 1998-2021 ; 96 traitées, 0 jamais traitées sur la fenêtre ; ATT(g,t) identifiés jusqu'en 2017 (sans unité jamais traitée, la dernière cohorte sert de contrôle) ; grappes = dep (96)",event,0.0,96.0,0.0,0.0,1998.0,2021.0,1998.0,2017.0,96.0,4.0,reg,5.0,89.0,,,,,,,,,,
h3,H3,H3b complément,log(naissances de parents mariés / 1 000 f. 30-34),"département, 1998-2021",cs,1,0.0405166378571291,0.01786856221928,0.0054948994518272,0.0755383762624311,0.0233608155067325,96,2304,True," ; contrôle = not_yet_treated ; fenêtre 1998-2021 ; 96 traitées, 0 jamais traitées sur la fenêtre ; ATT(g,t) identifiés jusqu'en 2017 (sans unité jamais traitée, la dernière cohorte sert de contrôle) ; grappes = dep (96)",event,0.0,96.0,0.0,0.0,1998.0,2021.0,1998.0,2017.0,96.0,4.0,reg,4.0,74.0,,,,,,,,,,
h3,H3,H3b complément,log(naissances de parents mariés / 1 000 f. 30-34),"département, 1998-2021",cs,2,0.0573349516149666,0.0250031973125516,0.0083295853840166,0.1063403178459165,0.021841972476781,96,2304,True," ; contrôle = not_yet_treated ; fenêtre 1998-2021 ; 96 traitées, 0 jamais traitées sur la fenêtre ; ATT(g,t) identifiés jusqu'en 2017 (sans unité jamais traitée, la dernière cohorte sert de contrôle) ; grappes = dep (96)",event,0.0,96.0,0.0,0.0,1998.0,2021.0,1998.0,2017.0,96.0,4.0,reg,3.0,51.0,,,,,,,,,,
h3,H3,H3b complément,log(naissances de parents mariés / 1 000 f. 30-34),"département, 1998-2021",cs,3,0.1283629291901005,0.0442287431159782,0.0416761856013093,0.2150496727788918,0.0037049115217003,96,2304,True," ; contrôle = not_yet_treated ; fenêtre 1998-2021 ; 96 traitées, 0 jamais traitées sur la fenêtre ; ATT(g,t) identifiés jusqu'en 2017 (sans unité jamais traitée, la dernière cohorte sert de contrôle) ; grappes = dep (96)",event,0.0,96.0,0.0,0.0,1998.0,2021.0,1998.0,2017.0,96.0,4.0,reg,2.0,35.0,,,,,,,,,,
h3,H3,H3b complément,log(naissances de parents mariés / 1 000 f. 30-34),"département, 1998-2021",cs,4,0.2038576587057438,0.060033224925536,0.086194699975901,0.3215206174355867,0.0006844152670321,96,2304,True," ; contrôle = not_yet_treated ; fenêtre 1998-2021 ; 96 traitées, 0 jamais traitées sur la fenêtre ; ATT(g,t) identifiés jusqu'en 2017 (sans unité jamais traitée, la dernière cohorte sert de contrôle) ; grappes = dep (96)",event,0.0,96.0,0.0,0.0,1998.0,2021.0,1998.0,2017.0,96.0,4.0,reg,1.0,2.0,,,,,,,,,,
h3,H3,H3b complément,log(naissances de parents mariés / 1 000 f. 30-34),"département, 1998-2021",cs,"ATT[1,4]",0.107518044341985,0.0282569164876118,0.0521355057121098,0.1629005829718603,0.000141794517888,96,2304,True," ; contrôle = not_yet_treated ; fenêtre 1998-2021 ; 96 traitées, 0 jamais traitées sur la fenêtre ; ATT(g,t) identifiés jusqu'en 2017 (sans unité jamais traitée, la dernière cohorte sert de contrôle) ; grappes = dep (96) ; écart-type avec covariance complète des coefficients (fonctions d'influence)",post_avg,0.0,96.0,0.0,0.0,1998.0,2021.0,1998.0,2017.0,96.0,4.0,reg,,,,,4.0,,,,,,,
h3,H3,H3b complément,log(naissances de parents mariés / 1 000 f. 30-34),"département, 1998-2021",cs,ATT,0.0508710709274706,0.0173432310959549,0.0168789626038439,0.0848631792510974,0.0033549359148989,96,2304,True," ; contrôle = not_yet_treated ; fenêtre 1998-2021 ; 96 traitées, 0 jamais traitées sur la fenêtre ; ATT(g,t) identifiés jusqu'en 2017 (sans unité jamais traitée, la dernière cohorte sert de contrôle) ; grappes = dep (96) ; moyenne de tous les ATT(g,t) post",simple,0.0,96.0,0.0,0.0,1998.0,2021.0,1998.0,2017.0,96.0,4.0,reg,,,,,,,,,,,,
h3,H3,H3b complément,log(naissances de parents mariés / 1 000 f. 30-34),"département, 1998-2021",cs,Wald pré (-8..-2),17.752978868337813,,,,0.0131356377271878,96,2304,True,"H5c : test de Wald joint de nullité des coefficients pré avec covariance des fonctions d'influence, df = 7 ; fenêtre 1998-2021 ; 96 traitées, 0 jamais traitées sur la fenêtre",pre_test,0.0,96.0,0.0,0.0,1998.0,2021.0,1998.0,2017.0,96.0,4.0,reg,,,,,,7.0,,,,,,
h3,H3,H3b complément,log(naissances de parents mariés / 1 000 f. 35-39),"département, 1998-2021",cs,-8,-0.0532619213749692,0.0155779072217347,-0.0837940584840756,-0.0227297842658627,0.0006283606151531,96,2304,True," ; contrôle = not_yet_treated ; fenêtre 1998-2021 ; 96 traitées, 0 jamais traitées sur la fenêtre ; ATT(g,t) identifiés jusqu'en 2017 (sans unité jamais traitée, la dernière cohorte sert de contrôle) ; grappes = dep (96)",event,0.0,96.0,0.0,0.0,1998.0,2021.0,1998.0,2017.0,96.0,4.0,reg,5.0,89.0,,,,,,,,,,
h3,H3,H3b complément,log(naissances de parents mariés / 1 000 f. 35-39),"département, 1998-2021",cs,-7,-0.0461923640502455,0.0146580323448276,-0.0749215795303309,-0.01746314857016,0.0016252620182504,96,2304,True," ; contrôle = not_yet_treated ; fenêtre 1998-2021 ; 96 traitées, 0 jamais traitées sur la fenêtre ; ATT(g,t) identifiés jusqu'en 2017 (sans unité jamais traitée, la dernière cohorte sert de contrôle) ; grappes = dep (96)",event,0.0,96.0,0.0,0.0,1998.0,2021.0,1998.0,2017.0,96.0,4.0,reg,5.0,89.0,,,,,,,,,,
h3,H3,H3b complément,log(naissances de parents mariés / 1 000 f. 35-39),"département, 1998-2021",cs,-6,-0.0405832631756707,0.0141551678301319,-0.0683268823178493,-0.0128396440334922,0.0041434629089518,96,2304,True," ; contrôle = not_yet_treated ; fenêtre 1998-2021 ; 96 traitées, 0 jamais traitées sur la fenêtre ; ATT(g,t) identifiés jusqu'en 2017 (sans unité jamais traitée, la dernière cohorte sert de contrôle) ; grappes = dep (96)",event,0.0,96.0,0.0,0.0,1998.0,2021.0,1998.0,2017.0,96.0,4.0,reg,5.0,89.0,,,,,,,,,,
h3,H3,H3b complément,log(naissances de parents mariés / 1 000 f. 35-39),"département, 1998-2021",cs,-5,-0.0523976948990345,0.0135400807586076,-0.0789357655336693,-0.0258596242643997,0.0001089150916465,96,2304,True," ; contrôle = not_yet_treated ; fenêtre 1998-2021 ; 96 traitées, 0 jamais traitées sur la fenêtre ; ATT(g,t) identifiés jusqu'en 2017 (sans unité jamais traitée, la dernière cohorte sert de contrôle) ; grappes = dep (96)",event,0.0,96.0,0.0,0.0,1998.0,2021.0,1998.0,2017.0,96.0,4.0,reg,5.0,89.0,,,,,,,,,,
h3,H3,H3b complément,log(naissances de parents mariés / 1 000 f. 35-39),"département, 1998-2021",cs,-4,-0.0545645327825835,0.0167194838003223,-0.0873341188713162,-0.0217949466938508,0.0011003363135643,96,2304,True," ; contrôle = not_yet_treated ; fenêtre 1998-2021 ; 96 traitées, 0 jamais traitées sur la fenêtre ; ATT(g,t) identifiés jusqu'en 2017 (sans unité jamais traitée, la dernière cohorte sert de contrôle) ; grappes = dep (96)",event,0.0,96.0,0.0,0.0,1998.0,2021.0,1998.0,2017.0,96.0,4.0,reg,5.0,89.0,,,,,,,,,,
h3,H3,H3b complément,log(naissances de parents mariés / 1 000 f. 35-39),"département, 1998-2021",cs,-3,-0.0399280652906173,0.0145447453426619,-0.0684352423265415,-0.0114208882546931,0.0060476179647876,96,2304,True," ; contrôle = not_yet_treated ; fenêtre 1998-2021 ; 96 traitées, 0 jamais traitées sur la fenêtre ; ATT(g,t) identifiés jusqu'en 2017 (sans unité jamais traitée, la dernière cohorte sert de contrôle) ; grappes = dep (96)",event,0.0,96.0,0.0,0.0,1998.0,2021.0,1998.0,2017.0,96.0,4.0,reg,5.0,89.0,,,,,,,,,,
h3,H3,H3b complément,log(naissances de parents mariés / 1 000 f. 35-39),"département, 1998-2021",cs,-2,-0.0116370577113177,0.0138785064000044,-0.038838430414535,0.0155643149918996,0.4017527754187412,96,2304,True," ; contrôle = not_yet_treated ; fenêtre 1998-2021 ; 96 traitées, 0 jamais traitées sur la fenêtre ; ATT(g,t) identifiés jusqu'en 2017 (sans unité jamais traitée, la dernière cohorte sert de contrôle) ; grappes = dep (96)",event,0.0,96.0,0.0,0.0,1998.0,2021.0,1998.0,2017.0,96.0,4.0,reg,5.0,89.0,,,,,,,,,,
h3,H3,H3b complément,log(naissances de parents mariés / 1 000 f. 35-39),"département, 1998-2021",cs,0,0.0003108955533522,0.0180251676705905,-0.035017783896301,0.0356395750030054,0.986238881767261,96,2304,True," ; contrôle = not_yet_treated ; fenêtre 1998-2021 ; 96 traitées, 0 jamais traitées sur la fenêtre ; ATT(g,t) identifiés jusqu'en 2017 (sans unité jamais traitée, la dernière cohorte sert de contrôle) ; grappes = dep (96)",event,0.0,96.0,0.0,0.0,1998.0,2021.0,1998.0,2017.0,96.0,4.0,reg,5.0,89.0,,,,,,,,,,
h3,H3,H3b complément,log(naissances de parents mariés / 1 000 f. 35-39),"département, 1998-2021",cs,1,0.0353200759654786,0.0273223978914293,-0.0182308398729961,0.0888709918039533,0.1961096178123272,96,2304,True," ; contrôle = not_yet_treated ; fenêtre 1998-2021 ; 96 traitées, 0 jamais traitées sur la fenêtre ; ATT(g,t) identifiés jusqu'en 2017 (sans unité jamais traitée, la dernière cohorte sert de contrôle) ; grappes = dep (96)",event,0.0,96.0,0.0,0.0,1998.0,2021.0,1998.0,2017.0,96.0,4.0,reg,4.0,74.0,,,,,,,,,,
h3,H3,H3b complément,log(naissances de parents mariés / 1 000 f. 35-39),"département, 1998-2021",cs,2,0.0650599995615673,0.0249193374090317,0.0162189957212633,0.1139010034018712,0.0090324414486624,96,2304,True," ; contrôle = not_yet_treated ; fenêtre 1998-2021 ; 96 traitées, 0 jamais traitées sur la fenêtre ; ATT(g,t) identifiés jusqu'en 2017 (sans unité jamais traitée, la dernière cohorte sert de contrôle) ; grappes = dep (96)",event,0.0,96.0,0.0,0.0,1998.0,2021.0,1998.0,2017.0,96.0,4.0,reg,3.0,51.0,,,,,,,,,,
h3,H3,H3b complément,log(naissances de parents mariés / 1 000 f. 35-39),"département, 1998-2021",cs,3,0.1347153740569485,0.0835503070919932,-0.0290402187406197,0.2984709668545168,0.1068778949902944,96,2304,True," ; contrôle = not_yet_treated ; fenêtre 1998-2021 ; 96 traitées, 0 jamais traitées sur la fenêtre ; ATT(g,t) identifiés jusqu'en 2017 (sans unité jamais traitée, la dernière cohorte sert de contrôle) ; grappes = dep (96)",event,0.0,96.0,0.0,0.0,1998.0,2021.0,1998.0,2017.0,96.0,4.0,reg,2.0,35.0,,,,,,,,,,
h3,H3,H3b complément,log(naissances de parents mariés / 1 000 f. 35-39),"département, 1998-2021",cs,4,0.2087175872944621,0.1018736021237214,0.009048996156605,0.4083861784323193,0.0404826828420019,96,2304,True," ; contrôle = not_yet_treated ; fenêtre 1998-2021 ; 96 traitées, 0 jamais traitées sur la fenêtre ; ATT(g,t) identifiés jusqu'en 2017 (sans unité jamais traitée, la dernière cohorte sert de contrôle) ; grappes = dep (96)",event,0.0,96.0,0.0,0.0,1998.0,2021.0,1998.0,2017.0,96.0,4.0,reg,1.0,2.0,,,,,,,,,,
h3,H3,H3b complément,log(naissances de parents mariés / 1 000 f. 35-39),"département, 1998-2021",cs,"ATT[1,4]",0.1109532592196141,0.0541372145370432,0.0048462685036912,0.217060249935537,0.0404149836406328,96,2304,True," ; contrôle = not_yet_treated ; fenêtre 1998-2021 ; 96 traitées, 0 jamais traitées sur la fenêtre ; ATT(g,t) identifiés jusqu'en 2017 (sans unité jamais traitée, la dernière cohorte sert de contrôle) ; grappes = dep (96) ; écart-type avec covariance complète des coefficients (fonctions d'influence)",post_avg,0.0,96.0,0.0,0.0,1998.0,2021.0,1998.0,2017.0,96.0,4.0,reg,,,,,4.0,,,,,,,
h3,H3,H3b complément,log(naissances de parents mariés / 1 000 f. 35-39),"département, 1998-2021",cs,ATT,0.0441907911152024,0.0287860233041081,-0.0122287778189801,0.100610360049385,0.1247476058821706,96,2304,True," ; contrôle = not_yet_treated ; fenêtre 1998-2021 ; 96 traitées, 0 jamais traitées sur la fenêtre ; ATT(g,t) identifiés jusqu'en 2017 (sans unité jamais traitée, la dernière cohorte sert de contrôle) ; grappes = dep (96) ; moyenne de tous les ATT(g,t) post",simple,0.0,96.0,0.0,0.0,1998.0,2021.0,1998.0,2017.0,96.0,4.0,reg,,,,,,,,,,,,
h3,H3,H3b complément,log(naissances de parents mariés / 1 000 f. 35-39),"département, 1998-2021",cs,Wald pré (-8..-2),24.577796544435927,,,,0.0009012440173893,96,2304,True,"H5c : test de Wald joint de nullité des coefficients pré avec covariance des fonctions d'influence, df = 7 ; fenêtre 1998-2021 ; 96 traitées, 0 jamais traitées sur la fenêtre",pre_test,0.0,96.0,0.0,0.0,1998.0,2021.0,1998.0,2017.0,96.0,4.0,reg,,,,,,7.0,,,,,,
h3,H3,H3b complément,log(naissances de parents mariés / 1 000 f. 40-49),"département, 1998-2021",cs,-8,-0.0496577277830738,0.0309863248728845,-0.1103898085471852,0.0110743529810376,0.1090298130937824,96,2304,True," ; contrôle = not_yet_treated ; fenêtre 1998-2021 ; 96 traitées, 0 jamais traitées sur la fenêtre ; ATT(g,t) identifiés jusqu'en 2017 (sans unité jamais traitée, la dernière cohorte sert de contrôle) ; grappes = dep (96)",event,0.0,96.0,0.0,0.0,1998.0,2021.0,1998.0,2017.0,96.0,4.0,reg,5.0,89.0,,,,,,,,,,
h3,H3,H3b complément,log(naissances de parents mariés / 1 000 f. 40-49),"département, 1998-2021",cs,-7,-0.0222760464230971,0.0343771446602912,-0.0896540118485914,0.0451019190023972,0.5169914095839228,96,2304,True," ; contrôle = not_yet_treated ; fenêtre 1998-2021 ; 96 traitées, 0 jamais traitées sur la fenêtre ; ATT(g,t) identifiés jusqu'en 2017 (sans unité jamais traitée, la dernière cohorte sert de contrôle) ; grappes = dep (96)",event,0.0,96.0,0.0,0.0,1998.0,2021.0,1998.0,2017.0,96.0,4.0,reg,5.0,89.0,,,,,,,,,,
h3,H3,H3b complément,log(naissances de parents mariés / 1 000 f. 40-49),"département, 1998-2021",cs,-6,-0.0263319593389422,0.0354894469448276,-0.0958899971820495,0.0432260785041649,0.4581079981362542,96,2304,True," ; contrôle = not_yet_treated ; fenêtre 1998-2021 ; 96 traitées, 0 jamais traitées sur la fenêtre ; ATT(g,t) identifiés jusqu'en 2017 (sans unité jamais traitée, la dernière cohorte sert de contrôle) ; grappes = dep (96)",event,0.0,96.0,0.0,0.0,1998.0,2021.0,1998.0,2017.0,96.0,4.0,reg,5.0,89.0,,,,,,,,,,
h3,H3,H3b complément,log(naissances de parents mariés / 1 000 f. 40-49),"département, 1998-2021",cs,-5,-0.0016403175617981,0.0354037841005771,-0.071030459315361,0.0677498241917648,0.963045872179014,96,2304,True," ; contrôle = not_yet_treated ; fenêtre 1998-2021 ; 96 traitées, 0 jamais traitées sur la fenêtre ; ATT(g,t) identifiés jusqu'en 2017 (sans unité jamais traitée, la dernière cohorte sert de contrôle) ; grappes = dep (96)",event,0.0,96.0,0.0,0.0,1998.0,2021.0,1998.0,2017.0,96.0,4.0,reg,5.0,89.0,,,,,,,,,,
h3,H3,H3b complément,log(naissances de parents mariés / 1 000 f. 40-49),"département, 1998-2021",cs,-4,-0.006302899518766,0.0342845516532163,-0.0734993859851732,0.0608935869476411,0.8541383451852194,96,2304,True," ; contrôle = not_yet_treated ; fenêtre 1998-2021 ; 96 traitées, 0 jamais traitées sur la fenêtre ; ATT(g,t) identifiés jusqu'en 2017 (sans unité jamais traitée, la dernière cohorte sert de contrôle) ; grappes = dep (96)",event,0.0,96.0,0.0,0.0,1998.0,2021.0,1998.0,2017.0,96.0,4.0,reg,5.0,89.0,,,,,,,,,,
h3,H3,H3b complément,log(naissances de parents mariés / 1 000 f. 40-49),"département, 1998-2021",cs,-3,0.0160857906998686,0.0338637649324249,-0.0502859689486146,0.0824575503483519,0.6347763997069409,96,2304,True," ; contrôle = not_yet_treated ; fenêtre 1998-2021 ; 96 traitées, 0 jamais traitées sur la fenêtre ; ATT(g,t) identifiés jusqu'en 2017 (sans unité jamais traitée, la dernière cohorte sert de contrôle) ; grappes = dep (96)",event,0.0,96.0,0.0,0.0,1998.0,2021.0,1998.0,2017.0,96.0,4.0,reg,5.0,89.0,,,,,,,,,,
h3,H3,H3b complément,log(naissances de parents mariés / 1 000 f. 40-49),"département, 1998-2021",cs,-2,0.0227379214266374,0.0317480645888481,-0.0394871417463564,0.0849629845996312,0.4738686882318724,96,2304,True," ; contrôle = not_yet_treated ; fenêtre 1998-2021 ; 96 traitées, 0 jamais traitées sur la fenêtre ; ATT(g,t) identifiés jusqu'en 2017 (sans unité jamais traitée, la dernière cohorte sert de contrôle) ; grappes = dep (96)",event,0.0,96.0,0.0,0.0,1998.0,2021.0,1998.0,2017.0,96.0,4.0,reg,5.0,89.0,,,,,,,,,,
h3,H3,H3b complément,log(naissances de parents mariés / 1 000 f. 40-49),"département, 1998-2021",cs,0,0.0680085210721229,0.04069913753071,-0.0117603226899111,0.147777364834157,0.0947204050280406,96,2304,True," ; contrôle = not_yet_treated ; fenêtre 1998-2021 ; 96 traitées, 0 jamais traitées sur la fenêtre ; ATT(g,t) identifiés jusqu'en 2017 (sans unité jamais traitée, la dernière cohorte sert de contrôle) ; grappes = dep (96)",event,0.0,96.0,0.0,0.0,1998.0,2021.0,1998.0,2017.0,96.0,4.0,reg,5.0,89.0,,,,,,,,,,
h3,H3,H3b complément,log(naissances de parents mariés / 1 000 f. 40-49),"département, 1998-2021",cs,1,0.0741926548072836,0.0579936571758132,-0.0394728245890732,0.1878581342036404,0.2007831220754661,96,2304,True," ; contrôle = not_yet_treated ; fenêtre 1998-2021 ; 96 traitées, 0 jamais traitées sur la fenêtre ; ATT(g,t) identifiés jusqu'en 2017 (sans unité jamais traitée, la dernière cohorte sert de contrôle) ; grappes = dep (96)",event,0.0,96.0,0.0,0.0,1998.0,2021.0,1998.0,2017.0,96.0,4.0,reg,4.0,74.0,,,,,,,,,,
h3,H3,H3b complément,log(naissances de parents mariés / 1 000 f. 40-49),"département, 1998-2021",cs,2,0.0723676267588959,0.0584343108780223,-0.0421615180234449,0.1868967715412368,0.2155514422356516,96,2304,True," ; contrôle = not_yet_treated ; fenêtre 1998-2021 ; 96 traitées, 0 jamais traitées sur la fenêtre ; ATT(g,t) identifiés jusqu'en 2017 (sans unité jamais traitée, la dernière cohorte sert de contrôle) ; grappes = dep (96)",event,0.0,96.0,0.0,0.0,1998.0,2021.0,1998.0,2017.0,96.0,4.0,reg,3.0,51.0,,,,,,,,,,
h3,H3,H3b complément,log(naissances de parents mariés / 1 000 f. 40-49),"département, 1998-2021",cs,3,0.0718637402507668,0.1127859637692193,-0.1491926866985424,0.2929201672000761,0.5240146494271274,96,2304,True," ; contrôle = not_yet_treated ; fenêtre 1998-2021 ; 96 traitées, 0 jamais traitées sur la fenêtre ; ATT(g,t) identifiés jusqu'en 2017 (sans unité jamais traitée, la dernière cohorte sert de contrôle) ; grappes = dep (96)",event,0.0,96.0,0.0,0.0,1998.0,2021.0,1998.0,2017.0,96.0,4.0,reg,2.0,35.0,,,,,,,,,,
h3,H3,H3b complément,log(naissances de parents mariés / 1 000 f. 40-49),"département, 1998-2021",cs,4,0.1949742345889673,0.2054192960134201,-0.2076401873269083,0.597588656504843,0.342543065402027,96,2304,True," ; contrôle = not_yet_treated ; fenêtre 1998-2021 ; 96 traitées, 0 jamais traitées sur la fenêtre ; ATT(g,t) identifiés jusqu'en 2017 (sans unité jamais traitée, la dernière cohorte sert de contrôle) ; grappes = dep (96)",event,0.0,96.0,0.0,0.0,1998.0,2021.0,1998.0,2017.0,96.0,4.0,reg,1.0,2.0,,,,,,,,,,
h3,H3,H3b complément,log(naissances de parents mariés / 1 000 f. 40-49),"département, 1998-2021",cs,"ATT[1,4]",0.1033495641014784,0.0949216295577408,-0.0826934111855463,0.2893925393885032,0.2762472317276918,96,2304,True," ; contrôle = not_yet_treated ; fenêtre 1998-2021 ; 96 traitées, 0 jamais traitées sur la fenêtre ; ATT(g,t) identifiés jusqu'en 2017 (sans unité jamais traitée, la dernière cohorte sert de contrôle) ; grappes = dep (96) ; écart-type avec covariance complète des coefficients (fonctions d'influence)",post_avg,0.0,96.0,0.0,0.0,1998.0,2021.0,1998.0,2017.0,96.0,4.0,reg,,,,,4.0,,,,,,,
h3,H3,H3b complément,log(naissances de parents mariés / 1 000 f. 40-49),"département, 1998-2021",cs,ATT,0.0722667058717784,0.051662139854156,-0.0289892276066388,0.1735226393501957,0.1618630691263475,96,2304,True," ; contrôle = not_yet_treated ; fenêtre 1998-2021 ; 96 traitées, 0 jamais traitées sur la fenêtre ; ATT(g,t) identifiés jusqu'en 2017 (sans unité jamais traitée, la dernière cohorte sert de contrôle) ; grappes = dep (96) ; moyenne de tous les ATT(g,t) post",simple,0.0,96.0,0.0,0.0,1998.0,2021.0,1998.0,2017.0,96.0,4.0,reg,,,,,,,,,,,,
h3,H3,H3b complément,log(naissances de parents mariés / 1 000 f. 40-49),"département, 1998-2021",cs,Wald pré (-8..-2),11.050372272746005,,,,0.1364368492088392,96,2304,True,"H5c : test de Wald joint de nullité des coefficients pré avec covariance des fonctions d'influence, df = 7 ; fenêtre 1998-2021 ; 96 traitées, 0 jamais traitées sur la fenêtre",pre_test,0.0,96.0,0.0,0.0,1998.0,2021.0,1998.0,2017.0,96.0,4.0,reg,,,,,,7.0,,,,,,
h3,H3,H3c,mariages 25-39,"département, bascule D3 ≥ 50 %",cs,première période négative (IC 95 % < 0),,,,,,0,0,False,aucune période post avec coefficient négatif et IC ponctuel excluant 0,timing,,,,,,,,,,,,,,,,,,,,,,,
h3,H3,H3c,naissances / f. en couple 25-39,"département, bascule D3 ≥ 50 %",cs,première période négative (IC 95 % < 0),,,,,,0,0,False,aucune période post avec coefficient négatif et IC ponctuel excluant 0,timing,,,,,,,,,,,,,,,,,,,,,,,
h3,H3,H3c,naissances 25-39 (H2b),"département, bascule D3 ≥ 50 %",cs,première période négative (IC 95 % < 0),,,,,,0,0,False,aucune période post avec coefficient négatif et IC ponctuel excluant 0,timing,,,,,,,,,,,,,,,,,,,,,,,
h3,H3,§6 canal,ATT mariages 25-39 − ATT naissances / f. en couple 25-39,"département, bascule D3 ≥ 50 %",cs,différence (bootstrap conjoint),-0.0129376921720343,0.022191383585732,-0.0564320051102601,0.0305566207661914,0.55988979522989,96,7776,False,"règle §6 : H3a = ATT[1,4] mariages 25-39 = +0.0048 (p 0.728) ; H3b = ATT[1,4] naissances / femmes en couple 25-39 = +0.0178 (p 0.098) ; 200 tirages, quantiles [-0.0603, +0.0195]",decision,,,,,,,,,,,,,,,,,,,,,,,
h3,H3,H3,famille H3,"département, bascule D3 ≥ 50 %",—,note,,,,,,0,0,False,H3 présentée sans correction de tests multiples ; seuls les deux tests nommés dans la ligne « §6 canal » entrent dans la règle de décision (A2),note,,,,,,,,,,,,,,,,,,,,,,,
iv,IV,IV,log(naissances / 1 000 f. 20-24),ZEAT × année 2011-2020,2sls,forme réduite (D3),0.0348487454297518,0.0286083119936676,-0.0212225161786049,0.0909200070381086,0.6954695469546954,9,83,False,"effets fixes zone_id + year ; pondéré par les femmes ; 9 grappes : p du wild cluster bootstrap (Webb, 9999 tirages) sur le modèle non pondéré (forme réduite non pondérée +0.0172, premier étage +0.0221) = 0.695 (p CRV1 = 0.223)",iv,,,,,,,,,,,,,,,,,,,0.2231732159381081,wild_webb,,,
iv,IV,IV,possession de smartphone 18-24 (Baromètre) → naissances 20-24,ZEAT × année 2011-2020,2sls,premier étage (D3),-0.0174560509968344,0.0525791559941181,-0.1205093038956901,0.0855972019020212,0.8070807080708071,9,83,False,"t² CRV1 = 0.1 (non interprétable selon les seuils usuels à 9 grappes) ; 9 grappes : p du wild cluster bootstrap (Webb, 9999 tirages) sur le modèle non pondéré (forme réduite non pondérée +0.0172, premier étage +0.0221) = 0.807 ; adoption mesurée sur la classe 18-24 ans du Baromètre, seule classe recouvrant 20-24 (A2.5)",iv,,,,,,,,,,,,,,,,,,,,wild_webb,,,
iv,IV,IV,log(naissances / 1 000 f. 20-24),ZEAT × année 2011-2020,2sls,IV : effet de la possession de smartphone (0→1),-1.996370509920685,5.965174654928952,-13.687898087293853,9.695157067452485,0.7378733375933216,9,83,False,"re-normalisation de la forme réduite ; IC de Wald indicatif (p CRV1) ; intervalle d'Anderson-Rubin (inversion du test wild bootstrap de la forme réduite non pondérée, IV non pondérée +0.7807, grille [-2.0, 2.0]) : [-2.00, +2.00] (non borné sur la grille)",iv,,,,,,,,,,,,,,,,,,,,crv1,-2.0,2.0,0.7806712233640664
iv,IV,IV,log(naissances / 1 000 f. 25-39),ZEAT × année 2011-2020,2sls,forme réduite (D3),0.0167684433755625,0.0131651656354384,-0.0090348073239338,0.0425716940750589,0.4667466746674667,9,83,False,"effets fixes zone_id + year ; pondéré par les femmes ; 9 grappes : p du wild cluster bootstrap (Webb, 9999 tirages) sur le modèle non pondéré (forme réduite non pondérée +0.0118, premier étage +0.1192) = 0.467 (p CRV1 = 0.203)",iv,,,,,,,,,,,,,,,,,,,0.2027705130342485,wild_webb,,,
iv,IV,IV,possession de smartphone 25-39,ZEAT × année 2011-2020,2sls,premier étage (D3),0.1083339053848048,0.090378647840653,-0.0688049907515527,0.2854728015211625,0.415041504150415,9,83,False,"t² CRV1 = 1.4 (non interprétable selon les seuils usuels à 9 grappes) ; 9 grappes : p du wild cluster bootstrap (Webb, 9999 tirages) sur le modèle non pondéré (forme réduite non pondérée +0.0118, premier étage +0.1192) = 0.415",iv,,,,,,,,,,,,,,,,,,,,wild_webb,,,
iv,IV,IV,log(naissances / 1 000 f. 25-39),ZEAT × année 2011-2020,2sls,IV : effet de la possession de smartphone (0→1),0.1547848138216805,0.1837747783227535,-0.2054071357988966,0.5149767634422577,0.3996464886132428,9,83,False,"re-normalisation de la forme réduite ; IC de Wald indicatif (p CRV1) ; intervalle d'Anderson-Rubin (inversion du test wild bootstrap de la forme réduite non pondérée, IV non pondérée +0.0986, grille [-2.0, 2.0]) : [-2.00, +2.00] (non borné sur la grille)",iv,,,,,,,,,,,,,,,,,,,,crv1,-2.0,2.0,0.0986354992080028
iv,IV,IV,log(naissances / 1 000 f. pooled),ZEAT × année 2011-2020,2sls,forme réduite (D3),0.0210499783319843,0.015285242780519,-0.0089085472490929,0.0510085039130617,0.1684677729035737,9,166,False,effets fixes zone_id^age_id + year^age_id ; pondéré par les femmes ; 9 grappes : p CRV1 seulement (wild bootstrap non calculé avec effets fixes interagis) = 0.168 (p CRV1 = 0.168),iv,,,,,,,,,,,,,,,,,,,0.1684677729035737,crv1,,,
iv,IV,IV,possession de smartphone pooled,ZEAT × année 2011-2020,2sls,premier étage (D3),0.0785460128030855,0.0649382652954647,-0.0487306493984746,0.2058226750046457,0.2264520041587214,9,166,False,t² CRV1 = 1.5 (non interprétable selon les seuils usuels à 9 grappes) ; 9 grappes : p CRV1 seulement (wild bootstrap non calculé avec effets fixes interagis) = 0.226,iv,,,,,,,,,,,,,,,,,,,,crv1,,,
iv,IV,IV,log(naissances / 1 000 f. pooled),ZEAT × année 2011-2020,2sls,IV : effet de la possession de smartphone (0→1),0.2679955045554837,0.2933215911214214,-0.3069042544652219,0.8428952635761894,0.3608967834703548,9,166,False,"re-normalisation de la forme réduite ; IC de Wald indicatif (p CRV1) ; intervalle d'Anderson-Rubin (inversion du test wild bootstrap de la forme réduite non pondérée, IV non pondérée +0.2052) : non calculé (effets fixes interagis)",iv,,,,,,,,,,,,,,,,,,,,crv1,,,0.2052026331268044
iv,IV,exclusion,taux d'emploi des femmes 25-54 (RP),"département × millésime RP 2011, 2016, 2021",twfe_continuous,d3,-0.0163770845552654,0.0044666134440205,-0.0251314860384082,-0.0076226830721226,0.000245839911951,96,288,False,"test partiel de la restriction d'exclusion : effets fixes département et année, D3 continu ; le RP ne donne pas 25-39 (A2)",exclusion,,,,,,,,,,,,,,,,,,,,,,,
iv,IV,exclusion,taux d'emploi des femmes 25-54 (RP),"département × millésime RP 2011, 2016, 2021",twfe_continuous,treated,-0.0030018832476543,0.0009544931775348,-0.0048726554991117,-0.0011311109961968,0.0016608551888648,96,288,False,test partiel de la restriction d'exclusion : indicatrice « bascule D3 ≥ 50 % atteinte au millésime »,exclusion,,,,,,,,,,,,,,,,,,,,,,,
